[2026-06-17T02:20:13.682+0000] {processor.py:186} INFO - Started process (PID=66) to work on /opt/airflow/dags/batch_generator.py
[2026-06-17T02:20:13.683+0000] {processor.py:914} INFO - Processing file /opt/airflow/dags/batch_generator.py for tasks to queue
[2026-06-17T02:20:13.685+0000] {logging_mixin.py:190} INFO - [2026-06-17T02:20:13.685+0000] {dagbag.py:588} INFO - Filling up the DagBag from /opt/airflow/dags/batch_generator.py
[2026-06-17T02:20:14.130+0000] {processor.py:925} INFO - DAG(s) 'extract_raw_data_pipeline' retrieved from /opt/airflow/dags/batch_generator.py
[2026-06-17T02:20:14.148+0000] {logging_mixin.py:190} INFO - [2026-06-17T02:20:14.148+0000] {dag.py:3239} INFO - Sync 1 DAGs
[2026-06-17T02:20:14.163+0000] {logging_mixin.py:190} INFO - [2026-06-17T02:20:14.162+0000] {dag.py:4180} INFO - Setting next_dagrun for extract_raw_data_pipeline to 2026-06-16 07:58:00+00:00, run_after=2026-06-16 07:59:00+00:00
[2026-06-17T02:20:14.176+0000] {processor.py:208} INFO - Processing /opt/airflow/dags/batch_generator.py took 0.497 seconds
[2026-06-17T02:20:44.442+0000] {processor.py:186} INFO - Started process (PID=74) to work on /opt/airflow/dags/batch_generator.py
[2026-06-17T02:20:44.443+0000] {processor.py:914} INFO - Processing file /opt/airflow/dags/batch_generator.py for tasks to queue
[2026-06-17T02:20:44.444+0000] {logging_mixin.py:190} INFO - [2026-06-17T02:20:44.444+0000] {dagbag.py:588} INFO - Filling up the DagBag from /opt/airflow/dags/batch_generator.py
[2026-06-17T02:20:44.629+0000] {processor.py:925} INFO - DAG(s) 'extract_raw_data_pipeline' retrieved from /opt/airflow/dags/batch_generator.py
[2026-06-17T02:20:44.642+0000] {logging_mixin.py:190} INFO - [2026-06-17T02:20:44.641+0000] {dag.py:3239} INFO - Sync 1 DAGs
[2026-06-17T02:20:44.653+0000] {logging_mixin.py:190} INFO - [2026-06-17T02:20:44.653+0000] {dag.py:4180} INFO - Setting next_dagrun for extract_raw_data_pipeline to 2026-06-16 07:58:00+00:00, run_after=2026-06-16 07:59:00+00:00
[2026-06-17T02:20:44.665+0000] {processor.py:208} INFO - Processing /opt/airflow/dags/batch_generator.py took 0.226 seconds
[2026-06-17T02:21:14.737+0000] {processor.py:186} INFO - Started process (PID=82) to work on /opt/airflow/dags/batch_generator.py
[2026-06-17T02:21:14.738+0000] {processor.py:914} INFO - Processing file /opt/airflow/dags/batch_generator.py for tasks to queue
[2026-06-17T02:21:14.739+0000] {logging_mixin.py:190} INFO - [2026-06-17T02:21:14.739+0000] {dagbag.py:588} INFO - Filling up the DagBag from /opt/airflow/dags/batch_generator.py
[2026-06-17T02:21:14.930+0000] {processor.py:925} INFO - DAG(s) 'extract_raw_data_pipeline' retrieved from /opt/airflow/dags/batch_generator.py
[2026-06-17T02:21:14.942+0000] {logging_mixin.py:190} INFO - [2026-06-17T02:21:14.942+0000] {dag.py:3239} INFO - Sync 1 DAGs
[2026-06-17T02:21:14.954+0000] {logging_mixin.py:190} INFO - [2026-06-17T02:21:14.954+0000] {dag.py:4180} INFO - Setting next_dagrun for extract_raw_data_pipeline to 2026-06-16 07:58:00+00:00, run_after=2026-06-16 07:59:00+00:00
[2026-06-17T02:21:14.965+0000] {processor.py:208} INFO - Processing /opt/airflow/dags/batch_generator.py took 0.231 seconds
[2026-06-17T02:21:45.156+0000] {processor.py:186} INFO - Started process (PID=90) to work on /opt/airflow/dags/batch_generator.py
[2026-06-17T02:21:45.157+0000] {processor.py:914} INFO - Processing file /opt/airflow/dags/batch_generator.py for tasks to queue
[2026-06-17T02:21:45.159+0000] {logging_mixin.py:190} INFO - [2026-06-17T02:21:45.159+0000] {dagbag.py:588} INFO - Filling up the DagBag from /opt/airflow/dags/batch_generator.py
[2026-06-17T02:21:45.334+0000] {processor.py:925} INFO - DAG(s) 'extract_raw_data_pipeline' retrieved from /opt/airflow/dags/batch_generator.py
[2026-06-17T02:21:45.348+0000] {logging_mixin.py:190} INFO - [2026-06-17T02:21:45.348+0000] {dag.py:3239} INFO - Sync 1 DAGs
[2026-06-17T02:21:45.360+0000] {logging_mixin.py:190} INFO - [2026-06-17T02:21:45.360+0000] {dag.py:4180} INFO - Setting next_dagrun for extract_raw_data_pipeline to 2026-06-16 07:58:00+00:00, run_after=2026-06-16 07:59:00+00:00
[2026-06-17T02:21:45.371+0000] {processor.py:208} INFO - Processing /opt/airflow/dags/batch_generator.py took 0.218 seconds
[2026-06-17T02:22:15.676+0000] {processor.py:186} INFO - Started process (PID=98) to work on /opt/airflow/dags/batch_generator.py
[2026-06-17T02:22:15.677+0000] {processor.py:914} INFO - Processing file /opt/airflow/dags/batch_generator.py for tasks to queue
[2026-06-17T02:22:15.679+0000] {logging_mixin.py:190} INFO - [2026-06-17T02:22:15.679+0000] {dagbag.py:588} INFO - Filling up the DagBag from /opt/airflow/dags/batch_generator.py
[2026-06-17T02:22:15.891+0000] {processor.py:925} INFO - DAG(s) 'extract_raw_data_pipeline' retrieved from /opt/airflow/dags/batch_generator.py
[2026-06-17T02:22:15.904+0000] {logging_mixin.py:190} INFO - [2026-06-17T02:22:15.904+0000] {dag.py:3239} INFO - Sync 1 DAGs
[2026-06-17T02:22:15.916+0000] {logging_mixin.py:190} INFO - [2026-06-17T02:22:15.916+0000] {dag.py:4180} INFO - Setting next_dagrun for extract_raw_data_pipeline to 2026-06-16 07:58:00+00:00, run_after=2026-06-16 07:59:00+00:00
[2026-06-17T02:22:15.928+0000] {processor.py:208} INFO - Processing /opt/airflow/dags/batch_generator.py took 0.256 seconds
[2026-06-17T02:22:46.145+0000] {processor.py:186} INFO - Started process (PID=106) to work on /opt/airflow/dags/batch_generator.py
[2026-06-17T02:22:46.146+0000] {processor.py:914} INFO - Processing file /opt/airflow/dags/batch_generator.py for tasks to queue
[2026-06-17T02:22:46.147+0000] {logging_mixin.py:190} INFO - [2026-06-17T02:22:46.147+0000] {dagbag.py:588} INFO - Filling up the DagBag from /opt/airflow/dags/batch_generator.py
[2026-06-17T02:22:46.342+0000] {processor.py:925} INFO - DAG(s) 'extract_raw_data_pipeline' retrieved from /opt/airflow/dags/batch_generator.py
[2026-06-17T02:22:46.355+0000] {logging_mixin.py:190} INFO - [2026-06-17T02:22:46.355+0000] {dag.py:3239} INFO - Sync 1 DAGs
[2026-06-17T02:22:46.367+0000] {logging_mixin.py:190} INFO - [2026-06-17T02:22:46.367+0000] {dag.py:4180} INFO - Setting next_dagrun for extract_raw_data_pipeline to 2026-06-16 07:58:00+00:00, run_after=2026-06-16 07:59:00+00:00
[2026-06-17T02:22:46.379+0000] {processor.py:208} INFO - Processing /opt/airflow/dags/batch_generator.py took 0.237 seconds
[2026-06-17T02:23:16.509+0000] {processor.py:186} INFO - Started process (PID=114) to work on /opt/airflow/dags/batch_generator.py
[2026-06-17T02:23:16.510+0000] {processor.py:914} INFO - Processing file /opt/airflow/dags/batch_generator.py for tasks to queue
[2026-06-17T02:23:16.511+0000] {logging_mixin.py:190} INFO - [2026-06-17T02:23:16.511+0000] {dagbag.py:588} INFO - Filling up the DagBag from /opt/airflow/dags/batch_generator.py
[2026-06-17T02:23:16.607+0000] {processor.py:925} INFO - DAG(s) 'extract_raw_data_pipeline' retrieved from /opt/airflow/dags/batch_generator.py
[2026-06-17T02:23:16.622+0000] {logging_mixin.py:190} INFO - [2026-06-17T02:23:16.622+0000] {dag.py:3239} INFO - Sync 1 DAGs
[2026-06-17T02:23:16.635+0000] {logging_mixin.py:190} INFO - [2026-06-17T02:23:16.635+0000] {dag.py:4180} INFO - Setting next_dagrun for extract_raw_data_pipeline to 2026-06-16 07:58:00+00:00, run_after=2026-06-16 07:59:00+00:00
[2026-06-17T02:23:16.647+0000] {processor.py:208} INFO - Processing /opt/airflow/dags/batch_generator.py took 0.143 seconds
[2026-06-17T02:23:46.842+0000] {processor.py:186} INFO - Started process (PID=122) to work on /opt/airflow/dags/batch_generator.py
[2026-06-17T02:23:46.843+0000] {processor.py:914} INFO - Processing file /opt/airflow/dags/batch_generator.py for tasks to queue
[2026-06-17T02:23:46.845+0000] {logging_mixin.py:190} INFO - [2026-06-17T02:23:46.844+0000] {dagbag.py:588} INFO - Filling up the DagBag from /opt/airflow/dags/batch_generator.py
[2026-06-17T02:23:46.937+0000] {processor.py:925} INFO - DAG(s) 'extract_raw_data_pipeline' retrieved from /opt/airflow/dags/batch_generator.py
[2026-06-17T02:23:46.951+0000] {logging_mixin.py:190} INFO - [2026-06-17T02:23:46.951+0000] {dag.py:3239} INFO - Sync 1 DAGs
[2026-06-17T02:23:46.964+0000] {logging_mixin.py:190} INFO - [2026-06-17T02:23:46.964+0000] {dag.py:4180} INFO - Setting next_dagrun for extract_raw_data_pipeline to 2026-06-16 07:58:00+00:00, run_after=2026-06-16 07:59:00+00:00
[2026-06-17T02:23:46.976+0000] {processor.py:208} INFO - Processing /opt/airflow/dags/batch_generator.py took 0.138 seconds
[2026-06-17T02:24:17.113+0000] {processor.py:186} INFO - Started process (PID=130) to work on /opt/airflow/dags/batch_generator.py
[2026-06-17T02:24:17.114+0000] {processor.py:914} INFO - Processing file /opt/airflow/dags/batch_generator.py for tasks to queue
[2026-06-17T02:24:17.115+0000] {logging_mixin.py:190} INFO - [2026-06-17T02:24:17.115+0000] {dagbag.py:588} INFO - Filling up the DagBag from /opt/airflow/dags/batch_generator.py
[2026-06-17T02:24:17.205+0000] {processor.py:925} INFO - DAG(s) 'extract_raw_data_pipeline' retrieved from /opt/airflow/dags/batch_generator.py
[2026-06-17T02:24:17.222+0000] {logging_mixin.py:190} INFO - [2026-06-17T02:24:17.222+0000] {dag.py:3239} INFO - Sync 1 DAGs
[2026-06-17T02:24:17.235+0000] {logging_mixin.py:190} INFO - [2026-06-17T02:24:17.235+0000] {dag.py:4180} INFO - Setting next_dagrun for extract_raw_data_pipeline to 2026-06-16 07:58:00+00:00, run_after=2026-06-16 07:59:00+00:00
[2026-06-17T02:24:17.248+0000] {processor.py:208} INFO - Processing /opt/airflow/dags/batch_generator.py took 0.138 seconds
[2026-06-17T02:24:47.483+0000] {processor.py:186} INFO - Started process (PID=138) to work on /opt/airflow/dags/batch_generator.py
[2026-06-17T02:24:47.484+0000] {processor.py:914} INFO - Processing file /opt/airflow/dags/batch_generator.py for tasks to queue
[2026-06-17T02:24:47.485+0000] {logging_mixin.py:190} INFO - [2026-06-17T02:24:47.485+0000] {dagbag.py:588} INFO - Filling up the DagBag from /opt/airflow/dags/batch_generator.py
[2026-06-17T02:24:47.578+0000] {processor.py:925} INFO - DAG(s) 'extract_raw_data_pipeline' retrieved from /opt/airflow/dags/batch_generator.py
[2026-06-17T02:24:47.596+0000] {logging_mixin.py:190} INFO - [2026-06-17T02:24:47.596+0000] {dag.py:3239} INFO - Sync 1 DAGs
[2026-06-17T02:24:47.610+0000] {logging_mixin.py:190} INFO - [2026-06-17T02:24:47.610+0000] {dag.py:4180} INFO - Setting next_dagrun for extract_raw_data_pipeline to 2026-06-16 07:58:00+00:00, run_after=2026-06-16 07:59:00+00:00
[2026-06-17T02:24:47.625+0000] {processor.py:208} INFO - Processing /opt/airflow/dags/batch_generator.py took 0.145 seconds
[2026-06-17T02:25:17.786+0000] {processor.py:186} INFO - Started process (PID=146) to work on /opt/airflow/dags/batch_generator.py
[2026-06-17T02:25:17.787+0000] {processor.py:914} INFO - Processing file /opt/airflow/dags/batch_generator.py for tasks to queue
[2026-06-17T02:25:17.788+0000] {logging_mixin.py:190} INFO - [2026-06-17T02:25:17.788+0000] {dagbag.py:588} INFO - Filling up the DagBag from /opt/airflow/dags/batch_generator.py
[2026-06-17T02:25:17.894+0000] {processor.py:925} INFO - DAG(s) 'extract_raw_data_pipeline' retrieved from /opt/airflow/dags/batch_generator.py
[2026-06-17T02:25:17.914+0000] {logging_mixin.py:190} INFO - [2026-06-17T02:25:17.914+0000] {dag.py:3239} INFO - Sync 1 DAGs
[2026-06-17T02:25:17.932+0000] {logging_mixin.py:190} INFO - [2026-06-17T02:25:17.932+0000] {dag.py:4180} INFO - Setting next_dagrun for extract_raw_data_pipeline to 2026-06-16 07:58:00+00:00, run_after=2026-06-16 07:59:00+00:00
[2026-06-17T02:25:17.948+0000] {processor.py:208} INFO - Processing /opt/airflow/dags/batch_generator.py took 0.166 seconds
[2026-06-17T02:25:48.054+0000] {processor.py:186} INFO - Started process (PID=154) to work on /opt/airflow/dags/batch_generator.py
[2026-06-17T02:25:48.055+0000] {processor.py:914} INFO - Processing file /opt/airflow/dags/batch_generator.py for tasks to queue
[2026-06-17T02:25:48.057+0000] {logging_mixin.py:190} INFO - [2026-06-17T02:25:48.057+0000] {dagbag.py:588} INFO - Filling up the DagBag from /opt/airflow/dags/batch_generator.py
[2026-06-17T02:25:48.159+0000] {processor.py:925} INFO - DAG(s) 'extract_raw_data_pipeline' retrieved from /opt/airflow/dags/batch_generator.py
[2026-06-17T02:25:48.177+0000] {logging_mixin.py:190} INFO - [2026-06-17T02:25:48.176+0000] {dag.py:3239} INFO - Sync 1 DAGs
[2026-06-17T02:25:48.192+0000] {logging_mixin.py:190} INFO - [2026-06-17T02:25:48.192+0000] {dag.py:4180} INFO - Setting next_dagrun for extract_raw_data_pipeline to 2026-06-16 07:58:00+00:00, run_after=2026-06-16 07:59:00+00:00
[2026-06-17T02:25:48.208+0000] {processor.py:208} INFO - Processing /opt/airflow/dags/batch_generator.py took 0.157 seconds
[2026-06-17T02:26:18.480+0000] {processor.py:186} INFO - Started process (PID=162) to work on /opt/airflow/dags/batch_generator.py
[2026-06-17T02:26:18.481+0000] {processor.py:914} INFO - Processing file /opt/airflow/dags/batch_generator.py for tasks to queue
[2026-06-17T02:26:18.482+0000] {logging_mixin.py:190} INFO - [2026-06-17T02:26:18.482+0000] {dagbag.py:588} INFO - Filling up the DagBag from /opt/airflow/dags/batch_generator.py
[2026-06-17T02:26:18.570+0000] {processor.py:925} INFO - DAG(s) 'extract_raw_data_pipeline' retrieved from /opt/airflow/dags/batch_generator.py
[2026-06-17T02:26:18.585+0000] {logging_mixin.py:190} INFO - [2026-06-17T02:26:18.585+0000] {dag.py:3239} INFO - Sync 1 DAGs
[2026-06-17T02:26:18.598+0000] {logging_mixin.py:190} INFO - [2026-06-17T02:26:18.598+0000] {dag.py:4180} INFO - Setting next_dagrun for extract_raw_data_pipeline to 2026-06-16 07:58:00+00:00, run_after=2026-06-16 07:59:00+00:00
[2026-06-17T02:26:18.611+0000] {processor.py:208} INFO - Processing /opt/airflow/dags/batch_generator.py took 0.134 seconds
[2026-06-17T02:26:48.804+0000] {processor.py:186} INFO - Started process (PID=170) to work on /opt/airflow/dags/batch_generator.py
[2026-06-17T02:26:48.805+0000] {processor.py:914} INFO - Processing file /opt/airflow/dags/batch_generator.py for tasks to queue
[2026-06-17T02:26:48.807+0000] {logging_mixin.py:190} INFO - [2026-06-17T02:26:48.806+0000] {dagbag.py:588} INFO - Filling up the DagBag from /opt/airflow/dags/batch_generator.py
[2026-06-17T02:26:48.904+0000] {processor.py:925} INFO - DAG(s) 'extract_raw_data_pipeline' retrieved from /opt/airflow/dags/batch_generator.py
[2026-06-17T02:26:48.924+0000] {logging_mixin.py:190} INFO - [2026-06-17T02:26:48.924+0000] {dag.py:3239} INFO - Sync 1 DAGs
[2026-06-17T02:26:48.940+0000] {logging_mixin.py:190} INFO - [2026-06-17T02:26:48.940+0000] {dag.py:4180} INFO - Setting next_dagrun for extract_raw_data_pipeline to 2026-06-16 07:58:00+00:00, run_after=2026-06-16 07:59:00+00:00
[2026-06-17T02:26:48.956+0000] {processor.py:208} INFO - Processing /opt/airflow/dags/batch_generator.py took 0.157 seconds
[2026-06-17T02:27:19.100+0000] {processor.py:186} INFO - Started process (PID=178) to work on /opt/airflow/dags/batch_generator.py
[2026-06-17T02:27:19.101+0000] {processor.py:914} INFO - Processing file /opt/airflow/dags/batch_generator.py for tasks to queue
[2026-06-17T02:27:19.102+0000] {logging_mixin.py:190} INFO - [2026-06-17T02:27:19.102+0000] {dagbag.py:588} INFO - Filling up the DagBag from /opt/airflow/dags/batch_generator.py
[2026-06-17T02:27:19.191+0000] {processor.py:925} INFO - DAG(s) 'extract_raw_data_pipeline' retrieved from /opt/airflow/dags/batch_generator.py
[2026-06-17T02:27:19.207+0000] {logging_mixin.py:190} INFO - [2026-06-17T02:27:19.207+0000] {dag.py:3239} INFO - Sync 1 DAGs
[2026-06-17T02:27:19.221+0000] {logging_mixin.py:190} INFO - [2026-06-17T02:27:19.221+0000] {dag.py:4180} INFO - Setting next_dagrun for extract_raw_data_pipeline to 2026-06-16 07:58:00+00:00, run_after=2026-06-16 07:59:00+00:00
[2026-06-17T02:27:19.234+0000] {processor.py:208} INFO - Processing /opt/airflow/dags/batch_generator.py took 0.138 seconds
[2026-06-17T02:27:49.420+0000] {processor.py:186} INFO - Started process (PID=192) to work on /opt/airflow/dags/batch_generator.py
[2026-06-17T02:27:49.421+0000] {processor.py:914} INFO - Processing file /opt/airflow/dags/batch_generator.py for tasks to queue
[2026-06-17T02:27:49.422+0000] {logging_mixin.py:190} INFO - [2026-06-17T02:27:49.422+0000] {dagbag.py:588} INFO - Filling up the DagBag from /opt/airflow/dags/batch_generator.py
[2026-06-17T02:27:49.516+0000] {processor.py:925} INFO - DAG(s) 'extract_raw_data_pipeline' retrieved from /opt/airflow/dags/batch_generator.py
[2026-06-17T02:27:49.533+0000] {logging_mixin.py:190} INFO - [2026-06-17T02:27:49.532+0000] {dag.py:3239} INFO - Sync 1 DAGs
[2026-06-17T02:27:49.547+0000] {logging_mixin.py:190} INFO - [2026-06-17T02:27:49.547+0000] {dag.py:4180} INFO - Setting next_dagrun for extract_raw_data_pipeline to 2026-06-16 07:58:00+00:00, run_after=2026-06-16 07:59:00+00:00
[2026-06-17T02:27:49.560+0000] {processor.py:208} INFO - Processing /opt/airflow/dags/batch_generator.py took 0.144 seconds
[2026-06-17T02:28:19.695+0000] {processor.py:186} INFO - Started process (PID=200) to work on /opt/airflow/dags/batch_generator.py
[2026-06-17T02:28:19.696+0000] {processor.py:914} INFO - Processing file /opt/airflow/dags/batch_generator.py for tasks to queue
[2026-06-17T02:28:19.698+0000] {logging_mixin.py:190} INFO - [2026-06-17T02:28:19.698+0000] {dagbag.py:588} INFO - Filling up the DagBag from /opt/airflow/dags/batch_generator.py
[2026-06-17T02:28:19.794+0000] {processor.py:925} INFO - DAG(s) 'extract_raw_data_pipeline' retrieved from /opt/airflow/dags/batch_generator.py
[2026-06-17T02:28:19.809+0000] {logging_mixin.py:190} INFO - [2026-06-17T02:28:19.809+0000] {dag.py:3239} INFO - Sync 1 DAGs
[2026-06-17T02:28:19.822+0000] {logging_mixin.py:190} INFO - [2026-06-17T02:28:19.822+0000] {dag.py:4180} INFO - Setting next_dagrun for extract_raw_data_pipeline to 2026-06-16 07:58:00+00:00, run_after=2026-06-16 07:59:00+00:00
[2026-06-17T02:28:19.834+0000] {processor.py:208} INFO - Processing /opt/airflow/dags/batch_generator.py took 0.142 seconds
[2026-06-17T02:28:49.991+0000] {processor.py:186} INFO - Started process (PID=208) to work on /opt/airflow/dags/batch_generator.py
[2026-06-17T02:28:49.992+0000] {processor.py:914} INFO - Processing file /opt/airflow/dags/batch_generator.py for tasks to queue
[2026-06-17T02:28:49.993+0000] {logging_mixin.py:190} INFO - [2026-06-17T02:28:49.993+0000] {dagbag.py:588} INFO - Filling up the DagBag from /opt/airflow/dags/batch_generator.py
[2026-06-17T02:28:50.094+0000] {processor.py:925} INFO - DAG(s) 'extract_raw_data_pipeline' retrieved from /opt/airflow/dags/batch_generator.py
[2026-06-17T02:28:50.113+0000] {logging_mixin.py:190} INFO - [2026-06-17T02:28:50.113+0000] {dag.py:3239} INFO - Sync 1 DAGs
[2026-06-17T02:28:50.129+0000] {logging_mixin.py:190} INFO - [2026-06-17T02:28:50.129+0000] {dag.py:4180} INFO - Setting next_dagrun for extract_raw_data_pipeline to 2026-06-16 07:58:00+00:00, run_after=2026-06-16 07:59:00+00:00
[2026-06-17T02:28:50.147+0000] {processor.py:208} INFO - Processing /opt/airflow/dags/batch_generator.py took 0.159 seconds
[2026-06-17T02:29:20.281+0000] {processor.py:186} INFO - Started process (PID=216) to work on /opt/airflow/dags/batch_generator.py
[2026-06-17T02:29:20.282+0000] {processor.py:914} INFO - Processing file /opt/airflow/dags/batch_generator.py for tasks to queue
[2026-06-17T02:29:20.283+0000] {logging_mixin.py:190} INFO - [2026-06-17T02:29:20.283+0000] {dagbag.py:588} INFO - Filling up the DagBag from /opt/airflow/dags/batch_generator.py
[2026-06-17T02:29:20.373+0000] {processor.py:925} INFO - DAG(s) 'extract_raw_data_pipeline' retrieved from /opt/airflow/dags/batch_generator.py
[2026-06-17T02:29:20.389+0000] {logging_mixin.py:190} INFO - [2026-06-17T02:29:20.389+0000] {dag.py:3239} INFO - Sync 1 DAGs
[2026-06-17T02:29:20.403+0000] {logging_mixin.py:190} INFO - [2026-06-17T02:29:20.402+0000] {dag.py:4180} INFO - Setting next_dagrun for extract_raw_data_pipeline to 2026-06-16 07:58:00+00:00, run_after=2026-06-16 07:59:00+00:00
[2026-06-17T02:29:20.416+0000] {processor.py:208} INFO - Processing /opt/airflow/dags/batch_generator.py took 0.138 seconds
[2026-06-17T02:29:50.594+0000] {processor.py:186} INFO - Started process (PID=224) to work on /opt/airflow/dags/batch_generator.py
[2026-06-17T02:29:50.594+0000] {processor.py:914} INFO - Processing file /opt/airflow/dags/batch_generator.py for tasks to queue
[2026-06-17T02:29:50.596+0000] {logging_mixin.py:190} INFO - [2026-06-17T02:29:50.596+0000] {dagbag.py:588} INFO - Filling up the DagBag from /opt/airflow/dags/batch_generator.py
[2026-06-17T02:29:50.685+0000] {processor.py:925} INFO - DAG(s) 'extract_raw_data_pipeline' retrieved from /opt/airflow/dags/batch_generator.py
[2026-06-17T02:29:50.702+0000] {logging_mixin.py:190} INFO - [2026-06-17T02:29:50.702+0000] {dag.py:3239} INFO - Sync 1 DAGs
[2026-06-17T02:29:50.716+0000] {logging_mixin.py:190} INFO - [2026-06-17T02:29:50.716+0000] {dag.py:4180} INFO - Setting next_dagrun for extract_raw_data_pipeline to 2026-06-16 07:58:00+00:00, run_after=2026-06-16 07:59:00+00:00
[2026-06-17T02:29:50.729+0000] {processor.py:208} INFO - Processing /opt/airflow/dags/batch_generator.py took 0.139 seconds
[2026-06-17T02:30:20.838+0000] {processor.py:186} INFO - Started process (PID=232) to work on /opt/airflow/dags/batch_generator.py
[2026-06-17T02:30:20.839+0000] {processor.py:914} INFO - Processing file /opt/airflow/dags/batch_generator.py for tasks to queue
[2026-06-17T02:30:20.840+0000] {logging_mixin.py:190} INFO - [2026-06-17T02:30:20.840+0000] {dagbag.py:588} INFO - Filling up the DagBag from /opt/airflow/dags/batch_generator.py
[2026-06-17T02:30:20.932+0000] {processor.py:925} INFO - DAG(s) 'extract_raw_data_pipeline' retrieved from /opt/airflow/dags/batch_generator.py
[2026-06-17T02:30:20.947+0000] {logging_mixin.py:190} INFO - [2026-06-17T02:30:20.947+0000] {dag.py:3239} INFO - Sync 1 DAGs
[2026-06-17T02:30:20.961+0000] {logging_mixin.py:190} INFO - [2026-06-17T02:30:20.961+0000] {dag.py:4180} INFO - Setting next_dagrun for extract_raw_data_pipeline to 2026-06-16 07:58:00+00:00, run_after=2026-06-16 07:59:00+00:00
[2026-06-17T02:30:20.974+0000] {processor.py:208} INFO - Processing /opt/airflow/dags/batch_generator.py took 0.139 seconds
[2026-06-17T02:30:51.186+0000] {processor.py:186} INFO - Started process (PID=240) to work on /opt/airflow/dags/batch_generator.py
[2026-06-17T02:30:51.187+0000] {processor.py:914} INFO - Processing file /opt/airflow/dags/batch_generator.py for tasks to queue
[2026-06-17T02:30:51.188+0000] {logging_mixin.py:190} INFO - [2026-06-17T02:30:51.188+0000] {dagbag.py:588} INFO - Filling up the DagBag from /opt/airflow/dags/batch_generator.py
[2026-06-17T02:30:51.565+0000] {processor.py:925} INFO - DAG(s) 'extract_raw_data_pipeline' retrieved from /opt/airflow/dags/batch_generator.py
[2026-06-17T02:30:51.590+0000] {logging_mixin.py:190} INFO - [2026-06-17T02:30:51.590+0000] {dag.py:3239} INFO - Sync 1 DAGs
[2026-06-17T02:30:51.604+0000] {logging_mixin.py:190} INFO - [2026-06-17T02:30:51.604+0000] {dag.py:4180} INFO - Setting next_dagrun for extract_raw_data_pipeline to 2026-06-16 07:58:00+00:00, run_after=2026-06-16 07:59:00+00:00
[2026-06-17T02:30:51.619+0000] {processor.py:208} INFO - Processing /opt/airflow/dags/batch_generator.py took 0.437 seconds
[2026-06-17T02:31:21.918+0000] {processor.py:186} INFO - Started process (PID=248) to work on /opt/airflow/dags/batch_generator.py
[2026-06-17T02:31:21.918+0000] {processor.py:914} INFO - Processing file /opt/airflow/dags/batch_generator.py for tasks to queue
[2026-06-17T02:31:21.920+0000] {logging_mixin.py:190} INFO - [2026-06-17T02:31:21.920+0000] {dagbag.py:588} INFO - Filling up the DagBag from /opt/airflow/dags/batch_generator.py
[2026-06-17T02:31:22.008+0000] {processor.py:925} INFO - DAG(s) 'extract_raw_data_pipeline' retrieved from /opt/airflow/dags/batch_generator.py
[2026-06-17T02:31:22.025+0000] {logging_mixin.py:190} INFO - [2026-06-17T02:31:22.025+0000] {dag.py:3239} INFO - Sync 1 DAGs
[2026-06-17T02:31:22.038+0000] {logging_mixin.py:190} INFO - [2026-06-17T02:31:22.038+0000] {dag.py:4180} INFO - Setting next_dagrun for extract_raw_data_pipeline to 2026-06-16 07:58:00+00:00, run_after=2026-06-16 07:59:00+00:00
[2026-06-17T02:31:22.052+0000] {processor.py:208} INFO - Processing /opt/airflow/dags/batch_generator.py took 0.139 seconds
[2026-06-17T02:31:52.190+0000] {processor.py:186} INFO - Started process (PID=256) to work on /opt/airflow/dags/batch_generator.py
[2026-06-17T02:31:52.191+0000] {processor.py:914} INFO - Processing file /opt/airflow/dags/batch_generator.py for tasks to queue
[2026-06-17T02:31:52.194+0000] {logging_mixin.py:190} INFO - [2026-06-17T02:31:52.193+0000] {dagbag.py:588} INFO - Filling up the DagBag from /opt/airflow/dags/batch_generator.py
[2026-06-17T02:31:52.291+0000] {processor.py:925} INFO - DAG(s) 'extract_raw_data_pipeline' retrieved from /opt/airflow/dags/batch_generator.py
[2026-06-17T02:31:52.306+0000] {logging_mixin.py:190} INFO - [2026-06-17T02:31:52.306+0000] {dag.py:3239} INFO - Sync 1 DAGs
[2026-06-17T02:31:52.320+0000] {logging_mixin.py:190} INFO - [2026-06-17T02:31:52.319+0000] {dag.py:4180} INFO - Setting next_dagrun for extract_raw_data_pipeline to 2026-06-16 07:58:00+00:00, run_after=2026-06-16 07:59:00+00:00
[2026-06-17T02:31:52.334+0000] {processor.py:208} INFO - Processing /opt/airflow/dags/batch_generator.py took 0.148 seconds
[2026-06-17T02:32:22.607+0000] {processor.py:186} INFO - Started process (PID=264) to work on /opt/airflow/dags/batch_generator.py
[2026-06-17T02:32:22.607+0000] {processor.py:914} INFO - Processing file /opt/airflow/dags/batch_generator.py for tasks to queue
[2026-06-17T02:32:22.609+0000] {logging_mixin.py:190} INFO - [2026-06-17T02:32:22.609+0000] {dagbag.py:588} INFO - Filling up the DagBag from /opt/airflow/dags/batch_generator.py
[2026-06-17T02:32:22.710+0000] {processor.py:925} INFO - DAG(s) 'extract_raw_data_pipeline' retrieved from /opt/airflow/dags/batch_generator.py
[2026-06-17T02:32:22.727+0000] {logging_mixin.py:190} INFO - [2026-06-17T02:32:22.727+0000] {dag.py:3239} INFO - Sync 1 DAGs
[2026-06-17T02:32:22.740+0000] {logging_mixin.py:190} INFO - [2026-06-17T02:32:22.740+0000] {dag.py:4180} INFO - Setting next_dagrun for extract_raw_data_pipeline to 2026-06-16 07:58:00+00:00, run_after=2026-06-16 07:59:00+00:00
[2026-06-17T02:32:22.754+0000] {processor.py:208} INFO - Processing /opt/airflow/dags/batch_generator.py took 0.150 seconds
[2026-06-17T02:32:52.893+0000] {processor.py:186} INFO - Started process (PID=272) to work on /opt/airflow/dags/batch_generator.py
[2026-06-17T02:32:52.893+0000] {processor.py:914} INFO - Processing file /opt/airflow/dags/batch_generator.py for tasks to queue
[2026-06-17T02:32:52.895+0000] {logging_mixin.py:190} INFO - [2026-06-17T02:32:52.895+0000] {dagbag.py:588} INFO - Filling up the DagBag from /opt/airflow/dags/batch_generator.py
[2026-06-17T02:32:52.991+0000] {processor.py:925} INFO - DAG(s) 'extract_raw_data_pipeline' retrieved from /opt/airflow/dags/batch_generator.py
[2026-06-17T02:32:53.008+0000] {logging_mixin.py:190} INFO - [2026-06-17T02:32:53.008+0000] {dag.py:3239} INFO - Sync 1 DAGs
[2026-06-17T02:32:53.022+0000] {logging_mixin.py:190} INFO - [2026-06-17T02:32:53.022+0000] {dag.py:4180} INFO - Setting next_dagrun for extract_raw_data_pipeline to 2026-06-16 07:58:00+00:00, run_after=2026-06-16 07:59:00+00:00
[2026-06-17T02:32:53.040+0000] {processor.py:208} INFO - Processing /opt/airflow/dags/batch_generator.py took 0.151 seconds
[2026-06-17T02:33:23.315+0000] {processor.py:186} INFO - Started process (PID=280) to work on /opt/airflow/dags/batch_generator.py
[2026-06-17T02:33:23.316+0000] {processor.py:914} INFO - Processing file /opt/airflow/dags/batch_generator.py for tasks to queue
[2026-06-17T02:33:23.318+0000] {logging_mixin.py:190} INFO - [2026-06-17T02:33:23.318+0000] {dagbag.py:588} INFO - Filling up the DagBag from /opt/airflow/dags/batch_generator.py
[2026-06-17T02:33:23.405+0000] {processor.py:925} INFO - DAG(s) 'extract_raw_data_pipeline' retrieved from /opt/airflow/dags/batch_generator.py
[2026-06-17T02:33:23.420+0000] {logging_mixin.py:190} INFO - [2026-06-17T02:33:23.420+0000] {dag.py:3239} INFO - Sync 1 DAGs
[2026-06-17T02:33:23.434+0000] {logging_mixin.py:190} INFO - [2026-06-17T02:33:23.434+0000] {dag.py:4180} INFO - Setting next_dagrun for extract_raw_data_pipeline to 2026-06-16 07:58:00+00:00, run_after=2026-06-16 07:59:00+00:00
[2026-06-17T02:33:23.447+0000] {processor.py:208} INFO - Processing /opt/airflow/dags/batch_generator.py took 0.136 seconds
[2026-06-17T02:33:53.624+0000] {processor.py:186} INFO - Started process (PID=287) to work on /opt/airflow/dags/batch_generator.py
[2026-06-17T02:33:53.625+0000] {processor.py:914} INFO - Processing file /opt/airflow/dags/batch_generator.py for tasks to queue
[2026-06-17T02:33:53.628+0000] {logging_mixin.py:190} INFO - [2026-06-17T02:33:53.627+0000] {dagbag.py:588} INFO - Filling up the DagBag from /opt/airflow/dags/batch_generator.py
[2026-06-17T02:33:53.738+0000] {processor.py:925} INFO - DAG(s) 'extract_raw_data_pipeline' retrieved from /opt/airflow/dags/batch_generator.py
[2026-06-17T02:33:53.758+0000] {logging_mixin.py:190} INFO - [2026-06-17T02:33:53.758+0000] {dag.py:3239} INFO - Sync 1 DAGs
[2026-06-17T02:33:53.772+0000] {logging_mixin.py:190} INFO - [2026-06-17T02:33:53.772+0000] {dag.py:4180} INFO - Setting next_dagrun for extract_raw_data_pipeline to 2026-06-16 07:58:00+00:00, run_after=2026-06-16 07:59:00+00:00
[2026-06-17T02:33:53.787+0000] {processor.py:208} INFO - Processing /opt/airflow/dags/batch_generator.py took 0.169 seconds
[2026-06-17T02:34:24.086+0000] {processor.py:186} INFO - Started process (PID=295) to work on /opt/airflow/dags/batch_generator.py
[2026-06-17T02:34:24.087+0000] {processor.py:914} INFO - Processing file /opt/airflow/dags/batch_generator.py for tasks to queue
[2026-06-17T02:34:24.089+0000] {logging_mixin.py:190} INFO - [2026-06-17T02:34:24.088+0000] {dagbag.py:588} INFO - Filling up the DagBag from /opt/airflow/dags/batch_generator.py
[2026-06-17T02:34:24.170+0000] {processor.py:925} INFO - DAG(s) 'extract_raw_data_pipeline' retrieved from /opt/airflow/dags/batch_generator.py
[2026-06-17T02:34:24.184+0000] {logging_mixin.py:190} INFO - [2026-06-17T02:34:24.184+0000] {dag.py:3239} INFO - Sync 1 DAGs
[2026-06-17T02:34:24.196+0000] {logging_mixin.py:190} INFO - [2026-06-17T02:34:24.196+0000] {dag.py:4180} INFO - Setting next_dagrun for extract_raw_data_pipeline to 2026-06-16 07:58:00+00:00, run_after=2026-06-16 07:59:00+00:00
[2026-06-17T02:34:24.208+0000] {processor.py:208} INFO - Processing /opt/airflow/dags/batch_generator.py took 0.126 seconds
[2026-06-17T02:34:54.386+0000] {processor.py:186} INFO - Started process (PID=303) to work on /opt/airflow/dags/batch_generator.py
[2026-06-17T02:34:54.387+0000] {processor.py:914} INFO - Processing file /opt/airflow/dags/batch_generator.py for tasks to queue
[2026-06-17T02:34:54.388+0000] {logging_mixin.py:190} INFO - [2026-06-17T02:34:54.388+0000] {dagbag.py:588} INFO - Filling up the DagBag from /opt/airflow/dags/batch_generator.py
[2026-06-17T02:34:54.476+0000] {processor.py:925} INFO - DAG(s) 'extract_raw_data_pipeline' retrieved from /opt/airflow/dags/batch_generator.py
[2026-06-17T02:34:54.491+0000] {logging_mixin.py:190} INFO - [2026-06-17T02:34:54.491+0000] {dag.py:3239} INFO - Sync 1 DAGs
[2026-06-17T02:34:54.504+0000] {logging_mixin.py:190} INFO - [2026-06-17T02:34:54.504+0000] {dag.py:4180} INFO - Setting next_dagrun for extract_raw_data_pipeline to 2026-06-16 07:58:00+00:00, run_after=2026-06-16 07:59:00+00:00
[2026-06-17T02:34:54.520+0000] {processor.py:208} INFO - Processing /opt/airflow/dags/batch_generator.py took 0.138 seconds
[2026-06-17T02:35:24.703+0000] {processor.py:186} INFO - Started process (PID=311) to work on /opt/airflow/dags/batch_generator.py
[2026-06-17T02:35:24.704+0000] {processor.py:914} INFO - Processing file /opt/airflow/dags/batch_generator.py for tasks to queue
[2026-06-17T02:35:24.706+0000] {logging_mixin.py:190} INFO - [2026-06-17T02:35:24.706+0000] {dagbag.py:588} INFO - Filling up the DagBag from /opt/airflow/dags/batch_generator.py
[2026-06-17T02:35:24.804+0000] {processor.py:925} INFO - DAG(s) 'extract_raw_data_pipeline' retrieved from /opt/airflow/dags/batch_generator.py
[2026-06-17T02:35:24.819+0000] {logging_mixin.py:190} INFO - [2026-06-17T02:35:24.819+0000] {dag.py:3239} INFO - Sync 1 DAGs
[2026-06-17T02:35:24.835+0000] {logging_mixin.py:190} INFO - [2026-06-17T02:35:24.835+0000] {dag.py:4180} INFO - Setting next_dagrun for extract_raw_data_pipeline to 2026-06-16 07:58:00+00:00, run_after=2026-06-16 07:59:00+00:00
[2026-06-17T02:35:24.848+0000] {processor.py:208} INFO - Processing /opt/airflow/dags/batch_generator.py took 0.149 seconds
[2026-06-17T02:35:54.982+0000] {processor.py:186} INFO - Started process (PID=319) to work on /opt/airflow/dags/batch_generator.py
[2026-06-17T02:35:54.983+0000] {processor.py:914} INFO - Processing file /opt/airflow/dags/batch_generator.py for tasks to queue
[2026-06-17T02:35:54.984+0000] {logging_mixin.py:190} INFO - [2026-06-17T02:35:54.984+0000] {dagbag.py:588} INFO - Filling up the DagBag from /opt/airflow/dags/batch_generator.py
[2026-06-17T02:35:55.075+0000] {processor.py:925} INFO - DAG(s) 'extract_raw_data_pipeline' retrieved from /opt/airflow/dags/batch_generator.py
[2026-06-17T02:35:55.091+0000] {logging_mixin.py:190} INFO - [2026-06-17T02:35:55.091+0000] {dag.py:3239} INFO - Sync 1 DAGs
[2026-06-17T02:35:55.104+0000] {logging_mixin.py:190} INFO - [2026-06-17T02:35:55.104+0000] {dag.py:4180} INFO - Setting next_dagrun for extract_raw_data_pipeline to 2026-06-16 07:58:00+00:00, run_after=2026-06-16 07:59:00+00:00
[2026-06-17T02:35:55.121+0000] {processor.py:208} INFO - Processing /opt/airflow/dags/batch_generator.py took 0.142 seconds
[2026-06-17T02:36:25.316+0000] {processor.py:186} INFO - Started process (PID=327) to work on /opt/airflow/dags/batch_generator.py
[2026-06-17T02:36:25.317+0000] {processor.py:914} INFO - Processing file /opt/airflow/dags/batch_generator.py for tasks to queue
[2026-06-17T02:36:25.318+0000] {logging_mixin.py:190} INFO - [2026-06-17T02:36:25.318+0000] {dagbag.py:588} INFO - Filling up the DagBag from /opt/airflow/dags/batch_generator.py
[2026-06-17T02:36:25.678+0000] {processor.py:925} INFO - DAG(s) 'extract_raw_data_pipeline' retrieved from /opt/airflow/dags/batch_generator.py
[2026-06-17T02:36:25.698+0000] {logging_mixin.py:190} INFO - [2026-06-17T02:36:25.698+0000] {dag.py:3239} INFO - Sync 1 DAGs
[2026-06-17T02:36:25.709+0000] {logging_mixin.py:190} INFO - [2026-06-17T02:36:25.709+0000] {dag.py:4180} INFO - Setting next_dagrun for extract_raw_data_pipeline to 2026-06-16 07:58:00+00:00, run_after=2026-06-16 07:59:00+00:00
[2026-06-17T02:36:25.722+0000] {processor.py:208} INFO - Processing /opt/airflow/dags/batch_generator.py took 0.410 seconds
[2026-06-17T02:36:55.973+0000] {processor.py:186} INFO - Started process (PID=335) to work on /opt/airflow/dags/batch_generator.py
[2026-06-17T02:36:55.973+0000] {processor.py:914} INFO - Processing file /opt/airflow/dags/batch_generator.py for tasks to queue
[2026-06-17T02:36:55.975+0000] {logging_mixin.py:190} INFO - [2026-06-17T02:36:55.975+0000] {dagbag.py:588} INFO - Filling up the DagBag from /opt/airflow/dags/batch_generator.py
[2026-06-17T02:36:56.059+0000] {processor.py:925} INFO - DAG(s) 'extract_raw_data_pipeline' retrieved from /opt/airflow/dags/batch_generator.py
[2026-06-17T02:36:56.074+0000] {logging_mixin.py:190} INFO - [2026-06-17T02:36:56.074+0000] {dag.py:3239} INFO - Sync 1 DAGs
[2026-06-17T02:36:56.087+0000] {logging_mixin.py:190} INFO - [2026-06-17T02:36:56.087+0000] {dag.py:4180} INFO - Setting next_dagrun for extract_raw_data_pipeline to 2026-06-16 07:58:00+00:00, run_after=2026-06-16 07:59:00+00:00
[2026-06-17T02:36:56.100+0000] {processor.py:208} INFO - Processing /opt/airflow/dags/batch_generator.py took 0.131 seconds
[2026-06-17T02:37:26.236+0000] {processor.py:186} INFO - Started process (PID=343) to work on /opt/airflow/dags/batch_generator.py
[2026-06-17T02:37:26.237+0000] {processor.py:914} INFO - Processing file /opt/airflow/dags/batch_generator.py for tasks to queue
[2026-06-17T02:37:26.239+0000] {logging_mixin.py:190} INFO - [2026-06-17T02:37:26.239+0000] {dagbag.py:588} INFO - Filling up the DagBag from /opt/airflow/dags/batch_generator.py
[2026-06-17T02:37:26.327+0000] {processor.py:925} INFO - DAG(s) 'extract_raw_data_pipeline' retrieved from /opt/airflow/dags/batch_generator.py
[2026-06-17T02:37:26.344+0000] {logging_mixin.py:190} INFO - [2026-06-17T02:37:26.343+0000] {dag.py:3239} INFO - Sync 1 DAGs
[2026-06-17T02:37:26.358+0000] {logging_mixin.py:190} INFO - [2026-06-17T02:37:26.357+0000] {dag.py:4180} INFO - Setting next_dagrun for extract_raw_data_pipeline to 2026-06-16 07:58:00+00:00, run_after=2026-06-16 07:59:00+00:00
[2026-06-17T02:37:26.371+0000] {processor.py:208} INFO - Processing /opt/airflow/dags/batch_generator.py took 0.138 seconds
[2026-06-17T02:37:56.505+0000] {processor.py:186} INFO - Started process (PID=351) to work on /opt/airflow/dags/batch_generator.py
[2026-06-17T02:37:56.505+0000] {processor.py:914} INFO - Processing file /opt/airflow/dags/batch_generator.py for tasks to queue
[2026-06-17T02:37:56.507+0000] {logging_mixin.py:190} INFO - [2026-06-17T02:37:56.507+0000] {dagbag.py:588} INFO - Filling up the DagBag from /opt/airflow/dags/batch_generator.py
[2026-06-17T02:37:56.602+0000] {processor.py:925} INFO - DAG(s) 'extract_raw_data_pipeline' retrieved from /opt/airflow/dags/batch_generator.py
[2026-06-17T02:37:56.619+0000] {logging_mixin.py:190} INFO - [2026-06-17T02:37:56.619+0000] {dag.py:3239} INFO - Sync 1 DAGs
[2026-06-17T02:37:56.633+0000] {logging_mixin.py:190} INFO - [2026-06-17T02:37:56.632+0000] {dag.py:4180} INFO - Setting next_dagrun for extract_raw_data_pipeline to 2026-06-16 07:58:00+00:00, run_after=2026-06-16 07:59:00+00:00
[2026-06-17T02:37:56.647+0000] {processor.py:208} INFO - Processing /opt/airflow/dags/batch_generator.py took 0.146 seconds
[2026-06-17T02:38:26.930+0000] {processor.py:186} INFO - Started process (PID=359) to work on /opt/airflow/dags/batch_generator.py
[2026-06-17T02:38:26.931+0000] {processor.py:914} INFO - Processing file /opt/airflow/dags/batch_generator.py for tasks to queue
[2026-06-17T02:38:26.932+0000] {logging_mixin.py:190} INFO - [2026-06-17T02:38:26.932+0000] {dagbag.py:588} INFO - Filling up the DagBag from /opt/airflow/dags/batch_generator.py
[2026-06-17T02:38:27.018+0000] {processor.py:925} INFO - DAG(s) 'extract_raw_data_pipeline' retrieved from /opt/airflow/dags/batch_generator.py
[2026-06-17T02:38:27.033+0000] {logging_mixin.py:190} INFO - [2026-06-17T02:38:27.033+0000] {dag.py:3239} INFO - Sync 1 DAGs
[2026-06-17T02:38:27.046+0000] {logging_mixin.py:190} INFO - [2026-06-17T02:38:27.046+0000] {dag.py:4180} INFO - Setting next_dagrun for extract_raw_data_pipeline to 2026-06-16 07:58:00+00:00, run_after=2026-06-16 07:59:00+00:00
[2026-06-17T02:38:27.059+0000] {processor.py:208} INFO - Processing /opt/airflow/dags/batch_generator.py took 0.132 seconds
[2026-06-17T02:38:57.268+0000] {processor.py:186} INFO - Started process (PID=367) to work on /opt/airflow/dags/batch_generator.py
[2026-06-17T02:38:57.269+0000] {processor.py:914} INFO - Processing file /opt/airflow/dags/batch_generator.py for tasks to queue
[2026-06-17T02:38:57.272+0000] {logging_mixin.py:190} INFO - [2026-06-17T02:38:57.271+0000] {dagbag.py:588} INFO - Filling up the DagBag from /opt/airflow/dags/batch_generator.py
[2026-06-17T02:38:57.373+0000] {processor.py:925} INFO - DAG(s) 'extract_raw_data_pipeline' retrieved from /opt/airflow/dags/batch_generator.py
[2026-06-17T02:38:57.389+0000] {logging_mixin.py:190} INFO - [2026-06-17T02:38:57.389+0000] {dag.py:3239} INFO - Sync 1 DAGs
[2026-06-17T02:38:57.402+0000] {logging_mixin.py:190} INFO - [2026-06-17T02:38:57.402+0000] {dag.py:4180} INFO - Setting next_dagrun for extract_raw_data_pipeline to 2026-06-16 07:58:00+00:00, run_after=2026-06-16 07:59:00+00:00
[2026-06-17T02:38:57.416+0000] {processor.py:208} INFO - Processing /opt/airflow/dags/batch_generator.py took 0.152 seconds
[2026-06-17T02:39:27.692+0000] {processor.py:186} INFO - Started process (PID=375) to work on /opt/airflow/dags/batch_generator.py
[2026-06-17T02:39:27.693+0000] {processor.py:914} INFO - Processing file /opt/airflow/dags/batch_generator.py for tasks to queue
[2026-06-17T02:39:27.695+0000] {logging_mixin.py:190} INFO - [2026-06-17T02:39:27.694+0000] {dagbag.py:588} INFO - Filling up the DagBag from /opt/airflow/dags/batch_generator.py
[2026-06-17T02:39:27.781+0000] {processor.py:925} INFO - DAG(s) 'extract_raw_data_pipeline' retrieved from /opt/airflow/dags/batch_generator.py
[2026-06-17T02:39:27.797+0000] {logging_mixin.py:190} INFO - [2026-06-17T02:39:27.797+0000] {dag.py:3239} INFO - Sync 1 DAGs
[2026-06-17T02:39:27.811+0000] {logging_mixin.py:190} INFO - [2026-06-17T02:39:27.811+0000] {dag.py:4180} INFO - Setting next_dagrun for extract_raw_data_pipeline to 2026-06-16 07:58:00+00:00, run_after=2026-06-16 07:59:00+00:00
[2026-06-17T02:39:27.826+0000] {processor.py:208} INFO - Processing /opt/airflow/dags/batch_generator.py took 0.138 seconds
[2026-06-17T02:39:57.953+0000] {processor.py:186} INFO - Started process (PID=383) to work on /opt/airflow/dags/batch_generator.py
[2026-06-17T02:39:57.954+0000] {processor.py:914} INFO - Processing file /opt/airflow/dags/batch_generator.py for tasks to queue
[2026-06-17T02:39:57.955+0000] {logging_mixin.py:190} INFO - [2026-06-17T02:39:57.955+0000] {dagbag.py:588} INFO - Filling up the DagBag from /opt/airflow/dags/batch_generator.py
[2026-06-17T02:39:58.129+0000] {processor.py:925} INFO - DAG(s) 'extract_raw_data_pipeline' retrieved from /opt/airflow/dags/batch_generator.py
[2026-06-17T02:39:58.145+0000] {logging_mixin.py:190} INFO - [2026-06-17T02:39:58.145+0000] {dag.py:3239} INFO - Sync 1 DAGs
[2026-06-17T02:39:58.159+0000] {logging_mixin.py:190} INFO - [2026-06-17T02:39:58.159+0000] {dag.py:4180} INFO - Setting next_dagrun for extract_raw_data_pipeline to 2026-06-16 07:58:00+00:00, run_after=2026-06-16 07:59:00+00:00
[2026-06-17T02:39:58.172+0000] {processor.py:208} INFO - Processing /opt/airflow/dags/batch_generator.py took 0.223 seconds
[2026-06-17T02:40:28.405+0000] {processor.py:186} INFO - Started process (PID=391) to work on /opt/airflow/dags/batch_generator.py
[2026-06-17T02:40:28.405+0000] {processor.py:914} INFO - Processing file /opt/airflow/dags/batch_generator.py for tasks to queue
[2026-06-17T02:40:28.407+0000] {logging_mixin.py:190} INFO - [2026-06-17T02:40:28.407+0000] {dagbag.py:588} INFO - Filling up the DagBag from /opt/airflow/dags/batch_generator.py
[2026-06-17T02:40:28.498+0000] {processor.py:925} INFO - DAG(s) 'extract_raw_data_pipeline' retrieved from /opt/airflow/dags/batch_generator.py
[2026-06-17T02:40:28.515+0000] {logging_mixin.py:190} INFO - [2026-06-17T02:40:28.514+0000] {dag.py:3239} INFO - Sync 1 DAGs
[2026-06-17T02:40:28.528+0000] {logging_mixin.py:190} INFO - [2026-06-17T02:40:28.528+0000] {dag.py:4180} INFO - Setting next_dagrun for extract_raw_data_pipeline to 2026-06-16 07:58:00+00:00, run_after=2026-06-16 07:59:00+00:00
[2026-06-17T02:40:28.541+0000] {processor.py:208} INFO - Processing /opt/airflow/dags/batch_generator.py took 0.140 seconds
[2026-06-17T02:40:58.729+0000] {processor.py:186} INFO - Started process (PID=398) to work on /opt/airflow/dags/batch_generator.py
[2026-06-17T02:40:58.730+0000] {processor.py:914} INFO - Processing file /opt/airflow/dags/batch_generator.py for tasks to queue
[2026-06-17T02:40:58.732+0000] {logging_mixin.py:190} INFO - [2026-06-17T02:40:58.731+0000] {dagbag.py:588} INFO - Filling up the DagBag from /opt/airflow/dags/batch_generator.py
[2026-06-17T02:40:58.830+0000] {processor.py:925} INFO - DAG(s) 'extract_raw_data_pipeline' retrieved from /opt/airflow/dags/batch_generator.py
[2026-06-17T02:40:58.846+0000] {logging_mixin.py:190} INFO - [2026-06-17T02:40:58.846+0000] {dag.py:3239} INFO - Sync 1 DAGs
[2026-06-17T02:40:58.860+0000] {logging_mixin.py:190} INFO - [2026-06-17T02:40:58.860+0000] {dag.py:4180} INFO - Setting next_dagrun for extract_raw_data_pipeline to 2026-06-16 07:58:00+00:00, run_after=2026-06-16 07:59:00+00:00
[2026-06-17T02:40:58.874+0000] {processor.py:208} INFO - Processing /opt/airflow/dags/batch_generator.py took 0.149 seconds
[2026-06-17T02:41:29.122+0000] {processor.py:186} INFO - Started process (PID=410) to work on /opt/airflow/dags/batch_generator.py
[2026-06-17T02:41:29.123+0000] {processor.py:914} INFO - Processing file /opt/airflow/dags/batch_generator.py for tasks to queue
[2026-06-17T02:41:29.125+0000] {logging_mixin.py:190} INFO - [2026-06-17T02:41:29.124+0000] {dagbag.py:588} INFO - Filling up the DagBag from /opt/airflow/dags/batch_generator.py
[2026-06-17T02:41:29.206+0000] {processor.py:925} INFO - DAG(s) 'extract_raw_data_pipeline' retrieved from /opt/airflow/dags/batch_generator.py
[2026-06-17T02:41:29.220+0000] {logging_mixin.py:190} INFO - [2026-06-17T02:41:29.220+0000] {dag.py:3239} INFO - Sync 1 DAGs
[2026-06-17T02:41:29.234+0000] {logging_mixin.py:190} INFO - [2026-06-17T02:41:29.234+0000] {dag.py:4180} INFO - Setting next_dagrun for extract_raw_data_pipeline to 2026-06-16 07:59:00+00:00, run_after=2026-06-17 07:00:00+00:00
[2026-06-17T02:41:29.247+0000] {processor.py:208} INFO - Processing /opt/airflow/dags/batch_generator.py took 0.128 seconds
[2026-06-17T02:41:59.373+0000] {processor.py:186} INFO - Started process (PID=422) to work on /opt/airflow/dags/batch_generator.py
[2026-06-17T02:41:59.374+0000] {processor.py:914} INFO - Processing file /opt/airflow/dags/batch_generator.py for tasks to queue
[2026-06-17T02:41:59.376+0000] {logging_mixin.py:190} INFO - [2026-06-17T02:41:59.375+0000] {dagbag.py:588} INFO - Filling up the DagBag from /opt/airflow/dags/batch_generator.py
[2026-06-17T02:41:59.478+0000] {processor.py:925} INFO - DAG(s) 'extract_raw_data_pipeline' retrieved from /opt/airflow/dags/batch_generator.py
[2026-06-17T02:41:59.495+0000] {logging_mixin.py:190} INFO - [2026-06-17T02:41:59.495+0000] {dag.py:3239} INFO - Sync 1 DAGs
[2026-06-17T02:41:59.511+0000] {logging_mixin.py:190} INFO - [2026-06-17T02:41:59.510+0000] {dag.py:4180} INFO - Setting next_dagrun for extract_raw_data_pipeline to 2026-06-16 07:59:00+00:00, run_after=2026-06-17 07:00:00+00:00
[2026-06-17T02:41:59.524+0000] {processor.py:208} INFO - Processing /opt/airflow/dags/batch_generator.py took 0.155 seconds
[2026-06-17T02:42:29.734+0000] {processor.py:186} INFO - Started process (PID=430) to work on /opt/airflow/dags/batch_generator.py
[2026-06-17T02:42:29.735+0000] {processor.py:914} INFO - Processing file /opt/airflow/dags/batch_generator.py for tasks to queue
[2026-06-17T02:42:29.736+0000] {logging_mixin.py:190} INFO - [2026-06-17T02:42:29.736+0000] {dagbag.py:588} INFO - Filling up the DagBag from /opt/airflow/dags/batch_generator.py
[2026-06-17T02:42:30.004+0000] {processor.py:925} INFO - DAG(s) 'extract_raw_data_pipeline' retrieved from /opt/airflow/dags/batch_generator.py
[2026-06-17T02:42:30.024+0000] {logging_mixin.py:190} INFO - [2026-06-17T02:42:30.023+0000] {dag.py:3239} INFO - Sync 1 DAGs
[2026-06-17T02:42:30.036+0000] {logging_mixin.py:190} INFO - [2026-06-17T02:42:30.036+0000] {dag.py:4180} INFO - Setting next_dagrun for extract_raw_data_pipeline to 2026-06-16 07:59:00+00:00, run_after=2026-06-17 07:00:00+00:00
[2026-06-17T02:42:30.048+0000] {processor.py:208} INFO - Processing /opt/airflow/dags/batch_generator.py took 0.318 seconds
[2026-06-17T02:43:00.125+0000] {processor.py:186} INFO - Started process (PID=438) to work on /opt/airflow/dags/batch_generator.py
[2026-06-17T02:43:00.126+0000] {processor.py:914} INFO - Processing file /opt/airflow/dags/batch_generator.py for tasks to queue
[2026-06-17T02:43:00.128+0000] {logging_mixin.py:190} INFO - [2026-06-17T02:43:00.127+0000] {dagbag.py:588} INFO - Filling up the DagBag from /opt/airflow/dags/batch_generator.py
[2026-06-17T02:43:00.210+0000] {processor.py:925} INFO - DAG(s) 'extract_raw_data_pipeline' retrieved from /opt/airflow/dags/batch_generator.py
[2026-06-17T02:43:00.226+0000] {logging_mixin.py:190} INFO - [2026-06-17T02:43:00.225+0000] {dag.py:3239} INFO - Sync 1 DAGs
[2026-06-17T02:43:00.238+0000] {logging_mixin.py:190} INFO - [2026-06-17T02:43:00.238+0000] {dag.py:4180} INFO - Setting next_dagrun for extract_raw_data_pipeline to 2026-06-16 07:59:00+00:00, run_after=2026-06-17 07:00:00+00:00
[2026-06-17T02:43:00.253+0000] {processor.py:208} INFO - Processing /opt/airflow/dags/batch_generator.py took 0.131 seconds
[2026-06-17T02:43:30.368+0000] {processor.py:186} INFO - Started process (PID=446) to work on /opt/airflow/dags/batch_generator.py
[2026-06-17T02:43:30.369+0000] {processor.py:914} INFO - Processing file /opt/airflow/dags/batch_generator.py for tasks to queue
[2026-06-17T02:43:30.371+0000] {logging_mixin.py:190} INFO - [2026-06-17T02:43:30.370+0000] {dagbag.py:588} INFO - Filling up the DagBag from /opt/airflow/dags/batch_generator.py
[2026-06-17T02:43:30.455+0000] {processor.py:925} INFO - DAG(s) 'extract_raw_data_pipeline' retrieved from /opt/airflow/dags/batch_generator.py
[2026-06-17T02:43:30.470+0000] {logging_mixin.py:190} INFO - [2026-06-17T02:43:30.469+0000] {dag.py:3239} INFO - Sync 1 DAGs
[2026-06-17T02:43:30.485+0000] {logging_mixin.py:190} INFO - [2026-06-17T02:43:30.484+0000] {dag.py:4180} INFO - Setting next_dagrun for extract_raw_data_pipeline to 2026-06-16 07:59:00+00:00, run_after=2026-06-17 07:00:00+00:00
[2026-06-17T02:43:30.498+0000] {processor.py:208} INFO - Processing /opt/airflow/dags/batch_generator.py took 0.133 seconds
[2026-06-17T02:44:00.784+0000] {processor.py:186} INFO - Started process (PID=454) to work on /opt/airflow/dags/batch_generator.py
[2026-06-17T02:44:00.785+0000] {processor.py:914} INFO - Processing file /opt/airflow/dags/batch_generator.py for tasks to queue
[2026-06-17T02:44:00.786+0000] {logging_mixin.py:190} INFO - [2026-06-17T02:44:00.786+0000] {dagbag.py:588} INFO - Filling up the DagBag from /opt/airflow/dags/batch_generator.py
[2026-06-17T02:44:00.867+0000] {processor.py:925} INFO - DAG(s) 'extract_raw_data_pipeline' retrieved from /opt/airflow/dags/batch_generator.py
[2026-06-17T02:44:00.881+0000] {logging_mixin.py:190} INFO - [2026-06-17T02:44:00.881+0000] {dag.py:3239} INFO - Sync 1 DAGs
[2026-06-17T02:44:00.895+0000] {logging_mixin.py:190} INFO - [2026-06-17T02:44:00.895+0000] {dag.py:4180} INFO - Setting next_dagrun for extract_raw_data_pipeline to 2026-06-16 07:59:00+00:00, run_after=2026-06-17 07:00:00+00:00
[2026-06-17T02:44:00.908+0000] {processor.py:208} INFO - Processing /opt/airflow/dags/batch_generator.py took 0.127 seconds
[2026-06-17T02:44:31.013+0000] {processor.py:186} INFO - Started process (PID=462) to work on /opt/airflow/dags/batch_generator.py
[2026-06-17T02:44:31.014+0000] {processor.py:914} INFO - Processing file /opt/airflow/dags/batch_generator.py for tasks to queue
[2026-06-17T02:44:31.015+0000] {logging_mixin.py:190} INFO - [2026-06-17T02:44:31.015+0000] {dagbag.py:588} INFO - Filling up the DagBag from /opt/airflow/dags/batch_generator.py
[2026-06-17T02:44:31.102+0000] {processor.py:925} INFO - DAG(s) 'extract_raw_data_pipeline' retrieved from /opt/airflow/dags/batch_generator.py
[2026-06-17T02:44:31.117+0000] {logging_mixin.py:190} INFO - [2026-06-17T02:44:31.117+0000] {dag.py:3239} INFO - Sync 1 DAGs
[2026-06-17T02:44:31.131+0000] {logging_mixin.py:190} INFO - [2026-06-17T02:44:31.131+0000] {dag.py:4180} INFO - Setting next_dagrun for extract_raw_data_pipeline to 2026-06-16 07:59:00+00:00, run_after=2026-06-17 07:00:00+00:00
[2026-06-17T02:44:31.144+0000] {processor.py:208} INFO - Processing /opt/airflow/dags/batch_generator.py took 0.135 seconds
[2026-06-17T02:45:01.334+0000] {processor.py:186} INFO - Started process (PID=470) to work on /opt/airflow/dags/batch_generator.py
[2026-06-17T02:45:01.335+0000] {processor.py:914} INFO - Processing file /opt/airflow/dags/batch_generator.py for tasks to queue
[2026-06-17T02:45:01.337+0000] {logging_mixin.py:190} INFO - [2026-06-17T02:45:01.337+0000] {dagbag.py:588} INFO - Filling up the DagBag from /opt/airflow/dags/batch_generator.py
[2026-06-17T02:45:01.429+0000] {processor.py:925} INFO - DAG(s) 'extract_raw_data_pipeline' retrieved from /opt/airflow/dags/batch_generator.py
[2026-06-17T02:45:01.445+0000] {logging_mixin.py:190} INFO - [2026-06-17T02:45:01.445+0000] {dag.py:3239} INFO - Sync 1 DAGs
[2026-06-17T02:45:01.460+0000] {logging_mixin.py:190} INFO - [2026-06-17T02:45:01.460+0000] {dag.py:4180} INFO - Setting next_dagrun for extract_raw_data_pipeline to 2026-06-16 07:59:00+00:00, run_after=2026-06-17 07:00:00+00:00
[2026-06-17T02:45:01.477+0000] {processor.py:208} INFO - Processing /opt/airflow/dags/batch_generator.py took 0.145 seconds
[2026-06-17T02:45:31.792+0000] {processor.py:186} INFO - Started process (PID=478) to work on /opt/airflow/dags/batch_generator.py
[2026-06-17T02:45:31.793+0000] {processor.py:914} INFO - Processing file /opt/airflow/dags/batch_generator.py for tasks to queue
[2026-06-17T02:45:31.795+0000] {logging_mixin.py:190} INFO - [2026-06-17T02:45:31.794+0000] {dagbag.py:588} INFO - Filling up the DagBag from /opt/airflow/dags/batch_generator.py
[2026-06-17T02:45:31.878+0000] {processor.py:925} INFO - DAG(s) 'extract_raw_data_pipeline' retrieved from /opt/airflow/dags/batch_generator.py
[2026-06-17T02:45:31.892+0000] {logging_mixin.py:190} INFO - [2026-06-17T02:45:31.892+0000] {dag.py:3239} INFO - Sync 1 DAGs
[2026-06-17T02:45:31.910+0000] {logging_mixin.py:190} INFO - [2026-06-17T02:45:31.909+0000] {dag.py:4180} INFO - Setting next_dagrun for extract_raw_data_pipeline to 2026-06-16 07:59:00+00:00, run_after=2026-06-17 07:00:00+00:00
[2026-06-17T02:45:31.924+0000] {processor.py:208} INFO - Processing /opt/airflow/dags/batch_generator.py took 0.135 seconds
[2026-06-17T02:46:02.071+0000] {processor.py:186} INFO - Started process (PID=486) to work on /opt/airflow/dags/batch_generator.py
[2026-06-17T02:46:02.072+0000] {processor.py:914} INFO - Processing file /opt/airflow/dags/batch_generator.py for tasks to queue
[2026-06-17T02:46:02.074+0000] {logging_mixin.py:190} INFO - [2026-06-17T02:46:02.073+0000] {dagbag.py:588} INFO - Filling up the DagBag from /opt/airflow/dags/batch_generator.py
[2026-06-17T02:46:02.168+0000] {processor.py:925} INFO - DAG(s) 'extract_raw_data_pipeline' retrieved from /opt/airflow/dags/batch_generator.py
[2026-06-17T02:46:02.183+0000] {logging_mixin.py:190} INFO - [2026-06-17T02:46:02.182+0000] {dag.py:3239} INFO - Sync 1 DAGs
[2026-06-17T02:46:02.195+0000] {logging_mixin.py:190} INFO - [2026-06-17T02:46:02.195+0000] {dag.py:4180} INFO - Setting next_dagrun for extract_raw_data_pipeline to 2026-06-16 07:59:00+00:00, run_after=2026-06-17 07:00:00+00:00
[2026-06-17T02:46:02.207+0000] {processor.py:208} INFO - Processing /opt/airflow/dags/batch_generator.py took 0.141 seconds
[2026-06-17T02:46:32.431+0000] {processor.py:186} INFO - Started process (PID=494) to work on /opt/airflow/dags/batch_generator.py
[2026-06-17T02:46:32.432+0000] {processor.py:914} INFO - Processing file /opt/airflow/dags/batch_generator.py for tasks to queue
[2026-06-17T02:46:32.434+0000] {logging_mixin.py:190} INFO - [2026-06-17T02:46:32.434+0000] {dagbag.py:588} INFO - Filling up the DagBag from /opt/airflow/dags/batch_generator.py
[2026-06-17T02:46:32.526+0000] {processor.py:925} INFO - DAG(s) 'extract_raw_data_pipeline' retrieved from /opt/airflow/dags/batch_generator.py
[2026-06-17T02:46:32.542+0000] {logging_mixin.py:190} INFO - [2026-06-17T02:46:32.541+0000] {dag.py:3239} INFO - Sync 1 DAGs
[2026-06-17T02:46:32.556+0000] {logging_mixin.py:190} INFO - [2026-06-17T02:46:32.556+0000] {dag.py:4180} INFO - Setting next_dagrun for extract_raw_data_pipeline to 2026-06-16 07:59:00+00:00, run_after=2026-06-17 07:00:00+00:00
[2026-06-17T02:46:32.569+0000] {processor.py:208} INFO - Processing /opt/airflow/dags/batch_generator.py took 0.143 seconds
[2026-06-17T02:47:02.728+0000] {processor.py:186} INFO - Started process (PID=502) to work on /opt/airflow/dags/batch_generator.py
[2026-06-17T02:47:02.729+0000] {processor.py:914} INFO - Processing file /opt/airflow/dags/batch_generator.py for tasks to queue
[2026-06-17T02:47:02.730+0000] {logging_mixin.py:190} INFO - [2026-06-17T02:47:02.730+0000] {dagbag.py:588} INFO - Filling up the DagBag from /opt/airflow/dags/batch_generator.py
[2026-06-17T02:47:02.839+0000] {processor.py:925} INFO - DAG(s) 'extract_raw_data_pipeline' retrieved from /opt/airflow/dags/batch_generator.py
[2026-06-17T02:47:02.860+0000] {logging_mixin.py:190} INFO - [2026-06-17T02:47:02.860+0000] {dag.py:3239} INFO - Sync 1 DAGs
[2026-06-17T02:47:02.876+0000] {logging_mixin.py:190} INFO - [2026-06-17T02:47:02.876+0000] {dag.py:4180} INFO - Setting next_dagrun for extract_raw_data_pipeline to 2026-06-16 07:59:00+00:00, run_after=2026-06-17 07:00:00+00:00
[2026-06-17T02:47:02.893+0000] {processor.py:208} INFO - Processing /opt/airflow/dags/batch_generator.py took 0.169 seconds
[2026-06-17T02:47:33.014+0000] {processor.py:186} INFO - Started process (PID=510) to work on /opt/airflow/dags/batch_generator.py
[2026-06-17T02:47:33.015+0000] {processor.py:914} INFO - Processing file /opt/airflow/dags/batch_generator.py for tasks to queue
[2026-06-17T02:47:33.016+0000] {logging_mixin.py:190} INFO - [2026-06-17T02:47:33.016+0000] {dagbag.py:588} INFO - Filling up the DagBag from /opt/airflow/dags/batch_generator.py
[2026-06-17T02:47:33.106+0000] {processor.py:925} INFO - DAG(s) 'extract_raw_data_pipeline' retrieved from /opt/airflow/dags/batch_generator.py
[2026-06-17T02:47:33.120+0000] {logging_mixin.py:190} INFO - [2026-06-17T02:47:33.119+0000] {dag.py:3239} INFO - Sync 1 DAGs
[2026-06-17T02:47:33.132+0000] {logging_mixin.py:190} INFO - [2026-06-17T02:47:33.132+0000] {dag.py:4180} INFO - Setting next_dagrun for extract_raw_data_pipeline to 2026-06-16 07:59:00+00:00, run_after=2026-06-17 07:00:00+00:00
[2026-06-17T02:47:33.145+0000] {processor.py:208} INFO - Processing /opt/airflow/dags/batch_generator.py took 0.135 seconds
[2026-06-17T02:48:03.342+0000] {processor.py:186} INFO - Started process (PID=518) to work on /opt/airflow/dags/batch_generator.py
[2026-06-17T02:48:03.345+0000] {processor.py:914} INFO - Processing file /opt/airflow/dags/batch_generator.py for tasks to queue
[2026-06-17T02:48:03.348+0000] {logging_mixin.py:190} INFO - [2026-06-17T02:48:03.348+0000] {dagbag.py:588} INFO - Filling up the DagBag from /opt/airflow/dags/batch_generator.py
[2026-06-17T02:48:03.461+0000] {processor.py:925} INFO - DAG(s) 'extract_raw_data_pipeline' retrieved from /opt/airflow/dags/batch_generator.py
[2026-06-17T02:48:03.480+0000] {logging_mixin.py:190} INFO - [2026-06-17T02:48:03.480+0000] {dag.py:3239} INFO - Sync 1 DAGs
[2026-06-17T02:48:03.496+0000] {logging_mixin.py:190} INFO - [2026-06-17T02:48:03.495+0000] {dag.py:4180} INFO - Setting next_dagrun for extract_raw_data_pipeline to 2026-06-16 07:59:00+00:00, run_after=2026-06-17 07:00:00+00:00
[2026-06-17T02:48:03.510+0000] {processor.py:208} INFO - Processing /opt/airflow/dags/batch_generator.py took 0.175 seconds
[2026-06-17T02:48:33.573+0000] {processor.py:186} INFO - Started process (PID=526) to work on /opt/airflow/dags/batch_generator.py
[2026-06-17T02:48:33.574+0000] {processor.py:914} INFO - Processing file /opt/airflow/dags/batch_generator.py for tasks to queue
[2026-06-17T02:48:33.576+0000] {logging_mixin.py:190} INFO - [2026-06-17T02:48:33.575+0000] {dagbag.py:588} INFO - Filling up the DagBag from /opt/airflow/dags/batch_generator.py
[2026-06-17T02:48:33.668+0000] {processor.py:925} INFO - DAG(s) 'extract_raw_data_pipeline' retrieved from /opt/airflow/dags/batch_generator.py
[2026-06-17T02:48:33.683+0000] {logging_mixin.py:190} INFO - [2026-06-17T02:48:33.683+0000] {dag.py:3239} INFO - Sync 1 DAGs
[2026-06-17T02:48:33.696+0000] {logging_mixin.py:190} INFO - [2026-06-17T02:48:33.696+0000] {dag.py:4180} INFO - Setting next_dagrun for extract_raw_data_pipeline to 2026-06-16 07:59:00+00:00, run_after=2026-06-17 07:00:00+00:00
[2026-06-17T02:48:33.708+0000] {processor.py:208} INFO - Processing /opt/airflow/dags/batch_generator.py took 0.139 seconds
[2026-06-17T02:49:04.013+0000] {processor.py:186} INFO - Started process (PID=534) to work on /opt/airflow/dags/batch_generator.py
[2026-06-17T02:49:04.014+0000] {processor.py:914} INFO - Processing file /opt/airflow/dags/batch_generator.py for tasks to queue
[2026-06-17T02:49:04.016+0000] {logging_mixin.py:190} INFO - [2026-06-17T02:49:04.016+0000] {dagbag.py:588} INFO - Filling up the DagBag from /opt/airflow/dags/batch_generator.py
[2026-06-17T02:49:04.119+0000] {processor.py:925} INFO - DAG(s) 'extract_raw_data_pipeline' retrieved from /opt/airflow/dags/batch_generator.py
[2026-06-17T02:49:04.133+0000] {logging_mixin.py:190} INFO - [2026-06-17T02:49:04.133+0000] {dag.py:3239} INFO - Sync 1 DAGs
[2026-06-17T02:49:04.146+0000] {logging_mixin.py:190} INFO - [2026-06-17T02:49:04.146+0000] {dag.py:4180} INFO - Setting next_dagrun for extract_raw_data_pipeline to 2026-06-16 07:59:00+00:00, run_after=2026-06-17 07:00:00+00:00
[2026-06-17T02:49:04.159+0000] {processor.py:208} INFO - Processing /opt/airflow/dags/batch_generator.py took 0.149 seconds
[2026-06-17T02:49:34.307+0000] {processor.py:186} INFO - Started process (PID=542) to work on /opt/airflow/dags/batch_generator.py
[2026-06-17T02:49:34.308+0000] {processor.py:914} INFO - Processing file /opt/airflow/dags/batch_generator.py for tasks to queue
[2026-06-17T02:49:34.309+0000] {logging_mixin.py:190} INFO - [2026-06-17T02:49:34.309+0000] {dagbag.py:588} INFO - Filling up the DagBag from /opt/airflow/dags/batch_generator.py
[2026-06-17T02:49:34.415+0000] {processor.py:925} INFO - DAG(s) 'extract_raw_data_pipeline' retrieved from /opt/airflow/dags/batch_generator.py
[2026-06-17T02:49:34.434+0000] {logging_mixin.py:190} INFO - [2026-06-17T02:49:34.434+0000] {dag.py:3239} INFO - Sync 1 DAGs
[2026-06-17T02:49:34.452+0000] {logging_mixin.py:190} INFO - [2026-06-17T02:49:34.452+0000] {dag.py:4180} INFO - Setting next_dagrun for extract_raw_data_pipeline to 2026-06-16 07:59:00+00:00, run_after=2026-06-17 07:00:00+00:00
[2026-06-17T02:49:34.466+0000] {processor.py:208} INFO - Processing /opt/airflow/dags/batch_generator.py took 0.163 seconds
[2026-06-17T02:50:04.619+0000] {processor.py:186} INFO - Started process (PID=550) to work on /opt/airflow/dags/batch_generator.py
[2026-06-17T02:50:04.620+0000] {processor.py:914} INFO - Processing file /opt/airflow/dags/batch_generator.py for tasks to queue
[2026-06-17T02:50:04.622+0000] {logging_mixin.py:190} INFO - [2026-06-17T02:50:04.622+0000] {dagbag.py:588} INFO - Filling up the DagBag from /opt/airflow/dags/batch_generator.py
[2026-06-17T02:50:04.733+0000] {processor.py:925} INFO - DAG(s) 'extract_raw_data_pipeline' retrieved from /opt/airflow/dags/batch_generator.py
[2026-06-17T02:50:04.751+0000] {logging_mixin.py:190} INFO - [2026-06-17T02:50:04.751+0000] {dag.py:3239} INFO - Sync 1 DAGs
[2026-06-17T02:50:04.769+0000] {logging_mixin.py:190} INFO - [2026-06-17T02:50:04.769+0000] {dag.py:4180} INFO - Setting next_dagrun for extract_raw_data_pipeline to 2026-06-16 07:59:00+00:00, run_after=2026-06-17 07:00:00+00:00
[2026-06-17T02:50:04.783+0000] {processor.py:208} INFO - Processing /opt/airflow/dags/batch_generator.py took 0.169 seconds
[2026-06-17T02:50:34.969+0000] {processor.py:186} INFO - Started process (PID=558) to work on /opt/airflow/dags/batch_generator.py
[2026-06-17T02:50:34.970+0000] {processor.py:914} INFO - Processing file /opt/airflow/dags/batch_generator.py for tasks to queue
[2026-06-17T02:50:34.972+0000] {logging_mixin.py:190} INFO - [2026-06-17T02:50:34.971+0000] {dagbag.py:588} INFO - Filling up the DagBag from /opt/airflow/dags/batch_generator.py
[2026-06-17T02:50:35.063+0000] {processor.py:925} INFO - DAG(s) 'extract_raw_data_pipeline' retrieved from /opt/airflow/dags/batch_generator.py
[2026-06-17T02:50:35.078+0000] {logging_mixin.py:190} INFO - [2026-06-17T02:50:35.078+0000] {dag.py:3239} INFO - Sync 1 DAGs
[2026-06-17T02:50:35.092+0000] {logging_mixin.py:190} INFO - [2026-06-17T02:50:35.091+0000] {dag.py:4180} INFO - Setting next_dagrun for extract_raw_data_pipeline to 2026-06-16 07:59:00+00:00, run_after=2026-06-17 07:00:00+00:00
[2026-06-17T02:50:35.104+0000] {processor.py:208} INFO - Processing /opt/airflow/dags/batch_generator.py took 0.138 seconds
[2026-06-17T02:51:05.216+0000] {processor.py:186} INFO - Started process (PID=566) to work on /opt/airflow/dags/batch_generator.py
[2026-06-17T02:51:05.217+0000] {processor.py:914} INFO - Processing file /opt/airflow/dags/batch_generator.py for tasks to queue
[2026-06-17T02:51:05.218+0000] {logging_mixin.py:190} INFO - [2026-06-17T02:51:05.218+0000] {dagbag.py:588} INFO - Filling up the DagBag from /opt/airflow/dags/batch_generator.py
[2026-06-17T02:51:05.312+0000] {processor.py:925} INFO - DAG(s) 'extract_raw_data_pipeline' retrieved from /opt/airflow/dags/batch_generator.py
[2026-06-17T02:51:05.327+0000] {logging_mixin.py:190} INFO - [2026-06-17T02:51:05.327+0000] {dag.py:3239} INFO - Sync 1 DAGs
[2026-06-17T02:51:05.340+0000] {logging_mixin.py:190} INFO - [2026-06-17T02:51:05.340+0000] {dag.py:4180} INFO - Setting next_dagrun for extract_raw_data_pipeline to 2026-06-16 07:59:00+00:00, run_after=2026-06-17 07:00:00+00:00
[2026-06-17T02:51:05.353+0000] {processor.py:208} INFO - Processing /opt/airflow/dags/batch_generator.py took 0.140 seconds
[2026-06-17T02:51:35.560+0000] {processor.py:186} INFO - Started process (PID=574) to work on /opt/airflow/dags/batch_generator.py
[2026-06-17T02:51:35.561+0000] {processor.py:914} INFO - Processing file /opt/airflow/dags/batch_generator.py for tasks to queue
[2026-06-17T02:51:35.562+0000] {logging_mixin.py:190} INFO - [2026-06-17T02:51:35.562+0000] {dagbag.py:588} INFO - Filling up the DagBag from /opt/airflow/dags/batch_generator.py
[2026-06-17T02:51:35.838+0000] {processor.py:925} INFO - DAG(s) 'extract_raw_data_pipeline' retrieved from /opt/airflow/dags/batch_generator.py
[2026-06-17T02:51:35.858+0000] {logging_mixin.py:190} INFO - [2026-06-17T02:51:35.858+0000] {dag.py:3239} INFO - Sync 1 DAGs
[2026-06-17T02:51:35.873+0000] {logging_mixin.py:190} INFO - [2026-06-17T02:51:35.873+0000] {dag.py:4180} INFO - Setting next_dagrun for extract_raw_data_pipeline to 2026-06-16 07:59:00+00:00, run_after=2026-06-17 07:00:00+00:00
[2026-06-17T02:51:35.889+0000] {processor.py:208} INFO - Processing /opt/airflow/dags/batch_generator.py took 0.333 seconds
[2026-06-17T02:52:06.178+0000] {processor.py:186} INFO - Started process (PID=582) to work on /opt/airflow/dags/batch_generator.py
[2026-06-17T02:52:06.179+0000] {processor.py:914} INFO - Processing file /opt/airflow/dags/batch_generator.py for tasks to queue
[2026-06-17T02:52:06.181+0000] {logging_mixin.py:190} INFO - [2026-06-17T02:52:06.180+0000] {dagbag.py:588} INFO - Filling up the DagBag from /opt/airflow/dags/batch_generator.py
[2026-06-17T02:52:06.263+0000] {processor.py:925} INFO - DAG(s) 'extract_raw_data_pipeline' retrieved from /opt/airflow/dags/batch_generator.py
[2026-06-17T02:52:06.278+0000] {logging_mixin.py:190} INFO - [2026-06-17T02:52:06.278+0000] {dag.py:3239} INFO - Sync 1 DAGs
[2026-06-17T02:52:06.292+0000] {logging_mixin.py:190} INFO - [2026-06-17T02:52:06.291+0000] {dag.py:4180} INFO - Setting next_dagrun for extract_raw_data_pipeline to 2026-06-16 07:59:00+00:00, run_after=2026-06-17 07:00:00+00:00
[2026-06-17T02:52:06.303+0000] {processor.py:208} INFO - Processing /opt/airflow/dags/batch_generator.py took 0.128 seconds
[2026-06-17T02:52:36.443+0000] {processor.py:186} INFO - Started process (PID=590) to work on /opt/airflow/dags/batch_generator.py
[2026-06-17T02:52:36.444+0000] {processor.py:914} INFO - Processing file /opt/airflow/dags/batch_generator.py for tasks to queue
[2026-06-17T02:52:36.445+0000] {logging_mixin.py:190} INFO - [2026-06-17T02:52:36.445+0000] {dagbag.py:588} INFO - Filling up the DagBag from /opt/airflow/dags/batch_generator.py
[2026-06-17T02:52:36.544+0000] {processor.py:925} INFO - DAG(s) 'extract_raw_data_pipeline' retrieved from /opt/airflow/dags/batch_generator.py
[2026-06-17T02:52:36.558+0000] {logging_mixin.py:190} INFO - [2026-06-17T02:52:36.558+0000] {dag.py:3239} INFO - Sync 1 DAGs
[2026-06-17T02:52:36.572+0000] {logging_mixin.py:190} INFO - [2026-06-17T02:52:36.572+0000] {dag.py:4180} INFO - Setting next_dagrun for extract_raw_data_pipeline to 2026-06-16 07:59:00+00:00, run_after=2026-06-17 07:00:00+00:00
[2026-06-17T02:52:36.584+0000] {processor.py:208} INFO - Processing /opt/airflow/dags/batch_generator.py took 0.145 seconds
[2026-06-17T02:53:06.833+0000] {processor.py:186} INFO - Started process (PID=598) to work on /opt/airflow/dags/batch_generator.py
[2026-06-17T02:53:06.834+0000] {processor.py:914} INFO - Processing file /opt/airflow/dags/batch_generator.py for tasks to queue
[2026-06-17T02:53:06.835+0000] {logging_mixin.py:190} INFO - [2026-06-17T02:53:06.835+0000] {dagbag.py:588} INFO - Filling up the DagBag from /opt/airflow/dags/batch_generator.py
[2026-06-17T02:53:06.925+0000] {processor.py:925} INFO - DAG(s) 'extract_raw_data_pipeline' retrieved from /opt/airflow/dags/batch_generator.py
[2026-06-17T02:53:06.941+0000] {logging_mixin.py:190} INFO - [2026-06-17T02:53:06.940+0000] {dag.py:3239} INFO - Sync 1 DAGs
[2026-06-17T02:53:06.955+0000] {logging_mixin.py:190} INFO - [2026-06-17T02:53:06.954+0000] {dag.py:4180} INFO - Setting next_dagrun for extract_raw_data_pipeline to 2026-06-16 07:59:00+00:00, run_after=2026-06-17 07:00:00+00:00
[2026-06-17T02:53:06.967+0000] {processor.py:208} INFO - Processing /opt/airflow/dags/batch_generator.py took 0.138 seconds
[2026-06-17T02:53:27.062+0000] {processor.py:186} INFO - Started process (PID=606) to work on /opt/airflow/dags/batch_generator.py
[2026-06-17T02:53:27.063+0000] {processor.py:914} INFO - Processing file /opt/airflow/dags/batch_generator.py for tasks to queue
[2026-06-17T02:53:27.065+0000] {logging_mixin.py:190} INFO - [2026-06-17T02:53:27.065+0000] {dagbag.py:588} INFO - Filling up the DagBag from /opt/airflow/dags/batch_generator.py
[2026-06-17T02:53:27.160+0000] {processor.py:925} INFO - DAG(s) 'extract_raw_data_pipeline' retrieved from /opt/airflow/dags/batch_generator.py
[2026-06-17T02:53:27.370+0000] {logging_mixin.py:190} INFO - [2026-06-17T02:53:27.370+0000] {dag.py:3239} INFO - Sync 1 DAGs
[2026-06-17T02:53:27.388+0000] {logging_mixin.py:190} INFO - [2026-06-17T02:53:27.388+0000] {dag.py:4180} INFO - Setting next_dagrun for extract_raw_data_pipeline to 2026-06-16 07:59:00+00:00, run_after=2026-06-17 07:00:00+00:00
[2026-06-17T02:53:27.410+0000] {processor.py:208} INFO - Processing /opt/airflow/dags/batch_generator.py took 0.351 seconds
[2026-06-17T02:53:57.690+0000] {processor.py:186} INFO - Started process (PID=614) to work on /opt/airflow/dags/batch_generator.py
[2026-06-17T02:53:57.690+0000] {processor.py:914} INFO - Processing file /opt/airflow/dags/batch_generator.py for tasks to queue
[2026-06-17T02:53:57.692+0000] {logging_mixin.py:190} INFO - [2026-06-17T02:53:57.692+0000] {dagbag.py:588} INFO - Filling up the DagBag from /opt/airflow/dags/batch_generator.py
[2026-06-17T02:53:57.783+0000] {processor.py:925} INFO - DAG(s) 'extract_raw_data_pipeline' retrieved from /opt/airflow/dags/batch_generator.py
[2026-06-17T02:53:57.799+0000] {logging_mixin.py:190} INFO - [2026-06-17T02:53:57.799+0000] {dag.py:3239} INFO - Sync 1 DAGs
[2026-06-17T02:53:57.813+0000] {logging_mixin.py:190} INFO - [2026-06-17T02:53:57.813+0000] {dag.py:4180} INFO - Setting next_dagrun for extract_raw_data_pipeline to 2026-06-16 07:59:00+00:00, run_after=2026-06-17 07:00:00+00:00
[2026-06-17T02:53:57.826+0000] {processor.py:208} INFO - Processing /opt/airflow/dags/batch_generator.py took 0.140 seconds
[2026-06-17T02:54:28.005+0000] {processor.py:186} INFO - Started process (PID=622) to work on /opt/airflow/dags/batch_generator.py
[2026-06-17T02:54:28.006+0000] {processor.py:914} INFO - Processing file /opt/airflow/dags/batch_generator.py for tasks to queue
[2026-06-17T02:54:28.007+0000] {logging_mixin.py:190} INFO - [2026-06-17T02:54:28.007+0000] {dagbag.py:588} INFO - Filling up the DagBag from /opt/airflow/dags/batch_generator.py
[2026-06-17T02:54:28.105+0000] {processor.py:925} INFO - DAG(s) 'extract_raw_data_pipeline' retrieved from /opt/airflow/dags/batch_generator.py
[2026-06-17T02:54:28.121+0000] {logging_mixin.py:190} INFO - [2026-06-17T02:54:28.120+0000] {dag.py:3239} INFO - Sync 1 DAGs
[2026-06-17T02:54:28.137+0000] {logging_mixin.py:190} INFO - [2026-06-17T02:54:28.137+0000] {dag.py:4180} INFO - Setting next_dagrun for extract_raw_data_pipeline to 2026-06-16 07:59:00+00:00, run_after=2026-06-17 07:00:00+00:00
[2026-06-17T02:54:28.153+0000] {processor.py:208} INFO - Processing /opt/airflow/dags/batch_generator.py took 0.152 seconds
[2026-06-17T02:54:58.362+0000] {processor.py:186} INFO - Started process (PID=630) to work on /opt/airflow/dags/batch_generator.py
[2026-06-17T02:54:58.363+0000] {processor.py:914} INFO - Processing file /opt/airflow/dags/batch_generator.py for tasks to queue
[2026-06-17T02:54:58.365+0000] {logging_mixin.py:190} INFO - [2026-06-17T02:54:58.364+0000] {dagbag.py:588} INFO - Filling up the DagBag from /opt/airflow/dags/batch_generator.py
[2026-06-17T02:54:58.453+0000] {processor.py:925} INFO - DAG(s) 'extract_raw_data_pipeline' retrieved from /opt/airflow/dags/batch_generator.py
[2026-06-17T02:54:58.468+0000] {logging_mixin.py:190} INFO - [2026-06-17T02:54:58.468+0000] {dag.py:3239} INFO - Sync 1 DAGs
[2026-06-17T02:54:58.482+0000] {logging_mixin.py:190} INFO - [2026-06-17T02:54:58.482+0000] {dag.py:4180} INFO - Setting next_dagrun for extract_raw_data_pipeline to 2026-06-16 07:59:00+00:00, run_after=2026-06-17 07:00:00+00:00
[2026-06-17T02:54:58.494+0000] {processor.py:208} INFO - Processing /opt/airflow/dags/batch_generator.py took 0.136 seconds
[2026-06-17T02:55:28.768+0000] {processor.py:186} INFO - Started process (PID=638) to work on /opt/airflow/dags/batch_generator.py
[2026-06-17T02:55:28.769+0000] {processor.py:914} INFO - Processing file /opt/airflow/dags/batch_generator.py for tasks to queue
[2026-06-17T02:55:28.770+0000] {logging_mixin.py:190} INFO - [2026-06-17T02:55:28.770+0000] {dagbag.py:588} INFO - Filling up the DagBag from /opt/airflow/dags/batch_generator.py
[2026-06-17T02:55:28.867+0000] {processor.py:925} INFO - DAG(s) 'extract_raw_data_pipeline' retrieved from /opt/airflow/dags/batch_generator.py
[2026-06-17T02:55:28.887+0000] {logging_mixin.py:190} INFO - [2026-06-17T02:55:28.886+0000] {dag.py:3239} INFO - Sync 1 DAGs
[2026-06-17T02:55:28.902+0000] {logging_mixin.py:190} INFO - [2026-06-17T02:55:28.902+0000] {dag.py:4180} INFO - Setting next_dagrun for extract_raw_data_pipeline to 2026-06-16 07:59:00+00:00, run_after=2026-06-17 07:00:00+00:00
[2026-06-17T02:55:28.915+0000] {processor.py:208} INFO - Processing /opt/airflow/dags/batch_generator.py took 0.151 seconds
[2026-06-17T02:55:59.091+0000] {processor.py:186} INFO - Started process (PID=646) to work on /opt/airflow/dags/batch_generator.py
[2026-06-17T02:55:59.092+0000] {processor.py:914} INFO - Processing file /opt/airflow/dags/batch_generator.py for tasks to queue
[2026-06-17T02:55:59.094+0000] {logging_mixin.py:190} INFO - [2026-06-17T02:55:59.094+0000] {dagbag.py:588} INFO - Filling up the DagBag from /opt/airflow/dags/batch_generator.py
[2026-06-17T02:55:59.189+0000] {processor.py:925} INFO - DAG(s) 'extract_raw_data_pipeline' retrieved from /opt/airflow/dags/batch_generator.py
[2026-06-17T02:55:59.205+0000] {logging_mixin.py:190} INFO - [2026-06-17T02:55:59.205+0000] {dag.py:3239} INFO - Sync 1 DAGs
[2026-06-17T02:55:59.220+0000] {logging_mixin.py:190} INFO - [2026-06-17T02:55:59.219+0000] {dag.py:4180} INFO - Setting next_dagrun for extract_raw_data_pipeline to 2026-06-16 07:59:00+00:00, run_after=2026-06-17 07:00:00+00:00
[2026-06-17T02:55:59.233+0000] {processor.py:208} INFO - Processing /opt/airflow/dags/batch_generator.py took 0.146 seconds
[2026-06-17T02:56:29.441+0000] {processor.py:186} INFO - Started process (PID=654) to work on /opt/airflow/dags/batch_generator.py
[2026-06-17T02:56:29.441+0000] {processor.py:914} INFO - Processing file /opt/airflow/dags/batch_generator.py for tasks to queue
[2026-06-17T02:56:29.443+0000] {logging_mixin.py:190} INFO - [2026-06-17T02:56:29.443+0000] {dagbag.py:588} INFO - Filling up the DagBag from /opt/airflow/dags/batch_generator.py
[2026-06-17T02:56:29.539+0000] {processor.py:925} INFO - DAG(s) 'extract_raw_data_pipeline' retrieved from /opt/airflow/dags/batch_generator.py
[2026-06-17T02:56:29.553+0000] {logging_mixin.py:190} INFO - [2026-06-17T02:56:29.553+0000] {dag.py:3239} INFO - Sync 1 DAGs
[2026-06-17T02:56:29.566+0000] {logging_mixin.py:190} INFO - [2026-06-17T02:56:29.566+0000] {dag.py:4180} INFO - Setting next_dagrun for extract_raw_data_pipeline to 2026-06-16 07:59:00+00:00, run_after=2026-06-17 07:00:00+00:00
[2026-06-17T02:56:29.580+0000] {processor.py:208} INFO - Processing /opt/airflow/dags/batch_generator.py took 0.143 seconds
[2026-06-17T02:56:59.677+0000] {processor.py:186} INFO - Started process (PID=662) to work on /opt/airflow/dags/batch_generator.py
[2026-06-17T02:56:59.678+0000] {processor.py:914} INFO - Processing file /opt/airflow/dags/batch_generator.py for tasks to queue
[2026-06-17T02:56:59.679+0000] {logging_mixin.py:190} INFO - [2026-06-17T02:56:59.679+0000] {dagbag.py:588} INFO - Filling up the DagBag from /opt/airflow/dags/batch_generator.py
[2026-06-17T02:56:59.800+0000] {processor.py:925} INFO - DAG(s) 'extract_raw_data_pipeline' retrieved from /opt/airflow/dags/batch_generator.py
[2026-06-17T02:56:59.817+0000] {logging_mixin.py:190} INFO - [2026-06-17T02:56:59.817+0000] {dag.py:3239} INFO - Sync 1 DAGs
[2026-06-17T02:56:59.842+0000] {logging_mixin.py:190} INFO - [2026-06-17T02:56:59.842+0000] {dag.py:4180} INFO - Setting next_dagrun for extract_raw_data_pipeline to 2026-06-16 07:59:00+00:00, run_after=2026-06-17 07:00:00+00:00
[2026-06-17T02:56:59.885+0000] {processor.py:208} INFO - Processing /opt/airflow/dags/batch_generator.py took 0.213 seconds
[2026-06-17T02:57:30.174+0000] {processor.py:186} INFO - Started process (PID=670) to work on /opt/airflow/dags/batch_generator.py
[2026-06-17T02:57:30.175+0000] {processor.py:914} INFO - Processing file /opt/airflow/dags/batch_generator.py for tasks to queue
[2026-06-17T02:57:30.176+0000] {logging_mixin.py:190} INFO - [2026-06-17T02:57:30.176+0000] {dagbag.py:588} INFO - Filling up the DagBag from /opt/airflow/dags/batch_generator.py
[2026-06-17T02:57:30.270+0000] {processor.py:925} INFO - DAG(s) 'extract_raw_data_pipeline' retrieved from /opt/airflow/dags/batch_generator.py
[2026-06-17T02:57:30.286+0000] {logging_mixin.py:190} INFO - [2026-06-17T02:57:30.286+0000] {dag.py:3239} INFO - Sync 1 DAGs
[2026-06-17T02:57:30.301+0000] {logging_mixin.py:190} INFO - [2026-06-17T02:57:30.300+0000] {dag.py:4180} INFO - Setting next_dagrun for extract_raw_data_pipeline to 2026-06-16 07:59:00+00:00, run_after=2026-06-17 07:00:00+00:00
[2026-06-17T02:57:30.314+0000] {processor.py:208} INFO - Processing /opt/airflow/dags/batch_generator.py took 0.144 seconds
[2026-06-17T02:58:00.459+0000] {processor.py:186} INFO - Started process (PID=678) to work on /opt/airflow/dags/batch_generator.py
[2026-06-17T02:58:00.459+0000] {processor.py:914} INFO - Processing file /opt/airflow/dags/batch_generator.py for tasks to queue
[2026-06-17T02:58:00.461+0000] {logging_mixin.py:190} INFO - [2026-06-17T02:58:00.461+0000] {dagbag.py:588} INFO - Filling up the DagBag from /opt/airflow/dags/batch_generator.py
[2026-06-17T02:58:00.564+0000] {processor.py:925} INFO - DAG(s) 'extract_raw_data_pipeline' retrieved from /opt/airflow/dags/batch_generator.py
[2026-06-17T02:58:00.581+0000] {logging_mixin.py:190} INFO - [2026-06-17T02:58:00.581+0000] {dag.py:3239} INFO - Sync 1 DAGs
[2026-06-17T02:58:00.597+0000] {logging_mixin.py:190} INFO - [2026-06-17T02:58:00.597+0000] {dag.py:4180} INFO - Setting next_dagrun for extract_raw_data_pipeline to 2026-06-16 07:59:00+00:00, run_after=2026-06-17 07:00:00+00:00
[2026-06-17T02:58:00.611+0000] {processor.py:208} INFO - Processing /opt/airflow/dags/batch_generator.py took 0.157 seconds
[2026-06-17T02:58:30.756+0000] {processor.py:186} INFO - Started process (PID=686) to work on /opt/airflow/dags/batch_generator.py
[2026-06-17T02:58:30.756+0000] {processor.py:914} INFO - Processing file /opt/airflow/dags/batch_generator.py for tasks to queue
[2026-06-17T02:58:30.758+0000] {logging_mixin.py:190} INFO - [2026-06-17T02:58:30.758+0000] {dagbag.py:588} INFO - Filling up the DagBag from /opt/airflow/dags/batch_generator.py
[2026-06-17T02:58:30.850+0000] {processor.py:925} INFO - DAG(s) 'extract_raw_data_pipeline' retrieved from /opt/airflow/dags/batch_generator.py
[2026-06-17T02:58:30.867+0000] {logging_mixin.py:190} INFO - [2026-06-17T02:58:30.867+0000] {dag.py:3239} INFO - Sync 1 DAGs
[2026-06-17T02:58:30.881+0000] {logging_mixin.py:190} INFO - [2026-06-17T02:58:30.881+0000] {dag.py:4180} INFO - Setting next_dagrun for extract_raw_data_pipeline to 2026-06-16 07:59:00+00:00, run_after=2026-06-17 07:00:00+00:00
[2026-06-17T02:58:30.894+0000] {processor.py:208} INFO - Processing /opt/airflow/dags/batch_generator.py took 0.142 seconds
[2026-06-17T02:59:01.111+0000] {processor.py:186} INFO - Started process (PID=694) to work on /opt/airflow/dags/batch_generator.py
[2026-06-17T02:59:01.111+0000] {processor.py:914} INFO - Processing file /opt/airflow/dags/batch_generator.py for tasks to queue
[2026-06-17T02:59:01.113+0000] {logging_mixin.py:190} INFO - [2026-06-17T02:59:01.113+0000] {dagbag.py:588} INFO - Filling up the DagBag from /opt/airflow/dags/batch_generator.py
[2026-06-17T02:59:01.202+0000] {processor.py:925} INFO - DAG(s) 'extract_raw_data_pipeline' retrieved from /opt/airflow/dags/batch_generator.py
[2026-06-17T02:59:01.217+0000] {logging_mixin.py:190} INFO - [2026-06-17T02:59:01.217+0000] {dag.py:3239} INFO - Sync 1 DAGs
[2026-06-17T02:59:01.232+0000] {logging_mixin.py:190} INFO - [2026-06-17T02:59:01.232+0000] {dag.py:4180} INFO - Setting next_dagrun for extract_raw_data_pipeline to 2026-06-16 07:59:00+00:00, run_after=2026-06-17 07:00:00+00:00
[2026-06-17T02:59:01.245+0000] {processor.py:208} INFO - Processing /opt/airflow/dags/batch_generator.py took 0.138 seconds
[2026-06-17T02:59:31.422+0000] {processor.py:186} INFO - Started process (PID=702) to work on /opt/airflow/dags/batch_generator.py
[2026-06-17T02:59:31.423+0000] {processor.py:914} INFO - Processing file /opt/airflow/dags/batch_generator.py for tasks to queue
[2026-06-17T02:59:31.424+0000] {logging_mixin.py:190} INFO - [2026-06-17T02:59:31.424+0000] {dagbag.py:588} INFO - Filling up the DagBag from /opt/airflow/dags/batch_generator.py
[2026-06-17T02:59:31.512+0000] {processor.py:925} INFO - DAG(s) 'extract_raw_data_pipeline' retrieved from /opt/airflow/dags/batch_generator.py
[2026-06-17T02:59:31.527+0000] {logging_mixin.py:190} INFO - [2026-06-17T02:59:31.527+0000] {dag.py:3239} INFO - Sync 1 DAGs
[2026-06-17T02:59:31.541+0000] {logging_mixin.py:190} INFO - [2026-06-17T02:59:31.541+0000] {dag.py:4180} INFO - Setting next_dagrun for extract_raw_data_pipeline to 2026-06-16 07:59:00+00:00, run_after=2026-06-17 07:00:00+00:00
[2026-06-17T02:59:31.556+0000] {processor.py:208} INFO - Processing /opt/airflow/dags/batch_generator.py took 0.138 seconds
[2026-06-17T03:00:01.687+0000] {processor.py:186} INFO - Started process (PID=710) to work on /opt/airflow/dags/batch_generator.py
[2026-06-17T03:00:01.688+0000] {processor.py:914} INFO - Processing file /opt/airflow/dags/batch_generator.py for tasks to queue
[2026-06-17T03:00:01.689+0000] {logging_mixin.py:190} INFO - [2026-06-17T03:00:01.689+0000] {dagbag.py:588} INFO - Filling up the DagBag from /opt/airflow/dags/batch_generator.py
[2026-06-17T03:00:01.792+0000] {processor.py:925} INFO - DAG(s) 'extract_raw_data_pipeline' retrieved from /opt/airflow/dags/batch_generator.py
[2026-06-17T03:00:01.812+0000] {logging_mixin.py:190} INFO - [2026-06-17T03:00:01.812+0000] {dag.py:3239} INFO - Sync 1 DAGs
[2026-06-17T03:00:01.828+0000] {logging_mixin.py:190} INFO - [2026-06-17T03:00:01.827+0000] {dag.py:4180} INFO - Setting next_dagrun for extract_raw_data_pipeline to 2026-06-16 07:59:00+00:00, run_after=2026-06-17 07:00:00+00:00
[2026-06-17T03:00:01.845+0000] {processor.py:208} INFO - Processing /opt/airflow/dags/batch_generator.py took 0.162 seconds
[2026-06-17T03:00:32.085+0000] {processor.py:186} INFO - Started process (PID=718) to work on /opt/airflow/dags/batch_generator.py
[2026-06-17T03:00:32.086+0000] {processor.py:914} INFO - Processing file /opt/airflow/dags/batch_generator.py for tasks to queue
[2026-06-17T03:00:32.088+0000] {logging_mixin.py:190} INFO - [2026-06-17T03:00:32.087+0000] {dagbag.py:588} INFO - Filling up the DagBag from /opt/airflow/dags/batch_generator.py
[2026-06-17T03:00:32.179+0000] {processor.py:925} INFO - DAG(s) 'extract_raw_data_pipeline' retrieved from /opt/airflow/dags/batch_generator.py
[2026-06-17T03:00:32.194+0000] {logging_mixin.py:190} INFO - [2026-06-17T03:00:32.194+0000] {dag.py:3239} INFO - Sync 1 DAGs
[2026-06-17T03:00:32.206+0000] {logging_mixin.py:190} INFO - [2026-06-17T03:00:32.206+0000] {dag.py:4180} INFO - Setting next_dagrun for extract_raw_data_pipeline to 2026-06-16 07:59:00+00:00, run_after=2026-06-17 07:00:00+00:00
[2026-06-17T03:00:32.221+0000] {processor.py:208} INFO - Processing /opt/airflow/dags/batch_generator.py took 0.139 seconds
[2026-06-17T03:01:02.360+0000] {processor.py:186} INFO - Started process (PID=726) to work on /opt/airflow/dags/batch_generator.py
[2026-06-17T03:01:02.361+0000] {processor.py:914} INFO - Processing file /opt/airflow/dags/batch_generator.py for tasks to queue
[2026-06-17T03:01:02.363+0000] {logging_mixin.py:190} INFO - [2026-06-17T03:01:02.363+0000] {dagbag.py:588} INFO - Filling up the DagBag from /opt/airflow/dags/batch_generator.py
[2026-06-17T03:01:02.467+0000] {processor.py:925} INFO - DAG(s) 'extract_raw_data_pipeline' retrieved from /opt/airflow/dags/batch_generator.py
[2026-06-17T03:01:02.484+0000] {logging_mixin.py:190} INFO - [2026-06-17T03:01:02.484+0000] {dag.py:3239} INFO - Sync 1 DAGs
[2026-06-17T03:01:02.502+0000] {logging_mixin.py:190} INFO - [2026-06-17T03:01:02.502+0000] {dag.py:4180} INFO - Setting next_dagrun for extract_raw_data_pipeline to 2026-06-16 07:59:00+00:00, run_after=2026-06-17 07:00:00+00:00
[2026-06-17T03:01:02.515+0000] {processor.py:208} INFO - Processing /opt/airflow/dags/batch_generator.py took 0.158 seconds
[2026-06-17T03:01:32.783+0000] {processor.py:186} INFO - Started process (PID=734) to work on /opt/airflow/dags/batch_generator.py
[2026-06-17T03:01:32.784+0000] {processor.py:914} INFO - Processing file /opt/airflow/dags/batch_generator.py for tasks to queue
[2026-06-17T03:01:32.785+0000] {logging_mixin.py:190} INFO - [2026-06-17T03:01:32.785+0000] {dagbag.py:588} INFO - Filling up the DagBag from /opt/airflow/dags/batch_generator.py
[2026-06-17T03:01:33.036+0000] {processor.py:925} INFO - DAG(s) 'extract_raw_data_pipeline' retrieved from /opt/airflow/dags/batch_generator.py
[2026-06-17T03:01:33.055+0000] {logging_mixin.py:190} INFO - [2026-06-17T03:01:33.055+0000] {dag.py:3239} INFO - Sync 1 DAGs
[2026-06-17T03:01:33.068+0000] {logging_mixin.py:190} INFO - [2026-06-17T03:01:33.068+0000] {dag.py:4180} INFO - Setting next_dagrun for extract_raw_data_pipeline to 2026-06-16 07:59:00+00:00, run_after=2026-06-17 07:00:00+00:00
[2026-06-17T03:01:33.081+0000] {processor.py:208} INFO - Processing /opt/airflow/dags/batch_generator.py took 0.303 seconds
[2026-06-17T03:02:03.150+0000] {processor.py:186} INFO - Started process (PID=742) to work on /opt/airflow/dags/batch_generator.py
[2026-06-17T03:02:03.150+0000] {processor.py:914} INFO - Processing file /opt/airflow/dags/batch_generator.py for tasks to queue
[2026-06-17T03:02:03.152+0000] {logging_mixin.py:190} INFO - [2026-06-17T03:02:03.152+0000] {dagbag.py:588} INFO - Filling up the DagBag from /opt/airflow/dags/batch_generator.py
[2026-06-17T03:02:03.237+0000] {processor.py:925} INFO - DAG(s) 'extract_raw_data_pipeline' retrieved from /opt/airflow/dags/batch_generator.py
[2026-06-17T03:02:03.255+0000] {logging_mixin.py:190} INFO - [2026-06-17T03:02:03.255+0000] {dag.py:3239} INFO - Sync 1 DAGs
[2026-06-17T03:02:03.270+0000] {logging_mixin.py:190} INFO - [2026-06-17T03:02:03.269+0000] {dag.py:4180} INFO - Setting next_dagrun for extract_raw_data_pipeline to 2026-06-16 07:59:00+00:00, run_after=2026-06-17 07:00:00+00:00
[2026-06-17T03:02:03.284+0000] {processor.py:208} INFO - Processing /opt/airflow/dags/batch_generator.py took 0.138 seconds
[2026-06-17T03:02:33.556+0000] {processor.py:186} INFO - Started process (PID=750) to work on /opt/airflow/dags/batch_generator.py
[2026-06-17T03:02:33.557+0000] {processor.py:914} INFO - Processing file /opt/airflow/dags/batch_generator.py for tasks to queue
[2026-06-17T03:02:33.559+0000] {logging_mixin.py:190} INFO - [2026-06-17T03:02:33.558+0000] {dagbag.py:588} INFO - Filling up the DagBag from /opt/airflow/dags/batch_generator.py
[2026-06-17T03:02:33.643+0000] {processor.py:925} INFO - DAG(s) 'extract_raw_data_pipeline' retrieved from /opt/airflow/dags/batch_generator.py
[2026-06-17T03:02:33.658+0000] {logging_mixin.py:190} INFO - [2026-06-17T03:02:33.658+0000] {dag.py:3239} INFO - Sync 1 DAGs
[2026-06-17T03:02:33.672+0000] {logging_mixin.py:190} INFO - [2026-06-17T03:02:33.671+0000] {dag.py:4180} INFO - Setting next_dagrun for extract_raw_data_pipeline to 2026-06-16 07:59:00+00:00, run_after=2026-06-17 07:00:00+00:00
[2026-06-17T03:02:33.685+0000] {processor.py:208} INFO - Processing /opt/airflow/dags/batch_generator.py took 0.132 seconds
[2026-06-17T03:03:03.817+0000] {processor.py:186} INFO - Started process (PID=758) to work on /opt/airflow/dags/batch_generator.py
[2026-06-17T03:03:03.818+0000] {processor.py:914} INFO - Processing file /opt/airflow/dags/batch_generator.py for tasks to queue
[2026-06-17T03:03:03.819+0000] {logging_mixin.py:190} INFO - [2026-06-17T03:03:03.819+0000] {dagbag.py:588} INFO - Filling up the DagBag from /opt/airflow/dags/batch_generator.py
[2026-06-17T03:03:04.109+0000] {processor.py:925} INFO - DAG(s) 'extract_raw_data_pipeline' retrieved from /opt/airflow/dags/batch_generator.py
[2026-06-17T03:03:04.132+0000] {logging_mixin.py:190} INFO - [2026-06-17T03:03:04.132+0000] {dag.py:3239} INFO - Sync 1 DAGs
[2026-06-17T03:03:04.144+0000] {logging_mixin.py:190} INFO - [2026-06-17T03:03:04.143+0000] {dag.py:4180} INFO - Setting next_dagrun for extract_raw_data_pipeline to 2026-06-16 07:59:00+00:00, run_after=2026-06-17 07:00:00+00:00
[2026-06-17T03:03:04.156+0000] {processor.py:208} INFO - Processing /opt/airflow/dags/batch_generator.py took 0.344 seconds
[2026-06-17T03:03:34.239+0000] {processor.py:186} INFO - Started process (PID=766) to work on /opt/airflow/dags/batch_generator.py
[2026-06-17T03:03:34.240+0000] {processor.py:914} INFO - Processing file /opt/airflow/dags/batch_generator.py for tasks to queue
[2026-06-17T03:03:34.241+0000] {logging_mixin.py:190} INFO - [2026-06-17T03:03:34.241+0000] {dagbag.py:588} INFO - Filling up the DagBag from /opt/airflow/dags/batch_generator.py
[2026-06-17T03:03:34.327+0000] {processor.py:925} INFO - DAG(s) 'extract_raw_data_pipeline' retrieved from /opt/airflow/dags/batch_generator.py
[2026-06-17T03:03:34.342+0000] {logging_mixin.py:190} INFO - [2026-06-17T03:03:34.342+0000] {dag.py:3239} INFO - Sync 1 DAGs
[2026-06-17T03:03:34.355+0000] {logging_mixin.py:190} INFO - [2026-06-17T03:03:34.355+0000] {dag.py:4180} INFO - Setting next_dagrun for extract_raw_data_pipeline to 2026-06-16 07:59:00+00:00, run_after=2026-06-17 07:00:00+00:00
[2026-06-17T03:03:34.369+0000] {processor.py:208} INFO - Processing /opt/airflow/dags/batch_generator.py took 0.134 seconds
[2026-06-17T03:04:04.645+0000] {processor.py:186} INFO - Started process (PID=774) to work on /opt/airflow/dags/batch_generator.py
[2026-06-17T03:04:04.646+0000] {processor.py:914} INFO - Processing file /opt/airflow/dags/batch_generator.py for tasks to queue
[2026-06-17T03:04:04.647+0000] {logging_mixin.py:190} INFO - [2026-06-17T03:04:04.647+0000] {dagbag.py:588} INFO - Filling up the DagBag from /opt/airflow/dags/batch_generator.py
[2026-06-17T03:04:04.749+0000] {processor.py:925} INFO - DAG(s) 'extract_raw_data_pipeline' retrieved from /opt/airflow/dags/batch_generator.py
[2026-06-17T03:04:04.765+0000] {logging_mixin.py:190} INFO - [2026-06-17T03:04:04.765+0000] {dag.py:3239} INFO - Sync 1 DAGs
[2026-06-17T03:04:04.779+0000] {logging_mixin.py:190} INFO - [2026-06-17T03:04:04.779+0000] {dag.py:4180} INFO - Setting next_dagrun for extract_raw_data_pipeline to 2026-06-16 07:59:00+00:00, run_after=2026-06-17 07:00:00+00:00
[2026-06-17T03:04:04.792+0000] {processor.py:208} INFO - Processing /opt/airflow/dags/batch_generator.py took 0.151 seconds
[2026-06-17T03:04:34.923+0000] {processor.py:186} INFO - Started process (PID=782) to work on /opt/airflow/dags/batch_generator.py
[2026-06-17T03:04:34.924+0000] {processor.py:914} INFO - Processing file /opt/airflow/dags/batch_generator.py for tasks to queue
[2026-06-17T03:04:34.925+0000] {logging_mixin.py:190} INFO - [2026-06-17T03:04:34.925+0000] {dagbag.py:588} INFO - Filling up the DagBag from /opt/airflow/dags/batch_generator.py
[2026-06-17T03:04:35.016+0000] {processor.py:925} INFO - DAG(s) 'extract_raw_data_pipeline' retrieved from /opt/airflow/dags/batch_generator.py
[2026-06-17T03:04:35.030+0000] {logging_mixin.py:190} INFO - [2026-06-17T03:04:35.030+0000] {dag.py:3239} INFO - Sync 1 DAGs
[2026-06-17T03:04:35.043+0000] {logging_mixin.py:190} INFO - [2026-06-17T03:04:35.042+0000] {dag.py:4180} INFO - Setting next_dagrun for extract_raw_data_pipeline to 2026-06-16 07:59:00+00:00, run_after=2026-06-17 07:00:00+00:00
[2026-06-17T03:04:35.059+0000] {processor.py:208} INFO - Processing /opt/airflow/dags/batch_generator.py took 0.140 seconds
[2026-06-17T03:05:05.276+0000] {processor.py:186} INFO - Started process (PID=790) to work on /opt/airflow/dags/batch_generator.py
[2026-06-17T03:05:05.277+0000] {processor.py:914} INFO - Processing file /opt/airflow/dags/batch_generator.py for tasks to queue
[2026-06-17T03:05:05.279+0000] {logging_mixin.py:190} INFO - [2026-06-17T03:05:05.279+0000] {dagbag.py:588} INFO - Filling up the DagBag from /opt/airflow/dags/batch_generator.py
[2026-06-17T03:05:05.374+0000] {processor.py:925} INFO - DAG(s) 'extract_raw_data_pipeline' retrieved from /opt/airflow/dags/batch_generator.py
[2026-06-17T03:05:05.393+0000] {logging_mixin.py:190} INFO - [2026-06-17T03:05:05.392+0000] {dag.py:3239} INFO - Sync 1 DAGs
[2026-06-17T03:05:05.407+0000] {logging_mixin.py:190} INFO - [2026-06-17T03:05:05.407+0000] {dag.py:4180} INFO - Setting next_dagrun for extract_raw_data_pipeline to 2026-06-16 07:59:00+00:00, run_after=2026-06-17 07:00:00+00:00
[2026-06-17T03:05:05.424+0000] {processor.py:208} INFO - Processing /opt/airflow/dags/batch_generator.py took 0.152 seconds
[2026-06-17T03:05:35.611+0000] {processor.py:186} INFO - Started process (PID=798) to work on /opt/airflow/dags/batch_generator.py
[2026-06-17T03:05:35.611+0000] {processor.py:914} INFO - Processing file /opt/airflow/dags/batch_generator.py for tasks to queue
[2026-06-17T03:05:35.613+0000] {logging_mixin.py:190} INFO - [2026-06-17T03:05:35.613+0000] {dagbag.py:588} INFO - Filling up the DagBag from /opt/airflow/dags/batch_generator.py
[2026-06-17T03:05:35.702+0000] {processor.py:925} INFO - DAG(s) 'extract_raw_data_pipeline' retrieved from /opt/airflow/dags/batch_generator.py
[2026-06-17T03:05:35.717+0000] {logging_mixin.py:190} INFO - [2026-06-17T03:05:35.717+0000] {dag.py:3239} INFO - Sync 1 DAGs
[2026-06-17T03:05:35.731+0000] {logging_mixin.py:190} INFO - [2026-06-17T03:05:35.731+0000] {dag.py:4180} INFO - Setting next_dagrun for extract_raw_data_pipeline to 2026-06-16 07:59:00+00:00, run_after=2026-06-17 07:00:00+00:00
[2026-06-17T03:05:35.744+0000] {processor.py:208} INFO - Processing /opt/airflow/dags/batch_generator.py took 0.137 seconds
[2026-06-17T03:06:05.964+0000] {processor.py:186} INFO - Started process (PID=806) to work on /opt/airflow/dags/batch_generator.py
[2026-06-17T03:06:05.965+0000] {processor.py:914} INFO - Processing file /opt/airflow/dags/batch_generator.py for tasks to queue
[2026-06-17T03:06:05.966+0000] {logging_mixin.py:190} INFO - [2026-06-17T03:06:05.966+0000] {dagbag.py:588} INFO - Filling up the DagBag from /opt/airflow/dags/batch_generator.py
[2026-06-17T03:06:06.063+0000] {processor.py:925} INFO - DAG(s) 'extract_raw_data_pipeline' retrieved from /opt/airflow/dags/batch_generator.py
[2026-06-17T03:06:06.077+0000] {logging_mixin.py:190} INFO - [2026-06-17T03:06:06.077+0000] {dag.py:3239} INFO - Sync 1 DAGs
[2026-06-17T03:06:06.090+0000] {logging_mixin.py:190} INFO - [2026-06-17T03:06:06.090+0000] {dag.py:4180} INFO - Setting next_dagrun for extract_raw_data_pipeline to 2026-06-16 07:59:00+00:00, run_after=2026-06-17 07:00:00+00:00
[2026-06-17T03:06:06.103+0000] {processor.py:208} INFO - Processing /opt/airflow/dags/batch_generator.py took 0.142 seconds
[2026-06-17T03:06:36.280+0000] {processor.py:186} INFO - Started process (PID=813) to work on /opt/airflow/dags/batch_generator.py
[2026-06-17T03:06:36.281+0000] {processor.py:914} INFO - Processing file /opt/airflow/dags/batch_generator.py for tasks to queue
[2026-06-17T03:06:36.283+0000] {logging_mixin.py:190} INFO - [2026-06-17T03:06:36.282+0000] {dagbag.py:588} INFO - Filling up the DagBag from /opt/airflow/dags/batch_generator.py
[2026-06-17T03:06:36.381+0000] {processor.py:925} INFO - DAG(s) 'extract_raw_data_pipeline' retrieved from /opt/airflow/dags/batch_generator.py
[2026-06-17T03:06:36.398+0000] {logging_mixin.py:190} INFO - [2026-06-17T03:06:36.398+0000] {dag.py:3239} INFO - Sync 1 DAGs
[2026-06-17T03:06:36.413+0000] {logging_mixin.py:190} INFO - [2026-06-17T03:06:36.413+0000] {dag.py:4180} INFO - Setting next_dagrun for extract_raw_data_pipeline to 2026-06-16 07:59:00+00:00, run_after=2026-06-17 07:00:00+00:00
[2026-06-17T03:06:36.429+0000] {processor.py:208} INFO - Processing /opt/airflow/dags/batch_generator.py took 0.153 seconds
[2026-06-17T03:07:06.564+0000] {processor.py:186} INFO - Started process (PID=821) to work on /opt/airflow/dags/batch_generator.py
[2026-06-17T03:07:06.565+0000] {processor.py:914} INFO - Processing file /opt/airflow/dags/batch_generator.py for tasks to queue
[2026-06-17T03:07:06.567+0000] {logging_mixin.py:190} INFO - [2026-06-17T03:07:06.566+0000] {dagbag.py:588} INFO - Filling up the DagBag from /opt/airflow/dags/batch_generator.py
[2026-06-17T03:07:06.663+0000] {processor.py:925} INFO - DAG(s) 'extract_raw_data_pipeline' retrieved from /opt/airflow/dags/batch_generator.py
[2026-06-17T03:07:06.680+0000] {logging_mixin.py:190} INFO - [2026-06-17T03:07:06.680+0000] {dag.py:3239} INFO - Sync 1 DAGs
[2026-06-17T03:07:06.694+0000] {logging_mixin.py:190} INFO - [2026-06-17T03:07:06.694+0000] {dag.py:4180} INFO - Setting next_dagrun for extract_raw_data_pipeline to 2026-06-16 07:59:00+00:00, run_after=2026-06-17 07:00:00+00:00
[2026-06-17T03:07:06.708+0000] {processor.py:208} INFO - Processing /opt/airflow/dags/batch_generator.py took 0.151 seconds
[2026-06-17T03:07:37.002+0000] {processor.py:186} INFO - Started process (PID=829) to work on /opt/airflow/dags/batch_generator.py
[2026-06-17T03:07:37.004+0000] {processor.py:914} INFO - Processing file /opt/airflow/dags/batch_generator.py for tasks to queue
[2026-06-17T03:07:37.006+0000] {logging_mixin.py:190} INFO - [2026-06-17T03:07:37.006+0000] {dagbag.py:588} INFO - Filling up the DagBag from /opt/airflow/dags/batch_generator.py
[2026-06-17T03:07:37.093+0000] {processor.py:925} INFO - DAG(s) 'extract_raw_data_pipeline' retrieved from /opt/airflow/dags/batch_generator.py
[2026-06-17T03:07:37.110+0000] {logging_mixin.py:190} INFO - [2026-06-17T03:07:37.110+0000] {dag.py:3239} INFO - Sync 1 DAGs
[2026-06-17T03:07:37.124+0000] {logging_mixin.py:190} INFO - [2026-06-17T03:07:37.123+0000] {dag.py:4180} INFO - Setting next_dagrun for extract_raw_data_pipeline to 2026-06-16 07:59:00+00:00, run_after=2026-06-17 07:00:00+00:00
[2026-06-17T03:07:37.136+0000] {processor.py:208} INFO - Processing /opt/airflow/dags/batch_generator.py took 0.138 seconds
[2026-06-17T03:08:07.287+0000] {processor.py:186} INFO - Started process (PID=837) to work on /opt/airflow/dags/batch_generator.py
[2026-06-17T03:08:07.288+0000] {processor.py:914} INFO - Processing file /opt/airflow/dags/batch_generator.py for tasks to queue
[2026-06-17T03:08:07.289+0000] {logging_mixin.py:190} INFO - [2026-06-17T03:08:07.289+0000] {dagbag.py:588} INFO - Filling up the DagBag from /opt/airflow/dags/batch_generator.py
[2026-06-17T03:08:07.387+0000] {processor.py:925} INFO - DAG(s) 'extract_raw_data_pipeline' retrieved from /opt/airflow/dags/batch_generator.py
[2026-06-17T03:08:07.402+0000] {logging_mixin.py:190} INFO - [2026-06-17T03:08:07.402+0000] {dag.py:3239} INFO - Sync 1 DAGs
[2026-06-17T03:08:07.415+0000] {logging_mixin.py:190} INFO - [2026-06-17T03:08:07.414+0000] {dag.py:4180} INFO - Setting next_dagrun for extract_raw_data_pipeline to 2026-06-16 07:59:00+00:00, run_after=2026-06-17 07:00:00+00:00
[2026-06-17T03:08:07.428+0000] {processor.py:208} INFO - Processing /opt/airflow/dags/batch_generator.py took 0.144 seconds
[2026-06-17T03:08:15.486+0000] {processor.py:186} INFO - Started process (PID=839) to work on /opt/airflow/dags/batch_generator.py
[2026-06-17T03:08:15.487+0000] {processor.py:914} INFO - Processing file /opt/airflow/dags/batch_generator.py for tasks to queue
[2026-06-17T03:08:15.489+0000] {logging_mixin.py:190} INFO - [2026-06-17T03:08:15.489+0000] {dagbag.py:588} INFO - Filling up the DagBag from /opt/airflow/dags/batch_generator.py
[2026-06-17T03:08:15.608+0000] {processor.py:925} INFO - DAG(s) 'extract_raw_data_pipeline' retrieved from /opt/airflow/dags/batch_generator.py
[2026-06-17T03:08:15.701+0000] {logging_mixin.py:190} INFO - [2026-06-17T03:08:15.701+0000] {dag.py:3239} INFO - Sync 1 DAGs
[2026-06-17T03:08:15.712+0000] {logging_mixin.py:190} INFO - [2026-06-17T03:08:15.712+0000] {dag.py:4180} INFO - Setting next_dagrun for extract_raw_data_pipeline to 2026-06-16 07:59:00+00:00, run_after=2026-06-17 07:00:00+00:00
[2026-06-17T03:08:15.727+0000] {processor.py:208} INFO - Processing /opt/airflow/dags/batch_generator.py took 0.246 seconds
[2026-06-17T03:08:29.861+0000] {processor.py:186} INFO - Started process (PID=847) to work on /opt/airflow/dags/batch_generator.py
[2026-06-17T03:08:29.862+0000] {processor.py:914} INFO - Processing file /opt/airflow/dags/batch_generator.py for tasks to queue
[2026-06-17T03:08:29.864+0000] {logging_mixin.py:190} INFO - [2026-06-17T03:08:29.864+0000] {dagbag.py:588} INFO - Filling up the DagBag from /opt/airflow/dags/batch_generator.py
[2026-06-17T03:08:29.964+0000] {processor.py:925} INFO - DAG(s) 'extract_raw_data_pipeline' retrieved from /opt/airflow/dags/batch_generator.py
[2026-06-17T03:08:29.972+0000] {logging_mixin.py:190} INFO - [2026-06-17T03:08:29.972+0000] {dag.py:3239} INFO - Sync 1 DAGs
[2026-06-17T03:08:29.986+0000] {logging_mixin.py:190} INFO - [2026-06-17T03:08:29.986+0000] {dag.py:4180} INFO - Setting next_dagrun for extract_raw_data_pipeline to 2026-06-16 07:59:00+00:00, run_after=2026-06-17 07:00:00+00:00
[2026-06-17T03:08:30.002+0000] {processor.py:208} INFO - Processing /opt/airflow/dags/batch_generator.py took 0.144 seconds
[2026-06-17T03:09:00.192+0000] {processor.py:186} INFO - Started process (PID=855) to work on /opt/airflow/dags/batch_generator.py
[2026-06-17T03:09:00.194+0000] {processor.py:914} INFO - Processing file /opt/airflow/dags/batch_generator.py for tasks to queue
[2026-06-17T03:09:00.197+0000] {logging_mixin.py:190} INFO - [2026-06-17T03:09:00.197+0000] {dagbag.py:588} INFO - Filling up the DagBag from /opt/airflow/dags/batch_generator.py
[2026-06-17T03:09:00.386+0000] {processor.py:925} INFO - DAG(s) 'extract_raw_data_pipeline' retrieved from /opt/airflow/dags/batch_generator.py
[2026-06-17T03:09:00.405+0000] {logging_mixin.py:190} INFO - [2026-06-17T03:09:00.405+0000] {dag.py:3239} INFO - Sync 1 DAGs
[2026-06-17T03:09:00.419+0000] {logging_mixin.py:190} INFO - [2026-06-17T03:09:00.419+0000] {dag.py:4180} INFO - Setting next_dagrun for extract_raw_data_pipeline to 2026-06-16 07:59:00+00:00, run_after=2026-06-17 07:00:00+00:00
[2026-06-17T03:09:00.440+0000] {processor.py:208} INFO - Processing /opt/airflow/dags/batch_generator.py took 0.252 seconds
[2026-06-17T03:09:30.715+0000] {processor.py:186} INFO - Started process (PID=867) to work on /opt/airflow/dags/batch_generator.py
[2026-06-17T03:09:30.716+0000] {processor.py:914} INFO - Processing file /opt/airflow/dags/batch_generator.py for tasks to queue
[2026-06-17T03:09:30.718+0000] {logging_mixin.py:190} INFO - [2026-06-17T03:09:30.717+0000] {dagbag.py:588} INFO - Filling up the DagBag from /opt/airflow/dags/batch_generator.py
[2026-06-17T03:09:30.801+0000] {processor.py:925} INFO - DAG(s) 'extract_raw_data_pipeline' retrieved from /opt/airflow/dags/batch_generator.py
[2026-06-17T03:09:30.817+0000] {logging_mixin.py:190} INFO - [2026-06-17T03:09:30.817+0000] {dag.py:3239} INFO - Sync 1 DAGs
[2026-06-17T03:09:30.830+0000] {logging_mixin.py:190} INFO - [2026-06-17T03:09:30.830+0000] {dag.py:4180} INFO - Setting next_dagrun for extract_raw_data_pipeline to 2026-06-16 07:59:00+00:00, run_after=2026-06-17 07:00:00+00:00
[2026-06-17T03:09:30.843+0000] {processor.py:208} INFO - Processing /opt/airflow/dags/batch_generator.py took 0.131 seconds
[2026-06-17T03:10:00.930+0000] {processor.py:186} INFO - Started process (PID=875) to work on /opt/airflow/dags/batch_generator.py
[2026-06-17T03:10:00.930+0000] {processor.py:914} INFO - Processing file /opt/airflow/dags/batch_generator.py for tasks to queue
[2026-06-17T03:10:00.932+0000] {logging_mixin.py:190} INFO - [2026-06-17T03:10:00.932+0000] {dagbag.py:588} INFO - Filling up the DagBag from /opt/airflow/dags/batch_generator.py
[2026-06-17T03:10:01.187+0000] {processor.py:925} INFO - DAG(s) 'extract_raw_data_pipeline' retrieved from /opt/airflow/dags/batch_generator.py
[2026-06-17T03:10:01.206+0000] {logging_mixin.py:190} INFO - [2026-06-17T03:10:01.205+0000] {dag.py:3239} INFO - Sync 1 DAGs
[2026-06-17T03:10:01.220+0000] {logging_mixin.py:190} INFO - [2026-06-17T03:10:01.219+0000] {dag.py:4180} INFO - Setting next_dagrun for extract_raw_data_pipeline to 2026-06-16 07:59:00+00:00, run_after=2026-06-17 07:00:00+00:00
[2026-06-17T03:10:01.231+0000] {processor.py:208} INFO - Processing /opt/airflow/dags/batch_generator.py took 0.306 seconds
[2026-06-17T03:10:31.420+0000] {processor.py:186} INFO - Started process (PID=883) to work on /opt/airflow/dags/batch_generator.py
[2026-06-17T03:10:31.421+0000] {processor.py:914} INFO - Processing file /opt/airflow/dags/batch_generator.py for tasks to queue
[2026-06-17T03:10:31.422+0000] {logging_mixin.py:190} INFO - [2026-06-17T03:10:31.422+0000] {dagbag.py:588} INFO - Filling up the DagBag from /opt/airflow/dags/batch_generator.py
[2026-06-17T03:10:31.504+0000] {processor.py:925} INFO - DAG(s) 'extract_raw_data_pipeline' retrieved from /opt/airflow/dags/batch_generator.py
[2026-06-17T03:10:31.521+0000] {logging_mixin.py:190} INFO - [2026-06-17T03:10:31.521+0000] {dag.py:3239} INFO - Sync 1 DAGs
[2026-06-17T03:10:31.534+0000] {logging_mixin.py:190} INFO - [2026-06-17T03:10:31.533+0000] {dag.py:4180} INFO - Setting next_dagrun for extract_raw_data_pipeline to 2026-06-16 07:59:00+00:00, run_after=2026-06-17 07:00:00+00:00
[2026-06-17T03:10:31.547+0000] {processor.py:208} INFO - Processing /opt/airflow/dags/batch_generator.py took 0.131 seconds
[2026-06-17T03:11:01.790+0000] {processor.py:186} INFO - Started process (PID=891) to work on /opt/airflow/dags/batch_generator.py
[2026-06-17T03:11:01.791+0000] {processor.py:914} INFO - Processing file /opt/airflow/dags/batch_generator.py for tasks to queue
[2026-06-17T03:11:01.792+0000] {logging_mixin.py:190} INFO - [2026-06-17T03:11:01.792+0000] {dagbag.py:588} INFO - Filling up the DagBag from /opt/airflow/dags/batch_generator.py
[2026-06-17T03:11:01.878+0000] {processor.py:925} INFO - DAG(s) 'extract_raw_data_pipeline' retrieved from /opt/airflow/dags/batch_generator.py
[2026-06-17T03:11:01.892+0000] {logging_mixin.py:190} INFO - [2026-06-17T03:11:01.892+0000] {dag.py:3239} INFO - Sync 1 DAGs
[2026-06-17T03:11:01.903+0000] {logging_mixin.py:190} INFO - [2026-06-17T03:11:01.903+0000] {dag.py:4180} INFO - Setting next_dagrun for extract_raw_data_pipeline to 2026-06-16 07:59:00+00:00, run_after=2026-06-17 07:00:00+00:00
[2026-06-17T03:11:01.919+0000] {processor.py:208} INFO - Processing /opt/airflow/dags/batch_generator.py took 0.133 seconds
[2026-06-17T03:11:32.167+0000] {processor.py:186} INFO - Started process (PID=899) to work on /opt/airflow/dags/batch_generator.py
[2026-06-17T03:11:32.168+0000] {processor.py:914} INFO - Processing file /opt/airflow/dags/batch_generator.py for tasks to queue
[2026-06-17T03:11:32.170+0000] {logging_mixin.py:190} INFO - [2026-06-17T03:11:32.170+0000] {dagbag.py:588} INFO - Filling up the DagBag from /opt/airflow/dags/batch_generator.py
[2026-06-17T03:11:32.251+0000] {processor.py:925} INFO - DAG(s) 'extract_raw_data_pipeline' retrieved from /opt/airflow/dags/batch_generator.py
[2026-06-17T03:11:32.265+0000] {logging_mixin.py:190} INFO - [2026-06-17T03:11:32.265+0000] {dag.py:3239} INFO - Sync 1 DAGs
[2026-06-17T03:11:32.278+0000] {logging_mixin.py:190} INFO - [2026-06-17T03:11:32.278+0000] {dag.py:4180} INFO - Setting next_dagrun for extract_raw_data_pipeline to 2026-06-16 07:59:00+00:00, run_after=2026-06-17 07:00:00+00:00
[2026-06-17T03:11:32.291+0000] {processor.py:208} INFO - Processing /opt/airflow/dags/batch_generator.py took 0.130 seconds
[2026-06-17T03:12:02.475+0000] {processor.py:186} INFO - Started process (PID=907) to work on /opt/airflow/dags/batch_generator.py
[2026-06-17T03:12:02.476+0000] {processor.py:914} INFO - Processing file /opt/airflow/dags/batch_generator.py for tasks to queue
[2026-06-17T03:12:02.478+0000] {logging_mixin.py:190} INFO - [2026-06-17T03:12:02.478+0000] {dagbag.py:588} INFO - Filling up the DagBag from /opt/airflow/dags/batch_generator.py
[2026-06-17T03:12:02.562+0000] {processor.py:925} INFO - DAG(s) 'extract_raw_data_pipeline' retrieved from /opt/airflow/dags/batch_generator.py
[2026-06-17T03:12:02.578+0000] {logging_mixin.py:190} INFO - [2026-06-17T03:12:02.578+0000] {dag.py:3239} INFO - Sync 1 DAGs
[2026-06-17T03:12:02.592+0000] {logging_mixin.py:190} INFO - [2026-06-17T03:12:02.592+0000] {dag.py:4180} INFO - Setting next_dagrun for extract_raw_data_pipeline to 2026-06-16 07:59:00+00:00, run_after=2026-06-17 07:00:00+00:00
[2026-06-17T03:12:02.606+0000] {processor.py:208} INFO - Processing /opt/airflow/dags/batch_generator.py took 0.135 seconds
[2026-06-17T03:12:32.721+0000] {processor.py:186} INFO - Started process (PID=915) to work on /opt/airflow/dags/batch_generator.py
[2026-06-17T03:12:32.722+0000] {processor.py:914} INFO - Processing file /opt/airflow/dags/batch_generator.py for tasks to queue
[2026-06-17T03:12:32.724+0000] {logging_mixin.py:190} INFO - [2026-06-17T03:12:32.724+0000] {dagbag.py:588} INFO - Filling up the DagBag from /opt/airflow/dags/batch_generator.py
[2026-06-17T03:12:32.832+0000] {processor.py:925} INFO - DAG(s) 'extract_raw_data_pipeline' retrieved from /opt/airflow/dags/batch_generator.py
[2026-06-17T03:12:32.849+0000] {logging_mixin.py:190} INFO - [2026-06-17T03:12:32.849+0000] {dag.py:3239} INFO - Sync 1 DAGs
[2026-06-17T03:12:32.864+0000] {logging_mixin.py:190} INFO - [2026-06-17T03:12:32.864+0000] {dag.py:4180} INFO - Setting next_dagrun for extract_raw_data_pipeline to 2026-06-16 07:59:00+00:00, run_after=2026-06-17 07:00:00+00:00
[2026-06-17T03:12:32.878+0000] {processor.py:208} INFO - Processing /opt/airflow/dags/batch_generator.py took 0.162 seconds
[2026-06-17T03:13:03.026+0000] {processor.py:186} INFO - Started process (PID=924) to work on /opt/airflow/dags/batch_generator.py
[2026-06-17T03:13:03.027+0000] {processor.py:914} INFO - Processing file /opt/airflow/dags/batch_generator.py for tasks to queue
[2026-06-17T03:13:03.029+0000] {logging_mixin.py:190} INFO - [2026-06-17T03:13:03.029+0000] {dagbag.py:588} INFO - Filling up the DagBag from /opt/airflow/dags/batch_generator.py
[2026-06-17T03:13:03.128+0000] {processor.py:925} INFO - DAG(s) 'extract_raw_data_pipeline' retrieved from /opt/airflow/dags/batch_generator.py
[2026-06-17T03:13:03.141+0000] {logging_mixin.py:190} INFO - [2026-06-17T03:13:03.141+0000] {dag.py:3239} INFO - Sync 1 DAGs
[2026-06-17T03:13:03.152+0000] {logging_mixin.py:190} INFO - [2026-06-17T03:13:03.152+0000] {dag.py:4180} INFO - Setting next_dagrun for extract_raw_data_pipeline to 2026-06-16 07:59:00+00:00, run_after=2026-06-17 07:00:00+00:00
[2026-06-17T03:13:03.170+0000] {processor.py:208} INFO - Processing /opt/airflow/dags/batch_generator.py took 0.149 seconds
[2026-06-17T03:13:33.386+0000] {processor.py:186} INFO - Started process (PID=932) to work on /opt/airflow/dags/batch_generator.py
[2026-06-17T03:13:33.387+0000] {processor.py:914} INFO - Processing file /opt/airflow/dags/batch_generator.py for tasks to queue
[2026-06-17T03:13:33.389+0000] {logging_mixin.py:190} INFO - [2026-06-17T03:13:33.388+0000] {dagbag.py:588} INFO - Filling up the DagBag from /opt/airflow/dags/batch_generator.py
[2026-06-17T03:13:33.472+0000] {processor.py:925} INFO - DAG(s) 'extract_raw_data_pipeline' retrieved from /opt/airflow/dags/batch_generator.py
[2026-06-17T03:13:33.484+0000] {logging_mixin.py:190} INFO - [2026-06-17T03:13:33.484+0000] {dag.py:3239} INFO - Sync 1 DAGs
[2026-06-17T03:13:33.497+0000] {logging_mixin.py:190} INFO - [2026-06-17T03:13:33.497+0000] {dag.py:4180} INFO - Setting next_dagrun for extract_raw_data_pipeline to 2026-06-16 07:59:00+00:00, run_after=2026-06-17 07:00:00+00:00
[2026-06-17T03:13:33.509+0000] {processor.py:208} INFO - Processing /opt/airflow/dags/batch_generator.py took 0.126 seconds
[2026-06-17T03:14:03.652+0000] {processor.py:186} INFO - Started process (PID=940) to work on /opt/airflow/dags/batch_generator.py
[2026-06-17T03:14:03.653+0000] {processor.py:914} INFO - Processing file /opt/airflow/dags/batch_generator.py for tasks to queue
[2026-06-17T03:14:03.655+0000] {logging_mixin.py:190} INFO - [2026-06-17T03:14:03.655+0000] {dagbag.py:588} INFO - Filling up the DagBag from /opt/airflow/dags/batch_generator.py
[2026-06-17T03:14:03.736+0000] {processor.py:925} INFO - DAG(s) 'extract_raw_data_pipeline' retrieved from /opt/airflow/dags/batch_generator.py
[2026-06-17T03:14:03.748+0000] {logging_mixin.py:190} INFO - [2026-06-17T03:14:03.748+0000] {dag.py:3239} INFO - Sync 1 DAGs
[2026-06-17T03:14:03.760+0000] {logging_mixin.py:190} INFO - [2026-06-17T03:14:03.760+0000] {dag.py:4180} INFO - Setting next_dagrun for extract_raw_data_pipeline to 2026-06-16 07:59:00+00:00, run_after=2026-06-17 07:00:00+00:00
[2026-06-17T03:14:03.772+0000] {processor.py:208} INFO - Processing /opt/airflow/dags/batch_generator.py took 0.124 seconds
[2026-06-17T03:14:34.063+0000] {processor.py:186} INFO - Started process (PID=948) to work on /opt/airflow/dags/batch_generator.py
[2026-06-17T03:14:34.063+0000] {processor.py:914} INFO - Processing file /opt/airflow/dags/batch_generator.py for tasks to queue
[2026-06-17T03:14:34.065+0000] {logging_mixin.py:190} INFO - [2026-06-17T03:14:34.065+0000] {dagbag.py:588} INFO - Filling up the DagBag from /opt/airflow/dags/batch_generator.py
[2026-06-17T03:14:34.145+0000] {processor.py:925} INFO - DAG(s) 'extract_raw_data_pipeline' retrieved from /opt/airflow/dags/batch_generator.py
[2026-06-17T03:14:34.164+0000] {logging_mixin.py:190} INFO - [2026-06-17T03:14:34.164+0000] {dag.py:3239} INFO - Sync 1 DAGs
[2026-06-17T03:14:34.177+0000] {logging_mixin.py:190} INFO - [2026-06-17T03:14:34.177+0000] {dag.py:4180} INFO - Setting next_dagrun for extract_raw_data_pipeline to 2026-06-16 07:59:00+00:00, run_after=2026-06-17 07:00:00+00:00
[2026-06-17T03:14:34.189+0000] {processor.py:208} INFO - Processing /opt/airflow/dags/batch_generator.py took 0.132 seconds
[2026-06-17T03:15:04.301+0000] {processor.py:186} INFO - Started process (PID=956) to work on /opt/airflow/dags/batch_generator.py
[2026-06-17T03:15:04.302+0000] {processor.py:914} INFO - Processing file /opt/airflow/dags/batch_generator.py for tasks to queue
[2026-06-17T03:15:04.303+0000] {logging_mixin.py:190} INFO - [2026-06-17T03:15:04.303+0000] {dagbag.py:588} INFO - Filling up the DagBag from /opt/airflow/dags/batch_generator.py
[2026-06-17T03:15:04.400+0000] {processor.py:925} INFO - DAG(s) 'extract_raw_data_pipeline' retrieved from /opt/airflow/dags/batch_generator.py
[2026-06-17T03:15:04.416+0000] {logging_mixin.py:190} INFO - [2026-06-17T03:15:04.415+0000] {dag.py:3239} INFO - Sync 1 DAGs
[2026-06-17T03:15:04.429+0000] {logging_mixin.py:190} INFO - [2026-06-17T03:15:04.428+0000] {dag.py:4180} INFO - Setting next_dagrun for extract_raw_data_pipeline to 2026-06-16 07:59:00+00:00, run_after=2026-06-17 07:00:00+00:00
[2026-06-17T03:15:04.444+0000] {processor.py:208} INFO - Processing /opt/airflow/dags/batch_generator.py took 0.147 seconds
[2026-06-17T03:15:34.793+0000] {processor.py:186} INFO - Started process (PID=964) to work on /opt/airflow/dags/batch_generator.py
[2026-06-17T03:15:34.794+0000] {processor.py:914} INFO - Processing file /opt/airflow/dags/batch_generator.py for tasks to queue
[2026-06-17T03:15:34.796+0000] {logging_mixin.py:190} INFO - [2026-06-17T03:15:34.795+0000] {dagbag.py:588} INFO - Filling up the DagBag from /opt/airflow/dags/batch_generator.py
[2026-06-17T03:15:34.876+0000] {processor.py:925} INFO - DAG(s) 'extract_raw_data_pipeline' retrieved from /opt/airflow/dags/batch_generator.py
[2026-06-17T03:15:34.889+0000] {logging_mixin.py:190} INFO - [2026-06-17T03:15:34.889+0000] {dag.py:3239} INFO - Sync 1 DAGs
[2026-06-17T03:15:34.902+0000] {logging_mixin.py:190} INFO - [2026-06-17T03:15:34.902+0000] {dag.py:4180} INFO - Setting next_dagrun for extract_raw_data_pipeline to 2026-06-16 07:59:00+00:00, run_after=2026-06-17 07:00:00+00:00
[2026-06-17T03:15:34.926+0000] {processor.py:208} INFO - Processing /opt/airflow/dags/batch_generator.py took 0.136 seconds
[2026-06-17T03:16:05.096+0000] {processor.py:186} INFO - Started process (PID=972) to work on /opt/airflow/dags/batch_generator.py
[2026-06-17T03:16:05.097+0000] {processor.py:914} INFO - Processing file /opt/airflow/dags/batch_generator.py for tasks to queue
[2026-06-17T03:16:05.099+0000] {logging_mixin.py:190} INFO - [2026-06-17T03:16:05.099+0000] {dagbag.py:588} INFO - Filling up the DagBag from /opt/airflow/dags/batch_generator.py
[2026-06-17T03:16:05.181+0000] {processor.py:925} INFO - DAG(s) 'extract_raw_data_pipeline' retrieved from /opt/airflow/dags/batch_generator.py
[2026-06-17T03:16:05.196+0000] {logging_mixin.py:190} INFO - [2026-06-17T03:16:05.196+0000] {dag.py:3239} INFO - Sync 1 DAGs
[2026-06-17T03:16:05.209+0000] {logging_mixin.py:190} INFO - [2026-06-17T03:16:05.209+0000] {dag.py:4180} INFO - Setting next_dagrun for extract_raw_data_pipeline to 2026-06-16 07:59:00+00:00, run_after=2026-06-17 07:00:00+00:00
[2026-06-17T03:16:05.229+0000] {processor.py:208} INFO - Processing /opt/airflow/dags/batch_generator.py took 0.136 seconds
[2026-06-17T03:16:35.428+0000] {processor.py:186} INFO - Started process (PID=984) to work on /opt/airflow/dags/batch_generator.py
[2026-06-17T03:16:35.429+0000] {processor.py:914} INFO - Processing file /opt/airflow/dags/batch_generator.py for tasks to queue
[2026-06-17T03:16:35.431+0000] {logging_mixin.py:190} INFO - [2026-06-17T03:16:35.430+0000] {dagbag.py:588} INFO - Filling up the DagBag from /opt/airflow/dags/batch_generator.py
[2026-06-17T03:16:35.526+0000] {processor.py:925} INFO - DAG(s) 'extract_raw_data_pipeline' retrieved from /opt/airflow/dags/batch_generator.py
[2026-06-17T03:16:35.540+0000] {logging_mixin.py:190} INFO - [2026-06-17T03:16:35.540+0000] {dag.py:3239} INFO - Sync 1 DAGs
[2026-06-17T03:16:35.553+0000] {logging_mixin.py:190} INFO - [2026-06-17T03:16:35.553+0000] {dag.py:4180} INFO - Setting next_dagrun for extract_raw_data_pipeline to 2026-06-16 07:59:00+00:00, run_after=2026-06-17 07:00:00+00:00
[2026-06-17T03:16:35.569+0000] {processor.py:208} INFO - Processing /opt/airflow/dags/batch_generator.py took 0.145 seconds
[2026-06-17T03:17:05.752+0000] {processor.py:186} INFO - Started process (PID=992) to work on /opt/airflow/dags/batch_generator.py
[2026-06-17T03:17:05.753+0000] {processor.py:914} INFO - Processing file /opt/airflow/dags/batch_generator.py for tasks to queue
[2026-06-17T03:17:05.754+0000] {logging_mixin.py:190} INFO - [2026-06-17T03:17:05.754+0000] {dagbag.py:588} INFO - Filling up the DagBag from /opt/airflow/dags/batch_generator.py
[2026-06-17T03:17:05.838+0000] {processor.py:925} INFO - DAG(s) 'extract_raw_data_pipeline' retrieved from /opt/airflow/dags/batch_generator.py
[2026-06-17T03:17:05.853+0000] {logging_mixin.py:190} INFO - [2026-06-17T03:17:05.853+0000] {dag.py:3239} INFO - Sync 1 DAGs
[2026-06-17T03:17:05.866+0000] {logging_mixin.py:190} INFO - [2026-06-17T03:17:05.866+0000] {dag.py:4180} INFO - Setting next_dagrun for extract_raw_data_pipeline to 2026-06-16 07:59:00+00:00, run_after=2026-06-17 07:00:00+00:00
[2026-06-17T03:17:05.888+0000] {processor.py:208} INFO - Processing /opt/airflow/dags/batch_generator.py took 0.140 seconds
[2026-06-17T03:17:36.171+0000] {processor.py:186} INFO - Started process (PID=1000) to work on /opt/airflow/dags/batch_generator.py
[2026-06-17T03:17:36.172+0000] {processor.py:914} INFO - Processing file /opt/airflow/dags/batch_generator.py for tasks to queue
[2026-06-17T03:17:36.173+0000] {logging_mixin.py:190} INFO - [2026-06-17T03:17:36.173+0000] {dagbag.py:588} INFO - Filling up the DagBag from /opt/airflow/dags/batch_generator.py
[2026-06-17T03:17:36.529+0000] {processor.py:925} INFO - DAG(s) 'extract_raw_data_pipeline' retrieved from /opt/airflow/dags/batch_generator.py
[2026-06-17T03:17:36.550+0000] {logging_mixin.py:190} INFO - [2026-06-17T03:17:36.549+0000] {dag.py:3239} INFO - Sync 1 DAGs
[2026-06-17T03:17:36.563+0000] {logging_mixin.py:190} INFO - [2026-06-17T03:17:36.563+0000] {dag.py:4180} INFO - Setting next_dagrun for extract_raw_data_pipeline to 2026-06-16 07:59:00+00:00, run_after=2026-06-17 07:00:00+00:00
[2026-06-17T03:17:36.576+0000] {processor.py:208} INFO - Processing /opt/airflow/dags/batch_generator.py took 0.409 seconds
[2026-06-17T18:41:19.877+0000] {processor.py:186} INFO - Started process (PID=65) to work on /opt/airflow/dags/batch_generator.py
[2026-06-17T18:41:19.879+0000] {processor.py:914} INFO - Processing file /opt/airflow/dags/batch_generator.py for tasks to queue
[2026-06-17T18:41:19.881+0000] {logging_mixin.py:190} INFO - [2026-06-17T18:41:19.880+0000] {dagbag.py:588} INFO - Filling up the DagBag from /opt/airflow/dags/batch_generator.py
[2026-06-17T18:41:20.377+0000] {processor.py:925} INFO - DAG(s) 'extract_raw_data_pipeline' retrieved from /opt/airflow/dags/batch_generator.py
[2026-06-17T18:41:20.395+0000] {logging_mixin.py:190} INFO - [2026-06-17T18:41:20.395+0000] {dag.py:3239} INFO - Sync 1 DAGs
[2026-06-17T18:41:20.411+0000] {logging_mixin.py:190} INFO - [2026-06-17T18:41:20.411+0000] {dag.py:4180} INFO - Setting next_dagrun for extract_raw_data_pipeline to 2026-06-17 07:58:00+00:00, run_after=2026-06-17 07:59:00+00:00
[2026-06-17T18:41:20.425+0000] {processor.py:208} INFO - Processing /opt/airflow/dags/batch_generator.py took 0.552 seconds
[2026-06-17T18:41:32.143+0000] {processor.py:186} INFO - Started process (PID=70) to work on /opt/airflow/dags/batch_generator.py
[2026-06-17T18:41:32.144+0000] {processor.py:914} INFO - Processing file /opt/airflow/dags/batch_generator.py for tasks to queue
[2026-06-17T18:41:32.146+0000] {logging_mixin.py:190} INFO - [2026-06-17T18:41:32.146+0000] {dagbag.py:588} INFO - Filling up the DagBag from /opt/airflow/dags/batch_generator.py
[2026-06-17T18:41:32.434+0000] {processor.py:925} INFO - DAG(s) 'extract_raw_data_pipeline' retrieved from /opt/airflow/dags/batch_generator.py
[2026-06-17T18:41:32.459+0000] {logging_mixin.py:190} INFO - [2026-06-17T18:41:32.458+0000] {dag.py:3239} INFO - Sync 1 DAGs
[2026-06-17T18:41:32.478+0000] {logging_mixin.py:190} INFO - [2026-06-17T18:41:32.478+0000] {dag.py:4180} INFO - Setting next_dagrun for extract_raw_data_pipeline to 2026-06-17 07:59:00+00:00, run_after=2026-06-18 07:00:00+00:00
[2026-06-17T18:41:32.511+0000] {processor.py:208} INFO - Processing /opt/airflow/dags/batch_generator.py took 0.371 seconds
[2026-06-17T18:42:02.951+0000] {processor.py:186} INFO - Started process (PID=78) to work on /opt/airflow/dags/batch_generator.py
[2026-06-17T18:42:02.952+0000] {processor.py:914} INFO - Processing file /opt/airflow/dags/batch_generator.py for tasks to queue
[2026-06-17T18:42:02.953+0000] {logging_mixin.py:190} INFO - [2026-06-17T18:42:02.953+0000] {dagbag.py:588} INFO - Filling up the DagBag from /opt/airflow/dags/batch_generator.py
[2026-06-17T18:42:03.136+0000] {processor.py:925} INFO - DAG(s) 'extract_raw_data_pipeline' retrieved from /opt/airflow/dags/batch_generator.py
[2026-06-17T18:42:03.151+0000] {logging_mixin.py:190} INFO - [2026-06-17T18:42:03.150+0000] {dag.py:3239} INFO - Sync 1 DAGs
[2026-06-17T18:42:03.168+0000] {logging_mixin.py:190} INFO - [2026-06-17T18:42:03.168+0000] {dag.py:4180} INFO - Setting next_dagrun for extract_raw_data_pipeline to 2026-06-17 07:59:00+00:00, run_after=2026-06-18 07:00:00+00:00
[2026-06-17T18:42:03.277+0000] {processor.py:208} INFO - Processing /opt/airflow/dags/batch_generator.py took 0.330 seconds
[2026-06-17T18:42:33.773+0000] {processor.py:186} INFO - Started process (PID=86) to work on /opt/airflow/dags/batch_generator.py
[2026-06-17T18:42:33.776+0000] {processor.py:914} INFO - Processing file /opt/airflow/dags/batch_generator.py for tasks to queue
[2026-06-17T18:42:33.782+0000] {logging_mixin.py:190} INFO - [2026-06-17T18:42:33.782+0000] {dagbag.py:588} INFO - Filling up the DagBag from /opt/airflow/dags/batch_generator.py
[2026-06-17T18:42:34.345+0000] {processor.py:925} INFO - DAG(s) 'extract_raw_data_pipeline' retrieved from /opt/airflow/dags/batch_generator.py
[2026-06-17T18:42:34.362+0000] {logging_mixin.py:190} INFO - [2026-06-17T18:42:34.362+0000] {dag.py:3239} INFO - Sync 1 DAGs
[2026-06-17T18:42:34.375+0000] {logging_mixin.py:190} INFO - [2026-06-17T18:42:34.375+0000] {dag.py:4180} INFO - Setting next_dagrun for extract_raw_data_pipeline to 2026-06-17 07:59:00+00:00, run_after=2026-06-18 07:00:00+00:00
[2026-06-17T18:42:34.387+0000] {processor.py:208} INFO - Processing /opt/airflow/dags/batch_generator.py took 0.619 seconds
[2026-06-17T18:43:04.697+0000] {processor.py:186} INFO - Started process (PID=94) to work on /opt/airflow/dags/batch_generator.py
[2026-06-17T18:43:04.697+0000] {processor.py:914} INFO - Processing file /opt/airflow/dags/batch_generator.py for tasks to queue
[2026-06-17T18:43:04.699+0000] {logging_mixin.py:190} INFO - [2026-06-17T18:43:04.699+0000] {dagbag.py:588} INFO - Filling up the DagBag from /opt/airflow/dags/batch_generator.py
[2026-06-17T18:43:04.904+0000] {processor.py:925} INFO - DAG(s) 'extract_raw_data_pipeline' retrieved from /opt/airflow/dags/batch_generator.py
[2026-06-17T18:43:04.918+0000] {logging_mixin.py:190} INFO - [2026-06-17T18:43:04.918+0000] {dag.py:3239} INFO - Sync 1 DAGs
[2026-06-17T18:43:04.930+0000] {logging_mixin.py:190} INFO - [2026-06-17T18:43:04.929+0000] {dag.py:4180} INFO - Setting next_dagrun for extract_raw_data_pipeline to 2026-06-17 07:59:00+00:00, run_after=2026-06-18 07:00:00+00:00
[2026-06-17T18:43:04.941+0000] {processor.py:208} INFO - Processing /opt/airflow/dags/batch_generator.py took 0.248 seconds
[2026-06-17T18:43:35.029+0000] {processor.py:186} INFO - Started process (PID=102) to work on /opt/airflow/dags/batch_generator.py
[2026-06-17T18:43:35.030+0000] {processor.py:914} INFO - Processing file /opt/airflow/dags/batch_generator.py for tasks to queue
[2026-06-17T18:43:35.032+0000] {logging_mixin.py:190} INFO - [2026-06-17T18:43:35.031+0000] {dagbag.py:588} INFO - Filling up the DagBag from /opt/airflow/dags/batch_generator.py
[2026-06-17T18:43:35.220+0000] {processor.py:925} INFO - DAG(s) 'extract_raw_data_pipeline' retrieved from /opt/airflow/dags/batch_generator.py
[2026-06-17T18:43:35.232+0000] {logging_mixin.py:190} INFO - [2026-06-17T18:43:35.232+0000] {dag.py:3239} INFO - Sync 1 DAGs
[2026-06-17T18:43:35.243+0000] {logging_mixin.py:190} INFO - [2026-06-17T18:43:35.243+0000] {dag.py:4180} INFO - Setting next_dagrun for extract_raw_data_pipeline to 2026-06-17 07:59:00+00:00, run_after=2026-06-18 07:00:00+00:00
[2026-06-17T18:43:35.253+0000] {processor.py:208} INFO - Processing /opt/airflow/dags/batch_generator.py took 0.228 seconds
[2026-06-17T18:44:05.491+0000] {processor.py:186} INFO - Started process (PID=110) to work on /opt/airflow/dags/batch_generator.py
[2026-06-17T18:44:05.492+0000] {processor.py:914} INFO - Processing file /opt/airflow/dags/batch_generator.py for tasks to queue
[2026-06-17T18:44:05.493+0000] {logging_mixin.py:190} INFO - [2026-06-17T18:44:05.493+0000] {dagbag.py:588} INFO - Filling up the DagBag from /opt/airflow/dags/batch_generator.py
[2026-06-17T18:44:05.679+0000] {processor.py:925} INFO - DAG(s) 'extract_raw_data_pipeline' retrieved from /opt/airflow/dags/batch_generator.py
[2026-06-17T18:44:05.691+0000] {logging_mixin.py:190} INFO - [2026-06-17T18:44:05.691+0000] {dag.py:3239} INFO - Sync 1 DAGs
[2026-06-17T18:44:05.702+0000] {logging_mixin.py:190} INFO - [2026-06-17T18:44:05.702+0000] {dag.py:4180} INFO - Setting next_dagrun for extract_raw_data_pipeline to 2026-06-17 07:59:00+00:00, run_after=2026-06-18 07:00:00+00:00
[2026-06-17T18:44:05.713+0000] {processor.py:208} INFO - Processing /opt/airflow/dags/batch_generator.py took 0.225 seconds
[2026-06-17T18:44:35.957+0000] {processor.py:186} INFO - Started process (PID=118) to work on /opt/airflow/dags/batch_generator.py
[2026-06-17T18:44:35.959+0000] {processor.py:914} INFO - Processing file /opt/airflow/dags/batch_generator.py for tasks to queue
[2026-06-17T18:44:35.964+0000] {logging_mixin.py:190} INFO - [2026-06-17T18:44:35.964+0000] {dagbag.py:588} INFO - Filling up the DagBag from /opt/airflow/dags/batch_generator.py
[2026-06-17T18:44:36.148+0000] {processor.py:925} INFO - DAG(s) 'extract_raw_data_pipeline' retrieved from /opt/airflow/dags/batch_generator.py
[2026-06-17T18:44:36.170+0000] {logging_mixin.py:190} INFO - [2026-06-17T18:44:36.169+0000] {dag.py:3239} INFO - Sync 1 DAGs
[2026-06-17T18:44:36.185+0000] {logging_mixin.py:190} INFO - [2026-06-17T18:44:36.185+0000] {dag.py:4180} INFO - Setting next_dagrun for extract_raw_data_pipeline to 2026-06-17 07:59:00+00:00, run_after=2026-06-18 07:00:00+00:00
[2026-06-17T18:44:36.207+0000] {processor.py:208} INFO - Processing /opt/airflow/dags/batch_generator.py took 0.255 seconds
[2026-06-17T18:45:06.416+0000] {processor.py:186} INFO - Started process (PID=126) to work on /opt/airflow/dags/batch_generator.py
[2026-06-17T18:45:06.416+0000] {processor.py:914} INFO - Processing file /opt/airflow/dags/batch_generator.py for tasks to queue
[2026-06-17T18:45:06.418+0000] {logging_mixin.py:190} INFO - [2026-06-17T18:45:06.418+0000] {dagbag.py:588} INFO - Filling up the DagBag from /opt/airflow/dags/batch_generator.py
[2026-06-17T18:45:06.514+0000] {processor.py:925} INFO - DAG(s) 'extract_raw_data_pipeline' retrieved from /opt/airflow/dags/batch_generator.py
[2026-06-17T18:45:06.529+0000] {logging_mixin.py:190} INFO - [2026-06-17T18:45:06.529+0000] {dag.py:3239} INFO - Sync 1 DAGs
[2026-06-17T18:45:06.543+0000] {logging_mixin.py:190} INFO - [2026-06-17T18:45:06.543+0000] {dag.py:4180} INFO - Setting next_dagrun for extract_raw_data_pipeline to 2026-06-17 07:59:00+00:00, run_after=2026-06-18 07:00:00+00:00
[2026-06-17T18:45:06.556+0000] {processor.py:208} INFO - Processing /opt/airflow/dags/batch_generator.py took 0.144 seconds
[2026-06-17T18:45:36.789+0000] {processor.py:186} INFO - Started process (PID=134) to work on /opt/airflow/dags/batch_generator.py
[2026-06-17T18:45:36.791+0000] {processor.py:914} INFO - Processing file /opt/airflow/dags/batch_generator.py for tasks to queue
[2026-06-17T18:45:36.793+0000] {logging_mixin.py:190} INFO - [2026-06-17T18:45:36.793+0000] {dagbag.py:588} INFO - Filling up the DagBag from /opt/airflow/dags/batch_generator.py
[2026-06-17T18:45:36.947+0000] {processor.py:925} INFO - DAG(s) 'extract_raw_data_pipeline' retrieved from /opt/airflow/dags/batch_generator.py
[2026-06-17T18:45:36.967+0000] {logging_mixin.py:190} INFO - [2026-06-17T18:45:36.967+0000] {dag.py:3239} INFO - Sync 1 DAGs
[2026-06-17T18:45:36.984+0000] {logging_mixin.py:190} INFO - [2026-06-17T18:45:36.984+0000] {dag.py:4180} INFO - Setting next_dagrun for extract_raw_data_pipeline to 2026-06-17 07:59:00+00:00, run_after=2026-06-18 07:00:00+00:00
[2026-06-17T18:45:37.004+0000] {processor.py:208} INFO - Processing /opt/airflow/dags/batch_generator.py took 0.219 seconds
[2026-06-17T18:46:07.262+0000] {processor.py:186} INFO - Started process (PID=143) to work on /opt/airflow/dags/batch_generator.py
[2026-06-17T18:46:07.263+0000] {processor.py:914} INFO - Processing file /opt/airflow/dags/batch_generator.py for tasks to queue
[2026-06-17T18:46:07.265+0000] {logging_mixin.py:190} INFO - [2026-06-17T18:46:07.264+0000] {dagbag.py:588} INFO - Filling up the DagBag from /opt/airflow/dags/batch_generator.py
[2026-06-17T18:46:07.364+0000] {processor.py:925} INFO - DAG(s) 'extract_raw_data_pipeline' retrieved from /opt/airflow/dags/batch_generator.py
[2026-06-17T18:46:07.385+0000] {logging_mixin.py:190} INFO - [2026-06-17T18:46:07.384+0000] {dag.py:3239} INFO - Sync 1 DAGs
[2026-06-17T18:46:07.401+0000] {logging_mixin.py:190} INFO - [2026-06-17T18:46:07.400+0000] {dag.py:4180} INFO - Setting next_dagrun for extract_raw_data_pipeline to 2026-06-17 07:59:00+00:00, run_after=2026-06-18 07:00:00+00:00
[2026-06-17T18:46:07.419+0000] {processor.py:208} INFO - Processing /opt/airflow/dags/batch_generator.py took 0.160 seconds
[2026-06-17T18:46:37.541+0000] {processor.py:186} INFO - Started process (PID=157) to work on /opt/airflow/dags/batch_generator.py
[2026-06-17T18:46:37.542+0000] {processor.py:914} INFO - Processing file /opt/airflow/dags/batch_generator.py for tasks to queue
[2026-06-17T18:46:37.544+0000] {logging_mixin.py:190} INFO - [2026-06-17T18:46:37.544+0000] {dagbag.py:588} INFO - Filling up the DagBag from /opt/airflow/dags/batch_generator.py
[2026-06-17T18:46:37.633+0000] {processor.py:925} INFO - DAG(s) 'extract_raw_data_pipeline' retrieved from /opt/airflow/dags/batch_generator.py
[2026-06-17T18:46:37.650+0000] {logging_mixin.py:190} INFO - [2026-06-17T18:46:37.649+0000] {dag.py:3239} INFO - Sync 1 DAGs
[2026-06-17T18:46:37.663+0000] {logging_mixin.py:190} INFO - [2026-06-17T18:46:37.663+0000] {dag.py:4180} INFO - Setting next_dagrun for extract_raw_data_pipeline to 2026-06-17 07:59:00+00:00, run_after=2026-06-18 07:00:00+00:00
[2026-06-17T18:46:37.678+0000] {processor.py:208} INFO - Processing /opt/airflow/dags/batch_generator.py took 0.140 seconds
[2026-06-17T18:47:07.888+0000] {processor.py:186} INFO - Started process (PID=165) to work on /opt/airflow/dags/batch_generator.py
[2026-06-17T18:47:07.889+0000] {processor.py:914} INFO - Processing file /opt/airflow/dags/batch_generator.py for tasks to queue
[2026-06-17T18:47:07.891+0000] {logging_mixin.py:190} INFO - [2026-06-17T18:47:07.890+0000] {dagbag.py:588} INFO - Filling up the DagBag from /opt/airflow/dags/batch_generator.py
[2026-06-17T18:47:07.982+0000] {processor.py:925} INFO - DAG(s) 'extract_raw_data_pipeline' retrieved from /opt/airflow/dags/batch_generator.py
[2026-06-17T18:47:07.998+0000] {logging_mixin.py:190} INFO - [2026-06-17T18:47:07.998+0000] {dag.py:3239} INFO - Sync 1 DAGs
[2026-06-17T18:47:08.012+0000] {logging_mixin.py:190} INFO - [2026-06-17T18:47:08.012+0000] {dag.py:4180} INFO - Setting next_dagrun for extract_raw_data_pipeline to 2026-06-17 07:59:00+00:00, run_after=2026-06-18 07:00:00+00:00
[2026-06-17T18:47:08.026+0000] {processor.py:208} INFO - Processing /opt/airflow/dags/batch_generator.py took 0.141 seconds
[2026-06-17T18:47:38.109+0000] {processor.py:186} INFO - Started process (PID=173) to work on /opt/airflow/dags/batch_generator.py
[2026-06-17T18:47:38.110+0000] {processor.py:914} INFO - Processing file /opt/airflow/dags/batch_generator.py for tasks to queue
[2026-06-17T18:47:38.111+0000] {logging_mixin.py:190} INFO - [2026-06-17T18:47:38.111+0000] {dagbag.py:588} INFO - Filling up the DagBag from /opt/airflow/dags/batch_generator.py
[2026-06-17T18:47:38.201+0000] {processor.py:925} INFO - DAG(s) 'extract_raw_data_pipeline' retrieved from /opt/airflow/dags/batch_generator.py
[2026-06-17T18:47:38.218+0000] {logging_mixin.py:190} INFO - [2026-06-17T18:47:38.218+0000] {dag.py:3239} INFO - Sync 1 DAGs
[2026-06-17T18:47:38.233+0000] {logging_mixin.py:190} INFO - [2026-06-17T18:47:38.232+0000] {dag.py:4180} INFO - Setting next_dagrun for extract_raw_data_pipeline to 2026-06-17 07:59:00+00:00, run_after=2026-06-18 07:00:00+00:00
[2026-06-17T18:47:38.246+0000] {processor.py:208} INFO - Processing /opt/airflow/dags/batch_generator.py took 0.140 seconds
[2026-06-17T18:48:08.789+0000] {processor.py:186} INFO - Started process (PID=181) to work on /opt/airflow/dags/batch_generator.py
[2026-06-17T18:48:08.790+0000] {processor.py:914} INFO - Processing file /opt/airflow/dags/batch_generator.py for tasks to queue
[2026-06-17T18:48:08.792+0000] {logging_mixin.py:190} INFO - [2026-06-17T18:48:08.792+0000] {dagbag.py:588} INFO - Filling up the DagBag from /opt/airflow/dags/batch_generator.py
[2026-06-17T18:48:08.908+0000] {processor.py:925} INFO - DAG(s) 'extract_raw_data_pipeline' retrieved from /opt/airflow/dags/batch_generator.py
[2026-06-17T18:48:08.927+0000] {logging_mixin.py:190} INFO - [2026-06-17T18:48:08.927+0000] {dag.py:3239} INFO - Sync 1 DAGs
[2026-06-17T18:48:08.943+0000] {logging_mixin.py:190} INFO - [2026-06-17T18:48:08.943+0000] {dag.py:4180} INFO - Setting next_dagrun for extract_raw_data_pipeline to 2026-06-17 07:59:00+00:00, run_after=2026-06-18 07:00:00+00:00
[2026-06-17T18:48:08.967+0000] {processor.py:208} INFO - Processing /opt/airflow/dags/batch_generator.py took 0.183 seconds
[2026-06-17T18:48:39.084+0000] {processor.py:186} INFO - Started process (PID=189) to work on /opt/airflow/dags/batch_generator.py
[2026-06-17T18:48:39.085+0000] {processor.py:914} INFO - Processing file /opt/airflow/dags/batch_generator.py for tasks to queue
[2026-06-17T18:48:39.086+0000] {logging_mixin.py:190} INFO - [2026-06-17T18:48:39.086+0000] {dagbag.py:588} INFO - Filling up the DagBag from /opt/airflow/dags/batch_generator.py
[2026-06-17T18:48:39.178+0000] {processor.py:925} INFO - DAG(s) 'extract_raw_data_pipeline' retrieved from /opt/airflow/dags/batch_generator.py
[2026-06-17T18:48:39.195+0000] {logging_mixin.py:190} INFO - [2026-06-17T18:48:39.195+0000] {dag.py:3239} INFO - Sync 1 DAGs
[2026-06-17T18:48:39.211+0000] {logging_mixin.py:190} INFO - [2026-06-17T18:48:39.211+0000] {dag.py:4180} INFO - Setting next_dagrun for extract_raw_data_pipeline to 2026-06-17 07:59:00+00:00, run_after=2026-06-18 07:00:00+00:00
[2026-06-17T18:48:39.228+0000] {processor.py:208} INFO - Processing /opt/airflow/dags/batch_generator.py took 0.147 seconds
[2026-06-17T18:49:09.330+0000] {processor.py:186} INFO - Started process (PID=197) to work on /opt/airflow/dags/batch_generator.py
[2026-06-17T18:49:09.330+0000] {processor.py:914} INFO - Processing file /opt/airflow/dags/batch_generator.py for tasks to queue
[2026-06-17T18:49:09.332+0000] {logging_mixin.py:190} INFO - [2026-06-17T18:49:09.332+0000] {dagbag.py:588} INFO - Filling up the DagBag from /opt/airflow/dags/batch_generator.py
[2026-06-17T18:49:09.421+0000] {processor.py:925} INFO - DAG(s) 'extract_raw_data_pipeline' retrieved from /opt/airflow/dags/batch_generator.py
[2026-06-17T18:49:09.438+0000] {logging_mixin.py:190} INFO - [2026-06-17T18:49:09.438+0000] {dag.py:3239} INFO - Sync 1 DAGs
[2026-06-17T18:49:09.470+0000] {logging_mixin.py:190} INFO - [2026-06-17T18:49:09.470+0000] {dag.py:4180} INFO - Setting next_dagrun for extract_raw_data_pipeline to 2026-06-17 07:59:00+00:00, run_after=2026-06-18 07:00:00+00:00
[2026-06-17T18:49:09.561+0000] {processor.py:208} INFO - Processing /opt/airflow/dags/batch_generator.py took 0.234 seconds
[2026-06-17T18:49:39.780+0000] {processor.py:186} INFO - Started process (PID=205) to work on /opt/airflow/dags/batch_generator.py
[2026-06-17T18:49:39.781+0000] {processor.py:914} INFO - Processing file /opt/airflow/dags/batch_generator.py for tasks to queue
[2026-06-17T18:49:39.782+0000] {logging_mixin.py:190} INFO - [2026-06-17T18:49:39.782+0000] {dagbag.py:588} INFO - Filling up the DagBag from /opt/airflow/dags/batch_generator.py
[2026-06-17T18:49:39.875+0000] {processor.py:925} INFO - DAG(s) 'extract_raw_data_pipeline' retrieved from /opt/airflow/dags/batch_generator.py
[2026-06-17T18:49:39.891+0000] {logging_mixin.py:190} INFO - [2026-06-17T18:49:39.890+0000] {dag.py:3239} INFO - Sync 1 DAGs
[2026-06-17T18:49:39.905+0000] {logging_mixin.py:190} INFO - [2026-06-17T18:49:39.904+0000] {dag.py:4180} INFO - Setting next_dagrun for extract_raw_data_pipeline to 2026-06-17 07:59:00+00:00, run_after=2026-06-18 07:00:00+00:00
[2026-06-17T18:49:39.917+0000] {processor.py:208} INFO - Processing /opt/airflow/dags/batch_generator.py took 0.140 seconds
[2026-06-17T18:50:10.045+0000] {processor.py:186} INFO - Started process (PID=213) to work on /opt/airflow/dags/batch_generator.py
[2026-06-17T18:50:10.046+0000] {processor.py:914} INFO - Processing file /opt/airflow/dags/batch_generator.py for tasks to queue
[2026-06-17T18:50:10.048+0000] {logging_mixin.py:190} INFO - [2026-06-17T18:50:10.047+0000] {dagbag.py:588} INFO - Filling up the DagBag from /opt/airflow/dags/batch_generator.py
[2026-06-17T18:50:10.141+0000] {processor.py:925} INFO - DAG(s) 'extract_raw_data_pipeline' retrieved from /opt/airflow/dags/batch_generator.py
[2026-06-17T18:50:10.158+0000] {logging_mixin.py:190} INFO - [2026-06-17T18:50:10.158+0000] {dag.py:3239} INFO - Sync 1 DAGs
[2026-06-17T18:50:10.173+0000] {logging_mixin.py:190} INFO - [2026-06-17T18:50:10.173+0000] {dag.py:4180} INFO - Setting next_dagrun for extract_raw_data_pipeline to 2026-06-17 07:59:00+00:00, run_after=2026-06-18 07:00:00+00:00
[2026-06-17T18:50:10.199+0000] {processor.py:208} INFO - Processing /opt/airflow/dags/batch_generator.py took 0.158 seconds
[2026-06-17T18:50:40.366+0000] {processor.py:186} INFO - Started process (PID=221) to work on /opt/airflow/dags/batch_generator.py
[2026-06-17T18:50:40.367+0000] {processor.py:914} INFO - Processing file /opt/airflow/dags/batch_generator.py for tasks to queue
[2026-06-17T18:50:40.368+0000] {logging_mixin.py:190} INFO - [2026-06-17T18:50:40.368+0000] {dagbag.py:588} INFO - Filling up the DagBag from /opt/airflow/dags/batch_generator.py
[2026-06-17T18:50:40.458+0000] {processor.py:925} INFO - DAG(s) 'extract_raw_data_pipeline' retrieved from /opt/airflow/dags/batch_generator.py
[2026-06-17T18:50:40.474+0000] {logging_mixin.py:190} INFO - [2026-06-17T18:50:40.474+0000] {dag.py:3239} INFO - Sync 1 DAGs
[2026-06-17T18:50:40.490+0000] {logging_mixin.py:190} INFO - [2026-06-17T18:50:40.490+0000] {dag.py:4180} INFO - Setting next_dagrun for extract_raw_data_pipeline to 2026-06-17 07:59:00+00:00, run_after=2026-06-18 07:00:00+00:00
[2026-06-17T18:50:40.504+0000] {processor.py:208} INFO - Processing /opt/airflow/dags/batch_generator.py took 0.141 seconds
[2026-06-17T18:51:00.823+0000] {processor.py:186} INFO - Started process (PID=60) to work on /opt/airflow/dags/batch_generator.py
[2026-06-17T18:51:00.823+0000] {processor.py:914} INFO - Processing file /opt/airflow/dags/batch_generator.py for tasks to queue
[2026-06-17T18:51:00.825+0000] {logging_mixin.py:190} INFO - [2026-06-17T18:51:00.825+0000] {dagbag.py:588} INFO - Filling up the DagBag from /opt/airflow/dags/batch_generator.py
[2026-06-17T18:51:01.032+0000] {processor.py:925} INFO - DAG(s) 'extract_raw_data_pipeline' retrieved from /opt/airflow/dags/batch_generator.py
[2026-06-17T18:51:01.045+0000] {logging_mixin.py:190} INFO - [2026-06-17T18:51:01.045+0000] {dag.py:3239} INFO - Sync 1 DAGs
[2026-06-17T18:51:01.057+0000] {logging_mixin.py:190} INFO - [2026-06-17T18:51:01.057+0000] {dag.py:4180} INFO - Setting next_dagrun for extract_raw_data_pipeline to 2026-06-17 07:59:00+00:00, run_after=2026-06-18 07:00:00+00:00
[2026-06-17T18:51:01.071+0000] {processor.py:208} INFO - Processing /opt/airflow/dags/batch_generator.py took 0.252 seconds
[2026-06-17T18:51:31.379+0000] {processor.py:186} INFO - Started process (PID=68) to work on /opt/airflow/dags/batch_generator.py
[2026-06-17T18:51:31.380+0000] {processor.py:914} INFO - Processing file /opt/airflow/dags/batch_generator.py for tasks to queue
[2026-06-17T18:51:31.381+0000] {logging_mixin.py:190} INFO - [2026-06-17T18:51:31.381+0000] {dagbag.py:588} INFO - Filling up the DagBag from /opt/airflow/dags/batch_generator.py
[2026-06-17T18:51:31.557+0000] {processor.py:925} INFO - DAG(s) 'extract_raw_data_pipeline' retrieved from /opt/airflow/dags/batch_generator.py
[2026-06-17T18:51:31.569+0000] {logging_mixin.py:190} INFO - [2026-06-17T18:51:31.568+0000] {dag.py:3239} INFO - Sync 1 DAGs
[2026-06-17T18:51:31.580+0000] {logging_mixin.py:190} INFO - [2026-06-17T18:51:31.580+0000] {dag.py:4180} INFO - Setting next_dagrun for extract_raw_data_pipeline to 2026-06-17 07:59:00+00:00, run_after=2026-06-18 07:00:00+00:00
[2026-06-17T18:51:31.592+0000] {processor.py:208} INFO - Processing /opt/airflow/dags/batch_generator.py took 0.216 seconds
[2026-06-17T18:52:01.855+0000] {processor.py:186} INFO - Started process (PID=76) to work on /opt/airflow/dags/batch_generator.py
[2026-06-17T18:52:01.857+0000] {processor.py:914} INFO - Processing file /opt/airflow/dags/batch_generator.py for tasks to queue
[2026-06-17T18:52:01.859+0000] {logging_mixin.py:190} INFO - [2026-06-17T18:52:01.858+0000] {dagbag.py:588} INFO - Filling up the DagBag from /opt/airflow/dags/batch_generator.py
[2026-06-17T18:52:02.059+0000] {processor.py:925} INFO - DAG(s) 'extract_raw_data_pipeline' retrieved from /opt/airflow/dags/batch_generator.py
[2026-06-17T18:52:02.073+0000] {logging_mixin.py:190} INFO - [2026-06-17T18:52:02.073+0000] {dag.py:3239} INFO - Sync 1 DAGs
[2026-06-17T18:52:02.086+0000] {logging_mixin.py:190} INFO - [2026-06-17T18:52:02.086+0000] {dag.py:4180} INFO - Setting next_dagrun for extract_raw_data_pipeline to 2026-06-17 07:59:00+00:00, run_after=2026-06-18 07:00:00+00:00
[2026-06-17T18:52:02.102+0000] {processor.py:208} INFO - Processing /opt/airflow/dags/batch_generator.py took 0.251 seconds
[2026-06-17T18:52:32.343+0000] {processor.py:186} INFO - Started process (PID=84) to work on /opt/airflow/dags/batch_generator.py
[2026-06-17T18:52:32.344+0000] {processor.py:914} INFO - Processing file /opt/airflow/dags/batch_generator.py for tasks to queue
[2026-06-17T18:52:32.346+0000] {logging_mixin.py:190} INFO - [2026-06-17T18:52:32.346+0000] {dagbag.py:588} INFO - Filling up the DagBag from /opt/airflow/dags/batch_generator.py
[2026-06-17T18:52:32.533+0000] {processor.py:925} INFO - DAG(s) 'extract_raw_data_pipeline' retrieved from /opt/airflow/dags/batch_generator.py
[2026-06-17T18:52:32.547+0000] {logging_mixin.py:190} INFO - [2026-06-17T18:52:32.546+0000] {dag.py:3239} INFO - Sync 1 DAGs
[2026-06-17T18:52:32.558+0000] {logging_mixin.py:190} INFO - [2026-06-17T18:52:32.557+0000] {dag.py:4180} INFO - Setting next_dagrun for extract_raw_data_pipeline to 2026-06-17 07:59:00+00:00, run_after=2026-06-18 07:00:00+00:00
[2026-06-17T18:52:32.569+0000] {processor.py:208} INFO - Processing /opt/airflow/dags/batch_generator.py took 0.230 seconds
[2026-06-17T18:53:02.832+0000] {processor.py:186} INFO - Started process (PID=92) to work on /opt/airflow/dags/batch_generator.py
[2026-06-17T18:53:02.833+0000] {processor.py:914} INFO - Processing file /opt/airflow/dags/batch_generator.py for tasks to queue
[2026-06-17T18:53:02.835+0000] {logging_mixin.py:190} INFO - [2026-06-17T18:53:02.835+0000] {dagbag.py:588} INFO - Filling up the DagBag from /opt/airflow/dags/batch_generator.py
[2026-06-17T18:53:03.049+0000] {processor.py:925} INFO - DAG(s) 'extract_raw_data_pipeline' retrieved from /opt/airflow/dags/batch_generator.py
[2026-06-17T18:53:03.063+0000] {logging_mixin.py:190} INFO - [2026-06-17T18:53:03.063+0000] {dag.py:3239} INFO - Sync 1 DAGs
[2026-06-17T18:53:03.073+0000] {logging_mixin.py:190} INFO - [2026-06-17T18:53:03.073+0000] {dag.py:4180} INFO - Setting next_dagrun for extract_raw_data_pipeline to 2026-06-17 07:59:00+00:00, run_after=2026-06-18 07:00:00+00:00
[2026-06-17T18:53:03.088+0000] {processor.py:208} INFO - Processing /opt/airflow/dags/batch_generator.py took 0.259 seconds
[2026-06-17T18:53:33.320+0000] {processor.py:186} INFO - Started process (PID=100) to work on /opt/airflow/dags/batch_generator.py
[2026-06-17T18:53:33.321+0000] {processor.py:914} INFO - Processing file /opt/airflow/dags/batch_generator.py for tasks to queue
[2026-06-17T18:53:33.322+0000] {logging_mixin.py:190} INFO - [2026-06-17T18:53:33.322+0000] {dagbag.py:588} INFO - Filling up the DagBag from /opt/airflow/dags/batch_generator.py
[2026-06-17T18:53:33.504+0000] {processor.py:925} INFO - DAG(s) 'extract_raw_data_pipeline' retrieved from /opt/airflow/dags/batch_generator.py
[2026-06-17T18:53:33.516+0000] {logging_mixin.py:190} INFO - [2026-06-17T18:53:33.516+0000] {dag.py:3239} INFO - Sync 1 DAGs
[2026-06-17T18:53:33.532+0000] {logging_mixin.py:190} INFO - [2026-06-17T18:53:33.532+0000] {dag.py:4180} INFO - Setting next_dagrun for extract_raw_data_pipeline to 2026-06-17 07:59:00+00:00, run_after=2026-06-18 07:00:00+00:00
[2026-06-17T18:53:33.544+0000] {processor.py:208} INFO - Processing /opt/airflow/dags/batch_generator.py took 0.227 seconds
[2026-06-17T18:54:03.703+0000] {processor.py:186} INFO - Started process (PID=114) to work on /opt/airflow/dags/batch_generator.py
[2026-06-17T18:54:03.704+0000] {processor.py:914} INFO - Processing file /opt/airflow/dags/batch_generator.py for tasks to queue
[2026-06-17T18:54:03.706+0000] {logging_mixin.py:190} INFO - [2026-06-17T18:54:03.705+0000] {dagbag.py:588} INFO - Filling up the DagBag from /opt/airflow/dags/batch_generator.py
[2026-06-17T18:54:03.795+0000] {processor.py:925} INFO - DAG(s) 'extract_raw_data_pipeline' retrieved from /opt/airflow/dags/batch_generator.py
[2026-06-17T18:54:03.813+0000] {logging_mixin.py:190} INFO - [2026-06-17T18:54:03.813+0000] {dag.py:3239} INFO - Sync 1 DAGs
[2026-06-17T18:54:03.827+0000] {logging_mixin.py:190} INFO - [2026-06-17T18:54:03.827+0000] {dag.py:4180} INFO - Setting next_dagrun for extract_raw_data_pipeline to 2026-06-17 07:59:00+00:00, run_after=2026-06-18 07:00:00+00:00
[2026-06-17T18:54:03.840+0000] {processor.py:208} INFO - Processing /opt/airflow/dags/batch_generator.py took 0.140 seconds
[2026-06-17T18:54:34.234+0000] {processor.py:186} INFO - Started process (PID=122) to work on /opt/airflow/dags/batch_generator.py
[2026-06-17T18:54:34.235+0000] {processor.py:914} INFO - Processing file /opt/airflow/dags/batch_generator.py for tasks to queue
[2026-06-17T18:54:34.238+0000] {logging_mixin.py:190} INFO - [2026-06-17T18:54:34.237+0000] {dagbag.py:588} INFO - Filling up the DagBag from /opt/airflow/dags/batch_generator.py
[2026-06-17T18:54:34.403+0000] {processor.py:925} INFO - DAG(s) 'extract_raw_data_pipeline' retrieved from /opt/airflow/dags/batch_generator.py
[2026-06-17T18:54:34.420+0000] {logging_mixin.py:190} INFO - [2026-06-17T18:54:34.420+0000] {dag.py:3239} INFO - Sync 1 DAGs
[2026-06-17T18:54:34.436+0000] {logging_mixin.py:190} INFO - [2026-06-17T18:54:34.436+0000] {dag.py:4180} INFO - Setting next_dagrun for extract_raw_data_pipeline to 2026-06-17 07:59:00+00:00, run_after=2026-06-18 07:00:00+00:00
[2026-06-17T18:54:34.452+0000] {processor.py:208} INFO - Processing /opt/airflow/dags/batch_generator.py took 0.226 seconds
[2026-06-17T18:55:04.539+0000] {processor.py:186} INFO - Started process (PID=130) to work on /opt/airflow/dags/batch_generator.py
[2026-06-17T18:55:04.540+0000] {processor.py:914} INFO - Processing file /opt/airflow/dags/batch_generator.py for tasks to queue
[2026-06-17T18:55:04.542+0000] {logging_mixin.py:190} INFO - [2026-06-17T18:55:04.541+0000] {dagbag.py:588} INFO - Filling up the DagBag from /opt/airflow/dags/batch_generator.py
[2026-06-17T18:55:04.644+0000] {processor.py:925} INFO - DAG(s) 'extract_raw_data_pipeline' retrieved from /opt/airflow/dags/batch_generator.py
[2026-06-17T18:55:04.663+0000] {logging_mixin.py:190} INFO - [2026-06-17T18:55:04.663+0000] {dag.py:3239} INFO - Sync 1 DAGs
[2026-06-17T18:55:04.680+0000] {logging_mixin.py:190} INFO - [2026-06-17T18:55:04.679+0000] {dag.py:4180} INFO - Setting next_dagrun for extract_raw_data_pipeline to 2026-06-17 07:59:00+00:00, run_after=2026-06-18 07:00:00+00:00
[2026-06-17T18:55:04.696+0000] {processor.py:208} INFO - Processing /opt/airflow/dags/batch_generator.py took 0.161 seconds
[2026-06-17T18:55:34.854+0000] {processor.py:186} INFO - Started process (PID=138) to work on /opt/airflow/dags/batch_generator.py
[2026-06-17T18:55:34.855+0000] {processor.py:914} INFO - Processing file /opt/airflow/dags/batch_generator.py for tasks to queue
[2026-06-17T18:55:34.856+0000] {logging_mixin.py:190} INFO - [2026-06-17T18:55:34.856+0000] {dagbag.py:588} INFO - Filling up the DagBag from /opt/airflow/dags/batch_generator.py
[2026-06-17T18:55:34.955+0000] {processor.py:925} INFO - DAG(s) 'extract_raw_data_pipeline' retrieved from /opt/airflow/dags/batch_generator.py
[2026-06-17T18:55:34.969+0000] {logging_mixin.py:190} INFO - [2026-06-17T18:55:34.968+0000] {dag.py:3239} INFO - Sync 1 DAGs
[2026-06-17T18:55:34.981+0000] {logging_mixin.py:190} INFO - [2026-06-17T18:55:34.981+0000] {dag.py:4180} INFO - Setting next_dagrun for extract_raw_data_pipeline to 2026-06-17 07:59:00+00:00, run_after=2026-06-18 07:00:00+00:00
[2026-06-17T18:55:34.994+0000] {processor.py:208} INFO - Processing /opt/airflow/dags/batch_generator.py took 0.143 seconds
[2026-06-17T18:56:05.388+0000] {processor.py:186} INFO - Started process (PID=146) to work on /opt/airflow/dags/batch_generator.py
[2026-06-17T18:56:05.389+0000] {processor.py:914} INFO - Processing file /opt/airflow/dags/batch_generator.py for tasks to queue
[2026-06-17T18:56:05.390+0000] {logging_mixin.py:190} INFO - [2026-06-17T18:56:05.390+0000] {dagbag.py:588} INFO - Filling up the DagBag from /opt/airflow/dags/batch_generator.py
[2026-06-17T18:56:05.496+0000] {processor.py:925} INFO - DAG(s) 'extract_raw_data_pipeline' retrieved from /opt/airflow/dags/batch_generator.py
[2026-06-17T18:56:05.511+0000] {logging_mixin.py:190} INFO - [2026-06-17T18:56:05.510+0000] {dag.py:3239} INFO - Sync 1 DAGs
[2026-06-17T18:56:05.525+0000] {logging_mixin.py:190} INFO - [2026-06-17T18:56:05.525+0000] {dag.py:4180} INFO - Setting next_dagrun for extract_raw_data_pipeline to 2026-06-17 07:59:00+00:00, run_after=2026-06-18 07:00:00+00:00
[2026-06-17T18:56:05.540+0000] {processor.py:208} INFO - Processing /opt/airflow/dags/batch_generator.py took 0.156 seconds
[2026-06-17T18:56:35.644+0000] {processor.py:186} INFO - Started process (PID=154) to work on /opt/airflow/dags/batch_generator.py
[2026-06-17T18:56:35.645+0000] {processor.py:914} INFO - Processing file /opt/airflow/dags/batch_generator.py for tasks to queue
[2026-06-17T18:56:35.646+0000] {logging_mixin.py:190} INFO - [2026-06-17T18:56:35.646+0000] {dagbag.py:588} INFO - Filling up the DagBag from /opt/airflow/dags/batch_generator.py
[2026-06-17T18:56:35.748+0000] {processor.py:925} INFO - DAG(s) 'extract_raw_data_pipeline' retrieved from /opt/airflow/dags/batch_generator.py
[2026-06-17T18:56:35.764+0000] {logging_mixin.py:190} INFO - [2026-06-17T18:56:35.764+0000] {dag.py:3239} INFO - Sync 1 DAGs
[2026-06-17T18:56:35.778+0000] {logging_mixin.py:190} INFO - [2026-06-17T18:56:35.777+0000] {dag.py:4180} INFO - Setting next_dagrun for extract_raw_data_pipeline to 2026-06-17 07:59:00+00:00, run_after=2026-06-18 07:00:00+00:00
[2026-06-17T18:56:35.793+0000] {processor.py:208} INFO - Processing /opt/airflow/dags/batch_generator.py took 0.152 seconds
[2026-06-17T18:57:05.987+0000] {processor.py:186} INFO - Started process (PID=166) to work on /opt/airflow/dags/batch_generator.py
[2026-06-17T18:57:05.988+0000] {processor.py:914} INFO - Processing file /opt/airflow/dags/batch_generator.py for tasks to queue
[2026-06-17T18:57:05.990+0000] {logging_mixin.py:190} INFO - [2026-06-17T18:57:05.990+0000] {dagbag.py:588} INFO - Filling up the DagBag from /opt/airflow/dags/batch_generator.py
[2026-06-17T18:57:06.084+0000] {processor.py:925} INFO - DAG(s) 'extract_raw_data_pipeline' retrieved from /opt/airflow/dags/batch_generator.py
[2026-06-17T18:57:06.099+0000] {logging_mixin.py:190} INFO - [2026-06-17T18:57:06.099+0000] {dag.py:3239} INFO - Sync 1 DAGs
[2026-06-17T18:57:06.114+0000] {logging_mixin.py:190} INFO - [2026-06-17T18:57:06.114+0000] {dag.py:4180} INFO - Setting next_dagrun for extract_raw_data_pipeline to 2026-06-17 07:59:00+00:00, run_after=2026-06-18 07:00:00+00:00
[2026-06-17T18:57:06.140+0000] {processor.py:208} INFO - Processing /opt/airflow/dags/batch_generator.py took 0.156 seconds
[2026-06-17T18:57:36.273+0000] {processor.py:186} INFO - Started process (PID=174) to work on /opt/airflow/dags/batch_generator.py
[2026-06-17T18:57:36.274+0000] {processor.py:914} INFO - Processing file /opt/airflow/dags/batch_generator.py for tasks to queue
[2026-06-17T18:57:36.275+0000] {logging_mixin.py:190} INFO - [2026-06-17T18:57:36.275+0000] {dagbag.py:588} INFO - Filling up the DagBag from /opt/airflow/dags/batch_generator.py
[2026-06-17T18:57:36.365+0000] {processor.py:925} INFO - DAG(s) 'extract_raw_data_pipeline' retrieved from /opt/airflow/dags/batch_generator.py
[2026-06-17T18:57:36.385+0000] {logging_mixin.py:190} INFO - [2026-06-17T18:57:36.385+0000] {dag.py:3239} INFO - Sync 1 DAGs
[2026-06-17T18:57:36.400+0000] {logging_mixin.py:190} INFO - [2026-06-17T18:57:36.400+0000] {dag.py:4180} INFO - Setting next_dagrun for extract_raw_data_pipeline to 2026-06-17 07:59:00+00:00, run_after=2026-06-18 07:00:00+00:00
[2026-06-17T18:57:36.417+0000] {processor.py:208} INFO - Processing /opt/airflow/dags/batch_generator.py took 0.148 seconds
[2026-06-17T18:58:06.660+0000] {processor.py:186} INFO - Started process (PID=182) to work on /opt/airflow/dags/batch_generator.py
[2026-06-17T18:58:06.661+0000] {processor.py:914} INFO - Processing file /opt/airflow/dags/batch_generator.py for tasks to queue
[2026-06-17T18:58:06.663+0000] {logging_mixin.py:190} INFO - [2026-06-17T18:58:06.662+0000] {dagbag.py:588} INFO - Filling up the DagBag from /opt/airflow/dags/batch_generator.py
[2026-06-17T18:58:06.759+0000] {processor.py:925} INFO - DAG(s) 'extract_raw_data_pipeline' retrieved from /opt/airflow/dags/batch_generator.py
[2026-06-17T18:58:06.775+0000] {logging_mixin.py:190} INFO - [2026-06-17T18:58:06.775+0000] {dag.py:3239} INFO - Sync 1 DAGs
[2026-06-17T18:58:06.790+0000] {logging_mixin.py:190} INFO - [2026-06-17T18:58:06.790+0000] {dag.py:4180} INFO - Setting next_dagrun for extract_raw_data_pipeline to 2026-06-17 07:59:00+00:00, run_after=2026-06-18 07:00:00+00:00
[2026-06-17T18:58:06.806+0000] {processor.py:208} INFO - Processing /opt/airflow/dags/batch_generator.py took 0.152 seconds
[2026-06-17T18:58:36.875+0000] {processor.py:186} INFO - Started process (PID=190) to work on /opt/airflow/dags/batch_generator.py
[2026-06-17T18:58:36.876+0000] {processor.py:914} INFO - Processing file /opt/airflow/dags/batch_generator.py for tasks to queue
[2026-06-17T18:58:36.877+0000] {logging_mixin.py:190} INFO - [2026-06-17T18:58:36.877+0000] {dagbag.py:588} INFO - Filling up the DagBag from /opt/airflow/dags/batch_generator.py
[2026-06-17T18:58:36.975+0000] {processor.py:925} INFO - DAG(s) 'extract_raw_data_pipeline' retrieved from /opt/airflow/dags/batch_generator.py
[2026-06-17T18:58:36.992+0000] {logging_mixin.py:190} INFO - [2026-06-17T18:58:36.992+0000] {dag.py:3239} INFO - Sync 1 DAGs
[2026-06-17T18:58:37.009+0000] {logging_mixin.py:190} INFO - [2026-06-17T18:58:37.009+0000] {dag.py:4180} INFO - Setting next_dagrun for extract_raw_data_pipeline to 2026-06-17 07:59:00+00:00, run_after=2026-06-18 07:00:00+00:00
[2026-06-17T18:58:37.023+0000] {processor.py:208} INFO - Processing /opt/airflow/dags/batch_generator.py took 0.151 seconds
[2026-06-17T18:59:07.250+0000] {processor.py:186} INFO - Started process (PID=198) to work on /opt/airflow/dags/batch_generator.py
[2026-06-17T18:59:07.251+0000] {processor.py:914} INFO - Processing file /opt/airflow/dags/batch_generator.py for tasks to queue
[2026-06-17T18:59:07.252+0000] {logging_mixin.py:190} INFO - [2026-06-17T18:59:07.252+0000] {dagbag.py:588} INFO - Filling up the DagBag from /opt/airflow/dags/batch_generator.py
[2026-06-17T18:59:07.347+0000] {processor.py:925} INFO - DAG(s) 'extract_raw_data_pipeline' retrieved from /opt/airflow/dags/batch_generator.py
[2026-06-17T18:59:07.363+0000] {logging_mixin.py:190} INFO - [2026-06-17T18:59:07.363+0000] {dag.py:3239} INFO - Sync 1 DAGs
[2026-06-17T18:59:07.378+0000] {logging_mixin.py:190} INFO - [2026-06-17T18:59:07.378+0000] {dag.py:4180} INFO - Setting next_dagrun for extract_raw_data_pipeline to 2026-06-17 07:59:00+00:00, run_after=2026-06-18 07:00:00+00:00
[2026-06-17T18:59:07.393+0000] {processor.py:208} INFO - Processing /opt/airflow/dags/batch_generator.py took 0.146 seconds
[2026-06-17T18:59:37.477+0000] {processor.py:186} INFO - Started process (PID=206) to work on /opt/airflow/dags/batch_generator.py
[2026-06-17T18:59:37.478+0000] {processor.py:914} INFO - Processing file /opt/airflow/dags/batch_generator.py for tasks to queue
[2026-06-17T18:59:37.480+0000] {logging_mixin.py:190} INFO - [2026-06-17T18:59:37.479+0000] {dagbag.py:588} INFO - Filling up the DagBag from /opt/airflow/dags/batch_generator.py
[2026-06-17T18:59:37.571+0000] {processor.py:925} INFO - DAG(s) 'extract_raw_data_pipeline' retrieved from /opt/airflow/dags/batch_generator.py
[2026-06-17T18:59:37.588+0000] {logging_mixin.py:190} INFO - [2026-06-17T18:59:37.588+0000] {dag.py:3239} INFO - Sync 1 DAGs
[2026-06-17T18:59:37.600+0000] {logging_mixin.py:190} INFO - [2026-06-17T18:59:37.600+0000] {dag.py:4180} INFO - Setting next_dagrun for extract_raw_data_pipeline to 2026-06-17 07:59:00+00:00, run_after=2026-06-18 07:00:00+00:00
[2026-06-17T18:59:37.613+0000] {processor.py:208} INFO - Processing /opt/airflow/dags/batch_generator.py took 0.139 seconds
[2026-06-17T19:00:07.734+0000] {processor.py:186} INFO - Started process (PID=214) to work on /opt/airflow/dags/batch_generator.py
[2026-06-17T19:00:07.734+0000] {processor.py:914} INFO - Processing file /opt/airflow/dags/batch_generator.py for tasks to queue
[2026-06-17T19:00:07.736+0000] {logging_mixin.py:190} INFO - [2026-06-17T19:00:07.736+0000] {dagbag.py:588} INFO - Filling up the DagBag from /opt/airflow/dags/batch_generator.py
[2026-06-17T19:00:07.839+0000] {processor.py:925} INFO - DAG(s) 'extract_raw_data_pipeline' retrieved from /opt/airflow/dags/batch_generator.py
[2026-06-17T19:00:07.855+0000] {logging_mixin.py:190} INFO - [2026-06-17T19:00:07.854+0000] {dag.py:3239} INFO - Sync 1 DAGs
[2026-06-17T19:00:07.870+0000] {logging_mixin.py:190} INFO - [2026-06-17T19:00:07.870+0000] {dag.py:4180} INFO - Setting next_dagrun for extract_raw_data_pipeline to 2026-06-17 07:59:00+00:00, run_after=2026-06-18 07:00:00+00:00
[2026-06-17T19:00:07.883+0000] {processor.py:208} INFO - Processing /opt/airflow/dags/batch_generator.py took 0.153 seconds
[2026-06-17T19:00:38.083+0000] {processor.py:186} INFO - Started process (PID=222) to work on /opt/airflow/dags/batch_generator.py
[2026-06-17T19:00:38.083+0000] {processor.py:914} INFO - Processing file /opt/airflow/dags/batch_generator.py for tasks to queue
[2026-06-17T19:00:38.085+0000] {logging_mixin.py:190} INFO - [2026-06-17T19:00:38.085+0000] {dagbag.py:588} INFO - Filling up the DagBag from /opt/airflow/dags/batch_generator.py
[2026-06-17T19:00:38.175+0000] {processor.py:925} INFO - DAG(s) 'extract_raw_data_pipeline' retrieved from /opt/airflow/dags/batch_generator.py
[2026-06-17T19:00:38.193+0000] {logging_mixin.py:190} INFO - [2026-06-17T19:00:38.192+0000] {dag.py:3239} INFO - Sync 1 DAGs
[2026-06-17T19:00:38.207+0000] {logging_mixin.py:190} INFO - [2026-06-17T19:00:38.207+0000] {dag.py:4180} INFO - Setting next_dagrun for extract_raw_data_pipeline to 2026-06-17 07:59:00+00:00, run_after=2026-06-18 07:00:00+00:00
[2026-06-17T19:00:38.224+0000] {processor.py:208} INFO - Processing /opt/airflow/dags/batch_generator.py took 0.144 seconds
[2026-06-17T19:01:08.418+0000] {processor.py:186} INFO - Started process (PID=230) to work on /opt/airflow/dags/batch_generator.py
[2026-06-17T19:01:08.419+0000] {processor.py:914} INFO - Processing file /opt/airflow/dags/batch_generator.py for tasks to queue
[2026-06-17T19:01:08.421+0000] {logging_mixin.py:190} INFO - [2026-06-17T19:01:08.421+0000] {dagbag.py:588} INFO - Filling up the DagBag from /opt/airflow/dags/batch_generator.py
[2026-06-17T19:01:08.702+0000] {processor.py:925} INFO - DAG(s) 'extract_raw_data_pipeline' retrieved from /opt/airflow/dags/batch_generator.py
[2026-06-17T19:01:08.724+0000] {logging_mixin.py:190} INFO - [2026-06-17T19:01:08.723+0000] {dag.py:3239} INFO - Sync 1 DAGs
[2026-06-17T19:01:08.736+0000] {logging_mixin.py:190} INFO - [2026-06-17T19:01:08.736+0000] {dag.py:4180} INFO - Setting next_dagrun for extract_raw_data_pipeline to 2026-06-17 07:59:00+00:00, run_after=2026-06-18 07:00:00+00:00
[2026-06-17T19:01:08.748+0000] {processor.py:208} INFO - Processing /opt/airflow/dags/batch_generator.py took 0.333 seconds
[2026-06-17T19:01:39.108+0000] {processor.py:186} INFO - Started process (PID=238) to work on /opt/airflow/dags/batch_generator.py
[2026-06-17T19:01:39.109+0000] {processor.py:914} INFO - Processing file /opt/airflow/dags/batch_generator.py for tasks to queue
[2026-06-17T19:01:39.111+0000] {logging_mixin.py:190} INFO - [2026-06-17T19:01:39.111+0000] {dagbag.py:588} INFO - Filling up the DagBag from /opt/airflow/dags/batch_generator.py
[2026-06-17T19:01:39.211+0000] {processor.py:925} INFO - DAG(s) 'extract_raw_data_pipeline' retrieved from /opt/airflow/dags/batch_generator.py
[2026-06-17T19:01:39.230+0000] {logging_mixin.py:190} INFO - [2026-06-17T19:01:39.230+0000] {dag.py:3239} INFO - Sync 1 DAGs
[2026-06-17T19:01:39.245+0000] {logging_mixin.py:190} INFO - [2026-06-17T19:01:39.245+0000] {dag.py:4180} INFO - Setting next_dagrun for extract_raw_data_pipeline to 2026-06-17 07:59:00+00:00, run_after=2026-06-18 07:00:00+00:00
[2026-06-17T19:01:39.260+0000] {processor.py:208} INFO - Processing /opt/airflow/dags/batch_generator.py took 0.157 seconds
[2026-06-17T19:02:09.365+0000] {processor.py:186} INFO - Started process (PID=246) to work on /opt/airflow/dags/batch_generator.py
[2026-06-17T19:02:09.365+0000] {processor.py:914} INFO - Processing file /opt/airflow/dags/batch_generator.py for tasks to queue
[2026-06-17T19:02:09.367+0000] {logging_mixin.py:190} INFO - [2026-06-17T19:02:09.367+0000] {dagbag.py:588} INFO - Filling up the DagBag from /opt/airflow/dags/batch_generator.py
[2026-06-17T19:02:09.483+0000] {processor.py:925} INFO - DAG(s) 'extract_raw_data_pipeline' retrieved from /opt/airflow/dags/batch_generator.py
[2026-06-17T19:02:09.500+0000] {logging_mixin.py:190} INFO - [2026-06-17T19:02:09.500+0000] {dag.py:3239} INFO - Sync 1 DAGs
[2026-06-17T19:02:09.516+0000] {logging_mixin.py:190} INFO - [2026-06-17T19:02:09.515+0000] {dag.py:4180} INFO - Setting next_dagrun for extract_raw_data_pipeline to 2026-06-17 07:59:00+00:00, run_after=2026-06-18 07:00:00+00:00
[2026-06-17T19:02:09.528+0000] {processor.py:208} INFO - Processing /opt/airflow/dags/batch_generator.py took 0.167 seconds
[2026-06-17T19:02:39.809+0000] {processor.py:186} INFO - Started process (PID=254) to work on /opt/airflow/dags/batch_generator.py
[2026-06-17T19:02:39.810+0000] {processor.py:914} INFO - Processing file /opt/airflow/dags/batch_generator.py for tasks to queue
[2026-06-17T19:02:39.811+0000] {logging_mixin.py:190} INFO - [2026-06-17T19:02:39.811+0000] {dagbag.py:588} INFO - Filling up the DagBag from /opt/airflow/dags/batch_generator.py
[2026-06-17T19:02:39.901+0000] {processor.py:925} INFO - DAG(s) 'extract_raw_data_pipeline' retrieved from /opt/airflow/dags/batch_generator.py
[2026-06-17T19:02:39.918+0000] {logging_mixin.py:190} INFO - [2026-06-17T19:02:39.918+0000] {dag.py:3239} INFO - Sync 1 DAGs
[2026-06-17T19:02:39.932+0000] {logging_mixin.py:190} INFO - [2026-06-17T19:02:39.932+0000] {dag.py:4180} INFO - Setting next_dagrun for extract_raw_data_pipeline to 2026-06-17 07:59:00+00:00, run_after=2026-06-18 07:00:00+00:00
[2026-06-17T19:02:39.945+0000] {processor.py:208} INFO - Processing /opt/airflow/dags/batch_generator.py took 0.139 seconds
[2026-06-17T19:03:10.196+0000] {processor.py:186} INFO - Started process (PID=262) to work on /opt/airflow/dags/batch_generator.py
[2026-06-17T19:03:10.202+0000] {processor.py:914} INFO - Processing file /opt/airflow/dags/batch_generator.py for tasks to queue
[2026-06-17T19:03:10.207+0000] {logging_mixin.py:190} INFO - [2026-06-17T19:03:10.207+0000] {dagbag.py:588} INFO - Filling up the DagBag from /opt/airflow/dags/batch_generator.py
[2026-06-17T19:03:10.390+0000] {processor.py:925} INFO - DAG(s) 'extract_raw_data_pipeline' retrieved from /opt/airflow/dags/batch_generator.py
[2026-06-17T19:03:10.418+0000] {logging_mixin.py:190} INFO - [2026-06-17T19:03:10.418+0000] {dag.py:3239} INFO - Sync 1 DAGs
[2026-06-17T19:03:10.432+0000] {logging_mixin.py:190} INFO - [2026-06-17T19:03:10.432+0000] {dag.py:4180} INFO - Setting next_dagrun for extract_raw_data_pipeline to 2026-06-17 07:59:00+00:00, run_after=2026-06-18 07:00:00+00:00
[2026-06-17T19:03:10.466+0000] {processor.py:208} INFO - Processing /opt/airflow/dags/batch_generator.py took 0.273 seconds
[2026-06-17T19:03:40.794+0000] {processor.py:186} INFO - Started process (PID=270) to work on /opt/airflow/dags/batch_generator.py
[2026-06-17T19:03:40.795+0000] {processor.py:914} INFO - Processing file /opt/airflow/dags/batch_generator.py for tasks to queue
[2026-06-17T19:03:40.797+0000] {logging_mixin.py:190} INFO - [2026-06-17T19:03:40.796+0000] {dagbag.py:588} INFO - Filling up the DagBag from /opt/airflow/dags/batch_generator.py
[2026-06-17T19:03:40.916+0000] {processor.py:925} INFO - DAG(s) 'extract_raw_data_pipeline' retrieved from /opt/airflow/dags/batch_generator.py
[2026-06-17T19:03:40.935+0000] {logging_mixin.py:190} INFO - [2026-06-17T19:03:40.935+0000] {dag.py:3239} INFO - Sync 1 DAGs
[2026-06-17T19:03:40.954+0000] {logging_mixin.py:190} INFO - [2026-06-17T19:03:40.954+0000] {dag.py:4180} INFO - Setting next_dagrun for extract_raw_data_pipeline to 2026-06-17 07:59:00+00:00, run_after=2026-06-18 07:00:00+00:00
[2026-06-17T19:03:40.977+0000] {processor.py:208} INFO - Processing /opt/airflow/dags/batch_generator.py took 0.188 seconds
[2026-06-17T19:04:11.222+0000] {processor.py:186} INFO - Started process (PID=278) to work on /opt/airflow/dags/batch_generator.py
[2026-06-17T19:04:11.222+0000] {processor.py:914} INFO - Processing file /opt/airflow/dags/batch_generator.py for tasks to queue
[2026-06-17T19:04:11.224+0000] {logging_mixin.py:190} INFO - [2026-06-17T19:04:11.224+0000] {dagbag.py:588} INFO - Filling up the DagBag from /opt/airflow/dags/batch_generator.py
[2026-06-17T19:04:11.322+0000] {processor.py:925} INFO - DAG(s) 'extract_raw_data_pipeline' retrieved from /opt/airflow/dags/batch_generator.py
[2026-06-17T19:04:11.340+0000] {logging_mixin.py:190} INFO - [2026-06-17T19:04:11.340+0000] {dag.py:3239} INFO - Sync 1 DAGs
[2026-06-17T19:04:11.356+0000] {logging_mixin.py:190} INFO - [2026-06-17T19:04:11.355+0000] {dag.py:4180} INFO - Setting next_dagrun for extract_raw_data_pipeline to 2026-06-17 07:59:00+00:00, run_after=2026-06-18 07:00:00+00:00
[2026-06-17T19:04:11.374+0000] {processor.py:208} INFO - Processing /opt/airflow/dags/batch_generator.py took 0.156 seconds
[2026-06-17T19:04:41.481+0000] {processor.py:186} INFO - Started process (PID=286) to work on /opt/airflow/dags/batch_generator.py
[2026-06-17T19:04:41.481+0000] {processor.py:914} INFO - Processing file /opt/airflow/dags/batch_generator.py for tasks to queue
[2026-06-17T19:04:41.483+0000] {logging_mixin.py:190} INFO - [2026-06-17T19:04:41.483+0000] {dagbag.py:588} INFO - Filling up the DagBag from /opt/airflow/dags/batch_generator.py
[2026-06-17T19:04:41.580+0000] {processor.py:925} INFO - DAG(s) 'extract_raw_data_pipeline' retrieved from /opt/airflow/dags/batch_generator.py
[2026-06-17T19:04:41.597+0000] {logging_mixin.py:190} INFO - [2026-06-17T19:04:41.597+0000] {dag.py:3239} INFO - Sync 1 DAGs
[2026-06-17T19:04:41.610+0000] {logging_mixin.py:190} INFO - [2026-06-17T19:04:41.610+0000] {dag.py:4180} INFO - Setting next_dagrun for extract_raw_data_pipeline to 2026-06-17 07:59:00+00:00, run_after=2026-06-18 07:00:00+00:00
[2026-06-17T19:04:41.624+0000] {processor.py:208} INFO - Processing /opt/airflow/dags/batch_generator.py took 0.147 seconds
[2026-06-17T19:05:11.857+0000] {processor.py:186} INFO - Started process (PID=294) to work on /opt/airflow/dags/batch_generator.py
[2026-06-17T19:05:11.858+0000] {processor.py:914} INFO - Processing file /opt/airflow/dags/batch_generator.py for tasks to queue
[2026-06-17T19:05:11.859+0000] {logging_mixin.py:190} INFO - [2026-06-17T19:05:11.859+0000] {dagbag.py:588} INFO - Filling up the DagBag from /opt/airflow/dags/batch_generator.py
[2026-06-17T19:05:11.944+0000] {processor.py:925} INFO - DAG(s) 'extract_raw_data_pipeline' retrieved from /opt/airflow/dags/batch_generator.py
[2026-06-17T19:05:11.960+0000] {logging_mixin.py:190} INFO - [2026-06-17T19:05:11.960+0000] {dag.py:3239} INFO - Sync 1 DAGs
[2026-06-17T19:05:11.974+0000] {logging_mixin.py:190} INFO - [2026-06-17T19:05:11.974+0000] {dag.py:4180} INFO - Setting next_dagrun for extract_raw_data_pipeline to 2026-06-17 07:59:00+00:00, run_after=2026-06-18 07:00:00+00:00
[2026-06-17T19:05:11.987+0000] {processor.py:208} INFO - Processing /opt/airflow/dags/batch_generator.py took 0.133 seconds
[2026-06-17T19:05:42.128+0000] {processor.py:186} INFO - Started process (PID=302) to work on /opt/airflow/dags/batch_generator.py
[2026-06-17T19:05:42.129+0000] {processor.py:914} INFO - Processing file /opt/airflow/dags/batch_generator.py for tasks to queue
[2026-06-17T19:05:42.131+0000] {logging_mixin.py:190} INFO - [2026-06-17T19:05:42.130+0000] {dagbag.py:588} INFO - Filling up the DagBag from /opt/airflow/dags/batch_generator.py
[2026-06-17T19:05:42.228+0000] {processor.py:925} INFO - DAG(s) 'extract_raw_data_pipeline' retrieved from /opt/airflow/dags/batch_generator.py
[2026-06-17T19:05:42.244+0000] {logging_mixin.py:190} INFO - [2026-06-17T19:05:42.244+0000] {dag.py:3239} INFO - Sync 1 DAGs
[2026-06-17T19:05:42.257+0000] {logging_mixin.py:190} INFO - [2026-06-17T19:05:42.257+0000] {dag.py:4180} INFO - Setting next_dagrun for extract_raw_data_pipeline to 2026-06-17 07:59:00+00:00, run_after=2026-06-18 07:00:00+00:00
[2026-06-17T19:05:42.271+0000] {processor.py:208} INFO - Processing /opt/airflow/dags/batch_generator.py took 0.147 seconds
[2026-06-17T19:06:12.562+0000] {processor.py:186} INFO - Started process (PID=310) to work on /opt/airflow/dags/batch_generator.py
[2026-06-17T19:06:12.563+0000] {processor.py:914} INFO - Processing file /opt/airflow/dags/batch_generator.py for tasks to queue
[2026-06-17T19:06:12.564+0000] {logging_mixin.py:190} INFO - [2026-06-17T19:06:12.564+0000] {dagbag.py:588} INFO - Filling up the DagBag from /opt/airflow/dags/batch_generator.py
[2026-06-17T19:06:12.655+0000] {processor.py:925} INFO - DAG(s) 'extract_raw_data_pipeline' retrieved from /opt/airflow/dags/batch_generator.py
[2026-06-17T19:06:12.671+0000] {logging_mixin.py:190} INFO - [2026-06-17T19:06:12.671+0000] {dag.py:3239} INFO - Sync 1 DAGs
[2026-06-17T19:06:12.686+0000] {logging_mixin.py:190} INFO - [2026-06-17T19:06:12.686+0000] {dag.py:4180} INFO - Setting next_dagrun for extract_raw_data_pipeline to 2026-06-17 07:59:00+00:00, run_after=2026-06-18 07:00:00+00:00
[2026-06-17T19:06:12.699+0000] {processor.py:208} INFO - Processing /opt/airflow/dags/batch_generator.py took 0.140 seconds
[2026-06-17T19:06:42.799+0000] {processor.py:186} INFO - Started process (PID=318) to work on /opt/airflow/dags/batch_generator.py
[2026-06-17T19:06:42.799+0000] {processor.py:914} INFO - Processing file /opt/airflow/dags/batch_generator.py for tasks to queue
[2026-06-17T19:06:42.801+0000] {logging_mixin.py:190} INFO - [2026-06-17T19:06:42.801+0000] {dagbag.py:588} INFO - Filling up the DagBag from /opt/airflow/dags/batch_generator.py
[2026-06-17T19:06:42.890+0000] {processor.py:925} INFO - DAG(s) 'extract_raw_data_pipeline' retrieved from /opt/airflow/dags/batch_generator.py
[2026-06-17T19:06:42.908+0000] {logging_mixin.py:190} INFO - [2026-06-17T19:06:42.908+0000] {dag.py:3239} INFO - Sync 1 DAGs
[2026-06-17T19:06:42.923+0000] {logging_mixin.py:190} INFO - [2026-06-17T19:06:42.923+0000] {dag.py:4180} INFO - Setting next_dagrun for extract_raw_data_pipeline to 2026-06-17 07:59:00+00:00, run_after=2026-06-18 07:00:00+00:00
[2026-06-17T19:06:42.936+0000] {processor.py:208} INFO - Processing /opt/airflow/dags/batch_generator.py took 0.141 seconds
[2026-06-17T19:07:13.097+0000] {processor.py:186} INFO - Started process (PID=326) to work on /opt/airflow/dags/batch_generator.py
[2026-06-17T19:07:13.098+0000] {processor.py:914} INFO - Processing file /opt/airflow/dags/batch_generator.py for tasks to queue
[2026-06-17T19:07:13.100+0000] {logging_mixin.py:190} INFO - [2026-06-17T19:07:13.099+0000] {dagbag.py:588} INFO - Filling up the DagBag from /opt/airflow/dags/batch_generator.py
[2026-06-17T19:07:13.190+0000] {processor.py:925} INFO - DAG(s) 'extract_raw_data_pipeline' retrieved from /opt/airflow/dags/batch_generator.py
[2026-06-17T19:07:13.207+0000] {logging_mixin.py:190} INFO - [2026-06-17T19:07:13.207+0000] {dag.py:3239} INFO - Sync 1 DAGs
[2026-06-17T19:07:13.221+0000] {logging_mixin.py:190} INFO - [2026-06-17T19:07:13.221+0000] {dag.py:4180} INFO - Setting next_dagrun for extract_raw_data_pipeline to 2026-06-17 07:59:00+00:00, run_after=2026-06-18 07:00:00+00:00
[2026-06-17T19:07:13.235+0000] {processor.py:208} INFO - Processing /opt/airflow/dags/batch_generator.py took 0.141 seconds
[2026-06-17T19:07:43.487+0000] {processor.py:186} INFO - Started process (PID=334) to work on /opt/airflow/dags/batch_generator.py
[2026-06-17T19:07:43.487+0000] {processor.py:914} INFO - Processing file /opt/airflow/dags/batch_generator.py for tasks to queue
[2026-06-17T19:07:43.489+0000] {logging_mixin.py:190} INFO - [2026-06-17T19:07:43.489+0000] {dagbag.py:588} INFO - Filling up the DagBag from /opt/airflow/dags/batch_generator.py
[2026-06-17T19:07:43.580+0000] {processor.py:925} INFO - DAG(s) 'extract_raw_data_pipeline' retrieved from /opt/airflow/dags/batch_generator.py
[2026-06-17T19:07:43.595+0000] {logging_mixin.py:190} INFO - [2026-06-17T19:07:43.595+0000] {dag.py:3239} INFO - Sync 1 DAGs
[2026-06-17T19:07:43.610+0000] {logging_mixin.py:190} INFO - [2026-06-17T19:07:43.609+0000] {dag.py:4180} INFO - Setting next_dagrun for extract_raw_data_pipeline to 2026-06-17 07:59:00+00:00, run_after=2026-06-18 07:00:00+00:00
[2026-06-17T19:07:43.634+0000] {processor.py:208} INFO - Processing /opt/airflow/dags/batch_generator.py took 0.150 seconds
[2026-06-17T19:08:13.815+0000] {processor.py:186} INFO - Started process (PID=342) to work on /opt/airflow/dags/batch_generator.py
[2026-06-17T19:08:13.816+0000] {processor.py:914} INFO - Processing file /opt/airflow/dags/batch_generator.py for tasks to queue
[2026-06-17T19:08:13.817+0000] {logging_mixin.py:190} INFO - [2026-06-17T19:08:13.817+0000] {dagbag.py:588} INFO - Filling up the DagBag from /opt/airflow/dags/batch_generator.py
[2026-06-17T19:08:13.910+0000] {processor.py:925} INFO - DAG(s) 'extract_raw_data_pipeline' retrieved from /opt/airflow/dags/batch_generator.py
[2026-06-17T19:08:13.926+0000] {logging_mixin.py:190} INFO - [2026-06-17T19:08:13.926+0000] {dag.py:3239} INFO - Sync 1 DAGs
[2026-06-17T19:08:13.941+0000] {logging_mixin.py:190} INFO - [2026-06-17T19:08:13.941+0000] {dag.py:4180} INFO - Setting next_dagrun for extract_raw_data_pipeline to 2026-06-17 07:59:00+00:00, run_after=2026-06-18 07:00:00+00:00
[2026-06-17T19:08:13.954+0000] {processor.py:208} INFO - Processing /opt/airflow/dags/batch_generator.py took 0.143 seconds
[2026-06-17T19:08:44.097+0000] {processor.py:186} INFO - Started process (PID=350) to work on /opt/airflow/dags/batch_generator.py
[2026-06-17T19:08:44.097+0000] {processor.py:914} INFO - Processing file /opt/airflow/dags/batch_generator.py for tasks to queue
[2026-06-17T19:08:44.099+0000] {logging_mixin.py:190} INFO - [2026-06-17T19:08:44.099+0000] {dagbag.py:588} INFO - Filling up the DagBag from /opt/airflow/dags/batch_generator.py
[2026-06-17T19:08:44.208+0000] {processor.py:925} INFO - DAG(s) 'extract_raw_data_pipeline' retrieved from /opt/airflow/dags/batch_generator.py
[2026-06-17T19:08:44.230+0000] {logging_mixin.py:190} INFO - [2026-06-17T19:08:44.230+0000] {dag.py:3239} INFO - Sync 1 DAGs
[2026-06-17T19:08:44.245+0000] {logging_mixin.py:190} INFO - [2026-06-17T19:08:44.244+0000] {dag.py:4180} INFO - Setting next_dagrun for extract_raw_data_pipeline to 2026-06-17 07:59:00+00:00, run_after=2026-06-18 07:00:00+00:00
[2026-06-17T19:08:44.263+0000] {processor.py:208} INFO - Processing /opt/airflow/dags/batch_generator.py took 0.170 seconds
[2026-06-17T19:09:14.447+0000] {processor.py:186} INFO - Started process (PID=358) to work on /opt/airflow/dags/batch_generator.py
[2026-06-17T19:09:14.449+0000] {processor.py:914} INFO - Processing file /opt/airflow/dags/batch_generator.py for tasks to queue
[2026-06-17T19:09:14.451+0000] {logging_mixin.py:190} INFO - [2026-06-17T19:09:14.451+0000] {dagbag.py:588} INFO - Filling up the DagBag from /opt/airflow/dags/batch_generator.py
[2026-06-17T19:09:14.607+0000] {processor.py:925} INFO - DAG(s) 'extract_raw_data_pipeline' retrieved from /opt/airflow/dags/batch_generator.py
[2026-06-17T19:09:14.623+0000] {logging_mixin.py:190} INFO - [2026-06-17T19:09:14.623+0000] {dag.py:3239} INFO - Sync 1 DAGs
[2026-06-17T19:09:14.637+0000] {logging_mixin.py:190} INFO - [2026-06-17T19:09:14.637+0000] {dag.py:4180} INFO - Setting next_dagrun for extract_raw_data_pipeline to 2026-06-17 07:59:00+00:00, run_after=2026-06-18 07:00:00+00:00
[2026-06-17T19:09:14.657+0000] {processor.py:208} INFO - Processing /opt/airflow/dags/batch_generator.py took 0.214 seconds
[2026-06-17T19:09:44.824+0000] {processor.py:186} INFO - Started process (PID=366) to work on /opt/airflow/dags/batch_generator.py
[2026-06-17T19:09:44.824+0000] {processor.py:914} INFO - Processing file /opt/airflow/dags/batch_generator.py for tasks to queue
[2026-06-17T19:09:44.826+0000] {logging_mixin.py:190} INFO - [2026-06-17T19:09:44.826+0000] {dagbag.py:588} INFO - Filling up the DagBag from /opt/airflow/dags/batch_generator.py
[2026-06-17T19:09:44.938+0000] {processor.py:925} INFO - DAG(s) 'extract_raw_data_pipeline' retrieved from /opt/airflow/dags/batch_generator.py
[2026-06-17T19:09:44.954+0000] {logging_mixin.py:190} INFO - [2026-06-17T19:09:44.954+0000] {dag.py:3239} INFO - Sync 1 DAGs
[2026-06-17T19:09:44.969+0000] {logging_mixin.py:190} INFO - [2026-06-17T19:09:44.969+0000] {dag.py:4180} INFO - Setting next_dagrun for extract_raw_data_pipeline to 2026-06-17 07:59:00+00:00, run_after=2026-06-18 07:00:00+00:00
[2026-06-17T19:09:44.985+0000] {processor.py:208} INFO - Processing /opt/airflow/dags/batch_generator.py took 0.165 seconds
[2026-06-17T19:10:15.094+0000] {processor.py:186} INFO - Started process (PID=374) to work on /opt/airflow/dags/batch_generator.py
[2026-06-17T19:10:15.095+0000] {processor.py:914} INFO - Processing file /opt/airflow/dags/batch_generator.py for tasks to queue
[2026-06-17T19:10:15.096+0000] {logging_mixin.py:190} INFO - [2026-06-17T19:10:15.096+0000] {dagbag.py:588} INFO - Filling up the DagBag from /opt/airflow/dags/batch_generator.py
[2026-06-17T19:10:15.191+0000] {processor.py:925} INFO - DAG(s) 'extract_raw_data_pipeline' retrieved from /opt/airflow/dags/batch_generator.py
[2026-06-17T19:10:15.206+0000] {logging_mixin.py:190} INFO - [2026-06-17T19:10:15.205+0000] {dag.py:3239} INFO - Sync 1 DAGs
[2026-06-17T19:10:15.219+0000] {logging_mixin.py:190} INFO - [2026-06-17T19:10:15.218+0000] {dag.py:4180} INFO - Setting next_dagrun for extract_raw_data_pipeline to 2026-06-17 07:59:00+00:00, run_after=2026-06-18 07:00:00+00:00
[2026-06-17T19:10:15.232+0000] {processor.py:208} INFO - Processing /opt/airflow/dags/batch_generator.py took 0.142 seconds
[2026-06-17T19:10:45.359+0000] {processor.py:186} INFO - Started process (PID=382) to work on /opt/airflow/dags/batch_generator.py
[2026-06-17T19:10:45.359+0000] {processor.py:914} INFO - Processing file /opt/airflow/dags/batch_generator.py for tasks to queue
[2026-06-17T19:10:45.361+0000] {logging_mixin.py:190} INFO - [2026-06-17T19:10:45.361+0000] {dagbag.py:588} INFO - Filling up the DagBag from /opt/airflow/dags/batch_generator.py
[2026-06-17T19:10:45.453+0000] {processor.py:925} INFO - DAG(s) 'extract_raw_data_pipeline' retrieved from /opt/airflow/dags/batch_generator.py
[2026-06-17T19:10:45.470+0000] {logging_mixin.py:190} INFO - [2026-06-17T19:10:45.470+0000] {dag.py:3239} INFO - Sync 1 DAGs
[2026-06-17T19:10:45.484+0000] {logging_mixin.py:190} INFO - [2026-06-17T19:10:45.484+0000] {dag.py:4180} INFO - Setting next_dagrun for extract_raw_data_pipeline to 2026-06-17 07:59:00+00:00, run_after=2026-06-18 07:00:00+00:00
[2026-06-17T19:10:45.498+0000] {processor.py:208} INFO - Processing /opt/airflow/dags/batch_generator.py took 0.144 seconds
[2026-06-17T19:11:15.787+0000] {processor.py:186} INFO - Started process (PID=391) to work on /opt/airflow/dags/batch_generator.py
[2026-06-17T19:11:15.787+0000] {processor.py:914} INFO - Processing file /opt/airflow/dags/batch_generator.py for tasks to queue
[2026-06-17T19:11:15.789+0000] {logging_mixin.py:190} INFO - [2026-06-17T19:11:15.789+0000] {dagbag.py:588} INFO - Filling up the DagBag from /opt/airflow/dags/batch_generator.py
[2026-06-17T19:11:15.898+0000] {processor.py:925} INFO - DAG(s) 'extract_raw_data_pipeline' retrieved from /opt/airflow/dags/batch_generator.py
[2026-06-17T19:11:15.914+0000] {logging_mixin.py:190} INFO - [2026-06-17T19:11:15.914+0000] {dag.py:3239} INFO - Sync 1 DAGs
[2026-06-17T19:11:15.927+0000] {logging_mixin.py:190} INFO - [2026-06-17T19:11:15.926+0000] {dag.py:4180} INFO - Setting next_dagrun for extract_raw_data_pipeline to 2026-06-17 07:59:00+00:00, run_after=2026-06-18 07:00:00+00:00
[2026-06-17T19:11:15.941+0000] {processor.py:208} INFO - Processing /opt/airflow/dags/batch_generator.py took 0.158 seconds
[2026-06-17T19:11:46.027+0000] {processor.py:186} INFO - Started process (PID=399) to work on /opt/airflow/dags/batch_generator.py
[2026-06-17T19:11:46.029+0000] {processor.py:914} INFO - Processing file /opt/airflow/dags/batch_generator.py for tasks to queue
[2026-06-17T19:11:46.031+0000] {logging_mixin.py:190} INFO - [2026-06-17T19:11:46.031+0000] {dagbag.py:588} INFO - Filling up the DagBag from /opt/airflow/dags/batch_generator.py
[2026-06-17T19:11:46.170+0000] {processor.py:925} INFO - DAG(s) 'extract_raw_data_pipeline' retrieved from /opt/airflow/dags/batch_generator.py
[2026-06-17T19:11:46.193+0000] {logging_mixin.py:190} INFO - [2026-06-17T19:11:46.192+0000] {dag.py:3239} INFO - Sync 1 DAGs
[2026-06-17T19:11:46.213+0000] {logging_mixin.py:190} INFO - [2026-06-17T19:11:46.213+0000] {dag.py:4180} INFO - Setting next_dagrun for extract_raw_data_pipeline to 2026-06-17 07:59:00+00:00, run_after=2026-06-18 07:00:00+00:00
[2026-06-17T19:11:46.234+0000] {processor.py:208} INFO - Processing /opt/airflow/dags/batch_generator.py took 0.211 seconds
[2026-06-17T19:12:16.379+0000] {processor.py:186} INFO - Started process (PID=407) to work on /opt/airflow/dags/batch_generator.py
[2026-06-17T19:12:16.380+0000] {processor.py:914} INFO - Processing file /opt/airflow/dags/batch_generator.py for tasks to queue
[2026-06-17T19:12:16.381+0000] {logging_mixin.py:190} INFO - [2026-06-17T19:12:16.381+0000] {dagbag.py:588} INFO - Filling up the DagBag from /opt/airflow/dags/batch_generator.py
[2026-06-17T19:12:16.477+0000] {processor.py:925} INFO - DAG(s) 'extract_raw_data_pipeline' retrieved from /opt/airflow/dags/batch_generator.py
[2026-06-17T19:12:16.493+0000] {logging_mixin.py:190} INFO - [2026-06-17T19:12:16.492+0000] {dag.py:3239} INFO - Sync 1 DAGs
[2026-06-17T19:12:16.507+0000] {logging_mixin.py:190} INFO - [2026-06-17T19:12:16.507+0000] {dag.py:4180} INFO - Setting next_dagrun for extract_raw_data_pipeline to 2026-06-17 07:59:00+00:00, run_after=2026-06-18 07:00:00+00:00
[2026-06-17T19:12:16.522+0000] {processor.py:208} INFO - Processing /opt/airflow/dags/batch_generator.py took 0.146 seconds
[2026-06-17T19:12:46.733+0000] {processor.py:186} INFO - Started process (PID=415) to work on /opt/airflow/dags/batch_generator.py
[2026-06-17T19:12:46.734+0000] {processor.py:914} INFO - Processing file /opt/airflow/dags/batch_generator.py for tasks to queue
[2026-06-17T19:12:46.735+0000] {logging_mixin.py:190} INFO - [2026-06-17T19:12:46.735+0000] {dagbag.py:588} INFO - Filling up the DagBag from /opt/airflow/dags/batch_generator.py
[2026-06-17T19:12:46.829+0000] {processor.py:925} INFO - DAG(s) 'extract_raw_data_pipeline' retrieved from /opt/airflow/dags/batch_generator.py
[2026-06-17T19:12:46.845+0000] {logging_mixin.py:190} INFO - [2026-06-17T19:12:46.845+0000] {dag.py:3239} INFO - Sync 1 DAGs
[2026-06-17T19:12:46.859+0000] {logging_mixin.py:190} INFO - [2026-06-17T19:12:46.859+0000] {dag.py:4180} INFO - Setting next_dagrun for extract_raw_data_pipeline to 2026-06-17 07:59:00+00:00, run_after=2026-06-18 07:00:00+00:00
[2026-06-17T19:12:46.874+0000] {processor.py:208} INFO - Processing /opt/airflow/dags/batch_generator.py took 0.144 seconds
[2026-06-17T19:13:16.990+0000] {processor.py:186} INFO - Started process (PID=423) to work on /opt/airflow/dags/batch_generator.py
[2026-06-17T19:13:16.990+0000] {processor.py:914} INFO - Processing file /opt/airflow/dags/batch_generator.py for tasks to queue
[2026-06-17T19:13:16.992+0000] {logging_mixin.py:190} INFO - [2026-06-17T19:13:16.992+0000] {dagbag.py:588} INFO - Filling up the DagBag from /opt/airflow/dags/batch_generator.py
[2026-06-17T19:13:17.094+0000] {processor.py:925} INFO - DAG(s) 'extract_raw_data_pipeline' retrieved from /opt/airflow/dags/batch_generator.py
[2026-06-17T19:13:17.111+0000] {logging_mixin.py:190} INFO - [2026-06-17T19:13:17.110+0000] {dag.py:3239} INFO - Sync 1 DAGs
[2026-06-17T19:13:17.125+0000] {logging_mixin.py:190} INFO - [2026-06-17T19:13:17.125+0000] {dag.py:4180} INFO - Setting next_dagrun for extract_raw_data_pipeline to 2026-06-17 07:59:00+00:00, run_after=2026-06-18 07:00:00+00:00
[2026-06-17T19:13:17.139+0000] {processor.py:208} INFO - Processing /opt/airflow/dags/batch_generator.py took 0.153 seconds
[2026-06-17T19:13:47.344+0000] {processor.py:186} INFO - Started process (PID=431) to work on /opt/airflow/dags/batch_generator.py
[2026-06-17T19:13:47.344+0000] {processor.py:914} INFO - Processing file /opt/airflow/dags/batch_generator.py for tasks to queue
[2026-06-17T19:13:47.346+0000] {logging_mixin.py:190} INFO - [2026-06-17T19:13:47.346+0000] {dagbag.py:588} INFO - Filling up the DagBag from /opt/airflow/dags/batch_generator.py
[2026-06-17T19:13:47.450+0000] {processor.py:925} INFO - DAG(s) 'extract_raw_data_pipeline' retrieved from /opt/airflow/dags/batch_generator.py
[2026-06-17T19:13:47.467+0000] {logging_mixin.py:190} INFO - [2026-06-17T19:13:47.467+0000] {dag.py:3239} INFO - Sync 1 DAGs
[2026-06-17T19:13:47.482+0000] {logging_mixin.py:190} INFO - [2026-06-17T19:13:47.482+0000] {dag.py:4180} INFO - Setting next_dagrun for extract_raw_data_pipeline to 2026-06-17 07:59:00+00:00, run_after=2026-06-18 07:00:00+00:00
[2026-06-17T19:13:47.507+0000] {processor.py:208} INFO - Processing /opt/airflow/dags/batch_generator.py took 0.167 seconds
[2026-06-17T19:14:17.585+0000] {processor.py:186} INFO - Started process (PID=439) to work on /opt/airflow/dags/batch_generator.py
[2026-06-17T19:14:17.586+0000] {processor.py:914} INFO - Processing file /opt/airflow/dags/batch_generator.py for tasks to queue
[2026-06-17T19:14:17.588+0000] {logging_mixin.py:190} INFO - [2026-06-17T19:14:17.587+0000] {dagbag.py:588} INFO - Filling up the DagBag from /opt/airflow/dags/batch_generator.py
[2026-06-17T19:14:17.681+0000] {processor.py:925} INFO - DAG(s) 'extract_raw_data_pipeline' retrieved from /opt/airflow/dags/batch_generator.py
[2026-06-17T19:14:17.699+0000] {logging_mixin.py:190} INFO - [2026-06-17T19:14:17.698+0000] {dag.py:3239} INFO - Sync 1 DAGs
[2026-06-17T19:14:17.714+0000] {logging_mixin.py:190} INFO - [2026-06-17T19:14:17.714+0000] {dag.py:4180} INFO - Setting next_dagrun for extract_raw_data_pipeline to 2026-06-17 07:59:00+00:00, run_after=2026-06-18 07:00:00+00:00
[2026-06-17T19:14:17.728+0000] {processor.py:208} INFO - Processing /opt/airflow/dags/batch_generator.py took 0.147 seconds
[2026-06-17T19:14:47.950+0000] {processor.py:186} INFO - Started process (PID=447) to work on /opt/airflow/dags/batch_generator.py
[2026-06-17T19:14:47.951+0000] {processor.py:914} INFO - Processing file /opt/airflow/dags/batch_generator.py for tasks to queue
[2026-06-17T19:14:47.953+0000] {logging_mixin.py:190} INFO - [2026-06-17T19:14:47.953+0000] {dagbag.py:588} INFO - Filling up the DagBag from /opt/airflow/dags/batch_generator.py
[2026-06-17T19:14:48.050+0000] {processor.py:925} INFO - DAG(s) 'extract_raw_data_pipeline' retrieved from /opt/airflow/dags/batch_generator.py
[2026-06-17T19:14:48.067+0000] {logging_mixin.py:190} INFO - [2026-06-17T19:14:48.067+0000] {dag.py:3239} INFO - Sync 1 DAGs
[2026-06-17T19:14:48.081+0000] {logging_mixin.py:190} INFO - [2026-06-17T19:14:48.081+0000] {dag.py:4180} INFO - Setting next_dagrun for extract_raw_data_pipeline to 2026-06-17 07:59:00+00:00, run_after=2026-06-18 07:00:00+00:00
[2026-06-17T19:14:48.094+0000] {processor.py:208} INFO - Processing /opt/airflow/dags/batch_generator.py took 0.147 seconds
[2026-06-17T19:15:18.199+0000] {processor.py:186} INFO - Started process (PID=455) to work on /opt/airflow/dags/batch_generator.py
[2026-06-17T19:15:18.200+0000] {processor.py:914} INFO - Processing file /opt/airflow/dags/batch_generator.py for tasks to queue
[2026-06-17T19:15:18.202+0000] {logging_mixin.py:190} INFO - [2026-06-17T19:15:18.202+0000] {dagbag.py:588} INFO - Filling up the DagBag from /opt/airflow/dags/batch_generator.py
[2026-06-17T19:15:18.290+0000] {processor.py:925} INFO - DAG(s) 'extract_raw_data_pipeline' retrieved from /opt/airflow/dags/batch_generator.py
[2026-06-17T19:15:18.306+0000] {logging_mixin.py:190} INFO - [2026-06-17T19:15:18.305+0000] {dag.py:3239} INFO - Sync 1 DAGs
[2026-06-17T19:15:18.319+0000] {logging_mixin.py:190} INFO - [2026-06-17T19:15:18.319+0000] {dag.py:4180} INFO - Setting next_dagrun for extract_raw_data_pipeline to 2026-06-17 07:59:00+00:00, run_after=2026-06-18 07:00:00+00:00
[2026-06-17T19:15:18.331+0000] {processor.py:208} INFO - Processing /opt/airflow/dags/batch_generator.py took 0.136 seconds
[2026-06-17T19:15:48.553+0000] {processor.py:186} INFO - Started process (PID=463) to work on /opt/airflow/dags/batch_generator.py
[2026-06-17T19:15:48.554+0000] {processor.py:914} INFO - Processing file /opt/airflow/dags/batch_generator.py for tasks to queue
[2026-06-17T19:15:48.556+0000] {logging_mixin.py:190} INFO - [2026-06-17T19:15:48.556+0000] {dagbag.py:588} INFO - Filling up the DagBag from /opt/airflow/dags/batch_generator.py
[2026-06-17T19:15:48.653+0000] {processor.py:925} INFO - DAG(s) 'extract_raw_data_pipeline' retrieved from /opt/airflow/dags/batch_generator.py
[2026-06-17T19:15:48.669+0000] {logging_mixin.py:190} INFO - [2026-06-17T19:15:48.669+0000] {dag.py:3239} INFO - Sync 1 DAGs
[2026-06-17T19:15:48.683+0000] {logging_mixin.py:190} INFO - [2026-06-17T19:15:48.683+0000] {dag.py:4180} INFO - Setting next_dagrun for extract_raw_data_pipeline to 2026-06-17 07:59:00+00:00, run_after=2026-06-18 07:00:00+00:00
[2026-06-17T19:15:48.698+0000] {processor.py:208} INFO - Processing /opt/airflow/dags/batch_generator.py took 0.149 seconds
[2026-06-17T19:16:18.852+0000] {processor.py:186} INFO - Started process (PID=471) to work on /opt/airflow/dags/batch_generator.py
[2026-06-17T19:16:18.853+0000] {processor.py:914} INFO - Processing file /opt/airflow/dags/batch_generator.py for tasks to queue
[2026-06-17T19:16:18.855+0000] {logging_mixin.py:190} INFO - [2026-06-17T19:16:18.855+0000] {dagbag.py:588} INFO - Filling up the DagBag from /opt/airflow/dags/batch_generator.py
[2026-06-17T19:16:18.957+0000] {processor.py:925} INFO - DAG(s) 'extract_raw_data_pipeline' retrieved from /opt/airflow/dags/batch_generator.py
[2026-06-17T19:16:18.972+0000] {logging_mixin.py:190} INFO - [2026-06-17T19:16:18.972+0000] {dag.py:3239} INFO - Sync 1 DAGs
[2026-06-17T19:16:18.986+0000] {logging_mixin.py:190} INFO - [2026-06-17T19:16:18.986+0000] {dag.py:4180} INFO - Setting next_dagrun for extract_raw_data_pipeline to 2026-06-17 07:59:00+00:00, run_after=2026-06-18 07:00:00+00:00
[2026-06-17T19:16:18.998+0000] {processor.py:208} INFO - Processing /opt/airflow/dags/batch_generator.py took 0.150 seconds
[2026-06-17T19:16:49.183+0000] {processor.py:186} INFO - Started process (PID=479) to work on /opt/airflow/dags/batch_generator.py
[2026-06-17T19:16:49.183+0000] {processor.py:914} INFO - Processing file /opt/airflow/dags/batch_generator.py for tasks to queue
[2026-06-17T19:16:49.185+0000] {logging_mixin.py:190} INFO - [2026-06-17T19:16:49.185+0000] {dagbag.py:588} INFO - Filling up the DagBag from /opt/airflow/dags/batch_generator.py
[2026-06-17T19:16:49.280+0000] {processor.py:925} INFO - DAG(s) 'extract_raw_data_pipeline' retrieved from /opt/airflow/dags/batch_generator.py
[2026-06-17T19:16:49.297+0000] {logging_mixin.py:190} INFO - [2026-06-17T19:16:49.297+0000] {dag.py:3239} INFO - Sync 1 DAGs
[2026-06-17T19:16:49.312+0000] {logging_mixin.py:190} INFO - [2026-06-17T19:16:49.312+0000] {dag.py:4180} INFO - Setting next_dagrun for extract_raw_data_pipeline to 2026-06-17 07:59:00+00:00, run_after=2026-06-18 07:00:00+00:00
[2026-06-17T19:16:49.330+0000] {processor.py:208} INFO - Processing /opt/airflow/dags/batch_generator.py took 0.151 seconds
[2026-06-17T19:17:19.478+0000] {processor.py:186} INFO - Started process (PID=487) to work on /opt/airflow/dags/batch_generator.py
[2026-06-17T19:17:19.479+0000] {processor.py:914} INFO - Processing file /opt/airflow/dags/batch_generator.py for tasks to queue
[2026-06-17T19:17:19.480+0000] {logging_mixin.py:190} INFO - [2026-06-17T19:17:19.480+0000] {dagbag.py:588} INFO - Filling up the DagBag from /opt/airflow/dags/batch_generator.py
[2026-06-17T19:17:19.574+0000] {processor.py:925} INFO - DAG(s) 'extract_raw_data_pipeline' retrieved from /opt/airflow/dags/batch_generator.py
[2026-06-17T19:17:19.591+0000] {logging_mixin.py:190} INFO - [2026-06-17T19:17:19.591+0000] {dag.py:3239} INFO - Sync 1 DAGs
[2026-06-17T19:17:19.606+0000] {logging_mixin.py:190} INFO - [2026-06-17T19:17:19.606+0000] {dag.py:4180} INFO - Setting next_dagrun for extract_raw_data_pipeline to 2026-06-17 07:59:00+00:00, run_after=2026-06-18 07:00:00+00:00
[2026-06-17T19:17:19.619+0000] {processor.py:208} INFO - Processing /opt/airflow/dags/batch_generator.py took 0.144 seconds
[2026-06-17T19:17:49.842+0000] {processor.py:186} INFO - Started process (PID=495) to work on /opt/airflow/dags/batch_generator.py
[2026-06-17T19:17:49.842+0000] {processor.py:914} INFO - Processing file /opt/airflow/dags/batch_generator.py for tasks to queue
[2026-06-17T19:17:49.844+0000] {logging_mixin.py:190} INFO - [2026-06-17T19:17:49.844+0000] {dagbag.py:588} INFO - Filling up the DagBag from /opt/airflow/dags/batch_generator.py
[2026-06-17T19:17:49.946+0000] {processor.py:925} INFO - DAG(s) 'extract_raw_data_pipeline' retrieved from /opt/airflow/dags/batch_generator.py
[2026-06-17T19:17:49.961+0000] {logging_mixin.py:190} INFO - [2026-06-17T19:17:49.961+0000] {dag.py:3239} INFO - Sync 1 DAGs
[2026-06-17T19:17:49.974+0000] {logging_mixin.py:190} INFO - [2026-06-17T19:17:49.974+0000] {dag.py:4180} INFO - Setting next_dagrun for extract_raw_data_pipeline to 2026-06-17 07:59:00+00:00, run_after=2026-06-18 07:00:00+00:00
[2026-06-17T19:17:49.987+0000] {processor.py:208} INFO - Processing /opt/airflow/dags/batch_generator.py took 0.149 seconds
[2026-06-17T19:18:20.076+0000] {processor.py:186} INFO - Started process (PID=503) to work on /opt/airflow/dags/batch_generator.py
[2026-06-17T19:18:20.077+0000] {processor.py:914} INFO - Processing file /opt/airflow/dags/batch_generator.py for tasks to queue
[2026-06-17T19:18:20.079+0000] {logging_mixin.py:190} INFO - [2026-06-17T19:18:20.078+0000] {dagbag.py:588} INFO - Filling up the DagBag from /opt/airflow/dags/batch_generator.py
[2026-06-17T19:18:20.165+0000] {processor.py:925} INFO - DAG(s) 'extract_raw_data_pipeline' retrieved from /opt/airflow/dags/batch_generator.py
[2026-06-17T19:18:20.179+0000] {logging_mixin.py:190} INFO - [2026-06-17T19:18:20.179+0000] {dag.py:3239} INFO - Sync 1 DAGs
[2026-06-17T19:18:20.192+0000] {logging_mixin.py:190} INFO - [2026-06-17T19:18:20.191+0000] {dag.py:4180} INFO - Setting next_dagrun for extract_raw_data_pipeline to 2026-06-17 07:59:00+00:00, run_after=2026-06-18 07:00:00+00:00
[2026-06-17T19:18:20.203+0000] {processor.py:208} INFO - Processing /opt/airflow/dags/batch_generator.py took 0.130 seconds
[2026-06-17T19:18:50.334+0000] {processor.py:186} INFO - Started process (PID=511) to work on /opt/airflow/dags/batch_generator.py
[2026-06-17T19:18:50.335+0000] {processor.py:914} INFO - Processing file /opt/airflow/dags/batch_generator.py for tasks to queue
[2026-06-17T19:18:50.337+0000] {logging_mixin.py:190} INFO - [2026-06-17T19:18:50.337+0000] {dagbag.py:588} INFO - Filling up the DagBag from /opt/airflow/dags/batch_generator.py
[2026-06-17T19:18:50.452+0000] {processor.py:925} INFO - DAG(s) 'extract_raw_data_pipeline' retrieved from /opt/airflow/dags/batch_generator.py
[2026-06-17T19:18:50.469+0000] {logging_mixin.py:190} INFO - [2026-06-17T19:18:50.469+0000] {dag.py:3239} INFO - Sync 1 DAGs
[2026-06-17T19:18:50.483+0000] {logging_mixin.py:190} INFO - [2026-06-17T19:18:50.483+0000] {dag.py:4180} INFO - Setting next_dagrun for extract_raw_data_pipeline to 2026-06-17 07:59:00+00:00, run_after=2026-06-18 07:00:00+00:00
[2026-06-17T19:18:50.495+0000] {processor.py:208} INFO - Processing /opt/airflow/dags/batch_generator.py took 0.166 seconds
[2026-06-17T19:19:20.714+0000] {processor.py:186} INFO - Started process (PID=519) to work on /opt/airflow/dags/batch_generator.py
[2026-06-17T19:19:20.715+0000] {processor.py:914} INFO - Processing file /opt/airflow/dags/batch_generator.py for tasks to queue
[2026-06-17T19:19:20.716+0000] {logging_mixin.py:190} INFO - [2026-06-17T19:19:20.716+0000] {dagbag.py:588} INFO - Filling up the DagBag from /opt/airflow/dags/batch_generator.py
[2026-06-17T19:19:20.811+0000] {processor.py:925} INFO - DAG(s) 'extract_raw_data_pipeline' retrieved from /opt/airflow/dags/batch_generator.py
[2026-06-17T19:19:20.827+0000] {logging_mixin.py:190} INFO - [2026-06-17T19:19:20.827+0000] {dag.py:3239} INFO - Sync 1 DAGs
[2026-06-17T19:19:20.840+0000] {logging_mixin.py:190} INFO - [2026-06-17T19:19:20.840+0000] {dag.py:4180} INFO - Setting next_dagrun for extract_raw_data_pipeline to 2026-06-17 07:59:00+00:00, run_after=2026-06-18 07:00:00+00:00
[2026-06-17T19:19:20.852+0000] {processor.py:208} INFO - Processing /opt/airflow/dags/batch_generator.py took 0.141 seconds
[2026-06-17T19:19:51.012+0000] {processor.py:186} INFO - Started process (PID=527) to work on /opt/airflow/dags/batch_generator.py
[2026-06-17T19:19:51.012+0000] {processor.py:914} INFO - Processing file /opt/airflow/dags/batch_generator.py for tasks to queue
[2026-06-17T19:19:51.014+0000] {logging_mixin.py:190} INFO - [2026-06-17T19:19:51.014+0000] {dagbag.py:588} INFO - Filling up the DagBag from /opt/airflow/dags/batch_generator.py
[2026-06-17T19:19:51.115+0000] {processor.py:925} INFO - DAG(s) 'extract_raw_data_pipeline' retrieved from /opt/airflow/dags/batch_generator.py
[2026-06-17T19:19:51.132+0000] {logging_mixin.py:190} INFO - [2026-06-17T19:19:51.132+0000] {dag.py:3239} INFO - Sync 1 DAGs
[2026-06-17T19:19:51.147+0000] {logging_mixin.py:190} INFO - [2026-06-17T19:19:51.147+0000] {dag.py:4180} INFO - Setting next_dagrun for extract_raw_data_pipeline to 2026-06-17 07:59:00+00:00, run_after=2026-06-18 07:00:00+00:00
[2026-06-17T19:19:51.165+0000] {processor.py:208} INFO - Processing /opt/airflow/dags/batch_generator.py took 0.157 seconds
[2026-06-17T19:20:21.287+0000] {processor.py:186} INFO - Started process (PID=535) to work on /opt/airflow/dags/batch_generator.py
[2026-06-17T19:20:21.287+0000] {processor.py:914} INFO - Processing file /opt/airflow/dags/batch_generator.py for tasks to queue
[2026-06-17T19:20:21.289+0000] {logging_mixin.py:190} INFO - [2026-06-17T19:20:21.289+0000] {dagbag.py:588} INFO - Filling up the DagBag from /opt/airflow/dags/batch_generator.py
[2026-06-17T19:20:21.384+0000] {processor.py:925} INFO - DAG(s) 'extract_raw_data_pipeline' retrieved from /opt/airflow/dags/batch_generator.py
[2026-06-17T19:20:21.399+0000] {logging_mixin.py:190} INFO - [2026-06-17T19:20:21.399+0000] {dag.py:3239} INFO - Sync 1 DAGs
[2026-06-17T19:20:21.413+0000] {logging_mixin.py:190} INFO - [2026-06-17T19:20:21.412+0000] {dag.py:4180} INFO - Setting next_dagrun for extract_raw_data_pipeline to 2026-06-17 07:59:00+00:00, run_after=2026-06-18 07:00:00+00:00
[2026-06-17T19:20:21.426+0000] {processor.py:208} INFO - Processing /opt/airflow/dags/batch_generator.py took 0.143 seconds
[2026-06-17T19:20:51.585+0000] {processor.py:186} INFO - Started process (PID=543) to work on /opt/airflow/dags/batch_generator.py
[2026-06-17T19:20:51.586+0000] {processor.py:914} INFO - Processing file /opt/airflow/dags/batch_generator.py for tasks to queue
[2026-06-17T19:20:51.588+0000] {logging_mixin.py:190} INFO - [2026-06-17T19:20:51.588+0000] {dagbag.py:588} INFO - Filling up the DagBag from /opt/airflow/dags/batch_generator.py
[2026-06-17T19:20:51.689+0000] {processor.py:925} INFO - DAG(s) 'extract_raw_data_pipeline' retrieved from /opt/airflow/dags/batch_generator.py
[2026-06-17T19:20:51.704+0000] {logging_mixin.py:190} INFO - [2026-06-17T19:20:51.704+0000] {dag.py:3239} INFO - Sync 1 DAGs
[2026-06-17T19:20:51.718+0000] {logging_mixin.py:190} INFO - [2026-06-17T19:20:51.718+0000] {dag.py:4180} INFO - Setting next_dagrun for extract_raw_data_pipeline to 2026-06-17 07:59:00+00:00, run_after=2026-06-18 07:00:00+00:00
[2026-06-17T19:20:51.734+0000] {processor.py:208} INFO - Processing /opt/airflow/dags/batch_generator.py took 0.152 seconds
[2026-06-17T19:21:21.915+0000] {processor.py:186} INFO - Started process (PID=551) to work on /opt/airflow/dags/batch_generator.py
[2026-06-17T19:21:21.916+0000] {processor.py:914} INFO - Processing file /opt/airflow/dags/batch_generator.py for tasks to queue
[2026-06-17T19:21:21.917+0000] {logging_mixin.py:190} INFO - [2026-06-17T19:21:21.917+0000] {dagbag.py:588} INFO - Filling up the DagBag from /opt/airflow/dags/batch_generator.py
[2026-06-17T19:21:22.016+0000] {processor.py:925} INFO - DAG(s) 'extract_raw_data_pipeline' retrieved from /opt/airflow/dags/batch_generator.py
[2026-06-17T19:21:22.033+0000] {logging_mixin.py:190} INFO - [2026-06-17T19:21:22.032+0000] {dag.py:3239} INFO - Sync 1 DAGs
[2026-06-17T19:21:22.046+0000] {logging_mixin.py:190} INFO - [2026-06-17T19:21:22.046+0000] {dag.py:4180} INFO - Setting next_dagrun for extract_raw_data_pipeline to 2026-06-17 07:59:00+00:00, run_after=2026-06-18 07:00:00+00:00
[2026-06-17T19:21:22.059+0000] {processor.py:208} INFO - Processing /opt/airflow/dags/batch_generator.py took 0.148 seconds
[2026-06-17T19:21:52.240+0000] {processor.py:186} INFO - Started process (PID=559) to work on /opt/airflow/dags/batch_generator.py
[2026-06-17T19:21:52.240+0000] {processor.py:914} INFO - Processing file /opt/airflow/dags/batch_generator.py for tasks to queue
[2026-06-17T19:21:52.242+0000] {logging_mixin.py:190} INFO - [2026-06-17T19:21:52.242+0000] {dagbag.py:588} INFO - Filling up the DagBag from /opt/airflow/dags/batch_generator.py
[2026-06-17T19:21:52.337+0000] {processor.py:925} INFO - DAG(s) 'extract_raw_data_pipeline' retrieved from /opt/airflow/dags/batch_generator.py
[2026-06-17T19:21:52.352+0000] {logging_mixin.py:190} INFO - [2026-06-17T19:21:52.352+0000] {dag.py:3239} INFO - Sync 1 DAGs
[2026-06-17T19:21:52.366+0000] {logging_mixin.py:190} INFO - [2026-06-17T19:21:52.366+0000] {dag.py:4180} INFO - Setting next_dagrun for extract_raw_data_pipeline to 2026-06-17 07:59:00+00:00, run_after=2026-06-18 07:00:00+00:00
[2026-06-17T19:21:52.382+0000] {processor.py:208} INFO - Processing /opt/airflow/dags/batch_generator.py took 0.146 seconds
[2026-06-17T19:22:22.742+0000] {processor.py:186} INFO - Started process (PID=567) to work on /opt/airflow/dags/batch_generator.py
[2026-06-17T19:22:22.745+0000] {processor.py:914} INFO - Processing file /opt/airflow/dags/batch_generator.py for tasks to queue
[2026-06-17T19:22:22.748+0000] {logging_mixin.py:190} INFO - [2026-06-17T19:22:22.747+0000] {dagbag.py:588} INFO - Filling up the DagBag from /opt/airflow/dags/batch_generator.py
[2026-06-17T19:22:22.847+0000] {processor.py:925} INFO - DAG(s) 'extract_raw_data_pipeline' retrieved from /opt/airflow/dags/batch_generator.py
[2026-06-17T19:22:22.862+0000] {logging_mixin.py:190} INFO - [2026-06-17T19:22:22.862+0000] {dag.py:3239} INFO - Sync 1 DAGs
[2026-06-17T19:22:22.875+0000] {logging_mixin.py:190} INFO - [2026-06-17T19:22:22.875+0000] {dag.py:4180} INFO - Setting next_dagrun for extract_raw_data_pipeline to 2026-06-17 07:59:00+00:00, run_after=2026-06-18 07:00:00+00:00
[2026-06-17T19:22:22.888+0000] {processor.py:208} INFO - Processing /opt/airflow/dags/batch_generator.py took 0.152 seconds
[2026-06-17T19:22:52.945+0000] {processor.py:186} INFO - Started process (PID=575) to work on /opt/airflow/dags/batch_generator.py
[2026-06-17T19:22:52.946+0000] {processor.py:914} INFO - Processing file /opt/airflow/dags/batch_generator.py for tasks to queue
[2026-06-17T19:22:52.948+0000] {logging_mixin.py:190} INFO - [2026-06-17T19:22:52.947+0000] {dagbag.py:588} INFO - Filling up the DagBag from /opt/airflow/dags/batch_generator.py
[2026-06-17T19:22:53.041+0000] {processor.py:925} INFO - DAG(s) 'extract_raw_data_pipeline' retrieved from /opt/airflow/dags/batch_generator.py
[2026-06-17T19:22:53.060+0000] {logging_mixin.py:190} INFO - [2026-06-17T19:22:53.060+0000] {dag.py:3239} INFO - Sync 1 DAGs
[2026-06-17T19:22:53.074+0000] {logging_mixin.py:190} INFO - [2026-06-17T19:22:53.073+0000] {dag.py:4180} INFO - Setting next_dagrun for extract_raw_data_pipeline to 2026-06-17 07:59:00+00:00, run_after=2026-06-18 07:00:00+00:00
[2026-06-17T19:22:53.091+0000] {processor.py:208} INFO - Processing /opt/airflow/dags/batch_generator.py took 0.149 seconds
[2026-06-17T19:23:23.319+0000] {processor.py:186} INFO - Started process (PID=583) to work on /opt/airflow/dags/batch_generator.py
[2026-06-17T19:23:23.319+0000] {processor.py:914} INFO - Processing file /opt/airflow/dags/batch_generator.py for tasks to queue
[2026-06-17T19:23:23.321+0000] {logging_mixin.py:190} INFO - [2026-06-17T19:23:23.321+0000] {dagbag.py:588} INFO - Filling up the DagBag from /opt/airflow/dags/batch_generator.py
[2026-06-17T19:23:23.414+0000] {processor.py:925} INFO - DAG(s) 'extract_raw_data_pipeline' retrieved from /opt/airflow/dags/batch_generator.py
[2026-06-17T19:23:23.430+0000] {logging_mixin.py:190} INFO - [2026-06-17T19:23:23.429+0000] {dag.py:3239} INFO - Sync 1 DAGs
[2026-06-17T19:23:23.444+0000] {logging_mixin.py:190} INFO - [2026-06-17T19:23:23.443+0000] {dag.py:4180} INFO - Setting next_dagrun for extract_raw_data_pipeline to 2026-06-17 07:59:00+00:00, run_after=2026-06-18 07:00:00+00:00
[2026-06-17T19:23:23.457+0000] {processor.py:208} INFO - Processing /opt/airflow/dags/batch_generator.py took 0.142 seconds
[2026-06-17T19:23:53.658+0000] {processor.py:186} INFO - Started process (PID=591) to work on /opt/airflow/dags/batch_generator.py
[2026-06-17T19:23:53.659+0000] {processor.py:914} INFO - Processing file /opt/airflow/dags/batch_generator.py for tasks to queue
[2026-06-17T19:23:53.661+0000] {logging_mixin.py:190} INFO - [2026-06-17T19:23:53.660+0000] {dagbag.py:588} INFO - Filling up the DagBag from /opt/airflow/dags/batch_generator.py
[2026-06-17T19:23:53.753+0000] {processor.py:925} INFO - DAG(s) 'extract_raw_data_pipeline' retrieved from /opt/airflow/dags/batch_generator.py
[2026-06-17T19:23:53.770+0000] {logging_mixin.py:190} INFO - [2026-06-17T19:23:53.770+0000] {dag.py:3239} INFO - Sync 1 DAGs
[2026-06-17T19:23:53.785+0000] {logging_mixin.py:190} INFO - [2026-06-17T19:23:53.785+0000] {dag.py:4180} INFO - Setting next_dagrun for extract_raw_data_pipeline to 2026-06-17 07:59:00+00:00, run_after=2026-06-18 07:00:00+00:00
[2026-06-17T19:23:53.802+0000] {processor.py:208} INFO - Processing /opt/airflow/dags/batch_generator.py took 0.147 seconds
[2026-06-17T19:24:24.010+0000] {processor.py:186} INFO - Started process (PID=599) to work on /opt/airflow/dags/batch_generator.py
[2026-06-17T19:24:24.011+0000] {processor.py:914} INFO - Processing file /opt/airflow/dags/batch_generator.py for tasks to queue
[2026-06-17T19:24:24.013+0000] {logging_mixin.py:190} INFO - [2026-06-17T19:24:24.012+0000] {dagbag.py:588} INFO - Filling up the DagBag from /opt/airflow/dags/batch_generator.py
[2026-06-17T19:24:24.104+0000] {processor.py:925} INFO - DAG(s) 'extract_raw_data_pipeline' retrieved from /opt/airflow/dags/batch_generator.py
[2026-06-17T19:24:24.120+0000] {logging_mixin.py:190} INFO - [2026-06-17T19:24:24.120+0000] {dag.py:3239} INFO - Sync 1 DAGs
[2026-06-17T19:24:24.136+0000] {logging_mixin.py:190} INFO - [2026-06-17T19:24:24.135+0000] {dag.py:4180} INFO - Setting next_dagrun for extract_raw_data_pipeline to 2026-06-17 07:59:00+00:00, run_after=2026-06-18 07:00:00+00:00
[2026-06-17T19:24:24.160+0000] {processor.py:208} INFO - Processing /opt/airflow/dags/batch_generator.py took 0.153 seconds
[2026-06-17T19:24:54.335+0000] {processor.py:186} INFO - Started process (PID=607) to work on /opt/airflow/dags/batch_generator.py
[2026-06-17T19:24:54.336+0000] {processor.py:914} INFO - Processing file /opt/airflow/dags/batch_generator.py for tasks to queue
[2026-06-17T19:24:54.337+0000] {logging_mixin.py:190} INFO - [2026-06-17T19:24:54.337+0000] {dagbag.py:588} INFO - Filling up the DagBag from /opt/airflow/dags/batch_generator.py
[2026-06-17T19:24:54.427+0000] {processor.py:925} INFO - DAG(s) 'extract_raw_data_pipeline' retrieved from /opt/airflow/dags/batch_generator.py
[2026-06-17T19:24:54.444+0000] {logging_mixin.py:190} INFO - [2026-06-17T19:24:54.444+0000] {dag.py:3239} INFO - Sync 1 DAGs
[2026-06-17T19:24:54.459+0000] {logging_mixin.py:190} INFO - [2026-06-17T19:24:54.459+0000] {dag.py:4180} INFO - Setting next_dagrun for extract_raw_data_pipeline to 2026-06-17 07:59:00+00:00, run_after=2026-06-18 07:00:00+00:00
[2026-06-17T19:24:54.472+0000] {processor.py:208} INFO - Processing /opt/airflow/dags/batch_generator.py took 0.141 seconds
[2026-06-17T19:25:24.598+0000] {processor.py:186} INFO - Started process (PID=615) to work on /opt/airflow/dags/batch_generator.py
[2026-06-17T19:25:24.599+0000] {processor.py:914} INFO - Processing file /opt/airflow/dags/batch_generator.py for tasks to queue
[2026-06-17T19:25:24.601+0000] {logging_mixin.py:190} INFO - [2026-06-17T19:25:24.600+0000] {dagbag.py:588} INFO - Filling up the DagBag from /opt/airflow/dags/batch_generator.py
[2026-06-17T19:25:24.705+0000] {processor.py:925} INFO - DAG(s) 'extract_raw_data_pipeline' retrieved from /opt/airflow/dags/batch_generator.py
[2026-06-17T19:25:24.721+0000] {logging_mixin.py:190} INFO - [2026-06-17T19:25:24.721+0000] {dag.py:3239} INFO - Sync 1 DAGs
[2026-06-17T19:25:24.735+0000] {logging_mixin.py:190} INFO - [2026-06-17T19:25:24.735+0000] {dag.py:4180} INFO - Setting next_dagrun for extract_raw_data_pipeline to 2026-06-17 07:59:00+00:00, run_after=2026-06-18 07:00:00+00:00
[2026-06-17T19:25:24.748+0000] {processor.py:208} INFO - Processing /opt/airflow/dags/batch_generator.py took 0.153 seconds
[2026-06-17T19:25:54.949+0000] {processor.py:186} INFO - Started process (PID=623) to work on /opt/airflow/dags/batch_generator.py
[2026-06-17T19:25:54.950+0000] {processor.py:914} INFO - Processing file /opt/airflow/dags/batch_generator.py for tasks to queue
[2026-06-17T19:25:54.951+0000] {logging_mixin.py:190} INFO - [2026-06-17T19:25:54.951+0000] {dagbag.py:588} INFO - Filling up the DagBag from /opt/airflow/dags/batch_generator.py
[2026-06-17T19:25:55.045+0000] {processor.py:925} INFO - DAG(s) 'extract_raw_data_pipeline' retrieved from /opt/airflow/dags/batch_generator.py
[2026-06-17T19:25:55.060+0000] {logging_mixin.py:190} INFO - [2026-06-17T19:25:55.060+0000] {dag.py:3239} INFO - Sync 1 DAGs
[2026-06-17T19:25:55.073+0000] {logging_mixin.py:190} INFO - [2026-06-17T19:25:55.073+0000] {dag.py:4180} INFO - Setting next_dagrun for extract_raw_data_pipeline to 2026-06-17 07:59:00+00:00, run_after=2026-06-18 07:00:00+00:00
[2026-06-17T19:25:55.086+0000] {processor.py:208} INFO - Processing /opt/airflow/dags/batch_generator.py took 0.140 seconds
[2026-06-17T19:26:25.226+0000] {processor.py:186} INFO - Started process (PID=631) to work on /opt/airflow/dags/batch_generator.py
[2026-06-17T19:26:25.227+0000] {processor.py:914} INFO - Processing file /opt/airflow/dags/batch_generator.py for tasks to queue
[2026-06-17T19:26:25.228+0000] {logging_mixin.py:190} INFO - [2026-06-17T19:26:25.228+0000] {dagbag.py:588} INFO - Filling up the DagBag from /opt/airflow/dags/batch_generator.py
[2026-06-17T19:26:25.328+0000] {processor.py:925} INFO - DAG(s) 'extract_raw_data_pipeline' retrieved from /opt/airflow/dags/batch_generator.py
[2026-06-17T19:26:25.344+0000] {logging_mixin.py:190} INFO - [2026-06-17T19:26:25.344+0000] {dag.py:3239} INFO - Sync 1 DAGs
[2026-06-17T19:26:25.360+0000] {logging_mixin.py:190} INFO - [2026-06-17T19:26:25.360+0000] {dag.py:4180} INFO - Setting next_dagrun for extract_raw_data_pipeline to 2026-06-17 07:59:00+00:00, run_after=2026-06-18 07:00:00+00:00
[2026-06-17T19:26:25.375+0000] {processor.py:208} INFO - Processing /opt/airflow/dags/batch_generator.py took 0.152 seconds
[2026-06-17T19:26:55.681+0000] {processor.py:186} INFO - Started process (PID=639) to work on /opt/airflow/dags/batch_generator.py
[2026-06-17T19:26:55.682+0000] {processor.py:914} INFO - Processing file /opt/airflow/dags/batch_generator.py for tasks to queue
[2026-06-17T19:26:55.683+0000] {logging_mixin.py:190} INFO - [2026-06-17T19:26:55.683+0000] {dagbag.py:588} INFO - Filling up the DagBag from /opt/airflow/dags/batch_generator.py
[2026-06-17T19:26:55.799+0000] {processor.py:925} INFO - DAG(s) 'extract_raw_data_pipeline' retrieved from /opt/airflow/dags/batch_generator.py
[2026-06-17T19:26:55.817+0000] {logging_mixin.py:190} INFO - [2026-06-17T19:26:55.817+0000] {dag.py:3239} INFO - Sync 1 DAGs
[2026-06-17T19:26:55.832+0000] {logging_mixin.py:190} INFO - [2026-06-17T19:26:55.832+0000] {dag.py:4180} INFO - Setting next_dagrun for extract_raw_data_pipeline to 2026-06-17 07:59:00+00:00, run_after=2026-06-18 07:00:00+00:00
[2026-06-17T19:26:55.847+0000] {processor.py:208} INFO - Processing /opt/airflow/dags/batch_generator.py took 0.169 seconds
[2026-06-17T19:27:25.906+0000] {processor.py:186} INFO - Started process (PID=647) to work on /opt/airflow/dags/batch_generator.py
[2026-06-17T19:27:25.907+0000] {processor.py:914} INFO - Processing file /opt/airflow/dags/batch_generator.py for tasks to queue
[2026-06-17T19:27:25.909+0000] {logging_mixin.py:190} INFO - [2026-06-17T19:27:25.908+0000] {dagbag.py:588} INFO - Filling up the DagBag from /opt/airflow/dags/batch_generator.py
[2026-06-17T19:27:26.012+0000] {processor.py:925} INFO - DAG(s) 'extract_raw_data_pipeline' retrieved from /opt/airflow/dags/batch_generator.py
[2026-06-17T19:27:26.030+0000] {logging_mixin.py:190} INFO - [2026-06-17T19:27:26.030+0000] {dag.py:3239} INFO - Sync 1 DAGs
[2026-06-17T19:27:26.046+0000] {logging_mixin.py:190} INFO - [2026-06-17T19:27:26.046+0000] {dag.py:4180} INFO - Setting next_dagrun for extract_raw_data_pipeline to 2026-06-17 07:59:00+00:00, run_after=2026-06-18 07:00:00+00:00
[2026-06-17T19:27:26.067+0000] {processor.py:208} INFO - Processing /opt/airflow/dags/batch_generator.py took 0.164 seconds
[2026-06-17T19:27:56.162+0000] {processor.py:186} INFO - Started process (PID=655) to work on /opt/airflow/dags/batch_generator.py
[2026-06-17T19:27:56.163+0000] {processor.py:914} INFO - Processing file /opt/airflow/dags/batch_generator.py for tasks to queue
[2026-06-17T19:27:56.164+0000] {logging_mixin.py:190} INFO - [2026-06-17T19:27:56.164+0000] {dagbag.py:588} INFO - Filling up the DagBag from /opt/airflow/dags/batch_generator.py
[2026-06-17T19:27:56.261+0000] {processor.py:925} INFO - DAG(s) 'extract_raw_data_pipeline' retrieved from /opt/airflow/dags/batch_generator.py
[2026-06-17T19:27:56.279+0000] {logging_mixin.py:190} INFO - [2026-06-17T19:27:56.278+0000] {dag.py:3239} INFO - Sync 1 DAGs
[2026-06-17T19:27:56.293+0000] {logging_mixin.py:190} INFO - [2026-06-17T19:27:56.293+0000] {dag.py:4180} INFO - Setting next_dagrun for extract_raw_data_pipeline to 2026-06-17 07:59:00+00:00, run_after=2026-06-18 07:00:00+00:00
[2026-06-17T19:27:56.309+0000] {processor.py:208} INFO - Processing /opt/airflow/dags/batch_generator.py took 0.150 seconds
[2026-06-17T19:28:26.411+0000] {processor.py:186} INFO - Started process (PID=663) to work on /opt/airflow/dags/batch_generator.py
[2026-06-17T19:28:26.411+0000] {processor.py:914} INFO - Processing file /opt/airflow/dags/batch_generator.py for tasks to queue
[2026-06-17T19:28:26.413+0000] {logging_mixin.py:190} INFO - [2026-06-17T19:28:26.413+0000] {dagbag.py:588} INFO - Filling up the DagBag from /opt/airflow/dags/batch_generator.py
[2026-06-17T19:28:26.514+0000] {processor.py:925} INFO - DAG(s) 'extract_raw_data_pipeline' retrieved from /opt/airflow/dags/batch_generator.py
[2026-06-17T19:28:26.531+0000] {logging_mixin.py:190} INFO - [2026-06-17T19:28:26.530+0000] {dag.py:3239} INFO - Sync 1 DAGs
[2026-06-17T19:28:26.546+0000] {logging_mixin.py:190} INFO - [2026-06-17T19:28:26.546+0000] {dag.py:4180} INFO - Setting next_dagrun for extract_raw_data_pipeline to 2026-06-17 07:59:00+00:00, run_after=2026-06-18 07:00:00+00:00
[2026-06-17T19:28:26.561+0000] {processor.py:208} INFO - Processing /opt/airflow/dags/batch_generator.py took 0.154 seconds
[2026-06-17T19:28:56.780+0000] {processor.py:186} INFO - Started process (PID=671) to work on /opt/airflow/dags/batch_generator.py
[2026-06-17T19:28:56.781+0000] {processor.py:914} INFO - Processing file /opt/airflow/dags/batch_generator.py for tasks to queue
[2026-06-17T19:28:56.782+0000] {logging_mixin.py:190} INFO - [2026-06-17T19:28:56.782+0000] {dagbag.py:588} INFO - Filling up the DagBag from /opt/airflow/dags/batch_generator.py
[2026-06-17T19:28:56.878+0000] {processor.py:925} INFO - DAG(s) 'extract_raw_data_pipeline' retrieved from /opt/airflow/dags/batch_generator.py
[2026-06-17T19:28:56.895+0000] {logging_mixin.py:190} INFO - [2026-06-17T19:28:56.894+0000] {dag.py:3239} INFO - Sync 1 DAGs
[2026-06-17T19:28:56.909+0000] {logging_mixin.py:190} INFO - [2026-06-17T19:28:56.909+0000] {dag.py:4180} INFO - Setting next_dagrun for extract_raw_data_pipeline to 2026-06-17 07:59:00+00:00, run_after=2026-06-18 07:00:00+00:00
[2026-06-17T19:28:56.933+0000] {processor.py:208} INFO - Processing /opt/airflow/dags/batch_generator.py took 0.156 seconds
[2026-06-17T19:29:27.024+0000] {processor.py:186} INFO - Started process (PID=679) to work on /opt/airflow/dags/batch_generator.py
[2026-06-17T19:29:27.025+0000] {processor.py:914} INFO - Processing file /opt/airflow/dags/batch_generator.py for tasks to queue
[2026-06-17T19:29:27.026+0000] {logging_mixin.py:190} INFO - [2026-06-17T19:29:27.026+0000] {dagbag.py:588} INFO - Filling up the DagBag from /opt/airflow/dags/batch_generator.py
[2026-06-17T19:29:27.115+0000] {processor.py:925} INFO - DAG(s) 'extract_raw_data_pipeline' retrieved from /opt/airflow/dags/batch_generator.py
[2026-06-17T19:29:27.131+0000] {logging_mixin.py:190} INFO - [2026-06-17T19:29:27.131+0000] {dag.py:3239} INFO - Sync 1 DAGs
[2026-06-17T19:29:27.145+0000] {logging_mixin.py:190} INFO - [2026-06-17T19:29:27.145+0000] {dag.py:4180} INFO - Setting next_dagrun for extract_raw_data_pipeline to 2026-06-17 07:59:00+00:00, run_after=2026-06-18 07:00:00+00:00
[2026-06-17T19:29:27.159+0000] {processor.py:208} INFO - Processing /opt/airflow/dags/batch_generator.py took 0.138 seconds
[2026-06-17T19:29:57.269+0000] {processor.py:186} INFO - Started process (PID=687) to work on /opt/airflow/dags/batch_generator.py
[2026-06-17T19:29:57.270+0000] {processor.py:914} INFO - Processing file /opt/airflow/dags/batch_generator.py for tasks to queue
[2026-06-17T19:29:57.272+0000] {logging_mixin.py:190} INFO - [2026-06-17T19:29:57.272+0000] {dagbag.py:588} INFO - Filling up the DagBag from /opt/airflow/dags/batch_generator.py
[2026-06-17T19:29:57.371+0000] {processor.py:925} INFO - DAG(s) 'extract_raw_data_pipeline' retrieved from /opt/airflow/dags/batch_generator.py
[2026-06-17T19:29:57.388+0000] {logging_mixin.py:190} INFO - [2026-06-17T19:29:57.388+0000] {dag.py:3239} INFO - Sync 1 DAGs
[2026-06-17T19:29:57.403+0000] {logging_mixin.py:190} INFO - [2026-06-17T19:29:57.403+0000] {dag.py:4180} INFO - Setting next_dagrun for extract_raw_data_pipeline to 2026-06-17 07:59:00+00:00, run_after=2026-06-18 07:00:00+00:00
[2026-06-17T19:29:57.416+0000] {processor.py:208} INFO - Processing /opt/airflow/dags/batch_generator.py took 0.152 seconds
[2026-06-17T19:30:27.693+0000] {processor.py:186} INFO - Started process (PID=695) to work on /opt/airflow/dags/batch_generator.py
[2026-06-17T19:30:27.694+0000] {processor.py:914} INFO - Processing file /opt/airflow/dags/batch_generator.py for tasks to queue
[2026-06-17T19:30:27.695+0000] {logging_mixin.py:190} INFO - [2026-06-17T19:30:27.695+0000] {dagbag.py:588} INFO - Filling up the DagBag from /opt/airflow/dags/batch_generator.py
[2026-06-17T19:30:27.797+0000] {processor.py:925} INFO - DAG(s) 'extract_raw_data_pipeline' retrieved from /opt/airflow/dags/batch_generator.py
[2026-06-17T19:30:27.814+0000] {logging_mixin.py:190} INFO - [2026-06-17T19:30:27.813+0000] {dag.py:3239} INFO - Sync 1 DAGs
[2026-06-17T19:30:27.831+0000] {logging_mixin.py:190} INFO - [2026-06-17T19:30:27.831+0000] {dag.py:4180} INFO - Setting next_dagrun for extract_raw_data_pipeline to 2026-06-17 07:59:00+00:00, run_after=2026-06-18 07:00:00+00:00
[2026-06-17T19:30:27.843+0000] {processor.py:208} INFO - Processing /opt/airflow/dags/batch_generator.py took 0.153 seconds
[2026-06-17T19:30:57.944+0000] {processor.py:186} INFO - Started process (PID=703) to work on /opt/airflow/dags/batch_generator.py
[2026-06-17T19:30:57.945+0000] {processor.py:914} INFO - Processing file /opt/airflow/dags/batch_generator.py for tasks to queue
[2026-06-17T19:30:57.946+0000] {logging_mixin.py:190} INFO - [2026-06-17T19:30:57.946+0000] {dagbag.py:588} INFO - Filling up the DagBag from /opt/airflow/dags/batch_generator.py
[2026-06-17T19:30:58.035+0000] {processor.py:925} INFO - DAG(s) 'extract_raw_data_pipeline' retrieved from /opt/airflow/dags/batch_generator.py
[2026-06-17T19:30:58.051+0000] {logging_mixin.py:190} INFO - [2026-06-17T19:30:58.051+0000] {dag.py:3239} INFO - Sync 1 DAGs
[2026-06-17T19:30:58.063+0000] {logging_mixin.py:190} INFO - [2026-06-17T19:30:58.062+0000] {dag.py:4180} INFO - Setting next_dagrun for extract_raw_data_pipeline to 2026-06-17 07:59:00+00:00, run_after=2026-06-18 07:00:00+00:00
[2026-06-17T19:30:58.074+0000] {processor.py:208} INFO - Processing /opt/airflow/dags/batch_generator.py took 0.133 seconds
[2026-06-17T19:31:28.295+0000] {processor.py:186} INFO - Started process (PID=715) to work on /opt/airflow/dags/batch_generator.py
[2026-06-17T19:31:28.295+0000] {processor.py:914} INFO - Processing file /opt/airflow/dags/batch_generator.py for tasks to queue
[2026-06-17T19:31:28.297+0000] {logging_mixin.py:190} INFO - [2026-06-17T19:31:28.297+0000] {dagbag.py:588} INFO - Filling up the DagBag from /opt/airflow/dags/batch_generator.py
[2026-06-17T19:31:28.397+0000] {processor.py:925} INFO - DAG(s) 'extract_raw_data_pipeline' retrieved from /opt/airflow/dags/batch_generator.py
[2026-06-17T19:31:28.414+0000] {logging_mixin.py:190} INFO - [2026-06-17T19:31:28.414+0000] {dag.py:3239} INFO - Sync 1 DAGs
[2026-06-17T19:31:28.428+0000] {logging_mixin.py:190} INFO - [2026-06-17T19:31:28.428+0000] {dag.py:4180} INFO - Setting next_dagrun for extract_raw_data_pipeline to 2026-06-17 07:59:00+00:00, run_after=2026-06-18 07:00:00+00:00
[2026-06-17T19:31:28.441+0000] {processor.py:208} INFO - Processing /opt/airflow/dags/batch_generator.py took 0.151 seconds
[2026-06-17T19:31:58.562+0000] {processor.py:186} INFO - Started process (PID=723) to work on /opt/airflow/dags/batch_generator.py
[2026-06-17T19:31:58.562+0000] {processor.py:914} INFO - Processing file /opt/airflow/dags/batch_generator.py for tasks to queue
[2026-06-17T19:31:58.564+0000] {logging_mixin.py:190} INFO - [2026-06-17T19:31:58.564+0000] {dagbag.py:588} INFO - Filling up the DagBag from /opt/airflow/dags/batch_generator.py
[2026-06-17T19:31:58.657+0000] {processor.py:925} INFO - DAG(s) 'extract_raw_data_pipeline' retrieved from /opt/airflow/dags/batch_generator.py
[2026-06-17T19:31:58.675+0000] {logging_mixin.py:190} INFO - [2026-06-17T19:31:58.675+0000] {dag.py:3239} INFO - Sync 1 DAGs
[2026-06-17T19:31:58.690+0000] {logging_mixin.py:190} INFO - [2026-06-17T19:31:58.690+0000] {dag.py:4180} INFO - Setting next_dagrun for extract_raw_data_pipeline to 2026-06-17 07:59:00+00:00, run_after=2026-06-18 07:00:00+00:00
[2026-06-17T19:31:58.703+0000] {processor.py:208} INFO - Processing /opt/airflow/dags/batch_generator.py took 0.145 seconds
[2026-06-17T19:32:28.953+0000] {processor.py:186} INFO - Started process (PID=731) to work on /opt/airflow/dags/batch_generator.py
[2026-06-17T19:32:28.953+0000] {processor.py:914} INFO - Processing file /opt/airflow/dags/batch_generator.py for tasks to queue
[2026-06-17T19:32:28.955+0000] {logging_mixin.py:190} INFO - [2026-06-17T19:32:28.955+0000] {dagbag.py:588} INFO - Filling up the DagBag from /opt/airflow/dags/batch_generator.py
[2026-06-17T19:32:29.270+0000] {processor.py:925} INFO - DAG(s) 'extract_raw_data_pipeline' retrieved from /opt/airflow/dags/batch_generator.py
[2026-06-17T19:32:29.295+0000] {logging_mixin.py:190} INFO - [2026-06-17T19:32:29.295+0000] {dag.py:3239} INFO - Sync 1 DAGs
[2026-06-17T19:32:29.312+0000] {logging_mixin.py:190} INFO - [2026-06-17T19:32:29.311+0000] {dag.py:4180} INFO - Setting next_dagrun for extract_raw_data_pipeline to 2026-06-17 07:59:00+00:00, run_after=2026-06-18 07:00:00+00:00
[2026-06-17T19:32:29.327+0000] {processor.py:208} INFO - Processing /opt/airflow/dags/batch_generator.py took 0.378 seconds
[2026-06-17T19:32:59.556+0000] {processor.py:186} INFO - Started process (PID=743) to work on /opt/airflow/dags/batch_generator.py
[2026-06-17T19:32:59.557+0000] {processor.py:914} INFO - Processing file /opt/airflow/dags/batch_generator.py for tasks to queue
[2026-06-17T19:32:59.559+0000] {logging_mixin.py:190} INFO - [2026-06-17T19:32:59.558+0000] {dagbag.py:588} INFO - Filling up the DagBag from /opt/airflow/dags/batch_generator.py
[2026-06-17T19:32:59.651+0000] {processor.py:925} INFO - DAG(s) 'extract_raw_data_pipeline' retrieved from /opt/airflow/dags/batch_generator.py
[2026-06-17T19:32:59.667+0000] {logging_mixin.py:190} INFO - [2026-06-17T19:32:59.666+0000] {dag.py:3239} INFO - Sync 1 DAGs
[2026-06-17T19:32:59.680+0000] {logging_mixin.py:190} INFO - [2026-06-17T19:32:59.679+0000] {dag.py:4180} INFO - Setting next_dagrun for extract_raw_data_pipeline to 2026-06-17 07:59:00+00:00, run_after=2026-06-18 07:00:00+00:00
[2026-06-17T19:32:59.703+0000] {processor.py:208} INFO - Processing /opt/airflow/dags/batch_generator.py took 0.152 seconds
[2026-06-17T19:33:29.797+0000] {processor.py:186} INFO - Started process (PID=751) to work on /opt/airflow/dags/batch_generator.py
[2026-06-17T19:33:29.798+0000] {processor.py:914} INFO - Processing file /opt/airflow/dags/batch_generator.py for tasks to queue
[2026-06-17T19:33:29.799+0000] {logging_mixin.py:190} INFO - [2026-06-17T19:33:29.799+0000] {dagbag.py:588} INFO - Filling up the DagBag from /opt/airflow/dags/batch_generator.py
[2026-06-17T19:33:29.887+0000] {processor.py:925} INFO - DAG(s) 'extract_raw_data_pipeline' retrieved from /opt/airflow/dags/batch_generator.py
[2026-06-17T19:33:29.905+0000] {logging_mixin.py:190} INFO - [2026-06-17T19:33:29.905+0000] {dag.py:3239} INFO - Sync 1 DAGs
[2026-06-17T19:33:29.921+0000] {logging_mixin.py:190} INFO - [2026-06-17T19:33:29.921+0000] {dag.py:4180} INFO - Setting next_dagrun for extract_raw_data_pipeline to 2026-06-17 07:59:00+00:00, run_after=2026-06-18 07:00:00+00:00
[2026-06-17T19:33:29.934+0000] {processor.py:208} INFO - Processing /opt/airflow/dags/batch_generator.py took 0.141 seconds
[2026-06-17T19:34:00.182+0000] {processor.py:186} INFO - Started process (PID=759) to work on /opt/airflow/dags/batch_generator.py
[2026-06-17T19:34:00.183+0000] {processor.py:914} INFO - Processing file /opt/airflow/dags/batch_generator.py for tasks to queue
[2026-06-17T19:34:00.184+0000] {logging_mixin.py:190} INFO - [2026-06-17T19:34:00.184+0000] {dagbag.py:588} INFO - Filling up the DagBag from /opt/airflow/dags/batch_generator.py
[2026-06-17T19:34:00.456+0000] {processor.py:925} INFO - DAG(s) 'extract_raw_data_pipeline' retrieved from /opt/airflow/dags/batch_generator.py
[2026-06-17T19:34:00.475+0000] {logging_mixin.py:190} INFO - [2026-06-17T19:34:00.474+0000] {dag.py:3239} INFO - Sync 1 DAGs
[2026-06-17T19:34:00.487+0000] {logging_mixin.py:190} INFO - [2026-06-17T19:34:00.487+0000] {dag.py:4180} INFO - Setting next_dagrun for extract_raw_data_pipeline to 2026-06-17 07:59:00+00:00, run_after=2026-06-18 07:00:00+00:00
[2026-06-17T19:34:00.500+0000] {processor.py:208} INFO - Processing /opt/airflow/dags/batch_generator.py took 0.322 seconds
[2026-06-17T19:34:30.796+0000] {processor.py:186} INFO - Started process (PID=767) to work on /opt/airflow/dags/batch_generator.py
[2026-06-17T19:34:30.797+0000] {processor.py:914} INFO - Processing file /opt/airflow/dags/batch_generator.py for tasks to queue
[2026-06-17T19:34:30.799+0000] {logging_mixin.py:190} INFO - [2026-06-17T19:34:30.798+0000] {dagbag.py:588} INFO - Filling up the DagBag from /opt/airflow/dags/batch_generator.py
[2026-06-17T19:34:31.050+0000] {processor.py:925} INFO - DAG(s) 'extract_raw_data_pipeline' retrieved from /opt/airflow/dags/batch_generator.py
[2026-06-17T19:34:31.065+0000] {logging_mixin.py:190} INFO - [2026-06-17T19:34:31.065+0000] {dag.py:3239} INFO - Sync 1 DAGs
[2026-06-17T19:34:31.078+0000] {logging_mixin.py:190} INFO - [2026-06-17T19:34:31.078+0000] {dag.py:4180} INFO - Setting next_dagrun for extract_raw_data_pipeline to 2026-06-17 07:59:00+00:00, run_after=2026-06-18 07:00:00+00:00
[2026-06-17T19:34:31.092+0000] {processor.py:208} INFO - Processing /opt/airflow/dags/batch_generator.py took 0.299 seconds
[2026-06-17T19:35:01.363+0000] {processor.py:186} INFO - Started process (PID=775) to work on /opt/airflow/dags/batch_generator.py
[2026-06-17T19:35:01.364+0000] {processor.py:914} INFO - Processing file /opt/airflow/dags/batch_generator.py for tasks to queue
[2026-06-17T19:35:01.366+0000] {logging_mixin.py:190} INFO - [2026-06-17T19:35:01.366+0000] {dagbag.py:588} INFO - Filling up the DagBag from /opt/airflow/dags/batch_generator.py
[2026-06-17T19:35:01.452+0000] {processor.py:925} INFO - DAG(s) 'extract_raw_data_pipeline' retrieved from /opt/airflow/dags/batch_generator.py
[2026-06-17T19:35:01.468+0000] {logging_mixin.py:190} INFO - [2026-06-17T19:35:01.468+0000] {dag.py:3239} INFO - Sync 1 DAGs
[2026-06-17T19:35:01.483+0000] {logging_mixin.py:190} INFO - [2026-06-17T19:35:01.483+0000] {dag.py:4180} INFO - Setting next_dagrun for extract_raw_data_pipeline to 2026-06-17 07:59:00+00:00, run_after=2026-06-18 07:00:00+00:00
[2026-06-17T19:35:01.496+0000] {processor.py:208} INFO - Processing /opt/airflow/dags/batch_generator.py took 0.136 seconds
[2026-06-17T19:35:31.677+0000] {processor.py:186} INFO - Started process (PID=783) to work on /opt/airflow/dags/batch_generator.py
[2026-06-17T19:35:31.677+0000] {processor.py:914} INFO - Processing file /opt/airflow/dags/batch_generator.py for tasks to queue
[2026-06-17T19:35:31.679+0000] {logging_mixin.py:190} INFO - [2026-06-17T19:35:31.679+0000] {dagbag.py:588} INFO - Filling up the DagBag from /opt/airflow/dags/batch_generator.py
[2026-06-17T19:35:31.766+0000] {processor.py:925} INFO - DAG(s) 'extract_raw_data_pipeline' retrieved from /opt/airflow/dags/batch_generator.py
[2026-06-17T19:35:31.782+0000] {logging_mixin.py:190} INFO - [2026-06-17T19:35:31.782+0000] {dag.py:3239} INFO - Sync 1 DAGs
[2026-06-17T19:35:31.799+0000] {logging_mixin.py:190} INFO - [2026-06-17T19:35:31.798+0000] {dag.py:4180} INFO - Setting next_dagrun for extract_raw_data_pipeline to 2026-06-17 07:59:00+00:00, run_after=2026-06-18 07:00:00+00:00
[2026-06-17T19:35:31.815+0000] {processor.py:208} INFO - Processing /opt/airflow/dags/batch_generator.py took 0.143 seconds
[2026-06-17T19:36:01.979+0000] {processor.py:186} INFO - Started process (PID=791) to work on /opt/airflow/dags/batch_generator.py
[2026-06-17T19:36:01.979+0000] {processor.py:914} INFO - Processing file /opt/airflow/dags/batch_generator.py for tasks to queue
[2026-06-17T19:36:01.981+0000] {logging_mixin.py:190} INFO - [2026-06-17T19:36:01.981+0000] {dagbag.py:588} INFO - Filling up the DagBag from /opt/airflow/dags/batch_generator.py
[2026-06-17T19:36:02.074+0000] {processor.py:925} INFO - DAG(s) 'extract_raw_data_pipeline' retrieved from /opt/airflow/dags/batch_generator.py
[2026-06-17T19:36:02.090+0000] {logging_mixin.py:190} INFO - [2026-06-17T19:36:02.090+0000] {dag.py:3239} INFO - Sync 1 DAGs
[2026-06-17T19:36:02.104+0000] {logging_mixin.py:190} INFO - [2026-06-17T19:36:02.104+0000] {dag.py:4180} INFO - Setting next_dagrun for extract_raw_data_pipeline to 2026-06-17 07:59:00+00:00, run_after=2026-06-18 07:00:00+00:00
[2026-06-17T19:36:02.120+0000] {processor.py:208} INFO - Processing /opt/airflow/dags/batch_generator.py took 0.145 seconds
[2026-06-17T19:36:32.370+0000] {processor.py:186} INFO - Started process (PID=799) to work on /opt/airflow/dags/batch_generator.py
[2026-06-17T19:36:32.370+0000] {processor.py:914} INFO - Processing file /opt/airflow/dags/batch_generator.py for tasks to queue
[2026-06-17T19:36:32.372+0000] {logging_mixin.py:190} INFO - [2026-06-17T19:36:32.372+0000] {dagbag.py:588} INFO - Filling up the DagBag from /opt/airflow/dags/batch_generator.py
[2026-06-17T19:36:32.461+0000] {processor.py:925} INFO - DAG(s) 'extract_raw_data_pipeline' retrieved from /opt/airflow/dags/batch_generator.py
[2026-06-17T19:36:32.477+0000] {logging_mixin.py:190} INFO - [2026-06-17T19:36:32.477+0000] {dag.py:3239} INFO - Sync 1 DAGs
[2026-06-17T19:36:32.491+0000] {logging_mixin.py:190} INFO - [2026-06-17T19:36:32.491+0000] {dag.py:4180} INFO - Setting next_dagrun for extract_raw_data_pipeline to 2026-06-17 07:59:00+00:00, run_after=2026-06-18 07:00:00+00:00
[2026-06-17T19:36:32.513+0000] {processor.py:208} INFO - Processing /opt/airflow/dags/batch_generator.py took 0.147 seconds
[2026-06-17T19:37:02.655+0000] {processor.py:186} INFO - Started process (PID=807) to work on /opt/airflow/dags/batch_generator.py
[2026-06-17T19:37:02.656+0000] {processor.py:914} INFO - Processing file /opt/airflow/dags/batch_generator.py for tasks to queue
[2026-06-17T19:37:02.658+0000] {logging_mixin.py:190} INFO - [2026-06-17T19:37:02.658+0000] {dagbag.py:588} INFO - Filling up the DagBag from /opt/airflow/dags/batch_generator.py
[2026-06-17T19:37:02.754+0000] {processor.py:925} INFO - DAG(s) 'extract_raw_data_pipeline' retrieved from /opt/airflow/dags/batch_generator.py
[2026-06-17T19:37:02.771+0000] {logging_mixin.py:190} INFO - [2026-06-17T19:37:02.770+0000] {dag.py:3239} INFO - Sync 1 DAGs
[2026-06-17T19:37:02.784+0000] {logging_mixin.py:190} INFO - [2026-06-17T19:37:02.784+0000] {dag.py:4180} INFO - Setting next_dagrun for extract_raw_data_pipeline to 2026-06-17 07:59:00+00:00, run_after=2026-06-18 07:00:00+00:00
[2026-06-17T19:37:02.799+0000] {processor.py:208} INFO - Processing /opt/airflow/dags/batch_generator.py took 0.148 seconds
[2026-06-17T19:37:33.012+0000] {processor.py:186} INFO - Started process (PID=815) to work on /opt/airflow/dags/batch_generator.py
[2026-06-17T19:37:33.012+0000] {processor.py:914} INFO - Processing file /opt/airflow/dags/batch_generator.py for tasks to queue
[2026-06-17T19:37:33.014+0000] {logging_mixin.py:190} INFO - [2026-06-17T19:37:33.014+0000] {dagbag.py:588} INFO - Filling up the DagBag from /opt/airflow/dags/batch_generator.py
[2026-06-17T19:37:33.104+0000] {processor.py:925} INFO - DAG(s) 'extract_raw_data_pipeline' retrieved from /opt/airflow/dags/batch_generator.py
[2026-06-17T19:37:33.120+0000] {logging_mixin.py:190} INFO - [2026-06-17T19:37:33.120+0000] {dag.py:3239} INFO - Sync 1 DAGs
[2026-06-17T19:37:33.133+0000] {logging_mixin.py:190} INFO - [2026-06-17T19:37:33.133+0000] {dag.py:4180} INFO - Setting next_dagrun for extract_raw_data_pipeline to 2026-06-17 07:59:00+00:00, run_after=2026-06-18 07:00:00+00:00
[2026-06-17T19:37:33.146+0000] {processor.py:208} INFO - Processing /opt/airflow/dags/batch_generator.py took 0.138 seconds
[2026-06-17T19:38:03.234+0000] {processor.py:186} INFO - Started process (PID=823) to work on /opt/airflow/dags/batch_generator.py
[2026-06-17T19:38:03.235+0000] {processor.py:914} INFO - Processing file /opt/airflow/dags/batch_generator.py for tasks to queue
[2026-06-17T19:38:03.237+0000] {logging_mixin.py:190} INFO - [2026-06-17T19:38:03.236+0000] {dagbag.py:588} INFO - Filling up the DagBag from /opt/airflow/dags/batch_generator.py
[2026-06-17T19:38:03.346+0000] {processor.py:925} INFO - DAG(s) 'extract_raw_data_pipeline' retrieved from /opt/airflow/dags/batch_generator.py
[2026-06-17T19:38:03.364+0000] {logging_mixin.py:190} INFO - [2026-06-17T19:38:03.364+0000] {dag.py:3239} INFO - Sync 1 DAGs
[2026-06-17T19:38:03.380+0000] {logging_mixin.py:190} INFO - [2026-06-17T19:38:03.380+0000] {dag.py:4180} INFO - Setting next_dagrun for extract_raw_data_pipeline to 2026-06-17 07:59:00+00:00, run_after=2026-06-18 07:00:00+00:00
[2026-06-17T19:38:03.398+0000] {processor.py:208} INFO - Processing /opt/airflow/dags/batch_generator.py took 0.168 seconds
[2026-06-17T19:38:33.683+0000] {processor.py:186} INFO - Started process (PID=831) to work on /opt/airflow/dags/batch_generator.py
[2026-06-17T19:38:33.684+0000] {processor.py:914} INFO - Processing file /opt/airflow/dags/batch_generator.py for tasks to queue
[2026-06-17T19:38:33.685+0000] {logging_mixin.py:190} INFO - [2026-06-17T19:38:33.685+0000] {dagbag.py:588} INFO - Filling up the DagBag from /opt/airflow/dags/batch_generator.py
[2026-06-17T19:38:33.773+0000] {processor.py:925} INFO - DAG(s) 'extract_raw_data_pipeline' retrieved from /opt/airflow/dags/batch_generator.py
[2026-06-17T19:38:33.788+0000] {logging_mixin.py:190} INFO - [2026-06-17T19:38:33.788+0000] {dag.py:3239} INFO - Sync 1 DAGs
[2026-06-17T19:38:33.802+0000] {logging_mixin.py:190} INFO - [2026-06-17T19:38:33.802+0000] {dag.py:4180} INFO - Setting next_dagrun for extract_raw_data_pipeline to 2026-06-17 07:59:00+00:00, run_after=2026-06-18 07:00:00+00:00
[2026-06-17T19:38:33.816+0000] {processor.py:208} INFO - Processing /opt/airflow/dags/batch_generator.py took 0.137 seconds
[2026-06-17T19:39:03.912+0000] {processor.py:186} INFO - Started process (PID=839) to work on /opt/airflow/dags/batch_generator.py
[2026-06-17T19:39:03.913+0000] {processor.py:914} INFO - Processing file /opt/airflow/dags/batch_generator.py for tasks to queue
[2026-06-17T19:39:03.914+0000] {logging_mixin.py:190} INFO - [2026-06-17T19:39:03.914+0000] {dagbag.py:588} INFO - Filling up the DagBag from /opt/airflow/dags/batch_generator.py
[2026-06-17T19:39:04.013+0000] {processor.py:925} INFO - DAG(s) 'extract_raw_data_pipeline' retrieved from /opt/airflow/dags/batch_generator.py
[2026-06-17T19:39:04.031+0000] {logging_mixin.py:190} INFO - [2026-06-17T19:39:04.031+0000] {dag.py:3239} INFO - Sync 1 DAGs
[2026-06-17T19:39:04.045+0000] {logging_mixin.py:190} INFO - [2026-06-17T19:39:04.045+0000] {dag.py:4180} INFO - Setting next_dagrun for extract_raw_data_pipeline to 2026-06-17 07:59:00+00:00, run_after=2026-06-18 07:00:00+00:00
[2026-06-17T19:39:04.058+0000] {processor.py:208} INFO - Processing /opt/airflow/dags/batch_generator.py took 0.149 seconds
[2026-06-17T19:39:34.279+0000] {processor.py:186} INFO - Started process (PID=847) to work on /opt/airflow/dags/batch_generator.py
[2026-06-17T19:39:34.280+0000] {processor.py:914} INFO - Processing file /opt/airflow/dags/batch_generator.py for tasks to queue
[2026-06-17T19:39:34.282+0000] {logging_mixin.py:190} INFO - [2026-06-17T19:39:34.282+0000] {dagbag.py:588} INFO - Filling up the DagBag from /opt/airflow/dags/batch_generator.py
[2026-06-17T19:39:34.388+0000] {processor.py:925} INFO - DAG(s) 'extract_raw_data_pipeline' retrieved from /opt/airflow/dags/batch_generator.py
[2026-06-17T19:39:34.407+0000] {logging_mixin.py:190} INFO - [2026-06-17T19:39:34.407+0000] {dag.py:3239} INFO - Sync 1 DAGs
[2026-06-17T19:39:34.424+0000] {logging_mixin.py:190} INFO - [2026-06-17T19:39:34.424+0000] {dag.py:4180} INFO - Setting next_dagrun for extract_raw_data_pipeline to 2026-06-17 07:59:00+00:00, run_after=2026-06-18 07:00:00+00:00
[2026-06-17T19:39:34.441+0000] {processor.py:208} INFO - Processing /opt/airflow/dags/batch_generator.py took 0.166 seconds
[2026-06-17T19:40:04.607+0000] {processor.py:186} INFO - Started process (PID=855) to work on /opt/airflow/dags/batch_generator.py
[2026-06-17T19:40:04.608+0000] {processor.py:914} INFO - Processing file /opt/airflow/dags/batch_generator.py for tasks to queue
[2026-06-17T19:40:04.610+0000] {logging_mixin.py:190} INFO - [2026-06-17T19:40:04.610+0000] {dagbag.py:588} INFO - Filling up the DagBag from /opt/airflow/dags/batch_generator.py
[2026-06-17T19:40:04.722+0000] {processor.py:925} INFO - DAG(s) 'extract_raw_data_pipeline' retrieved from /opt/airflow/dags/batch_generator.py
[2026-06-17T19:40:04.741+0000] {logging_mixin.py:190} INFO - [2026-06-17T19:40:04.741+0000] {dag.py:3239} INFO - Sync 1 DAGs
[2026-06-17T19:40:04.758+0000] {logging_mixin.py:190} INFO - [2026-06-17T19:40:04.758+0000] {dag.py:4180} INFO - Setting next_dagrun for extract_raw_data_pipeline to 2026-06-17 07:59:00+00:00, run_after=2026-06-18 07:00:00+00:00
[2026-06-17T19:40:04.784+0000] {processor.py:208} INFO - Processing /opt/airflow/dags/batch_generator.py took 0.180 seconds
[2026-06-17T19:40:34.866+0000] {processor.py:186} INFO - Started process (PID=863) to work on /opt/airflow/dags/batch_generator.py
[2026-06-17T19:40:34.867+0000] {processor.py:914} INFO - Processing file /opt/airflow/dags/batch_generator.py for tasks to queue
[2026-06-17T19:40:34.868+0000] {logging_mixin.py:190} INFO - [2026-06-17T19:40:34.868+0000] {dagbag.py:588} INFO - Filling up the DagBag from /opt/airflow/dags/batch_generator.py
[2026-06-17T19:40:34.959+0000] {processor.py:925} INFO - DAG(s) 'extract_raw_data_pipeline' retrieved from /opt/airflow/dags/batch_generator.py
[2026-06-17T19:40:34.976+0000] {logging_mixin.py:190} INFO - [2026-06-17T19:40:34.976+0000] {dag.py:3239} INFO - Sync 1 DAGs
[2026-06-17T19:40:34.991+0000] {logging_mixin.py:190} INFO - [2026-06-17T19:40:34.990+0000] {dag.py:4180} INFO - Setting next_dagrun for extract_raw_data_pipeline to 2026-06-17 07:59:00+00:00, run_after=2026-06-18 07:00:00+00:00
[2026-06-17T19:40:35.016+0000] {processor.py:208} INFO - Processing /opt/airflow/dags/batch_generator.py took 0.153 seconds
[2026-06-17T19:41:05.374+0000] {processor.py:186} INFO - Started process (PID=871) to work on /opt/airflow/dags/batch_generator.py
[2026-06-17T19:41:05.375+0000] {processor.py:914} INFO - Processing file /opt/airflow/dags/batch_generator.py for tasks to queue
[2026-06-17T19:41:05.376+0000] {logging_mixin.py:190} INFO - [2026-06-17T19:41:05.376+0000] {dagbag.py:588} INFO - Filling up the DagBag from /opt/airflow/dags/batch_generator.py
[2026-06-17T19:41:05.466+0000] {processor.py:925} INFO - DAG(s) 'extract_raw_data_pipeline' retrieved from /opt/airflow/dags/batch_generator.py
[2026-06-17T19:41:05.482+0000] {logging_mixin.py:190} INFO - [2026-06-17T19:41:05.482+0000] {dag.py:3239} INFO - Sync 1 DAGs
[2026-06-17T19:41:05.496+0000] {logging_mixin.py:190} INFO - [2026-06-17T19:41:05.496+0000] {dag.py:4180} INFO - Setting next_dagrun for extract_raw_data_pipeline to 2026-06-17 07:59:00+00:00, run_after=2026-06-18 07:00:00+00:00
[2026-06-17T19:41:05.510+0000] {processor.py:208} INFO - Processing /opt/airflow/dags/batch_generator.py took 0.140 seconds
[2026-06-17T19:41:35.638+0000] {processor.py:186} INFO - Started process (PID=879) to work on /opt/airflow/dags/batch_generator.py
[2026-06-17T19:41:35.639+0000] {processor.py:914} INFO - Processing file /opt/airflow/dags/batch_generator.py for tasks to queue
[2026-06-17T19:41:35.641+0000] {logging_mixin.py:190} INFO - [2026-06-17T19:41:35.640+0000] {dagbag.py:588} INFO - Filling up the DagBag from /opt/airflow/dags/batch_generator.py
[2026-06-17T19:41:35.738+0000] {processor.py:925} INFO - DAG(s) 'extract_raw_data_pipeline' retrieved from /opt/airflow/dags/batch_generator.py
[2026-06-17T19:41:35.755+0000] {logging_mixin.py:190} INFO - [2026-06-17T19:41:35.754+0000] {dag.py:3239} INFO - Sync 1 DAGs
[2026-06-17T19:41:35.768+0000] {logging_mixin.py:190} INFO - [2026-06-17T19:41:35.768+0000] {dag.py:4180} INFO - Setting next_dagrun for extract_raw_data_pipeline to 2026-06-17 07:59:00+00:00, run_after=2026-06-18 07:00:00+00:00
[2026-06-17T19:41:35.781+0000] {processor.py:208} INFO - Processing /opt/airflow/dags/batch_generator.py took 0.147 seconds
[2026-06-17T19:42:06.004+0000] {processor.py:186} INFO - Started process (PID=887) to work on /opt/airflow/dags/batch_generator.py
[2026-06-17T19:42:06.005+0000] {processor.py:914} INFO - Processing file /opt/airflow/dags/batch_generator.py for tasks to queue
[2026-06-17T19:42:06.007+0000] {logging_mixin.py:190} INFO - [2026-06-17T19:42:06.007+0000] {dagbag.py:588} INFO - Filling up the DagBag from /opt/airflow/dags/batch_generator.py
[2026-06-17T19:42:06.109+0000] {processor.py:925} INFO - DAG(s) 'extract_raw_data_pipeline' retrieved from /opt/airflow/dags/batch_generator.py
[2026-06-17T19:42:06.125+0000] {logging_mixin.py:190} INFO - [2026-06-17T19:42:06.125+0000] {dag.py:3239} INFO - Sync 1 DAGs
[2026-06-17T19:42:06.138+0000] {logging_mixin.py:190} INFO - [2026-06-17T19:42:06.138+0000] {dag.py:4180} INFO - Setting next_dagrun for extract_raw_data_pipeline to 2026-06-17 07:59:00+00:00, run_after=2026-06-18 07:00:00+00:00
[2026-06-17T19:42:06.151+0000] {processor.py:208} INFO - Processing /opt/airflow/dags/batch_generator.py took 0.150 seconds
[2026-06-17T19:42:36.289+0000] {processor.py:186} INFO - Started process (PID=895) to work on /opt/airflow/dags/batch_generator.py
[2026-06-17T19:42:36.290+0000] {processor.py:914} INFO - Processing file /opt/airflow/dags/batch_generator.py for tasks to queue
[2026-06-17T19:42:36.291+0000] {logging_mixin.py:190} INFO - [2026-06-17T19:42:36.291+0000] {dagbag.py:588} INFO - Filling up the DagBag from /opt/airflow/dags/batch_generator.py
[2026-06-17T19:42:36.379+0000] {processor.py:925} INFO - DAG(s) 'extract_raw_data_pipeline' retrieved from /opt/airflow/dags/batch_generator.py
[2026-06-17T19:42:36.396+0000] {logging_mixin.py:190} INFO - [2026-06-17T19:42:36.396+0000] {dag.py:3239} INFO - Sync 1 DAGs
[2026-06-17T19:42:36.411+0000] {logging_mixin.py:190} INFO - [2026-06-17T19:42:36.411+0000] {dag.py:4180} INFO - Setting next_dagrun for extract_raw_data_pipeline to 2026-06-17 07:59:00+00:00, run_after=2026-06-18 07:00:00+00:00
[2026-06-17T19:42:36.425+0000] {processor.py:208} INFO - Processing /opt/airflow/dags/batch_generator.py took 0.139 seconds
[2026-06-17T19:43:06.718+0000] {processor.py:186} INFO - Started process (PID=903) to work on /opt/airflow/dags/batch_generator.py
[2026-06-17T19:43:06.719+0000] {processor.py:914} INFO - Processing file /opt/airflow/dags/batch_generator.py for tasks to queue
[2026-06-17T19:43:06.720+0000] {logging_mixin.py:190} INFO - [2026-06-17T19:43:06.720+0000] {dagbag.py:588} INFO - Filling up the DagBag from /opt/airflow/dags/batch_generator.py
[2026-06-17T19:43:06.806+0000] {processor.py:925} INFO - DAG(s) 'extract_raw_data_pipeline' retrieved from /opt/airflow/dags/batch_generator.py
[2026-06-17T19:43:06.823+0000] {logging_mixin.py:190} INFO - [2026-06-17T19:43:06.823+0000] {dag.py:3239} INFO - Sync 1 DAGs
[2026-06-17T19:43:06.836+0000] {logging_mixin.py:190} INFO - [2026-06-17T19:43:06.836+0000] {dag.py:4180} INFO - Setting next_dagrun for extract_raw_data_pipeline to 2026-06-17 07:59:00+00:00, run_after=2026-06-18 07:00:00+00:00
[2026-06-17T19:43:06.849+0000] {processor.py:208} INFO - Processing /opt/airflow/dags/batch_generator.py took 0.134 seconds
[2026-06-17T19:43:37.001+0000] {processor.py:186} INFO - Started process (PID=911) to work on /opt/airflow/dags/batch_generator.py
[2026-06-17T19:43:37.002+0000] {processor.py:914} INFO - Processing file /opt/airflow/dags/batch_generator.py for tasks to queue
[2026-06-17T19:43:37.004+0000] {logging_mixin.py:190} INFO - [2026-06-17T19:43:37.003+0000] {dagbag.py:588} INFO - Filling up the DagBag from /opt/airflow/dags/batch_generator.py
[2026-06-17T19:43:37.106+0000] {processor.py:925} INFO - DAG(s) 'extract_raw_data_pipeline' retrieved from /opt/airflow/dags/batch_generator.py
[2026-06-17T19:43:37.119+0000] {logging_mixin.py:190} INFO - [2026-06-17T19:43:37.119+0000] {dag.py:3239} INFO - Sync 1 DAGs
[2026-06-17T19:43:37.131+0000] {logging_mixin.py:190} INFO - [2026-06-17T19:43:37.131+0000] {dag.py:4180} INFO - Setting next_dagrun for extract_raw_data_pipeline to 2026-06-17 07:59:00+00:00, run_after=2026-06-18 07:00:00+00:00
[2026-06-17T19:43:37.142+0000] {processor.py:208} INFO - Processing /opt/airflow/dags/batch_generator.py took 0.147 seconds
[2026-06-17T19:44:07.482+0000] {processor.py:186} INFO - Started process (PID=919) to work on /opt/airflow/dags/batch_generator.py
[2026-06-17T19:44:07.483+0000] {processor.py:914} INFO - Processing file /opt/airflow/dags/batch_generator.py for tasks to queue
[2026-06-17T19:44:07.485+0000] {logging_mixin.py:190} INFO - [2026-06-17T19:44:07.485+0000] {dagbag.py:588} INFO - Filling up the DagBag from /opt/airflow/dags/batch_generator.py
[2026-06-17T19:44:07.583+0000] {processor.py:925} INFO - DAG(s) 'extract_raw_data_pipeline' retrieved from /opt/airflow/dags/batch_generator.py
[2026-06-17T19:44:07.602+0000] {logging_mixin.py:190} INFO - [2026-06-17T19:44:07.601+0000] {dag.py:3239} INFO - Sync 1 DAGs
[2026-06-17T19:44:07.617+0000] {logging_mixin.py:190} INFO - [2026-06-17T19:44:07.617+0000] {dag.py:4180} INFO - Setting next_dagrun for extract_raw_data_pipeline to 2026-06-17 07:59:00+00:00, run_after=2026-06-18 07:00:00+00:00
[2026-06-17T19:44:07.635+0000] {processor.py:208} INFO - Processing /opt/airflow/dags/batch_generator.py took 0.157 seconds
[2026-06-17T19:44:37.767+0000] {processor.py:186} INFO - Started process (PID=927) to work on /opt/airflow/dags/batch_generator.py
[2026-06-17T19:44:37.768+0000] {processor.py:914} INFO - Processing file /opt/airflow/dags/batch_generator.py for tasks to queue
[2026-06-17T19:44:37.770+0000] {logging_mixin.py:190} INFO - [2026-06-17T19:44:37.770+0000] {dagbag.py:588} INFO - Filling up the DagBag from /opt/airflow/dags/batch_generator.py
[2026-06-17T19:44:37.865+0000] {processor.py:925} INFO - DAG(s) 'extract_raw_data_pipeline' retrieved from /opt/airflow/dags/batch_generator.py
[2026-06-17T19:44:37.883+0000] {logging_mixin.py:190} INFO - [2026-06-17T19:44:37.883+0000] {dag.py:3239} INFO - Sync 1 DAGs
[2026-06-17T19:44:37.897+0000] {logging_mixin.py:190} INFO - [2026-06-17T19:44:37.897+0000] {dag.py:4180} INFO - Setting next_dagrun for extract_raw_data_pipeline to 2026-06-17 07:59:00+00:00, run_after=2026-06-18 07:00:00+00:00
[2026-06-17T19:44:37.910+0000] {processor.py:208} INFO - Processing /opt/airflow/dags/batch_generator.py took 0.146 seconds
[2026-06-17T19:45:08.198+0000] {processor.py:186} INFO - Started process (PID=935) to work on /opt/airflow/dags/batch_generator.py
[2026-06-17T19:45:08.199+0000] {processor.py:914} INFO - Processing file /opt/airflow/dags/batch_generator.py for tasks to queue
[2026-06-17T19:45:08.200+0000] {logging_mixin.py:190} INFO - [2026-06-17T19:45:08.200+0000] {dagbag.py:588} INFO - Filling up the DagBag from /opt/airflow/dags/batch_generator.py
[2026-06-17T19:45:08.315+0000] {processor.py:925} INFO - DAG(s) 'extract_raw_data_pipeline' retrieved from /opt/airflow/dags/batch_generator.py
[2026-06-17T19:45:08.331+0000] {logging_mixin.py:190} INFO - [2026-06-17T19:45:08.331+0000] {dag.py:3239} INFO - Sync 1 DAGs
[2026-06-17T19:45:08.345+0000] {logging_mixin.py:190} INFO - [2026-06-17T19:45:08.345+0000] {dag.py:4180} INFO - Setting next_dagrun for extract_raw_data_pipeline to 2026-06-17 07:59:00+00:00, run_after=2026-06-18 07:00:00+00:00
[2026-06-17T19:45:08.357+0000] {processor.py:208} INFO - Processing /opt/airflow/dags/batch_generator.py took 0.163 seconds
[2026-06-17T19:45:38.523+0000] {processor.py:186} INFO - Started process (PID=943) to work on /opt/airflow/dags/batch_generator.py
[2026-06-17T19:45:38.523+0000] {processor.py:914} INFO - Processing file /opt/airflow/dags/batch_generator.py for tasks to queue
[2026-06-17T19:45:38.525+0000] {logging_mixin.py:190} INFO - [2026-06-17T19:45:38.525+0000] {dagbag.py:588} INFO - Filling up the DagBag from /opt/airflow/dags/batch_generator.py
[2026-06-17T19:45:38.611+0000] {processor.py:925} INFO - DAG(s) 'extract_raw_data_pipeline' retrieved from /opt/airflow/dags/batch_generator.py
[2026-06-17T19:45:38.627+0000] {logging_mixin.py:190} INFO - [2026-06-17T19:45:38.627+0000] {dag.py:3239} INFO - Sync 1 DAGs
[2026-06-17T19:45:38.641+0000] {logging_mixin.py:190} INFO - [2026-06-17T19:45:38.640+0000] {dag.py:4180} INFO - Setting next_dagrun for extract_raw_data_pipeline to 2026-06-17 07:59:00+00:00, run_after=2026-06-18 07:00:00+00:00
[2026-06-17T19:45:38.654+0000] {processor.py:208} INFO - Processing /opt/airflow/dags/batch_generator.py took 0.135 seconds
[2026-06-17T19:46:08.979+0000] {processor.py:186} INFO - Started process (PID=951) to work on /opt/airflow/dags/batch_generator.py
[2026-06-17T19:46:08.979+0000] {processor.py:914} INFO - Processing file /opt/airflow/dags/batch_generator.py for tasks to queue
[2026-06-17T19:46:08.981+0000] {logging_mixin.py:190} INFO - [2026-06-17T19:46:08.981+0000] {dagbag.py:588} INFO - Filling up the DagBag from /opt/airflow/dags/batch_generator.py
[2026-06-17T19:46:09.077+0000] {processor.py:925} INFO - DAG(s) 'extract_raw_data_pipeline' retrieved from /opt/airflow/dags/batch_generator.py
[2026-06-17T19:46:09.092+0000] {logging_mixin.py:190} INFO - [2026-06-17T19:46:09.092+0000] {dag.py:3239} INFO - Sync 1 DAGs
[2026-06-17T19:46:09.106+0000] {logging_mixin.py:190} INFO - [2026-06-17T19:46:09.106+0000] {dag.py:4180} INFO - Setting next_dagrun for extract_raw_data_pipeline to 2026-06-17 07:59:00+00:00, run_after=2026-06-18 07:00:00+00:00
[2026-06-17T19:46:09.123+0000] {processor.py:208} INFO - Processing /opt/airflow/dags/batch_generator.py took 0.148 seconds
[2026-06-17T19:46:39.266+0000] {processor.py:186} INFO - Started process (PID=959) to work on /opt/airflow/dags/batch_generator.py
[2026-06-17T19:46:39.266+0000] {processor.py:914} INFO - Processing file /opt/airflow/dags/batch_generator.py for tasks to queue
[2026-06-17T19:46:39.268+0000] {logging_mixin.py:190} INFO - [2026-06-17T19:46:39.268+0000] {dagbag.py:588} INFO - Filling up the DagBag from /opt/airflow/dags/batch_generator.py
[2026-06-17T19:46:39.355+0000] {processor.py:925} INFO - DAG(s) 'extract_raw_data_pipeline' retrieved from /opt/airflow/dags/batch_generator.py
[2026-06-17T19:46:39.408+0000] {logging_mixin.py:190} INFO - [2026-06-17T19:46:39.408+0000] {dag.py:3239} INFO - Sync 1 DAGs
[2026-06-17T19:46:39.493+0000] {logging_mixin.py:190} INFO - [2026-06-17T19:46:39.493+0000] {dag.py:4180} INFO - Setting next_dagrun for extract_raw_data_pipeline to 2026-06-17 07:59:00+00:00, run_after=2026-06-18 07:00:00+00:00
[2026-06-17T19:46:39.514+0000] {processor.py:208} INFO - Processing /opt/airflow/dags/batch_generator.py took 0.252 seconds
[2026-06-17T19:47:09.678+0000] {processor.py:186} INFO - Started process (PID=967) to work on /opt/airflow/dags/batch_generator.py
[2026-06-17T19:47:09.678+0000] {processor.py:914} INFO - Processing file /opt/airflow/dags/batch_generator.py for tasks to queue
[2026-06-17T19:47:09.680+0000] {logging_mixin.py:190} INFO - [2026-06-17T19:47:09.680+0000] {dagbag.py:588} INFO - Filling up the DagBag from /opt/airflow/dags/batch_generator.py
[2026-06-17T19:47:09.769+0000] {processor.py:925} INFO - DAG(s) 'extract_raw_data_pipeline' retrieved from /opt/airflow/dags/batch_generator.py
[2026-06-17T19:47:09.793+0000] {logging_mixin.py:190} INFO - [2026-06-17T19:47:09.792+0000] {dag.py:3239} INFO - Sync 1 DAGs
[2026-06-17T19:47:09.808+0000] {logging_mixin.py:190} INFO - [2026-06-17T19:47:09.807+0000] {dag.py:4180} INFO - Setting next_dagrun for extract_raw_data_pipeline to 2026-06-17 07:59:00+00:00, run_after=2026-06-18 07:00:00+00:00
[2026-06-17T19:47:09.819+0000] {processor.py:208} INFO - Processing /opt/airflow/dags/batch_generator.py took 0.145 seconds
[2026-06-17T19:47:40.081+0000] {processor.py:186} INFO - Started process (PID=981) to work on /opt/airflow/dags/batch_generator.py
[2026-06-17T19:47:40.081+0000] {processor.py:914} INFO - Processing file /opt/airflow/dags/batch_generator.py for tasks to queue
[2026-06-17T19:47:40.083+0000] {logging_mixin.py:190} INFO - [2026-06-17T19:47:40.083+0000] {dagbag.py:588} INFO - Filling up the DagBag from /opt/airflow/dags/batch_generator.py
[2026-06-17T19:47:40.182+0000] {processor.py:925} INFO - DAG(s) 'extract_raw_data_pipeline' retrieved from /opt/airflow/dags/batch_generator.py
[2026-06-17T19:47:40.197+0000] {logging_mixin.py:190} INFO - [2026-06-17T19:47:40.197+0000] {dag.py:3239} INFO - Sync 1 DAGs
[2026-06-17T19:47:40.211+0000] {logging_mixin.py:190} INFO - [2026-06-17T19:47:40.210+0000] {dag.py:4180} INFO - Setting next_dagrun for extract_raw_data_pipeline to 2026-06-17 07:59:00+00:00, run_after=2026-06-18 07:00:00+00:00
[2026-06-17T19:47:40.223+0000] {processor.py:208} INFO - Processing /opt/airflow/dags/batch_generator.py took 0.145 seconds
[2026-06-17T19:48:10.363+0000] {processor.py:186} INFO - Started process (PID=989) to work on /opt/airflow/dags/batch_generator.py
[2026-06-17T19:48:10.363+0000] {processor.py:914} INFO - Processing file /opt/airflow/dags/batch_generator.py for tasks to queue
[2026-06-17T19:48:10.365+0000] {logging_mixin.py:190} INFO - [2026-06-17T19:48:10.365+0000] {dagbag.py:588} INFO - Filling up the DagBag from /opt/airflow/dags/batch_generator.py
[2026-06-17T19:48:10.455+0000] {processor.py:925} INFO - DAG(s) 'extract_raw_data_pipeline' retrieved from /opt/airflow/dags/batch_generator.py
[2026-06-17T19:48:10.472+0000] {logging_mixin.py:190} INFO - [2026-06-17T19:48:10.472+0000] {dag.py:3239} INFO - Sync 1 DAGs
[2026-06-17T19:48:10.485+0000] {logging_mixin.py:190} INFO - [2026-06-17T19:48:10.485+0000] {dag.py:4180} INFO - Setting next_dagrun for extract_raw_data_pipeline to 2026-06-17 07:59:00+00:00, run_after=2026-06-18 07:00:00+00:00
[2026-06-17T19:48:10.502+0000] {processor.py:208} INFO - Processing /opt/airflow/dags/batch_generator.py took 0.143 seconds
[2026-06-17T19:48:40.890+0000] {processor.py:186} INFO - Started process (PID=997) to work on /opt/airflow/dags/batch_generator.py
[2026-06-17T19:48:40.891+0000] {processor.py:914} INFO - Processing file /opt/airflow/dags/batch_generator.py for tasks to queue
[2026-06-17T19:48:40.893+0000] {logging_mixin.py:190} INFO - [2026-06-17T19:48:40.892+0000] {dagbag.py:588} INFO - Filling up the DagBag from /opt/airflow/dags/batch_generator.py
[2026-06-17T19:48:40.980+0000] {processor.py:925} INFO - DAG(s) 'extract_raw_data_pipeline' retrieved from /opt/airflow/dags/batch_generator.py
[2026-06-17T19:48:40.995+0000] {logging_mixin.py:190} INFO - [2026-06-17T19:48:40.995+0000] {dag.py:3239} INFO - Sync 1 DAGs
[2026-06-17T19:48:41.010+0000] {logging_mixin.py:190} INFO - [2026-06-17T19:48:41.009+0000] {dag.py:4180} INFO - Setting next_dagrun for extract_raw_data_pipeline to 2026-06-17 07:59:00+00:00, run_after=2026-06-18 07:00:00+00:00
[2026-06-17T19:48:41.023+0000] {processor.py:208} INFO - Processing /opt/airflow/dags/batch_generator.py took 0.135 seconds
[2026-06-17T19:49:11.150+0000] {processor.py:186} INFO - Started process (PID=1005) to work on /opt/airflow/dags/batch_generator.py
[2026-06-17T19:49:11.151+0000] {processor.py:914} INFO - Processing file /opt/airflow/dags/batch_generator.py for tasks to queue
[2026-06-17T19:49:11.152+0000] {logging_mixin.py:190} INFO - [2026-06-17T19:49:11.152+0000] {dagbag.py:588} INFO - Filling up the DagBag from /opt/airflow/dags/batch_generator.py
[2026-06-17T19:49:11.242+0000] {processor.py:925} INFO - DAG(s) 'extract_raw_data_pipeline' retrieved from /opt/airflow/dags/batch_generator.py
[2026-06-17T19:49:11.259+0000] {logging_mixin.py:190} INFO - [2026-06-17T19:49:11.259+0000] {dag.py:3239} INFO - Sync 1 DAGs
[2026-06-17T19:49:11.273+0000] {logging_mixin.py:190} INFO - [2026-06-17T19:49:11.273+0000] {dag.py:4180} INFO - Setting next_dagrun for extract_raw_data_pipeline to 2026-06-17 07:59:00+00:00, run_after=2026-06-18 07:00:00+00:00
[2026-06-17T19:49:11.288+0000] {processor.py:208} INFO - Processing /opt/airflow/dags/batch_generator.py took 0.141 seconds
[2026-06-17T19:49:41.635+0000] {processor.py:186} INFO - Started process (PID=1013) to work on /opt/airflow/dags/batch_generator.py
[2026-06-17T19:49:41.636+0000] {processor.py:914} INFO - Processing file /opt/airflow/dags/batch_generator.py for tasks to queue
[2026-06-17T19:49:41.638+0000] {logging_mixin.py:190} INFO - [2026-06-17T19:49:41.638+0000] {dagbag.py:588} INFO - Filling up the DagBag from /opt/airflow/dags/batch_generator.py
[2026-06-17T19:49:41.727+0000] {processor.py:925} INFO - DAG(s) 'extract_raw_data_pipeline' retrieved from /opt/airflow/dags/batch_generator.py
[2026-06-17T19:49:41.742+0000] {logging_mixin.py:190} INFO - [2026-06-17T19:49:41.742+0000] {dag.py:3239} INFO - Sync 1 DAGs
[2026-06-17T19:49:41.755+0000] {logging_mixin.py:190} INFO - [2026-06-17T19:49:41.755+0000] {dag.py:4180} INFO - Setting next_dagrun for extract_raw_data_pipeline to 2026-06-17 07:59:00+00:00, run_after=2026-06-18 07:00:00+00:00
[2026-06-17T19:49:41.766+0000] {processor.py:208} INFO - Processing /opt/airflow/dags/batch_generator.py took 0.134 seconds
[2026-06-17T19:50:11.990+0000] {processor.py:186} INFO - Started process (PID=1021) to work on /opt/airflow/dags/batch_generator.py
[2026-06-17T19:50:11.990+0000] {processor.py:914} INFO - Processing file /opt/airflow/dags/batch_generator.py for tasks to queue
[2026-06-17T19:50:11.992+0000] {logging_mixin.py:190} INFO - [2026-06-17T19:50:11.992+0000] {dagbag.py:588} INFO - Filling up the DagBag from /opt/airflow/dags/batch_generator.py
[2026-06-17T19:50:12.079+0000] {processor.py:925} INFO - DAG(s) 'extract_raw_data_pipeline' retrieved from /opt/airflow/dags/batch_generator.py
[2026-06-17T19:50:12.094+0000] {logging_mixin.py:190} INFO - [2026-06-17T19:50:12.094+0000] {dag.py:3239} INFO - Sync 1 DAGs
[2026-06-17T19:50:12.107+0000] {logging_mixin.py:190} INFO - [2026-06-17T19:50:12.107+0000] {dag.py:4180} INFO - Setting next_dagrun for extract_raw_data_pipeline to 2026-06-17 07:59:00+00:00, run_after=2026-06-18 07:00:00+00:00
[2026-06-17T19:50:12.122+0000] {processor.py:208} INFO - Processing /opt/airflow/dags/batch_generator.py took 0.135 seconds
[2026-06-17T19:50:42.285+0000] {processor.py:186} INFO - Started process (PID=1029) to work on /opt/airflow/dags/batch_generator.py
[2026-06-17T19:50:42.286+0000] {processor.py:914} INFO - Processing file /opt/airflow/dags/batch_generator.py for tasks to queue
[2026-06-17T19:50:42.287+0000] {logging_mixin.py:190} INFO - [2026-06-17T19:50:42.287+0000] {dagbag.py:588} INFO - Filling up the DagBag from /opt/airflow/dags/batch_generator.py
[2026-06-17T19:50:42.374+0000] {processor.py:925} INFO - DAG(s) 'extract_raw_data_pipeline' retrieved from /opt/airflow/dags/batch_generator.py
[2026-06-17T19:50:42.391+0000] {logging_mixin.py:190} INFO - [2026-06-17T19:50:42.391+0000] {dag.py:3239} INFO - Sync 1 DAGs
[2026-06-17T19:50:42.405+0000] {logging_mixin.py:190} INFO - [2026-06-17T19:50:42.405+0000] {dag.py:4180} INFO - Setting next_dagrun for extract_raw_data_pipeline to 2026-06-17 07:59:00+00:00, run_after=2026-06-18 07:00:00+00:00
[2026-06-17T19:50:42.419+0000] {processor.py:208} INFO - Processing /opt/airflow/dags/batch_generator.py took 0.137 seconds
[2026-06-17T19:51:12.740+0000] {processor.py:186} INFO - Started process (PID=1037) to work on /opt/airflow/dags/batch_generator.py
[2026-06-17T19:51:12.740+0000] {processor.py:914} INFO - Processing file /opt/airflow/dags/batch_generator.py for tasks to queue
[2026-06-17T19:51:12.742+0000] {logging_mixin.py:190} INFO - [2026-06-17T19:51:12.742+0000] {dagbag.py:588} INFO - Filling up the DagBag from /opt/airflow/dags/batch_generator.py
[2026-06-17T19:51:12.830+0000] {processor.py:925} INFO - DAG(s) 'extract_raw_data_pipeline' retrieved from /opt/airflow/dags/batch_generator.py
[2026-06-17T19:51:12.846+0000] {logging_mixin.py:190} INFO - [2026-06-17T19:51:12.846+0000] {dag.py:3239} INFO - Sync 1 DAGs
[2026-06-17T19:51:12.859+0000] {logging_mixin.py:190} INFO - [2026-06-17T19:51:12.859+0000] {dag.py:4180} INFO - Setting next_dagrun for extract_raw_data_pipeline to 2026-06-17 07:59:00+00:00, run_after=2026-06-18 07:00:00+00:00
[2026-06-17T19:51:12.875+0000] {processor.py:208} INFO - Processing /opt/airflow/dags/batch_generator.py took 0.139 seconds
[2026-06-17T19:51:43.033+0000] {processor.py:186} INFO - Started process (PID=1045) to work on /opt/airflow/dags/batch_generator.py
[2026-06-17T19:51:43.034+0000] {processor.py:914} INFO - Processing file /opt/airflow/dags/batch_generator.py for tasks to queue
[2026-06-17T19:51:43.035+0000] {logging_mixin.py:190} INFO - [2026-06-17T19:51:43.035+0000] {dagbag.py:588} INFO - Filling up the DagBag from /opt/airflow/dags/batch_generator.py
[2026-06-17T19:51:43.141+0000] {processor.py:925} INFO - DAG(s) 'extract_raw_data_pipeline' retrieved from /opt/airflow/dags/batch_generator.py
[2026-06-17T19:51:43.157+0000] {logging_mixin.py:190} INFO - [2026-06-17T19:51:43.157+0000] {dag.py:3239} INFO - Sync 1 DAGs
[2026-06-17T19:51:43.169+0000] {logging_mixin.py:190} INFO - [2026-06-17T19:51:43.169+0000] {dag.py:4180} INFO - Setting next_dagrun for extract_raw_data_pipeline to 2026-06-17 07:59:00+00:00, run_after=2026-06-18 07:00:00+00:00
[2026-06-17T19:51:43.181+0000] {processor.py:208} INFO - Processing /opt/airflow/dags/batch_generator.py took 0.152 seconds
[2026-06-17T19:52:13.536+0000] {processor.py:186} INFO - Started process (PID=1053) to work on /opt/airflow/dags/batch_generator.py
[2026-06-17T19:52:13.537+0000] {processor.py:914} INFO - Processing file /opt/airflow/dags/batch_generator.py for tasks to queue
[2026-06-17T19:52:13.538+0000] {logging_mixin.py:190} INFO - [2026-06-17T19:52:13.538+0000] {dagbag.py:588} INFO - Filling up the DagBag from /opt/airflow/dags/batch_generator.py
[2026-06-17T19:52:13.636+0000] {processor.py:925} INFO - DAG(s) 'extract_raw_data_pipeline' retrieved from /opt/airflow/dags/batch_generator.py
[2026-06-17T19:52:13.653+0000] {logging_mixin.py:190} INFO - [2026-06-17T19:52:13.653+0000] {dag.py:3239} INFO - Sync 1 DAGs
[2026-06-17T19:52:13.667+0000] {logging_mixin.py:190} INFO - [2026-06-17T19:52:13.667+0000] {dag.py:4180} INFO - Setting next_dagrun for extract_raw_data_pipeline to 2026-06-17 07:59:00+00:00, run_after=2026-06-18 07:00:00+00:00
[2026-06-17T19:52:13.685+0000] {processor.py:208} INFO - Processing /opt/airflow/dags/batch_generator.py took 0.152 seconds
[2026-06-17T19:52:43.819+0000] {processor.py:186} INFO - Started process (PID=1061) to work on /opt/airflow/dags/batch_generator.py
[2026-06-17T19:52:43.820+0000] {processor.py:914} INFO - Processing file /opt/airflow/dags/batch_generator.py for tasks to queue
[2026-06-17T19:52:43.822+0000] {logging_mixin.py:190} INFO - [2026-06-17T19:52:43.822+0000] {dagbag.py:588} INFO - Filling up the DagBag from /opt/airflow/dags/batch_generator.py
[2026-06-17T19:52:43.924+0000] {processor.py:925} INFO - DAG(s) 'extract_raw_data_pipeline' retrieved from /opt/airflow/dags/batch_generator.py
[2026-06-17T19:52:43.938+0000] {logging_mixin.py:190} INFO - [2026-06-17T19:52:43.938+0000] {dag.py:3239} INFO - Sync 1 DAGs
[2026-06-17T19:52:43.952+0000] {logging_mixin.py:190} INFO - [2026-06-17T19:52:43.952+0000] {dag.py:4180} INFO - Setting next_dagrun for extract_raw_data_pipeline to 2026-06-17 07:59:00+00:00, run_after=2026-06-18 07:00:00+00:00
[2026-06-17T19:52:43.965+0000] {processor.py:208} INFO - Processing /opt/airflow/dags/batch_generator.py took 0.150 seconds
[2026-06-17T19:53:14.240+0000] {processor.py:186} INFO - Started process (PID=1069) to work on /opt/airflow/dags/batch_generator.py
[2026-06-17T19:53:14.241+0000] {processor.py:914} INFO - Processing file /opt/airflow/dags/batch_generator.py for tasks to queue
[2026-06-17T19:53:14.242+0000] {logging_mixin.py:190} INFO - [2026-06-17T19:53:14.242+0000] {dagbag.py:588} INFO - Filling up the DagBag from /opt/airflow/dags/batch_generator.py
[2026-06-17T19:53:14.330+0000] {processor.py:925} INFO - DAG(s) 'extract_raw_data_pipeline' retrieved from /opt/airflow/dags/batch_generator.py
[2026-06-17T19:53:14.345+0000] {logging_mixin.py:190} INFO - [2026-06-17T19:53:14.345+0000] {dag.py:3239} INFO - Sync 1 DAGs
[2026-06-17T19:53:14.359+0000] {logging_mixin.py:190} INFO - [2026-06-17T19:53:14.359+0000] {dag.py:4180} INFO - Setting next_dagrun for extract_raw_data_pipeline to 2026-06-17 07:59:00+00:00, run_after=2026-06-18 07:00:00+00:00
[2026-06-17T19:53:14.372+0000] {processor.py:208} INFO - Processing /opt/airflow/dags/batch_generator.py took 0.135 seconds
[2026-06-17T19:53:44.528+0000] {processor.py:186} INFO - Started process (PID=1077) to work on /opt/airflow/dags/batch_generator.py
[2026-06-17T19:53:44.529+0000] {processor.py:914} INFO - Processing file /opt/airflow/dags/batch_generator.py for tasks to queue
[2026-06-17T19:53:44.531+0000] {logging_mixin.py:190} INFO - [2026-06-17T19:53:44.530+0000] {dagbag.py:588} INFO - Filling up the DagBag from /opt/airflow/dags/batch_generator.py
[2026-06-17T19:53:44.618+0000] {processor.py:925} INFO - DAG(s) 'extract_raw_data_pipeline' retrieved from /opt/airflow/dags/batch_generator.py
[2026-06-17T19:53:44.634+0000] {logging_mixin.py:190} INFO - [2026-06-17T19:53:44.634+0000] {dag.py:3239} INFO - Sync 1 DAGs
[2026-06-17T19:53:44.648+0000] {logging_mixin.py:190} INFO - [2026-06-17T19:53:44.647+0000] {dag.py:4180} INFO - Setting next_dagrun for extract_raw_data_pipeline to 2026-06-17 07:59:00+00:00, run_after=2026-06-18 07:00:00+00:00
[2026-06-17T19:53:44.660+0000] {processor.py:208} INFO - Processing /opt/airflow/dags/batch_generator.py took 0.135 seconds
[2026-06-17T19:54:14.958+0000] {processor.py:186} INFO - Started process (PID=1085) to work on /opt/airflow/dags/batch_generator.py
[2026-06-17T19:54:14.959+0000] {processor.py:914} INFO - Processing file /opt/airflow/dags/batch_generator.py for tasks to queue
[2026-06-17T19:54:14.960+0000] {logging_mixin.py:190} INFO - [2026-06-17T19:54:14.960+0000] {dagbag.py:588} INFO - Filling up the DagBag from /opt/airflow/dags/batch_generator.py
[2026-06-17T19:54:15.046+0000] {processor.py:925} INFO - DAG(s) 'extract_raw_data_pipeline' retrieved from /opt/airflow/dags/batch_generator.py
[2026-06-17T19:54:15.062+0000] {logging_mixin.py:190} INFO - [2026-06-17T19:54:15.062+0000] {dag.py:3239} INFO - Sync 1 DAGs
[2026-06-17T19:54:15.076+0000] {logging_mixin.py:190} INFO - [2026-06-17T19:54:15.076+0000] {dag.py:4180} INFO - Setting next_dagrun for extract_raw_data_pipeline to 2026-06-17 07:59:00+00:00, run_after=2026-06-18 07:00:00+00:00
[2026-06-17T19:54:15.090+0000] {processor.py:208} INFO - Processing /opt/airflow/dags/batch_generator.py took 0.135 seconds
[2026-06-17T19:54:45.262+0000] {processor.py:186} INFO - Started process (PID=1093) to work on /opt/airflow/dags/batch_generator.py
[2026-06-17T19:54:45.263+0000] {processor.py:914} INFO - Processing file /opt/airflow/dags/batch_generator.py for tasks to queue
[2026-06-17T19:54:45.265+0000] {logging_mixin.py:190} INFO - [2026-06-17T19:54:45.264+0000] {dagbag.py:588} INFO - Filling up the DagBag from /opt/airflow/dags/batch_generator.py
[2026-06-17T19:54:45.355+0000] {processor.py:925} INFO - DAG(s) 'extract_raw_data_pipeline' retrieved from /opt/airflow/dags/batch_generator.py
[2026-06-17T19:54:45.372+0000] {logging_mixin.py:190} INFO - [2026-06-17T19:54:45.372+0000] {dag.py:3239} INFO - Sync 1 DAGs
[2026-06-17T19:54:45.387+0000] {logging_mixin.py:190} INFO - [2026-06-17T19:54:45.386+0000] {dag.py:4180} INFO - Setting next_dagrun for extract_raw_data_pipeline to 2026-06-17 07:59:00+00:00, run_after=2026-06-18 07:00:00+00:00
[2026-06-17T19:54:45.409+0000] {processor.py:208} INFO - Processing /opt/airflow/dags/batch_generator.py took 0.151 seconds
[2026-06-17T19:55:15.738+0000] {processor.py:186} INFO - Started process (PID=1101) to work on /opt/airflow/dags/batch_generator.py
[2026-06-17T19:55:15.739+0000] {processor.py:914} INFO - Processing file /opt/airflow/dags/batch_generator.py for tasks to queue
[2026-06-17T19:55:15.741+0000] {logging_mixin.py:190} INFO - [2026-06-17T19:55:15.740+0000] {dagbag.py:588} INFO - Filling up the DagBag from /opt/airflow/dags/batch_generator.py
[2026-06-17T19:55:15.834+0000] {processor.py:925} INFO - DAG(s) 'extract_raw_data_pipeline' retrieved from /opt/airflow/dags/batch_generator.py
[2026-06-17T19:55:15.851+0000] {logging_mixin.py:190} INFO - [2026-06-17T19:55:15.851+0000] {dag.py:3239} INFO - Sync 1 DAGs
[2026-06-17T19:55:15.865+0000] {logging_mixin.py:190} INFO - [2026-06-17T19:55:15.865+0000] {dag.py:4180} INFO - Setting next_dagrun for extract_raw_data_pipeline to 2026-06-17 07:59:00+00:00, run_after=2026-06-18 07:00:00+00:00
[2026-06-17T19:55:15.879+0000] {processor.py:208} INFO - Processing /opt/airflow/dags/batch_generator.py took 0.144 seconds
[2026-06-17T19:55:46.037+0000] {processor.py:186} INFO - Started process (PID=1109) to work on /opt/airflow/dags/batch_generator.py
[2026-06-17T19:55:46.038+0000] {processor.py:914} INFO - Processing file /opt/airflow/dags/batch_generator.py for tasks to queue
[2026-06-17T19:55:46.039+0000] {logging_mixin.py:190} INFO - [2026-06-17T19:55:46.039+0000] {dagbag.py:588} INFO - Filling up the DagBag from /opt/airflow/dags/batch_generator.py
[2026-06-17T19:55:46.125+0000] {processor.py:925} INFO - DAG(s) 'extract_raw_data_pipeline' retrieved from /opt/airflow/dags/batch_generator.py
[2026-06-17T19:55:46.142+0000] {logging_mixin.py:190} INFO - [2026-06-17T19:55:46.142+0000] {dag.py:3239} INFO - Sync 1 DAGs
[2026-06-17T19:55:46.155+0000] {logging_mixin.py:190} INFO - [2026-06-17T19:55:46.155+0000] {dag.py:4180} INFO - Setting next_dagrun for extract_raw_data_pipeline to 2026-06-17 07:59:00+00:00, run_after=2026-06-18 07:00:00+00:00
[2026-06-17T19:55:46.168+0000] {processor.py:208} INFO - Processing /opt/airflow/dags/batch_generator.py took 0.134 seconds
[2026-06-17T19:56:16.359+0000] {processor.py:186} INFO - Started process (PID=1117) to work on /opt/airflow/dags/batch_generator.py
[2026-06-17T19:56:16.360+0000] {processor.py:914} INFO - Processing file /opt/airflow/dags/batch_generator.py for tasks to queue
[2026-06-17T19:56:16.361+0000] {logging_mixin.py:190} INFO - [2026-06-17T19:56:16.361+0000] {dagbag.py:588} INFO - Filling up the DagBag from /opt/airflow/dags/batch_generator.py
[2026-06-17T19:56:16.451+0000] {processor.py:925} INFO - DAG(s) 'extract_raw_data_pipeline' retrieved from /opt/airflow/dags/batch_generator.py
[2026-06-17T19:56:16.467+0000] {logging_mixin.py:190} INFO - [2026-06-17T19:56:16.466+0000] {dag.py:3239} INFO - Sync 1 DAGs
[2026-06-17T19:56:16.480+0000] {logging_mixin.py:190} INFO - [2026-06-17T19:56:16.480+0000] {dag.py:4180} INFO - Setting next_dagrun for extract_raw_data_pipeline to 2026-06-17 07:59:00+00:00, run_after=2026-06-18 07:00:00+00:00
[2026-06-17T19:56:16.492+0000] {processor.py:208} INFO - Processing /opt/airflow/dags/batch_generator.py took 0.136 seconds
[2026-06-17T19:56:46.720+0000] {processor.py:186} INFO - Started process (PID=1125) to work on /opt/airflow/dags/batch_generator.py
[2026-06-17T19:56:46.721+0000] {processor.py:914} INFO - Processing file /opt/airflow/dags/batch_generator.py for tasks to queue
[2026-06-17T19:56:46.722+0000] {logging_mixin.py:190} INFO - [2026-06-17T19:56:46.722+0000] {dagbag.py:588} INFO - Filling up the DagBag from /opt/airflow/dags/batch_generator.py
[2026-06-17T19:56:46.818+0000] {processor.py:925} INFO - DAG(s) 'extract_raw_data_pipeline' retrieved from /opt/airflow/dags/batch_generator.py
[2026-06-17T19:56:46.834+0000] {logging_mixin.py:190} INFO - [2026-06-17T19:56:46.834+0000] {dag.py:3239} INFO - Sync 1 DAGs
[2026-06-17T19:56:46.851+0000] {logging_mixin.py:190} INFO - [2026-06-17T19:56:46.851+0000] {dag.py:4180} INFO - Setting next_dagrun for extract_raw_data_pipeline to 2026-06-17 07:59:00+00:00, run_after=2026-06-18 07:00:00+00:00
[2026-06-17T19:56:46.864+0000] {processor.py:208} INFO - Processing /opt/airflow/dags/batch_generator.py took 0.147 seconds
[2026-06-17T19:57:17.010+0000] {processor.py:186} INFO - Started process (PID=1133) to work on /opt/airflow/dags/batch_generator.py
[2026-06-17T19:57:17.010+0000] {processor.py:914} INFO - Processing file /opt/airflow/dags/batch_generator.py for tasks to queue
[2026-06-17T19:57:17.012+0000] {logging_mixin.py:190} INFO - [2026-06-17T19:57:17.012+0000] {dagbag.py:588} INFO - Filling up the DagBag from /opt/airflow/dags/batch_generator.py
[2026-06-17T19:57:17.096+0000] {processor.py:925} INFO - DAG(s) 'extract_raw_data_pipeline' retrieved from /opt/airflow/dags/batch_generator.py
[2026-06-17T19:57:17.113+0000] {logging_mixin.py:190} INFO - [2026-06-17T19:57:17.113+0000] {dag.py:3239} INFO - Sync 1 DAGs
[2026-06-17T19:57:17.127+0000] {logging_mixin.py:190} INFO - [2026-06-17T19:57:17.127+0000] {dag.py:4180} INFO - Setting next_dagrun for extract_raw_data_pipeline to 2026-06-17 07:59:00+00:00, run_after=2026-06-18 07:00:00+00:00
[2026-06-17T19:57:17.141+0000] {processor.py:208} INFO - Processing /opt/airflow/dags/batch_generator.py took 0.135 seconds
[2026-06-17T19:57:47.310+0000] {processor.py:186} INFO - Started process (PID=1141) to work on /opt/airflow/dags/batch_generator.py
[2026-06-17T19:57:47.310+0000] {processor.py:914} INFO - Processing file /opt/airflow/dags/batch_generator.py for tasks to queue
[2026-06-17T19:57:47.312+0000] {logging_mixin.py:190} INFO - [2026-06-17T19:57:47.312+0000] {dagbag.py:588} INFO - Filling up the DagBag from /opt/airflow/dags/batch_generator.py
[2026-06-17T19:57:47.396+0000] {processor.py:925} INFO - DAG(s) 'extract_raw_data_pipeline' retrieved from /opt/airflow/dags/batch_generator.py
[2026-06-17T19:57:47.409+0000] {logging_mixin.py:190} INFO - [2026-06-17T19:57:47.409+0000] {dag.py:3239} INFO - Sync 1 DAGs
[2026-06-17T19:57:47.421+0000] {logging_mixin.py:190} INFO - [2026-06-17T19:57:47.421+0000] {dag.py:4180} INFO - Setting next_dagrun for extract_raw_data_pipeline to 2026-06-17 07:59:00+00:00, run_after=2026-06-18 07:00:00+00:00
[2026-06-17T19:57:47.433+0000] {processor.py:208} INFO - Processing /opt/airflow/dags/batch_generator.py took 0.127 seconds
[2026-06-17T19:58:17.755+0000] {processor.py:186} INFO - Started process (PID=1149) to work on /opt/airflow/dags/batch_generator.py
[2026-06-17T19:58:17.756+0000] {processor.py:914} INFO - Processing file /opt/airflow/dags/batch_generator.py for tasks to queue
[2026-06-17T19:58:17.758+0000] {logging_mixin.py:190} INFO - [2026-06-17T19:58:17.757+0000] {dagbag.py:588} INFO - Filling up the DagBag from /opt/airflow/dags/batch_generator.py
[2026-06-17T19:58:17.876+0000] {processor.py:925} INFO - DAG(s) 'extract_raw_data_pipeline' retrieved from /opt/airflow/dags/batch_generator.py
[2026-06-17T19:58:17.892+0000] {logging_mixin.py:190} INFO - [2026-06-17T19:58:17.892+0000] {dag.py:3239} INFO - Sync 1 DAGs
[2026-06-17T19:58:17.907+0000] {logging_mixin.py:190} INFO - [2026-06-17T19:58:17.907+0000] {dag.py:4180} INFO - Setting next_dagrun for extract_raw_data_pipeline to 2026-06-17 07:59:00+00:00, run_after=2026-06-18 07:00:00+00:00
[2026-06-17T19:58:17.923+0000] {processor.py:208} INFO - Processing /opt/airflow/dags/batch_generator.py took 0.172 seconds
[2026-06-17T19:58:48.048+0000] {processor.py:186} INFO - Started process (PID=1157) to work on /opt/airflow/dags/batch_generator.py
[2026-06-17T19:58:48.049+0000] {processor.py:914} INFO - Processing file /opt/airflow/dags/batch_generator.py for tasks to queue
[2026-06-17T19:58:48.051+0000] {logging_mixin.py:190} INFO - [2026-06-17T19:58:48.051+0000] {dagbag.py:588} INFO - Filling up the DagBag from /opt/airflow/dags/batch_generator.py
[2026-06-17T19:58:48.151+0000] {processor.py:925} INFO - DAG(s) 'extract_raw_data_pipeline' retrieved from /opt/airflow/dags/batch_generator.py
[2026-06-17T19:58:48.169+0000] {logging_mixin.py:190} INFO - [2026-06-17T19:58:48.169+0000] {dag.py:3239} INFO - Sync 1 DAGs
[2026-06-17T19:58:48.188+0000] {logging_mixin.py:190} INFO - [2026-06-17T19:58:48.188+0000] {dag.py:4180} INFO - Setting next_dagrun for extract_raw_data_pipeline to 2026-06-17 07:59:00+00:00, run_after=2026-06-18 07:00:00+00:00
[2026-06-17T19:58:48.212+0000] {processor.py:208} INFO - Processing /opt/airflow/dags/batch_generator.py took 0.167 seconds
[2026-06-17T19:59:18.336+0000] {processor.py:186} INFO - Started process (PID=1165) to work on /opt/airflow/dags/batch_generator.py
[2026-06-17T19:59:18.337+0000] {processor.py:914} INFO - Processing file /opt/airflow/dags/batch_generator.py for tasks to queue
[2026-06-17T19:59:18.338+0000] {logging_mixin.py:190} INFO - [2026-06-17T19:59:18.338+0000] {dagbag.py:588} INFO - Filling up the DagBag from /opt/airflow/dags/batch_generator.py
[2026-06-17T19:59:18.432+0000] {processor.py:925} INFO - DAG(s) 'extract_raw_data_pipeline' retrieved from /opt/airflow/dags/batch_generator.py
[2026-06-17T19:59:18.450+0000] {logging_mixin.py:190} INFO - [2026-06-17T19:59:18.450+0000] {dag.py:3239} INFO - Sync 1 DAGs
[2026-06-17T19:59:18.464+0000] {logging_mixin.py:190} INFO - [2026-06-17T19:59:18.464+0000] {dag.py:4180} INFO - Setting next_dagrun for extract_raw_data_pipeline to 2026-06-17 07:59:00+00:00, run_after=2026-06-18 07:00:00+00:00
[2026-06-17T19:59:18.477+0000] {processor.py:208} INFO - Processing /opt/airflow/dags/batch_generator.py took 0.145 seconds
[2026-06-17T19:59:48.631+0000] {processor.py:186} INFO - Started process (PID=1173) to work on /opt/airflow/dags/batch_generator.py
[2026-06-17T19:59:48.634+0000] {processor.py:914} INFO - Processing file /opt/airflow/dags/batch_generator.py for tasks to queue
[2026-06-17T19:59:48.635+0000] {logging_mixin.py:190} INFO - [2026-06-17T19:59:48.635+0000] {dagbag.py:588} INFO - Filling up the DagBag from /opt/airflow/dags/batch_generator.py
[2026-06-17T19:59:48.723+0000] {processor.py:925} INFO - DAG(s) 'extract_raw_data_pipeline' retrieved from /opt/airflow/dags/batch_generator.py
[2026-06-17T19:59:48.739+0000] {logging_mixin.py:190} INFO - [2026-06-17T19:59:48.739+0000] {dag.py:3239} INFO - Sync 1 DAGs
[2026-06-17T19:59:48.751+0000] {logging_mixin.py:190} INFO - [2026-06-17T19:59:48.751+0000] {dag.py:4180} INFO - Setting next_dagrun for extract_raw_data_pipeline to 2026-06-17 07:59:00+00:00, run_after=2026-06-18 07:00:00+00:00
[2026-06-17T19:59:48.764+0000] {processor.py:208} INFO - Processing /opt/airflow/dags/batch_generator.py took 0.136 seconds
[2026-06-17T20:00:19.089+0000] {processor.py:186} INFO - Started process (PID=1181) to work on /opt/airflow/dags/batch_generator.py
[2026-06-17T20:00:19.090+0000] {processor.py:914} INFO - Processing file /opt/airflow/dags/batch_generator.py for tasks to queue
[2026-06-17T20:00:19.091+0000] {logging_mixin.py:190} INFO - [2026-06-17T20:00:19.091+0000] {dagbag.py:588} INFO - Filling up the DagBag from /opt/airflow/dags/batch_generator.py
[2026-06-17T20:00:19.176+0000] {processor.py:925} INFO - DAG(s) 'extract_raw_data_pipeline' retrieved from /opt/airflow/dags/batch_generator.py
[2026-06-17T20:00:19.190+0000] {logging_mixin.py:190} INFO - [2026-06-17T20:00:19.190+0000] {dag.py:3239} INFO - Sync 1 DAGs
[2026-06-17T20:00:19.203+0000] {logging_mixin.py:190} INFO - [2026-06-17T20:00:19.203+0000] {dag.py:4180} INFO - Setting next_dagrun for extract_raw_data_pipeline to 2026-06-17 07:59:00+00:00, run_after=2026-06-18 07:00:00+00:00
[2026-06-17T20:00:19.216+0000] {processor.py:208} INFO - Processing /opt/airflow/dags/batch_generator.py took 0.133 seconds
[2026-06-17T20:00:49.374+0000] {processor.py:186} INFO - Started process (PID=1189) to work on /opt/airflow/dags/batch_generator.py
[2026-06-17T20:00:49.375+0000] {processor.py:914} INFO - Processing file /opt/airflow/dags/batch_generator.py for tasks to queue
[2026-06-17T20:00:49.376+0000] {logging_mixin.py:190} INFO - [2026-06-17T20:00:49.376+0000] {dagbag.py:588} INFO - Filling up the DagBag from /opt/airflow/dags/batch_generator.py
[2026-06-17T20:00:49.463+0000] {processor.py:925} INFO - DAG(s) 'extract_raw_data_pipeline' retrieved from /opt/airflow/dags/batch_generator.py
[2026-06-17T20:00:49.480+0000] {logging_mixin.py:190} INFO - [2026-06-17T20:00:49.480+0000] {dag.py:3239} INFO - Sync 1 DAGs
[2026-06-17T20:00:49.495+0000] {logging_mixin.py:190} INFO - [2026-06-17T20:00:49.495+0000] {dag.py:4180} INFO - Setting next_dagrun for extract_raw_data_pipeline to 2026-06-17 07:59:00+00:00, run_after=2026-06-18 07:00:00+00:00
[2026-06-17T20:00:49.508+0000] {processor.py:208} INFO - Processing /opt/airflow/dags/batch_generator.py took 0.137 seconds
[2026-06-17T20:01:19.676+0000] {processor.py:186} INFO - Started process (PID=1197) to work on /opt/airflow/dags/batch_generator.py
[2026-06-17T20:01:19.676+0000] {processor.py:914} INFO - Processing file /opt/airflow/dags/batch_generator.py for tasks to queue
[2026-06-17T20:01:19.678+0000] {logging_mixin.py:190} INFO - [2026-06-17T20:01:19.678+0000] {dagbag.py:588} INFO - Filling up the DagBag from /opt/airflow/dags/batch_generator.py
[2026-06-17T20:01:19.768+0000] {processor.py:925} INFO - DAG(s) 'extract_raw_data_pipeline' retrieved from /opt/airflow/dags/batch_generator.py
[2026-06-17T20:01:19.784+0000] {logging_mixin.py:190} INFO - [2026-06-17T20:01:19.784+0000] {dag.py:3239} INFO - Sync 1 DAGs
[2026-06-17T20:01:19.797+0000] {logging_mixin.py:190} INFO - [2026-06-17T20:01:19.796+0000] {dag.py:4180} INFO - Setting next_dagrun for extract_raw_data_pipeline to 2026-06-17 07:59:00+00:00, run_after=2026-06-18 07:00:00+00:00
[2026-06-17T20:01:19.809+0000] {processor.py:208} INFO - Processing /opt/airflow/dags/batch_generator.py took 0.137 seconds
[2026-06-17T20:01:50.087+0000] {processor.py:186} INFO - Started process (PID=1205) to work on /opt/airflow/dags/batch_generator.py
[2026-06-17T20:01:50.087+0000] {processor.py:914} INFO - Processing file /opt/airflow/dags/batch_generator.py for tasks to queue
[2026-06-17T20:01:50.089+0000] {logging_mixin.py:190} INFO - [2026-06-17T20:01:50.089+0000] {dagbag.py:588} INFO - Filling up the DagBag from /opt/airflow/dags/batch_generator.py
[2026-06-17T20:01:50.171+0000] {processor.py:925} INFO - DAG(s) 'extract_raw_data_pipeline' retrieved from /opt/airflow/dags/batch_generator.py
[2026-06-17T20:01:50.187+0000] {logging_mixin.py:190} INFO - [2026-06-17T20:01:50.187+0000] {dag.py:3239} INFO - Sync 1 DAGs
[2026-06-17T20:01:50.202+0000] {logging_mixin.py:190} INFO - [2026-06-17T20:01:50.202+0000] {dag.py:4180} INFO - Setting next_dagrun for extract_raw_data_pipeline to 2026-06-17 07:59:00+00:00, run_after=2026-06-18 07:00:00+00:00
[2026-06-17T20:01:50.215+0000] {processor.py:208} INFO - Processing /opt/airflow/dags/batch_generator.py took 0.131 seconds
[2026-06-17T20:02:20.380+0000] {processor.py:186} INFO - Started process (PID=1213) to work on /opt/airflow/dags/batch_generator.py
[2026-06-17T20:02:20.381+0000] {processor.py:914} INFO - Processing file /opt/airflow/dags/batch_generator.py for tasks to queue
[2026-06-17T20:02:20.382+0000] {logging_mixin.py:190} INFO - [2026-06-17T20:02:20.382+0000] {dagbag.py:588} INFO - Filling up the DagBag from /opt/airflow/dags/batch_generator.py
[2026-06-17T20:02:20.468+0000] {processor.py:925} INFO - DAG(s) 'extract_raw_data_pipeline' retrieved from /opt/airflow/dags/batch_generator.py
[2026-06-17T20:02:20.485+0000] {logging_mixin.py:190} INFO - [2026-06-17T20:02:20.484+0000] {dag.py:3239} INFO - Sync 1 DAGs
[2026-06-17T20:02:20.498+0000] {logging_mixin.py:190} INFO - [2026-06-17T20:02:20.498+0000] {dag.py:4180} INFO - Setting next_dagrun for extract_raw_data_pipeline to 2026-06-17 07:59:00+00:00, run_after=2026-06-18 07:00:00+00:00
[2026-06-17T20:02:20.512+0000] {processor.py:208} INFO - Processing /opt/airflow/dags/batch_generator.py took 0.136 seconds
[2026-06-17T20:02:50.787+0000] {processor.py:186} INFO - Started process (PID=1221) to work on /opt/airflow/dags/batch_generator.py
[2026-06-17T20:02:50.787+0000] {processor.py:914} INFO - Processing file /opt/airflow/dags/batch_generator.py for tasks to queue
[2026-06-17T20:02:50.789+0000] {logging_mixin.py:190} INFO - [2026-06-17T20:02:50.789+0000] {dagbag.py:588} INFO - Filling up the DagBag from /opt/airflow/dags/batch_generator.py
[2026-06-17T20:02:50.874+0000] {processor.py:925} INFO - DAG(s) 'extract_raw_data_pipeline' retrieved from /opt/airflow/dags/batch_generator.py
[2026-06-17T20:02:50.890+0000] {logging_mixin.py:190} INFO - [2026-06-17T20:02:50.890+0000] {dag.py:3239} INFO - Sync 1 DAGs
[2026-06-17T20:02:50.905+0000] {logging_mixin.py:190} INFO - [2026-06-17T20:02:50.904+0000] {dag.py:4180} INFO - Setting next_dagrun for extract_raw_data_pipeline to 2026-06-17 07:59:00+00:00, run_after=2026-06-18 07:00:00+00:00
[2026-06-17T20:02:50.918+0000] {processor.py:208} INFO - Processing /opt/airflow/dags/batch_generator.py took 0.135 seconds
[2026-06-17T20:03:21.094+0000] {processor.py:186} INFO - Started process (PID=1229) to work on /opt/airflow/dags/batch_generator.py
[2026-06-17T20:03:21.094+0000] {processor.py:914} INFO - Processing file /opt/airflow/dags/batch_generator.py for tasks to queue
[2026-06-17T20:03:21.096+0000] {logging_mixin.py:190} INFO - [2026-06-17T20:03:21.096+0000] {dagbag.py:588} INFO - Filling up the DagBag from /opt/airflow/dags/batch_generator.py
[2026-06-17T20:03:21.181+0000] {processor.py:925} INFO - DAG(s) 'extract_raw_data_pipeline' retrieved from /opt/airflow/dags/batch_generator.py
[2026-06-17T20:03:21.198+0000] {logging_mixin.py:190} INFO - [2026-06-17T20:03:21.198+0000] {dag.py:3239} INFO - Sync 1 DAGs
[2026-06-17T20:03:21.213+0000] {logging_mixin.py:190} INFO - [2026-06-17T20:03:21.212+0000] {dag.py:4180} INFO - Setting next_dagrun for extract_raw_data_pipeline to 2026-06-17 07:59:00+00:00, run_after=2026-06-18 07:00:00+00:00
[2026-06-17T20:03:21.227+0000] {processor.py:208} INFO - Processing /opt/airflow/dags/batch_generator.py took 0.136 seconds
[2026-06-17T20:03:51.494+0000] {processor.py:186} INFO - Started process (PID=1237) to work on /opt/airflow/dags/batch_generator.py
[2026-06-17T20:03:51.495+0000] {processor.py:914} INFO - Processing file /opt/airflow/dags/batch_generator.py for tasks to queue
[2026-06-17T20:03:51.496+0000] {logging_mixin.py:190} INFO - [2026-06-17T20:03:51.496+0000] {dagbag.py:588} INFO - Filling up the DagBag from /opt/airflow/dags/batch_generator.py
[2026-06-17T20:03:51.585+0000] {processor.py:925} INFO - DAG(s) 'extract_raw_data_pipeline' retrieved from /opt/airflow/dags/batch_generator.py
[2026-06-17T20:03:51.601+0000] {logging_mixin.py:190} INFO - [2026-06-17T20:03:51.601+0000] {dag.py:3239} INFO - Sync 1 DAGs
[2026-06-17T20:03:51.615+0000] {logging_mixin.py:190} INFO - [2026-06-17T20:03:51.615+0000] {dag.py:4180} INFO - Setting next_dagrun for extract_raw_data_pipeline to 2026-06-17 07:59:00+00:00, run_after=2026-06-18 07:00:00+00:00
[2026-06-17T20:03:51.630+0000] {processor.py:208} INFO - Processing /opt/airflow/dags/batch_generator.py took 0.139 seconds
[2026-06-17T20:04:21.747+0000] {processor.py:186} INFO - Started process (PID=1245) to work on /opt/airflow/dags/batch_generator.py
[2026-06-17T20:04:21.748+0000] {processor.py:914} INFO - Processing file /opt/airflow/dags/batch_generator.py for tasks to queue
[2026-06-17T20:04:21.749+0000] {logging_mixin.py:190} INFO - [2026-06-17T20:04:21.749+0000] {dagbag.py:588} INFO - Filling up the DagBag from /opt/airflow/dags/batch_generator.py
[2026-06-17T20:04:21.842+0000] {processor.py:925} INFO - DAG(s) 'extract_raw_data_pipeline' retrieved from /opt/airflow/dags/batch_generator.py
[2026-06-17T20:04:21.859+0000] {logging_mixin.py:190} INFO - [2026-06-17T20:04:21.859+0000] {dag.py:3239} INFO - Sync 1 DAGs
[2026-06-17T20:04:21.873+0000] {logging_mixin.py:190} INFO - [2026-06-17T20:04:21.873+0000] {dag.py:4180} INFO - Setting next_dagrun for extract_raw_data_pipeline to 2026-06-17 07:59:00+00:00, run_after=2026-06-18 07:00:00+00:00
[2026-06-17T20:04:21.886+0000] {processor.py:208} INFO - Processing /opt/airflow/dags/batch_generator.py took 0.143 seconds
[2026-06-17T20:04:52.266+0000] {processor.py:186} INFO - Started process (PID=1253) to work on /opt/airflow/dags/batch_generator.py
[2026-06-17T20:04:52.267+0000] {processor.py:914} INFO - Processing file /opt/airflow/dags/batch_generator.py for tasks to queue
[2026-06-17T20:04:52.269+0000] {logging_mixin.py:190} INFO - [2026-06-17T20:04:52.268+0000] {dagbag.py:588} INFO - Filling up the DagBag from /opt/airflow/dags/batch_generator.py
[2026-06-17T20:04:52.354+0000] {processor.py:925} INFO - DAG(s) 'extract_raw_data_pipeline' retrieved from /opt/airflow/dags/batch_generator.py
[2026-06-17T20:04:52.369+0000] {logging_mixin.py:190} INFO - [2026-06-17T20:04:52.369+0000] {dag.py:3239} INFO - Sync 1 DAGs
[2026-06-17T20:04:52.383+0000] {logging_mixin.py:190} INFO - [2026-06-17T20:04:52.383+0000] {dag.py:4180} INFO - Setting next_dagrun for extract_raw_data_pipeline to 2026-06-17 07:59:00+00:00, run_after=2026-06-18 07:00:00+00:00
[2026-06-17T20:04:52.398+0000] {processor.py:208} INFO - Processing /opt/airflow/dags/batch_generator.py took 0.136 seconds
[2026-06-17T20:05:22.659+0000] {processor.py:186} INFO - Started process (PID=1261) to work on /opt/airflow/dags/batch_generator.py
[2026-06-17T20:05:22.659+0000] {processor.py:914} INFO - Processing file /opt/airflow/dags/batch_generator.py for tasks to queue
[2026-06-17T20:05:22.661+0000] {logging_mixin.py:190} INFO - [2026-06-17T20:05:22.661+0000] {dagbag.py:588} INFO - Filling up the DagBag from /opt/airflow/dags/batch_generator.py
[2026-06-17T20:05:22.745+0000] {processor.py:925} INFO - DAG(s) 'extract_raw_data_pipeline' retrieved from /opt/airflow/dags/batch_generator.py
[2026-06-17T20:05:22.762+0000] {logging_mixin.py:190} INFO - [2026-06-17T20:05:22.762+0000] {dag.py:3239} INFO - Sync 1 DAGs
[2026-06-17T20:05:22.776+0000] {logging_mixin.py:190} INFO - [2026-06-17T20:05:22.776+0000] {dag.py:4180} INFO - Setting next_dagrun for extract_raw_data_pipeline to 2026-06-17 07:59:00+00:00, run_after=2026-06-18 07:00:00+00:00
[2026-06-17T20:05:22.790+0000] {processor.py:208} INFO - Processing /opt/airflow/dags/batch_generator.py took 0.134 seconds
[2026-06-17T20:05:52.934+0000] {processor.py:186} INFO - Started process (PID=1269) to work on /opt/airflow/dags/batch_generator.py
[2026-06-17T20:05:52.935+0000] {processor.py:914} INFO - Processing file /opt/airflow/dags/batch_generator.py for tasks to queue
[2026-06-17T20:05:52.936+0000] {logging_mixin.py:190} INFO - [2026-06-17T20:05:52.936+0000] {dagbag.py:588} INFO - Filling up the DagBag from /opt/airflow/dags/batch_generator.py
[2026-06-17T20:05:53.021+0000] {processor.py:925} INFO - DAG(s) 'extract_raw_data_pipeline' retrieved from /opt/airflow/dags/batch_generator.py
[2026-06-17T20:05:53.043+0000] {logging_mixin.py:190} INFO - [2026-06-17T20:05:53.043+0000] {dag.py:3239} INFO - Sync 1 DAGs
[2026-06-17T20:05:53.057+0000] {logging_mixin.py:190} INFO - [2026-06-17T20:05:53.057+0000] {dag.py:4180} INFO - Setting next_dagrun for extract_raw_data_pipeline to 2026-06-17 07:59:00+00:00, run_after=2026-06-18 07:00:00+00:00
[2026-06-17T20:05:53.070+0000] {processor.py:208} INFO - Processing /opt/airflow/dags/batch_generator.py took 0.140 seconds
[2026-06-17T20:06:23.631+0000] {processor.py:186} INFO - Started process (PID=1277) to work on /opt/airflow/dags/batch_generator.py
[2026-06-17T20:06:23.631+0000] {processor.py:914} INFO - Processing file /opt/airflow/dags/batch_generator.py for tasks to queue
[2026-06-17T20:06:23.633+0000] {logging_mixin.py:190} INFO - [2026-06-17T20:06:23.633+0000] {dagbag.py:588} INFO - Filling up the DagBag from /opt/airflow/dags/batch_generator.py
[2026-06-17T20:06:23.716+0000] {processor.py:925} INFO - DAG(s) 'extract_raw_data_pipeline' retrieved from /opt/airflow/dags/batch_generator.py
[2026-06-17T20:06:23.733+0000] {logging_mixin.py:190} INFO - [2026-06-17T20:06:23.733+0000] {dag.py:3239} INFO - Sync 1 DAGs
[2026-06-17T20:06:23.747+0000] {logging_mixin.py:190} INFO - [2026-06-17T20:06:23.747+0000] {dag.py:4180} INFO - Setting next_dagrun for extract_raw_data_pipeline to 2026-06-17 07:59:00+00:00, run_after=2026-06-18 07:00:00+00:00
[2026-06-17T20:06:23.769+0000] {processor.py:208} INFO - Processing /opt/airflow/dags/batch_generator.py took 0.142 seconds
[2026-06-17T20:06:53.928+0000] {processor.py:186} INFO - Started process (PID=1285) to work on /opt/airflow/dags/batch_generator.py
[2026-06-17T20:06:53.929+0000] {processor.py:914} INFO - Processing file /opt/airflow/dags/batch_generator.py for tasks to queue
[2026-06-17T20:06:53.930+0000] {logging_mixin.py:190} INFO - [2026-06-17T20:06:53.930+0000] {dagbag.py:588} INFO - Filling up the DagBag from /opt/airflow/dags/batch_generator.py
[2026-06-17T20:06:54.012+0000] {processor.py:925} INFO - DAG(s) 'extract_raw_data_pipeline' retrieved from /opt/airflow/dags/batch_generator.py
[2026-06-17T20:06:54.028+0000] {logging_mixin.py:190} INFO - [2026-06-17T20:06:54.027+0000] {dag.py:3239} INFO - Sync 1 DAGs
[2026-06-17T20:06:54.041+0000] {logging_mixin.py:190} INFO - [2026-06-17T20:06:54.041+0000] {dag.py:4180} INFO - Setting next_dagrun for extract_raw_data_pipeline to 2026-06-17 07:59:00+00:00, run_after=2026-06-18 07:00:00+00:00
[2026-06-17T20:06:54.055+0000] {processor.py:208} INFO - Processing /opt/airflow/dags/batch_generator.py took 0.130 seconds
[2026-06-17T20:07:24.469+0000] {processor.py:186} INFO - Started process (PID=1293) to work on /opt/airflow/dags/batch_generator.py
[2026-06-17T20:07:24.470+0000] {processor.py:914} INFO - Processing file /opt/airflow/dags/batch_generator.py for tasks to queue
[2026-06-17T20:07:24.472+0000] {logging_mixin.py:190} INFO - [2026-06-17T20:07:24.472+0000] {dagbag.py:588} INFO - Filling up the DagBag from /opt/airflow/dags/batch_generator.py
[2026-06-17T20:07:24.557+0000] {processor.py:925} INFO - DAG(s) 'extract_raw_data_pipeline' retrieved from /opt/airflow/dags/batch_generator.py
[2026-06-17T20:07:24.573+0000] {logging_mixin.py:190} INFO - [2026-06-17T20:07:24.572+0000] {dag.py:3239} INFO - Sync 1 DAGs
[2026-06-17T20:07:24.586+0000] {logging_mixin.py:190} INFO - [2026-06-17T20:07:24.586+0000] {dag.py:4180} INFO - Setting next_dagrun for extract_raw_data_pipeline to 2026-06-17 07:59:00+00:00, run_after=2026-06-18 07:00:00+00:00
[2026-06-17T20:07:24.608+0000] {processor.py:208} INFO - Processing /opt/airflow/dags/batch_generator.py took 0.142 seconds
[2026-06-17T20:07:54.771+0000] {processor.py:186} INFO - Started process (PID=1301) to work on /opt/airflow/dags/batch_generator.py
[2026-06-17T20:07:54.771+0000] {processor.py:914} INFO - Processing file /opt/airflow/dags/batch_generator.py for tasks to queue
[2026-06-17T20:07:54.773+0000] {logging_mixin.py:190} INFO - [2026-06-17T20:07:54.773+0000] {dagbag.py:588} INFO - Filling up the DagBag from /opt/airflow/dags/batch_generator.py
[2026-06-17T20:07:54.860+0000] {processor.py:925} INFO - DAG(s) 'extract_raw_data_pipeline' retrieved from /opt/airflow/dags/batch_generator.py
[2026-06-17T20:07:54.876+0000] {logging_mixin.py:190} INFO - [2026-06-17T20:07:54.876+0000] {dag.py:3239} INFO - Sync 1 DAGs
[2026-06-17T20:07:54.890+0000] {logging_mixin.py:190} INFO - [2026-06-17T20:07:54.890+0000] {dag.py:4180} INFO - Setting next_dagrun for extract_raw_data_pipeline to 2026-06-17 07:59:00+00:00, run_after=2026-06-18 07:00:00+00:00
[2026-06-17T20:07:54.904+0000] {processor.py:208} INFO - Processing /opt/airflow/dags/batch_generator.py took 0.136 seconds
[2026-06-17T20:08:25.226+0000] {processor.py:186} INFO - Started process (PID=1309) to work on /opt/airflow/dags/batch_generator.py
[2026-06-17T20:08:25.226+0000] {processor.py:914} INFO - Processing file /opt/airflow/dags/batch_generator.py for tasks to queue
[2026-06-17T20:08:25.228+0000] {logging_mixin.py:190} INFO - [2026-06-17T20:08:25.228+0000] {dagbag.py:588} INFO - Filling up the DagBag from /opt/airflow/dags/batch_generator.py
[2026-06-17T20:08:25.312+0000] {processor.py:925} INFO - DAG(s) 'extract_raw_data_pipeline' retrieved from /opt/airflow/dags/batch_generator.py
[2026-06-17T20:08:25.328+0000] {logging_mixin.py:190} INFO - [2026-06-17T20:08:25.328+0000] {dag.py:3239} INFO - Sync 1 DAGs
[2026-06-17T20:08:25.341+0000] {logging_mixin.py:190} INFO - [2026-06-17T20:08:25.341+0000] {dag.py:4180} INFO - Setting next_dagrun for extract_raw_data_pipeline to 2026-06-17 07:59:00+00:00, run_after=2026-06-18 07:00:00+00:00
[2026-06-17T20:08:25.354+0000] {processor.py:208} INFO - Processing /opt/airflow/dags/batch_generator.py took 0.132 seconds
[2026-06-17T20:08:55.547+0000] {processor.py:186} INFO - Started process (PID=1317) to work on /opt/airflow/dags/batch_generator.py
[2026-06-17T20:08:55.547+0000] {processor.py:914} INFO - Processing file /opt/airflow/dags/batch_generator.py for tasks to queue
[2026-06-17T20:08:55.549+0000] {logging_mixin.py:190} INFO - [2026-06-17T20:08:55.549+0000] {dagbag.py:588} INFO - Filling up the DagBag from /opt/airflow/dags/batch_generator.py
[2026-06-17T20:08:55.635+0000] {processor.py:925} INFO - DAG(s) 'extract_raw_data_pipeline' retrieved from /opt/airflow/dags/batch_generator.py
[2026-06-17T20:08:55.651+0000] {logging_mixin.py:190} INFO - [2026-06-17T20:08:55.651+0000] {dag.py:3239} INFO - Sync 1 DAGs
[2026-06-17T20:08:55.665+0000] {logging_mixin.py:190} INFO - [2026-06-17T20:08:55.665+0000] {dag.py:4180} INFO - Setting next_dagrun for extract_raw_data_pipeline to 2026-06-17 07:59:00+00:00, run_after=2026-06-18 07:00:00+00:00
[2026-06-17T20:08:55.679+0000] {processor.py:208} INFO - Processing /opt/airflow/dags/batch_generator.py took 0.136 seconds
[2026-06-17T20:09:25.859+0000] {processor.py:186} INFO - Started process (PID=1325) to work on /opt/airflow/dags/batch_generator.py
[2026-06-17T20:09:25.860+0000] {processor.py:914} INFO - Processing file /opt/airflow/dags/batch_generator.py for tasks to queue
[2026-06-17T20:09:25.861+0000] {logging_mixin.py:190} INFO - [2026-06-17T20:09:25.861+0000] {dagbag.py:588} INFO - Filling up the DagBag from /opt/airflow/dags/batch_generator.py
[2026-06-17T20:09:25.945+0000] {processor.py:925} INFO - DAG(s) 'extract_raw_data_pipeline' retrieved from /opt/airflow/dags/batch_generator.py
[2026-06-17T20:09:25.965+0000] {logging_mixin.py:190} INFO - [2026-06-17T20:09:25.965+0000] {dag.py:3239} INFO - Sync 1 DAGs
[2026-06-17T20:09:25.984+0000] {logging_mixin.py:190} INFO - [2026-06-17T20:09:25.984+0000] {dag.py:4180} INFO - Setting next_dagrun for extract_raw_data_pipeline to 2026-06-17 07:59:00+00:00, run_after=2026-06-18 07:00:00+00:00
[2026-06-17T20:09:26.017+0000] {processor.py:208} INFO - Processing /opt/airflow/dags/batch_generator.py took 0.162 seconds
[2026-06-17T20:09:56.349+0000] {processor.py:186} INFO - Started process (PID=1333) to work on /opt/airflow/dags/batch_generator.py
[2026-06-17T20:09:56.350+0000] {processor.py:914} INFO - Processing file /opt/airflow/dags/batch_generator.py for tasks to queue
[2026-06-17T20:09:56.351+0000] {logging_mixin.py:190} INFO - [2026-06-17T20:09:56.351+0000] {dagbag.py:588} INFO - Filling up the DagBag from /opt/airflow/dags/batch_generator.py
[2026-06-17T20:09:56.438+0000] {processor.py:925} INFO - DAG(s) 'extract_raw_data_pipeline' retrieved from /opt/airflow/dags/batch_generator.py
[2026-06-17T20:09:56.454+0000] {logging_mixin.py:190} INFO - [2026-06-17T20:09:56.454+0000] {dag.py:3239} INFO - Sync 1 DAGs
[2026-06-17T20:09:56.467+0000] {logging_mixin.py:190} INFO - [2026-06-17T20:09:56.467+0000] {dag.py:4180} INFO - Setting next_dagrun for extract_raw_data_pipeline to 2026-06-17 07:59:00+00:00, run_after=2026-06-18 07:00:00+00:00
[2026-06-17T20:09:56.482+0000] {processor.py:208} INFO - Processing /opt/airflow/dags/batch_generator.py took 0.137 seconds
[2026-06-17T20:10:26.661+0000] {processor.py:186} INFO - Started process (PID=1341) to work on /opt/airflow/dags/batch_generator.py
[2026-06-17T20:10:26.662+0000] {processor.py:914} INFO - Processing file /opt/airflow/dags/batch_generator.py for tasks to queue
[2026-06-17T20:10:26.663+0000] {logging_mixin.py:190} INFO - [2026-06-17T20:10:26.663+0000] {dagbag.py:588} INFO - Filling up the DagBag from /opt/airflow/dags/batch_generator.py
[2026-06-17T20:10:26.901+0000] {processor.py:925} INFO - DAG(s) 'extract_raw_data_pipeline' retrieved from /opt/airflow/dags/batch_generator.py
[2026-06-17T20:10:26.916+0000] {logging_mixin.py:190} INFO - [2026-06-17T20:10:26.916+0000] {dag.py:3239} INFO - Sync 1 DAGs
[2026-06-17T20:10:26.929+0000] {logging_mixin.py:190} INFO - [2026-06-17T20:10:26.929+0000] {dag.py:4180} INFO - Setting next_dagrun for extract_raw_data_pipeline to 2026-06-17 07:59:00+00:00, run_after=2026-06-18 07:00:00+00:00
[2026-06-17T20:10:26.942+0000] {processor.py:208} INFO - Processing /opt/airflow/dags/batch_generator.py took 0.285 seconds
[2026-06-17T20:10:57.098+0000] {processor.py:186} INFO - Started process (PID=1349) to work on /opt/airflow/dags/batch_generator.py
[2026-06-17T20:10:57.099+0000] {processor.py:914} INFO - Processing file /opt/airflow/dags/batch_generator.py for tasks to queue
[2026-06-17T20:10:57.101+0000] {logging_mixin.py:190} INFO - [2026-06-17T20:10:57.101+0000] {dagbag.py:588} INFO - Filling up the DagBag from /opt/airflow/dags/batch_generator.py
[2026-06-17T20:10:57.187+0000] {processor.py:925} INFO - DAG(s) 'extract_raw_data_pipeline' retrieved from /opt/airflow/dags/batch_generator.py
[2026-06-17T20:10:57.202+0000] {logging_mixin.py:190} INFO - [2026-06-17T20:10:57.202+0000] {dag.py:3239} INFO - Sync 1 DAGs
[2026-06-17T20:10:57.216+0000] {logging_mixin.py:190} INFO - [2026-06-17T20:10:57.216+0000] {dag.py:4180} INFO - Setting next_dagrun for extract_raw_data_pipeline to 2026-06-17 07:59:00+00:00, run_after=2026-06-18 07:00:00+00:00
[2026-06-17T20:10:57.229+0000] {processor.py:208} INFO - Processing /opt/airflow/dags/batch_generator.py took 0.135 seconds
[2026-06-17T20:11:27.549+0000] {processor.py:186} INFO - Started process (PID=1357) to work on /opt/airflow/dags/batch_generator.py
[2026-06-17T20:11:27.550+0000] {processor.py:914} INFO - Processing file /opt/airflow/dags/batch_generator.py for tasks to queue
[2026-06-17T20:11:27.552+0000] {logging_mixin.py:190} INFO - [2026-06-17T20:11:27.551+0000] {dagbag.py:588} INFO - Filling up the DagBag from /opt/airflow/dags/batch_generator.py
[2026-06-17T20:11:27.640+0000] {processor.py:925} INFO - DAG(s) 'extract_raw_data_pipeline' retrieved from /opt/airflow/dags/batch_generator.py
[2026-06-17T20:11:27.656+0000] {logging_mixin.py:190} INFO - [2026-06-17T20:11:27.656+0000] {dag.py:3239} INFO - Sync 1 DAGs
[2026-06-17T20:11:27.670+0000] {logging_mixin.py:190} INFO - [2026-06-17T20:11:27.669+0000] {dag.py:4180} INFO - Setting next_dagrun for extract_raw_data_pipeline to 2026-06-17 07:59:00+00:00, run_after=2026-06-18 07:00:00+00:00
[2026-06-17T20:11:27.683+0000] {processor.py:208} INFO - Processing /opt/airflow/dags/batch_generator.py took 0.138 seconds
[2026-06-17T20:11:57.843+0000] {processor.py:186} INFO - Started process (PID=1365) to work on /opt/airflow/dags/batch_generator.py
[2026-06-17T20:11:57.843+0000] {processor.py:914} INFO - Processing file /opt/airflow/dags/batch_generator.py for tasks to queue
[2026-06-17T20:11:57.845+0000] {logging_mixin.py:190} INFO - [2026-06-17T20:11:57.844+0000] {dagbag.py:588} INFO - Filling up the DagBag from /opt/airflow/dags/batch_generator.py
[2026-06-17T20:11:57.930+0000] {processor.py:925} INFO - DAG(s) 'extract_raw_data_pipeline' retrieved from /opt/airflow/dags/batch_generator.py
[2026-06-17T20:11:57.946+0000] {logging_mixin.py:190} INFO - [2026-06-17T20:11:57.945+0000] {dag.py:3239} INFO - Sync 1 DAGs
[2026-06-17T20:11:57.959+0000] {logging_mixin.py:190} INFO - [2026-06-17T20:11:57.959+0000] {dag.py:4180} INFO - Setting next_dagrun for extract_raw_data_pipeline to 2026-06-17 07:59:00+00:00, run_after=2026-06-18 07:00:00+00:00
[2026-06-17T20:11:57.972+0000] {processor.py:208} INFO - Processing /opt/airflow/dags/batch_generator.py took 0.133 seconds
[2026-06-17T20:12:28.263+0000] {processor.py:186} INFO - Started process (PID=1373) to work on /opt/airflow/dags/batch_generator.py
[2026-06-17T20:12:28.264+0000] {processor.py:914} INFO - Processing file /opt/airflow/dags/batch_generator.py for tasks to queue
[2026-06-17T20:12:28.266+0000] {logging_mixin.py:190} INFO - [2026-06-17T20:12:28.265+0000] {dagbag.py:588} INFO - Filling up the DagBag from /opt/airflow/dags/batch_generator.py
[2026-06-17T20:12:28.351+0000] {processor.py:925} INFO - DAG(s) 'extract_raw_data_pipeline' retrieved from /opt/airflow/dags/batch_generator.py
[2026-06-17T20:12:28.366+0000] {logging_mixin.py:190} INFO - [2026-06-17T20:12:28.366+0000] {dag.py:3239} INFO - Sync 1 DAGs
[2026-06-17T20:12:28.380+0000] {logging_mixin.py:190} INFO - [2026-06-17T20:12:28.380+0000] {dag.py:4180} INFO - Setting next_dagrun for extract_raw_data_pipeline to 2026-06-17 07:59:00+00:00, run_after=2026-06-18 07:00:00+00:00
[2026-06-17T20:12:28.393+0000] {processor.py:208} INFO - Processing /opt/airflow/dags/batch_generator.py took 0.133 seconds
[2026-06-17T20:12:58.563+0000] {processor.py:186} INFO - Started process (PID=1381) to work on /opt/airflow/dags/batch_generator.py
[2026-06-17T20:12:58.564+0000] {processor.py:914} INFO - Processing file /opt/airflow/dags/batch_generator.py for tasks to queue
[2026-06-17T20:12:58.566+0000] {logging_mixin.py:190} INFO - [2026-06-17T20:12:58.565+0000] {dagbag.py:588} INFO - Filling up the DagBag from /opt/airflow/dags/batch_generator.py
[2026-06-17T20:12:58.659+0000] {processor.py:925} INFO - DAG(s) 'extract_raw_data_pipeline' retrieved from /opt/airflow/dags/batch_generator.py
[2026-06-17T20:12:58.676+0000] {logging_mixin.py:190} INFO - [2026-06-17T20:12:58.675+0000] {dag.py:3239} INFO - Sync 1 DAGs
[2026-06-17T20:12:58.689+0000] {logging_mixin.py:190} INFO - [2026-06-17T20:12:58.689+0000] {dag.py:4180} INFO - Setting next_dagrun for extract_raw_data_pipeline to 2026-06-17 07:59:00+00:00, run_after=2026-06-18 07:00:00+00:00
[2026-06-17T20:12:58.703+0000] {processor.py:208} INFO - Processing /opt/airflow/dags/batch_generator.py took 0.145 seconds
[2026-06-17T20:13:28.973+0000] {processor.py:186} INFO - Started process (PID=1389) to work on /opt/airflow/dags/batch_generator.py
[2026-06-17T20:13:28.974+0000] {processor.py:914} INFO - Processing file /opt/airflow/dags/batch_generator.py for tasks to queue
[2026-06-17T20:13:28.975+0000] {logging_mixin.py:190} INFO - [2026-06-17T20:13:28.975+0000] {dagbag.py:588} INFO - Filling up the DagBag from /opt/airflow/dags/batch_generator.py
[2026-06-17T20:13:29.066+0000] {processor.py:925} INFO - DAG(s) 'extract_raw_data_pipeline' retrieved from /opt/airflow/dags/batch_generator.py
[2026-06-17T20:13:29.082+0000] {logging_mixin.py:190} INFO - [2026-06-17T20:13:29.082+0000] {dag.py:3239} INFO - Sync 1 DAGs
[2026-06-17T20:13:29.097+0000] {logging_mixin.py:190} INFO - [2026-06-17T20:13:29.097+0000] {dag.py:4180} INFO - Setting next_dagrun for extract_raw_data_pipeline to 2026-06-17 07:59:00+00:00, run_after=2026-06-18 07:00:00+00:00
[2026-06-17T20:13:29.116+0000] {processor.py:208} INFO - Processing /opt/airflow/dags/batch_generator.py took 0.146 seconds
[2026-06-17T20:13:59.330+0000] {processor.py:186} INFO - Started process (PID=1397) to work on /opt/airflow/dags/batch_generator.py
[2026-06-17T20:13:59.331+0000] {processor.py:914} INFO - Processing file /opt/airflow/dags/batch_generator.py for tasks to queue
[2026-06-17T20:13:59.332+0000] {logging_mixin.py:190} INFO - [2026-06-17T20:13:59.332+0000] {dagbag.py:588} INFO - Filling up the DagBag from /opt/airflow/dags/batch_generator.py
[2026-06-17T20:13:59.416+0000] {processor.py:925} INFO - DAG(s) 'extract_raw_data_pipeline' retrieved from /opt/airflow/dags/batch_generator.py
[2026-06-17T20:13:59.432+0000] {logging_mixin.py:190} INFO - [2026-06-17T20:13:59.432+0000] {dag.py:3239} INFO - Sync 1 DAGs
[2026-06-17T20:13:59.445+0000] {logging_mixin.py:190} INFO - [2026-06-17T20:13:59.444+0000] {dag.py:4180} INFO - Setting next_dagrun for extract_raw_data_pipeline to 2026-06-17 07:59:00+00:00, run_after=2026-06-18 07:00:00+00:00
[2026-06-17T20:13:59.456+0000] {processor.py:208} INFO - Processing /opt/airflow/dags/batch_generator.py took 0.130 seconds
[2026-06-17T20:14:29.573+0000] {processor.py:186} INFO - Started process (PID=1405) to work on /opt/airflow/dags/batch_generator.py
[2026-06-17T20:14:29.573+0000] {processor.py:914} INFO - Processing file /opt/airflow/dags/batch_generator.py for tasks to queue
[2026-06-17T20:14:29.575+0000] {logging_mixin.py:190} INFO - [2026-06-17T20:14:29.575+0000] {dagbag.py:588} INFO - Filling up the DagBag from /opt/airflow/dags/batch_generator.py
[2026-06-17T20:14:29.656+0000] {processor.py:925} INFO - DAG(s) 'extract_raw_data_pipeline' retrieved from /opt/airflow/dags/batch_generator.py
[2026-06-17T20:14:29.670+0000] {logging_mixin.py:190} INFO - [2026-06-17T20:14:29.670+0000] {dag.py:3239} INFO - Sync 1 DAGs
[2026-06-17T20:14:29.682+0000] {logging_mixin.py:190} INFO - [2026-06-17T20:14:29.682+0000] {dag.py:4180} INFO - Setting next_dagrun for extract_raw_data_pipeline to 2026-06-17 07:59:00+00:00, run_after=2026-06-18 07:00:00+00:00
[2026-06-17T20:14:29.696+0000] {processor.py:208} INFO - Processing /opt/airflow/dags/batch_generator.py took 0.127 seconds
[2026-06-17T20:14:59.875+0000] {processor.py:186} INFO - Started process (PID=1413) to work on /opt/airflow/dags/batch_generator.py
[2026-06-17T20:14:59.877+0000] {processor.py:914} INFO - Processing file /opt/airflow/dags/batch_generator.py for tasks to queue
[2026-06-17T20:14:59.878+0000] {logging_mixin.py:190} INFO - [2026-06-17T20:14:59.878+0000] {dagbag.py:588} INFO - Filling up the DagBag from /opt/airflow/dags/batch_generator.py
[2026-06-17T20:14:59.974+0000] {processor.py:925} INFO - DAG(s) 'extract_raw_data_pipeline' retrieved from /opt/airflow/dags/batch_generator.py
[2026-06-17T20:14:59.991+0000] {logging_mixin.py:190} INFO - [2026-06-17T20:14:59.990+0000] {dag.py:3239} INFO - Sync 1 DAGs
[2026-06-17T20:15:00.005+0000] {logging_mixin.py:190} INFO - [2026-06-17T20:15:00.005+0000] {dag.py:4180} INFO - Setting next_dagrun for extract_raw_data_pipeline to 2026-06-17 07:59:00+00:00, run_after=2026-06-18 07:00:00+00:00
[2026-06-17T20:15:00.019+0000] {processor.py:208} INFO - Processing /opt/airflow/dags/batch_generator.py took 0.148 seconds
[2026-06-17T20:15:30.302+0000] {processor.py:186} INFO - Started process (PID=1421) to work on /opt/airflow/dags/batch_generator.py
[2026-06-17T20:15:30.303+0000] {processor.py:914} INFO - Processing file /opt/airflow/dags/batch_generator.py for tasks to queue
[2026-06-17T20:15:30.304+0000] {logging_mixin.py:190} INFO - [2026-06-17T20:15:30.304+0000] {dagbag.py:588} INFO - Filling up the DagBag from /opt/airflow/dags/batch_generator.py
[2026-06-17T20:15:30.389+0000] {processor.py:925} INFO - DAG(s) 'extract_raw_data_pipeline' retrieved from /opt/airflow/dags/batch_generator.py
[2026-06-17T20:15:30.404+0000] {logging_mixin.py:190} INFO - [2026-06-17T20:15:30.404+0000] {dag.py:3239} INFO - Sync 1 DAGs
[2026-06-17T20:15:30.416+0000] {logging_mixin.py:190} INFO - [2026-06-17T20:15:30.416+0000] {dag.py:4180} INFO - Setting next_dagrun for extract_raw_data_pipeline to 2026-06-17 07:59:00+00:00, run_after=2026-06-18 07:00:00+00:00
[2026-06-17T20:15:30.429+0000] {processor.py:208} INFO - Processing /opt/airflow/dags/batch_generator.py took 0.130 seconds
[2026-06-17T20:16:00.666+0000] {processor.py:186} INFO - Started process (PID=1429) to work on /opt/airflow/dags/batch_generator.py
[2026-06-17T20:16:00.666+0000] {processor.py:914} INFO - Processing file /opt/airflow/dags/batch_generator.py for tasks to queue
[2026-06-17T20:16:00.667+0000] {logging_mixin.py:190} INFO - [2026-06-17T20:16:00.667+0000] {dagbag.py:588} INFO - Filling up the DagBag from /opt/airflow/dags/batch_generator.py
[2026-06-17T20:16:00.754+0000] {processor.py:925} INFO - DAG(s) 'extract_raw_data_pipeline' retrieved from /opt/airflow/dags/batch_generator.py
[2026-06-17T20:16:00.770+0000] {logging_mixin.py:190} INFO - [2026-06-17T20:16:00.770+0000] {dag.py:3239} INFO - Sync 1 DAGs
[2026-06-17T20:16:00.784+0000] {logging_mixin.py:190} INFO - [2026-06-17T20:16:00.784+0000] {dag.py:4180} INFO - Setting next_dagrun for extract_raw_data_pipeline to 2026-06-17 07:59:00+00:00, run_after=2026-06-18 07:00:00+00:00
[2026-06-17T20:16:00.798+0000] {processor.py:208} INFO - Processing /opt/airflow/dags/batch_generator.py took 0.136 seconds
[2026-06-17T20:16:30.991+0000] {processor.py:186} INFO - Started process (PID=1437) to work on /opt/airflow/dags/batch_generator.py
[2026-06-17T20:16:30.992+0000] {processor.py:914} INFO - Processing file /opt/airflow/dags/batch_generator.py for tasks to queue
[2026-06-17T20:16:30.993+0000] {logging_mixin.py:190} INFO - [2026-06-17T20:16:30.993+0000] {dagbag.py:588} INFO - Filling up the DagBag from /opt/airflow/dags/batch_generator.py
[2026-06-17T20:16:31.133+0000] {processor.py:925} INFO - DAG(s) 'extract_raw_data_pipeline' retrieved from /opt/airflow/dags/batch_generator.py
[2026-06-17T20:16:31.148+0000] {logging_mixin.py:190} INFO - [2026-06-17T20:16:31.148+0000] {dag.py:3239} INFO - Sync 1 DAGs
[2026-06-17T20:16:31.161+0000] {logging_mixin.py:190} INFO - [2026-06-17T20:16:31.161+0000] {dag.py:4180} INFO - Setting next_dagrun for extract_raw_data_pipeline to 2026-06-17 07:59:00+00:00, run_after=2026-06-18 07:00:00+00:00
[2026-06-17T20:16:31.174+0000] {processor.py:208} INFO - Processing /opt/airflow/dags/batch_generator.py took 0.186 seconds
[2026-06-17T20:17:01.345+0000] {processor.py:186} INFO - Started process (PID=1445) to work on /opt/airflow/dags/batch_generator.py
[2026-06-17T20:17:01.345+0000] {processor.py:914} INFO - Processing file /opt/airflow/dags/batch_generator.py for tasks to queue
[2026-06-17T20:17:01.347+0000] {logging_mixin.py:190} INFO - [2026-06-17T20:17:01.347+0000] {dagbag.py:588} INFO - Filling up the DagBag from /opt/airflow/dags/batch_generator.py
[2026-06-17T20:17:01.447+0000] {processor.py:925} INFO - DAG(s) 'extract_raw_data_pipeline' retrieved from /opt/airflow/dags/batch_generator.py
[2026-06-17T20:17:01.462+0000] {logging_mixin.py:190} INFO - [2026-06-17T20:17:01.462+0000] {dag.py:3239} INFO - Sync 1 DAGs
[2026-06-17T20:17:01.475+0000] {logging_mixin.py:190} INFO - [2026-06-17T20:17:01.475+0000] {dag.py:4180} INFO - Setting next_dagrun for extract_raw_data_pipeline to 2026-06-17 07:59:00+00:00, run_after=2026-06-18 07:00:00+00:00
[2026-06-17T20:17:01.487+0000] {processor.py:208} INFO - Processing /opt/airflow/dags/batch_generator.py took 0.146 seconds
[2026-06-17T20:17:31.735+0000] {processor.py:186} INFO - Started process (PID=1453) to work on /opt/airflow/dags/batch_generator.py
[2026-06-17T20:17:31.735+0000] {processor.py:914} INFO - Processing file /opt/airflow/dags/batch_generator.py for tasks to queue
[2026-06-17T20:17:31.737+0000] {logging_mixin.py:190} INFO - [2026-06-17T20:17:31.736+0000] {dagbag.py:588} INFO - Filling up the DagBag from /opt/airflow/dags/batch_generator.py
[2026-06-17T20:17:31.824+0000] {processor.py:925} INFO - DAG(s) 'extract_raw_data_pipeline' retrieved from /opt/airflow/dags/batch_generator.py
[2026-06-17T20:17:31.841+0000] {logging_mixin.py:190} INFO - [2026-06-17T20:17:31.841+0000] {dag.py:3239} INFO - Sync 1 DAGs
[2026-06-17T20:17:31.855+0000] {logging_mixin.py:190} INFO - [2026-06-17T20:17:31.855+0000] {dag.py:4180} INFO - Setting next_dagrun for extract_raw_data_pipeline to 2026-06-17 07:59:00+00:00, run_after=2026-06-18 07:00:00+00:00
[2026-06-17T20:17:31.867+0000] {processor.py:208} INFO - Processing /opt/airflow/dags/batch_generator.py took 0.136 seconds
[2026-06-17T20:18:02.134+0000] {processor.py:186} INFO - Started process (PID=1461) to work on /opt/airflow/dags/batch_generator.py
[2026-06-17T20:18:02.134+0000] {processor.py:914} INFO - Processing file /opt/airflow/dags/batch_generator.py for tasks to queue
[2026-06-17T20:18:02.136+0000] {logging_mixin.py:190} INFO - [2026-06-17T20:18:02.136+0000] {dagbag.py:588} INFO - Filling up the DagBag from /opt/airflow/dags/batch_generator.py
[2026-06-17T20:18:02.228+0000] {processor.py:925} INFO - DAG(s) 'extract_raw_data_pipeline' retrieved from /opt/airflow/dags/batch_generator.py
[2026-06-17T20:18:02.244+0000] {logging_mixin.py:190} INFO - [2026-06-17T20:18:02.243+0000] {dag.py:3239} INFO - Sync 1 DAGs
[2026-06-17T20:18:02.257+0000] {logging_mixin.py:190} INFO - [2026-06-17T20:18:02.257+0000] {dag.py:4180} INFO - Setting next_dagrun for extract_raw_data_pipeline to 2026-06-17 07:59:00+00:00, run_after=2026-06-18 07:00:00+00:00
[2026-06-17T20:18:02.272+0000] {processor.py:208} INFO - Processing /opt/airflow/dags/batch_generator.py took 0.142 seconds
[2026-06-17T20:18:32.473+0000] {processor.py:186} INFO - Started process (PID=1469) to work on /opt/airflow/dags/batch_generator.py
[2026-06-17T20:18:32.474+0000] {processor.py:914} INFO - Processing file /opt/airflow/dags/batch_generator.py for tasks to queue
[2026-06-17T20:18:32.475+0000] {logging_mixin.py:190} INFO - [2026-06-17T20:18:32.475+0000] {dagbag.py:588} INFO - Filling up the DagBag from /opt/airflow/dags/batch_generator.py
[2026-06-17T20:18:32.561+0000] {processor.py:925} INFO - DAG(s) 'extract_raw_data_pipeline' retrieved from /opt/airflow/dags/batch_generator.py
[2026-06-17T20:18:32.576+0000] {logging_mixin.py:190} INFO - [2026-06-17T20:18:32.576+0000] {dag.py:3239} INFO - Sync 1 DAGs
[2026-06-17T20:18:32.589+0000] {logging_mixin.py:190} INFO - [2026-06-17T20:18:32.589+0000] {dag.py:4180} INFO - Setting next_dagrun for extract_raw_data_pipeline to 2026-06-17 07:59:00+00:00, run_after=2026-06-18 07:00:00+00:00
[2026-06-17T20:18:32.611+0000] {processor.py:208} INFO - Processing /opt/airflow/dags/batch_generator.py took 0.142 seconds
[2026-06-17T20:19:02.823+0000] {processor.py:186} INFO - Started process (PID=1477) to work on /opt/airflow/dags/batch_generator.py
[2026-06-17T20:19:02.824+0000] {processor.py:914} INFO - Processing file /opt/airflow/dags/batch_generator.py for tasks to queue
[2026-06-17T20:19:02.825+0000] {logging_mixin.py:190} INFO - [2026-06-17T20:19:02.825+0000] {dagbag.py:588} INFO - Filling up the DagBag from /opt/airflow/dags/batch_generator.py
[2026-06-17T20:19:02.910+0000] {processor.py:925} INFO - DAG(s) 'extract_raw_data_pipeline' retrieved from /opt/airflow/dags/batch_generator.py
[2026-06-17T20:19:02.925+0000] {logging_mixin.py:190} INFO - [2026-06-17T20:19:02.925+0000] {dag.py:3239} INFO - Sync 1 DAGs
[2026-06-17T20:19:02.938+0000] {logging_mixin.py:190} INFO - [2026-06-17T20:19:02.938+0000] {dag.py:4180} INFO - Setting next_dagrun for extract_raw_data_pipeline to 2026-06-17 07:59:00+00:00, run_after=2026-06-18 07:00:00+00:00
[2026-06-17T20:19:02.951+0000] {processor.py:208} INFO - Processing /opt/airflow/dags/batch_generator.py took 0.131 seconds
[2026-06-17T20:19:33.161+0000] {processor.py:186} INFO - Started process (PID=1485) to work on /opt/airflow/dags/batch_generator.py
[2026-06-17T20:19:33.162+0000] {processor.py:914} INFO - Processing file /opt/airflow/dags/batch_generator.py for tasks to queue
[2026-06-17T20:19:33.164+0000] {logging_mixin.py:190} INFO - [2026-06-17T20:19:33.163+0000] {dagbag.py:588} INFO - Filling up the DagBag from /opt/airflow/dags/batch_generator.py
[2026-06-17T20:19:33.246+0000] {processor.py:925} INFO - DAG(s) 'extract_raw_data_pipeline' retrieved from /opt/airflow/dags/batch_generator.py
[2026-06-17T20:19:33.263+0000] {logging_mixin.py:190} INFO - [2026-06-17T20:19:33.263+0000] {dag.py:3239} INFO - Sync 1 DAGs
[2026-06-17T20:19:33.277+0000] {logging_mixin.py:190} INFO - [2026-06-17T20:19:33.277+0000] {dag.py:4180} INFO - Setting next_dagrun for extract_raw_data_pipeline to 2026-06-17 07:59:00+00:00, run_after=2026-06-18 07:00:00+00:00
[2026-06-17T20:19:33.291+0000] {processor.py:208} INFO - Processing /opt/airflow/dags/batch_generator.py took 0.133 seconds
[2026-06-17T20:20:03.594+0000] {processor.py:186} INFO - Started process (PID=1493) to work on /opt/airflow/dags/batch_generator.py
[2026-06-17T20:20:03.594+0000] {processor.py:914} INFO - Processing file /opt/airflow/dags/batch_generator.py for tasks to queue
[2026-06-17T20:20:03.596+0000] {logging_mixin.py:190} INFO - [2026-06-17T20:20:03.596+0000] {dagbag.py:588} INFO - Filling up the DagBag from /opt/airflow/dags/batch_generator.py
[2026-06-17T20:20:03.681+0000] {processor.py:925} INFO - DAG(s) 'extract_raw_data_pipeline' retrieved from /opt/airflow/dags/batch_generator.py
[2026-06-17T20:20:03.697+0000] {logging_mixin.py:190} INFO - [2026-06-17T20:20:03.697+0000] {dag.py:3239} INFO - Sync 1 DAGs
[2026-06-17T20:20:03.711+0000] {logging_mixin.py:190} INFO - [2026-06-17T20:20:03.711+0000] {dag.py:4180} INFO - Setting next_dagrun for extract_raw_data_pipeline to 2026-06-17 07:59:00+00:00, run_after=2026-06-18 07:00:00+00:00
[2026-06-17T20:20:03.728+0000] {processor.py:208} INFO - Processing /opt/airflow/dags/batch_generator.py took 0.137 seconds
[2026-06-17T20:20:33.904+0000] {processor.py:186} INFO - Started process (PID=1501) to work on /opt/airflow/dags/batch_generator.py
[2026-06-17T20:20:33.905+0000] {processor.py:914} INFO - Processing file /opt/airflow/dags/batch_generator.py for tasks to queue
[2026-06-17T20:20:33.906+0000] {logging_mixin.py:190} INFO - [2026-06-17T20:20:33.906+0000] {dagbag.py:588} INFO - Filling up the DagBag from /opt/airflow/dags/batch_generator.py
[2026-06-17T20:20:33.989+0000] {processor.py:925} INFO - DAG(s) 'extract_raw_data_pipeline' retrieved from /opt/airflow/dags/batch_generator.py
[2026-06-17T20:20:34.005+0000] {logging_mixin.py:190} INFO - [2026-06-17T20:20:34.005+0000] {dag.py:3239} INFO - Sync 1 DAGs
[2026-06-17T20:20:34.018+0000] {logging_mixin.py:190} INFO - [2026-06-17T20:20:34.018+0000] {dag.py:4180} INFO - Setting next_dagrun for extract_raw_data_pipeline to 2026-06-17 07:59:00+00:00, run_after=2026-06-18 07:00:00+00:00
[2026-06-17T20:20:34.032+0000] {processor.py:208} INFO - Processing /opt/airflow/dags/batch_generator.py took 0.132 seconds
[2026-06-17T20:21:04.344+0000] {processor.py:186} INFO - Started process (PID=1509) to work on /opt/airflow/dags/batch_generator.py
[2026-06-17T20:21:04.345+0000] {processor.py:914} INFO - Processing file /opt/airflow/dags/batch_generator.py for tasks to queue
[2026-06-17T20:21:04.346+0000] {logging_mixin.py:190} INFO - [2026-06-17T20:21:04.346+0000] {dagbag.py:588} INFO - Filling up the DagBag from /opt/airflow/dags/batch_generator.py
[2026-06-17T20:21:04.439+0000] {processor.py:925} INFO - DAG(s) 'extract_raw_data_pipeline' retrieved from /opt/airflow/dags/batch_generator.py
[2026-06-17T20:21:04.455+0000] {logging_mixin.py:190} INFO - [2026-06-17T20:21:04.455+0000] {dag.py:3239} INFO - Sync 1 DAGs
[2026-06-17T20:21:04.471+0000] {logging_mixin.py:190} INFO - [2026-06-17T20:21:04.471+0000] {dag.py:4180} INFO - Setting next_dagrun for extract_raw_data_pipeline to 2026-06-17 07:59:00+00:00, run_after=2026-06-18 07:00:00+00:00
[2026-06-17T20:21:04.484+0000] {processor.py:208} INFO - Processing /opt/airflow/dags/batch_generator.py took 0.143 seconds
[2026-06-17T20:21:34.680+0000] {processor.py:186} INFO - Started process (PID=1517) to work on /opt/airflow/dags/batch_generator.py
[2026-06-17T20:21:34.681+0000] {processor.py:914} INFO - Processing file /opt/airflow/dags/batch_generator.py for tasks to queue
[2026-06-17T20:21:34.683+0000] {logging_mixin.py:190} INFO - [2026-06-17T20:21:34.683+0000] {dagbag.py:588} INFO - Filling up the DagBag from /opt/airflow/dags/batch_generator.py
[2026-06-17T20:21:34.771+0000] {processor.py:925} INFO - DAG(s) 'extract_raw_data_pipeline' retrieved from /opt/airflow/dags/batch_generator.py
[2026-06-17T20:21:34.788+0000] {logging_mixin.py:190} INFO - [2026-06-17T20:21:34.788+0000] {dag.py:3239} INFO - Sync 1 DAGs
[2026-06-17T20:21:34.802+0000] {logging_mixin.py:190} INFO - [2026-06-17T20:21:34.802+0000] {dag.py:4180} INFO - Setting next_dagrun for extract_raw_data_pipeline to 2026-06-17 07:59:00+00:00, run_after=2026-06-18 07:00:00+00:00
[2026-06-17T20:21:34.815+0000] {processor.py:208} INFO - Processing /opt/airflow/dags/batch_generator.py took 0.138 seconds
[2026-06-17T20:22:05.235+0000] {processor.py:186} INFO - Started process (PID=1525) to work on /opt/airflow/dags/batch_generator.py
[2026-06-17T20:22:05.235+0000] {processor.py:914} INFO - Processing file /opt/airflow/dags/batch_generator.py for tasks to queue
[2026-06-17T20:22:05.239+0000] {logging_mixin.py:190} INFO - [2026-06-17T20:22:05.239+0000] {dagbag.py:588} INFO - Filling up the DagBag from /opt/airflow/dags/batch_generator.py
[2026-06-17T20:22:05.329+0000] {processor.py:925} INFO - DAG(s) 'extract_raw_data_pipeline' retrieved from /opt/airflow/dags/batch_generator.py
[2026-06-17T20:22:05.345+0000] {logging_mixin.py:190} INFO - [2026-06-17T20:22:05.345+0000] {dag.py:3239} INFO - Sync 1 DAGs
[2026-06-17T20:22:05.359+0000] {logging_mixin.py:190} INFO - [2026-06-17T20:22:05.359+0000] {dag.py:4180} INFO - Setting next_dagrun for extract_raw_data_pipeline to 2026-06-17 07:59:00+00:00, run_after=2026-06-18 07:00:00+00:00
[2026-06-17T20:22:05.372+0000] {processor.py:208} INFO - Processing /opt/airflow/dags/batch_generator.py took 0.141 seconds
[2026-06-17T20:22:35.654+0000] {processor.py:186} INFO - Started process (PID=1533) to work on /opt/airflow/dags/batch_generator.py
[2026-06-17T20:22:35.655+0000] {processor.py:914} INFO - Processing file /opt/airflow/dags/batch_generator.py for tasks to queue
[2026-06-17T20:22:35.657+0000] {logging_mixin.py:190} INFO - [2026-06-17T20:22:35.657+0000] {dagbag.py:588} INFO - Filling up the DagBag from /opt/airflow/dags/batch_generator.py
[2026-06-17T20:22:35.741+0000] {processor.py:925} INFO - DAG(s) 'extract_raw_data_pipeline' retrieved from /opt/airflow/dags/batch_generator.py
[2026-06-17T20:22:35.758+0000] {logging_mixin.py:190} INFO - [2026-06-17T20:22:35.757+0000] {dag.py:3239} INFO - Sync 1 DAGs
[2026-06-17T20:22:35.771+0000] {logging_mixin.py:190} INFO - [2026-06-17T20:22:35.771+0000] {dag.py:4180} INFO - Setting next_dagrun for extract_raw_data_pipeline to 2026-06-17 07:59:00+00:00, run_after=2026-06-18 07:00:00+00:00
[2026-06-17T20:22:35.786+0000] {processor.py:208} INFO - Processing /opt/airflow/dags/batch_generator.py took 0.135 seconds
[2026-06-17T20:23:05.932+0000] {processor.py:186} INFO - Started process (PID=1541) to work on /opt/airflow/dags/batch_generator.py
[2026-06-17T20:23:05.933+0000] {processor.py:914} INFO - Processing file /opt/airflow/dags/batch_generator.py for tasks to queue
[2026-06-17T20:23:05.934+0000] {logging_mixin.py:190} INFO - [2026-06-17T20:23:05.934+0000] {dagbag.py:588} INFO - Filling up the DagBag from /opt/airflow/dags/batch_generator.py
[2026-06-17T20:23:06.021+0000] {processor.py:925} INFO - DAG(s) 'extract_raw_data_pipeline' retrieved from /opt/airflow/dags/batch_generator.py
[2026-06-17T20:23:06.037+0000] {logging_mixin.py:190} INFO - [2026-06-17T20:23:06.037+0000] {dag.py:3239} INFO - Sync 1 DAGs
[2026-06-17T20:23:06.052+0000] {logging_mixin.py:190} INFO - [2026-06-17T20:23:06.052+0000] {dag.py:4180} INFO - Setting next_dagrun for extract_raw_data_pipeline to 2026-06-17 07:59:00+00:00, run_after=2026-06-18 07:00:00+00:00
[2026-06-17T20:23:06.069+0000] {processor.py:208} INFO - Processing /opt/airflow/dags/batch_generator.py took 0.141 seconds
[2026-06-17T20:23:36.345+0000] {processor.py:186} INFO - Started process (PID=1549) to work on /opt/airflow/dags/batch_generator.py
[2026-06-17T20:23:36.345+0000] {processor.py:914} INFO - Processing file /opt/airflow/dags/batch_generator.py for tasks to queue
[2026-06-17T20:23:36.347+0000] {logging_mixin.py:190} INFO - [2026-06-17T20:23:36.347+0000] {dagbag.py:588} INFO - Filling up the DagBag from /opt/airflow/dags/batch_generator.py
[2026-06-17T20:23:36.432+0000] {processor.py:925} INFO - DAG(s) 'extract_raw_data_pipeline' retrieved from /opt/airflow/dags/batch_generator.py
[2026-06-17T20:23:36.449+0000] {logging_mixin.py:190} INFO - [2026-06-17T20:23:36.449+0000] {dag.py:3239} INFO - Sync 1 DAGs
[2026-06-17T20:23:36.462+0000] {logging_mixin.py:190} INFO - [2026-06-17T20:23:36.462+0000] {dag.py:4180} INFO - Setting next_dagrun for extract_raw_data_pipeline to 2026-06-17 07:59:00+00:00, run_after=2026-06-18 07:00:00+00:00
[2026-06-17T20:23:36.475+0000] {processor.py:208} INFO - Processing /opt/airflow/dags/batch_generator.py took 0.133 seconds
[2026-06-17T20:24:06.725+0000] {processor.py:186} INFO - Started process (PID=1557) to work on /opt/airflow/dags/batch_generator.py
[2026-06-17T20:24:06.726+0000] {processor.py:914} INFO - Processing file /opt/airflow/dags/batch_generator.py for tasks to queue
[2026-06-17T20:24:06.727+0000] {logging_mixin.py:190} INFO - [2026-06-17T20:24:06.727+0000] {dagbag.py:588} INFO - Filling up the DagBag from /opt/airflow/dags/batch_generator.py
[2026-06-17T20:24:06.812+0000] {processor.py:925} INFO - DAG(s) 'extract_raw_data_pipeline' retrieved from /opt/airflow/dags/batch_generator.py
[2026-06-17T20:24:06.829+0000] {logging_mixin.py:190} INFO - [2026-06-17T20:24:06.829+0000] {dag.py:3239} INFO - Sync 1 DAGs
[2026-06-17T20:24:06.843+0000] {logging_mixin.py:190} INFO - [2026-06-17T20:24:06.843+0000] {dag.py:4180} INFO - Setting next_dagrun for extract_raw_data_pipeline to 2026-06-17 07:59:00+00:00, run_after=2026-06-18 07:00:00+00:00
[2026-06-17T20:24:06.862+0000] {processor.py:208} INFO - Processing /opt/airflow/dags/batch_generator.py took 0.140 seconds
[2026-06-17T20:24:36.996+0000] {processor.py:186} INFO - Started process (PID=1565) to work on /opt/airflow/dags/batch_generator.py
[2026-06-17T20:24:36.996+0000] {processor.py:914} INFO - Processing file /opt/airflow/dags/batch_generator.py for tasks to queue
[2026-06-17T20:24:36.998+0000] {logging_mixin.py:190} INFO - [2026-06-17T20:24:36.998+0000] {dagbag.py:588} INFO - Filling up the DagBag from /opt/airflow/dags/batch_generator.py
[2026-06-17T20:24:37.085+0000] {processor.py:925} INFO - DAG(s) 'extract_raw_data_pipeline' retrieved from /opt/airflow/dags/batch_generator.py
[2026-06-17T20:24:37.102+0000] {logging_mixin.py:190} INFO - [2026-06-17T20:24:37.102+0000] {dag.py:3239} INFO - Sync 1 DAGs
[2026-06-17T20:24:37.116+0000] {logging_mixin.py:190} INFO - [2026-06-17T20:24:37.116+0000] {dag.py:4180} INFO - Setting next_dagrun for extract_raw_data_pipeline to 2026-06-17 07:59:00+00:00, run_after=2026-06-18 07:00:00+00:00
[2026-06-17T20:24:37.132+0000] {processor.py:208} INFO - Processing /opt/airflow/dags/batch_generator.py took 0.141 seconds
[2026-06-17T20:25:07.315+0000] {processor.py:186} INFO - Started process (PID=1573) to work on /opt/airflow/dags/batch_generator.py
[2026-06-17T20:25:07.316+0000] {processor.py:914} INFO - Processing file /opt/airflow/dags/batch_generator.py for tasks to queue
[2026-06-17T20:25:07.318+0000] {logging_mixin.py:190} INFO - [2026-06-17T20:25:07.318+0000] {dagbag.py:588} INFO - Filling up the DagBag from /opt/airflow/dags/batch_generator.py
[2026-06-17T20:25:07.406+0000] {processor.py:925} INFO - DAG(s) 'extract_raw_data_pipeline' retrieved from /opt/airflow/dags/batch_generator.py
[2026-06-17T20:25:07.422+0000] {logging_mixin.py:190} INFO - [2026-06-17T20:25:07.422+0000] {dag.py:3239} INFO - Sync 1 DAGs
[2026-06-17T20:25:07.436+0000] {logging_mixin.py:190} INFO - [2026-06-17T20:25:07.436+0000] {dag.py:4180} INFO - Setting next_dagrun for extract_raw_data_pipeline to 2026-06-17 07:59:00+00:00, run_after=2026-06-18 07:00:00+00:00
[2026-06-17T20:25:07.451+0000] {processor.py:208} INFO - Processing /opt/airflow/dags/batch_generator.py took 0.140 seconds
[2026-06-17T20:25:37.701+0000] {processor.py:186} INFO - Started process (PID=1581) to work on /opt/airflow/dags/batch_generator.py
[2026-06-17T20:25:37.702+0000] {processor.py:914} INFO - Processing file /opt/airflow/dags/batch_generator.py for tasks to queue
[2026-06-17T20:25:37.703+0000] {logging_mixin.py:190} INFO - [2026-06-17T20:25:37.703+0000] {dagbag.py:588} INFO - Filling up the DagBag from /opt/airflow/dags/batch_generator.py
[2026-06-17T20:25:37.792+0000] {processor.py:925} INFO - DAG(s) 'extract_raw_data_pipeline' retrieved from /opt/airflow/dags/batch_generator.py
[2026-06-17T20:25:37.812+0000] {logging_mixin.py:190} INFO - [2026-06-17T20:25:37.811+0000] {dag.py:3239} INFO - Sync 1 DAGs
[2026-06-17T20:25:37.825+0000] {logging_mixin.py:190} INFO - [2026-06-17T20:25:37.825+0000] {dag.py:4180} INFO - Setting next_dagrun for extract_raw_data_pipeline to 2026-06-17 07:59:00+00:00, run_after=2026-06-18 07:00:00+00:00
[2026-06-17T20:25:37.841+0000] {processor.py:208} INFO - Processing /opt/airflow/dags/batch_generator.py took 0.143 seconds
[2026-06-17T20:26:07.988+0000] {processor.py:186} INFO - Started process (PID=1589) to work on /opt/airflow/dags/batch_generator.py
[2026-06-17T20:26:07.988+0000] {processor.py:914} INFO - Processing file /opt/airflow/dags/batch_generator.py for tasks to queue
[2026-06-17T20:26:07.990+0000] {logging_mixin.py:190} INFO - [2026-06-17T20:26:07.990+0000] {dagbag.py:588} INFO - Filling up the DagBag from /opt/airflow/dags/batch_generator.py
[2026-06-17T20:26:08.076+0000] {processor.py:925} INFO - DAG(s) 'extract_raw_data_pipeline' retrieved from /opt/airflow/dags/batch_generator.py
[2026-06-17T20:26:08.093+0000] {logging_mixin.py:190} INFO - [2026-06-17T20:26:08.092+0000] {dag.py:3239} INFO - Sync 1 DAGs
[2026-06-17T20:26:08.105+0000] {logging_mixin.py:190} INFO - [2026-06-17T20:26:08.105+0000] {dag.py:4180} INFO - Setting next_dagrun for extract_raw_data_pipeline to 2026-06-17 07:59:00+00:00, run_after=2026-06-18 07:00:00+00:00
[2026-06-17T20:26:08.118+0000] {processor.py:208} INFO - Processing /opt/airflow/dags/batch_generator.py took 0.134 seconds
[2026-06-17T20:26:38.367+0000] {processor.py:186} INFO - Started process (PID=1597) to work on /opt/airflow/dags/batch_generator.py
[2026-06-17T20:26:38.367+0000] {processor.py:914} INFO - Processing file /opt/airflow/dags/batch_generator.py for tasks to queue
[2026-06-17T20:26:38.369+0000] {logging_mixin.py:190} INFO - [2026-06-17T20:26:38.368+0000] {dagbag.py:588} INFO - Filling up the DagBag from /opt/airflow/dags/batch_generator.py
[2026-06-17T20:26:38.448+0000] {processor.py:925} INFO - DAG(s) 'extract_raw_data_pipeline' retrieved from /opt/airflow/dags/batch_generator.py
[2026-06-17T20:26:38.464+0000] {logging_mixin.py:190} INFO - [2026-06-17T20:26:38.464+0000] {dag.py:3239} INFO - Sync 1 DAGs
[2026-06-17T20:26:38.478+0000] {logging_mixin.py:190} INFO - [2026-06-17T20:26:38.478+0000] {dag.py:4180} INFO - Setting next_dagrun for extract_raw_data_pipeline to 2026-06-17 07:59:00+00:00, run_after=2026-06-18 07:00:00+00:00
[2026-06-17T20:26:38.493+0000] {processor.py:208} INFO - Processing /opt/airflow/dags/batch_generator.py took 0.130 seconds
[2026-06-17T20:27:08.668+0000] {processor.py:186} INFO - Started process (PID=1605) to work on /opt/airflow/dags/batch_generator.py
[2026-06-17T20:27:08.669+0000] {processor.py:914} INFO - Processing file /opt/airflow/dags/batch_generator.py for tasks to queue
[2026-06-17T20:27:08.670+0000] {logging_mixin.py:190} INFO - [2026-06-17T20:27:08.670+0000] {dagbag.py:588} INFO - Filling up the DagBag from /opt/airflow/dags/batch_generator.py
[2026-06-17T20:27:08.754+0000] {processor.py:925} INFO - DAG(s) 'extract_raw_data_pipeline' retrieved from /opt/airflow/dags/batch_generator.py
[2026-06-17T20:27:08.770+0000] {logging_mixin.py:190} INFO - [2026-06-17T20:27:08.769+0000] {dag.py:3239} INFO - Sync 1 DAGs
[2026-06-17T20:27:08.782+0000] {logging_mixin.py:190} INFO - [2026-06-17T20:27:08.782+0000] {dag.py:4180} INFO - Setting next_dagrun for extract_raw_data_pipeline to 2026-06-17 07:59:00+00:00, run_after=2026-06-18 07:00:00+00:00
[2026-06-17T20:27:08.795+0000] {processor.py:208} INFO - Processing /opt/airflow/dags/batch_generator.py took 0.131 seconds
[2026-06-17T20:27:39.076+0000] {processor.py:186} INFO - Started process (PID=1613) to work on /opt/airflow/dags/batch_generator.py
[2026-06-17T20:27:39.076+0000] {processor.py:914} INFO - Processing file /opt/airflow/dags/batch_generator.py for tasks to queue
[2026-06-17T20:27:39.078+0000] {logging_mixin.py:190} INFO - [2026-06-17T20:27:39.078+0000] {dagbag.py:588} INFO - Filling up the DagBag from /opt/airflow/dags/batch_generator.py
[2026-06-17T20:27:39.174+0000] {processor.py:925} INFO - DAG(s) 'extract_raw_data_pipeline' retrieved from /opt/airflow/dags/batch_generator.py
[2026-06-17T20:27:39.191+0000] {logging_mixin.py:190} INFO - [2026-06-17T20:27:39.190+0000] {dag.py:3239} INFO - Sync 1 DAGs
[2026-06-17T20:27:39.204+0000] {logging_mixin.py:190} INFO - [2026-06-17T20:27:39.204+0000] {dag.py:4180} INFO - Setting next_dagrun for extract_raw_data_pipeline to 2026-06-17 07:59:00+00:00, run_after=2026-06-18 07:00:00+00:00
[2026-06-17T20:27:39.217+0000] {processor.py:208} INFO - Processing /opt/airflow/dags/batch_generator.py took 0.145 seconds
[2026-06-17T20:28:09.529+0000] {processor.py:186} INFO - Started process (PID=1621) to work on /opt/airflow/dags/batch_generator.py
[2026-06-17T20:28:09.530+0000] {processor.py:914} INFO - Processing file /opt/airflow/dags/batch_generator.py for tasks to queue
[2026-06-17T20:28:09.531+0000] {logging_mixin.py:190} INFO - [2026-06-17T20:28:09.531+0000] {dagbag.py:588} INFO - Filling up the DagBag from /opt/airflow/dags/batch_generator.py
[2026-06-17T20:28:09.621+0000] {processor.py:925} INFO - DAG(s) 'extract_raw_data_pipeline' retrieved from /opt/airflow/dags/batch_generator.py
[2026-06-17T20:28:09.641+0000] {logging_mixin.py:190} INFO - [2026-06-17T20:28:09.640+0000] {dag.py:3239} INFO - Sync 1 DAGs
[2026-06-17T20:28:09.654+0000] {logging_mixin.py:190} INFO - [2026-06-17T20:28:09.654+0000] {dag.py:4180} INFO - Setting next_dagrun for extract_raw_data_pipeline to 2026-06-17 07:59:00+00:00, run_after=2026-06-18 07:00:00+00:00
[2026-06-17T20:28:09.668+0000] {processor.py:208} INFO - Processing /opt/airflow/dags/batch_generator.py took 0.143 seconds
[2026-06-17T20:28:39.810+0000] {processor.py:186} INFO - Started process (PID=1629) to work on /opt/airflow/dags/batch_generator.py
[2026-06-17T20:28:39.811+0000] {processor.py:914} INFO - Processing file /opt/airflow/dags/batch_generator.py for tasks to queue
[2026-06-17T20:28:39.813+0000] {logging_mixin.py:190} INFO - [2026-06-17T20:28:39.812+0000] {dagbag.py:588} INFO - Filling up the DagBag from /opt/airflow/dags/batch_generator.py
[2026-06-17T20:28:39.897+0000] {processor.py:925} INFO - DAG(s) 'extract_raw_data_pipeline' retrieved from /opt/airflow/dags/batch_generator.py
[2026-06-17T20:28:39.913+0000] {logging_mixin.py:190} INFO - [2026-06-17T20:28:39.913+0000] {dag.py:3239} INFO - Sync 1 DAGs
[2026-06-17T20:28:39.927+0000] {logging_mixin.py:190} INFO - [2026-06-17T20:28:39.926+0000] {dag.py:4180} INFO - Setting next_dagrun for extract_raw_data_pipeline to 2026-06-17 07:59:00+00:00, run_after=2026-06-18 07:00:00+00:00
[2026-06-17T20:28:39.940+0000] {processor.py:208} INFO - Processing /opt/airflow/dags/batch_generator.py took 0.133 seconds
[2026-06-17T20:29:10.225+0000] {processor.py:186} INFO - Started process (PID=1637) to work on /opt/airflow/dags/batch_generator.py
[2026-06-17T20:29:10.226+0000] {processor.py:914} INFO - Processing file /opt/airflow/dags/batch_generator.py for tasks to queue
[2026-06-17T20:29:10.227+0000] {logging_mixin.py:190} INFO - [2026-06-17T20:29:10.227+0000] {dagbag.py:588} INFO - Filling up the DagBag from /opt/airflow/dags/batch_generator.py
[2026-06-17T20:29:10.310+0000] {processor.py:925} INFO - DAG(s) 'extract_raw_data_pipeline' retrieved from /opt/airflow/dags/batch_generator.py
[2026-06-17T20:29:10.325+0000] {logging_mixin.py:190} INFO - [2026-06-17T20:29:10.325+0000] {dag.py:3239} INFO - Sync 1 DAGs
[2026-06-17T20:29:10.339+0000] {logging_mixin.py:190} INFO - [2026-06-17T20:29:10.339+0000] {dag.py:4180} INFO - Setting next_dagrun for extract_raw_data_pipeline to 2026-06-17 07:59:00+00:00, run_after=2026-06-18 07:00:00+00:00
[2026-06-17T20:29:10.352+0000] {processor.py:208} INFO - Processing /opt/airflow/dags/batch_generator.py took 0.130 seconds
[2026-06-17T20:29:40.501+0000] {processor.py:186} INFO - Started process (PID=1645) to work on /opt/airflow/dags/batch_generator.py
[2026-06-17T20:29:40.502+0000] {processor.py:914} INFO - Processing file /opt/airflow/dags/batch_generator.py for tasks to queue
[2026-06-17T20:29:40.503+0000] {logging_mixin.py:190} INFO - [2026-06-17T20:29:40.503+0000] {dagbag.py:588} INFO - Filling up the DagBag from /opt/airflow/dags/batch_generator.py
[2026-06-17T20:29:40.583+0000] {processor.py:925} INFO - DAG(s) 'extract_raw_data_pipeline' retrieved from /opt/airflow/dags/batch_generator.py
[2026-06-17T20:29:40.599+0000] {logging_mixin.py:190} INFO - [2026-06-17T20:29:40.599+0000] {dag.py:3239} INFO - Sync 1 DAGs
[2026-06-17T20:29:40.612+0000] {logging_mixin.py:190} INFO - [2026-06-17T20:29:40.612+0000] {dag.py:4180} INFO - Setting next_dagrun for extract_raw_data_pipeline to 2026-06-17 07:59:00+00:00, run_after=2026-06-18 07:00:00+00:00
[2026-06-17T20:29:40.626+0000] {processor.py:208} INFO - Processing /opt/airflow/dags/batch_generator.py took 0.129 seconds
[2026-06-17T20:30:10.798+0000] {processor.py:186} INFO - Started process (PID=1653) to work on /opt/airflow/dags/batch_generator.py
[2026-06-17T20:30:10.799+0000] {processor.py:914} INFO - Processing file /opt/airflow/dags/batch_generator.py for tasks to queue
[2026-06-17T20:30:10.801+0000] {logging_mixin.py:190} INFO - [2026-06-17T20:30:10.800+0000] {dagbag.py:588} INFO - Filling up the DagBag from /opt/airflow/dags/batch_generator.py
[2026-06-17T20:30:10.891+0000] {processor.py:925} INFO - DAG(s) 'extract_raw_data_pipeline' retrieved from /opt/airflow/dags/batch_generator.py
[2026-06-17T20:30:10.906+0000] {logging_mixin.py:190} INFO - [2026-06-17T20:30:10.906+0000] {dag.py:3239} INFO - Sync 1 DAGs
[2026-06-17T20:30:10.918+0000] {logging_mixin.py:190} INFO - [2026-06-17T20:30:10.918+0000] {dag.py:4180} INFO - Setting next_dagrun for extract_raw_data_pipeline to 2026-06-17 07:59:00+00:00, run_after=2026-06-18 07:00:00+00:00
[2026-06-17T20:30:10.933+0000] {processor.py:208} INFO - Processing /opt/airflow/dags/batch_generator.py took 0.138 seconds
[2026-06-17T20:30:41.172+0000] {processor.py:186} INFO - Started process (PID=1661) to work on /opt/airflow/dags/batch_generator.py
[2026-06-17T20:30:41.173+0000] {processor.py:914} INFO - Processing file /opt/airflow/dags/batch_generator.py for tasks to queue
[2026-06-17T20:30:41.176+0000] {logging_mixin.py:190} INFO - [2026-06-17T20:30:41.175+0000] {dagbag.py:588} INFO - Filling up the DagBag from /opt/airflow/dags/batch_generator.py
[2026-06-17T20:30:41.268+0000] {processor.py:925} INFO - DAG(s) 'extract_raw_data_pipeline' retrieved from /opt/airflow/dags/batch_generator.py
[2026-06-17T20:30:41.281+0000] {logging_mixin.py:190} INFO - [2026-06-17T20:30:41.280+0000] {dag.py:3239} INFO - Sync 1 DAGs
[2026-06-17T20:30:41.292+0000] {logging_mixin.py:190} INFO - [2026-06-17T20:30:41.292+0000] {dag.py:4180} INFO - Setting next_dagrun for extract_raw_data_pipeline to 2026-06-17 07:59:00+00:00, run_after=2026-06-18 07:00:00+00:00
[2026-06-17T20:30:41.303+0000] {processor.py:208} INFO - Processing /opt/airflow/dags/batch_generator.py took 0.136 seconds
[2026-06-17T20:31:11.617+0000] {processor.py:186} INFO - Started process (PID=1669) to work on /opt/airflow/dags/batch_generator.py
[2026-06-17T20:31:11.618+0000] {processor.py:914} INFO - Processing file /opt/airflow/dags/batch_generator.py for tasks to queue
[2026-06-17T20:31:11.619+0000] {logging_mixin.py:190} INFO - [2026-06-17T20:31:11.619+0000] {dagbag.py:588} INFO - Filling up the DagBag from /opt/airflow/dags/batch_generator.py
[2026-06-17T20:31:11.710+0000] {processor.py:925} INFO - DAG(s) 'extract_raw_data_pipeline' retrieved from /opt/airflow/dags/batch_generator.py
[2026-06-17T20:31:11.725+0000] {logging_mixin.py:190} INFO - [2026-06-17T20:31:11.725+0000] {dag.py:3239} INFO - Sync 1 DAGs
[2026-06-17T20:31:11.740+0000] {logging_mixin.py:190} INFO - [2026-06-17T20:31:11.740+0000] {dag.py:4180} INFO - Setting next_dagrun for extract_raw_data_pipeline to 2026-06-17 07:59:00+00:00, run_after=2026-06-18 07:00:00+00:00
[2026-06-17T20:31:11.753+0000] {processor.py:208} INFO - Processing /opt/airflow/dags/batch_generator.py took 0.139 seconds
[2026-06-17T20:31:41.974+0000] {processor.py:186} INFO - Started process (PID=1677) to work on /opt/airflow/dags/batch_generator.py
[2026-06-17T20:31:41.974+0000] {processor.py:914} INFO - Processing file /opt/airflow/dags/batch_generator.py for tasks to queue
[2026-06-17T20:31:41.976+0000] {logging_mixin.py:190} INFO - [2026-06-17T20:31:41.976+0000] {dagbag.py:588} INFO - Filling up the DagBag from /opt/airflow/dags/batch_generator.py
[2026-06-17T20:31:42.227+0000] {processor.py:925} INFO - DAG(s) 'extract_raw_data_pipeline' retrieved from /opt/airflow/dags/batch_generator.py
[2026-06-17T20:31:42.244+0000] {logging_mixin.py:190} INFO - [2026-06-17T20:31:42.244+0000] {dag.py:3239} INFO - Sync 1 DAGs
[2026-06-17T20:31:42.255+0000] {logging_mixin.py:190} INFO - [2026-06-17T20:31:42.255+0000] {dag.py:4180} INFO - Setting next_dagrun for extract_raw_data_pipeline to 2026-06-17 07:59:00+00:00, run_after=2026-06-18 07:00:00+00:00
[2026-06-17T20:31:42.268+0000] {processor.py:208} INFO - Processing /opt/airflow/dags/batch_generator.py took 0.298 seconds
[2026-06-17T20:32:12.580+0000] {processor.py:186} INFO - Started process (PID=1685) to work on /opt/airflow/dags/batch_generator.py
[2026-06-17T20:32:12.580+0000] {processor.py:914} INFO - Processing file /opt/airflow/dags/batch_generator.py for tasks to queue
[2026-06-17T20:32:12.582+0000] {logging_mixin.py:190} INFO - [2026-06-17T20:32:12.582+0000] {dagbag.py:588} INFO - Filling up the DagBag from /opt/airflow/dags/batch_generator.py
[2026-06-17T20:32:12.673+0000] {processor.py:925} INFO - DAG(s) 'extract_raw_data_pipeline' retrieved from /opt/airflow/dags/batch_generator.py
[2026-06-17T20:32:12.688+0000] {logging_mixin.py:190} INFO - [2026-06-17T20:32:12.688+0000] {dag.py:3239} INFO - Sync 1 DAGs
[2026-06-17T20:32:12.701+0000] {logging_mixin.py:190} INFO - [2026-06-17T20:32:12.701+0000] {dag.py:4180} INFO - Setting next_dagrun for extract_raw_data_pipeline to 2026-06-17 07:59:00+00:00, run_after=2026-06-18 07:00:00+00:00
[2026-06-17T20:32:12.714+0000] {processor.py:208} INFO - Processing /opt/airflow/dags/batch_generator.py took 0.139 seconds
[2026-06-17T20:32:42.844+0000] {processor.py:186} INFO - Started process (PID=1693) to work on /opt/airflow/dags/batch_generator.py
[2026-06-17T20:32:42.844+0000] {processor.py:914} INFO - Processing file /opt/airflow/dags/batch_generator.py for tasks to queue
[2026-06-17T20:32:42.846+0000] {logging_mixin.py:190} INFO - [2026-06-17T20:32:42.846+0000] {dagbag.py:588} INFO - Filling up the DagBag from /opt/airflow/dags/batch_generator.py
[2026-06-17T20:32:42.931+0000] {processor.py:925} INFO - DAG(s) 'extract_raw_data_pipeline' retrieved from /opt/airflow/dags/batch_generator.py
[2026-06-17T20:32:42.946+0000] {logging_mixin.py:190} INFO - [2026-06-17T20:32:42.945+0000] {dag.py:3239} INFO - Sync 1 DAGs
[2026-06-17T20:32:42.958+0000] {logging_mixin.py:190} INFO - [2026-06-17T20:32:42.958+0000] {dag.py:4180} INFO - Setting next_dagrun for extract_raw_data_pipeline to 2026-06-17 07:59:00+00:00, run_after=2026-06-18 07:00:00+00:00
[2026-06-17T20:32:42.971+0000] {processor.py:208} INFO - Processing /opt/airflow/dags/batch_generator.py took 0.131 seconds
[2026-06-17T20:33:13.248+0000] {processor.py:186} INFO - Started process (PID=1701) to work on /opt/airflow/dags/batch_generator.py
[2026-06-17T20:33:13.249+0000] {processor.py:914} INFO - Processing file /opt/airflow/dags/batch_generator.py for tasks to queue
[2026-06-17T20:33:13.250+0000] {logging_mixin.py:190} INFO - [2026-06-17T20:33:13.250+0000] {dagbag.py:588} INFO - Filling up the DagBag from /opt/airflow/dags/batch_generator.py
[2026-06-17T20:33:13.333+0000] {processor.py:925} INFO - DAG(s) 'extract_raw_data_pipeline' retrieved from /opt/airflow/dags/batch_generator.py
[2026-06-17T20:33:13.346+0000] {logging_mixin.py:190} INFO - [2026-06-17T20:33:13.346+0000] {dag.py:3239} INFO - Sync 1 DAGs
[2026-06-17T20:33:13.358+0000] {logging_mixin.py:190} INFO - [2026-06-17T20:33:13.358+0000] {dag.py:4180} INFO - Setting next_dagrun for extract_raw_data_pipeline to 2026-06-17 07:59:00+00:00, run_after=2026-06-18 07:00:00+00:00
[2026-06-17T20:33:13.370+0000] {processor.py:208} INFO - Processing /opt/airflow/dags/batch_generator.py took 0.125 seconds
[2026-06-17T20:33:43.551+0000] {processor.py:186} INFO - Started process (PID=1709) to work on /opt/airflow/dags/batch_generator.py
[2026-06-17T20:33:43.552+0000] {processor.py:914} INFO - Processing file /opt/airflow/dags/batch_generator.py for tasks to queue
[2026-06-17T20:33:43.554+0000] {logging_mixin.py:190} INFO - [2026-06-17T20:33:43.553+0000] {dagbag.py:588} INFO - Filling up the DagBag from /opt/airflow/dags/batch_generator.py
[2026-06-17T20:33:43.639+0000] {processor.py:925} INFO - DAG(s) 'extract_raw_data_pipeline' retrieved from /opt/airflow/dags/batch_generator.py
[2026-06-17T20:33:43.655+0000] {logging_mixin.py:190} INFO - [2026-06-17T20:33:43.655+0000] {dag.py:3239} INFO - Sync 1 DAGs
[2026-06-17T20:33:43.668+0000] {logging_mixin.py:190} INFO - [2026-06-17T20:33:43.668+0000] {dag.py:4180} INFO - Setting next_dagrun for extract_raw_data_pipeline to 2026-06-17 07:59:00+00:00, run_after=2026-06-18 07:00:00+00:00
[2026-06-17T20:33:43.682+0000] {processor.py:208} INFO - Processing /opt/airflow/dags/batch_generator.py took 0.134 seconds
[2026-06-17T20:34:13.896+0000] {processor.py:186} INFO - Started process (PID=1717) to work on /opt/airflow/dags/batch_generator.py
[2026-06-17T20:34:13.896+0000] {processor.py:914} INFO - Processing file /opt/airflow/dags/batch_generator.py for tasks to queue
[2026-06-17T20:34:13.898+0000] {logging_mixin.py:190} INFO - [2026-06-17T20:34:13.897+0000] {dagbag.py:588} INFO - Filling up the DagBag from /opt/airflow/dags/batch_generator.py
[2026-06-17T20:34:13.983+0000] {processor.py:925} INFO - DAG(s) 'extract_raw_data_pipeline' retrieved from /opt/airflow/dags/batch_generator.py
[2026-06-17T20:34:14.000+0000] {logging_mixin.py:190} INFO - [2026-06-17T20:34:14.000+0000] {dag.py:3239} INFO - Sync 1 DAGs
[2026-06-17T20:34:14.015+0000] {logging_mixin.py:190} INFO - [2026-06-17T20:34:14.015+0000] {dag.py:4180} INFO - Setting next_dagrun for extract_raw_data_pipeline to 2026-06-17 07:59:00+00:00, run_after=2026-06-18 07:00:00+00:00
[2026-06-17T20:34:14.069+0000] {processor.py:208} INFO - Processing /opt/airflow/dags/batch_generator.py took 0.177 seconds
[2026-06-17T20:34:44.248+0000] {processor.py:186} INFO - Started process (PID=1725) to work on /opt/airflow/dags/batch_generator.py
[2026-06-17T20:34:44.248+0000] {processor.py:914} INFO - Processing file /opt/airflow/dags/batch_generator.py for tasks to queue
[2026-06-17T20:34:44.250+0000] {logging_mixin.py:190} INFO - [2026-06-17T20:34:44.250+0000] {dagbag.py:588} INFO - Filling up the DagBag from /opt/airflow/dags/batch_generator.py
[2026-06-17T20:34:44.333+0000] {processor.py:925} INFO - DAG(s) 'extract_raw_data_pipeline' retrieved from /opt/airflow/dags/batch_generator.py
[2026-06-17T20:34:44.349+0000] {logging_mixin.py:190} INFO - [2026-06-17T20:34:44.349+0000] {dag.py:3239} INFO - Sync 1 DAGs
[2026-06-17T20:34:44.363+0000] {logging_mixin.py:190} INFO - [2026-06-17T20:34:44.363+0000] {dag.py:4180} INFO - Setting next_dagrun for extract_raw_data_pipeline to 2026-06-17 07:59:00+00:00, run_after=2026-06-18 07:00:00+00:00
[2026-06-17T20:34:44.378+0000] {processor.py:208} INFO - Processing /opt/airflow/dags/batch_generator.py took 0.134 seconds
[2026-06-17T20:35:14.649+0000] {processor.py:186} INFO - Started process (PID=1733) to work on /opt/airflow/dags/batch_generator.py
[2026-06-17T20:35:14.650+0000] {processor.py:914} INFO - Processing file /opt/airflow/dags/batch_generator.py for tasks to queue
[2026-06-17T20:35:14.652+0000] {logging_mixin.py:190} INFO - [2026-06-17T20:35:14.651+0000] {dagbag.py:588} INFO - Filling up the DagBag from /opt/airflow/dags/batch_generator.py
[2026-06-17T20:35:14.737+0000] {processor.py:925} INFO - DAG(s) 'extract_raw_data_pipeline' retrieved from /opt/airflow/dags/batch_generator.py
[2026-06-17T20:35:14.752+0000] {logging_mixin.py:190} INFO - [2026-06-17T20:35:14.752+0000] {dag.py:3239} INFO - Sync 1 DAGs
[2026-06-17T20:35:14.767+0000] {logging_mixin.py:190} INFO - [2026-06-17T20:35:14.767+0000] {dag.py:4180} INFO - Setting next_dagrun for extract_raw_data_pipeline to 2026-06-17 07:59:00+00:00, run_after=2026-06-18 07:00:00+00:00
[2026-06-17T20:35:14.779+0000] {processor.py:208} INFO - Processing /opt/airflow/dags/batch_generator.py took 0.133 seconds
[2026-06-17T20:35:45.012+0000] {processor.py:186} INFO - Started process (PID=1741) to work on /opt/airflow/dags/batch_generator.py
[2026-06-17T20:35:45.013+0000] {processor.py:914} INFO - Processing file /opt/airflow/dags/batch_generator.py for tasks to queue
[2026-06-17T20:35:45.014+0000] {logging_mixin.py:190} INFO - [2026-06-17T20:35:45.014+0000] {dagbag.py:588} INFO - Filling up the DagBag from /opt/airflow/dags/batch_generator.py
[2026-06-17T20:35:45.107+0000] {processor.py:925} INFO - DAG(s) 'extract_raw_data_pipeline' retrieved from /opt/airflow/dags/batch_generator.py
[2026-06-17T20:35:45.125+0000] {logging_mixin.py:190} INFO - [2026-06-17T20:35:45.125+0000] {dag.py:3239} INFO - Sync 1 DAGs
[2026-06-17T20:35:45.139+0000] {logging_mixin.py:190} INFO - [2026-06-17T20:35:45.139+0000] {dag.py:4180} INFO - Setting next_dagrun for extract_raw_data_pipeline to 2026-06-17 07:59:00+00:00, run_after=2026-06-18 07:00:00+00:00
[2026-06-17T20:35:45.152+0000] {processor.py:208} INFO - Processing /opt/airflow/dags/batch_generator.py took 0.144 seconds
[2026-06-17T20:36:15.356+0000] {processor.py:186} INFO - Started process (PID=1749) to work on /opt/airflow/dags/batch_generator.py
[2026-06-17T20:36:15.357+0000] {processor.py:914} INFO - Processing file /opt/airflow/dags/batch_generator.py for tasks to queue
[2026-06-17T20:36:15.358+0000] {logging_mixin.py:190} INFO - [2026-06-17T20:36:15.358+0000] {dagbag.py:588} INFO - Filling up the DagBag from /opt/airflow/dags/batch_generator.py
[2026-06-17T20:36:15.444+0000] {processor.py:925} INFO - DAG(s) 'extract_raw_data_pipeline' retrieved from /opt/airflow/dags/batch_generator.py
[2026-06-17T20:36:15.459+0000] {logging_mixin.py:190} INFO - [2026-06-17T20:36:15.459+0000] {dag.py:3239} INFO - Sync 1 DAGs
[2026-06-17T20:36:15.472+0000] {logging_mixin.py:190} INFO - [2026-06-17T20:36:15.471+0000] {dag.py:4180} INFO - Setting next_dagrun for extract_raw_data_pipeline to 2026-06-17 07:59:00+00:00, run_after=2026-06-18 07:00:00+00:00
[2026-06-17T20:36:15.485+0000] {processor.py:208} INFO - Processing /opt/airflow/dags/batch_generator.py took 0.133 seconds
[2026-06-17T20:36:45.682+0000] {processor.py:186} INFO - Started process (PID=1763) to work on /opt/airflow/dags/batch_generator.py
[2026-06-17T20:36:45.682+0000] {processor.py:914} INFO - Processing file /opt/airflow/dags/batch_generator.py for tasks to queue
[2026-06-17T20:36:45.684+0000] {logging_mixin.py:190} INFO - [2026-06-17T20:36:45.684+0000] {dagbag.py:588} INFO - Filling up the DagBag from /opt/airflow/dags/batch_generator.py
[2026-06-17T20:36:45.772+0000] {processor.py:925} INFO - DAG(s) 'extract_raw_data_pipeline' retrieved from /opt/airflow/dags/batch_generator.py
[2026-06-17T20:36:45.790+0000] {logging_mixin.py:190} INFO - [2026-06-17T20:36:45.790+0000] {dag.py:3239} INFO - Sync 1 DAGs
[2026-06-17T20:36:45.805+0000] {logging_mixin.py:190} INFO - [2026-06-17T20:36:45.804+0000] {dag.py:4180} INFO - Setting next_dagrun for extract_raw_data_pipeline to 2026-06-17 07:59:00+00:00, run_after=2026-06-18 07:00:00+00:00
[2026-06-17T20:36:45.817+0000] {processor.py:208} INFO - Processing /opt/airflow/dags/batch_generator.py took 0.140 seconds
[2026-06-17T20:37:16.211+0000] {processor.py:186} INFO - Started process (PID=1771) to work on /opt/airflow/dags/batch_generator.py
[2026-06-17T20:37:16.212+0000] {processor.py:914} INFO - Processing file /opt/airflow/dags/batch_generator.py for tasks to queue
[2026-06-17T20:37:16.213+0000] {logging_mixin.py:190} INFO - [2026-06-17T20:37:16.213+0000] {dagbag.py:588} INFO - Filling up the DagBag from /opt/airflow/dags/batch_generator.py
[2026-06-17T20:37:16.301+0000] {processor.py:925} INFO - DAG(s) 'extract_raw_data_pipeline' retrieved from /opt/airflow/dags/batch_generator.py
[2026-06-17T20:37:16.317+0000] {logging_mixin.py:190} INFO - [2026-06-17T20:37:16.317+0000] {dag.py:3239} INFO - Sync 1 DAGs
[2026-06-17T20:37:16.331+0000] {logging_mixin.py:190} INFO - [2026-06-17T20:37:16.331+0000] {dag.py:4180} INFO - Setting next_dagrun for extract_raw_data_pipeline to 2026-06-17 07:59:00+00:00, run_after=2026-06-18 07:00:00+00:00
[2026-06-17T20:37:16.344+0000] {processor.py:208} INFO - Processing /opt/airflow/dags/batch_generator.py took 0.137 seconds
[2026-06-17T20:37:46.454+0000] {processor.py:186} INFO - Started process (PID=1779) to work on /opt/airflow/dags/batch_generator.py
[2026-06-17T20:37:46.455+0000] {processor.py:914} INFO - Processing file /opt/airflow/dags/batch_generator.py for tasks to queue
[2026-06-17T20:37:46.456+0000] {logging_mixin.py:190} INFO - [2026-06-17T20:37:46.456+0000] {dagbag.py:588} INFO - Filling up the DagBag from /opt/airflow/dags/batch_generator.py
[2026-06-17T20:37:46.541+0000] {processor.py:925} INFO - DAG(s) 'extract_raw_data_pipeline' retrieved from /opt/airflow/dags/batch_generator.py
[2026-06-17T20:37:46.559+0000] {logging_mixin.py:190} INFO - [2026-06-17T20:37:46.559+0000] {dag.py:3239} INFO - Sync 1 DAGs
[2026-06-17T20:37:46.573+0000] {logging_mixin.py:190} INFO - [2026-06-17T20:37:46.573+0000] {dag.py:4180} INFO - Setting next_dagrun for extract_raw_data_pipeline to 2026-06-17 07:59:00+00:00, run_after=2026-06-18 07:00:00+00:00
[2026-06-17T20:37:46.585+0000] {processor.py:208} INFO - Processing /opt/airflow/dags/batch_generator.py took 0.135 seconds
[2026-06-17T20:38:16.753+0000] {processor.py:186} INFO - Started process (PID=1787) to work on /opt/airflow/dags/batch_generator.py
[2026-06-17T20:38:16.754+0000] {processor.py:914} INFO - Processing file /opt/airflow/dags/batch_generator.py for tasks to queue
[2026-06-17T20:38:16.755+0000] {logging_mixin.py:190} INFO - [2026-06-17T20:38:16.755+0000] {dagbag.py:588} INFO - Filling up the DagBag from /opt/airflow/dags/batch_generator.py
[2026-06-17T20:38:16.842+0000] {processor.py:925} INFO - DAG(s) 'extract_raw_data_pipeline' retrieved from /opt/airflow/dags/batch_generator.py
[2026-06-17T20:38:16.857+0000] {logging_mixin.py:190} INFO - [2026-06-17T20:38:16.857+0000] {dag.py:3239} INFO - Sync 1 DAGs
[2026-06-17T20:38:16.871+0000] {logging_mixin.py:190} INFO - [2026-06-17T20:38:16.871+0000] {dag.py:4180} INFO - Setting next_dagrun for extract_raw_data_pipeline to 2026-06-17 07:59:00+00:00, run_after=2026-06-18 07:00:00+00:00
[2026-06-17T20:38:16.884+0000] {processor.py:208} INFO - Processing /opt/airflow/dags/batch_generator.py took 0.134 seconds
[2026-06-17T20:38:47.137+0000] {processor.py:186} INFO - Started process (PID=1795) to work on /opt/airflow/dags/batch_generator.py
[2026-06-17T20:38:47.137+0000] {processor.py:914} INFO - Processing file /opt/airflow/dags/batch_generator.py for tasks to queue
[2026-06-17T20:38:47.139+0000] {logging_mixin.py:190} INFO - [2026-06-17T20:38:47.138+0000] {dagbag.py:588} INFO - Filling up the DagBag from /opt/airflow/dags/batch_generator.py
[2026-06-17T20:38:47.222+0000] {processor.py:925} INFO - DAG(s) 'extract_raw_data_pipeline' retrieved from /opt/airflow/dags/batch_generator.py
[2026-06-17T20:38:47.238+0000] {logging_mixin.py:190} INFO - [2026-06-17T20:38:47.238+0000] {dag.py:3239} INFO - Sync 1 DAGs
[2026-06-17T20:38:47.253+0000] {logging_mixin.py:190} INFO - [2026-06-17T20:38:47.253+0000] {dag.py:4180} INFO - Setting next_dagrun for extract_raw_data_pipeline to 2026-06-17 07:59:00+00:00, run_after=2026-06-18 07:00:00+00:00
[2026-06-17T20:38:47.267+0000] {processor.py:208} INFO - Processing /opt/airflow/dags/batch_generator.py took 0.134 seconds
[2026-06-17T20:39:17.466+0000] {processor.py:186} INFO - Started process (PID=1803) to work on /opt/airflow/dags/batch_generator.py
[2026-06-17T20:39:17.467+0000] {processor.py:914} INFO - Processing file /opt/airflow/dags/batch_generator.py for tasks to queue
[2026-06-17T20:39:17.469+0000] {logging_mixin.py:190} INFO - [2026-06-17T20:39:17.468+0000] {dagbag.py:588} INFO - Filling up the DagBag from /opt/airflow/dags/batch_generator.py
[2026-06-17T20:39:17.556+0000] {processor.py:925} INFO - DAG(s) 'extract_raw_data_pipeline' retrieved from /opt/airflow/dags/batch_generator.py
[2026-06-17T20:39:17.573+0000] {logging_mixin.py:190} INFO - [2026-06-17T20:39:17.572+0000] {dag.py:3239} INFO - Sync 1 DAGs
[2026-06-17T20:39:17.587+0000] {logging_mixin.py:190} INFO - [2026-06-17T20:39:17.587+0000] {dag.py:4180} INFO - Setting next_dagrun for extract_raw_data_pipeline to 2026-06-17 07:59:00+00:00, run_after=2026-06-18 07:00:00+00:00
[2026-06-17T20:39:17.599+0000] {processor.py:208} INFO - Processing /opt/airflow/dags/batch_generator.py took 0.136 seconds
[2026-06-17T20:39:47.810+0000] {processor.py:186} INFO - Started process (PID=1811) to work on /opt/airflow/dags/batch_generator.py
[2026-06-17T20:39:47.812+0000] {processor.py:914} INFO - Processing file /opt/airflow/dags/batch_generator.py for tasks to queue
[2026-06-17T20:39:47.815+0000] {logging_mixin.py:190} INFO - [2026-06-17T20:39:47.814+0000] {dagbag.py:588} INFO - Filling up the DagBag from /opt/airflow/dags/batch_generator.py
[2026-06-17T20:39:47.918+0000] {processor.py:925} INFO - DAG(s) 'extract_raw_data_pipeline' retrieved from /opt/airflow/dags/batch_generator.py
[2026-06-17T20:39:47.934+0000] {logging_mixin.py:190} INFO - [2026-06-17T20:39:47.933+0000] {dag.py:3239} INFO - Sync 1 DAGs
[2026-06-17T20:39:47.947+0000] {logging_mixin.py:190} INFO - [2026-06-17T20:39:47.947+0000] {dag.py:4180} INFO - Setting next_dagrun for extract_raw_data_pipeline to 2026-06-17 07:59:00+00:00, run_after=2026-06-18 07:00:00+00:00
[2026-06-17T20:39:47.959+0000] {processor.py:208} INFO - Processing /opt/airflow/dags/batch_generator.py took 0.154 seconds
[2026-06-17T20:40:18.165+0000] {processor.py:186} INFO - Started process (PID=1819) to work on /opt/airflow/dags/batch_generator.py
[2026-06-17T20:40:18.165+0000] {processor.py:914} INFO - Processing file /opt/airflow/dags/batch_generator.py for tasks to queue
[2026-06-17T20:40:18.167+0000] {logging_mixin.py:190} INFO - [2026-06-17T20:40:18.166+0000] {dagbag.py:588} INFO - Filling up the DagBag from /opt/airflow/dags/batch_generator.py
[2026-06-17T20:40:18.249+0000] {processor.py:925} INFO - DAG(s) 'extract_raw_data_pipeline' retrieved from /opt/airflow/dags/batch_generator.py
[2026-06-17T20:40:18.267+0000] {logging_mixin.py:190} INFO - [2026-06-17T20:40:18.267+0000] {dag.py:3239} INFO - Sync 1 DAGs
[2026-06-17T20:40:18.282+0000] {logging_mixin.py:190} INFO - [2026-06-17T20:40:18.282+0000] {dag.py:4180} INFO - Setting next_dagrun for extract_raw_data_pipeline to 2026-06-17 07:59:00+00:00, run_after=2026-06-18 07:00:00+00:00
[2026-06-17T20:40:18.309+0000] {processor.py:208} INFO - Processing /opt/airflow/dags/batch_generator.py took 0.148 seconds
[2026-06-17T20:40:48.539+0000] {processor.py:186} INFO - Started process (PID=1827) to work on /opt/airflow/dags/batch_generator.py
[2026-06-17T20:40:48.540+0000] {processor.py:914} INFO - Processing file /opt/airflow/dags/batch_generator.py for tasks to queue
[2026-06-17T20:40:48.542+0000] {logging_mixin.py:190} INFO - [2026-06-17T20:40:48.541+0000] {dagbag.py:588} INFO - Filling up the DagBag from /opt/airflow/dags/batch_generator.py
[2026-06-17T20:40:48.629+0000] {processor.py:925} INFO - DAG(s) 'extract_raw_data_pipeline' retrieved from /opt/airflow/dags/batch_generator.py
[2026-06-17T20:40:48.646+0000] {logging_mixin.py:190} INFO - [2026-06-17T20:40:48.645+0000] {dag.py:3239} INFO - Sync 1 DAGs
[2026-06-17T20:40:48.660+0000] {logging_mixin.py:190} INFO - [2026-06-17T20:40:48.659+0000] {dag.py:4180} INFO - Setting next_dagrun for extract_raw_data_pipeline to 2026-06-17 07:59:00+00:00, run_after=2026-06-18 07:00:00+00:00
[2026-06-17T20:40:48.674+0000] {processor.py:208} INFO - Processing /opt/airflow/dags/batch_generator.py took 0.138 seconds
[2026-06-17T20:41:18.901+0000] {processor.py:186} INFO - Started process (PID=1835) to work on /opt/airflow/dags/batch_generator.py
[2026-06-17T20:41:18.902+0000] {processor.py:914} INFO - Processing file /opt/airflow/dags/batch_generator.py for tasks to queue
[2026-06-17T20:41:18.904+0000] {logging_mixin.py:190} INFO - [2026-06-17T20:41:18.903+0000] {dagbag.py:588} INFO - Filling up the DagBag from /opt/airflow/dags/batch_generator.py
[2026-06-17T20:41:18.998+0000] {processor.py:925} INFO - DAG(s) 'extract_raw_data_pipeline' retrieved from /opt/airflow/dags/batch_generator.py
[2026-06-17T20:41:19.014+0000] {logging_mixin.py:190} INFO - [2026-06-17T20:41:19.013+0000] {dag.py:3239} INFO - Sync 1 DAGs
[2026-06-17T20:41:19.028+0000] {logging_mixin.py:190} INFO - [2026-06-17T20:41:19.028+0000] {dag.py:4180} INFO - Setting next_dagrun for extract_raw_data_pipeline to 2026-06-17 07:59:00+00:00, run_after=2026-06-18 07:00:00+00:00
[2026-06-17T20:41:19.042+0000] {processor.py:208} INFO - Processing /opt/airflow/dags/batch_generator.py took 0.145 seconds
[2026-06-17T20:41:49.231+0000] {processor.py:186} INFO - Started process (PID=1843) to work on /opt/airflow/dags/batch_generator.py
[2026-06-17T20:41:49.231+0000] {processor.py:914} INFO - Processing file /opt/airflow/dags/batch_generator.py for tasks to queue
[2026-06-17T20:41:49.233+0000] {logging_mixin.py:190} INFO - [2026-06-17T20:41:49.233+0000] {dagbag.py:588} INFO - Filling up the DagBag from /opt/airflow/dags/batch_generator.py
[2026-06-17T20:41:49.329+0000] {processor.py:925} INFO - DAG(s) 'extract_raw_data_pipeline' retrieved from /opt/airflow/dags/batch_generator.py
[2026-06-17T20:41:49.346+0000] {logging_mixin.py:190} INFO - [2026-06-17T20:41:49.346+0000] {dag.py:3239} INFO - Sync 1 DAGs
[2026-06-17T20:41:49.360+0000] {logging_mixin.py:190} INFO - [2026-06-17T20:41:49.360+0000] {dag.py:4180} INFO - Setting next_dagrun for extract_raw_data_pipeline to 2026-06-17 07:59:00+00:00, run_after=2026-06-18 07:00:00+00:00
[2026-06-17T20:41:49.373+0000] {processor.py:208} INFO - Processing /opt/airflow/dags/batch_generator.py took 0.146 seconds
[2026-06-17T20:42:19.527+0000] {processor.py:186} INFO - Started process (PID=1851) to work on /opt/airflow/dags/batch_generator.py
[2026-06-17T20:42:19.528+0000] {processor.py:914} INFO - Processing file /opt/airflow/dags/batch_generator.py for tasks to queue
[2026-06-17T20:42:19.529+0000] {logging_mixin.py:190} INFO - [2026-06-17T20:42:19.529+0000] {dagbag.py:588} INFO - Filling up the DagBag from /opt/airflow/dags/batch_generator.py
[2026-06-17T20:42:19.620+0000] {processor.py:925} INFO - DAG(s) 'extract_raw_data_pipeline' retrieved from /opt/airflow/dags/batch_generator.py
[2026-06-17T20:42:19.635+0000] {logging_mixin.py:190} INFO - [2026-06-17T20:42:19.634+0000] {dag.py:3239} INFO - Sync 1 DAGs
[2026-06-17T20:42:19.648+0000] {logging_mixin.py:190} INFO - [2026-06-17T20:42:19.648+0000] {dag.py:4180} INFO - Setting next_dagrun for extract_raw_data_pipeline to 2026-06-17 07:59:00+00:00, run_after=2026-06-18 07:00:00+00:00
[2026-06-17T20:42:19.660+0000] {processor.py:208} INFO - Processing /opt/airflow/dags/batch_generator.py took 0.137 seconds
[2026-06-17T20:42:49.875+0000] {processor.py:186} INFO - Started process (PID=1859) to work on /opt/airflow/dags/batch_generator.py
[2026-06-17T20:42:49.876+0000] {processor.py:914} INFO - Processing file /opt/airflow/dags/batch_generator.py for tasks to queue
[2026-06-17T20:42:49.877+0000] {logging_mixin.py:190} INFO - [2026-06-17T20:42:49.877+0000] {dagbag.py:588} INFO - Filling up the DagBag from /opt/airflow/dags/batch_generator.py
[2026-06-17T20:42:49.967+0000] {processor.py:925} INFO - DAG(s) 'extract_raw_data_pipeline' retrieved from /opt/airflow/dags/batch_generator.py
[2026-06-17T20:42:49.984+0000] {logging_mixin.py:190} INFO - [2026-06-17T20:42:49.983+0000] {dag.py:3239} INFO - Sync 1 DAGs
[2026-06-17T20:42:49.997+0000] {logging_mixin.py:190} INFO - [2026-06-17T20:42:49.997+0000] {dag.py:4180} INFO - Setting next_dagrun for extract_raw_data_pipeline to 2026-06-17 07:59:00+00:00, run_after=2026-06-18 07:00:00+00:00
[2026-06-17T20:42:50.011+0000] {processor.py:208} INFO - Processing /opt/airflow/dags/batch_generator.py took 0.139 seconds
[2026-06-17T20:43:20.178+0000] {processor.py:186} INFO - Started process (PID=1867) to work on /opt/airflow/dags/batch_generator.py
[2026-06-17T20:43:20.179+0000] {processor.py:914} INFO - Processing file /opt/airflow/dags/batch_generator.py for tasks to queue
[2026-06-17T20:43:20.181+0000] {logging_mixin.py:190} INFO - [2026-06-17T20:43:20.180+0000] {dagbag.py:588} INFO - Filling up the DagBag from /opt/airflow/dags/batch_generator.py
[2026-06-17T20:43:20.269+0000] {processor.py:925} INFO - DAG(s) 'extract_raw_data_pipeline' retrieved from /opt/airflow/dags/batch_generator.py
[2026-06-17T20:43:20.285+0000] {logging_mixin.py:190} INFO - [2026-06-17T20:43:20.285+0000] {dag.py:3239} INFO - Sync 1 DAGs
[2026-06-17T20:43:20.300+0000] {logging_mixin.py:190} INFO - [2026-06-17T20:43:20.299+0000] {dag.py:4180} INFO - Setting next_dagrun for extract_raw_data_pipeline to 2026-06-17 07:59:00+00:00, run_after=2026-06-18 07:00:00+00:00
[2026-06-17T20:43:20.313+0000] {processor.py:208} INFO - Processing /opt/airflow/dags/batch_generator.py took 0.138 seconds
[2026-06-17T20:43:50.539+0000] {processor.py:186} INFO - Started process (PID=1875) to work on /opt/airflow/dags/batch_generator.py
[2026-06-17T20:43:50.540+0000] {processor.py:914} INFO - Processing file /opt/airflow/dags/batch_generator.py for tasks to queue
[2026-06-17T20:43:50.542+0000] {logging_mixin.py:190} INFO - [2026-06-17T20:43:50.541+0000] {dagbag.py:588} INFO - Filling up the DagBag from /opt/airflow/dags/batch_generator.py
[2026-06-17T20:43:50.630+0000] {processor.py:925} INFO - DAG(s) 'extract_raw_data_pipeline' retrieved from /opt/airflow/dags/batch_generator.py
[2026-06-17T20:43:50.645+0000] {logging_mixin.py:190} INFO - [2026-06-17T20:43:50.645+0000] {dag.py:3239} INFO - Sync 1 DAGs
[2026-06-17T20:43:50.658+0000] {logging_mixin.py:190} INFO - [2026-06-17T20:43:50.658+0000] {dag.py:4180} INFO - Setting next_dagrun for extract_raw_data_pipeline to 2026-06-17 07:59:00+00:00, run_after=2026-06-18 07:00:00+00:00
[2026-06-17T20:43:50.677+0000] {processor.py:208} INFO - Processing /opt/airflow/dags/batch_generator.py took 0.140 seconds
[2026-06-17T20:44:20.849+0000] {processor.py:186} INFO - Started process (PID=1883) to work on /opt/airflow/dags/batch_generator.py
[2026-06-17T20:44:20.850+0000] {processor.py:914} INFO - Processing file /opt/airflow/dags/batch_generator.py for tasks to queue
[2026-06-17T20:44:20.851+0000] {logging_mixin.py:190} INFO - [2026-06-17T20:44:20.851+0000] {dagbag.py:588} INFO - Filling up the DagBag from /opt/airflow/dags/batch_generator.py
[2026-06-17T20:44:20.939+0000] {processor.py:925} INFO - DAG(s) 'extract_raw_data_pipeline' retrieved from /opt/airflow/dags/batch_generator.py
[2026-06-17T20:44:20.955+0000] {logging_mixin.py:190} INFO - [2026-06-17T20:44:20.955+0000] {dag.py:3239} INFO - Sync 1 DAGs
[2026-06-17T20:44:20.968+0000] {logging_mixin.py:190} INFO - [2026-06-17T20:44:20.968+0000] {dag.py:4180} INFO - Setting next_dagrun for extract_raw_data_pipeline to 2026-06-17 07:59:00+00:00, run_after=2026-06-18 07:00:00+00:00
[2026-06-17T20:44:20.992+0000] {processor.py:208} INFO - Processing /opt/airflow/dags/batch_generator.py took 0.147 seconds
[2026-06-17T20:44:51.279+0000] {processor.py:186} INFO - Started process (PID=1891) to work on /opt/airflow/dags/batch_generator.py
[2026-06-17T20:44:51.279+0000] {processor.py:914} INFO - Processing file /opt/airflow/dags/batch_generator.py for tasks to queue
[2026-06-17T20:44:51.281+0000] {logging_mixin.py:190} INFO - [2026-06-17T20:44:51.281+0000] {dagbag.py:588} INFO - Filling up the DagBag from /opt/airflow/dags/batch_generator.py
[2026-06-17T20:44:51.363+0000] {processor.py:925} INFO - DAG(s) 'extract_raw_data_pipeline' retrieved from /opt/airflow/dags/batch_generator.py
[2026-06-17T20:44:51.377+0000] {logging_mixin.py:190} INFO - [2026-06-17T20:44:51.377+0000] {dag.py:3239} INFO - Sync 1 DAGs
[2026-06-17T20:44:51.389+0000] {logging_mixin.py:190} INFO - [2026-06-17T20:44:51.389+0000] {dag.py:4180} INFO - Setting next_dagrun for extract_raw_data_pipeline to 2026-06-17 07:59:00+00:00, run_after=2026-06-18 07:00:00+00:00
[2026-06-17T20:44:51.414+0000] {processor.py:208} INFO - Processing /opt/airflow/dags/batch_generator.py took 0.139 seconds
[2026-06-17T20:45:21.622+0000] {processor.py:186} INFO - Started process (PID=1899) to work on /opt/airflow/dags/batch_generator.py
[2026-06-17T20:45:21.622+0000] {processor.py:914} INFO - Processing file /opt/airflow/dags/batch_generator.py for tasks to queue
[2026-06-17T20:45:21.624+0000] {logging_mixin.py:190} INFO - [2026-06-17T20:45:21.624+0000] {dagbag.py:588} INFO - Filling up the DagBag from /opt/airflow/dags/batch_generator.py
[2026-06-17T20:45:21.706+0000] {processor.py:925} INFO - DAG(s) 'extract_raw_data_pipeline' retrieved from /opt/airflow/dags/batch_generator.py
[2026-06-17T20:45:21.720+0000] {logging_mixin.py:190} INFO - [2026-06-17T20:45:21.720+0000] {dag.py:3239} INFO - Sync 1 DAGs
[2026-06-17T20:45:21.733+0000] {logging_mixin.py:190} INFO - [2026-06-17T20:45:21.733+0000] {dag.py:4180} INFO - Setting next_dagrun for extract_raw_data_pipeline to 2026-06-17 07:59:00+00:00, run_after=2026-06-18 07:00:00+00:00
[2026-06-17T20:45:21.746+0000] {processor.py:208} INFO - Processing /opt/airflow/dags/batch_generator.py took 0.128 seconds
[2026-06-17T20:45:51.860+0000] {processor.py:186} INFO - Started process (PID=1907) to work on /opt/airflow/dags/batch_generator.py
[2026-06-17T20:45:51.861+0000] {processor.py:914} INFO - Processing file /opt/airflow/dags/batch_generator.py for tasks to queue
[2026-06-17T20:45:51.863+0000] {logging_mixin.py:190} INFO - [2026-06-17T20:45:51.863+0000] {dagbag.py:588} INFO - Filling up the DagBag from /opt/airflow/dags/batch_generator.py
[2026-06-17T20:45:51.957+0000] {processor.py:925} INFO - DAG(s) 'extract_raw_data_pipeline' retrieved from /opt/airflow/dags/batch_generator.py
[2026-06-17T20:45:51.975+0000] {logging_mixin.py:190} INFO - [2026-06-17T20:45:51.975+0000] {dag.py:3239} INFO - Sync 1 DAGs
[2026-06-17T20:45:51.989+0000] {logging_mixin.py:190} INFO - [2026-06-17T20:45:51.989+0000] {dag.py:4180} INFO - Setting next_dagrun for extract_raw_data_pipeline to 2026-06-17 07:59:00+00:00, run_after=2026-06-18 07:00:00+00:00
[2026-06-17T20:45:52.003+0000] {processor.py:208} INFO - Processing /opt/airflow/dags/batch_generator.py took 0.147 seconds
[2026-06-17T20:46:22.255+0000] {processor.py:186} INFO - Started process (PID=1915) to work on /opt/airflow/dags/batch_generator.py
[2026-06-17T20:46:22.256+0000] {processor.py:914} INFO - Processing file /opt/airflow/dags/batch_generator.py for tasks to queue
[2026-06-17T20:46:22.257+0000] {logging_mixin.py:190} INFO - [2026-06-17T20:46:22.257+0000] {dagbag.py:588} INFO - Filling up the DagBag from /opt/airflow/dags/batch_generator.py
[2026-06-17T20:46:22.353+0000] {processor.py:925} INFO - DAG(s) 'extract_raw_data_pipeline' retrieved from /opt/airflow/dags/batch_generator.py
[2026-06-17T20:46:22.368+0000] {logging_mixin.py:190} INFO - [2026-06-17T20:46:22.368+0000] {dag.py:3239} INFO - Sync 1 DAGs
[2026-06-17T20:46:22.381+0000] {logging_mixin.py:190} INFO - [2026-06-17T20:46:22.381+0000] {dag.py:4180} INFO - Setting next_dagrun for extract_raw_data_pipeline to 2026-06-17 07:59:00+00:00, run_after=2026-06-18 07:00:00+00:00
[2026-06-17T20:46:22.393+0000] {processor.py:208} INFO - Processing /opt/airflow/dags/batch_generator.py took 0.142 seconds
[2026-06-17T20:46:52.551+0000] {processor.py:186} INFO - Started process (PID=1923) to work on /opt/airflow/dags/batch_generator.py
[2026-06-17T20:46:52.552+0000] {processor.py:914} INFO - Processing file /opt/airflow/dags/batch_generator.py for tasks to queue
[2026-06-17T20:46:52.554+0000] {logging_mixin.py:190} INFO - [2026-06-17T20:46:52.553+0000] {dagbag.py:588} INFO - Filling up the DagBag from /opt/airflow/dags/batch_generator.py
[2026-06-17T20:46:52.700+0000] {processor.py:925} INFO - DAG(s) 'extract_raw_data_pipeline' retrieved from /opt/airflow/dags/batch_generator.py
[2026-06-17T20:46:52.716+0000] {logging_mixin.py:190} INFO - [2026-06-17T20:46:52.716+0000] {dag.py:3239} INFO - Sync 1 DAGs
[2026-06-17T20:46:52.730+0000] {logging_mixin.py:190} INFO - [2026-06-17T20:46:52.729+0000] {dag.py:4180} INFO - Setting next_dagrun for extract_raw_data_pipeline to 2026-06-17 07:59:00+00:00, run_after=2026-06-18 07:00:00+00:00
[2026-06-17T20:46:52.744+0000] {processor.py:208} INFO - Processing /opt/airflow/dags/batch_generator.py took 0.198 seconds
[2026-06-17T20:47:22.993+0000] {processor.py:186} INFO - Started process (PID=1931) to work on /opt/airflow/dags/batch_generator.py
[2026-06-17T20:47:22.993+0000] {processor.py:914} INFO - Processing file /opt/airflow/dags/batch_generator.py for tasks to queue
[2026-06-17T20:47:22.995+0000] {logging_mixin.py:190} INFO - [2026-06-17T20:47:22.995+0000] {dagbag.py:588} INFO - Filling up the DagBag from /opt/airflow/dags/batch_generator.py
[2026-06-17T20:47:23.085+0000] {processor.py:925} INFO - DAG(s) 'extract_raw_data_pipeline' retrieved from /opt/airflow/dags/batch_generator.py
[2026-06-17T20:47:23.101+0000] {logging_mixin.py:190} INFO - [2026-06-17T20:47:23.101+0000] {dag.py:3239} INFO - Sync 1 DAGs
[2026-06-17T20:47:23.115+0000] {logging_mixin.py:190} INFO - [2026-06-17T20:47:23.115+0000] {dag.py:4180} INFO - Setting next_dagrun for extract_raw_data_pipeline to 2026-06-17 07:59:00+00:00, run_after=2026-06-18 07:00:00+00:00
[2026-06-17T20:47:23.127+0000] {processor.py:208} INFO - Processing /opt/airflow/dags/batch_generator.py took 0.138 seconds
[2026-06-17T20:47:53.282+0000] {processor.py:186} INFO - Started process (PID=1939) to work on /opt/airflow/dags/batch_generator.py
[2026-06-17T20:47:53.283+0000] {processor.py:914} INFO - Processing file /opt/airflow/dags/batch_generator.py for tasks to queue
[2026-06-17T20:47:53.284+0000] {logging_mixin.py:190} INFO - [2026-06-17T20:47:53.284+0000] {dagbag.py:588} INFO - Filling up the DagBag from /opt/airflow/dags/batch_generator.py
[2026-06-17T20:47:53.369+0000] {processor.py:925} INFO - DAG(s) 'extract_raw_data_pipeline' retrieved from /opt/airflow/dags/batch_generator.py
[2026-06-17T20:47:53.387+0000] {logging_mixin.py:190} INFO - [2026-06-17T20:47:53.387+0000] {dag.py:3239} INFO - Sync 1 DAGs
[2026-06-17T20:47:53.402+0000] {logging_mixin.py:190} INFO - [2026-06-17T20:47:53.402+0000] {dag.py:4180} INFO - Setting next_dagrun for extract_raw_data_pipeline to 2026-06-17 07:59:00+00:00, run_after=2026-06-18 07:00:00+00:00
[2026-06-17T20:47:53.416+0000] {processor.py:208} INFO - Processing /opt/airflow/dags/batch_generator.py took 0.137 seconds
[2026-06-17T20:48:23.786+0000] {processor.py:186} INFO - Started process (PID=1947) to work on /opt/airflow/dags/batch_generator.py
[2026-06-17T20:48:23.787+0000] {processor.py:914} INFO - Processing file /opt/airflow/dags/batch_generator.py for tasks to queue
[2026-06-17T20:48:23.788+0000] {logging_mixin.py:190} INFO - [2026-06-17T20:48:23.788+0000] {dagbag.py:588} INFO - Filling up the DagBag from /opt/airflow/dags/batch_generator.py
[2026-06-17T20:48:23.876+0000] {processor.py:925} INFO - DAG(s) 'extract_raw_data_pipeline' retrieved from /opt/airflow/dags/batch_generator.py
[2026-06-17T20:48:23.891+0000] {logging_mixin.py:190} INFO - [2026-06-17T20:48:23.891+0000] {dag.py:3239} INFO - Sync 1 DAGs
[2026-06-17T20:48:23.905+0000] {logging_mixin.py:190} INFO - [2026-06-17T20:48:23.904+0000] {dag.py:4180} INFO - Setting next_dagrun for extract_raw_data_pipeline to 2026-06-17 07:59:00+00:00, run_after=2026-06-18 07:00:00+00:00
[2026-06-17T20:48:23.918+0000] {processor.py:208} INFO - Processing /opt/airflow/dags/batch_generator.py took 0.135 seconds
[2026-06-17T20:48:54.073+0000] {processor.py:186} INFO - Started process (PID=1955) to work on /opt/airflow/dags/batch_generator.py
[2026-06-17T20:48:54.073+0000] {processor.py:914} INFO - Processing file /opt/airflow/dags/batch_generator.py for tasks to queue
[2026-06-17T20:48:54.075+0000] {logging_mixin.py:190} INFO - [2026-06-17T20:48:54.074+0000] {dagbag.py:588} INFO - Filling up the DagBag from /opt/airflow/dags/batch_generator.py
[2026-06-17T20:48:54.163+0000] {processor.py:925} INFO - DAG(s) 'extract_raw_data_pipeline' retrieved from /opt/airflow/dags/batch_generator.py
[2026-06-17T20:48:54.178+0000] {logging_mixin.py:190} INFO - [2026-06-17T20:48:54.178+0000] {dag.py:3239} INFO - Sync 1 DAGs
[2026-06-17T20:48:54.190+0000] {logging_mixin.py:190} INFO - [2026-06-17T20:48:54.190+0000] {dag.py:4180} INFO - Setting next_dagrun for extract_raw_data_pipeline to 2026-06-17 07:59:00+00:00, run_after=2026-06-18 07:00:00+00:00
[2026-06-17T20:48:54.203+0000] {processor.py:208} INFO - Processing /opt/airflow/dags/batch_generator.py took 0.134 seconds
[2026-06-17T20:49:24.462+0000] {processor.py:186} INFO - Started process (PID=1963) to work on /opt/airflow/dags/batch_generator.py
[2026-06-17T20:49:24.463+0000] {processor.py:914} INFO - Processing file /opt/airflow/dags/batch_generator.py for tasks to queue
[2026-06-17T20:49:24.464+0000] {logging_mixin.py:190} INFO - [2026-06-17T20:49:24.464+0000] {dagbag.py:588} INFO - Filling up the DagBag from /opt/airflow/dags/batch_generator.py
[2026-06-17T20:49:24.558+0000] {processor.py:925} INFO - DAG(s) 'extract_raw_data_pipeline' retrieved from /opt/airflow/dags/batch_generator.py
[2026-06-17T20:49:24.578+0000] {logging_mixin.py:190} INFO - [2026-06-17T20:49:24.577+0000] {dag.py:3239} INFO - Sync 1 DAGs
[2026-06-17T20:49:24.593+0000] {logging_mixin.py:190} INFO - [2026-06-17T20:49:24.593+0000] {dag.py:4180} INFO - Setting next_dagrun for extract_raw_data_pipeline to 2026-06-17 07:59:00+00:00, run_after=2026-06-18 07:00:00+00:00
[2026-06-17T20:49:24.606+0000] {processor.py:208} INFO - Processing /opt/airflow/dags/batch_generator.py took 0.147 seconds
[2026-06-17T20:49:54.792+0000] {processor.py:186} INFO - Started process (PID=1971) to work on /opt/airflow/dags/batch_generator.py
[2026-06-17T20:49:54.793+0000] {processor.py:914} INFO - Processing file /opt/airflow/dags/batch_generator.py for tasks to queue
[2026-06-17T20:49:54.795+0000] {logging_mixin.py:190} INFO - [2026-06-17T20:49:54.794+0000] {dagbag.py:588} INFO - Filling up the DagBag from /opt/airflow/dags/batch_generator.py
[2026-06-17T20:49:54.884+0000] {processor.py:925} INFO - DAG(s) 'extract_raw_data_pipeline' retrieved from /opt/airflow/dags/batch_generator.py
[2026-06-17T20:49:54.899+0000] {logging_mixin.py:190} INFO - [2026-06-17T20:49:54.899+0000] {dag.py:3239} INFO - Sync 1 DAGs
[2026-06-17T20:49:54.912+0000] {logging_mixin.py:190} INFO - [2026-06-17T20:49:54.912+0000] {dag.py:4180} INFO - Setting next_dagrun for extract_raw_data_pipeline to 2026-06-17 07:59:00+00:00, run_after=2026-06-18 07:00:00+00:00
[2026-06-17T20:49:54.925+0000] {processor.py:208} INFO - Processing /opt/airflow/dags/batch_generator.py took 0.136 seconds
[2026-06-17T20:50:25.136+0000] {processor.py:186} INFO - Started process (PID=1979) to work on /opt/airflow/dags/batch_generator.py
[2026-06-17T20:50:25.137+0000] {processor.py:914} INFO - Processing file /opt/airflow/dags/batch_generator.py for tasks to queue
[2026-06-17T20:50:25.138+0000] {logging_mixin.py:190} INFO - [2026-06-17T20:50:25.138+0000] {dagbag.py:588} INFO - Filling up the DagBag from /opt/airflow/dags/batch_generator.py
[2026-06-17T20:50:25.226+0000] {processor.py:925} INFO - DAG(s) 'extract_raw_data_pipeline' retrieved from /opt/airflow/dags/batch_generator.py
[2026-06-17T20:50:25.242+0000] {logging_mixin.py:190} INFO - [2026-06-17T20:50:25.242+0000] {dag.py:3239} INFO - Sync 1 DAGs
[2026-06-17T20:50:25.256+0000] {logging_mixin.py:190} INFO - [2026-06-17T20:50:25.256+0000] {dag.py:4180} INFO - Setting next_dagrun for extract_raw_data_pipeline to 2026-06-17 07:59:00+00:00, run_after=2026-06-18 07:00:00+00:00
[2026-06-17T20:50:25.271+0000] {processor.py:208} INFO - Processing /opt/airflow/dags/batch_generator.py took 0.138 seconds
[2026-06-17T20:50:55.493+0000] {processor.py:186} INFO - Started process (PID=1987) to work on /opt/airflow/dags/batch_generator.py
[2026-06-17T20:50:55.494+0000] {processor.py:914} INFO - Processing file /opt/airflow/dags/batch_generator.py for tasks to queue
[2026-06-17T20:50:55.496+0000] {logging_mixin.py:190} INFO - [2026-06-17T20:50:55.495+0000] {dagbag.py:588} INFO - Filling up the DagBag from /opt/airflow/dags/batch_generator.py
[2026-06-17T20:50:55.583+0000] {processor.py:925} INFO - DAG(s) 'extract_raw_data_pipeline' retrieved from /opt/airflow/dags/batch_generator.py
[2026-06-17T20:50:55.598+0000] {logging_mixin.py:190} INFO - [2026-06-17T20:50:55.598+0000] {dag.py:3239} INFO - Sync 1 DAGs
[2026-06-17T20:50:55.610+0000] {logging_mixin.py:190} INFO - [2026-06-17T20:50:55.610+0000] {dag.py:4180} INFO - Setting next_dagrun for extract_raw_data_pipeline to 2026-06-17 07:59:00+00:00, run_after=2026-06-18 07:00:00+00:00
[2026-06-17T20:50:55.624+0000] {processor.py:208} INFO - Processing /opt/airflow/dags/batch_generator.py took 0.135 seconds
[2026-06-17T20:51:25.871+0000] {processor.py:186} INFO - Started process (PID=1995) to work on /opt/airflow/dags/batch_generator.py
[2026-06-17T20:51:25.872+0000] {processor.py:914} INFO - Processing file /opt/airflow/dags/batch_generator.py for tasks to queue
[2026-06-17T20:51:25.873+0000] {logging_mixin.py:190} INFO - [2026-06-17T20:51:25.873+0000] {dagbag.py:588} INFO - Filling up the DagBag from /opt/airflow/dags/batch_generator.py
[2026-06-17T20:51:25.970+0000] {processor.py:925} INFO - DAG(s) 'extract_raw_data_pipeline' retrieved from /opt/airflow/dags/batch_generator.py
[2026-06-17T20:51:25.986+0000] {logging_mixin.py:190} INFO - [2026-06-17T20:51:25.986+0000] {dag.py:3239} INFO - Sync 1 DAGs
[2026-06-17T20:51:26.000+0000] {logging_mixin.py:190} INFO - [2026-06-17T20:51:26.000+0000] {dag.py:4180} INFO - Setting next_dagrun for extract_raw_data_pipeline to 2026-06-17 07:59:00+00:00, run_after=2026-06-18 07:00:00+00:00
[2026-06-17T20:51:26.017+0000] {processor.py:208} INFO - Processing /opt/airflow/dags/batch_generator.py took 0.149 seconds
[2026-06-17T20:51:56.280+0000] {processor.py:186} INFO - Started process (PID=2003) to work on /opt/airflow/dags/batch_generator.py
[2026-06-17T20:51:56.281+0000] {processor.py:914} INFO - Processing file /opt/airflow/dags/batch_generator.py for tasks to queue
[2026-06-17T20:51:56.282+0000] {logging_mixin.py:190} INFO - [2026-06-17T20:51:56.282+0000] {dagbag.py:588} INFO - Filling up the DagBag from /opt/airflow/dags/batch_generator.py
[2026-06-17T20:51:56.368+0000] {processor.py:925} INFO - DAG(s) 'extract_raw_data_pipeline' retrieved from /opt/airflow/dags/batch_generator.py
[2026-06-17T20:51:56.384+0000] {logging_mixin.py:190} INFO - [2026-06-17T20:51:56.384+0000] {dag.py:3239} INFO - Sync 1 DAGs
[2026-06-17T20:51:56.398+0000] {logging_mixin.py:190} INFO - [2026-06-17T20:51:56.397+0000] {dag.py:4180} INFO - Setting next_dagrun for extract_raw_data_pipeline to 2026-06-17 07:59:00+00:00, run_after=2026-06-18 07:00:00+00:00
[2026-06-17T20:51:56.420+0000] {processor.py:208} INFO - Processing /opt/airflow/dags/batch_generator.py took 0.143 seconds
[2026-06-17T20:52:26.661+0000] {processor.py:186} INFO - Started process (PID=2011) to work on /opt/airflow/dags/batch_generator.py
[2026-06-17T20:52:26.662+0000] {processor.py:914} INFO - Processing file /opt/airflow/dags/batch_generator.py for tasks to queue
[2026-06-17T20:52:26.664+0000] {logging_mixin.py:190} INFO - [2026-06-17T20:52:26.664+0000] {dagbag.py:588} INFO - Filling up the DagBag from /opt/airflow/dags/batch_generator.py
[2026-06-17T20:52:26.967+0000] {processor.py:925} INFO - DAG(s) 'extract_raw_data_pipeline' retrieved from /opt/airflow/dags/batch_generator.py
[2026-06-17T20:52:26.983+0000] {logging_mixin.py:190} INFO - [2026-06-17T20:52:26.982+0000] {dag.py:3239} INFO - Sync 1 DAGs
[2026-06-17T20:52:26.996+0000] {logging_mixin.py:190} INFO - [2026-06-17T20:52:26.996+0000] {dag.py:4180} INFO - Setting next_dagrun for extract_raw_data_pipeline to 2026-06-17 07:59:00+00:00, run_after=2026-06-18 07:00:00+00:00
[2026-06-17T20:52:27.010+0000] {processor.py:208} INFO - Processing /opt/airflow/dags/batch_generator.py took 0.352 seconds
[2026-06-17T20:52:57.271+0000] {processor.py:186} INFO - Started process (PID=2019) to work on /opt/airflow/dags/batch_generator.py
[2026-06-17T20:52:57.271+0000] {processor.py:914} INFO - Processing file /opt/airflow/dags/batch_generator.py for tasks to queue
[2026-06-17T20:52:57.273+0000] {logging_mixin.py:190} INFO - [2026-06-17T20:52:57.273+0000] {dagbag.py:588} INFO - Filling up the DagBag from /opt/airflow/dags/batch_generator.py
[2026-06-17T20:52:57.362+0000] {processor.py:925} INFO - DAG(s) 'extract_raw_data_pipeline' retrieved from /opt/airflow/dags/batch_generator.py
[2026-06-17T20:52:57.378+0000] {logging_mixin.py:190} INFO - [2026-06-17T20:52:57.378+0000] {dag.py:3239} INFO - Sync 1 DAGs
[2026-06-17T20:52:57.391+0000] {logging_mixin.py:190} INFO - [2026-06-17T20:52:57.390+0000] {dag.py:4180} INFO - Setting next_dagrun for extract_raw_data_pipeline to 2026-06-17 07:59:00+00:00, run_after=2026-06-18 07:00:00+00:00
[2026-06-17T20:52:57.404+0000] {processor.py:208} INFO - Processing /opt/airflow/dags/batch_generator.py took 0.137 seconds
[2026-06-17T20:53:27.590+0000] {processor.py:186} INFO - Started process (PID=2027) to work on /opt/airflow/dags/batch_generator.py
[2026-06-17T20:53:27.591+0000] {processor.py:914} INFO - Processing file /opt/airflow/dags/batch_generator.py for tasks to queue
[2026-06-17T20:53:27.592+0000] {logging_mixin.py:190} INFO - [2026-06-17T20:53:27.592+0000] {dagbag.py:588} INFO - Filling up the DagBag from /opt/airflow/dags/batch_generator.py
[2026-06-17T20:53:27.681+0000] {processor.py:925} INFO - DAG(s) 'extract_raw_data_pipeline' retrieved from /opt/airflow/dags/batch_generator.py
[2026-06-17T20:53:27.696+0000] {logging_mixin.py:190} INFO - [2026-06-17T20:53:27.696+0000] {dag.py:3239} INFO - Sync 1 DAGs
[2026-06-17T20:53:27.709+0000] {logging_mixin.py:190} INFO - [2026-06-17T20:53:27.709+0000] {dag.py:4180} INFO - Setting next_dagrun for extract_raw_data_pipeline to 2026-06-17 07:59:00+00:00, run_after=2026-06-18 07:00:00+00:00
[2026-06-17T20:53:27.720+0000] {processor.py:208} INFO - Processing /opt/airflow/dags/batch_generator.py took 0.134 seconds
[2026-06-17T20:53:57.969+0000] {processor.py:186} INFO - Started process (PID=2035) to work on /opt/airflow/dags/batch_generator.py
[2026-06-17T20:53:57.969+0000] {processor.py:914} INFO - Processing file /opt/airflow/dags/batch_generator.py for tasks to queue
[2026-06-17T20:53:57.971+0000] {logging_mixin.py:190} INFO - [2026-06-17T20:53:57.970+0000] {dagbag.py:588} INFO - Filling up the DagBag from /opt/airflow/dags/batch_generator.py
[2026-06-17T20:53:58.055+0000] {processor.py:925} INFO - DAG(s) 'extract_raw_data_pipeline' retrieved from /opt/airflow/dags/batch_generator.py
[2026-06-17T20:53:58.071+0000] {logging_mixin.py:190} INFO - [2026-06-17T20:53:58.071+0000] {dag.py:3239} INFO - Sync 1 DAGs
[2026-06-17T20:53:58.083+0000] {logging_mixin.py:190} INFO - [2026-06-17T20:53:58.083+0000] {dag.py:4180} INFO - Setting next_dagrun for extract_raw_data_pipeline to 2026-06-17 07:59:00+00:00, run_after=2026-06-18 07:00:00+00:00
[2026-06-17T20:53:58.096+0000] {processor.py:208} INFO - Processing /opt/airflow/dags/batch_generator.py took 0.130 seconds
[2026-06-17T20:54:28.308+0000] {processor.py:186} INFO - Started process (PID=2043) to work on /opt/airflow/dags/batch_generator.py
[2026-06-17T20:54:28.309+0000] {processor.py:914} INFO - Processing file /opt/airflow/dags/batch_generator.py for tasks to queue
[2026-06-17T20:54:28.311+0000] {logging_mixin.py:190} INFO - [2026-06-17T20:54:28.310+0000] {dagbag.py:588} INFO - Filling up the DagBag from /opt/airflow/dags/batch_generator.py
[2026-06-17T20:54:28.402+0000] {processor.py:925} INFO - DAG(s) 'extract_raw_data_pipeline' retrieved from /opt/airflow/dags/batch_generator.py
[2026-06-17T20:54:28.416+0000] {logging_mixin.py:190} INFO - [2026-06-17T20:54:28.416+0000] {dag.py:3239} INFO - Sync 1 DAGs
[2026-06-17T20:54:28.429+0000] {logging_mixin.py:190} INFO - [2026-06-17T20:54:28.428+0000] {dag.py:4180} INFO - Setting next_dagrun for extract_raw_data_pipeline to 2026-06-17 07:59:00+00:00, run_after=2026-06-18 07:00:00+00:00
[2026-06-17T20:54:28.444+0000] {processor.py:208} INFO - Processing /opt/airflow/dags/batch_generator.py took 0.139 seconds
[2026-06-17T20:54:58.810+0000] {processor.py:186} INFO - Started process (PID=2051) to work on /opt/airflow/dags/batch_generator.py
[2026-06-17T20:54:58.810+0000] {processor.py:914} INFO - Processing file /opt/airflow/dags/batch_generator.py for tasks to queue
[2026-06-17T20:54:58.812+0000] {logging_mixin.py:190} INFO - [2026-06-17T20:54:58.812+0000] {dagbag.py:588} INFO - Filling up the DagBag from /opt/airflow/dags/batch_generator.py
[2026-06-17T20:54:58.903+0000] {processor.py:925} INFO - DAG(s) 'extract_raw_data_pipeline' retrieved from /opt/airflow/dags/batch_generator.py
[2026-06-17T20:54:58.918+0000] {logging_mixin.py:190} INFO - [2026-06-17T20:54:58.918+0000] {dag.py:3239} INFO - Sync 1 DAGs
[2026-06-17T20:54:58.931+0000] {logging_mixin.py:190} INFO - [2026-06-17T20:54:58.931+0000] {dag.py:4180} INFO - Setting next_dagrun for extract_raw_data_pipeline to 2026-06-17 07:59:00+00:00, run_after=2026-06-18 07:00:00+00:00
[2026-06-17T20:54:58.944+0000] {processor.py:208} INFO - Processing /opt/airflow/dags/batch_generator.py took 0.138 seconds
[2026-06-17T20:55:29.122+0000] {processor.py:186} INFO - Started process (PID=2059) to work on /opt/airflow/dags/batch_generator.py
[2026-06-17T20:55:29.123+0000] {processor.py:914} INFO - Processing file /opt/airflow/dags/batch_generator.py for tasks to queue
[2026-06-17T20:55:29.124+0000] {logging_mixin.py:190} INFO - [2026-06-17T20:55:29.124+0000] {dagbag.py:588} INFO - Filling up the DagBag from /opt/airflow/dags/batch_generator.py
[2026-06-17T20:55:29.212+0000] {processor.py:925} INFO - DAG(s) 'extract_raw_data_pipeline' retrieved from /opt/airflow/dags/batch_generator.py
[2026-06-17T20:55:29.229+0000] {logging_mixin.py:190} INFO - [2026-06-17T20:55:29.229+0000] {dag.py:3239} INFO - Sync 1 DAGs
[2026-06-17T20:55:29.243+0000] {logging_mixin.py:190} INFO - [2026-06-17T20:55:29.243+0000] {dag.py:4180} INFO - Setting next_dagrun for extract_raw_data_pipeline to 2026-06-17 07:59:00+00:00, run_after=2026-06-18 07:00:00+00:00
[2026-06-17T20:55:29.258+0000] {processor.py:208} INFO - Processing /opt/airflow/dags/batch_generator.py took 0.139 seconds
[2026-06-17T20:55:59.545+0000] {processor.py:186} INFO - Started process (PID=2067) to work on /opt/airflow/dags/batch_generator.py
[2026-06-17T20:55:59.546+0000] {processor.py:914} INFO - Processing file /opt/airflow/dags/batch_generator.py for tasks to queue
[2026-06-17T20:55:59.547+0000] {logging_mixin.py:190} INFO - [2026-06-17T20:55:59.547+0000] {dagbag.py:588} INFO - Filling up the DagBag from /opt/airflow/dags/batch_generator.py
[2026-06-17T20:55:59.645+0000] {processor.py:925} INFO - DAG(s) 'extract_raw_data_pipeline' retrieved from /opt/airflow/dags/batch_generator.py
[2026-06-17T20:55:59.661+0000] {logging_mixin.py:190} INFO - [2026-06-17T20:55:59.661+0000] {dag.py:3239} INFO - Sync 1 DAGs
[2026-06-17T20:55:59.675+0000] {logging_mixin.py:190} INFO - [2026-06-17T20:55:59.675+0000] {dag.py:4180} INFO - Setting next_dagrun for extract_raw_data_pipeline to 2026-06-17 07:59:00+00:00, run_after=2026-06-18 07:00:00+00:00
[2026-06-17T20:55:59.688+0000] {processor.py:208} INFO - Processing /opt/airflow/dags/batch_generator.py took 0.147 seconds
[2026-06-17T20:56:29.874+0000] {processor.py:186} INFO - Started process (PID=2075) to work on /opt/airflow/dags/batch_generator.py
[2026-06-17T20:56:29.875+0000] {processor.py:914} INFO - Processing file /opt/airflow/dags/batch_generator.py for tasks to queue
[2026-06-17T20:56:29.876+0000] {logging_mixin.py:190} INFO - [2026-06-17T20:56:29.876+0000] {dagbag.py:588} INFO - Filling up the DagBag from /opt/airflow/dags/batch_generator.py
[2026-06-17T20:56:29.961+0000] {processor.py:925} INFO - DAG(s) 'extract_raw_data_pipeline' retrieved from /opt/airflow/dags/batch_generator.py
[2026-06-17T20:56:29.977+0000] {logging_mixin.py:190} INFO - [2026-06-17T20:56:29.977+0000] {dag.py:3239} INFO - Sync 1 DAGs
[2026-06-17T20:56:29.993+0000] {logging_mixin.py:190} INFO - [2026-06-17T20:56:29.993+0000] {dag.py:4180} INFO - Setting next_dagrun for extract_raw_data_pipeline to 2026-06-17 07:59:00+00:00, run_after=2026-06-18 07:00:00+00:00
[2026-06-17T20:56:30.008+0000] {processor.py:208} INFO - Processing /opt/airflow/dags/batch_generator.py took 0.137 seconds
[2026-06-17T20:57:00.308+0000] {processor.py:186} INFO - Started process (PID=2083) to work on /opt/airflow/dags/batch_generator.py
[2026-06-17T20:57:00.309+0000] {processor.py:914} INFO - Processing file /opt/airflow/dags/batch_generator.py for tasks to queue
[2026-06-17T20:57:00.310+0000] {logging_mixin.py:190} INFO - [2026-06-17T20:57:00.310+0000] {dagbag.py:588} INFO - Filling up the DagBag from /opt/airflow/dags/batch_generator.py
[2026-06-17T20:57:00.399+0000] {processor.py:925} INFO - DAG(s) 'extract_raw_data_pipeline' retrieved from /opt/airflow/dags/batch_generator.py
[2026-06-17T20:57:00.417+0000] {logging_mixin.py:190} INFO - [2026-06-17T20:57:00.416+0000] {dag.py:3239} INFO - Sync 1 DAGs
[2026-06-17T20:57:00.430+0000] {logging_mixin.py:190} INFO - [2026-06-17T20:57:00.430+0000] {dag.py:4180} INFO - Setting next_dagrun for extract_raw_data_pipeline to 2026-06-17 07:59:00+00:00, run_after=2026-06-18 07:00:00+00:00
[2026-06-17T20:57:00.444+0000] {processor.py:208} INFO - Processing /opt/airflow/dags/batch_generator.py took 0.139 seconds
[2026-06-17T20:57:30.600+0000] {processor.py:186} INFO - Started process (PID=2091) to work on /opt/airflow/dags/batch_generator.py
[2026-06-17T20:57:30.601+0000] {processor.py:914} INFO - Processing file /opt/airflow/dags/batch_generator.py for tasks to queue
[2026-06-17T20:57:30.602+0000] {logging_mixin.py:190} INFO - [2026-06-17T20:57:30.602+0000] {dagbag.py:588} INFO - Filling up the DagBag from /opt/airflow/dags/batch_generator.py
[2026-06-17T20:57:30.691+0000] {processor.py:925} INFO - DAG(s) 'extract_raw_data_pipeline' retrieved from /opt/airflow/dags/batch_generator.py
[2026-06-17T20:57:30.706+0000] {logging_mixin.py:190} INFO - [2026-06-17T20:57:30.706+0000] {dag.py:3239} INFO - Sync 1 DAGs
[2026-06-17T20:57:30.719+0000] {logging_mixin.py:190} INFO - [2026-06-17T20:57:30.719+0000] {dag.py:4180} INFO - Setting next_dagrun for extract_raw_data_pipeline to 2026-06-17 07:59:00+00:00, run_after=2026-06-18 07:00:00+00:00
[2026-06-17T20:57:30.731+0000] {processor.py:208} INFO - Processing /opt/airflow/dags/batch_generator.py took 0.134 seconds
[2026-06-17T20:58:01.046+0000] {processor.py:186} INFO - Started process (PID=2099) to work on /opt/airflow/dags/batch_generator.py
[2026-06-17T20:58:01.047+0000] {processor.py:914} INFO - Processing file /opt/airflow/dags/batch_generator.py for tasks to queue
[2026-06-17T20:58:01.049+0000] {logging_mixin.py:190} INFO - [2026-06-17T20:58:01.049+0000] {dagbag.py:588} INFO - Filling up the DagBag from /opt/airflow/dags/batch_generator.py
[2026-06-17T20:58:01.139+0000] {processor.py:925} INFO - DAG(s) 'extract_raw_data_pipeline' retrieved from /opt/airflow/dags/batch_generator.py
[2026-06-17T20:58:01.156+0000] {logging_mixin.py:190} INFO - [2026-06-17T20:58:01.155+0000] {dag.py:3239} INFO - Sync 1 DAGs
[2026-06-17T20:58:01.170+0000] {logging_mixin.py:190} INFO - [2026-06-17T20:58:01.170+0000] {dag.py:4180} INFO - Setting next_dagrun for extract_raw_data_pipeline to 2026-06-17 07:59:00+00:00, run_after=2026-06-18 07:00:00+00:00
[2026-06-17T20:58:01.182+0000] {processor.py:208} INFO - Processing /opt/airflow/dags/batch_generator.py took 0.139 seconds
[2026-06-17T20:58:31.407+0000] {processor.py:186} INFO - Started process (PID=2107) to work on /opt/airflow/dags/batch_generator.py
[2026-06-17T20:58:31.408+0000] {processor.py:914} INFO - Processing file /opt/airflow/dags/batch_generator.py for tasks to queue
[2026-06-17T20:58:31.409+0000] {logging_mixin.py:190} INFO - [2026-06-17T20:58:31.409+0000] {dagbag.py:588} INFO - Filling up the DagBag from /opt/airflow/dags/batch_generator.py
[2026-06-17T20:58:31.502+0000] {processor.py:925} INFO - DAG(s) 'extract_raw_data_pipeline' retrieved from /opt/airflow/dags/batch_generator.py
[2026-06-17T20:58:31.518+0000] {logging_mixin.py:190} INFO - [2026-06-17T20:58:31.518+0000] {dag.py:3239} INFO - Sync 1 DAGs
[2026-06-17T20:58:31.531+0000] {logging_mixin.py:190} INFO - [2026-06-17T20:58:31.531+0000] {dag.py:4180} INFO - Setting next_dagrun for extract_raw_data_pipeline to 2026-06-17 07:59:00+00:00, run_after=2026-06-18 07:00:00+00:00
[2026-06-17T20:58:31.547+0000] {processor.py:208} INFO - Processing /opt/airflow/dags/batch_generator.py took 0.143 seconds
[2026-06-17T20:59:01.813+0000] {processor.py:186} INFO - Started process (PID=2115) to work on /opt/airflow/dags/batch_generator.py
[2026-06-17T20:59:01.814+0000] {processor.py:914} INFO - Processing file /opt/airflow/dags/batch_generator.py for tasks to queue
[2026-06-17T20:59:01.815+0000] {logging_mixin.py:190} INFO - [2026-06-17T20:59:01.815+0000] {dagbag.py:588} INFO - Filling up the DagBag from /opt/airflow/dags/batch_generator.py
[2026-06-17T20:59:01.906+0000] {processor.py:925} INFO - DAG(s) 'extract_raw_data_pipeline' retrieved from /opt/airflow/dags/batch_generator.py
[2026-06-17T20:59:01.922+0000] {logging_mixin.py:190} INFO - [2026-06-17T20:59:01.922+0000] {dag.py:3239} INFO - Sync 1 DAGs
[2026-06-17T20:59:01.936+0000] {logging_mixin.py:190} INFO - [2026-06-17T20:59:01.936+0000] {dag.py:4180} INFO - Setting next_dagrun for extract_raw_data_pipeline to 2026-06-17 07:59:00+00:00, run_after=2026-06-18 07:00:00+00:00
[2026-06-17T20:59:01.951+0000] {processor.py:208} INFO - Processing /opt/airflow/dags/batch_generator.py took 0.141 seconds
[2026-06-17T20:59:32.103+0000] {processor.py:186} INFO - Started process (PID=2123) to work on /opt/airflow/dags/batch_generator.py
[2026-06-17T20:59:32.104+0000] {processor.py:914} INFO - Processing file /opt/airflow/dags/batch_generator.py for tasks to queue
[2026-06-17T20:59:32.106+0000] {logging_mixin.py:190} INFO - [2026-06-17T20:59:32.105+0000] {dagbag.py:588} INFO - Filling up the DagBag from /opt/airflow/dags/batch_generator.py
[2026-06-17T20:59:32.195+0000] {processor.py:925} INFO - DAG(s) 'extract_raw_data_pipeline' retrieved from /opt/airflow/dags/batch_generator.py
[2026-06-17T20:59:32.213+0000] {logging_mixin.py:190} INFO - [2026-06-17T20:59:32.212+0000] {dag.py:3239} INFO - Sync 1 DAGs
[2026-06-17T20:59:32.234+0000] {logging_mixin.py:190} INFO - [2026-06-17T20:59:32.234+0000] {dag.py:4180} INFO - Setting next_dagrun for extract_raw_data_pipeline to 2026-06-17 07:59:00+00:00, run_after=2026-06-18 07:00:00+00:00
[2026-06-17T20:59:32.248+0000] {processor.py:208} INFO - Processing /opt/airflow/dags/batch_generator.py took 0.149 seconds
[2026-06-17T21:00:02.396+0000] {processor.py:186} INFO - Started process (PID=2131) to work on /opt/airflow/dags/batch_generator.py
[2026-06-17T21:00:02.397+0000] {processor.py:914} INFO - Processing file /opt/airflow/dags/batch_generator.py for tasks to queue
[2026-06-17T21:00:02.398+0000] {logging_mixin.py:190} INFO - [2026-06-17T21:00:02.398+0000] {dagbag.py:588} INFO - Filling up the DagBag from /opt/airflow/dags/batch_generator.py
[2026-06-17T21:00:02.487+0000] {processor.py:925} INFO - DAG(s) 'extract_raw_data_pipeline' retrieved from /opt/airflow/dags/batch_generator.py
[2026-06-17T21:00:02.503+0000] {logging_mixin.py:190} INFO - [2026-06-17T21:00:02.502+0000] {dag.py:3239} INFO - Sync 1 DAGs
[2026-06-17T21:00:02.515+0000] {logging_mixin.py:190} INFO - [2026-06-17T21:00:02.515+0000] {dag.py:4180} INFO - Setting next_dagrun for extract_raw_data_pipeline to 2026-06-17 07:59:00+00:00, run_after=2026-06-18 07:00:00+00:00
[2026-06-17T21:00:02.529+0000] {processor.py:208} INFO - Processing /opt/airflow/dags/batch_generator.py took 0.136 seconds
[2026-06-17T21:00:32.824+0000] {processor.py:186} INFO - Started process (PID=2139) to work on /opt/airflow/dags/batch_generator.py
[2026-06-17T21:00:32.825+0000] {processor.py:914} INFO - Processing file /opt/airflow/dags/batch_generator.py for tasks to queue
[2026-06-17T21:00:32.827+0000] {logging_mixin.py:190} INFO - [2026-06-17T21:00:32.826+0000] {dagbag.py:588} INFO - Filling up the DagBag from /opt/airflow/dags/batch_generator.py
[2026-06-17T21:00:32.911+0000] {processor.py:925} INFO - DAG(s) 'extract_raw_data_pipeline' retrieved from /opt/airflow/dags/batch_generator.py
[2026-06-17T21:00:32.927+0000] {logging_mixin.py:190} INFO - [2026-06-17T21:00:32.927+0000] {dag.py:3239} INFO - Sync 1 DAGs
[2026-06-17T21:00:32.940+0000] {logging_mixin.py:190} INFO - [2026-06-17T21:00:32.940+0000] {dag.py:4180} INFO - Setting next_dagrun for extract_raw_data_pipeline to 2026-06-17 07:59:00+00:00, run_after=2026-06-18 07:00:00+00:00
[2026-06-17T21:00:32.953+0000] {processor.py:208} INFO - Processing /opt/airflow/dags/batch_generator.py took 0.132 seconds
[2026-06-17T21:01:03.118+0000] {processor.py:186} INFO - Started process (PID=2147) to work on /opt/airflow/dags/batch_generator.py
[2026-06-17T21:01:03.119+0000] {processor.py:914} INFO - Processing file /opt/airflow/dags/batch_generator.py for tasks to queue
[2026-06-17T21:01:03.120+0000] {logging_mixin.py:190} INFO - [2026-06-17T21:01:03.120+0000] {dagbag.py:588} INFO - Filling up the DagBag from /opt/airflow/dags/batch_generator.py
[2026-06-17T21:01:03.205+0000] {processor.py:925} INFO - DAG(s) 'extract_raw_data_pipeline' retrieved from /opt/airflow/dags/batch_generator.py
[2026-06-17T21:01:03.221+0000] {logging_mixin.py:190} INFO - [2026-06-17T21:01:03.221+0000] {dag.py:3239} INFO - Sync 1 DAGs
[2026-06-17T21:01:03.235+0000] {logging_mixin.py:190} INFO - [2026-06-17T21:01:03.235+0000] {dag.py:4180} INFO - Setting next_dagrun for extract_raw_data_pipeline to 2026-06-17 07:59:00+00:00, run_after=2026-06-18 07:00:00+00:00
[2026-06-17T21:01:03.249+0000] {processor.py:208} INFO - Processing /opt/airflow/dags/batch_generator.py took 0.135 seconds
[2026-06-17T21:01:33.510+0000] {processor.py:186} INFO - Started process (PID=2155) to work on /opt/airflow/dags/batch_generator.py
[2026-06-17T21:01:33.511+0000] {processor.py:914} INFO - Processing file /opt/airflow/dags/batch_generator.py for tasks to queue
[2026-06-17T21:01:33.512+0000] {logging_mixin.py:190} INFO - [2026-06-17T21:01:33.512+0000] {dagbag.py:588} INFO - Filling up the DagBag from /opt/airflow/dags/batch_generator.py
[2026-06-17T21:01:33.594+0000] {processor.py:925} INFO - DAG(s) 'extract_raw_data_pipeline' retrieved from /opt/airflow/dags/batch_generator.py
[2026-06-17T21:01:33.609+0000] {logging_mixin.py:190} INFO - [2026-06-17T21:01:33.609+0000] {dag.py:3239} INFO - Sync 1 DAGs
[2026-06-17T21:01:33.622+0000] {logging_mixin.py:190} INFO - [2026-06-17T21:01:33.621+0000] {dag.py:4180} INFO - Setting next_dagrun for extract_raw_data_pipeline to 2026-06-17 07:59:00+00:00, run_after=2026-06-18 07:00:00+00:00
[2026-06-17T21:01:33.634+0000] {processor.py:208} INFO - Processing /opt/airflow/dags/batch_generator.py took 0.127 seconds
[2026-06-17T21:02:03.834+0000] {processor.py:186} INFO - Started process (PID=2163) to work on /opt/airflow/dags/batch_generator.py
[2026-06-17T21:02:03.835+0000] {processor.py:914} INFO - Processing file /opt/airflow/dags/batch_generator.py for tasks to queue
[2026-06-17T21:02:03.837+0000] {logging_mixin.py:190} INFO - [2026-06-17T21:02:03.836+0000] {dagbag.py:588} INFO - Filling up the DagBag from /opt/airflow/dags/batch_generator.py
[2026-06-17T21:02:03.932+0000] {processor.py:925} INFO - DAG(s) 'extract_raw_data_pipeline' retrieved from /opt/airflow/dags/batch_generator.py
[2026-06-17T21:02:03.949+0000] {logging_mixin.py:190} INFO - [2026-06-17T21:02:03.949+0000] {dag.py:3239} INFO - Sync 1 DAGs
[2026-06-17T21:02:03.963+0000] {logging_mixin.py:190} INFO - [2026-06-17T21:02:03.963+0000] {dag.py:4180} INFO - Setting next_dagrun for extract_raw_data_pipeline to 2026-06-17 07:59:00+00:00, run_after=2026-06-18 07:00:00+00:00
[2026-06-17T21:02:03.978+0000] {processor.py:208} INFO - Processing /opt/airflow/dags/batch_generator.py took 0.149 seconds
[2026-06-17T21:02:34.134+0000] {processor.py:186} INFO - Started process (PID=2171) to work on /opt/airflow/dags/batch_generator.py
[2026-06-17T21:02:34.135+0000] {processor.py:914} INFO - Processing file /opt/airflow/dags/batch_generator.py for tasks to queue
[2026-06-17T21:02:34.136+0000] {logging_mixin.py:190} INFO - [2026-06-17T21:02:34.136+0000] {dagbag.py:588} INFO - Filling up the DagBag from /opt/airflow/dags/batch_generator.py
[2026-06-17T21:02:34.242+0000] {processor.py:925} INFO - DAG(s) 'extract_raw_data_pipeline' retrieved from /opt/airflow/dags/batch_generator.py
[2026-06-17T21:02:34.257+0000] {logging_mixin.py:190} INFO - [2026-06-17T21:02:34.257+0000] {dag.py:3239} INFO - Sync 1 DAGs
[2026-06-17T21:02:34.270+0000] {logging_mixin.py:190} INFO - [2026-06-17T21:02:34.270+0000] {dag.py:4180} INFO - Setting next_dagrun for extract_raw_data_pipeline to 2026-06-17 07:59:00+00:00, run_after=2026-06-18 07:00:00+00:00
[2026-06-17T21:02:34.283+0000] {processor.py:208} INFO - Processing /opt/airflow/dags/batch_generator.py took 0.152 seconds
[2026-06-17T21:03:04.558+0000] {processor.py:186} INFO - Started process (PID=2179) to work on /opt/airflow/dags/batch_generator.py
[2026-06-17T21:03:04.558+0000] {processor.py:914} INFO - Processing file /opt/airflow/dags/batch_generator.py for tasks to queue
[2026-06-17T21:03:04.560+0000] {logging_mixin.py:190} INFO - [2026-06-17T21:03:04.560+0000] {dagbag.py:588} INFO - Filling up the DagBag from /opt/airflow/dags/batch_generator.py
[2026-06-17T21:03:04.646+0000] {processor.py:925} INFO - DAG(s) 'extract_raw_data_pipeline' retrieved from /opt/airflow/dags/batch_generator.py
[2026-06-17T21:03:04.662+0000] {logging_mixin.py:190} INFO - [2026-06-17T21:03:04.662+0000] {dag.py:3239} INFO - Sync 1 DAGs
[2026-06-17T21:03:04.674+0000] {logging_mixin.py:190} INFO - [2026-06-17T21:03:04.674+0000] {dag.py:4180} INFO - Setting next_dagrun for extract_raw_data_pipeline to 2026-06-17 07:59:00+00:00, run_after=2026-06-18 07:00:00+00:00
[2026-06-17T21:03:04.687+0000] {processor.py:208} INFO - Processing /opt/airflow/dags/batch_generator.py took 0.133 seconds
[2026-06-17T21:03:34.892+0000] {processor.py:186} INFO - Started process (PID=2187) to work on /opt/airflow/dags/batch_generator.py
[2026-06-17T21:03:34.892+0000] {processor.py:914} INFO - Processing file /opt/airflow/dags/batch_generator.py for tasks to queue
[2026-06-17T21:03:34.894+0000] {logging_mixin.py:190} INFO - [2026-06-17T21:03:34.894+0000] {dagbag.py:588} INFO - Filling up the DagBag from /opt/airflow/dags/batch_generator.py
[2026-06-17T21:03:34.983+0000] {processor.py:925} INFO - DAG(s) 'extract_raw_data_pipeline' retrieved from /opt/airflow/dags/batch_generator.py
[2026-06-17T21:03:35.000+0000] {logging_mixin.py:190} INFO - [2026-06-17T21:03:35.000+0000] {dag.py:3239} INFO - Sync 1 DAGs
[2026-06-17T21:03:35.016+0000] {logging_mixin.py:190} INFO - [2026-06-17T21:03:35.016+0000] {dag.py:4180} INFO - Setting next_dagrun for extract_raw_data_pipeline to 2026-06-17 07:59:00+00:00, run_after=2026-06-18 07:00:00+00:00
[2026-06-17T21:03:35.030+0000] {processor.py:208} INFO - Processing /opt/airflow/dags/batch_generator.py took 0.142 seconds
[2026-06-17T21:04:05.298+0000] {processor.py:186} INFO - Started process (PID=2195) to work on /opt/airflow/dags/batch_generator.py
[2026-06-17T21:04:05.299+0000] {processor.py:914} INFO - Processing file /opt/airflow/dags/batch_generator.py for tasks to queue
[2026-06-17T21:04:05.300+0000] {logging_mixin.py:190} INFO - [2026-06-17T21:04:05.300+0000] {dagbag.py:588} INFO - Filling up the DagBag from /opt/airflow/dags/batch_generator.py
[2026-06-17T21:04:05.394+0000] {processor.py:925} INFO - DAG(s) 'extract_raw_data_pipeline' retrieved from /opt/airflow/dags/batch_generator.py
[2026-06-17T21:04:05.409+0000] {logging_mixin.py:190} INFO - [2026-06-17T21:04:05.409+0000] {dag.py:3239} INFO - Sync 1 DAGs
[2026-06-17T21:04:05.422+0000] {logging_mixin.py:190} INFO - [2026-06-17T21:04:05.422+0000] {dag.py:4180} INFO - Setting next_dagrun for extract_raw_data_pipeline to 2026-06-17 07:59:00+00:00, run_after=2026-06-18 07:00:00+00:00
[2026-06-17T21:04:05.435+0000] {processor.py:208} INFO - Processing /opt/airflow/dags/batch_generator.py took 0.140 seconds
[2026-06-17T21:04:35.702+0000] {processor.py:186} INFO - Started process (PID=2203) to work on /opt/airflow/dags/batch_generator.py
[2026-06-17T21:04:35.702+0000] {processor.py:914} INFO - Processing file /opt/airflow/dags/batch_generator.py for tasks to queue
[2026-06-17T21:04:35.704+0000] {logging_mixin.py:190} INFO - [2026-06-17T21:04:35.704+0000] {dagbag.py:588} INFO - Filling up the DagBag from /opt/airflow/dags/batch_generator.py
[2026-06-17T21:04:35.797+0000] {processor.py:925} INFO - DAG(s) 'extract_raw_data_pipeline' retrieved from /opt/airflow/dags/batch_generator.py
[2026-06-17T21:04:35.813+0000] {logging_mixin.py:190} INFO - [2026-06-17T21:04:35.813+0000] {dag.py:3239} INFO - Sync 1 DAGs
[2026-06-17T21:04:35.827+0000] {logging_mixin.py:190} INFO - [2026-06-17T21:04:35.827+0000] {dag.py:4180} INFO - Setting next_dagrun for extract_raw_data_pipeline to 2026-06-17 07:59:00+00:00, run_after=2026-06-18 07:00:00+00:00
[2026-06-17T21:04:35.840+0000] {processor.py:208} INFO - Processing /opt/airflow/dags/batch_generator.py took 0.142 seconds
[2026-06-17T21:05:05.967+0000] {processor.py:186} INFO - Started process (PID=2211) to work on /opt/airflow/dags/batch_generator.py
[2026-06-17T21:05:05.968+0000] {processor.py:914} INFO - Processing file /opt/airflow/dags/batch_generator.py for tasks to queue
[2026-06-17T21:05:05.970+0000] {logging_mixin.py:190} INFO - [2026-06-17T21:05:05.969+0000] {dagbag.py:588} INFO - Filling up the DagBag from /opt/airflow/dags/batch_generator.py
[2026-06-17T21:05:06.059+0000] {processor.py:925} INFO - DAG(s) 'extract_raw_data_pipeline' retrieved from /opt/airflow/dags/batch_generator.py
[2026-06-17T21:05:06.076+0000] {logging_mixin.py:190} INFO - [2026-06-17T21:05:06.076+0000] {dag.py:3239} INFO - Sync 1 DAGs
[2026-06-17T21:05:06.090+0000] {logging_mixin.py:190} INFO - [2026-06-17T21:05:06.090+0000] {dag.py:4180} INFO - Setting next_dagrun for extract_raw_data_pipeline to 2026-06-17 07:59:00+00:00, run_after=2026-06-18 07:00:00+00:00
[2026-06-17T21:05:06.102+0000] {processor.py:208} INFO - Processing /opt/airflow/dags/batch_generator.py took 0.138 seconds
[2026-06-17T21:05:36.389+0000] {processor.py:186} INFO - Started process (PID=2220) to work on /opt/airflow/dags/batch_generator.py
[2026-06-17T21:05:36.390+0000] {processor.py:914} INFO - Processing file /opt/airflow/dags/batch_generator.py for tasks to queue
[2026-06-17T21:05:36.391+0000] {logging_mixin.py:190} INFO - [2026-06-17T21:05:36.391+0000] {dagbag.py:588} INFO - Filling up the DagBag from /opt/airflow/dags/batch_generator.py
[2026-06-17T21:05:36.482+0000] {processor.py:925} INFO - DAG(s) 'extract_raw_data_pipeline' retrieved from /opt/airflow/dags/batch_generator.py
[2026-06-17T21:05:36.497+0000] {logging_mixin.py:190} INFO - [2026-06-17T21:05:36.497+0000] {dag.py:3239} INFO - Sync 1 DAGs
[2026-06-17T21:05:36.512+0000] {logging_mixin.py:190} INFO - [2026-06-17T21:05:36.512+0000] {dag.py:4180} INFO - Setting next_dagrun for extract_raw_data_pipeline to 2026-06-17 07:59:00+00:00, run_after=2026-06-18 07:00:00+00:00
[2026-06-17T21:05:36.529+0000] {processor.py:208} INFO - Processing /opt/airflow/dags/batch_generator.py took 0.143 seconds
[2026-06-17T21:06:06.671+0000] {processor.py:186} INFO - Started process (PID=2228) to work on /opt/airflow/dags/batch_generator.py
[2026-06-17T21:06:06.672+0000] {processor.py:914} INFO - Processing file /opt/airflow/dags/batch_generator.py for tasks to queue
[2026-06-17T21:06:06.674+0000] {logging_mixin.py:190} INFO - [2026-06-17T21:06:06.673+0000] {dagbag.py:588} INFO - Filling up the DagBag from /opt/airflow/dags/batch_generator.py
[2026-06-17T21:06:06.762+0000] {processor.py:925} INFO - DAG(s) 'extract_raw_data_pipeline' retrieved from /opt/airflow/dags/batch_generator.py
[2026-06-17T21:06:06.779+0000] {logging_mixin.py:190} INFO - [2026-06-17T21:06:06.779+0000] {dag.py:3239} INFO - Sync 1 DAGs
[2026-06-17T21:06:06.794+0000] {logging_mixin.py:190} INFO - [2026-06-17T21:06:06.794+0000] {dag.py:4180} INFO - Setting next_dagrun for extract_raw_data_pipeline to 2026-06-17 07:59:00+00:00, run_after=2026-06-18 07:00:00+00:00
[2026-06-17T21:06:06.807+0000] {processor.py:208} INFO - Processing /opt/airflow/dags/batch_generator.py took 0.140 seconds
[2026-06-17T21:06:37.187+0000] {processor.py:186} INFO - Started process (PID=2236) to work on /opt/airflow/dags/batch_generator.py
[2026-06-17T21:06:37.188+0000] {processor.py:914} INFO - Processing file /opt/airflow/dags/batch_generator.py for tasks to queue
[2026-06-17T21:06:37.190+0000] {logging_mixin.py:190} INFO - [2026-06-17T21:06:37.189+0000] {dagbag.py:588} INFO - Filling up the DagBag from /opt/airflow/dags/batch_generator.py
[2026-06-17T21:06:37.274+0000] {processor.py:925} INFO - DAG(s) 'extract_raw_data_pipeline' retrieved from /opt/airflow/dags/batch_generator.py
[2026-06-17T21:06:37.289+0000] {logging_mixin.py:190} INFO - [2026-06-17T21:06:37.289+0000] {dag.py:3239} INFO - Sync 1 DAGs
[2026-06-17T21:06:37.301+0000] {logging_mixin.py:190} INFO - [2026-06-17T21:06:37.301+0000] {dag.py:4180} INFO - Setting next_dagrun for extract_raw_data_pipeline to 2026-06-17 07:59:00+00:00, run_after=2026-06-18 07:00:00+00:00
[2026-06-17T21:06:37.314+0000] {processor.py:208} INFO - Processing /opt/airflow/dags/batch_generator.py took 0.132 seconds
[2026-06-17T21:07:07.538+0000] {processor.py:186} INFO - Started process (PID=2244) to work on /opt/airflow/dags/batch_generator.py
[2026-06-17T21:07:07.539+0000] {processor.py:914} INFO - Processing file /opt/airflow/dags/batch_generator.py for tasks to queue
[2026-06-17T21:07:07.541+0000] {logging_mixin.py:190} INFO - [2026-06-17T21:07:07.541+0000] {dagbag.py:588} INFO - Filling up the DagBag from /opt/airflow/dags/batch_generator.py
[2026-06-17T21:07:07.637+0000] {processor.py:925} INFO - DAG(s) 'extract_raw_data_pipeline' retrieved from /opt/airflow/dags/batch_generator.py
[2026-06-17T21:07:07.652+0000] {logging_mixin.py:190} INFO - [2026-06-17T21:07:07.652+0000] {dag.py:3239} INFO - Sync 1 DAGs
[2026-06-17T21:07:07.665+0000] {logging_mixin.py:190} INFO - [2026-06-17T21:07:07.665+0000] {dag.py:4180} INFO - Setting next_dagrun for extract_raw_data_pipeline to 2026-06-17 07:59:00+00:00, run_after=2026-06-18 07:00:00+00:00
[2026-06-17T21:07:07.679+0000] {processor.py:208} INFO - Processing /opt/airflow/dags/batch_generator.py took 0.144 seconds
[2026-06-17T21:07:37.905+0000] {processor.py:186} INFO - Started process (PID=2252) to work on /opt/airflow/dags/batch_generator.py
[2026-06-17T21:07:37.905+0000] {processor.py:914} INFO - Processing file /opt/airflow/dags/batch_generator.py for tasks to queue
[2026-06-17T21:07:37.907+0000] {logging_mixin.py:190} INFO - [2026-06-17T21:07:37.907+0000] {dagbag.py:588} INFO - Filling up the DagBag from /opt/airflow/dags/batch_generator.py
[2026-06-17T21:07:37.995+0000] {processor.py:925} INFO - DAG(s) 'extract_raw_data_pipeline' retrieved from /opt/airflow/dags/batch_generator.py
[2026-06-17T21:07:38.011+0000] {logging_mixin.py:190} INFO - [2026-06-17T21:07:38.011+0000] {dag.py:3239} INFO - Sync 1 DAGs
[2026-06-17T21:07:38.026+0000] {logging_mixin.py:190} INFO - [2026-06-17T21:07:38.026+0000] {dag.py:4180} INFO - Setting next_dagrun for extract_raw_data_pipeline to 2026-06-17 07:59:00+00:00, run_after=2026-06-18 07:00:00+00:00
[2026-06-17T21:07:38.049+0000] {processor.py:208} INFO - Processing /opt/airflow/dags/batch_generator.py took 0.148 seconds
[2026-06-17T21:08:08.244+0000] {processor.py:186} INFO - Started process (PID=2260) to work on /opt/airflow/dags/batch_generator.py
[2026-06-17T21:08:08.245+0000] {processor.py:914} INFO - Processing file /opt/airflow/dags/batch_generator.py for tasks to queue
[2026-06-17T21:08:08.246+0000] {logging_mixin.py:190} INFO - [2026-06-17T21:08:08.246+0000] {dagbag.py:588} INFO - Filling up the DagBag from /opt/airflow/dags/batch_generator.py
[2026-06-17T21:08:08.333+0000] {processor.py:925} INFO - DAG(s) 'extract_raw_data_pipeline' retrieved from /opt/airflow/dags/batch_generator.py
[2026-06-17T21:08:08.349+0000] {logging_mixin.py:190} INFO - [2026-06-17T21:08:08.349+0000] {dag.py:3239} INFO - Sync 1 DAGs
[2026-06-17T21:08:08.361+0000] {logging_mixin.py:190} INFO - [2026-06-17T21:08:08.361+0000] {dag.py:4180} INFO - Setting next_dagrun for extract_raw_data_pipeline to 2026-06-17 07:59:00+00:00, run_after=2026-06-18 07:00:00+00:00
[2026-06-17T21:08:08.373+0000] {processor.py:208} INFO - Processing /opt/airflow/dags/batch_generator.py took 0.133 seconds
[2026-06-17T21:08:38.595+0000] {processor.py:186} INFO - Started process (PID=2268) to work on /opt/airflow/dags/batch_generator.py
[2026-06-17T21:08:38.595+0000] {processor.py:914} INFO - Processing file /opt/airflow/dags/batch_generator.py for tasks to queue
[2026-06-17T21:08:38.597+0000] {logging_mixin.py:190} INFO - [2026-06-17T21:08:38.597+0000] {dagbag.py:588} INFO - Filling up the DagBag from /opt/airflow/dags/batch_generator.py
[2026-06-17T21:08:38.683+0000] {processor.py:925} INFO - DAG(s) 'extract_raw_data_pipeline' retrieved from /opt/airflow/dags/batch_generator.py
[2026-06-17T21:08:38.698+0000] {logging_mixin.py:190} INFO - [2026-06-17T21:08:38.698+0000] {dag.py:3239} INFO - Sync 1 DAGs
[2026-06-17T21:08:38.712+0000] {logging_mixin.py:190} INFO - [2026-06-17T21:08:38.712+0000] {dag.py:4180} INFO - Setting next_dagrun for extract_raw_data_pipeline to 2026-06-17 07:59:00+00:00, run_after=2026-06-18 07:00:00+00:00
[2026-06-17T21:08:38.724+0000] {processor.py:208} INFO - Processing /opt/airflow/dags/batch_generator.py took 0.133 seconds
[2026-06-17T21:09:08.960+0000] {processor.py:186} INFO - Started process (PID=2276) to work on /opt/airflow/dags/batch_generator.py
[2026-06-17T21:09:08.961+0000] {processor.py:914} INFO - Processing file /opt/airflow/dags/batch_generator.py for tasks to queue
[2026-06-17T21:09:08.962+0000] {logging_mixin.py:190} INFO - [2026-06-17T21:09:08.962+0000] {dagbag.py:588} INFO - Filling up the DagBag from /opt/airflow/dags/batch_generator.py
[2026-06-17T21:09:09.043+0000] {processor.py:925} INFO - DAG(s) 'extract_raw_data_pipeline' retrieved from /opt/airflow/dags/batch_generator.py
[2026-06-17T21:09:09.058+0000] {logging_mixin.py:190} INFO - [2026-06-17T21:09:09.058+0000] {dag.py:3239} INFO - Sync 1 DAGs
[2026-06-17T21:09:09.071+0000] {logging_mixin.py:190} INFO - [2026-06-17T21:09:09.071+0000] {dag.py:4180} INFO - Setting next_dagrun for extract_raw_data_pipeline to 2026-06-17 07:59:00+00:00, run_after=2026-06-18 07:00:00+00:00
[2026-06-17T21:09:09.083+0000] {processor.py:208} INFO - Processing /opt/airflow/dags/batch_generator.py took 0.126 seconds
[2026-06-17T21:09:39.355+0000] {processor.py:186} INFO - Started process (PID=2284) to work on /opt/airflow/dags/batch_generator.py
[2026-06-17T21:09:39.356+0000] {processor.py:914} INFO - Processing file /opt/airflow/dags/batch_generator.py for tasks to queue
[2026-06-17T21:09:39.357+0000] {logging_mixin.py:190} INFO - [2026-06-17T21:09:39.357+0000] {dagbag.py:588} INFO - Filling up the DagBag from /opt/airflow/dags/batch_generator.py
[2026-06-17T21:09:39.457+0000] {processor.py:925} INFO - DAG(s) 'extract_raw_data_pipeline' retrieved from /opt/airflow/dags/batch_generator.py
[2026-06-17T21:09:39.473+0000] {logging_mixin.py:190} INFO - [2026-06-17T21:09:39.472+0000] {dag.py:3239} INFO - Sync 1 DAGs
[2026-06-17T21:09:39.487+0000] {logging_mixin.py:190} INFO - [2026-06-17T21:09:39.487+0000] {dag.py:4180} INFO - Setting next_dagrun for extract_raw_data_pipeline to 2026-06-17 07:59:00+00:00, run_after=2026-06-18 07:00:00+00:00
[2026-06-17T21:09:39.501+0000] {processor.py:208} INFO - Processing /opt/airflow/dags/batch_generator.py took 0.150 seconds
[2026-06-17T21:10:09.609+0000] {processor.py:186} INFO - Started process (PID=2292) to work on /opt/airflow/dags/batch_generator.py
[2026-06-17T21:10:09.610+0000] {processor.py:914} INFO - Processing file /opt/airflow/dags/batch_generator.py for tasks to queue
[2026-06-17T21:10:09.613+0000] {logging_mixin.py:190} INFO - [2026-06-17T21:10:09.613+0000] {dagbag.py:588} INFO - Filling up the DagBag from /opt/airflow/dags/batch_generator.py
[2026-06-17T21:10:09.717+0000] {processor.py:925} INFO - DAG(s) 'extract_raw_data_pipeline' retrieved from /opt/airflow/dags/batch_generator.py
[2026-06-17T21:10:09.734+0000] {logging_mixin.py:190} INFO - [2026-06-17T21:10:09.733+0000] {dag.py:3239} INFO - Sync 1 DAGs
[2026-06-17T21:10:09.745+0000] {logging_mixin.py:190} INFO - [2026-06-17T21:10:09.745+0000] {dag.py:4180} INFO - Setting next_dagrun for extract_raw_data_pipeline to 2026-06-17 07:59:00+00:00, run_after=2026-06-18 07:00:00+00:00
[2026-06-17T21:10:09.761+0000] {processor.py:208} INFO - Processing /opt/airflow/dags/batch_generator.py took 0.157 seconds
[2026-06-17T21:10:40.054+0000] {processor.py:186} INFO - Started process (PID=2300) to work on /opt/airflow/dags/batch_generator.py
[2026-06-17T21:10:40.055+0000] {processor.py:914} INFO - Processing file /opt/airflow/dags/batch_generator.py for tasks to queue
[2026-06-17T21:10:40.056+0000] {logging_mixin.py:190} INFO - [2026-06-17T21:10:40.056+0000] {dagbag.py:588} INFO - Filling up the DagBag from /opt/airflow/dags/batch_generator.py
[2026-06-17T21:10:40.154+0000] {processor.py:925} INFO - DAG(s) 'extract_raw_data_pipeline' retrieved from /opt/airflow/dags/batch_generator.py
[2026-06-17T21:10:40.170+0000] {logging_mixin.py:190} INFO - [2026-06-17T21:10:40.170+0000] {dag.py:3239} INFO - Sync 1 DAGs
[2026-06-17T21:10:40.184+0000] {logging_mixin.py:190} INFO - [2026-06-17T21:10:40.184+0000] {dag.py:4180} INFO - Setting next_dagrun for extract_raw_data_pipeline to 2026-06-17 07:59:00+00:00, run_after=2026-06-18 07:00:00+00:00
[2026-06-17T21:10:40.198+0000] {processor.py:208} INFO - Processing /opt/airflow/dags/batch_generator.py took 0.148 seconds
[2026-06-17T21:11:10.373+0000] {processor.py:186} INFO - Started process (PID=2308) to work on /opt/airflow/dags/batch_generator.py
[2026-06-17T21:11:10.373+0000] {processor.py:914} INFO - Processing file /opt/airflow/dags/batch_generator.py for tasks to queue
[2026-06-17T21:11:10.375+0000] {logging_mixin.py:190} INFO - [2026-06-17T21:11:10.375+0000] {dagbag.py:588} INFO - Filling up the DagBag from /opt/airflow/dags/batch_generator.py
[2026-06-17T21:11:10.475+0000] {processor.py:925} INFO - DAG(s) 'extract_raw_data_pipeline' retrieved from /opt/airflow/dags/batch_generator.py
[2026-06-17T21:11:10.490+0000] {logging_mixin.py:190} INFO - [2026-06-17T21:11:10.490+0000] {dag.py:3239} INFO - Sync 1 DAGs
[2026-06-17T21:11:10.504+0000] {logging_mixin.py:190} INFO - [2026-06-17T21:11:10.504+0000] {dag.py:4180} INFO - Setting next_dagrun for extract_raw_data_pipeline to 2026-06-17 07:59:00+00:00, run_after=2026-06-18 07:00:00+00:00
[2026-06-17T21:11:10.517+0000] {processor.py:208} INFO - Processing /opt/airflow/dags/batch_generator.py took 0.148 seconds
[2026-06-17T21:11:40.845+0000] {processor.py:186} INFO - Started process (PID=2316) to work on /opt/airflow/dags/batch_generator.py
[2026-06-17T21:11:40.846+0000] {processor.py:914} INFO - Processing file /opt/airflow/dags/batch_generator.py for tasks to queue
[2026-06-17T21:11:40.847+0000] {logging_mixin.py:190} INFO - [2026-06-17T21:11:40.847+0000] {dagbag.py:588} INFO - Filling up the DagBag from /opt/airflow/dags/batch_generator.py
[2026-06-17T21:11:40.937+0000] {processor.py:925} INFO - DAG(s) 'extract_raw_data_pipeline' retrieved from /opt/airflow/dags/batch_generator.py
[2026-06-17T21:11:40.953+0000] {logging_mixin.py:190} INFO - [2026-06-17T21:11:40.953+0000] {dag.py:3239} INFO - Sync 1 DAGs
[2026-06-17T21:11:40.968+0000] {logging_mixin.py:190} INFO - [2026-06-17T21:11:40.967+0000] {dag.py:4180} INFO - Setting next_dagrun for extract_raw_data_pipeline to 2026-06-17 07:59:00+00:00, run_after=2026-06-18 07:00:00+00:00
[2026-06-17T21:11:40.984+0000] {processor.py:208} INFO - Processing /opt/airflow/dags/batch_generator.py took 0.142 seconds
[2026-06-17T21:12:11.160+0000] {processor.py:186} INFO - Started process (PID=2324) to work on /opt/airflow/dags/batch_generator.py
[2026-06-17T21:12:11.161+0000] {processor.py:914} INFO - Processing file /opt/airflow/dags/batch_generator.py for tasks to queue
[2026-06-17T21:12:11.163+0000] {logging_mixin.py:190} INFO - [2026-06-17T21:12:11.162+0000] {dagbag.py:588} INFO - Filling up the DagBag from /opt/airflow/dags/batch_generator.py
[2026-06-17T21:12:11.250+0000] {processor.py:925} INFO - DAG(s) 'extract_raw_data_pipeline' retrieved from /opt/airflow/dags/batch_generator.py
[2026-06-17T21:12:11.267+0000] {logging_mixin.py:190} INFO - [2026-06-17T21:12:11.267+0000] {dag.py:3239} INFO - Sync 1 DAGs
[2026-06-17T21:12:11.281+0000] {logging_mixin.py:190} INFO - [2026-06-17T21:12:11.281+0000] {dag.py:4180} INFO - Setting next_dagrun for extract_raw_data_pipeline to 2026-06-17 07:59:00+00:00, run_after=2026-06-18 07:00:00+00:00
[2026-06-17T21:12:11.303+0000] {processor.py:208} INFO - Processing /opt/airflow/dags/batch_generator.py took 0.146 seconds
[2026-06-17T21:12:41.603+0000] {processor.py:186} INFO - Started process (PID=2332) to work on /opt/airflow/dags/batch_generator.py
[2026-06-17T21:12:41.604+0000] {processor.py:914} INFO - Processing file /opt/airflow/dags/batch_generator.py for tasks to queue
[2026-06-17T21:12:41.606+0000] {logging_mixin.py:190} INFO - [2026-06-17T21:12:41.606+0000] {dagbag.py:588} INFO - Filling up the DagBag from /opt/airflow/dags/batch_generator.py
[2026-06-17T21:12:41.697+0000] {processor.py:925} INFO - DAG(s) 'extract_raw_data_pipeline' retrieved from /opt/airflow/dags/batch_generator.py
[2026-06-17T21:12:41.713+0000] {logging_mixin.py:190} INFO - [2026-06-17T21:12:41.713+0000] {dag.py:3239} INFO - Sync 1 DAGs
[2026-06-17T21:12:41.726+0000] {logging_mixin.py:190} INFO - [2026-06-17T21:12:41.726+0000] {dag.py:4180} INFO - Setting next_dagrun for extract_raw_data_pipeline to 2026-06-17 07:59:00+00:00, run_after=2026-06-18 07:00:00+00:00
[2026-06-17T21:12:41.739+0000] {processor.py:208} INFO - Processing /opt/airflow/dags/batch_generator.py took 0.139 seconds
[2026-06-17T21:13:11.904+0000] {processor.py:186} INFO - Started process (PID=2340) to work on /opt/airflow/dags/batch_generator.py
[2026-06-17T21:13:11.905+0000] {processor.py:914} INFO - Processing file /opt/airflow/dags/batch_generator.py for tasks to queue
[2026-06-17T21:13:11.906+0000] {logging_mixin.py:190} INFO - [2026-06-17T21:13:11.906+0000] {dagbag.py:588} INFO - Filling up the DagBag from /opt/airflow/dags/batch_generator.py
[2026-06-17T21:13:11.996+0000] {processor.py:925} INFO - DAG(s) 'extract_raw_data_pipeline' retrieved from /opt/airflow/dags/batch_generator.py
[2026-06-17T21:13:12.011+0000] {logging_mixin.py:190} INFO - [2026-06-17T21:13:12.011+0000] {dag.py:3239} INFO - Sync 1 DAGs
[2026-06-17T21:13:12.023+0000] {logging_mixin.py:190} INFO - [2026-06-17T21:13:12.023+0000] {dag.py:4180} INFO - Setting next_dagrun for extract_raw_data_pipeline to 2026-06-17 07:59:00+00:00, run_after=2026-06-18 07:00:00+00:00
[2026-06-17T21:13:12.036+0000] {processor.py:208} INFO - Processing /opt/airflow/dags/batch_generator.py took 0.136 seconds
[2026-06-17T21:13:42.230+0000] {processor.py:186} INFO - Started process (PID=2348) to work on /opt/airflow/dags/batch_generator.py
[2026-06-17T21:13:42.230+0000] {processor.py:914} INFO - Processing file /opt/airflow/dags/batch_generator.py for tasks to queue
[2026-06-17T21:13:42.232+0000] {logging_mixin.py:190} INFO - [2026-06-17T21:13:42.232+0000] {dagbag.py:588} INFO - Filling up the DagBag from /opt/airflow/dags/batch_generator.py
[2026-06-17T21:13:42.316+0000] {processor.py:925} INFO - DAG(s) 'extract_raw_data_pipeline' retrieved from /opt/airflow/dags/batch_generator.py
[2026-06-17T21:13:42.332+0000] {logging_mixin.py:190} INFO - [2026-06-17T21:13:42.332+0000] {dag.py:3239} INFO - Sync 1 DAGs
[2026-06-17T21:13:42.346+0000] {logging_mixin.py:190} INFO - [2026-06-17T21:13:42.346+0000] {dag.py:4180} INFO - Setting next_dagrun for extract_raw_data_pipeline to 2026-06-17 07:59:00+00:00, run_after=2026-06-18 07:00:00+00:00
[2026-06-17T21:13:42.357+0000] {processor.py:208} INFO - Processing /opt/airflow/dags/batch_generator.py took 0.131 seconds
[2026-06-17T21:14:12.700+0000] {processor.py:186} INFO - Started process (PID=2356) to work on /opt/airflow/dags/batch_generator.py
[2026-06-17T21:14:12.701+0000] {processor.py:914} INFO - Processing file /opt/airflow/dags/batch_generator.py for tasks to queue
[2026-06-17T21:14:12.703+0000] {logging_mixin.py:190} INFO - [2026-06-17T21:14:12.702+0000] {dagbag.py:588} INFO - Filling up the DagBag from /opt/airflow/dags/batch_generator.py
[2026-06-17T21:14:12.788+0000] {processor.py:925} INFO - DAG(s) 'extract_raw_data_pipeline' retrieved from /opt/airflow/dags/batch_generator.py
[2026-06-17T21:14:12.805+0000] {logging_mixin.py:190} INFO - [2026-06-17T21:14:12.805+0000] {dag.py:3239} INFO - Sync 1 DAGs
[2026-06-17T21:14:12.818+0000] {logging_mixin.py:190} INFO - [2026-06-17T21:14:12.818+0000] {dag.py:4180} INFO - Setting next_dagrun for extract_raw_data_pipeline to 2026-06-17 07:59:00+00:00, run_after=2026-06-18 07:00:00+00:00
[2026-06-17T21:14:12.829+0000] {processor.py:208} INFO - Processing /opt/airflow/dags/batch_generator.py took 0.133 seconds
[2026-06-17T21:14:43.032+0000] {processor.py:186} INFO - Started process (PID=2364) to work on /opt/airflow/dags/batch_generator.py
[2026-06-17T21:14:43.033+0000] {processor.py:914} INFO - Processing file /opt/airflow/dags/batch_generator.py for tasks to queue
[2026-06-17T21:14:43.035+0000] {logging_mixin.py:190} INFO - [2026-06-17T21:14:43.035+0000] {dagbag.py:588} INFO - Filling up the DagBag from /opt/airflow/dags/batch_generator.py
[2026-06-17T21:14:43.128+0000] {processor.py:925} INFO - DAG(s) 'extract_raw_data_pipeline' retrieved from /opt/airflow/dags/batch_generator.py
[2026-06-17T21:14:43.145+0000] {logging_mixin.py:190} INFO - [2026-06-17T21:14:43.145+0000] {dag.py:3239} INFO - Sync 1 DAGs
[2026-06-17T21:14:43.160+0000] {logging_mixin.py:190} INFO - [2026-06-17T21:14:43.160+0000] {dag.py:4180} INFO - Setting next_dagrun for extract_raw_data_pipeline to 2026-06-17 07:59:00+00:00, run_after=2026-06-18 07:00:00+00:00
[2026-06-17T21:14:43.174+0000] {processor.py:208} INFO - Processing /opt/airflow/dags/batch_generator.py took 0.146 seconds
[2026-06-17T21:15:13.478+0000] {processor.py:186} INFO - Started process (PID=2372) to work on /opt/airflow/dags/batch_generator.py
[2026-06-17T21:15:13.479+0000] {processor.py:914} INFO - Processing file /opt/airflow/dags/batch_generator.py for tasks to queue
[2026-06-17T21:15:13.480+0000] {logging_mixin.py:190} INFO - [2026-06-17T21:15:13.480+0000] {dagbag.py:588} INFO - Filling up the DagBag from /opt/airflow/dags/batch_generator.py
[2026-06-17T21:15:13.577+0000] {processor.py:925} INFO - DAG(s) 'extract_raw_data_pipeline' retrieved from /opt/airflow/dags/batch_generator.py
[2026-06-17T21:15:13.602+0000] {logging_mixin.py:190} INFO - [2026-06-17T21:15:13.601+0000] {dag.py:3239} INFO - Sync 1 DAGs
[2026-06-17T21:15:13.632+0000] {logging_mixin.py:190} INFO - [2026-06-17T21:15:13.632+0000] {dag.py:4180} INFO - Setting next_dagrun for extract_raw_data_pipeline to 2026-06-17 07:59:00+00:00, run_after=2026-06-18 07:00:00+00:00
[2026-06-17T21:15:13.650+0000] {processor.py:208} INFO - Processing /opt/airflow/dags/batch_generator.py took 0.176 seconds
[2026-06-17T21:15:43.781+0000] {processor.py:186} INFO - Started process (PID=2380) to work on /opt/airflow/dags/batch_generator.py
[2026-06-17T21:15:43.782+0000] {processor.py:914} INFO - Processing file /opt/airflow/dags/batch_generator.py for tasks to queue
[2026-06-17T21:15:43.784+0000] {logging_mixin.py:190} INFO - [2026-06-17T21:15:43.783+0000] {dagbag.py:588} INFO - Filling up the DagBag from /opt/airflow/dags/batch_generator.py
[2026-06-17T21:15:43.873+0000] {processor.py:925} INFO - DAG(s) 'extract_raw_data_pipeline' retrieved from /opt/airflow/dags/batch_generator.py
[2026-06-17T21:15:43.889+0000] {logging_mixin.py:190} INFO - [2026-06-17T21:15:43.889+0000] {dag.py:3239} INFO - Sync 1 DAGs
[2026-06-17T21:15:43.904+0000] {logging_mixin.py:190} INFO - [2026-06-17T21:15:43.904+0000] {dag.py:4180} INFO - Setting next_dagrun for extract_raw_data_pipeline to 2026-06-17 07:59:00+00:00, run_after=2026-06-18 07:00:00+00:00
[2026-06-17T21:15:43.922+0000] {processor.py:208} INFO - Processing /opt/airflow/dags/batch_generator.py took 0.145 seconds
[2026-06-17T21:16:14.309+0000] {processor.py:186} INFO - Started process (PID=2388) to work on /opt/airflow/dags/batch_generator.py
[2026-06-17T21:16:14.310+0000] {processor.py:914} INFO - Processing file /opt/airflow/dags/batch_generator.py for tasks to queue
[2026-06-17T21:16:14.312+0000] {logging_mixin.py:190} INFO - [2026-06-17T21:16:14.311+0000] {dagbag.py:588} INFO - Filling up the DagBag from /opt/airflow/dags/batch_generator.py
[2026-06-17T21:16:14.398+0000] {processor.py:925} INFO - DAG(s) 'extract_raw_data_pipeline' retrieved from /opt/airflow/dags/batch_generator.py
[2026-06-17T21:16:14.415+0000] {logging_mixin.py:190} INFO - [2026-06-17T21:16:14.414+0000] {dag.py:3239} INFO - Sync 1 DAGs
[2026-06-17T21:16:14.428+0000] {logging_mixin.py:190} INFO - [2026-06-17T21:16:14.428+0000] {dag.py:4180} INFO - Setting next_dagrun for extract_raw_data_pipeline to 2026-06-17 07:59:00+00:00, run_after=2026-06-18 07:00:00+00:00
[2026-06-17T21:16:14.441+0000] {processor.py:208} INFO - Processing /opt/airflow/dags/batch_generator.py took 0.135 seconds
[2026-06-17T21:16:44.593+0000] {processor.py:186} INFO - Started process (PID=2396) to work on /opt/airflow/dags/batch_generator.py
[2026-06-17T21:16:44.594+0000] {processor.py:914} INFO - Processing file /opt/airflow/dags/batch_generator.py for tasks to queue
[2026-06-17T21:16:44.595+0000] {logging_mixin.py:190} INFO - [2026-06-17T21:16:44.595+0000] {dagbag.py:588} INFO - Filling up the DagBag from /opt/airflow/dags/batch_generator.py
[2026-06-17T21:16:44.676+0000] {processor.py:925} INFO - DAG(s) 'extract_raw_data_pipeline' retrieved from /opt/airflow/dags/batch_generator.py
[2026-06-17T21:16:44.692+0000] {logging_mixin.py:190} INFO - [2026-06-17T21:16:44.692+0000] {dag.py:3239} INFO - Sync 1 DAGs
[2026-06-17T21:16:44.705+0000] {logging_mixin.py:190} INFO - [2026-06-17T21:16:44.705+0000] {dag.py:4180} INFO - Setting next_dagrun for extract_raw_data_pipeline to 2026-06-17 07:59:00+00:00, run_after=2026-06-18 07:00:00+00:00
[2026-06-17T21:16:44.718+0000] {processor.py:208} INFO - Processing /opt/airflow/dags/batch_generator.py took 0.128 seconds
[2026-06-17T21:17:14.916+0000] {processor.py:186} INFO - Started process (PID=2404) to work on /opt/airflow/dags/batch_generator.py
[2026-06-17T21:17:14.917+0000] {processor.py:914} INFO - Processing file /opt/airflow/dags/batch_generator.py for tasks to queue
[2026-06-17T21:17:14.918+0000] {logging_mixin.py:190} INFO - [2026-06-17T21:17:14.918+0000] {dagbag.py:588} INFO - Filling up the DagBag from /opt/airflow/dags/batch_generator.py
[2026-06-17T21:17:15.002+0000] {processor.py:925} INFO - DAG(s) 'extract_raw_data_pipeline' retrieved from /opt/airflow/dags/batch_generator.py
[2026-06-17T21:17:15.015+0000] {logging_mixin.py:190} INFO - [2026-06-17T21:17:15.015+0000] {dag.py:3239} INFO - Sync 1 DAGs
[2026-06-17T21:17:15.026+0000] {logging_mixin.py:190} INFO - [2026-06-17T21:17:15.026+0000] {dag.py:4180} INFO - Setting next_dagrun for extract_raw_data_pipeline to 2026-06-17 07:59:00+00:00, run_after=2026-06-18 07:00:00+00:00
[2026-06-17T21:17:15.039+0000] {processor.py:208} INFO - Processing /opt/airflow/dags/batch_generator.py took 0.126 seconds
[2026-06-17T21:17:45.276+0000] {processor.py:186} INFO - Started process (PID=2412) to work on /opt/airflow/dags/batch_generator.py
[2026-06-17T21:17:45.277+0000] {processor.py:914} INFO - Processing file /opt/airflow/dags/batch_generator.py for tasks to queue
[2026-06-17T21:17:45.279+0000] {logging_mixin.py:190} INFO - [2026-06-17T21:17:45.279+0000] {dagbag.py:588} INFO - Filling up the DagBag from /opt/airflow/dags/batch_generator.py
[2026-06-17T21:17:45.377+0000] {processor.py:925} INFO - DAG(s) 'extract_raw_data_pipeline' retrieved from /opt/airflow/dags/batch_generator.py
[2026-06-17T21:17:45.391+0000] {logging_mixin.py:190} INFO - [2026-06-17T21:17:45.391+0000] {dag.py:3239} INFO - Sync 1 DAGs
[2026-06-17T21:17:45.405+0000] {logging_mixin.py:190} INFO - [2026-06-17T21:17:45.405+0000] {dag.py:4180} INFO - Setting next_dagrun for extract_raw_data_pipeline to 2026-06-17 07:59:00+00:00, run_after=2026-06-18 07:00:00+00:00
[2026-06-17T21:17:45.418+0000] {processor.py:208} INFO - Processing /opt/airflow/dags/batch_generator.py took 0.146 seconds
[2026-06-17T21:18:15.577+0000] {processor.py:186} INFO - Started process (PID=2420) to work on /opt/airflow/dags/batch_generator.py
[2026-06-17T21:18:15.578+0000] {processor.py:914} INFO - Processing file /opt/airflow/dags/batch_generator.py for tasks to queue
[2026-06-17T21:18:15.579+0000] {logging_mixin.py:190} INFO - [2026-06-17T21:18:15.579+0000] {dagbag.py:588} INFO - Filling up the DagBag from /opt/airflow/dags/batch_generator.py
[2026-06-17T21:18:15.670+0000] {processor.py:925} INFO - DAG(s) 'extract_raw_data_pipeline' retrieved from /opt/airflow/dags/batch_generator.py
[2026-06-17T21:18:15.685+0000] {logging_mixin.py:190} INFO - [2026-06-17T21:18:15.685+0000] {dag.py:3239} INFO - Sync 1 DAGs
[2026-06-17T21:18:15.698+0000] {logging_mixin.py:190} INFO - [2026-06-17T21:18:15.698+0000] {dag.py:4180} INFO - Setting next_dagrun for extract_raw_data_pipeline to 2026-06-17 07:59:00+00:00, run_after=2026-06-18 07:00:00+00:00
[2026-06-17T21:18:15.712+0000] {processor.py:208} INFO - Processing /opt/airflow/dags/batch_generator.py took 0.138 seconds
[2026-06-17T21:18:45.990+0000] {processor.py:186} INFO - Started process (PID=2428) to work on /opt/airflow/dags/batch_generator.py
[2026-06-17T21:18:45.991+0000] {processor.py:914} INFO - Processing file /opt/airflow/dags/batch_generator.py for tasks to queue
[2026-06-17T21:18:45.992+0000] {logging_mixin.py:190} INFO - [2026-06-17T21:18:45.992+0000] {dagbag.py:588} INFO - Filling up the DagBag from /opt/airflow/dags/batch_generator.py
[2026-06-17T21:18:46.084+0000] {processor.py:925} INFO - DAG(s) 'extract_raw_data_pipeline' retrieved from /opt/airflow/dags/batch_generator.py
[2026-06-17T21:18:46.099+0000] {logging_mixin.py:190} INFO - [2026-06-17T21:18:46.099+0000] {dag.py:3239} INFO - Sync 1 DAGs
[2026-06-17T21:18:46.112+0000] {logging_mixin.py:190} INFO - [2026-06-17T21:18:46.112+0000] {dag.py:4180} INFO - Setting next_dagrun for extract_raw_data_pipeline to 2026-06-17 07:59:00+00:00, run_after=2026-06-18 07:00:00+00:00
[2026-06-17T21:18:46.129+0000] {processor.py:208} INFO - Processing /opt/airflow/dags/batch_generator.py took 0.142 seconds
[2026-06-17T21:19:16.288+0000] {processor.py:186} INFO - Started process (PID=2436) to work on /opt/airflow/dags/batch_generator.py
[2026-06-17T21:19:16.288+0000] {processor.py:914} INFO - Processing file /opt/airflow/dags/batch_generator.py for tasks to queue
[2026-06-17T21:19:16.290+0000] {logging_mixin.py:190} INFO - [2026-06-17T21:19:16.290+0000] {dagbag.py:588} INFO - Filling up the DagBag from /opt/airflow/dags/batch_generator.py
[2026-06-17T21:19:16.378+0000] {processor.py:925} INFO - DAG(s) 'extract_raw_data_pipeline' retrieved from /opt/airflow/dags/batch_generator.py
[2026-06-17T21:19:16.395+0000] {logging_mixin.py:190} INFO - [2026-06-17T21:19:16.395+0000] {dag.py:3239} INFO - Sync 1 DAGs
[2026-06-17T21:19:16.408+0000] {logging_mixin.py:190} INFO - [2026-06-17T21:19:16.408+0000] {dag.py:4180} INFO - Setting next_dagrun for extract_raw_data_pipeline to 2026-06-17 07:59:00+00:00, run_after=2026-06-18 07:00:00+00:00
[2026-06-17T21:19:16.422+0000] {processor.py:208} INFO - Processing /opt/airflow/dags/batch_generator.py took 0.138 seconds
[2026-06-17T21:19:46.708+0000] {processor.py:186} INFO - Started process (PID=2444) to work on /opt/airflow/dags/batch_generator.py
[2026-06-17T21:19:46.709+0000] {processor.py:914} INFO - Processing file /opt/airflow/dags/batch_generator.py for tasks to queue
[2026-06-17T21:19:46.710+0000] {logging_mixin.py:190} INFO - [2026-06-17T21:19:46.710+0000] {dagbag.py:588} INFO - Filling up the DagBag from /opt/airflow/dags/batch_generator.py
[2026-06-17T21:19:46.803+0000] {processor.py:925} INFO - DAG(s) 'extract_raw_data_pipeline' retrieved from /opt/airflow/dags/batch_generator.py
[2026-06-17T21:19:46.818+0000] {logging_mixin.py:190} INFO - [2026-06-17T21:19:46.818+0000] {dag.py:3239} INFO - Sync 1 DAGs
[2026-06-17T21:19:46.832+0000] {logging_mixin.py:190} INFO - [2026-06-17T21:19:46.832+0000] {dag.py:4180} INFO - Setting next_dagrun for extract_raw_data_pipeline to 2026-06-17 07:59:00+00:00, run_after=2026-06-18 07:00:00+00:00
[2026-06-17T21:19:46.845+0000] {processor.py:208} INFO - Processing /opt/airflow/dags/batch_generator.py took 0.140 seconds
[2026-06-17T21:20:17.031+0000] {processor.py:186} INFO - Started process (PID=2452) to work on /opt/airflow/dags/batch_generator.py
[2026-06-17T21:20:17.031+0000] {processor.py:914} INFO - Processing file /opt/airflow/dags/batch_generator.py for tasks to queue
[2026-06-17T21:20:17.033+0000] {logging_mixin.py:190} INFO - [2026-06-17T21:20:17.033+0000] {dagbag.py:588} INFO - Filling up the DagBag from /opt/airflow/dags/batch_generator.py
[2026-06-17T21:20:17.118+0000] {processor.py:925} INFO - DAG(s) 'extract_raw_data_pipeline' retrieved from /opt/airflow/dags/batch_generator.py
[2026-06-17T21:20:17.135+0000] {logging_mixin.py:190} INFO - [2026-06-17T21:20:17.135+0000] {dag.py:3239} INFO - Sync 1 DAGs
[2026-06-17T21:20:17.149+0000] {logging_mixin.py:190} INFO - [2026-06-17T21:20:17.149+0000] {dag.py:4180} INFO - Setting next_dagrun for extract_raw_data_pipeline to 2026-06-17 07:59:00+00:00, run_after=2026-06-18 07:00:00+00:00
[2026-06-17T21:20:17.164+0000] {processor.py:208} INFO - Processing /opt/airflow/dags/batch_generator.py took 0.137 seconds
[2026-06-17T21:20:47.455+0000] {processor.py:186} INFO - Started process (PID=2460) to work on /opt/airflow/dags/batch_generator.py
[2026-06-17T21:20:47.455+0000] {processor.py:914} INFO - Processing file /opt/airflow/dags/batch_generator.py for tasks to queue
[2026-06-17T21:20:47.457+0000] {logging_mixin.py:190} INFO - [2026-06-17T21:20:47.457+0000] {dagbag.py:588} INFO - Filling up the DagBag from /opt/airflow/dags/batch_generator.py
[2026-06-17T21:20:47.555+0000] {processor.py:925} INFO - DAG(s) 'extract_raw_data_pipeline' retrieved from /opt/airflow/dags/batch_generator.py
[2026-06-17T21:20:47.569+0000] {logging_mixin.py:190} INFO - [2026-06-17T21:20:47.569+0000] {dag.py:3239} INFO - Sync 1 DAGs
[2026-06-17T21:20:47.582+0000] {logging_mixin.py:190} INFO - [2026-06-17T21:20:47.582+0000] {dag.py:4180} INFO - Setting next_dagrun for extract_raw_data_pipeline to 2026-06-17 07:59:00+00:00, run_after=2026-06-18 07:00:00+00:00
[2026-06-17T21:20:47.594+0000] {processor.py:208} INFO - Processing /opt/airflow/dags/batch_generator.py took 0.143 seconds
[2026-06-17T21:21:17.824+0000] {processor.py:186} INFO - Started process (PID=2468) to work on /opt/airflow/dags/batch_generator.py
[2026-06-17T21:21:17.824+0000] {processor.py:914} INFO - Processing file /opt/airflow/dags/batch_generator.py for tasks to queue
[2026-06-17T21:21:17.826+0000] {logging_mixin.py:190} INFO - [2026-06-17T21:21:17.826+0000] {dagbag.py:588} INFO - Filling up the DagBag from /opt/airflow/dags/batch_generator.py
[2026-06-17T21:21:17.917+0000] {processor.py:925} INFO - DAG(s) 'extract_raw_data_pipeline' retrieved from /opt/airflow/dags/batch_generator.py
[2026-06-17T21:21:17.932+0000] {logging_mixin.py:190} INFO - [2026-06-17T21:21:17.932+0000] {dag.py:3239} INFO - Sync 1 DAGs
[2026-06-17T21:21:17.946+0000] {logging_mixin.py:190} INFO - [2026-06-17T21:21:17.946+0000] {dag.py:4180} INFO - Setting next_dagrun for extract_raw_data_pipeline to 2026-06-17 07:59:00+00:00, run_after=2026-06-18 07:00:00+00:00
[2026-06-17T21:21:17.965+0000] {processor.py:208} INFO - Processing /opt/airflow/dags/batch_generator.py took 0.145 seconds
[2026-06-17T21:21:48.423+0000] {processor.py:186} INFO - Started process (PID=2476) to work on /opt/airflow/dags/batch_generator.py
[2026-06-17T21:21:48.425+0000] {processor.py:914} INFO - Processing file /opt/airflow/dags/batch_generator.py for tasks to queue
[2026-06-17T21:21:48.427+0000] {logging_mixin.py:190} INFO - [2026-06-17T21:21:48.427+0000] {dagbag.py:588} INFO - Filling up the DagBag from /opt/airflow/dags/batch_generator.py
[2026-06-17T21:21:48.519+0000] {processor.py:925} INFO - DAG(s) 'extract_raw_data_pipeline' retrieved from /opt/airflow/dags/batch_generator.py
[2026-06-17T21:21:48.533+0000] {logging_mixin.py:190} INFO - [2026-06-17T21:21:48.533+0000] {dag.py:3239} INFO - Sync 1 DAGs
[2026-06-17T21:21:48.546+0000] {logging_mixin.py:190} INFO - [2026-06-17T21:21:48.546+0000] {dag.py:4180} INFO - Setting next_dagrun for extract_raw_data_pipeline to 2026-06-17 07:59:00+00:00, run_after=2026-06-18 07:00:00+00:00
[2026-06-17T21:21:48.558+0000] {processor.py:208} INFO - Processing /opt/airflow/dags/batch_generator.py took 0.142 seconds
[2026-06-17T21:22:18.593+0000] {processor.py:186} INFO - Started process (PID=2484) to work on /opt/airflow/dags/batch_generator.py
[2026-06-17T21:22:18.593+0000] {processor.py:914} INFO - Processing file /opt/airflow/dags/batch_generator.py for tasks to queue
[2026-06-17T21:22:18.595+0000] {logging_mixin.py:190} INFO - [2026-06-17T21:22:18.595+0000] {dagbag.py:588} INFO - Filling up the DagBag from /opt/airflow/dags/batch_generator.py
[2026-06-17T21:22:18.681+0000] {processor.py:925} INFO - DAG(s) 'extract_raw_data_pipeline' retrieved from /opt/airflow/dags/batch_generator.py
[2026-06-17T21:22:18.698+0000] {logging_mixin.py:190} INFO - [2026-06-17T21:22:18.698+0000] {dag.py:3239} INFO - Sync 1 DAGs
[2026-06-17T21:22:18.710+0000] {logging_mixin.py:190} INFO - [2026-06-17T21:22:18.710+0000] {dag.py:4180} INFO - Setting next_dagrun for extract_raw_data_pipeline to 2026-06-17 07:59:00+00:00, run_after=2026-06-18 07:00:00+00:00
[2026-06-17T21:22:18.724+0000] {processor.py:208} INFO - Processing /opt/airflow/dags/batch_generator.py took 0.134 seconds
[2026-06-17T21:22:48.891+0000] {processor.py:186} INFO - Started process (PID=2492) to work on /opt/airflow/dags/batch_generator.py
[2026-06-17T21:22:48.892+0000] {processor.py:914} INFO - Processing file /opt/airflow/dags/batch_generator.py for tasks to queue
[2026-06-17T21:22:48.893+0000] {logging_mixin.py:190} INFO - [2026-06-17T21:22:48.893+0000] {dagbag.py:588} INFO - Filling up the DagBag from /opt/airflow/dags/batch_generator.py
[2026-06-17T21:22:48.981+0000] {processor.py:925} INFO - DAG(s) 'extract_raw_data_pipeline' retrieved from /opt/airflow/dags/batch_generator.py
[2026-06-17T21:22:48.996+0000] {logging_mixin.py:190} INFO - [2026-06-17T21:22:48.996+0000] {dag.py:3239} INFO - Sync 1 DAGs
[2026-06-17T21:22:49.011+0000] {logging_mixin.py:190} INFO - [2026-06-17T21:22:49.011+0000] {dag.py:4180} INFO - Setting next_dagrun for extract_raw_data_pipeline to 2026-06-17 07:59:00+00:00, run_after=2026-06-18 07:00:00+00:00
[2026-06-17T21:22:49.028+0000] {processor.py:208} INFO - Processing /opt/airflow/dags/batch_generator.py took 0.141 seconds
[2026-06-17T21:23:19.313+0000] {processor.py:186} INFO - Started process (PID=2500) to work on /opt/airflow/dags/batch_generator.py
[2026-06-17T21:23:19.313+0000] {processor.py:914} INFO - Processing file /opt/airflow/dags/batch_generator.py for tasks to queue
[2026-06-17T21:23:19.315+0000] {logging_mixin.py:190} INFO - [2026-06-17T21:23:19.315+0000] {dagbag.py:588} INFO - Filling up the DagBag from /opt/airflow/dags/batch_generator.py
[2026-06-17T21:23:19.401+0000] {processor.py:925} INFO - DAG(s) 'extract_raw_data_pipeline' retrieved from /opt/airflow/dags/batch_generator.py
[2026-06-17T21:23:19.415+0000] {logging_mixin.py:190} INFO - [2026-06-17T21:23:19.415+0000] {dag.py:3239} INFO - Sync 1 DAGs
[2026-06-17T21:23:19.428+0000] {logging_mixin.py:190} INFO - [2026-06-17T21:23:19.428+0000] {dag.py:4180} INFO - Setting next_dagrun for extract_raw_data_pipeline to 2026-06-17 07:59:00+00:00, run_after=2026-06-18 07:00:00+00:00
[2026-06-17T21:23:19.441+0000] {processor.py:208} INFO - Processing /opt/airflow/dags/batch_generator.py took 0.131 seconds
[2026-06-17T21:23:49.711+0000] {processor.py:186} INFO - Started process (PID=2508) to work on /opt/airflow/dags/batch_generator.py
[2026-06-17T21:23:49.712+0000] {processor.py:914} INFO - Processing file /opt/airflow/dags/batch_generator.py for tasks to queue
[2026-06-17T21:23:49.714+0000] {logging_mixin.py:190} INFO - [2026-06-17T21:23:49.713+0000] {dagbag.py:588} INFO - Filling up the DagBag from /opt/airflow/dags/batch_generator.py
[2026-06-17T21:23:49.799+0000] {processor.py:925} INFO - DAG(s) 'extract_raw_data_pipeline' retrieved from /opt/airflow/dags/batch_generator.py
[2026-06-17T21:23:49.814+0000] {logging_mixin.py:190} INFO - [2026-06-17T21:23:49.814+0000] {dag.py:3239} INFO - Sync 1 DAGs
[2026-06-17T21:23:49.827+0000] {logging_mixin.py:190} INFO - [2026-06-17T21:23:49.827+0000] {dag.py:4180} INFO - Setting next_dagrun for extract_raw_data_pipeline to 2026-06-17 07:59:00+00:00, run_after=2026-06-18 07:00:00+00:00
[2026-06-17T21:23:49.840+0000] {processor.py:208} INFO - Processing /opt/airflow/dags/batch_generator.py took 0.132 seconds
[2026-06-17T21:24:19.973+0000] {processor.py:186} INFO - Started process (PID=2516) to work on /opt/airflow/dags/batch_generator.py
[2026-06-17T21:24:19.974+0000] {processor.py:914} INFO - Processing file /opt/airflow/dags/batch_generator.py for tasks to queue
[2026-06-17T21:24:19.975+0000] {logging_mixin.py:190} INFO - [2026-06-17T21:24:19.975+0000] {dagbag.py:588} INFO - Filling up the DagBag from /opt/airflow/dags/batch_generator.py
[2026-06-17T21:24:20.062+0000] {processor.py:925} INFO - DAG(s) 'extract_raw_data_pipeline' retrieved from /opt/airflow/dags/batch_generator.py
[2026-06-17T21:24:20.079+0000] {logging_mixin.py:190} INFO - [2026-06-17T21:24:20.079+0000] {dag.py:3239} INFO - Sync 1 DAGs
[2026-06-17T21:24:20.092+0000] {logging_mixin.py:190} INFO - [2026-06-17T21:24:20.092+0000] {dag.py:4180} INFO - Setting next_dagrun for extract_raw_data_pipeline to 2026-06-17 07:59:00+00:00, run_after=2026-06-18 07:00:00+00:00
[2026-06-17T21:24:20.105+0000] {processor.py:208} INFO - Processing /opt/airflow/dags/batch_generator.py took 0.135 seconds
[2026-06-17T21:24:50.407+0000] {processor.py:186} INFO - Started process (PID=2524) to work on /opt/airflow/dags/batch_generator.py
[2026-06-17T21:24:50.408+0000] {processor.py:914} INFO - Processing file /opt/airflow/dags/batch_generator.py for tasks to queue
[2026-06-17T21:24:50.410+0000] {logging_mixin.py:190} INFO - [2026-06-17T21:24:50.409+0000] {dagbag.py:588} INFO - Filling up the DagBag from /opt/airflow/dags/batch_generator.py
[2026-06-17T21:24:50.507+0000] {processor.py:925} INFO - DAG(s) 'extract_raw_data_pipeline' retrieved from /opt/airflow/dags/batch_generator.py
[2026-06-17T21:24:50.523+0000] {logging_mixin.py:190} INFO - [2026-06-17T21:24:50.523+0000] {dag.py:3239} INFO - Sync 1 DAGs
[2026-06-17T21:24:50.536+0000] {logging_mixin.py:190} INFO - [2026-06-17T21:24:50.536+0000] {dag.py:4180} INFO - Setting next_dagrun for extract_raw_data_pipeline to 2026-06-17 07:59:00+00:00, run_after=2026-06-18 07:00:00+00:00
[2026-06-17T21:24:50.548+0000] {processor.py:208} INFO - Processing /opt/airflow/dags/batch_generator.py took 0.146 seconds
[2026-06-17T21:25:20.671+0000] {processor.py:186} INFO - Started process (PID=2532) to work on /opt/airflow/dags/batch_generator.py
[2026-06-17T21:25:20.672+0000] {processor.py:914} INFO - Processing file /opt/airflow/dags/batch_generator.py for tasks to queue
[2026-06-17T21:25:20.674+0000] {logging_mixin.py:190} INFO - [2026-06-17T21:25:20.674+0000] {dagbag.py:588} INFO - Filling up the DagBag from /opt/airflow/dags/batch_generator.py
[2026-06-17T21:25:20.759+0000] {processor.py:925} INFO - DAG(s) 'extract_raw_data_pipeline' retrieved from /opt/airflow/dags/batch_generator.py
[2026-06-17T21:25:20.776+0000] {logging_mixin.py:190} INFO - [2026-06-17T21:25:20.776+0000] {dag.py:3239} INFO - Sync 1 DAGs
[2026-06-17T21:25:20.790+0000] {logging_mixin.py:190} INFO - [2026-06-17T21:25:20.789+0000] {dag.py:4180} INFO - Setting next_dagrun for extract_raw_data_pipeline to 2026-06-17 07:59:00+00:00, run_after=2026-06-18 07:00:00+00:00
[2026-06-17T21:25:20.807+0000] {processor.py:208} INFO - Processing /opt/airflow/dags/batch_generator.py took 0.140 seconds
[2026-06-17T21:25:50.946+0000] {processor.py:186} INFO - Started process (PID=2540) to work on /opt/airflow/dags/batch_generator.py
[2026-06-17T21:25:50.947+0000] {processor.py:914} INFO - Processing file /opt/airflow/dags/batch_generator.py for tasks to queue
[2026-06-17T21:25:50.948+0000] {logging_mixin.py:190} INFO - [2026-06-17T21:25:50.948+0000] {dagbag.py:588} INFO - Filling up the DagBag from /opt/airflow/dags/batch_generator.py
[2026-06-17T21:25:51.036+0000] {processor.py:925} INFO - DAG(s) 'extract_raw_data_pipeline' retrieved from /opt/airflow/dags/batch_generator.py
[2026-06-17T21:25:51.053+0000] {logging_mixin.py:190} INFO - [2026-06-17T21:25:51.053+0000] {dag.py:3239} INFO - Sync 1 DAGs
[2026-06-17T21:25:51.067+0000] {logging_mixin.py:190} INFO - [2026-06-17T21:25:51.067+0000] {dag.py:4180} INFO - Setting next_dagrun for extract_raw_data_pipeline to 2026-06-17 07:59:00+00:00, run_after=2026-06-18 07:00:00+00:00
[2026-06-17T21:25:51.080+0000] {processor.py:208} INFO - Processing /opt/airflow/dags/batch_generator.py took 0.138 seconds
[2026-06-17T21:26:21.323+0000] {processor.py:186} INFO - Started process (PID=2548) to work on /opt/airflow/dags/batch_generator.py
[2026-06-17T21:26:21.324+0000] {processor.py:914} INFO - Processing file /opt/airflow/dags/batch_generator.py for tasks to queue
[2026-06-17T21:26:21.325+0000] {logging_mixin.py:190} INFO - [2026-06-17T21:26:21.325+0000] {dagbag.py:588} INFO - Filling up the DagBag from /opt/airflow/dags/batch_generator.py
[2026-06-17T21:26:21.414+0000] {processor.py:925} INFO - DAG(s) 'extract_raw_data_pipeline' retrieved from /opt/airflow/dags/batch_generator.py
[2026-06-17T21:26:21.430+0000] {logging_mixin.py:190} INFO - [2026-06-17T21:26:21.430+0000] {dag.py:3239} INFO - Sync 1 DAGs
[2026-06-17T21:26:21.443+0000] {logging_mixin.py:190} INFO - [2026-06-17T21:26:21.443+0000] {dag.py:4180} INFO - Setting next_dagrun for extract_raw_data_pipeline to 2026-06-17 07:59:00+00:00, run_after=2026-06-18 07:00:00+00:00
[2026-06-17T21:26:21.459+0000] {processor.py:208} INFO - Processing /opt/airflow/dags/batch_generator.py took 0.140 seconds
[2026-06-17T21:26:51.663+0000] {processor.py:186} INFO - Started process (PID=2562) to work on /opt/airflow/dags/batch_generator.py
[2026-06-17T21:26:51.664+0000] {processor.py:914} INFO - Processing file /opt/airflow/dags/batch_generator.py for tasks to queue
[2026-06-17T21:26:51.665+0000] {logging_mixin.py:190} INFO - [2026-06-17T21:26:51.665+0000] {dagbag.py:588} INFO - Filling up the DagBag from /opt/airflow/dags/batch_generator.py
[2026-06-17T21:26:51.752+0000] {processor.py:925} INFO - DAG(s) 'extract_raw_data_pipeline' retrieved from /opt/airflow/dags/batch_generator.py
[2026-06-17T21:26:51.790+0000] {logging_mixin.py:190} INFO - [2026-06-17T21:26:51.789+0000] {dag.py:3239} INFO - Sync 1 DAGs
[2026-06-17T21:26:51.812+0000] {logging_mixin.py:190} INFO - [2026-06-17T21:26:51.812+0000] {dag.py:4180} INFO - Setting next_dagrun for extract_raw_data_pipeline to 2026-06-17 07:59:00+00:00, run_after=2026-06-18 07:00:00+00:00
[2026-06-17T21:26:51.827+0000] {processor.py:208} INFO - Processing /opt/airflow/dags/batch_generator.py took 0.167 seconds
[2026-06-17T21:27:22.087+0000] {processor.py:186} INFO - Started process (PID=2570) to work on /opt/airflow/dags/batch_generator.py
[2026-06-17T21:27:22.087+0000] {processor.py:914} INFO - Processing file /opt/airflow/dags/batch_generator.py for tasks to queue
[2026-06-17T21:27:22.089+0000] {logging_mixin.py:190} INFO - [2026-06-17T21:27:22.089+0000] {dagbag.py:588} INFO - Filling up the DagBag from /opt/airflow/dags/batch_generator.py
[2026-06-17T21:27:22.173+0000] {processor.py:925} INFO - DAG(s) 'extract_raw_data_pipeline' retrieved from /opt/airflow/dags/batch_generator.py
[2026-06-17T21:27:22.188+0000] {logging_mixin.py:190} INFO - [2026-06-17T21:27:22.188+0000] {dag.py:3239} INFO - Sync 1 DAGs
[2026-06-17T21:27:22.200+0000] {logging_mixin.py:190} INFO - [2026-06-17T21:27:22.200+0000] {dag.py:4180} INFO - Setting next_dagrun for extract_raw_data_pipeline to 2026-06-17 07:59:00+00:00, run_after=2026-06-18 07:00:00+00:00
[2026-06-17T21:27:22.214+0000] {processor.py:208} INFO - Processing /opt/airflow/dags/batch_generator.py took 0.131 seconds
[2026-06-17T21:27:52.422+0000] {processor.py:186} INFO - Started process (PID=2578) to work on /opt/airflow/dags/batch_generator.py
[2026-06-17T21:27:52.423+0000] {processor.py:914} INFO - Processing file /opt/airflow/dags/batch_generator.py for tasks to queue
[2026-06-17T21:27:52.424+0000] {logging_mixin.py:190} INFO - [2026-06-17T21:27:52.424+0000] {dagbag.py:588} INFO - Filling up the DagBag from /opt/airflow/dags/batch_generator.py
[2026-06-17T21:27:52.509+0000] {processor.py:925} INFO - DAG(s) 'extract_raw_data_pipeline' retrieved from /opt/airflow/dags/batch_generator.py
[2026-06-17T21:27:52.523+0000] {logging_mixin.py:190} INFO - [2026-06-17T21:27:52.523+0000] {dag.py:3239} INFO - Sync 1 DAGs
[2026-06-17T21:27:52.537+0000] {logging_mixin.py:190} INFO - [2026-06-17T21:27:52.537+0000] {dag.py:4180} INFO - Setting next_dagrun for extract_raw_data_pipeline to 2026-06-17 07:59:00+00:00, run_after=2026-06-18 07:00:00+00:00
[2026-06-17T21:27:52.549+0000] {processor.py:208} INFO - Processing /opt/airflow/dags/batch_generator.py took 0.131 seconds
[2026-06-17T21:28:22.774+0000] {processor.py:186} INFO - Started process (PID=2586) to work on /opt/airflow/dags/batch_generator.py
[2026-06-17T21:28:22.774+0000] {processor.py:914} INFO - Processing file /opt/airflow/dags/batch_generator.py for tasks to queue
[2026-06-17T21:28:22.776+0000] {logging_mixin.py:190} INFO - [2026-06-17T21:28:22.776+0000] {dagbag.py:588} INFO - Filling up the DagBag from /opt/airflow/dags/batch_generator.py
[2026-06-17T21:28:22.867+0000] {processor.py:925} INFO - DAG(s) 'extract_raw_data_pipeline' retrieved from /opt/airflow/dags/batch_generator.py
[2026-06-17T21:28:22.884+0000] {logging_mixin.py:190} INFO - [2026-06-17T21:28:22.884+0000] {dag.py:3239} INFO - Sync 1 DAGs
[2026-06-17T21:28:22.898+0000] {logging_mixin.py:190} INFO - [2026-06-17T21:28:22.898+0000] {dag.py:4180} INFO - Setting next_dagrun for extract_raw_data_pipeline to 2026-06-17 07:59:00+00:00, run_after=2026-06-18 07:00:00+00:00
[2026-06-17T21:28:22.913+0000] {processor.py:208} INFO - Processing /opt/airflow/dags/batch_generator.py took 0.143 seconds
[2026-06-17T21:28:53.198+0000] {processor.py:186} INFO - Started process (PID=2594) to work on /opt/airflow/dags/batch_generator.py
[2026-06-17T21:28:53.199+0000] {processor.py:914} INFO - Processing file /opt/airflow/dags/batch_generator.py for tasks to queue
[2026-06-17T21:28:53.200+0000] {logging_mixin.py:190} INFO - [2026-06-17T21:28:53.200+0000] {dagbag.py:588} INFO - Filling up the DagBag from /opt/airflow/dags/batch_generator.py
[2026-06-17T21:28:53.290+0000] {processor.py:925} INFO - DAG(s) 'extract_raw_data_pipeline' retrieved from /opt/airflow/dags/batch_generator.py
[2026-06-17T21:28:53.306+0000] {logging_mixin.py:190} INFO - [2026-06-17T21:28:53.306+0000] {dag.py:3239} INFO - Sync 1 DAGs
[2026-06-17T21:28:53.320+0000] {logging_mixin.py:190} INFO - [2026-06-17T21:28:53.320+0000] {dag.py:4180} INFO - Setting next_dagrun for extract_raw_data_pipeline to 2026-06-17 07:59:00+00:00, run_after=2026-06-18 07:00:00+00:00
[2026-06-17T21:28:53.333+0000] {processor.py:208} INFO - Processing /opt/airflow/dags/batch_generator.py took 0.138 seconds
[2026-06-17T21:29:23.475+0000] {processor.py:186} INFO - Started process (PID=2602) to work on /opt/airflow/dags/batch_generator.py
[2026-06-17T21:29:23.476+0000] {processor.py:914} INFO - Processing file /opt/airflow/dags/batch_generator.py for tasks to queue
[2026-06-17T21:29:23.477+0000] {logging_mixin.py:190} INFO - [2026-06-17T21:29:23.477+0000] {dagbag.py:588} INFO - Filling up the DagBag from /opt/airflow/dags/batch_generator.py
[2026-06-17T21:29:23.565+0000] {processor.py:925} INFO - DAG(s) 'extract_raw_data_pipeline' retrieved from /opt/airflow/dags/batch_generator.py
[2026-06-17T21:29:23.580+0000] {logging_mixin.py:190} INFO - [2026-06-17T21:29:23.580+0000] {dag.py:3239} INFO - Sync 1 DAGs
[2026-06-17T21:29:23.594+0000] {logging_mixin.py:190} INFO - [2026-06-17T21:29:23.593+0000] {dag.py:4180} INFO - Setting next_dagrun for extract_raw_data_pipeline to 2026-06-17 07:59:00+00:00, run_after=2026-06-18 07:00:00+00:00
[2026-06-17T21:29:23.607+0000] {processor.py:208} INFO - Processing /opt/airflow/dags/batch_generator.py took 0.135 seconds
[2026-06-17T21:29:53.868+0000] {processor.py:186} INFO - Started process (PID=2610) to work on /opt/airflow/dags/batch_generator.py
[2026-06-17T21:29:53.868+0000] {processor.py:914} INFO - Processing file /opt/airflow/dags/batch_generator.py for tasks to queue
[2026-06-17T21:29:53.870+0000] {logging_mixin.py:190} INFO - [2026-06-17T21:29:53.870+0000] {dagbag.py:588} INFO - Filling up the DagBag from /opt/airflow/dags/batch_generator.py
[2026-06-17T21:29:53.956+0000] {processor.py:925} INFO - DAG(s) 'extract_raw_data_pipeline' retrieved from /opt/airflow/dags/batch_generator.py
[2026-06-17T21:29:53.972+0000] {logging_mixin.py:190} INFO - [2026-06-17T21:29:53.972+0000] {dag.py:3239} INFO - Sync 1 DAGs
[2026-06-17T21:29:53.987+0000] {logging_mixin.py:190} INFO - [2026-06-17T21:29:53.987+0000] {dag.py:4180} INFO - Setting next_dagrun for extract_raw_data_pipeline to 2026-06-17 07:59:00+00:00, run_after=2026-06-18 07:00:00+00:00
[2026-06-17T21:29:54.004+0000] {processor.py:208} INFO - Processing /opt/airflow/dags/batch_generator.py took 0.139 seconds
[2026-06-17T21:30:24.249+0000] {processor.py:186} INFO - Started process (PID=2617) to work on /opt/airflow/dags/batch_generator.py
[2026-06-17T21:30:24.250+0000] {processor.py:914} INFO - Processing file /opt/airflow/dags/batch_generator.py for tasks to queue
[2026-06-17T21:30:24.252+0000] {logging_mixin.py:190} INFO - [2026-06-17T21:30:24.251+0000] {dagbag.py:588} INFO - Filling up the DagBag from /opt/airflow/dags/batch_generator.py
[2026-06-17T21:30:24.338+0000] {processor.py:925} INFO - DAG(s) 'extract_raw_data_pipeline' retrieved from /opt/airflow/dags/batch_generator.py
[2026-06-17T21:30:24.354+0000] {logging_mixin.py:190} INFO - [2026-06-17T21:30:24.353+0000] {dag.py:3239} INFO - Sync 1 DAGs
[2026-06-17T21:30:24.367+0000] {logging_mixin.py:190} INFO - [2026-06-17T21:30:24.367+0000] {dag.py:4180} INFO - Setting next_dagrun for extract_raw_data_pipeline to 2026-06-17 07:59:00+00:00, run_after=2026-06-18 07:00:00+00:00
[2026-06-17T21:30:24.383+0000] {processor.py:208} INFO - Processing /opt/airflow/dags/batch_generator.py took 0.137 seconds
[2026-06-17T21:30:54.605+0000] {processor.py:186} INFO - Started process (PID=2625) to work on /opt/airflow/dags/batch_generator.py
[2026-06-17T21:30:54.605+0000] {processor.py:914} INFO - Processing file /opt/airflow/dags/batch_generator.py for tasks to queue
[2026-06-17T21:30:54.607+0000] {logging_mixin.py:190} INFO - [2026-06-17T21:30:54.607+0000] {dagbag.py:588} INFO - Filling up the DagBag from /opt/airflow/dags/batch_generator.py
[2026-06-17T21:30:54.693+0000] {processor.py:925} INFO - DAG(s) 'extract_raw_data_pipeline' retrieved from /opt/airflow/dags/batch_generator.py
[2026-06-17T21:30:54.709+0000] {logging_mixin.py:190} INFO - [2026-06-17T21:30:54.708+0000] {dag.py:3239} INFO - Sync 1 DAGs
[2026-06-17T21:30:54.721+0000] {logging_mixin.py:190} INFO - [2026-06-17T21:30:54.721+0000] {dag.py:4180} INFO - Setting next_dagrun for extract_raw_data_pipeline to 2026-06-17 07:59:00+00:00, run_after=2026-06-18 07:00:00+00:00
[2026-06-17T21:30:54.735+0000] {processor.py:208} INFO - Processing /opt/airflow/dags/batch_generator.py took 0.134 seconds
[2026-06-17T21:31:25.083+0000] {processor.py:186} INFO - Started process (PID=2633) to work on /opt/airflow/dags/batch_generator.py
[2026-06-17T21:31:25.084+0000] {processor.py:914} INFO - Processing file /opt/airflow/dags/batch_generator.py for tasks to queue
[2026-06-17T21:31:25.085+0000] {logging_mixin.py:190} INFO - [2026-06-17T21:31:25.085+0000] {dagbag.py:588} INFO - Filling up the DagBag from /opt/airflow/dags/batch_generator.py
[2026-06-17T21:31:25.171+0000] {processor.py:925} INFO - DAG(s) 'extract_raw_data_pipeline' retrieved from /opt/airflow/dags/batch_generator.py
[2026-06-17T21:31:25.187+0000] {logging_mixin.py:190} INFO - [2026-06-17T21:31:25.187+0000] {dag.py:3239} INFO - Sync 1 DAGs
[2026-06-17T21:31:25.200+0000] {logging_mixin.py:190} INFO - [2026-06-17T21:31:25.200+0000] {dag.py:4180} INFO - Setting next_dagrun for extract_raw_data_pipeline to 2026-06-17 07:59:00+00:00, run_after=2026-06-18 07:00:00+00:00
[2026-06-17T21:31:25.217+0000] {processor.py:208} INFO - Processing /opt/airflow/dags/batch_generator.py took 0.137 seconds
[2026-06-17T21:31:55.401+0000] {processor.py:186} INFO - Started process (PID=2641) to work on /opt/airflow/dags/batch_generator.py
[2026-06-17T21:31:55.402+0000] {processor.py:914} INFO - Processing file /opt/airflow/dags/batch_generator.py for tasks to queue
[2026-06-17T21:31:55.403+0000] {logging_mixin.py:190} INFO - [2026-06-17T21:31:55.403+0000] {dagbag.py:588} INFO - Filling up the DagBag from /opt/airflow/dags/batch_generator.py
[2026-06-17T21:31:55.488+0000] {processor.py:925} INFO - DAG(s) 'extract_raw_data_pipeline' retrieved from /opt/airflow/dags/batch_generator.py
[2026-06-17T21:31:55.503+0000] {logging_mixin.py:190} INFO - [2026-06-17T21:31:55.503+0000] {dag.py:3239} INFO - Sync 1 DAGs
[2026-06-17T21:31:55.516+0000] {logging_mixin.py:190} INFO - [2026-06-17T21:31:55.516+0000] {dag.py:4180} INFO - Setting next_dagrun for extract_raw_data_pipeline to 2026-06-17 07:59:00+00:00, run_after=2026-06-18 07:00:00+00:00
[2026-06-17T21:31:55.529+0000] {processor.py:208} INFO - Processing /opt/airflow/dags/batch_generator.py took 0.132 seconds
[2026-06-17T21:32:25.739+0000] {processor.py:186} INFO - Started process (PID=2649) to work on /opt/airflow/dags/batch_generator.py
[2026-06-17T21:32:25.740+0000] {processor.py:914} INFO - Processing file /opt/airflow/dags/batch_generator.py for tasks to queue
[2026-06-17T21:32:25.741+0000] {logging_mixin.py:190} INFO - [2026-06-17T21:32:25.741+0000] {dagbag.py:588} INFO - Filling up the DagBag from /opt/airflow/dags/batch_generator.py
[2026-06-17T21:32:25.826+0000] {processor.py:925} INFO - DAG(s) 'extract_raw_data_pipeline' retrieved from /opt/airflow/dags/batch_generator.py
[2026-06-17T21:32:25.843+0000] {logging_mixin.py:190} INFO - [2026-06-17T21:32:25.842+0000] {dag.py:3239} INFO - Sync 1 DAGs
[2026-06-17T21:32:25.857+0000] {logging_mixin.py:190} INFO - [2026-06-17T21:32:25.857+0000] {dag.py:4180} INFO - Setting next_dagrun for extract_raw_data_pipeline to 2026-06-17 07:59:00+00:00, run_after=2026-06-18 07:00:00+00:00
[2026-06-17T21:32:25.869+0000] {processor.py:208} INFO - Processing /opt/airflow/dags/batch_generator.py took 0.134 seconds
[2026-06-17T21:32:56.025+0000] {processor.py:186} INFO - Started process (PID=2657) to work on /opt/airflow/dags/batch_generator.py
[2026-06-17T21:32:56.025+0000] {processor.py:914} INFO - Processing file /opt/airflow/dags/batch_generator.py for tasks to queue
[2026-06-17T21:32:56.027+0000] {logging_mixin.py:190} INFO - [2026-06-17T21:32:56.027+0000] {dagbag.py:588} INFO - Filling up the DagBag from /opt/airflow/dags/batch_generator.py
[2026-06-17T21:32:56.126+0000] {processor.py:925} INFO - DAG(s) 'extract_raw_data_pipeline' retrieved from /opt/airflow/dags/batch_generator.py
[2026-06-17T21:32:56.143+0000] {logging_mixin.py:190} INFO - [2026-06-17T21:32:56.143+0000] {dag.py:3239} INFO - Sync 1 DAGs
[2026-06-17T21:32:56.157+0000] {logging_mixin.py:190} INFO - [2026-06-17T21:32:56.157+0000] {dag.py:4180} INFO - Setting next_dagrun for extract_raw_data_pipeline to 2026-06-17 07:59:00+00:00, run_after=2026-06-18 07:00:00+00:00
[2026-06-17T21:32:56.170+0000] {processor.py:208} INFO - Processing /opt/airflow/dags/batch_generator.py took 0.150 seconds
[2026-06-17T21:33:26.470+0000] {processor.py:186} INFO - Started process (PID=2665) to work on /opt/airflow/dags/batch_generator.py
[2026-06-17T21:33:26.470+0000] {processor.py:914} INFO - Processing file /opt/airflow/dags/batch_generator.py for tasks to queue
[2026-06-17T21:33:26.472+0000] {logging_mixin.py:190} INFO - [2026-06-17T21:33:26.472+0000] {dagbag.py:588} INFO - Filling up the DagBag from /opt/airflow/dags/batch_generator.py
[2026-06-17T21:33:26.565+0000] {processor.py:925} INFO - DAG(s) 'extract_raw_data_pipeline' retrieved from /opt/airflow/dags/batch_generator.py
[2026-06-17T21:33:26.580+0000] {logging_mixin.py:190} INFO - [2026-06-17T21:33:26.580+0000] {dag.py:3239} INFO - Sync 1 DAGs
[2026-06-17T21:33:26.594+0000] {logging_mixin.py:190} INFO - [2026-06-17T21:33:26.594+0000] {dag.py:4180} INFO - Setting next_dagrun for extract_raw_data_pipeline to 2026-06-17 07:59:00+00:00, run_after=2026-06-18 07:00:00+00:00
[2026-06-17T21:33:26.609+0000] {processor.py:208} INFO - Processing /opt/airflow/dags/batch_generator.py took 0.143 seconds
[2026-06-17T21:33:56.829+0000] {processor.py:186} INFO - Started process (PID=2673) to work on /opt/airflow/dags/batch_generator.py
[2026-06-17T21:33:56.829+0000] {processor.py:914} INFO - Processing file /opt/airflow/dags/batch_generator.py for tasks to queue
[2026-06-17T21:33:56.831+0000] {logging_mixin.py:190} INFO - [2026-06-17T21:33:56.831+0000] {dagbag.py:588} INFO - Filling up the DagBag from /opt/airflow/dags/batch_generator.py
[2026-06-17T21:33:56.918+0000] {processor.py:925} INFO - DAG(s) 'extract_raw_data_pipeline' retrieved from /opt/airflow/dags/batch_generator.py
[2026-06-17T21:33:56.932+0000] {logging_mixin.py:190} INFO - [2026-06-17T21:33:56.932+0000] {dag.py:3239} INFO - Sync 1 DAGs
[2026-06-17T21:33:56.945+0000] {logging_mixin.py:190} INFO - [2026-06-17T21:33:56.945+0000] {dag.py:4180} INFO - Setting next_dagrun for extract_raw_data_pipeline to 2026-06-17 07:59:00+00:00, run_after=2026-06-18 07:00:00+00:00
[2026-06-17T21:33:56.957+0000] {processor.py:208} INFO - Processing /opt/airflow/dags/batch_generator.py took 0.132 seconds
[2026-06-17T21:34:27.230+0000] {processor.py:186} INFO - Started process (PID=2681) to work on /opt/airflow/dags/batch_generator.py
[2026-06-17T21:34:27.230+0000] {processor.py:914} INFO - Processing file /opt/airflow/dags/batch_generator.py for tasks to queue
[2026-06-17T21:34:27.232+0000] {logging_mixin.py:190} INFO - [2026-06-17T21:34:27.232+0000] {dagbag.py:588} INFO - Filling up the DagBag from /opt/airflow/dags/batch_generator.py
[2026-06-17T21:34:27.323+0000] {processor.py:925} INFO - DAG(s) 'extract_raw_data_pipeline' retrieved from /opt/airflow/dags/batch_generator.py
[2026-06-17T21:34:27.338+0000] {logging_mixin.py:190} INFO - [2026-06-17T21:34:27.338+0000] {dag.py:3239} INFO - Sync 1 DAGs
[2026-06-17T21:34:27.351+0000] {logging_mixin.py:190} INFO - [2026-06-17T21:34:27.351+0000] {dag.py:4180} INFO - Setting next_dagrun for extract_raw_data_pipeline to 2026-06-17 07:59:00+00:00, run_after=2026-06-18 07:00:00+00:00
[2026-06-17T21:34:27.365+0000] {processor.py:208} INFO - Processing /opt/airflow/dags/batch_generator.py took 0.138 seconds
[2026-06-17T21:34:57.531+0000] {processor.py:186} INFO - Started process (PID=2689) to work on /opt/airflow/dags/batch_generator.py
[2026-06-17T21:34:57.531+0000] {processor.py:914} INFO - Processing file /opt/airflow/dags/batch_generator.py for tasks to queue
[2026-06-17T21:34:57.533+0000] {logging_mixin.py:190} INFO - [2026-06-17T21:34:57.533+0000] {dagbag.py:588} INFO - Filling up the DagBag from /opt/airflow/dags/batch_generator.py
[2026-06-17T21:34:57.622+0000] {processor.py:925} INFO - DAG(s) 'extract_raw_data_pipeline' retrieved from /opt/airflow/dags/batch_generator.py
[2026-06-17T21:34:57.639+0000] {logging_mixin.py:190} INFO - [2026-06-17T21:34:57.638+0000] {dag.py:3239} INFO - Sync 1 DAGs
[2026-06-17T21:34:57.652+0000] {logging_mixin.py:190} INFO - [2026-06-17T21:34:57.652+0000] {dag.py:4180} INFO - Setting next_dagrun for extract_raw_data_pipeline to 2026-06-17 07:59:00+00:00, run_after=2026-06-18 07:00:00+00:00
[2026-06-17T21:34:57.665+0000] {processor.py:208} INFO - Processing /opt/airflow/dags/batch_generator.py took 0.138 seconds
[2026-06-17T21:35:27.906+0000] {processor.py:186} INFO - Started process (PID=2697) to work on /opt/airflow/dags/batch_generator.py
[2026-06-17T21:35:27.906+0000] {processor.py:914} INFO - Processing file /opt/airflow/dags/batch_generator.py for tasks to queue
[2026-06-17T21:35:27.908+0000] {logging_mixin.py:190} INFO - [2026-06-17T21:35:27.908+0000] {dagbag.py:588} INFO - Filling up the DagBag from /opt/airflow/dags/batch_generator.py
[2026-06-17T21:35:27.993+0000] {processor.py:925} INFO - DAG(s) 'extract_raw_data_pipeline' retrieved from /opt/airflow/dags/batch_generator.py
[2026-06-17T21:35:28.009+0000] {logging_mixin.py:190} INFO - [2026-06-17T21:35:28.008+0000] {dag.py:3239} INFO - Sync 1 DAGs
[2026-06-17T21:35:28.023+0000] {logging_mixin.py:190} INFO - [2026-06-17T21:35:28.022+0000] {dag.py:4180} INFO - Setting next_dagrun for extract_raw_data_pipeline to 2026-06-17 07:59:00+00:00, run_after=2026-06-18 07:00:00+00:00
[2026-06-17T21:35:28.053+0000] {processor.py:208} INFO - Processing /opt/airflow/dags/batch_generator.py took 0.150 seconds
[2026-06-17T21:35:58.235+0000] {processor.py:186} INFO - Started process (PID=2705) to work on /opt/airflow/dags/batch_generator.py
[2026-06-17T21:35:58.236+0000] {processor.py:914} INFO - Processing file /opt/airflow/dags/batch_generator.py for tasks to queue
[2026-06-17T21:35:58.237+0000] {logging_mixin.py:190} INFO - [2026-06-17T21:35:58.237+0000] {dagbag.py:588} INFO - Filling up the DagBag from /opt/airflow/dags/batch_generator.py
[2026-06-17T21:35:58.323+0000] {processor.py:925} INFO - DAG(s) 'extract_raw_data_pipeline' retrieved from /opt/airflow/dags/batch_generator.py
[2026-06-17T21:35:58.338+0000] {logging_mixin.py:190} INFO - [2026-06-17T21:35:58.338+0000] {dag.py:3239} INFO - Sync 1 DAGs
[2026-06-17T21:35:58.351+0000] {logging_mixin.py:190} INFO - [2026-06-17T21:35:58.351+0000] {dag.py:4180} INFO - Setting next_dagrun for extract_raw_data_pipeline to 2026-06-17 07:59:00+00:00, run_after=2026-06-18 07:00:00+00:00
[2026-06-17T21:35:58.372+0000] {processor.py:208} INFO - Processing /opt/airflow/dags/batch_generator.py took 0.141 seconds
[2026-06-17T21:36:28.645+0000] {processor.py:186} INFO - Started process (PID=2713) to work on /opt/airflow/dags/batch_generator.py
[2026-06-17T21:36:28.645+0000] {processor.py:914} INFO - Processing file /opt/airflow/dags/batch_generator.py for tasks to queue
[2026-06-17T21:36:28.647+0000] {logging_mixin.py:190} INFO - [2026-06-17T21:36:28.647+0000] {dagbag.py:588} INFO - Filling up the DagBag from /opt/airflow/dags/batch_generator.py
[2026-06-17T21:36:28.730+0000] {processor.py:925} INFO - DAG(s) 'extract_raw_data_pipeline' retrieved from /opt/airflow/dags/batch_generator.py
[2026-06-17T21:36:28.747+0000] {logging_mixin.py:190} INFO - [2026-06-17T21:36:28.746+0000] {dag.py:3239} INFO - Sync 1 DAGs
[2026-06-17T21:36:28.758+0000] {logging_mixin.py:190} INFO - [2026-06-17T21:36:28.758+0000] {dag.py:4180} INFO - Setting next_dagrun for extract_raw_data_pipeline to 2026-06-17 07:59:00+00:00, run_after=2026-06-18 07:00:00+00:00
[2026-06-17T21:36:28.770+0000] {processor.py:208} INFO - Processing /opt/airflow/dags/batch_generator.py took 0.129 seconds
[2026-06-17T21:36:59.000+0000] {processor.py:186} INFO - Started process (PID=2721) to work on /opt/airflow/dags/batch_generator.py
[2026-06-17T21:36:59.001+0000] {processor.py:914} INFO - Processing file /opt/airflow/dags/batch_generator.py for tasks to queue
[2026-06-17T21:36:59.003+0000] {logging_mixin.py:190} INFO - [2026-06-17T21:36:59.002+0000] {dagbag.py:588} INFO - Filling up the DagBag from /opt/airflow/dags/batch_generator.py
[2026-06-17T21:36:59.089+0000] {processor.py:925} INFO - DAG(s) 'extract_raw_data_pipeline' retrieved from /opt/airflow/dags/batch_generator.py
[2026-06-17T21:36:59.105+0000] {logging_mixin.py:190} INFO - [2026-06-17T21:36:59.105+0000] {dag.py:3239} INFO - Sync 1 DAGs
[2026-06-17T21:36:59.118+0000] {logging_mixin.py:190} INFO - [2026-06-17T21:36:59.118+0000] {dag.py:4180} INFO - Setting next_dagrun for extract_raw_data_pipeline to 2026-06-17 07:59:00+00:00, run_after=2026-06-18 07:00:00+00:00
[2026-06-17T21:36:59.131+0000] {processor.py:208} INFO - Processing /opt/airflow/dags/batch_generator.py took 0.135 seconds
[2026-06-17T21:37:29.305+0000] {processor.py:186} INFO - Started process (PID=2729) to work on /opt/airflow/dags/batch_generator.py
[2026-06-17T21:37:29.306+0000] {processor.py:914} INFO - Processing file /opt/airflow/dags/batch_generator.py for tasks to queue
[2026-06-17T21:37:29.307+0000] {logging_mixin.py:190} INFO - [2026-06-17T21:37:29.307+0000] {dagbag.py:588} INFO - Filling up the DagBag from /opt/airflow/dags/batch_generator.py
[2026-06-17T21:37:29.396+0000] {processor.py:925} INFO - DAG(s) 'extract_raw_data_pipeline' retrieved from /opt/airflow/dags/batch_generator.py
[2026-06-17T21:37:29.413+0000] {logging_mixin.py:190} INFO - [2026-06-17T21:37:29.413+0000] {dag.py:3239} INFO - Sync 1 DAGs
[2026-06-17T21:37:29.428+0000] {logging_mixin.py:190} INFO - [2026-06-17T21:37:29.428+0000] {dag.py:4180} INFO - Setting next_dagrun for extract_raw_data_pipeline to 2026-06-17 07:59:00+00:00, run_after=2026-06-18 07:00:00+00:00
[2026-06-17T21:37:29.441+0000] {processor.py:208} INFO - Processing /opt/airflow/dags/batch_generator.py took 0.139 seconds
[2026-06-17T21:37:59.703+0000] {processor.py:186} INFO - Started process (PID=2736) to work on /opt/airflow/dags/batch_generator.py
[2026-06-17T21:37:59.704+0000] {processor.py:914} INFO - Processing file /opt/airflow/dags/batch_generator.py for tasks to queue
[2026-06-17T21:37:59.706+0000] {logging_mixin.py:190} INFO - [2026-06-17T21:37:59.705+0000] {dagbag.py:588} INFO - Filling up the DagBag from /opt/airflow/dags/batch_generator.py
[2026-06-17T21:37:59.796+0000] {processor.py:925} INFO - DAG(s) 'extract_raw_data_pipeline' retrieved from /opt/airflow/dags/batch_generator.py
[2026-06-17T21:37:59.814+0000] {logging_mixin.py:190} INFO - [2026-06-17T21:37:59.813+0000] {dag.py:3239} INFO - Sync 1 DAGs
[2026-06-17T21:37:59.828+0000] {logging_mixin.py:190} INFO - [2026-06-17T21:37:59.828+0000] {dag.py:4180} INFO - Setting next_dagrun for extract_raw_data_pipeline to 2026-06-17 07:59:00+00:00, run_after=2026-06-18 07:00:00+00:00
[2026-06-17T21:37:59.843+0000] {processor.py:208} INFO - Processing /opt/airflow/dags/batch_generator.py took 0.143 seconds
[2026-06-17T21:38:29.986+0000] {processor.py:186} INFO - Started process (PID=2744) to work on /opt/airflow/dags/batch_generator.py
[2026-06-17T21:38:29.986+0000] {processor.py:914} INFO - Processing file /opt/airflow/dags/batch_generator.py for tasks to queue
[2026-06-17T21:38:29.988+0000] {logging_mixin.py:190} INFO - [2026-06-17T21:38:29.988+0000] {dagbag.py:588} INFO - Filling up the DagBag from /opt/airflow/dags/batch_generator.py
[2026-06-17T21:38:30.078+0000] {processor.py:925} INFO - DAG(s) 'extract_raw_data_pipeline' retrieved from /opt/airflow/dags/batch_generator.py
[2026-06-17T21:38:30.096+0000] {logging_mixin.py:190} INFO - [2026-06-17T21:38:30.096+0000] {dag.py:3239} INFO - Sync 1 DAGs
[2026-06-17T21:38:30.110+0000] {logging_mixin.py:190} INFO - [2026-06-17T21:38:30.110+0000] {dag.py:4180} INFO - Setting next_dagrun for extract_raw_data_pipeline to 2026-06-17 07:59:00+00:00, run_after=2026-06-18 07:00:00+00:00
[2026-06-17T21:38:30.124+0000] {processor.py:208} INFO - Processing /opt/airflow/dags/batch_generator.py took 0.142 seconds
[2026-06-17T21:39:00.383+0000] {processor.py:186} INFO - Started process (PID=2752) to work on /opt/airflow/dags/batch_generator.py
[2026-06-17T21:39:00.384+0000] {processor.py:914} INFO - Processing file /opt/airflow/dags/batch_generator.py for tasks to queue
[2026-06-17T21:39:00.386+0000] {logging_mixin.py:190} INFO - [2026-06-17T21:39:00.386+0000] {dagbag.py:588} INFO - Filling up the DagBag from /opt/airflow/dags/batch_generator.py
[2026-06-17T21:39:00.489+0000] {processor.py:925} INFO - DAG(s) 'extract_raw_data_pipeline' retrieved from /opt/airflow/dags/batch_generator.py
[2026-06-17T21:39:00.505+0000] {logging_mixin.py:190} INFO - [2026-06-17T21:39:00.505+0000] {dag.py:3239} INFO - Sync 1 DAGs
[2026-06-17T21:39:00.520+0000] {logging_mixin.py:190} INFO - [2026-06-17T21:39:00.520+0000] {dag.py:4180} INFO - Setting next_dagrun for extract_raw_data_pipeline to 2026-06-17 07:59:00+00:00, run_after=2026-06-18 07:00:00+00:00
[2026-06-17T21:39:00.544+0000] {processor.py:208} INFO - Processing /opt/airflow/dags/batch_generator.py took 0.167 seconds
[2026-06-17T21:39:30.726+0000] {processor.py:186} INFO - Started process (PID=2760) to work on /opt/airflow/dags/batch_generator.py
[2026-06-17T21:39:30.727+0000] {processor.py:914} INFO - Processing file /opt/airflow/dags/batch_generator.py for tasks to queue
[2026-06-17T21:39:30.729+0000] {logging_mixin.py:190} INFO - [2026-06-17T21:39:30.729+0000] {dagbag.py:588} INFO - Filling up the DagBag from /opt/airflow/dags/batch_generator.py
[2026-06-17T21:39:30.831+0000] {processor.py:925} INFO - DAG(s) 'extract_raw_data_pipeline' retrieved from /opt/airflow/dags/batch_generator.py
[2026-06-17T21:39:30.847+0000] {logging_mixin.py:190} INFO - [2026-06-17T21:39:30.846+0000] {dag.py:3239} INFO - Sync 1 DAGs
[2026-06-17T21:39:30.860+0000] {logging_mixin.py:190} INFO - [2026-06-17T21:39:30.860+0000] {dag.py:4180} INFO - Setting next_dagrun for extract_raw_data_pipeline to 2026-06-17 07:59:00+00:00, run_after=2026-06-18 07:00:00+00:00
[2026-06-17T21:39:30.884+0000] {processor.py:208} INFO - Processing /opt/airflow/dags/batch_generator.py took 0.161 seconds
[2026-06-17T21:40:01.129+0000] {processor.py:186} INFO - Started process (PID=2768) to work on /opt/airflow/dags/batch_generator.py
[2026-06-17T21:40:01.130+0000] {processor.py:914} INFO - Processing file /opt/airflow/dags/batch_generator.py for tasks to queue
[2026-06-17T21:40:01.131+0000] {logging_mixin.py:190} INFO - [2026-06-17T21:40:01.131+0000] {dagbag.py:588} INFO - Filling up the DagBag from /opt/airflow/dags/batch_generator.py
[2026-06-17T21:40:01.217+0000] {processor.py:925} INFO - DAG(s) 'extract_raw_data_pipeline' retrieved from /opt/airflow/dags/batch_generator.py
[2026-06-17T21:40:01.233+0000] {logging_mixin.py:190} INFO - [2026-06-17T21:40:01.233+0000] {dag.py:3239} INFO - Sync 1 DAGs
[2026-06-17T21:40:01.248+0000] {logging_mixin.py:190} INFO - [2026-06-17T21:40:01.248+0000] {dag.py:4180} INFO - Setting next_dagrun for extract_raw_data_pipeline to 2026-06-17 07:59:00+00:00, run_after=2026-06-18 07:00:00+00:00
[2026-06-17T21:40:01.261+0000] {processor.py:208} INFO - Processing /opt/airflow/dags/batch_generator.py took 0.135 seconds
[2026-06-17T21:40:31.412+0000] {processor.py:186} INFO - Started process (PID=2776) to work on /opt/airflow/dags/batch_generator.py
[2026-06-17T21:40:31.413+0000] {processor.py:914} INFO - Processing file /opt/airflow/dags/batch_generator.py for tasks to queue
[2026-06-17T21:40:31.414+0000] {logging_mixin.py:190} INFO - [2026-06-17T21:40:31.414+0000] {dagbag.py:588} INFO - Filling up the DagBag from /opt/airflow/dags/batch_generator.py
[2026-06-17T21:40:31.500+0000] {processor.py:925} INFO - DAG(s) 'extract_raw_data_pipeline' retrieved from /opt/airflow/dags/batch_generator.py
[2026-06-17T21:40:31.516+0000] {logging_mixin.py:190} INFO - [2026-06-17T21:40:31.516+0000] {dag.py:3239} INFO - Sync 1 DAGs
[2026-06-17T21:40:31.530+0000] {logging_mixin.py:190} INFO - [2026-06-17T21:40:31.530+0000] {dag.py:4180} INFO - Setting next_dagrun for extract_raw_data_pipeline to 2026-06-17 07:59:00+00:00, run_after=2026-06-18 07:00:00+00:00
[2026-06-17T21:40:31.543+0000] {processor.py:208} INFO - Processing /opt/airflow/dags/batch_generator.py took 0.134 seconds
[2026-06-17T21:41:01.800+0000] {processor.py:186} INFO - Started process (PID=2784) to work on /opt/airflow/dags/batch_generator.py
[2026-06-17T21:41:01.801+0000] {processor.py:914} INFO - Processing file /opt/airflow/dags/batch_generator.py for tasks to queue
[2026-06-17T21:41:01.803+0000] {logging_mixin.py:190} INFO - [2026-06-17T21:41:01.802+0000] {dagbag.py:588} INFO - Filling up the DagBag from /opt/airflow/dags/batch_generator.py
[2026-06-17T21:41:01.888+0000] {processor.py:925} INFO - DAG(s) 'extract_raw_data_pipeline' retrieved from /opt/airflow/dags/batch_generator.py
[2026-06-17T21:41:01.903+0000] {logging_mixin.py:190} INFO - [2026-06-17T21:41:01.903+0000] {dag.py:3239} INFO - Sync 1 DAGs
[2026-06-17T21:41:01.917+0000] {logging_mixin.py:190} INFO - [2026-06-17T21:41:01.917+0000] {dag.py:4180} INFO - Setting next_dagrun for extract_raw_data_pipeline to 2026-06-17 07:59:00+00:00, run_after=2026-06-18 07:00:00+00:00
[2026-06-17T21:41:01.931+0000] {processor.py:208} INFO - Processing /opt/airflow/dags/batch_generator.py took 0.134 seconds
[2026-06-17T21:41:32.138+0000] {processor.py:186} INFO - Started process (PID=2792) to work on /opt/airflow/dags/batch_generator.py
[2026-06-17T21:41:32.140+0000] {processor.py:914} INFO - Processing file /opt/airflow/dags/batch_generator.py for tasks to queue
[2026-06-17T21:41:32.142+0000] {logging_mixin.py:190} INFO - [2026-06-17T21:41:32.141+0000] {dagbag.py:588} INFO - Filling up the DagBag from /opt/airflow/dags/batch_generator.py
[2026-06-17T21:41:32.225+0000] {processor.py:925} INFO - DAG(s) 'extract_raw_data_pipeline' retrieved from /opt/airflow/dags/batch_generator.py
[2026-06-17T21:41:32.239+0000] {logging_mixin.py:190} INFO - [2026-06-17T21:41:32.239+0000] {dag.py:3239} INFO - Sync 1 DAGs
[2026-06-17T21:41:32.253+0000] {logging_mixin.py:190} INFO - [2026-06-17T21:41:32.253+0000] {dag.py:4180} INFO - Setting next_dagrun for extract_raw_data_pipeline to 2026-06-17 07:59:00+00:00, run_after=2026-06-18 07:00:00+00:00
[2026-06-17T21:41:32.273+0000] {processor.py:208} INFO - Processing /opt/airflow/dags/batch_generator.py took 0.139 seconds
[2026-06-17T21:42:02.508+0000] {processor.py:186} INFO - Started process (PID=2800) to work on /opt/airflow/dags/batch_generator.py
[2026-06-17T21:42:02.509+0000] {processor.py:914} INFO - Processing file /opt/airflow/dags/batch_generator.py for tasks to queue
[2026-06-17T21:42:02.510+0000] {logging_mixin.py:190} INFO - [2026-06-17T21:42:02.510+0000] {dagbag.py:588} INFO - Filling up the DagBag from /opt/airflow/dags/batch_generator.py
[2026-06-17T21:42:02.599+0000] {processor.py:925} INFO - DAG(s) 'extract_raw_data_pipeline' retrieved from /opt/airflow/dags/batch_generator.py
[2026-06-17T21:42:02.616+0000] {logging_mixin.py:190} INFO - [2026-06-17T21:42:02.615+0000] {dag.py:3239} INFO - Sync 1 DAGs
[2026-06-17T21:42:02.630+0000] {logging_mixin.py:190} INFO - [2026-06-17T21:42:02.630+0000] {dag.py:4180} INFO - Setting next_dagrun for extract_raw_data_pipeline to 2026-06-17 07:59:00+00:00, run_after=2026-06-18 07:00:00+00:00
[2026-06-17T21:42:02.645+0000] {processor.py:208} INFO - Processing /opt/airflow/dags/batch_generator.py took 0.140 seconds
[2026-06-17T21:42:32.779+0000] {processor.py:186} INFO - Started process (PID=2808) to work on /opt/airflow/dags/batch_generator.py
[2026-06-17T21:42:32.779+0000] {processor.py:914} INFO - Processing file /opt/airflow/dags/batch_generator.py for tasks to queue
[2026-06-17T21:42:32.781+0000] {logging_mixin.py:190} INFO - [2026-06-17T21:42:32.780+0000] {dagbag.py:588} INFO - Filling up the DagBag from /opt/airflow/dags/batch_generator.py
[2026-06-17T21:42:33.018+0000] {processor.py:925} INFO - DAG(s) 'extract_raw_data_pipeline' retrieved from /opt/airflow/dags/batch_generator.py
[2026-06-17T21:42:33.035+0000] {logging_mixin.py:190} INFO - [2026-06-17T21:42:33.035+0000] {dag.py:3239} INFO - Sync 1 DAGs
[2026-06-17T21:42:33.047+0000] {logging_mixin.py:190} INFO - [2026-06-17T21:42:33.047+0000] {dag.py:4180} INFO - Setting next_dagrun for extract_raw_data_pipeline to 2026-06-17 07:59:00+00:00, run_after=2026-06-18 07:00:00+00:00
[2026-06-17T21:42:33.058+0000] {processor.py:208} INFO - Processing /opt/airflow/dags/batch_generator.py took 0.283 seconds
[2026-06-17T21:43:03.204+0000] {processor.py:186} INFO - Started process (PID=2816) to work on /opt/airflow/dags/batch_generator.py
[2026-06-17T21:43:03.205+0000] {processor.py:914} INFO - Processing file /opt/airflow/dags/batch_generator.py for tasks to queue
[2026-06-17T21:43:03.206+0000] {logging_mixin.py:190} INFO - [2026-06-17T21:43:03.206+0000] {dagbag.py:588} INFO - Filling up the DagBag from /opt/airflow/dags/batch_generator.py
[2026-06-17T21:43:03.292+0000] {processor.py:925} INFO - DAG(s) 'extract_raw_data_pipeline' retrieved from /opt/airflow/dags/batch_generator.py
[2026-06-17T21:43:03.307+0000] {logging_mixin.py:190} INFO - [2026-06-17T21:43:03.307+0000] {dag.py:3239} INFO - Sync 1 DAGs
[2026-06-17T21:43:03.319+0000] {logging_mixin.py:190} INFO - [2026-06-17T21:43:03.319+0000] {dag.py:4180} INFO - Setting next_dagrun for extract_raw_data_pipeline to 2026-06-17 07:59:00+00:00, run_after=2026-06-18 07:00:00+00:00
[2026-06-17T21:43:03.335+0000] {processor.py:208} INFO - Processing /opt/airflow/dags/batch_generator.py took 0.134 seconds
[2026-06-17T21:43:33.579+0000] {processor.py:186} INFO - Started process (PID=2824) to work on /opt/airflow/dags/batch_generator.py
[2026-06-17T21:43:33.580+0000] {processor.py:914} INFO - Processing file /opt/airflow/dags/batch_generator.py for tasks to queue
[2026-06-17T21:43:33.581+0000] {logging_mixin.py:190} INFO - [2026-06-17T21:43:33.581+0000] {dagbag.py:588} INFO - Filling up the DagBag from /opt/airflow/dags/batch_generator.py
[2026-06-17T21:43:33.666+0000] {processor.py:925} INFO - DAG(s) 'extract_raw_data_pipeline' retrieved from /opt/airflow/dags/batch_generator.py
[2026-06-17T21:43:33.680+0000] {logging_mixin.py:190} INFO - [2026-06-17T21:43:33.680+0000] {dag.py:3239} INFO - Sync 1 DAGs
[2026-06-17T21:43:33.692+0000] {logging_mixin.py:190} INFO - [2026-06-17T21:43:33.692+0000] {dag.py:4180} INFO - Setting next_dagrun for extract_raw_data_pipeline to 2026-06-17 07:59:00+00:00, run_after=2026-06-18 07:00:00+00:00
[2026-06-17T21:43:33.706+0000] {processor.py:208} INFO - Processing /opt/airflow/dags/batch_generator.py took 0.130 seconds
[2026-06-17T21:44:03.895+0000] {processor.py:186} INFO - Started process (PID=2832) to work on /opt/airflow/dags/batch_generator.py
[2026-06-17T21:44:03.896+0000] {processor.py:914} INFO - Processing file /opt/airflow/dags/batch_generator.py for tasks to queue
[2026-06-17T21:44:03.898+0000] {logging_mixin.py:190} INFO - [2026-06-17T21:44:03.898+0000] {dagbag.py:588} INFO - Filling up the DagBag from /opt/airflow/dags/batch_generator.py
[2026-06-17T21:44:03.985+0000] {processor.py:925} INFO - DAG(s) 'extract_raw_data_pipeline' retrieved from /opt/airflow/dags/batch_generator.py
[2026-06-17T21:44:03.999+0000] {logging_mixin.py:190} INFO - [2026-06-17T21:44:03.999+0000] {dag.py:3239} INFO - Sync 1 DAGs
[2026-06-17T21:44:04.013+0000] {logging_mixin.py:190} INFO - [2026-06-17T21:44:04.013+0000] {dag.py:4180} INFO - Setting next_dagrun for extract_raw_data_pipeline to 2026-06-17 07:59:00+00:00, run_after=2026-06-18 07:00:00+00:00
[2026-06-17T21:44:04.025+0000] {processor.py:208} INFO - Processing /opt/airflow/dags/batch_generator.py took 0.133 seconds
[2026-06-17T21:44:34.341+0000] {processor.py:186} INFO - Started process (PID=2840) to work on /opt/airflow/dags/batch_generator.py
[2026-06-17T21:44:34.341+0000] {processor.py:914} INFO - Processing file /opt/airflow/dags/batch_generator.py for tasks to queue
[2026-06-17T21:44:34.343+0000] {logging_mixin.py:190} INFO - [2026-06-17T21:44:34.343+0000] {dagbag.py:588} INFO - Filling up the DagBag from /opt/airflow/dags/batch_generator.py
[2026-06-17T21:44:34.426+0000] {processor.py:925} INFO - DAG(s) 'extract_raw_data_pipeline' retrieved from /opt/airflow/dags/batch_generator.py
[2026-06-17T21:44:34.441+0000] {logging_mixin.py:190} INFO - [2026-06-17T21:44:34.440+0000] {dag.py:3239} INFO - Sync 1 DAGs
[2026-06-17T21:44:34.453+0000] {logging_mixin.py:190} INFO - [2026-06-17T21:44:34.453+0000] {dag.py:4180} INFO - Setting next_dagrun for extract_raw_data_pipeline to 2026-06-17 07:59:00+00:00, run_after=2026-06-18 07:00:00+00:00
[2026-06-17T21:44:34.466+0000] {processor.py:208} INFO - Processing /opt/airflow/dags/batch_generator.py took 0.129 seconds
[2026-06-17T21:45:04.640+0000] {processor.py:186} INFO - Started process (PID=2848) to work on /opt/airflow/dags/batch_generator.py
[2026-06-17T21:45:04.641+0000] {processor.py:914} INFO - Processing file /opt/airflow/dags/batch_generator.py for tasks to queue
[2026-06-17T21:45:04.642+0000] {logging_mixin.py:190} INFO - [2026-06-17T21:45:04.642+0000] {dagbag.py:588} INFO - Filling up the DagBag from /opt/airflow/dags/batch_generator.py
[2026-06-17T21:45:04.739+0000] {processor.py:925} INFO - DAG(s) 'extract_raw_data_pipeline' retrieved from /opt/airflow/dags/batch_generator.py
[2026-06-17T21:45:04.753+0000] {logging_mixin.py:190} INFO - [2026-06-17T21:45:04.753+0000] {dag.py:3239} INFO - Sync 1 DAGs
[2026-06-17T21:45:04.766+0000] {logging_mixin.py:190} INFO - [2026-06-17T21:45:04.766+0000] {dag.py:4180} INFO - Setting next_dagrun for extract_raw_data_pipeline to 2026-06-17 07:59:00+00:00, run_after=2026-06-18 07:00:00+00:00
[2026-06-17T21:45:04.779+0000] {processor.py:208} INFO - Processing /opt/airflow/dags/batch_generator.py took 0.142 seconds
[2026-06-17T21:45:35.070+0000] {processor.py:186} INFO - Started process (PID=2856) to work on /opt/airflow/dags/batch_generator.py
[2026-06-17T21:45:35.081+0000] {processor.py:914} INFO - Processing file /opt/airflow/dags/batch_generator.py for tasks to queue
[2026-06-17T21:45:35.098+0000] {logging_mixin.py:190} INFO - [2026-06-17T21:45:35.098+0000] {dagbag.py:588} INFO - Filling up the DagBag from /opt/airflow/dags/batch_generator.py
[2026-06-17T21:45:35.213+0000] {processor.py:925} INFO - DAG(s) 'extract_raw_data_pipeline' retrieved from /opt/airflow/dags/batch_generator.py
[2026-06-17T21:45:35.228+0000] {logging_mixin.py:190} INFO - [2026-06-17T21:45:35.228+0000] {dag.py:3239} INFO - Sync 1 DAGs
[2026-06-17T21:45:35.244+0000] {logging_mixin.py:190} INFO - [2026-06-17T21:45:35.244+0000] {dag.py:4180} INFO - Setting next_dagrun for extract_raw_data_pipeline to 2026-06-17 07:59:00+00:00, run_after=2026-06-18 07:00:00+00:00
[2026-06-17T21:45:35.257+0000] {processor.py:208} INFO - Processing /opt/airflow/dags/batch_generator.py took 0.191 seconds
[2026-06-17T21:46:05.337+0000] {processor.py:186} INFO - Started process (PID=2864) to work on /opt/airflow/dags/batch_generator.py
[2026-06-17T21:46:05.337+0000] {processor.py:914} INFO - Processing file /opt/airflow/dags/batch_generator.py for tasks to queue
[2026-06-17T21:46:05.339+0000] {logging_mixin.py:190} INFO - [2026-06-17T21:46:05.339+0000] {dagbag.py:588} INFO - Filling up the DagBag from /opt/airflow/dags/batch_generator.py
[2026-06-17T21:46:05.423+0000] {processor.py:925} INFO - DAG(s) 'extract_raw_data_pipeline' retrieved from /opt/airflow/dags/batch_generator.py
[2026-06-17T21:46:05.438+0000] {logging_mixin.py:190} INFO - [2026-06-17T21:46:05.438+0000] {dag.py:3239} INFO - Sync 1 DAGs
[2026-06-17T21:46:05.451+0000] {logging_mixin.py:190} INFO - [2026-06-17T21:46:05.451+0000] {dag.py:4180} INFO - Setting next_dagrun for extract_raw_data_pipeline to 2026-06-17 07:59:00+00:00, run_after=2026-06-18 07:00:00+00:00
[2026-06-17T21:46:05.465+0000] {processor.py:208} INFO - Processing /opt/airflow/dags/batch_generator.py took 0.132 seconds
[2026-06-17T21:46:35.650+0000] {processor.py:186} INFO - Started process (PID=2872) to work on /opt/airflow/dags/batch_generator.py
[2026-06-17T21:46:35.651+0000] {processor.py:914} INFO - Processing file /opt/airflow/dags/batch_generator.py for tasks to queue
[2026-06-17T21:46:35.652+0000] {logging_mixin.py:190} INFO - [2026-06-17T21:46:35.652+0000] {dagbag.py:588} INFO - Filling up the DagBag from /opt/airflow/dags/batch_generator.py
[2026-06-17T21:46:35.736+0000] {processor.py:925} INFO - DAG(s) 'extract_raw_data_pipeline' retrieved from /opt/airflow/dags/batch_generator.py
[2026-06-17T21:46:35.753+0000] {logging_mixin.py:190} INFO - [2026-06-17T21:46:35.752+0000] {dag.py:3239} INFO - Sync 1 DAGs
[2026-06-17T21:46:35.766+0000] {logging_mixin.py:190} INFO - [2026-06-17T21:46:35.766+0000] {dag.py:4180} INFO - Setting next_dagrun for extract_raw_data_pipeline to 2026-06-17 07:59:00+00:00, run_after=2026-06-18 07:00:00+00:00
[2026-06-17T21:46:35.779+0000] {processor.py:208} INFO - Processing /opt/airflow/dags/batch_generator.py took 0.132 seconds
[2026-06-17T21:47:05.995+0000] {processor.py:186} INFO - Started process (PID=2880) to work on /opt/airflow/dags/batch_generator.py
[2026-06-17T21:47:05.996+0000] {processor.py:914} INFO - Processing file /opt/airflow/dags/batch_generator.py for tasks to queue
[2026-06-17T21:47:05.998+0000] {logging_mixin.py:190} INFO - [2026-06-17T21:47:05.997+0000] {dagbag.py:588} INFO - Filling up the DagBag from /opt/airflow/dags/batch_generator.py
[2026-06-17T21:47:06.081+0000] {processor.py:925} INFO - DAG(s) 'extract_raw_data_pipeline' retrieved from /opt/airflow/dags/batch_generator.py
[2026-06-17T21:47:06.096+0000] {logging_mixin.py:190} INFO - [2026-06-17T21:47:06.096+0000] {dag.py:3239} INFO - Sync 1 DAGs
[2026-06-17T21:47:06.110+0000] {logging_mixin.py:190} INFO - [2026-06-17T21:47:06.110+0000] {dag.py:4180} INFO - Setting next_dagrun for extract_raw_data_pipeline to 2026-06-17 07:59:00+00:00, run_after=2026-06-18 07:00:00+00:00
[2026-06-17T21:47:06.123+0000] {processor.py:208} INFO - Processing /opt/airflow/dags/batch_generator.py took 0.131 seconds
[2026-06-17T21:47:36.421+0000] {processor.py:186} INFO - Started process (PID=2888) to work on /opt/airflow/dags/batch_generator.py
[2026-06-17T21:47:36.422+0000] {processor.py:914} INFO - Processing file /opt/airflow/dags/batch_generator.py for tasks to queue
[2026-06-17T21:47:36.423+0000] {logging_mixin.py:190} INFO - [2026-06-17T21:47:36.423+0000] {dagbag.py:588} INFO - Filling up the DagBag from /opt/airflow/dags/batch_generator.py
[2026-06-17T21:47:36.509+0000] {processor.py:925} INFO - DAG(s) 'extract_raw_data_pipeline' retrieved from /opt/airflow/dags/batch_generator.py
[2026-06-17T21:47:36.524+0000] {logging_mixin.py:190} INFO - [2026-06-17T21:47:36.524+0000] {dag.py:3239} INFO - Sync 1 DAGs
[2026-06-17T21:47:36.537+0000] {logging_mixin.py:190} INFO - [2026-06-17T21:47:36.537+0000] {dag.py:4180} INFO - Setting next_dagrun for extract_raw_data_pipeline to 2026-06-17 07:59:00+00:00, run_after=2026-06-18 07:00:00+00:00
[2026-06-17T21:47:36.551+0000] {processor.py:208} INFO - Processing /opt/airflow/dags/batch_generator.py took 0.133 seconds
[2026-06-17T21:48:06.802+0000] {processor.py:186} INFO - Started process (PID=2895) to work on /opt/airflow/dags/batch_generator.py
[2026-06-17T21:48:06.803+0000] {processor.py:914} INFO - Processing file /opt/airflow/dags/batch_generator.py for tasks to queue
[2026-06-17T21:48:06.804+0000] {logging_mixin.py:190} INFO - [2026-06-17T21:48:06.804+0000] {dagbag.py:588} INFO - Filling up the DagBag from /opt/airflow/dags/batch_generator.py
[2026-06-17T21:48:06.899+0000] {processor.py:925} INFO - DAG(s) 'extract_raw_data_pipeline' retrieved from /opt/airflow/dags/batch_generator.py
[2026-06-17T21:48:06.914+0000] {logging_mixin.py:190} INFO - [2026-06-17T21:48:06.913+0000] {dag.py:3239} INFO - Sync 1 DAGs
[2026-06-17T21:48:06.926+0000] {logging_mixin.py:190} INFO - [2026-06-17T21:48:06.926+0000] {dag.py:4180} INFO - Setting next_dagrun for extract_raw_data_pipeline to 2026-06-17 07:59:00+00:00, run_after=2026-06-18 07:00:00+00:00
[2026-06-17T21:48:06.938+0000] {processor.py:208} INFO - Processing /opt/airflow/dags/batch_generator.py took 0.140 seconds
[2026-06-17T21:48:37.090+0000] {processor.py:186} INFO - Started process (PID=2903) to work on /opt/airflow/dags/batch_generator.py
[2026-06-17T21:48:37.091+0000] {processor.py:914} INFO - Processing file /opt/airflow/dags/batch_generator.py for tasks to queue
[2026-06-17T21:48:37.093+0000] {logging_mixin.py:190} INFO - [2026-06-17T21:48:37.093+0000] {dagbag.py:588} INFO - Filling up the DagBag from /opt/airflow/dags/batch_generator.py
[2026-06-17T21:48:37.186+0000] {processor.py:925} INFO - DAG(s) 'extract_raw_data_pipeline' retrieved from /opt/airflow/dags/batch_generator.py
[2026-06-17T21:48:37.202+0000] {logging_mixin.py:190} INFO - [2026-06-17T21:48:37.202+0000] {dag.py:3239} INFO - Sync 1 DAGs
[2026-06-17T21:48:37.216+0000] {logging_mixin.py:190} INFO - [2026-06-17T21:48:37.216+0000] {dag.py:4180} INFO - Setting next_dagrun for extract_raw_data_pipeline to 2026-06-17 07:59:00+00:00, run_after=2026-06-18 07:00:00+00:00
[2026-06-17T21:48:37.240+0000] {processor.py:208} INFO - Processing /opt/airflow/dags/batch_generator.py took 0.154 seconds
[2026-06-17T21:49:07.522+0000] {processor.py:186} INFO - Started process (PID=2911) to work on /opt/airflow/dags/batch_generator.py
[2026-06-17T21:49:07.523+0000] {processor.py:914} INFO - Processing file /opt/airflow/dags/batch_generator.py for tasks to queue
[2026-06-17T21:49:07.525+0000] {logging_mixin.py:190} INFO - [2026-06-17T21:49:07.525+0000] {dagbag.py:588} INFO - Filling up the DagBag from /opt/airflow/dags/batch_generator.py
[2026-06-17T21:49:07.620+0000] {processor.py:925} INFO - DAG(s) 'extract_raw_data_pipeline' retrieved from /opt/airflow/dags/batch_generator.py
[2026-06-17T21:49:07.634+0000] {logging_mixin.py:190} INFO - [2026-06-17T21:49:07.634+0000] {dag.py:3239} INFO - Sync 1 DAGs
[2026-06-17T21:49:07.648+0000] {logging_mixin.py:190} INFO - [2026-06-17T21:49:07.647+0000] {dag.py:4180} INFO - Setting next_dagrun for extract_raw_data_pipeline to 2026-06-17 07:59:00+00:00, run_after=2026-06-18 07:00:00+00:00
[2026-06-17T21:49:07.662+0000] {processor.py:208} INFO - Processing /opt/airflow/dags/batch_generator.py took 0.143 seconds
[2026-06-17T21:49:37.824+0000] {processor.py:186} INFO - Started process (PID=2919) to work on /opt/airflow/dags/batch_generator.py
[2026-06-17T21:49:37.825+0000] {processor.py:914} INFO - Processing file /opt/airflow/dags/batch_generator.py for tasks to queue
[2026-06-17T21:49:37.827+0000] {logging_mixin.py:190} INFO - [2026-06-17T21:49:37.826+0000] {dagbag.py:588} INFO - Filling up the DagBag from /opt/airflow/dags/batch_generator.py
[2026-06-17T21:49:37.914+0000] {processor.py:925} INFO - DAG(s) 'extract_raw_data_pipeline' retrieved from /opt/airflow/dags/batch_generator.py
[2026-06-17T21:49:37.932+0000] {logging_mixin.py:190} INFO - [2026-06-17T21:49:37.931+0000] {dag.py:3239} INFO - Sync 1 DAGs
[2026-06-17T21:49:37.946+0000] {logging_mixin.py:190} INFO - [2026-06-17T21:49:37.946+0000] {dag.py:4180} INFO - Setting next_dagrun for extract_raw_data_pipeline to 2026-06-17 07:59:00+00:00, run_after=2026-06-18 07:00:00+00:00
[2026-06-17T21:49:37.959+0000] {processor.py:208} INFO - Processing /opt/airflow/dags/batch_generator.py took 0.139 seconds
[2026-06-17T21:50:08.209+0000] {processor.py:186} INFO - Started process (PID=2927) to work on /opt/airflow/dags/batch_generator.py
[2026-06-17T21:50:08.209+0000] {processor.py:914} INFO - Processing file /opt/airflow/dags/batch_generator.py for tasks to queue
[2026-06-17T21:50:08.211+0000] {logging_mixin.py:190} INFO - [2026-06-17T21:50:08.211+0000] {dagbag.py:588} INFO - Filling up the DagBag from /opt/airflow/dags/batch_generator.py
[2026-06-17T21:50:08.293+0000] {processor.py:925} INFO - DAG(s) 'extract_raw_data_pipeline' retrieved from /opt/airflow/dags/batch_generator.py
[2026-06-17T21:50:08.310+0000] {logging_mixin.py:190} INFO - [2026-06-17T21:50:08.310+0000] {dag.py:3239} INFO - Sync 1 DAGs
[2026-06-17T21:50:08.324+0000] {logging_mixin.py:190} INFO - [2026-06-17T21:50:08.324+0000] {dag.py:4180} INFO - Setting next_dagrun for extract_raw_data_pipeline to 2026-06-17 07:59:00+00:00, run_after=2026-06-18 07:00:00+00:00
[2026-06-17T21:50:08.336+0000] {processor.py:208} INFO - Processing /opt/airflow/dags/batch_generator.py took 0.131 seconds
[2026-06-17T21:50:38.584+0000] {processor.py:186} INFO - Started process (PID=2935) to work on /opt/airflow/dags/batch_generator.py
[2026-06-17T21:50:38.585+0000] {processor.py:914} INFO - Processing file /opt/airflow/dags/batch_generator.py for tasks to queue
[2026-06-17T21:50:38.586+0000] {logging_mixin.py:190} INFO - [2026-06-17T21:50:38.586+0000] {dagbag.py:588} INFO - Filling up the DagBag from /opt/airflow/dags/batch_generator.py
[2026-06-17T21:50:38.670+0000] {processor.py:925} INFO - DAG(s) 'extract_raw_data_pipeline' retrieved from /opt/airflow/dags/batch_generator.py
[2026-06-17T21:50:38.686+0000] {logging_mixin.py:190} INFO - [2026-06-17T21:50:38.686+0000] {dag.py:3239} INFO - Sync 1 DAGs
[2026-06-17T21:50:38.698+0000] {logging_mixin.py:190} INFO - [2026-06-17T21:50:38.698+0000] {dag.py:4180} INFO - Setting next_dagrun for extract_raw_data_pipeline to 2026-06-17 07:59:00+00:00, run_after=2026-06-18 07:00:00+00:00
[2026-06-17T21:50:38.711+0000] {processor.py:208} INFO - Processing /opt/airflow/dags/batch_generator.py took 0.130 seconds
[2026-06-17T21:51:08.910+0000] {processor.py:186} INFO - Started process (PID=2943) to work on /opt/airflow/dags/batch_generator.py
[2026-06-17T21:51:08.910+0000] {processor.py:914} INFO - Processing file /opt/airflow/dags/batch_generator.py for tasks to queue
[2026-06-17T21:51:08.912+0000] {logging_mixin.py:190} INFO - [2026-06-17T21:51:08.912+0000] {dagbag.py:588} INFO - Filling up the DagBag from /opt/airflow/dags/batch_generator.py
[2026-06-17T21:51:08.998+0000] {processor.py:925} INFO - DAG(s) 'extract_raw_data_pipeline' retrieved from /opt/airflow/dags/batch_generator.py
[2026-06-17T21:51:09.013+0000] {logging_mixin.py:190} INFO - [2026-06-17T21:51:09.013+0000] {dag.py:3239} INFO - Sync 1 DAGs
[2026-06-17T21:51:09.027+0000] {logging_mixin.py:190} INFO - [2026-06-17T21:51:09.027+0000] {dag.py:4180} INFO - Setting next_dagrun for extract_raw_data_pipeline to 2026-06-17 07:59:00+00:00, run_after=2026-06-18 07:00:00+00:00
[2026-06-17T21:51:09.040+0000] {processor.py:208} INFO - Processing /opt/airflow/dags/batch_generator.py took 0.134 seconds
[2026-06-17T21:51:39.462+0000] {processor.py:186} INFO - Started process (PID=2951) to work on /opt/airflow/dags/batch_generator.py
[2026-06-17T21:51:39.463+0000] {processor.py:914} INFO - Processing file /opt/airflow/dags/batch_generator.py for tasks to queue
[2026-06-17T21:51:39.464+0000] {logging_mixin.py:190} INFO - [2026-06-17T21:51:39.464+0000] {dagbag.py:588} INFO - Filling up the DagBag from /opt/airflow/dags/batch_generator.py
[2026-06-17T21:51:39.551+0000] {processor.py:925} INFO - DAG(s) 'extract_raw_data_pipeline' retrieved from /opt/airflow/dags/batch_generator.py
[2026-06-17T21:51:39.564+0000] {logging_mixin.py:190} INFO - [2026-06-17T21:51:39.564+0000] {dag.py:3239} INFO - Sync 1 DAGs
[2026-06-17T21:51:39.575+0000] {logging_mixin.py:190} INFO - [2026-06-17T21:51:39.575+0000] {dag.py:4180} INFO - Setting next_dagrun for extract_raw_data_pipeline to 2026-06-17 07:59:00+00:00, run_after=2026-06-18 07:00:00+00:00
[2026-06-17T21:51:39.588+0000] {processor.py:208} INFO - Processing /opt/airflow/dags/batch_generator.py took 0.130 seconds
[2026-06-17T21:52:09.811+0000] {processor.py:186} INFO - Started process (PID=2959) to work on /opt/airflow/dags/batch_generator.py
[2026-06-17T21:52:09.812+0000] {processor.py:914} INFO - Processing file /opt/airflow/dags/batch_generator.py for tasks to queue
[2026-06-17T21:52:09.813+0000] {logging_mixin.py:190} INFO - [2026-06-17T21:52:09.813+0000] {dagbag.py:588} INFO - Filling up the DagBag from /opt/airflow/dags/batch_generator.py
[2026-06-17T21:52:09.900+0000] {processor.py:925} INFO - DAG(s) 'extract_raw_data_pipeline' retrieved from /opt/airflow/dags/batch_generator.py
[2026-06-17T21:52:09.914+0000] {logging_mixin.py:190} INFO - [2026-06-17T21:52:09.914+0000] {dag.py:3239} INFO - Sync 1 DAGs
[2026-06-17T21:52:09.932+0000] {logging_mixin.py:190} INFO - [2026-06-17T21:52:09.932+0000] {dag.py:4180} INFO - Setting next_dagrun for extract_raw_data_pipeline to 2026-06-17 07:59:00+00:00, run_after=2026-06-18 07:00:00+00:00
[2026-06-17T21:52:09.945+0000] {processor.py:208} INFO - Processing /opt/airflow/dags/batch_generator.py took 0.138 seconds
[2026-06-17T21:52:40.186+0000] {processor.py:186} INFO - Started process (PID=2967) to work on /opt/airflow/dags/batch_generator.py
[2026-06-17T21:52:40.187+0000] {processor.py:914} INFO - Processing file /opt/airflow/dags/batch_generator.py for tasks to queue
[2026-06-17T21:52:40.189+0000] {logging_mixin.py:190} INFO - [2026-06-17T21:52:40.188+0000] {dagbag.py:588} INFO - Filling up the DagBag from /opt/airflow/dags/batch_generator.py
[2026-06-17T21:52:40.277+0000] {processor.py:925} INFO - DAG(s) 'extract_raw_data_pipeline' retrieved from /opt/airflow/dags/batch_generator.py
[2026-06-17T21:52:40.292+0000] {logging_mixin.py:190} INFO - [2026-06-17T21:52:40.291+0000] {dag.py:3239} INFO - Sync 1 DAGs
[2026-06-17T21:52:40.308+0000] {logging_mixin.py:190} INFO - [2026-06-17T21:52:40.308+0000] {dag.py:4180} INFO - Setting next_dagrun for extract_raw_data_pipeline to 2026-06-17 07:59:00+00:00, run_after=2026-06-18 07:00:00+00:00
[2026-06-17T21:52:40.319+0000] {processor.py:208} INFO - Processing /opt/airflow/dags/batch_generator.py took 0.140 seconds
[2026-06-17T21:53:10.562+0000] {processor.py:186} INFO - Started process (PID=2975) to work on /opt/airflow/dags/batch_generator.py
[2026-06-17T21:53:10.563+0000] {processor.py:914} INFO - Processing file /opt/airflow/dags/batch_generator.py for tasks to queue
[2026-06-17T21:53:10.564+0000] {logging_mixin.py:190} INFO - [2026-06-17T21:53:10.564+0000] {dagbag.py:588} INFO - Filling up the DagBag from /opt/airflow/dags/batch_generator.py
[2026-06-17T21:53:10.656+0000] {processor.py:925} INFO - DAG(s) 'extract_raw_data_pipeline' retrieved from /opt/airflow/dags/batch_generator.py
[2026-06-17T21:53:10.672+0000] {logging_mixin.py:190} INFO - [2026-06-17T21:53:10.672+0000] {dag.py:3239} INFO - Sync 1 DAGs
[2026-06-17T21:53:10.686+0000] {logging_mixin.py:190} INFO - [2026-06-17T21:53:10.686+0000] {dag.py:4180} INFO - Setting next_dagrun for extract_raw_data_pipeline to 2026-06-17 07:59:00+00:00, run_after=2026-06-18 07:00:00+00:00
[2026-06-17T21:53:10.700+0000] {processor.py:208} INFO - Processing /opt/airflow/dags/batch_generator.py took 0.141 seconds
[2026-06-17T21:53:40.802+0000] {processor.py:186} INFO - Started process (PID=2983) to work on /opt/airflow/dags/batch_generator.py
[2026-06-17T21:53:40.803+0000] {processor.py:914} INFO - Processing file /opt/airflow/dags/batch_generator.py for tasks to queue
[2026-06-17T21:53:40.805+0000] {logging_mixin.py:190} INFO - [2026-06-17T21:53:40.804+0000] {dagbag.py:588} INFO - Filling up the DagBag from /opt/airflow/dags/batch_generator.py
[2026-06-17T21:53:40.888+0000] {processor.py:925} INFO - DAG(s) 'extract_raw_data_pipeline' retrieved from /opt/airflow/dags/batch_generator.py
[2026-06-17T21:53:40.903+0000] {logging_mixin.py:190} INFO - [2026-06-17T21:53:40.903+0000] {dag.py:3239} INFO - Sync 1 DAGs
[2026-06-17T21:53:40.916+0000] {logging_mixin.py:190} INFO - [2026-06-17T21:53:40.916+0000] {dag.py:4180} INFO - Setting next_dagrun for extract_raw_data_pipeline to 2026-06-17 07:59:00+00:00, run_after=2026-06-18 07:00:00+00:00
[2026-06-17T21:53:40.929+0000] {processor.py:208} INFO - Processing /opt/airflow/dags/batch_generator.py took 0.130 seconds
[2026-06-17T21:54:11.052+0000] {processor.py:186} INFO - Started process (PID=2991) to work on /opt/airflow/dags/batch_generator.py
[2026-06-17T21:54:11.053+0000] {processor.py:914} INFO - Processing file /opt/airflow/dags/batch_generator.py for tasks to queue
[2026-06-17T21:54:11.055+0000] {logging_mixin.py:190} INFO - [2026-06-17T21:54:11.055+0000] {dagbag.py:588} INFO - Filling up the DagBag from /opt/airflow/dags/batch_generator.py
[2026-06-17T21:54:11.138+0000] {processor.py:925} INFO - DAG(s) 'extract_raw_data_pipeline' retrieved from /opt/airflow/dags/batch_generator.py
[2026-06-17T21:54:11.155+0000] {logging_mixin.py:190} INFO - [2026-06-17T21:54:11.155+0000] {dag.py:3239} INFO - Sync 1 DAGs
[2026-06-17T21:54:11.169+0000] {logging_mixin.py:190} INFO - [2026-06-17T21:54:11.169+0000] {dag.py:4180} INFO - Setting next_dagrun for extract_raw_data_pipeline to 2026-06-17 07:59:00+00:00, run_after=2026-06-18 07:00:00+00:00
[2026-06-17T21:54:11.182+0000] {processor.py:208} INFO - Processing /opt/airflow/dags/batch_generator.py took 0.134 seconds
[2026-06-17T21:54:41.356+0000] {processor.py:186} INFO - Started process (PID=2999) to work on /opt/airflow/dags/batch_generator.py
[2026-06-17T21:54:41.357+0000] {processor.py:914} INFO - Processing file /opt/airflow/dags/batch_generator.py for tasks to queue
[2026-06-17T21:54:41.358+0000] {logging_mixin.py:190} INFO - [2026-06-17T21:54:41.358+0000] {dagbag.py:588} INFO - Filling up the DagBag from /opt/airflow/dags/batch_generator.py
[2026-06-17T21:54:41.441+0000] {processor.py:925} INFO - DAG(s) 'extract_raw_data_pipeline' retrieved from /opt/airflow/dags/batch_generator.py
[2026-06-17T21:54:41.457+0000] {logging_mixin.py:190} INFO - [2026-06-17T21:54:41.457+0000] {dag.py:3239} INFO - Sync 1 DAGs
[2026-06-17T21:54:41.471+0000] {logging_mixin.py:190} INFO - [2026-06-17T21:54:41.470+0000] {dag.py:4180} INFO - Setting next_dagrun for extract_raw_data_pipeline to 2026-06-17 07:59:00+00:00, run_after=2026-06-18 07:00:00+00:00
[2026-06-17T21:54:41.484+0000] {processor.py:208} INFO - Processing /opt/airflow/dags/batch_generator.py took 0.131 seconds
[2026-06-17T21:55:11.786+0000] {processor.py:186} INFO - Started process (PID=3007) to work on /opt/airflow/dags/batch_generator.py
[2026-06-17T21:55:11.787+0000] {processor.py:914} INFO - Processing file /opt/airflow/dags/batch_generator.py for tasks to queue
[2026-06-17T21:55:11.788+0000] {logging_mixin.py:190} INFO - [2026-06-17T21:55:11.788+0000] {dagbag.py:588} INFO - Filling up the DagBag from /opt/airflow/dags/batch_generator.py
[2026-06-17T21:55:11.874+0000] {processor.py:925} INFO - DAG(s) 'extract_raw_data_pipeline' retrieved from /opt/airflow/dags/batch_generator.py
[2026-06-17T21:55:11.890+0000] {logging_mixin.py:190} INFO - [2026-06-17T21:55:11.890+0000] {dag.py:3239} INFO - Sync 1 DAGs
[2026-06-17T21:55:11.903+0000] {logging_mixin.py:190} INFO - [2026-06-17T21:55:11.903+0000] {dag.py:4180} INFO - Setting next_dagrun for extract_raw_data_pipeline to 2026-06-17 07:59:00+00:00, run_after=2026-06-18 07:00:00+00:00
[2026-06-17T21:55:11.915+0000] {processor.py:208} INFO - Processing /opt/airflow/dags/batch_generator.py took 0.132 seconds
[2026-06-17T21:55:42.114+0000] {processor.py:186} INFO - Started process (PID=3015) to work on /opt/airflow/dags/batch_generator.py
[2026-06-17T21:55:42.115+0000] {processor.py:914} INFO - Processing file /opt/airflow/dags/batch_generator.py for tasks to queue
[2026-06-17T21:55:42.117+0000] {logging_mixin.py:190} INFO - [2026-06-17T21:55:42.116+0000] {dagbag.py:588} INFO - Filling up the DagBag from /opt/airflow/dags/batch_generator.py
[2026-06-17T21:55:42.201+0000] {processor.py:925} INFO - DAG(s) 'extract_raw_data_pipeline' retrieved from /opt/airflow/dags/batch_generator.py
[2026-06-17T21:55:42.216+0000] {logging_mixin.py:190} INFO - [2026-06-17T21:55:42.215+0000] {dag.py:3239} INFO - Sync 1 DAGs
[2026-06-17T21:55:42.228+0000] {logging_mixin.py:190} INFO - [2026-06-17T21:55:42.228+0000] {dag.py:4180} INFO - Setting next_dagrun for extract_raw_data_pipeline to 2026-06-17 07:59:00+00:00, run_after=2026-06-18 07:00:00+00:00
[2026-06-17T21:55:42.241+0000] {processor.py:208} INFO - Processing /opt/airflow/dags/batch_generator.py took 0.131 seconds
[2026-06-17T21:56:12.503+0000] {processor.py:186} INFO - Started process (PID=3023) to work on /opt/airflow/dags/batch_generator.py
[2026-06-17T21:56:12.504+0000] {processor.py:914} INFO - Processing file /opt/airflow/dags/batch_generator.py for tasks to queue
[2026-06-17T21:56:12.506+0000] {logging_mixin.py:190} INFO - [2026-06-17T21:56:12.506+0000] {dagbag.py:588} INFO - Filling up the DagBag from /opt/airflow/dags/batch_generator.py
[2026-06-17T21:56:12.600+0000] {processor.py:925} INFO - DAG(s) 'extract_raw_data_pipeline' retrieved from /opt/airflow/dags/batch_generator.py
[2026-06-17T21:56:12.615+0000] {logging_mixin.py:190} INFO - [2026-06-17T21:56:12.615+0000] {dag.py:3239} INFO - Sync 1 DAGs
[2026-06-17T21:56:12.629+0000] {logging_mixin.py:190} INFO - [2026-06-17T21:56:12.629+0000] {dag.py:4180} INFO - Setting next_dagrun for extract_raw_data_pipeline to 2026-06-17 07:59:00+00:00, run_after=2026-06-18 07:00:00+00:00
[2026-06-17T21:56:12.643+0000] {processor.py:208} INFO - Processing /opt/airflow/dags/batch_generator.py took 0.144 seconds
[2026-06-17T21:56:42.810+0000] {processor.py:186} INFO - Started process (PID=3031) to work on /opt/airflow/dags/batch_generator.py
[2026-06-17T21:56:42.811+0000] {processor.py:914} INFO - Processing file /opt/airflow/dags/batch_generator.py for tasks to queue
[2026-06-17T21:56:42.812+0000] {logging_mixin.py:190} INFO - [2026-06-17T21:56:42.812+0000] {dagbag.py:588} INFO - Filling up the DagBag from /opt/airflow/dags/batch_generator.py
[2026-06-17T21:56:42.903+0000] {processor.py:925} INFO - DAG(s) 'extract_raw_data_pipeline' retrieved from /opt/airflow/dags/batch_generator.py
[2026-06-17T21:56:42.919+0000] {logging_mixin.py:190} INFO - [2026-06-17T21:56:42.918+0000] {dag.py:3239} INFO - Sync 1 DAGs
[2026-06-17T21:56:42.932+0000] {logging_mixin.py:190} INFO - [2026-06-17T21:56:42.932+0000] {dag.py:4180} INFO - Setting next_dagrun for extract_raw_data_pipeline to 2026-06-17 07:59:00+00:00, run_after=2026-06-18 07:00:00+00:00
[2026-06-17T21:56:42.945+0000] {processor.py:208} INFO - Processing /opt/airflow/dags/batch_generator.py took 0.138 seconds
[2026-06-17T21:57:13.235+0000] {processor.py:186} INFO - Started process (PID=3039) to work on /opt/airflow/dags/batch_generator.py
[2026-06-17T21:57:13.236+0000] {processor.py:914} INFO - Processing file /opt/airflow/dags/batch_generator.py for tasks to queue
[2026-06-17T21:57:13.237+0000] {logging_mixin.py:190} INFO - [2026-06-17T21:57:13.237+0000] {dagbag.py:588} INFO - Filling up the DagBag from /opt/airflow/dags/batch_generator.py
[2026-06-17T21:57:13.328+0000] {processor.py:925} INFO - DAG(s) 'extract_raw_data_pipeline' retrieved from /opt/airflow/dags/batch_generator.py
[2026-06-17T21:57:13.344+0000] {logging_mixin.py:190} INFO - [2026-06-17T21:57:13.344+0000] {dag.py:3239} INFO - Sync 1 DAGs
[2026-06-17T21:57:13.358+0000] {logging_mixin.py:190} INFO - [2026-06-17T21:57:13.358+0000] {dag.py:4180} INFO - Setting next_dagrun for extract_raw_data_pipeline to 2026-06-17 07:59:00+00:00, run_after=2026-06-18 07:00:00+00:00
[2026-06-17T21:57:13.382+0000] {processor.py:208} INFO - Processing /opt/airflow/dags/batch_generator.py took 0.150 seconds
[2026-06-17T21:57:43.589+0000] {processor.py:186} INFO - Started process (PID=3047) to work on /opt/airflow/dags/batch_generator.py
[2026-06-17T21:57:43.590+0000] {processor.py:914} INFO - Processing file /opt/airflow/dags/batch_generator.py for tasks to queue
[2026-06-17T21:57:43.592+0000] {logging_mixin.py:190} INFO - [2026-06-17T21:57:43.592+0000] {dagbag.py:588} INFO - Filling up the DagBag from /opt/airflow/dags/batch_generator.py
[2026-06-17T21:57:43.726+0000] {processor.py:925} INFO - DAG(s) 'extract_raw_data_pipeline' retrieved from /opt/airflow/dags/batch_generator.py
[2026-06-17T21:57:43.743+0000] {logging_mixin.py:190} INFO - [2026-06-17T21:57:43.743+0000] {dag.py:3239} INFO - Sync 1 DAGs
[2026-06-17T21:57:43.759+0000] {logging_mixin.py:190} INFO - [2026-06-17T21:57:43.759+0000] {dag.py:4180} INFO - Setting next_dagrun for extract_raw_data_pipeline to 2026-06-17 07:59:00+00:00, run_after=2026-06-18 07:00:00+00:00
[2026-06-17T21:57:43.774+0000] {processor.py:208} INFO - Processing /opt/airflow/dags/batch_generator.py took 0.189 seconds
[2026-06-17T21:58:13.877+0000] {processor.py:186} INFO - Started process (PID=3055) to work on /opt/airflow/dags/batch_generator.py
[2026-06-17T21:58:13.878+0000] {processor.py:914} INFO - Processing file /opt/airflow/dags/batch_generator.py for tasks to queue
[2026-06-17T21:58:13.879+0000] {logging_mixin.py:190} INFO - [2026-06-17T21:58:13.879+0000] {dagbag.py:588} INFO - Filling up the DagBag from /opt/airflow/dags/batch_generator.py
[2026-06-17T21:58:13.972+0000] {processor.py:925} INFO - DAG(s) 'extract_raw_data_pipeline' retrieved from /opt/airflow/dags/batch_generator.py
[2026-06-17T21:58:13.990+0000] {logging_mixin.py:190} INFO - [2026-06-17T21:58:13.990+0000] {dag.py:3239} INFO - Sync 1 DAGs
[2026-06-17T21:58:14.013+0000] {logging_mixin.py:190} INFO - [2026-06-17T21:58:14.012+0000] {dag.py:4180} INFO - Setting next_dagrun for extract_raw_data_pipeline to 2026-06-17 07:59:00+00:00, run_after=2026-06-18 07:00:00+00:00
[2026-06-17T21:58:14.122+0000] {processor.py:208} INFO - Processing /opt/airflow/dags/batch_generator.py took 0.248 seconds
[2026-06-17T21:58:44.247+0000] {processor.py:186} INFO - Started process (PID=3063) to work on /opt/airflow/dags/batch_generator.py
[2026-06-17T21:58:44.247+0000] {processor.py:914} INFO - Processing file /opt/airflow/dags/batch_generator.py for tasks to queue
[2026-06-17T21:58:44.249+0000] {logging_mixin.py:190} INFO - [2026-06-17T21:58:44.249+0000] {dagbag.py:588} INFO - Filling up the DagBag from /opt/airflow/dags/batch_generator.py
[2026-06-17T21:58:44.357+0000] {processor.py:925} INFO - DAG(s) 'extract_raw_data_pipeline' retrieved from /opt/airflow/dags/batch_generator.py
[2026-06-17T21:58:44.374+0000] {logging_mixin.py:190} INFO - [2026-06-17T21:58:44.374+0000] {dag.py:3239} INFO - Sync 1 DAGs
[2026-06-17T21:58:44.388+0000] {logging_mixin.py:190} INFO - [2026-06-17T21:58:44.388+0000] {dag.py:4180} INFO - Setting next_dagrun for extract_raw_data_pipeline to 2026-06-17 07:59:00+00:00, run_after=2026-06-18 07:00:00+00:00
[2026-06-17T21:58:44.401+0000] {processor.py:208} INFO - Processing /opt/airflow/dags/batch_generator.py took 0.159 seconds
[2026-06-17T21:59:14.598+0000] {processor.py:186} INFO - Started process (PID=3071) to work on /opt/airflow/dags/batch_generator.py
[2026-06-17T21:59:14.599+0000] {processor.py:914} INFO - Processing file /opt/airflow/dags/batch_generator.py for tasks to queue
[2026-06-17T21:59:14.600+0000] {logging_mixin.py:190} INFO - [2026-06-17T21:59:14.600+0000] {dagbag.py:588} INFO - Filling up the DagBag from /opt/airflow/dags/batch_generator.py
[2026-06-17T21:59:14.694+0000] {processor.py:925} INFO - DAG(s) 'extract_raw_data_pipeline' retrieved from /opt/airflow/dags/batch_generator.py
[2026-06-17T21:59:14.709+0000] {logging_mixin.py:190} INFO - [2026-06-17T21:59:14.709+0000] {dag.py:3239} INFO - Sync 1 DAGs
[2026-06-17T21:59:14.723+0000] {logging_mixin.py:190} INFO - [2026-06-17T21:59:14.723+0000] {dag.py:4180} INFO - Setting next_dagrun for extract_raw_data_pipeline to 2026-06-17 07:59:00+00:00, run_after=2026-06-18 07:00:00+00:00
[2026-06-17T21:59:14.735+0000] {processor.py:208} INFO - Processing /opt/airflow/dags/batch_generator.py took 0.141 seconds
[2026-06-17T21:59:44.918+0000] {processor.py:186} INFO - Started process (PID=3079) to work on /opt/airflow/dags/batch_generator.py
[2026-06-17T21:59:44.918+0000] {processor.py:914} INFO - Processing file /opt/airflow/dags/batch_generator.py for tasks to queue
[2026-06-17T21:59:44.920+0000] {logging_mixin.py:190} INFO - [2026-06-17T21:59:44.920+0000] {dagbag.py:588} INFO - Filling up the DagBag from /opt/airflow/dags/batch_generator.py
[2026-06-17T21:59:45.010+0000] {processor.py:925} INFO - DAG(s) 'extract_raw_data_pipeline' retrieved from /opt/airflow/dags/batch_generator.py
[2026-06-17T21:59:45.025+0000] {logging_mixin.py:190} INFO - [2026-06-17T21:59:45.025+0000] {dag.py:3239} INFO - Sync 1 DAGs
[2026-06-17T21:59:45.039+0000] {logging_mixin.py:190} INFO - [2026-06-17T21:59:45.038+0000] {dag.py:4180} INFO - Setting next_dagrun for extract_raw_data_pipeline to 2026-06-17 07:59:00+00:00, run_after=2026-06-18 07:00:00+00:00
[2026-06-17T21:59:45.054+0000] {processor.py:208} INFO - Processing /opt/airflow/dags/batch_generator.py took 0.140 seconds
[2026-06-17T22:00:15.296+0000] {processor.py:186} INFO - Started process (PID=3087) to work on /opt/airflow/dags/batch_generator.py
[2026-06-17T22:00:15.296+0000] {processor.py:914} INFO - Processing file /opt/airflow/dags/batch_generator.py for tasks to queue
[2026-06-17T22:00:15.298+0000] {logging_mixin.py:190} INFO - [2026-06-17T22:00:15.297+0000] {dagbag.py:588} INFO - Filling up the DagBag from /opt/airflow/dags/batch_generator.py
[2026-06-17T22:00:15.393+0000] {processor.py:925} INFO - DAG(s) 'extract_raw_data_pipeline' retrieved from /opt/airflow/dags/batch_generator.py
[2026-06-17T22:00:15.409+0000] {logging_mixin.py:190} INFO - [2026-06-17T22:00:15.409+0000] {dag.py:3239} INFO - Sync 1 DAGs
[2026-06-17T22:00:15.424+0000] {logging_mixin.py:190} INFO - [2026-06-17T22:00:15.424+0000] {dag.py:4180} INFO - Setting next_dagrun for extract_raw_data_pipeline to 2026-06-17 07:59:00+00:00, run_after=2026-06-18 07:00:00+00:00
[2026-06-17T22:00:15.444+0000] {processor.py:208} INFO - Processing /opt/airflow/dags/batch_generator.py took 0.152 seconds
[2026-06-17T22:00:45.586+0000] {processor.py:186} INFO - Started process (PID=3095) to work on /opt/airflow/dags/batch_generator.py
[2026-06-17T22:00:45.586+0000] {processor.py:914} INFO - Processing file /opt/airflow/dags/batch_generator.py for tasks to queue
[2026-06-17T22:00:45.588+0000] {logging_mixin.py:190} INFO - [2026-06-17T22:00:45.588+0000] {dagbag.py:588} INFO - Filling up the DagBag from /opt/airflow/dags/batch_generator.py
[2026-06-17T22:00:45.676+0000] {processor.py:925} INFO - DAG(s) 'extract_raw_data_pipeline' retrieved from /opt/airflow/dags/batch_generator.py
[2026-06-17T22:00:45.693+0000] {logging_mixin.py:190} INFO - [2026-06-17T22:00:45.692+0000] {dag.py:3239} INFO - Sync 1 DAGs
[2026-06-17T22:00:45.707+0000] {logging_mixin.py:190} INFO - [2026-06-17T22:00:45.707+0000] {dag.py:4180} INFO - Setting next_dagrun for extract_raw_data_pipeline to 2026-06-17 07:59:00+00:00, run_after=2026-06-18 07:00:00+00:00
[2026-06-17T22:00:45.723+0000] {processor.py:208} INFO - Processing /opt/airflow/dags/batch_generator.py took 0.141 seconds
[2026-06-17T22:01:16.138+0000] {processor.py:186} INFO - Started process (PID=3103) to work on /opt/airflow/dags/batch_generator.py
[2026-06-17T22:01:16.138+0000] {processor.py:914} INFO - Processing file /opt/airflow/dags/batch_generator.py for tasks to queue
[2026-06-17T22:01:16.139+0000] {logging_mixin.py:190} INFO - [2026-06-17T22:01:16.139+0000] {dagbag.py:588} INFO - Filling up the DagBag from /opt/airflow/dags/batch_generator.py
[2026-06-17T22:01:16.226+0000] {processor.py:925} INFO - DAG(s) 'extract_raw_data_pipeline' retrieved from /opt/airflow/dags/batch_generator.py
[2026-06-17T22:01:16.240+0000] {logging_mixin.py:190} INFO - [2026-06-17T22:01:16.240+0000] {dag.py:3239} INFO - Sync 1 DAGs
[2026-06-17T22:01:16.252+0000] {logging_mixin.py:190} INFO - [2026-06-17T22:01:16.252+0000] {dag.py:4180} INFO - Setting next_dagrun for extract_raw_data_pipeline to 2026-06-17 07:59:00+00:00, run_after=2026-06-18 07:00:00+00:00
[2026-06-17T22:01:16.268+0000] {processor.py:208} INFO - Processing /opt/airflow/dags/batch_generator.py took 0.133 seconds
[2026-06-17T22:01:46.577+0000] {processor.py:186} INFO - Started process (PID=3111) to work on /opt/airflow/dags/batch_generator.py
[2026-06-17T22:01:46.578+0000] {processor.py:914} INFO - Processing file /opt/airflow/dags/batch_generator.py for tasks to queue
[2026-06-17T22:01:46.580+0000] {logging_mixin.py:190} INFO - [2026-06-17T22:01:46.579+0000] {dagbag.py:588} INFO - Filling up the DagBag from /opt/airflow/dags/batch_generator.py
[2026-06-17T22:01:46.665+0000] {processor.py:925} INFO - DAG(s) 'extract_raw_data_pipeline' retrieved from /opt/airflow/dags/batch_generator.py
[2026-06-17T22:01:46.680+0000] {logging_mixin.py:190} INFO - [2026-06-17T22:01:46.680+0000] {dag.py:3239} INFO - Sync 1 DAGs
[2026-06-17T22:01:46.692+0000] {logging_mixin.py:190} INFO - [2026-06-17T22:01:46.692+0000] {dag.py:4180} INFO - Setting next_dagrun for extract_raw_data_pipeline to 2026-06-17 07:59:00+00:00, run_after=2026-06-18 07:00:00+00:00
[2026-06-17T22:01:46.706+0000] {processor.py:208} INFO - Processing /opt/airflow/dags/batch_generator.py took 0.132 seconds
[2026-06-17T22:02:16.842+0000] {processor.py:186} INFO - Started process (PID=3119) to work on /opt/airflow/dags/batch_generator.py
[2026-06-17T22:02:16.843+0000] {processor.py:914} INFO - Processing file /opt/airflow/dags/batch_generator.py for tasks to queue
[2026-06-17T22:02:16.844+0000] {logging_mixin.py:190} INFO - [2026-06-17T22:02:16.844+0000] {dagbag.py:588} INFO - Filling up the DagBag from /opt/airflow/dags/batch_generator.py
[2026-06-17T22:02:16.936+0000] {processor.py:925} INFO - DAG(s) 'extract_raw_data_pipeline' retrieved from /opt/airflow/dags/batch_generator.py
[2026-06-17T22:02:16.953+0000] {logging_mixin.py:190} INFO - [2026-06-17T22:02:16.952+0000] {dag.py:3239} INFO - Sync 1 DAGs
[2026-06-17T22:02:16.967+0000] {logging_mixin.py:190} INFO - [2026-06-17T22:02:16.967+0000] {dag.py:4180} INFO - Setting next_dagrun for extract_raw_data_pipeline to 2026-06-17 07:59:00+00:00, run_after=2026-06-18 07:00:00+00:00
[2026-06-17T22:02:16.980+0000] {processor.py:208} INFO - Processing /opt/airflow/dags/batch_generator.py took 0.142 seconds
[2026-06-17T22:02:47.258+0000] {processor.py:186} INFO - Started process (PID=3127) to work on /opt/airflow/dags/batch_generator.py
[2026-06-17T22:02:47.258+0000] {processor.py:914} INFO - Processing file /opt/airflow/dags/batch_generator.py for tasks to queue
[2026-06-17T22:02:47.260+0000] {logging_mixin.py:190} INFO - [2026-06-17T22:02:47.260+0000] {dagbag.py:588} INFO - Filling up the DagBag from /opt/airflow/dags/batch_generator.py
[2026-06-17T22:02:47.348+0000] {processor.py:925} INFO - DAG(s) 'extract_raw_data_pipeline' retrieved from /opt/airflow/dags/batch_generator.py
[2026-06-17T22:02:47.364+0000] {logging_mixin.py:190} INFO - [2026-06-17T22:02:47.364+0000] {dag.py:3239} INFO - Sync 1 DAGs
[2026-06-17T22:02:47.377+0000] {logging_mixin.py:190} INFO - [2026-06-17T22:02:47.377+0000] {dag.py:4180} INFO - Setting next_dagrun for extract_raw_data_pipeline to 2026-06-17 07:59:00+00:00, run_after=2026-06-18 07:00:00+00:00
[2026-06-17T22:02:47.389+0000] {processor.py:208} INFO - Processing /opt/airflow/dags/batch_generator.py took 0.135 seconds
[2026-06-17T22:03:17.550+0000] {processor.py:186} INFO - Started process (PID=3135) to work on /opt/airflow/dags/batch_generator.py
[2026-06-17T22:03:17.551+0000] {processor.py:914} INFO - Processing file /opt/airflow/dags/batch_generator.py for tasks to queue
[2026-06-17T22:03:17.553+0000] {logging_mixin.py:190} INFO - [2026-06-17T22:03:17.553+0000] {dagbag.py:588} INFO - Filling up the DagBag from /opt/airflow/dags/batch_generator.py
[2026-06-17T22:03:17.647+0000] {processor.py:925} INFO - DAG(s) 'extract_raw_data_pipeline' retrieved from /opt/airflow/dags/batch_generator.py
[2026-06-17T22:03:17.663+0000] {logging_mixin.py:190} INFO - [2026-06-17T22:03:17.663+0000] {dag.py:3239} INFO - Sync 1 DAGs
[2026-06-17T22:03:17.675+0000] {logging_mixin.py:190} INFO - [2026-06-17T22:03:17.675+0000] {dag.py:4180} INFO - Setting next_dagrun for extract_raw_data_pipeline to 2026-06-17 07:59:00+00:00, run_after=2026-06-18 07:00:00+00:00
[2026-06-17T22:03:17.688+0000] {processor.py:208} INFO - Processing /opt/airflow/dags/batch_generator.py took 0.141 seconds
[2026-06-17T22:03:47.926+0000] {processor.py:186} INFO - Started process (PID=3143) to work on /opt/airflow/dags/batch_generator.py
[2026-06-17T22:03:47.928+0000] {processor.py:914} INFO - Processing file /opt/airflow/dags/batch_generator.py for tasks to queue
[2026-06-17T22:03:47.930+0000] {logging_mixin.py:190} INFO - [2026-06-17T22:03:47.930+0000] {dagbag.py:588} INFO - Filling up the DagBag from /opt/airflow/dags/batch_generator.py
[2026-06-17T22:03:48.021+0000] {processor.py:925} INFO - DAG(s) 'extract_raw_data_pipeline' retrieved from /opt/airflow/dags/batch_generator.py
[2026-06-17T22:03:48.036+0000] {logging_mixin.py:190} INFO - [2026-06-17T22:03:48.036+0000] {dag.py:3239} INFO - Sync 1 DAGs
[2026-06-17T22:03:48.049+0000] {logging_mixin.py:190} INFO - [2026-06-17T22:03:48.049+0000] {dag.py:4180} INFO - Setting next_dagrun for extract_raw_data_pipeline to 2026-06-17 07:59:00+00:00, run_after=2026-06-18 07:00:00+00:00
[2026-06-17T22:03:48.062+0000] {processor.py:208} INFO - Processing /opt/airflow/dags/batch_generator.py took 0.141 seconds
[2026-06-17T22:04:18.250+0000] {processor.py:186} INFO - Started process (PID=3151) to work on /opt/airflow/dags/batch_generator.py
[2026-06-17T22:04:18.251+0000] {processor.py:914} INFO - Processing file /opt/airflow/dags/batch_generator.py for tasks to queue
[2026-06-17T22:04:18.253+0000] {logging_mixin.py:190} INFO - [2026-06-17T22:04:18.252+0000] {dagbag.py:588} INFO - Filling up the DagBag from /opt/airflow/dags/batch_generator.py
[2026-06-17T22:04:18.378+0000] {processor.py:925} INFO - DAG(s) 'extract_raw_data_pipeline' retrieved from /opt/airflow/dags/batch_generator.py
[2026-06-17T22:04:18.392+0000] {logging_mixin.py:190} INFO - [2026-06-17T22:04:18.392+0000] {dag.py:3239} INFO - Sync 1 DAGs
[2026-06-17T22:04:18.406+0000] {logging_mixin.py:190} INFO - [2026-06-17T22:04:18.406+0000] {dag.py:4180} INFO - Setting next_dagrun for extract_raw_data_pipeline to 2026-06-17 07:59:00+00:00, run_after=2026-06-18 07:00:00+00:00
[2026-06-17T22:04:18.418+0000] {processor.py:208} INFO - Processing /opt/airflow/dags/batch_generator.py took 0.172 seconds
[2026-06-17T22:04:48.640+0000] {processor.py:186} INFO - Started process (PID=3159) to work on /opt/airflow/dags/batch_generator.py
[2026-06-17T22:04:48.641+0000] {processor.py:914} INFO - Processing file /opt/airflow/dags/batch_generator.py for tasks to queue
[2026-06-17T22:04:48.642+0000] {logging_mixin.py:190} INFO - [2026-06-17T22:04:48.642+0000] {dagbag.py:588} INFO - Filling up the DagBag from /opt/airflow/dags/batch_generator.py
[2026-06-17T22:04:48.735+0000] {processor.py:925} INFO - DAG(s) 'extract_raw_data_pipeline' retrieved from /opt/airflow/dags/batch_generator.py
[2026-06-17T22:04:48.751+0000] {logging_mixin.py:190} INFO - [2026-06-17T22:04:48.751+0000] {dag.py:3239} INFO - Sync 1 DAGs
[2026-06-17T22:04:48.765+0000] {logging_mixin.py:190} INFO - [2026-06-17T22:04:48.765+0000] {dag.py:4180} INFO - Setting next_dagrun for extract_raw_data_pipeline to 2026-06-17 07:59:00+00:00, run_after=2026-06-18 07:00:00+00:00
[2026-06-17T22:04:48.777+0000] {processor.py:208} INFO - Processing /opt/airflow/dags/batch_generator.py took 0.141 seconds
[2026-06-17T22:05:18.969+0000] {processor.py:186} INFO - Started process (PID=3167) to work on /opt/airflow/dags/batch_generator.py
[2026-06-17T22:05:18.970+0000] {processor.py:914} INFO - Processing file /opt/airflow/dags/batch_generator.py for tasks to queue
[2026-06-17T22:05:18.971+0000] {logging_mixin.py:190} INFO - [2026-06-17T22:05:18.971+0000] {dagbag.py:588} INFO - Filling up the DagBag from /opt/airflow/dags/batch_generator.py
[2026-06-17T22:05:19.060+0000] {processor.py:925} INFO - DAG(s) 'extract_raw_data_pipeline' retrieved from /opt/airflow/dags/batch_generator.py
[2026-06-17T22:05:19.075+0000] {logging_mixin.py:190} INFO - [2026-06-17T22:05:19.075+0000] {dag.py:3239} INFO - Sync 1 DAGs
[2026-06-17T22:05:19.087+0000] {logging_mixin.py:190} INFO - [2026-06-17T22:05:19.087+0000] {dag.py:4180} INFO - Setting next_dagrun for extract_raw_data_pipeline to 2026-06-17 07:59:00+00:00, run_after=2026-06-18 07:00:00+00:00
[2026-06-17T22:05:19.100+0000] {processor.py:208} INFO - Processing /opt/airflow/dags/batch_generator.py took 0.134 seconds
[2026-06-17T22:05:49.366+0000] {processor.py:186} INFO - Started process (PID=3175) to work on /opt/airflow/dags/batch_generator.py
[2026-06-17T22:05:49.367+0000] {processor.py:914} INFO - Processing file /opt/airflow/dags/batch_generator.py for tasks to queue
[2026-06-17T22:05:49.369+0000] {logging_mixin.py:190} INFO - [2026-06-17T22:05:49.368+0000] {dagbag.py:588} INFO - Filling up the DagBag from /opt/airflow/dags/batch_generator.py
[2026-06-17T22:05:49.466+0000] {processor.py:925} INFO - DAG(s) 'extract_raw_data_pipeline' retrieved from /opt/airflow/dags/batch_generator.py
[2026-06-17T22:05:49.482+0000] {logging_mixin.py:190} INFO - [2026-06-17T22:05:49.482+0000] {dag.py:3239} INFO - Sync 1 DAGs
[2026-06-17T22:05:49.495+0000] {logging_mixin.py:190} INFO - [2026-06-17T22:05:49.495+0000] {dag.py:4180} INFO - Setting next_dagrun for extract_raw_data_pipeline to 2026-06-17 07:59:00+00:00, run_after=2026-06-18 07:00:00+00:00
[2026-06-17T22:05:49.519+0000] {processor.py:208} INFO - Processing /opt/airflow/dags/batch_generator.py took 0.156 seconds
[2026-06-17T22:06:19.722+0000] {processor.py:186} INFO - Started process (PID=3183) to work on /opt/airflow/dags/batch_generator.py
[2026-06-17T22:06:19.723+0000] {processor.py:914} INFO - Processing file /opt/airflow/dags/batch_generator.py for tasks to queue
[2026-06-17T22:06:19.724+0000] {logging_mixin.py:190} INFO - [2026-06-17T22:06:19.724+0000] {dagbag.py:588} INFO - Filling up the DagBag from /opt/airflow/dags/batch_generator.py
[2026-06-17T22:06:19.822+0000] {processor.py:925} INFO - DAG(s) 'extract_raw_data_pipeline' retrieved from /opt/airflow/dags/batch_generator.py
[2026-06-17T22:06:19.838+0000] {logging_mixin.py:190} INFO - [2026-06-17T22:06:19.838+0000] {dag.py:3239} INFO - Sync 1 DAGs
[2026-06-17T22:06:19.853+0000] {logging_mixin.py:190} INFO - [2026-06-17T22:06:19.853+0000] {dag.py:4180} INFO - Setting next_dagrun for extract_raw_data_pipeline to 2026-06-17 07:59:00+00:00, run_after=2026-06-18 07:00:00+00:00
[2026-06-17T22:06:19.866+0000] {processor.py:208} INFO - Processing /opt/airflow/dags/batch_generator.py took 0.147 seconds
[2026-06-17T22:06:50.027+0000] {processor.py:186} INFO - Started process (PID=3191) to work on /opt/airflow/dags/batch_generator.py
[2026-06-17T22:06:50.028+0000] {processor.py:914} INFO - Processing file /opt/airflow/dags/batch_generator.py for tasks to queue
[2026-06-17T22:06:50.030+0000] {logging_mixin.py:190} INFO - [2026-06-17T22:06:50.029+0000] {dagbag.py:588} INFO - Filling up the DagBag from /opt/airflow/dags/batch_generator.py
[2026-06-17T22:06:50.124+0000] {processor.py:925} INFO - DAG(s) 'extract_raw_data_pipeline' retrieved from /opt/airflow/dags/batch_generator.py
[2026-06-17T22:06:50.140+0000] {logging_mixin.py:190} INFO - [2026-06-17T22:06:50.140+0000] {dag.py:3239} INFO - Sync 1 DAGs
[2026-06-17T22:06:50.153+0000] {logging_mixin.py:190} INFO - [2026-06-17T22:06:50.153+0000] {dag.py:4180} INFO - Setting next_dagrun for extract_raw_data_pipeline to 2026-06-17 07:59:00+00:00, run_after=2026-06-18 07:00:00+00:00
[2026-06-17T22:06:50.166+0000] {processor.py:208} INFO - Processing /opt/airflow/dags/batch_generator.py took 0.143 seconds
[2026-06-17T22:07:20.292+0000] {processor.py:186} INFO - Started process (PID=3199) to work on /opt/airflow/dags/batch_generator.py
[2026-06-17T22:07:20.293+0000] {processor.py:914} INFO - Processing file /opt/airflow/dags/batch_generator.py for tasks to queue
[2026-06-17T22:07:20.294+0000] {logging_mixin.py:190} INFO - [2026-06-17T22:07:20.294+0000] {dagbag.py:588} INFO - Filling up the DagBag from /opt/airflow/dags/batch_generator.py
[2026-06-17T22:07:20.392+0000] {processor.py:925} INFO - DAG(s) 'extract_raw_data_pipeline' retrieved from /opt/airflow/dags/batch_generator.py
[2026-06-17T22:07:20.407+0000] {logging_mixin.py:190} INFO - [2026-06-17T22:07:20.407+0000] {dag.py:3239} INFO - Sync 1 DAGs
[2026-06-17T22:07:20.420+0000] {logging_mixin.py:190} INFO - [2026-06-17T22:07:20.420+0000] {dag.py:4180} INFO - Setting next_dagrun for extract_raw_data_pipeline to 2026-06-17 07:59:00+00:00, run_after=2026-06-18 07:00:00+00:00
[2026-06-17T22:07:20.432+0000] {processor.py:208} INFO - Processing /opt/airflow/dags/batch_generator.py took 0.143 seconds
[2026-06-17T22:07:50.735+0000] {processor.py:186} INFO - Started process (PID=3207) to work on /opt/airflow/dags/batch_generator.py
[2026-06-17T22:07:50.735+0000] {processor.py:914} INFO - Processing file /opt/airflow/dags/batch_generator.py for tasks to queue
[2026-06-17T22:07:50.737+0000] {logging_mixin.py:190} INFO - [2026-06-17T22:07:50.737+0000] {dagbag.py:588} INFO - Filling up the DagBag from /opt/airflow/dags/batch_generator.py
[2026-06-17T22:07:50.826+0000] {processor.py:925} INFO - DAG(s) 'extract_raw_data_pipeline' retrieved from /opt/airflow/dags/batch_generator.py
[2026-06-17T22:07:50.841+0000] {logging_mixin.py:190} INFO - [2026-06-17T22:07:50.840+0000] {dag.py:3239} INFO - Sync 1 DAGs
[2026-06-17T22:07:50.853+0000] {logging_mixin.py:190} INFO - [2026-06-17T22:07:50.852+0000] {dag.py:4180} INFO - Setting next_dagrun for extract_raw_data_pipeline to 2026-06-17 07:59:00+00:00, run_after=2026-06-18 07:00:00+00:00
[2026-06-17T22:07:50.870+0000] {processor.py:208} INFO - Processing /opt/airflow/dags/batch_generator.py took 0.138 seconds
[2026-06-17T22:08:21.043+0000] {processor.py:186} INFO - Started process (PID=3215) to work on /opt/airflow/dags/batch_generator.py
[2026-06-17T22:08:21.044+0000] {processor.py:914} INFO - Processing file /opt/airflow/dags/batch_generator.py for tasks to queue
[2026-06-17T22:08:21.045+0000] {logging_mixin.py:190} INFO - [2026-06-17T22:08:21.045+0000] {dagbag.py:588} INFO - Filling up the DagBag from /opt/airflow/dags/batch_generator.py
[2026-06-17T22:08:21.135+0000] {processor.py:925} INFO - DAG(s) 'extract_raw_data_pipeline' retrieved from /opt/airflow/dags/batch_generator.py
[2026-06-17T22:08:21.153+0000] {logging_mixin.py:190} INFO - [2026-06-17T22:08:21.153+0000] {dag.py:3239} INFO - Sync 1 DAGs
[2026-06-17T22:08:21.171+0000] {logging_mixin.py:190} INFO - [2026-06-17T22:08:21.171+0000] {dag.py:4180} INFO - Setting next_dagrun for extract_raw_data_pipeline to 2026-06-17 07:59:00+00:00, run_after=2026-06-18 07:00:00+00:00
[2026-06-17T22:08:21.183+0000] {processor.py:208} INFO - Processing /opt/airflow/dags/batch_generator.py took 0.144 seconds
[2026-06-17T22:08:51.512+0000] {processor.py:186} INFO - Started process (PID=3223) to work on /opt/airflow/dags/batch_generator.py
[2026-06-17T22:08:51.513+0000] {processor.py:914} INFO - Processing file /opt/airflow/dags/batch_generator.py for tasks to queue
[2026-06-17T22:08:51.515+0000] {logging_mixin.py:190} INFO - [2026-06-17T22:08:51.514+0000] {dagbag.py:588} INFO - Filling up the DagBag from /opt/airflow/dags/batch_generator.py
[2026-06-17T22:08:51.604+0000] {processor.py:925} INFO - DAG(s) 'extract_raw_data_pipeline' retrieved from /opt/airflow/dags/batch_generator.py
[2026-06-17T22:08:51.620+0000] {logging_mixin.py:190} INFO - [2026-06-17T22:08:51.619+0000] {dag.py:3239} INFO - Sync 1 DAGs
[2026-06-17T22:08:51.632+0000] {logging_mixin.py:190} INFO - [2026-06-17T22:08:51.632+0000] {dag.py:4180} INFO - Setting next_dagrun for extract_raw_data_pipeline to 2026-06-17 07:59:00+00:00, run_after=2026-06-18 07:00:00+00:00
[2026-06-17T22:08:51.645+0000] {processor.py:208} INFO - Processing /opt/airflow/dags/batch_generator.py took 0.136 seconds
[2026-06-17T22:09:21.802+0000] {processor.py:186} INFO - Started process (PID=3231) to work on /opt/airflow/dags/batch_generator.py
[2026-06-17T22:09:21.803+0000] {processor.py:914} INFO - Processing file /opt/airflow/dags/batch_generator.py for tasks to queue
[2026-06-17T22:09:21.804+0000] {logging_mixin.py:190} INFO - [2026-06-17T22:09:21.804+0000] {dagbag.py:588} INFO - Filling up the DagBag from /opt/airflow/dags/batch_generator.py
[2026-06-17T22:09:21.893+0000] {processor.py:925} INFO - DAG(s) 'extract_raw_data_pipeline' retrieved from /opt/airflow/dags/batch_generator.py
[2026-06-17T22:09:21.909+0000] {logging_mixin.py:190} INFO - [2026-06-17T22:09:21.909+0000] {dag.py:3239} INFO - Sync 1 DAGs
[2026-06-17T22:09:21.922+0000] {logging_mixin.py:190} INFO - [2026-06-17T22:09:21.922+0000] {dag.py:4180} INFO - Setting next_dagrun for extract_raw_data_pipeline to 2026-06-17 07:59:00+00:00, run_after=2026-06-18 07:00:00+00:00
[2026-06-17T22:09:21.933+0000] {processor.py:208} INFO - Processing /opt/airflow/dags/batch_generator.py took 0.135 seconds
[2026-06-17T22:09:52.248+0000] {processor.py:186} INFO - Started process (PID=3239) to work on /opt/airflow/dags/batch_generator.py
[2026-06-17T22:09:52.249+0000] {processor.py:914} INFO - Processing file /opt/airflow/dags/batch_generator.py for tasks to queue
[2026-06-17T22:09:52.250+0000] {logging_mixin.py:190} INFO - [2026-06-17T22:09:52.250+0000] {dagbag.py:588} INFO - Filling up the DagBag from /opt/airflow/dags/batch_generator.py
[2026-06-17T22:09:52.494+0000] {processor.py:925} INFO - DAG(s) 'extract_raw_data_pipeline' retrieved from /opt/airflow/dags/batch_generator.py
[2026-06-17T22:09:52.511+0000] {logging_mixin.py:190} INFO - [2026-06-17T22:09:52.511+0000] {dag.py:3239} INFO - Sync 1 DAGs
[2026-06-17T22:09:52.523+0000] {logging_mixin.py:190} INFO - [2026-06-17T22:09:52.523+0000] {dag.py:4180} INFO - Setting next_dagrun for extract_raw_data_pipeline to 2026-06-17 07:59:00+00:00, run_after=2026-06-18 07:00:00+00:00
[2026-06-17T22:09:52.538+0000] {processor.py:208} INFO - Processing /opt/airflow/dags/batch_generator.py took 0.293 seconds
[2026-06-17T22:10:22.784+0000] {processor.py:186} INFO - Started process (PID=3247) to work on /opt/airflow/dags/batch_generator.py
[2026-06-17T22:10:22.785+0000] {processor.py:914} INFO - Processing file /opt/airflow/dags/batch_generator.py for tasks to queue
[2026-06-17T22:10:22.787+0000] {logging_mixin.py:190} INFO - [2026-06-17T22:10:22.786+0000] {dagbag.py:588} INFO - Filling up the DagBag from /opt/airflow/dags/batch_generator.py
[2026-06-17T22:10:22.876+0000] {processor.py:925} INFO - DAG(s) 'extract_raw_data_pipeline' retrieved from /opt/airflow/dags/batch_generator.py
[2026-06-17T22:10:22.892+0000] {logging_mixin.py:190} INFO - [2026-06-17T22:10:22.892+0000] {dag.py:3239} INFO - Sync 1 DAGs
[2026-06-17T22:10:22.907+0000] {logging_mixin.py:190} INFO - [2026-06-17T22:10:22.907+0000] {dag.py:4180} INFO - Setting next_dagrun for extract_raw_data_pipeline to 2026-06-17 07:59:00+00:00, run_after=2026-06-18 07:00:00+00:00
[2026-06-17T22:10:22.920+0000] {processor.py:208} INFO - Processing /opt/airflow/dags/batch_generator.py took 0.140 seconds
[2026-06-17T22:10:53.041+0000] {processor.py:186} INFO - Started process (PID=3255) to work on /opt/airflow/dags/batch_generator.py
[2026-06-17T22:10:53.042+0000] {processor.py:914} INFO - Processing file /opt/airflow/dags/batch_generator.py for tasks to queue
[2026-06-17T22:10:53.044+0000] {logging_mixin.py:190} INFO - [2026-06-17T22:10:53.043+0000] {dagbag.py:588} INFO - Filling up the DagBag from /opt/airflow/dags/batch_generator.py
[2026-06-17T22:10:53.140+0000] {processor.py:925} INFO - DAG(s) 'extract_raw_data_pipeline' retrieved from /opt/airflow/dags/batch_generator.py
[2026-06-17T22:10:53.161+0000] {logging_mixin.py:190} INFO - [2026-06-17T22:10:53.161+0000] {dag.py:3239} INFO - Sync 1 DAGs
[2026-06-17T22:10:53.175+0000] {logging_mixin.py:190} INFO - [2026-06-17T22:10:53.175+0000] {dag.py:4180} INFO - Setting next_dagrun for extract_raw_data_pipeline to 2026-06-17 07:59:00+00:00, run_after=2026-06-18 07:00:00+00:00
[2026-06-17T22:10:53.188+0000] {processor.py:208} INFO - Processing /opt/airflow/dags/batch_generator.py took 0.150 seconds
[2026-06-17T22:11:23.495+0000] {processor.py:186} INFO - Started process (PID=3263) to work on /opt/airflow/dags/batch_generator.py
[2026-06-17T22:11:23.495+0000] {processor.py:914} INFO - Processing file /opt/airflow/dags/batch_generator.py for tasks to queue
[2026-06-17T22:11:23.497+0000] {logging_mixin.py:190} INFO - [2026-06-17T22:11:23.497+0000] {dagbag.py:588} INFO - Filling up the DagBag from /opt/airflow/dags/batch_generator.py
[2026-06-17T22:11:23.586+0000] {processor.py:925} INFO - DAG(s) 'extract_raw_data_pipeline' retrieved from /opt/airflow/dags/batch_generator.py
[2026-06-17T22:11:23.601+0000] {logging_mixin.py:190} INFO - [2026-06-17T22:11:23.601+0000] {dag.py:3239} INFO - Sync 1 DAGs
[2026-06-17T22:11:23.615+0000] {logging_mixin.py:190} INFO - [2026-06-17T22:11:23.615+0000] {dag.py:4180} INFO - Setting next_dagrun for extract_raw_data_pipeline to 2026-06-17 07:59:00+00:00, run_after=2026-06-18 07:00:00+00:00
[2026-06-17T22:11:23.629+0000] {processor.py:208} INFO - Processing /opt/airflow/dags/batch_generator.py took 0.138 seconds
[2026-06-17T22:11:53.835+0000] {processor.py:186} INFO - Started process (PID=3270) to work on /opt/airflow/dags/batch_generator.py
[2026-06-17T22:11:53.836+0000] {processor.py:914} INFO - Processing file /opt/airflow/dags/batch_generator.py for tasks to queue
[2026-06-17T22:11:53.837+0000] {logging_mixin.py:190} INFO - [2026-06-17T22:11:53.837+0000] {dagbag.py:588} INFO - Filling up the DagBag from /opt/airflow/dags/batch_generator.py
[2026-06-17T22:11:54.115+0000] {processor.py:925} INFO - DAG(s) 'extract_raw_data_pipeline' retrieved from /opt/airflow/dags/batch_generator.py
[2026-06-17T22:11:54.138+0000] {logging_mixin.py:190} INFO - [2026-06-17T22:11:54.138+0000] {dag.py:3239} INFO - Sync 1 DAGs
[2026-06-17T22:11:54.151+0000] {logging_mixin.py:190} INFO - [2026-06-17T22:11:54.151+0000] {dag.py:4180} INFO - Setting next_dagrun for extract_raw_data_pipeline to 2026-06-17 07:59:00+00:00, run_after=2026-06-18 07:00:00+00:00
[2026-06-17T22:11:54.164+0000] {processor.py:208} INFO - Processing /opt/airflow/dags/batch_generator.py took 0.333 seconds
[2026-06-17T22:12:24.497+0000] {processor.py:186} INFO - Started process (PID=3278) to work on /opt/airflow/dags/batch_generator.py
[2026-06-17T22:12:24.498+0000] {processor.py:914} INFO - Processing file /opt/airflow/dags/batch_generator.py for tasks to queue
[2026-06-17T22:12:24.499+0000] {logging_mixin.py:190} INFO - [2026-06-17T22:12:24.499+0000] {dagbag.py:588} INFO - Filling up the DagBag from /opt/airflow/dags/batch_generator.py
[2026-06-17T22:12:24.583+0000] {processor.py:925} INFO - DAG(s) 'extract_raw_data_pipeline' retrieved from /opt/airflow/dags/batch_generator.py
[2026-06-17T22:12:24.598+0000] {logging_mixin.py:190} INFO - [2026-06-17T22:12:24.598+0000] {dag.py:3239} INFO - Sync 1 DAGs
[2026-06-17T22:12:24.612+0000] {logging_mixin.py:190} INFO - [2026-06-17T22:12:24.612+0000] {dag.py:4180} INFO - Setting next_dagrun for extract_raw_data_pipeline to 2026-06-17 07:59:00+00:00, run_after=2026-06-18 07:00:00+00:00
[2026-06-17T22:12:24.635+0000] {processor.py:208} INFO - Processing /opt/airflow/dags/batch_generator.py took 0.142 seconds
[2026-06-17T22:12:54.780+0000] {processor.py:186} INFO - Started process (PID=3286) to work on /opt/airflow/dags/batch_generator.py
[2026-06-17T22:12:54.780+0000] {processor.py:914} INFO - Processing file /opt/airflow/dags/batch_generator.py for tasks to queue
[2026-06-17T22:12:54.782+0000] {logging_mixin.py:190} INFO - [2026-06-17T22:12:54.782+0000] {dagbag.py:588} INFO - Filling up the DagBag from /opt/airflow/dags/batch_generator.py
[2026-06-17T22:12:54.867+0000] {processor.py:925} INFO - DAG(s) 'extract_raw_data_pipeline' retrieved from /opt/airflow/dags/batch_generator.py
[2026-06-17T22:12:54.885+0000] {logging_mixin.py:190} INFO - [2026-06-17T22:12:54.885+0000] {dag.py:3239} INFO - Sync 1 DAGs
[2026-06-17T22:12:54.897+0000] {logging_mixin.py:190} INFO - [2026-06-17T22:12:54.897+0000] {dag.py:4180} INFO - Setting next_dagrun for extract_raw_data_pipeline to 2026-06-17 07:59:00+00:00, run_after=2026-06-18 07:00:00+00:00
[2026-06-17T22:12:54.909+0000] {processor.py:208} INFO - Processing /opt/airflow/dags/batch_generator.py took 0.133 seconds
[2026-06-17T22:13:25.123+0000] {processor.py:186} INFO - Started process (PID=3294) to work on /opt/airflow/dags/batch_generator.py
[2026-06-17T22:13:25.124+0000] {processor.py:914} INFO - Processing file /opt/airflow/dags/batch_generator.py for tasks to queue
[2026-06-17T22:13:25.126+0000] {logging_mixin.py:190} INFO - [2026-06-17T22:13:25.126+0000] {dagbag.py:588} INFO - Filling up the DagBag from /opt/airflow/dags/batch_generator.py
[2026-06-17T22:13:25.212+0000] {processor.py:925} INFO - DAG(s) 'extract_raw_data_pipeline' retrieved from /opt/airflow/dags/batch_generator.py
[2026-06-17T22:13:25.225+0000] {logging_mixin.py:190} INFO - [2026-06-17T22:13:25.225+0000] {dag.py:3239} INFO - Sync 1 DAGs
[2026-06-17T22:13:25.237+0000] {logging_mixin.py:190} INFO - [2026-06-17T22:13:25.237+0000] {dag.py:4180} INFO - Setting next_dagrun for extract_raw_data_pipeline to 2026-06-17 07:59:00+00:00, run_after=2026-06-18 07:00:00+00:00
[2026-06-17T22:13:25.248+0000] {processor.py:208} INFO - Processing /opt/airflow/dags/batch_generator.py took 0.128 seconds
[2026-06-17T22:13:55.392+0000] {processor.py:186} INFO - Started process (PID=3302) to work on /opt/airflow/dags/batch_generator.py
[2026-06-17T22:13:55.393+0000] {processor.py:914} INFO - Processing file /opt/airflow/dags/batch_generator.py for tasks to queue
[2026-06-17T22:13:55.394+0000] {logging_mixin.py:190} INFO - [2026-06-17T22:13:55.394+0000] {dagbag.py:588} INFO - Filling up the DagBag from /opt/airflow/dags/batch_generator.py
[2026-06-17T22:13:55.478+0000] {processor.py:925} INFO - DAG(s) 'extract_raw_data_pipeline' retrieved from /opt/airflow/dags/batch_generator.py
[2026-06-17T22:13:55.492+0000] {logging_mixin.py:190} INFO - [2026-06-17T22:13:55.492+0000] {dag.py:3239} INFO - Sync 1 DAGs
[2026-06-17T22:13:55.504+0000] {logging_mixin.py:190} INFO - [2026-06-17T22:13:55.504+0000] {dag.py:4180} INFO - Setting next_dagrun for extract_raw_data_pipeline to 2026-06-17 07:59:00+00:00, run_after=2026-06-18 07:00:00+00:00
[2026-06-17T22:13:55.516+0000] {processor.py:208} INFO - Processing /opt/airflow/dags/batch_generator.py took 0.128 seconds
[2026-06-17T22:14:25.763+0000] {processor.py:186} INFO - Started process (PID=3310) to work on /opt/airflow/dags/batch_generator.py
[2026-06-17T22:14:25.764+0000] {processor.py:914} INFO - Processing file /opt/airflow/dags/batch_generator.py for tasks to queue
[2026-06-17T22:14:25.765+0000] {logging_mixin.py:190} INFO - [2026-06-17T22:14:25.765+0000] {dagbag.py:588} INFO - Filling up the DagBag from /opt/airflow/dags/batch_generator.py
[2026-06-17T22:14:25.852+0000] {processor.py:925} INFO - DAG(s) 'extract_raw_data_pipeline' retrieved from /opt/airflow/dags/batch_generator.py
[2026-06-17T22:14:25.867+0000] {logging_mixin.py:190} INFO - [2026-06-17T22:14:25.867+0000] {dag.py:3239} INFO - Sync 1 DAGs
[2026-06-17T22:14:25.880+0000] {logging_mixin.py:190} INFO - [2026-06-17T22:14:25.880+0000] {dag.py:4180} INFO - Setting next_dagrun for extract_raw_data_pipeline to 2026-06-17 07:59:00+00:00, run_after=2026-06-18 07:00:00+00:00
[2026-06-17T22:14:25.893+0000] {processor.py:208} INFO - Processing /opt/airflow/dags/batch_generator.py took 0.134 seconds
[2026-06-17T22:14:56.048+0000] {processor.py:186} INFO - Started process (PID=3318) to work on /opt/airflow/dags/batch_generator.py
[2026-06-17T22:14:56.049+0000] {processor.py:914} INFO - Processing file /opt/airflow/dags/batch_generator.py for tasks to queue
[2026-06-17T22:14:56.051+0000] {logging_mixin.py:190} INFO - [2026-06-17T22:14:56.050+0000] {dagbag.py:588} INFO - Filling up the DagBag from /opt/airflow/dags/batch_generator.py
[2026-06-17T22:14:56.133+0000] {processor.py:925} INFO - DAG(s) 'extract_raw_data_pipeline' retrieved from /opt/airflow/dags/batch_generator.py
[2026-06-17T22:14:56.150+0000] {logging_mixin.py:190} INFO - [2026-06-17T22:14:56.150+0000] {dag.py:3239} INFO - Sync 1 DAGs
[2026-06-17T22:14:56.163+0000] {logging_mixin.py:190} INFO - [2026-06-17T22:14:56.163+0000] {dag.py:4180} INFO - Setting next_dagrun for extract_raw_data_pipeline to 2026-06-17 07:59:00+00:00, run_after=2026-06-18 07:00:00+00:00
[2026-06-17T22:14:56.177+0000] {processor.py:208} INFO - Processing /opt/airflow/dags/batch_generator.py took 0.132 seconds
[2026-06-17T22:15:26.728+0000] {processor.py:186} INFO - Started process (PID=3326) to work on /opt/airflow/dags/batch_generator.py
[2026-06-17T22:15:26.729+0000] {processor.py:914} INFO - Processing file /opt/airflow/dags/batch_generator.py for tasks to queue
[2026-06-17T22:15:26.730+0000] {logging_mixin.py:190} INFO - [2026-06-17T22:15:26.730+0000] {dagbag.py:588} INFO - Filling up the DagBag from /opt/airflow/dags/batch_generator.py
[2026-06-17T22:15:26.816+0000] {processor.py:925} INFO - DAG(s) 'extract_raw_data_pipeline' retrieved from /opt/airflow/dags/batch_generator.py
[2026-06-17T22:15:26.829+0000] {logging_mixin.py:190} INFO - [2026-06-17T22:15:26.829+0000] {dag.py:3239} INFO - Sync 1 DAGs
[2026-06-17T22:15:26.842+0000] {logging_mixin.py:190} INFO - [2026-06-17T22:15:26.842+0000] {dag.py:4180} INFO - Setting next_dagrun for extract_raw_data_pipeline to 2026-06-17 07:59:00+00:00, run_after=2026-06-18 07:00:00+00:00
[2026-06-17T22:15:26.855+0000] {processor.py:208} INFO - Processing /opt/airflow/dags/batch_generator.py took 0.135 seconds
[2026-06-17T22:15:57.181+0000] {processor.py:186} INFO - Started process (PID=3334) to work on /opt/airflow/dags/batch_generator.py
[2026-06-17T22:15:57.182+0000] {processor.py:914} INFO - Processing file /opt/airflow/dags/batch_generator.py for tasks to queue
[2026-06-17T22:15:57.183+0000] {logging_mixin.py:190} INFO - [2026-06-17T22:15:57.183+0000] {dagbag.py:588} INFO - Filling up the DagBag from /opt/airflow/dags/batch_generator.py
[2026-06-17T22:15:57.268+0000] {processor.py:925} INFO - DAG(s) 'extract_raw_data_pipeline' retrieved from /opt/airflow/dags/batch_generator.py
[2026-06-17T22:15:57.283+0000] {logging_mixin.py:190} INFO - [2026-06-17T22:15:57.283+0000] {dag.py:3239} INFO - Sync 1 DAGs
[2026-06-17T22:15:57.297+0000] {logging_mixin.py:190} INFO - [2026-06-17T22:15:57.296+0000] {dag.py:4180} INFO - Setting next_dagrun for extract_raw_data_pipeline to 2026-06-17 07:59:00+00:00, run_after=2026-06-18 07:00:00+00:00
[2026-06-17T22:15:57.311+0000] {processor.py:208} INFO - Processing /opt/airflow/dags/batch_generator.py took 0.134 seconds
[2026-06-17T22:16:27.530+0000] {processor.py:186} INFO - Started process (PID=3343) to work on /opt/airflow/dags/batch_generator.py
[2026-06-17T22:16:27.530+0000] {processor.py:914} INFO - Processing file /opt/airflow/dags/batch_generator.py for tasks to queue
[2026-06-17T22:16:27.532+0000] {logging_mixin.py:190} INFO - [2026-06-17T22:16:27.532+0000] {dagbag.py:588} INFO - Filling up the DagBag from /opt/airflow/dags/batch_generator.py
[2026-06-17T22:16:27.618+0000] {processor.py:925} INFO - DAG(s) 'extract_raw_data_pipeline' retrieved from /opt/airflow/dags/batch_generator.py
[2026-06-17T22:16:27.634+0000] {logging_mixin.py:190} INFO - [2026-06-17T22:16:27.634+0000] {dag.py:3239} INFO - Sync 1 DAGs
[2026-06-17T22:16:27.651+0000] {logging_mixin.py:190} INFO - [2026-06-17T22:16:27.651+0000] {dag.py:4180} INFO - Setting next_dagrun for extract_raw_data_pipeline to 2026-06-17 07:59:00+00:00, run_after=2026-06-18 07:00:00+00:00
[2026-06-17T22:16:27.665+0000] {processor.py:208} INFO - Processing /opt/airflow/dags/batch_generator.py took 0.139 seconds
[2026-06-17T22:16:57.815+0000] {processor.py:186} INFO - Started process (PID=3356) to work on /opt/airflow/dags/batch_generator.py
[2026-06-17T22:16:57.816+0000] {processor.py:914} INFO - Processing file /opt/airflow/dags/batch_generator.py for tasks to queue
[2026-06-17T22:16:57.817+0000] {logging_mixin.py:190} INFO - [2026-06-17T22:16:57.817+0000] {dagbag.py:588} INFO - Filling up the DagBag from /opt/airflow/dags/batch_generator.py
[2026-06-17T22:16:57.901+0000] {processor.py:925} INFO - DAG(s) 'extract_raw_data_pipeline' retrieved from /opt/airflow/dags/batch_generator.py
[2026-06-17T22:16:57.918+0000] {logging_mixin.py:190} INFO - [2026-06-17T22:16:57.918+0000] {dag.py:3239} INFO - Sync 1 DAGs
[2026-06-17T22:16:57.932+0000] {logging_mixin.py:190} INFO - [2026-06-17T22:16:57.932+0000] {dag.py:4180} INFO - Setting next_dagrun for extract_raw_data_pipeline to 2026-06-17 07:59:00+00:00, run_after=2026-06-18 07:00:00+00:00
[2026-06-17T22:16:57.946+0000] {processor.py:208} INFO - Processing /opt/airflow/dags/batch_generator.py took 0.134 seconds
[2026-06-17T22:17:28.235+0000] {processor.py:186} INFO - Started process (PID=3364) to work on /opt/airflow/dags/batch_generator.py
[2026-06-17T22:17:28.236+0000] {processor.py:914} INFO - Processing file /opt/airflow/dags/batch_generator.py for tasks to queue
[2026-06-17T22:17:28.237+0000] {logging_mixin.py:190} INFO - [2026-06-17T22:17:28.237+0000] {dagbag.py:588} INFO - Filling up the DagBag from /opt/airflow/dags/batch_generator.py
[2026-06-17T22:17:28.321+0000] {processor.py:925} INFO - DAG(s) 'extract_raw_data_pipeline' retrieved from /opt/airflow/dags/batch_generator.py
[2026-06-17T22:17:28.337+0000] {logging_mixin.py:190} INFO - [2026-06-17T22:17:28.336+0000] {dag.py:3239} INFO - Sync 1 DAGs
[2026-06-17T22:17:28.350+0000] {logging_mixin.py:190} INFO - [2026-06-17T22:17:28.350+0000] {dag.py:4180} INFO - Setting next_dagrun for extract_raw_data_pipeline to 2026-06-17 07:59:00+00:00, run_after=2026-06-18 07:00:00+00:00
[2026-06-17T22:17:28.363+0000] {processor.py:208} INFO - Processing /opt/airflow/dags/batch_generator.py took 0.131 seconds
[2026-06-17T22:17:58.500+0000] {processor.py:186} INFO - Started process (PID=3372) to work on /opt/airflow/dags/batch_generator.py
[2026-06-17T22:17:58.501+0000] {processor.py:914} INFO - Processing file /opt/airflow/dags/batch_generator.py for tasks to queue
[2026-06-17T22:17:58.503+0000] {logging_mixin.py:190} INFO - [2026-06-17T22:17:58.502+0000] {dagbag.py:588} INFO - Filling up the DagBag from /opt/airflow/dags/batch_generator.py
[2026-06-17T22:17:58.598+0000] {processor.py:925} INFO - DAG(s) 'extract_raw_data_pipeline' retrieved from /opt/airflow/dags/batch_generator.py
[2026-06-17T22:17:58.614+0000] {logging_mixin.py:190} INFO - [2026-06-17T22:17:58.614+0000] {dag.py:3239} INFO - Sync 1 DAGs
[2026-06-17T22:17:58.628+0000] {logging_mixin.py:190} INFO - [2026-06-17T22:17:58.628+0000] {dag.py:4180} INFO - Setting next_dagrun for extract_raw_data_pipeline to 2026-06-17 07:59:00+00:00, run_after=2026-06-18 07:00:00+00:00
[2026-06-17T22:17:58.644+0000] {processor.py:208} INFO - Processing /opt/airflow/dags/batch_generator.py took 0.147 seconds
[2026-06-17T22:18:28.916+0000] {processor.py:186} INFO - Started process (PID=3380) to work on /opt/airflow/dags/batch_generator.py
[2026-06-17T22:18:28.917+0000] {processor.py:914} INFO - Processing file /opt/airflow/dags/batch_generator.py for tasks to queue
[2026-06-17T22:18:28.918+0000] {logging_mixin.py:190} INFO - [2026-06-17T22:18:28.918+0000] {dagbag.py:588} INFO - Filling up the DagBag from /opt/airflow/dags/batch_generator.py
[2026-06-17T22:18:29.001+0000] {processor.py:925} INFO - DAG(s) 'extract_raw_data_pipeline' retrieved from /opt/airflow/dags/batch_generator.py
[2026-06-17T22:18:29.015+0000] {logging_mixin.py:190} INFO - [2026-06-17T22:18:29.015+0000] {dag.py:3239} INFO - Sync 1 DAGs
[2026-06-17T22:18:29.029+0000] {logging_mixin.py:190} INFO - [2026-06-17T22:18:29.029+0000] {dag.py:4180} INFO - Setting next_dagrun for extract_raw_data_pipeline to 2026-06-17 07:59:00+00:00, run_after=2026-06-18 07:00:00+00:00
[2026-06-17T22:18:29.042+0000] {processor.py:208} INFO - Processing /opt/airflow/dags/batch_generator.py took 0.129 seconds
[2026-06-17T22:18:59.259+0000] {processor.py:186} INFO - Started process (PID=3388) to work on /opt/airflow/dags/batch_generator.py
[2026-06-17T22:18:59.260+0000] {processor.py:914} INFO - Processing file /opt/airflow/dags/batch_generator.py for tasks to queue
[2026-06-17T22:18:59.261+0000] {logging_mixin.py:190} INFO - [2026-06-17T22:18:59.261+0000] {dagbag.py:588} INFO - Filling up the DagBag from /opt/airflow/dags/batch_generator.py
[2026-06-17T22:18:59.345+0000] {processor.py:925} INFO - DAG(s) 'extract_raw_data_pipeline' retrieved from /opt/airflow/dags/batch_generator.py
[2026-06-17T22:18:59.359+0000] {logging_mixin.py:190} INFO - [2026-06-17T22:18:59.359+0000] {dag.py:3239} INFO - Sync 1 DAGs
[2026-06-17T22:18:59.371+0000] {logging_mixin.py:190} INFO - [2026-06-17T22:18:59.371+0000] {dag.py:4180} INFO - Setting next_dagrun for extract_raw_data_pipeline to 2026-06-17 07:59:00+00:00, run_after=2026-06-18 07:00:00+00:00
[2026-06-17T22:18:59.383+0000] {processor.py:208} INFO - Processing /opt/airflow/dags/batch_generator.py took 0.128 seconds
[2026-06-17T22:19:29.662+0000] {processor.py:186} INFO - Started process (PID=3396) to work on /opt/airflow/dags/batch_generator.py
[2026-06-17T22:19:29.662+0000] {processor.py:914} INFO - Processing file /opt/airflow/dags/batch_generator.py for tasks to queue
[2026-06-17T22:19:29.664+0000] {logging_mixin.py:190} INFO - [2026-06-17T22:19:29.664+0000] {dagbag.py:588} INFO - Filling up the DagBag from /opt/airflow/dags/batch_generator.py
[2026-06-17T22:19:29.761+0000] {processor.py:925} INFO - DAG(s) 'extract_raw_data_pipeline' retrieved from /opt/airflow/dags/batch_generator.py
[2026-06-17T22:19:29.777+0000] {logging_mixin.py:190} INFO - [2026-06-17T22:19:29.777+0000] {dag.py:3239} INFO - Sync 1 DAGs
[2026-06-17T22:19:29.791+0000] {logging_mixin.py:190} INFO - [2026-06-17T22:19:29.791+0000] {dag.py:4180} INFO - Setting next_dagrun for extract_raw_data_pipeline to 2026-06-17 07:59:00+00:00, run_after=2026-06-18 07:00:00+00:00
[2026-06-17T22:19:29.803+0000] {processor.py:208} INFO - Processing /opt/airflow/dags/batch_generator.py took 0.146 seconds
[2026-06-17T22:19:59.983+0000] {processor.py:186} INFO - Started process (PID=3404) to work on /opt/airflow/dags/batch_generator.py
[2026-06-17T22:19:59.983+0000] {processor.py:914} INFO - Processing file /opt/airflow/dags/batch_generator.py for tasks to queue
[2026-06-17T22:19:59.985+0000] {logging_mixin.py:190} INFO - [2026-06-17T22:19:59.985+0000] {dagbag.py:588} INFO - Filling up the DagBag from /opt/airflow/dags/batch_generator.py
[2026-06-17T22:20:00.101+0000] {processor.py:925} INFO - DAG(s) 'extract_raw_data_pipeline' retrieved from /opt/airflow/dags/batch_generator.py
[2026-06-17T22:20:00.115+0000] {logging_mixin.py:190} INFO - [2026-06-17T22:20:00.115+0000] {dag.py:3239} INFO - Sync 1 DAGs
[2026-06-17T22:20:00.127+0000] {logging_mixin.py:190} INFO - [2026-06-17T22:20:00.127+0000] {dag.py:4180} INFO - Setting next_dagrun for extract_raw_data_pipeline to 2026-06-17 07:59:00+00:00, run_after=2026-06-18 07:00:00+00:00
[2026-06-17T22:20:00.140+0000] {processor.py:208} INFO - Processing /opt/airflow/dags/batch_generator.py took 0.161 seconds
[2026-06-17T22:20:30.391+0000] {processor.py:186} INFO - Started process (PID=3412) to work on /opt/airflow/dags/batch_generator.py
[2026-06-17T22:20:30.392+0000] {processor.py:914} INFO - Processing file /opt/airflow/dags/batch_generator.py for tasks to queue
[2026-06-17T22:20:30.393+0000] {logging_mixin.py:190} INFO - [2026-06-17T22:20:30.393+0000] {dagbag.py:588} INFO - Filling up the DagBag from /opt/airflow/dags/batch_generator.py
[2026-06-17T22:20:30.476+0000] {processor.py:925} INFO - DAG(s) 'extract_raw_data_pipeline' retrieved from /opt/airflow/dags/batch_generator.py
[2026-06-17T22:20:30.491+0000] {logging_mixin.py:190} INFO - [2026-06-17T22:20:30.491+0000] {dag.py:3239} INFO - Sync 1 DAGs
[2026-06-17T22:20:30.504+0000] {logging_mixin.py:190} INFO - [2026-06-17T22:20:30.504+0000] {dag.py:4180} INFO - Setting next_dagrun for extract_raw_data_pipeline to 2026-06-17 07:59:00+00:00, run_after=2026-06-18 07:00:00+00:00
[2026-06-17T22:20:30.517+0000] {processor.py:208} INFO - Processing /opt/airflow/dags/batch_generator.py took 0.129 seconds
[2026-06-17T22:21:00.682+0000] {processor.py:186} INFO - Started process (PID=3420) to work on /opt/airflow/dags/batch_generator.py
[2026-06-17T22:21:00.683+0000] {processor.py:914} INFO - Processing file /opt/airflow/dags/batch_generator.py for tasks to queue
[2026-06-17T22:21:00.685+0000] {logging_mixin.py:190} INFO - [2026-06-17T22:21:00.684+0000] {dagbag.py:588} INFO - Filling up the DagBag from /opt/airflow/dags/batch_generator.py
[2026-06-17T22:21:00.781+0000] {processor.py:925} INFO - DAG(s) 'extract_raw_data_pipeline' retrieved from /opt/airflow/dags/batch_generator.py
[2026-06-17T22:21:00.797+0000] {logging_mixin.py:190} INFO - [2026-06-17T22:21:00.797+0000] {dag.py:3239} INFO - Sync 1 DAGs
[2026-06-17T22:21:00.810+0000] {logging_mixin.py:190} INFO - [2026-06-17T22:21:00.810+0000] {dag.py:4180} INFO - Setting next_dagrun for extract_raw_data_pipeline to 2026-06-17 07:59:00+00:00, run_after=2026-06-18 07:00:00+00:00
[2026-06-17T22:21:00.823+0000] {processor.py:208} INFO - Processing /opt/airflow/dags/batch_generator.py took 0.146 seconds
[2026-06-17T22:21:31.048+0000] {processor.py:186} INFO - Started process (PID=3428) to work on /opt/airflow/dags/batch_generator.py
[2026-06-17T22:21:31.049+0000] {processor.py:914} INFO - Processing file /opt/airflow/dags/batch_generator.py for tasks to queue
[2026-06-17T22:21:31.051+0000] {logging_mixin.py:190} INFO - [2026-06-17T22:21:31.050+0000] {dagbag.py:588} INFO - Filling up the DagBag from /opt/airflow/dags/batch_generator.py
[2026-06-17T22:21:31.139+0000] {processor.py:925} INFO - DAG(s) 'extract_raw_data_pipeline' retrieved from /opt/airflow/dags/batch_generator.py
[2026-06-17T22:21:31.155+0000] {logging_mixin.py:190} INFO - [2026-06-17T22:21:31.155+0000] {dag.py:3239} INFO - Sync 1 DAGs
[2026-06-17T22:21:31.168+0000] {logging_mixin.py:190} INFO - [2026-06-17T22:21:31.167+0000] {dag.py:4180} INFO - Setting next_dagrun for extract_raw_data_pipeline to 2026-06-17 07:59:00+00:00, run_after=2026-06-18 07:00:00+00:00
[2026-06-17T22:21:31.180+0000] {processor.py:208} INFO - Processing /opt/airflow/dags/batch_generator.py took 0.135 seconds
[2026-06-17T22:22:01.416+0000] {processor.py:186} INFO - Started process (PID=3436) to work on /opt/airflow/dags/batch_generator.py
[2026-06-17T22:22:01.416+0000] {processor.py:914} INFO - Processing file /opt/airflow/dags/batch_generator.py for tasks to queue
[2026-06-17T22:22:01.418+0000] {logging_mixin.py:190} INFO - [2026-06-17T22:22:01.418+0000] {dagbag.py:588} INFO - Filling up the DagBag from /opt/airflow/dags/batch_generator.py
[2026-06-17T22:22:01.502+0000] {processor.py:925} INFO - DAG(s) 'extract_raw_data_pipeline' retrieved from /opt/airflow/dags/batch_generator.py
[2026-06-17T22:22:01.517+0000] {logging_mixin.py:190} INFO - [2026-06-17T22:22:01.517+0000] {dag.py:3239} INFO - Sync 1 DAGs
[2026-06-17T22:22:01.530+0000] {logging_mixin.py:190} INFO - [2026-06-17T22:22:01.530+0000] {dag.py:4180} INFO - Setting next_dagrun for extract_raw_data_pipeline to 2026-06-17 07:59:00+00:00, run_after=2026-06-18 07:00:00+00:00
[2026-06-17T22:22:01.543+0000] {processor.py:208} INFO - Processing /opt/airflow/dags/batch_generator.py took 0.131 seconds
[2026-06-17T22:22:31.774+0000] {processor.py:186} INFO - Started process (PID=3444) to work on /opt/airflow/dags/batch_generator.py
[2026-06-17T22:22:31.775+0000] {processor.py:914} INFO - Processing file /opt/airflow/dags/batch_generator.py for tasks to queue
[2026-06-17T22:22:31.776+0000] {logging_mixin.py:190} INFO - [2026-06-17T22:22:31.776+0000] {dagbag.py:588} INFO - Filling up the DagBag from /opt/airflow/dags/batch_generator.py
[2026-06-17T22:22:31.860+0000] {processor.py:925} INFO - DAG(s) 'extract_raw_data_pipeline' retrieved from /opt/airflow/dags/batch_generator.py
[2026-06-17T22:22:31.876+0000] {logging_mixin.py:190} INFO - [2026-06-17T22:22:31.876+0000] {dag.py:3239} INFO - Sync 1 DAGs
[2026-06-17T22:22:31.892+0000] {logging_mixin.py:190} INFO - [2026-06-17T22:22:31.892+0000] {dag.py:4180} INFO - Setting next_dagrun for extract_raw_data_pipeline to 2026-06-17 07:59:00+00:00, run_after=2026-06-18 07:00:00+00:00
[2026-06-17T22:22:31.904+0000] {processor.py:208} INFO - Processing /opt/airflow/dags/batch_generator.py took 0.134 seconds
[2026-06-17T22:23:02.206+0000] {processor.py:186} INFO - Started process (PID=3452) to work on /opt/airflow/dags/batch_generator.py
[2026-06-17T22:23:02.206+0000] {processor.py:914} INFO - Processing file /opt/airflow/dags/batch_generator.py for tasks to queue
[2026-06-17T22:23:02.208+0000] {logging_mixin.py:190} INFO - [2026-06-17T22:23:02.208+0000] {dagbag.py:588} INFO - Filling up the DagBag from /opt/airflow/dags/batch_generator.py
[2026-06-17T22:23:02.294+0000] {processor.py:925} INFO - DAG(s) 'extract_raw_data_pipeline' retrieved from /opt/airflow/dags/batch_generator.py
[2026-06-17T22:23:02.311+0000] {logging_mixin.py:190} INFO - [2026-06-17T22:23:02.311+0000] {dag.py:3239} INFO - Sync 1 DAGs
[2026-06-17T22:23:02.325+0000] {logging_mixin.py:190} INFO - [2026-06-17T22:23:02.325+0000] {dag.py:4180} INFO - Setting next_dagrun for extract_raw_data_pipeline to 2026-06-17 07:59:00+00:00, run_after=2026-06-18 07:00:00+00:00
[2026-06-17T22:23:02.337+0000] {processor.py:208} INFO - Processing /opt/airflow/dags/batch_generator.py took 0.135 seconds
[2026-06-17T22:23:32.563+0000] {processor.py:186} INFO - Started process (PID=3460) to work on /opt/airflow/dags/batch_generator.py
[2026-06-17T22:23:32.564+0000] {processor.py:914} INFO - Processing file /opt/airflow/dags/batch_generator.py for tasks to queue
[2026-06-17T22:23:32.565+0000] {logging_mixin.py:190} INFO - [2026-06-17T22:23:32.565+0000] {dagbag.py:588} INFO - Filling up the DagBag from /opt/airflow/dags/batch_generator.py
[2026-06-17T22:23:32.650+0000] {processor.py:925} INFO - DAG(s) 'extract_raw_data_pipeline' retrieved from /opt/airflow/dags/batch_generator.py
[2026-06-17T22:23:32.664+0000] {logging_mixin.py:190} INFO - [2026-06-17T22:23:32.664+0000] {dag.py:3239} INFO - Sync 1 DAGs
[2026-06-17T22:23:32.678+0000] {logging_mixin.py:190} INFO - [2026-06-17T22:23:32.677+0000] {dag.py:4180} INFO - Setting next_dagrun for extract_raw_data_pipeline to 2026-06-17 07:59:00+00:00, run_after=2026-06-18 07:00:00+00:00
[2026-06-17T22:23:32.691+0000] {processor.py:208} INFO - Processing /opt/airflow/dags/batch_generator.py took 0.132 seconds
[2026-06-17T22:24:02.865+0000] {processor.py:186} INFO - Started process (PID=3468) to work on /opt/airflow/dags/batch_generator.py
[2026-06-17T22:24:02.866+0000] {processor.py:914} INFO - Processing file /opt/airflow/dags/batch_generator.py for tasks to queue
[2026-06-17T22:24:02.867+0000] {logging_mixin.py:190} INFO - [2026-06-17T22:24:02.867+0000] {dagbag.py:588} INFO - Filling up the DagBag from /opt/airflow/dags/batch_generator.py
[2026-06-17T22:24:02.953+0000] {processor.py:925} INFO - DAG(s) 'extract_raw_data_pipeline' retrieved from /opt/airflow/dags/batch_generator.py
[2026-06-17T22:24:02.969+0000] {logging_mixin.py:190} INFO - [2026-06-17T22:24:02.969+0000] {dag.py:3239} INFO - Sync 1 DAGs
[2026-06-17T22:24:02.982+0000] {logging_mixin.py:190} INFO - [2026-06-17T22:24:02.982+0000] {dag.py:4180} INFO - Setting next_dagrun for extract_raw_data_pipeline to 2026-06-17 07:59:00+00:00, run_after=2026-06-18 07:00:00+00:00
[2026-06-17T22:24:02.999+0000] {processor.py:208} INFO - Processing /opt/airflow/dags/batch_generator.py took 0.138 seconds
[2026-06-17T22:24:33.338+0000] {processor.py:186} INFO - Started process (PID=3476) to work on /opt/airflow/dags/batch_generator.py
[2026-06-17T22:24:33.339+0000] {processor.py:914} INFO - Processing file /opt/airflow/dags/batch_generator.py for tasks to queue
[2026-06-17T22:24:33.340+0000] {logging_mixin.py:190} INFO - [2026-06-17T22:24:33.340+0000] {dagbag.py:588} INFO - Filling up the DagBag from /opt/airflow/dags/batch_generator.py
[2026-06-17T22:24:33.424+0000] {processor.py:925} INFO - DAG(s) 'extract_raw_data_pipeline' retrieved from /opt/airflow/dags/batch_generator.py
[2026-06-17T22:24:33.440+0000] {logging_mixin.py:190} INFO - [2026-06-17T22:24:33.440+0000] {dag.py:3239} INFO - Sync 1 DAGs
[2026-06-17T22:24:33.453+0000] {logging_mixin.py:190} INFO - [2026-06-17T22:24:33.453+0000] {dag.py:4180} INFO - Setting next_dagrun for extract_raw_data_pipeline to 2026-06-17 07:59:00+00:00, run_after=2026-06-18 07:00:00+00:00
[2026-06-17T22:24:33.471+0000] {processor.py:208} INFO - Processing /opt/airflow/dags/batch_generator.py took 0.136 seconds
[2026-06-17T22:25:03.625+0000] {processor.py:186} INFO - Started process (PID=3484) to work on /opt/airflow/dags/batch_generator.py
[2026-06-17T22:25:03.625+0000] {processor.py:914} INFO - Processing file /opt/airflow/dags/batch_generator.py for tasks to queue
[2026-06-17T22:25:03.627+0000] {logging_mixin.py:190} INFO - [2026-06-17T22:25:03.627+0000] {dagbag.py:588} INFO - Filling up the DagBag from /opt/airflow/dags/batch_generator.py
[2026-06-17T22:25:03.710+0000] {processor.py:925} INFO - DAG(s) 'extract_raw_data_pipeline' retrieved from /opt/airflow/dags/batch_generator.py
[2026-06-17T22:25:03.728+0000] {logging_mixin.py:190} INFO - [2026-06-17T22:25:03.728+0000] {dag.py:3239} INFO - Sync 1 DAGs
[2026-06-17T22:25:03.744+0000] {logging_mixin.py:190} INFO - [2026-06-17T22:25:03.744+0000] {dag.py:4180} INFO - Setting next_dagrun for extract_raw_data_pipeline to 2026-06-17 07:59:00+00:00, run_after=2026-06-18 07:00:00+00:00
[2026-06-17T22:25:03.760+0000] {processor.py:208} INFO - Processing /opt/airflow/dags/batch_generator.py took 0.139 seconds
[2026-06-17T22:25:34.023+0000] {processor.py:186} INFO - Started process (PID=3492) to work on /opt/airflow/dags/batch_generator.py
[2026-06-17T22:25:34.023+0000] {processor.py:914} INFO - Processing file /opt/airflow/dags/batch_generator.py for tasks to queue
[2026-06-17T22:25:34.025+0000] {logging_mixin.py:190} INFO - [2026-06-17T22:25:34.025+0000] {dagbag.py:588} INFO - Filling up the DagBag from /opt/airflow/dags/batch_generator.py
[2026-06-17T22:25:34.108+0000] {processor.py:925} INFO - DAG(s) 'extract_raw_data_pipeline' retrieved from /opt/airflow/dags/batch_generator.py
[2026-06-17T22:25:34.124+0000] {logging_mixin.py:190} INFO - [2026-06-17T22:25:34.124+0000] {dag.py:3239} INFO - Sync 1 DAGs
[2026-06-17T22:25:34.137+0000] {logging_mixin.py:190} INFO - [2026-06-17T22:25:34.137+0000] {dag.py:4180} INFO - Setting next_dagrun for extract_raw_data_pipeline to 2026-06-17 07:59:00+00:00, run_after=2026-06-18 07:00:00+00:00
[2026-06-17T22:25:34.151+0000] {processor.py:208} INFO - Processing /opt/airflow/dags/batch_generator.py took 0.131 seconds
[2026-06-17T22:26:04.292+0000] {processor.py:186} INFO - Started process (PID=3500) to work on /opt/airflow/dags/batch_generator.py
[2026-06-17T22:26:04.293+0000] {processor.py:914} INFO - Processing file /opt/airflow/dags/batch_generator.py for tasks to queue
[2026-06-17T22:26:04.294+0000] {logging_mixin.py:190} INFO - [2026-06-17T22:26:04.294+0000] {dagbag.py:588} INFO - Filling up the DagBag from /opt/airflow/dags/batch_generator.py
[2026-06-17T22:26:04.379+0000] {processor.py:925} INFO - DAG(s) 'extract_raw_data_pipeline' retrieved from /opt/airflow/dags/batch_generator.py
[2026-06-17T22:26:04.395+0000] {logging_mixin.py:190} INFO - [2026-06-17T22:26:04.395+0000] {dag.py:3239} INFO - Sync 1 DAGs
[2026-06-17T22:26:04.409+0000] {logging_mixin.py:190} INFO - [2026-06-17T22:26:04.409+0000] {dag.py:4180} INFO - Setting next_dagrun for extract_raw_data_pipeline to 2026-06-17 07:59:00+00:00, run_after=2026-06-18 07:00:00+00:00
[2026-06-17T22:26:04.423+0000] {processor.py:208} INFO - Processing /opt/airflow/dags/batch_generator.py took 0.135 seconds
[2026-06-17T22:26:34.573+0000] {processor.py:186} INFO - Started process (PID=3508) to work on /opt/airflow/dags/batch_generator.py
[2026-06-17T22:26:34.573+0000] {processor.py:914} INFO - Processing file /opt/airflow/dags/batch_generator.py for tasks to queue
[2026-06-17T22:26:34.575+0000] {logging_mixin.py:190} INFO - [2026-06-17T22:26:34.575+0000] {dagbag.py:588} INFO - Filling up the DagBag from /opt/airflow/dags/batch_generator.py
[2026-06-17T22:26:34.667+0000] {processor.py:925} INFO - DAG(s) 'extract_raw_data_pipeline' retrieved from /opt/airflow/dags/batch_generator.py
[2026-06-17T22:26:34.683+0000] {logging_mixin.py:190} INFO - [2026-06-17T22:26:34.683+0000] {dag.py:3239} INFO - Sync 1 DAGs
[2026-06-17T22:26:34.698+0000] {logging_mixin.py:190} INFO - [2026-06-17T22:26:34.697+0000] {dag.py:4180} INFO - Setting next_dagrun for extract_raw_data_pipeline to 2026-06-17 07:59:00+00:00, run_after=2026-06-18 07:00:00+00:00
[2026-06-17T22:26:34.713+0000] {processor.py:208} INFO - Processing /opt/airflow/dags/batch_generator.py took 0.143 seconds
[2026-06-17T22:27:05.007+0000] {processor.py:186} INFO - Started process (PID=3516) to work on /opt/airflow/dags/batch_generator.py
[2026-06-17T22:27:05.007+0000] {processor.py:914} INFO - Processing file /opt/airflow/dags/batch_generator.py for tasks to queue
[2026-06-17T22:27:05.009+0000] {logging_mixin.py:190} INFO - [2026-06-17T22:27:05.009+0000] {dagbag.py:588} INFO - Filling up the DagBag from /opt/airflow/dags/batch_generator.py
[2026-06-17T22:27:05.105+0000] {processor.py:925} INFO - DAG(s) 'extract_raw_data_pipeline' retrieved from /opt/airflow/dags/batch_generator.py
[2026-06-17T22:27:05.121+0000] {logging_mixin.py:190} INFO - [2026-06-17T22:27:05.121+0000] {dag.py:3239} INFO - Sync 1 DAGs
[2026-06-17T22:27:05.134+0000] {logging_mixin.py:190} INFO - [2026-06-17T22:27:05.134+0000] {dag.py:4180} INFO - Setting next_dagrun for extract_raw_data_pipeline to 2026-06-17 07:59:00+00:00, run_after=2026-06-18 07:00:00+00:00
[2026-06-17T22:27:05.159+0000] {processor.py:208} INFO - Processing /opt/airflow/dags/batch_generator.py took 0.156 seconds
[2026-06-17T22:27:35.346+0000] {processor.py:186} INFO - Started process (PID=3524) to work on /opt/airflow/dags/batch_generator.py
[2026-06-17T22:27:35.347+0000] {processor.py:914} INFO - Processing file /opt/airflow/dags/batch_generator.py for tasks to queue
[2026-06-17T22:27:35.349+0000] {logging_mixin.py:190} INFO - [2026-06-17T22:27:35.348+0000] {dagbag.py:588} INFO - Filling up the DagBag from /opt/airflow/dags/batch_generator.py
[2026-06-17T22:27:35.433+0000] {processor.py:925} INFO - DAG(s) 'extract_raw_data_pipeline' retrieved from /opt/airflow/dags/batch_generator.py
[2026-06-17T22:27:35.449+0000] {logging_mixin.py:190} INFO - [2026-06-17T22:27:35.449+0000] {dag.py:3239} INFO - Sync 1 DAGs
[2026-06-17T22:27:35.463+0000] {logging_mixin.py:190} INFO - [2026-06-17T22:27:35.463+0000] {dag.py:4180} INFO - Setting next_dagrun for extract_raw_data_pipeline to 2026-06-17 07:59:00+00:00, run_after=2026-06-18 07:00:00+00:00
[2026-06-17T22:27:35.478+0000] {processor.py:208} INFO - Processing /opt/airflow/dags/batch_generator.py took 0.135 seconds
[2026-06-17T22:28:05.721+0000] {processor.py:186} INFO - Started process (PID=3532) to work on /opt/airflow/dags/batch_generator.py
[2026-06-17T22:28:05.721+0000] {processor.py:914} INFO - Processing file /opt/airflow/dags/batch_generator.py for tasks to queue
[2026-06-17T22:28:05.723+0000] {logging_mixin.py:190} INFO - [2026-06-17T22:28:05.723+0000] {dagbag.py:588} INFO - Filling up the DagBag from /opt/airflow/dags/batch_generator.py
[2026-06-17T22:28:05.836+0000] {processor.py:925} INFO - DAG(s) 'extract_raw_data_pipeline' retrieved from /opt/airflow/dags/batch_generator.py
[2026-06-17T22:28:05.852+0000] {logging_mixin.py:190} INFO - [2026-06-17T22:28:05.852+0000] {dag.py:3239} INFO - Sync 1 DAGs
[2026-06-17T22:28:05.866+0000] {logging_mixin.py:190} INFO - [2026-06-17T22:28:05.866+0000] {dag.py:4180} INFO - Setting next_dagrun for extract_raw_data_pipeline to 2026-06-17 07:59:00+00:00, run_after=2026-06-18 07:00:00+00:00
[2026-06-17T22:28:05.879+0000] {processor.py:208} INFO - Processing /opt/airflow/dags/batch_generator.py took 0.161 seconds
[2026-06-17T22:28:36.059+0000] {processor.py:186} INFO - Started process (PID=3540) to work on /opt/airflow/dags/batch_generator.py
[2026-06-17T22:28:36.060+0000] {processor.py:914} INFO - Processing file /opt/airflow/dags/batch_generator.py for tasks to queue
[2026-06-17T22:28:36.062+0000] {logging_mixin.py:190} INFO - [2026-06-17T22:28:36.061+0000] {dagbag.py:588} INFO - Filling up the DagBag from /opt/airflow/dags/batch_generator.py
[2026-06-17T22:28:36.149+0000] {processor.py:925} INFO - DAG(s) 'extract_raw_data_pipeline' retrieved from /opt/airflow/dags/batch_generator.py
[2026-06-17T22:28:36.165+0000] {logging_mixin.py:190} INFO - [2026-06-17T22:28:36.165+0000] {dag.py:3239} INFO - Sync 1 DAGs
[2026-06-17T22:28:36.179+0000] {logging_mixin.py:190} INFO - [2026-06-17T22:28:36.179+0000] {dag.py:4180} INFO - Setting next_dagrun for extract_raw_data_pipeline to 2026-06-17 07:59:00+00:00, run_after=2026-06-18 07:00:00+00:00
[2026-06-17T22:28:36.193+0000] {processor.py:208} INFO - Processing /opt/airflow/dags/batch_generator.py took 0.137 seconds
[2026-06-17T22:29:06.545+0000] {processor.py:186} INFO - Started process (PID=3548) to work on /opt/airflow/dags/batch_generator.py
[2026-06-17T22:29:06.546+0000] {processor.py:914} INFO - Processing file /opt/airflow/dags/batch_generator.py for tasks to queue
[2026-06-17T22:29:06.548+0000] {logging_mixin.py:190} INFO - [2026-06-17T22:29:06.548+0000] {dagbag.py:588} INFO - Filling up the DagBag from /opt/airflow/dags/batch_generator.py
[2026-06-17T22:29:06.642+0000] {processor.py:925} INFO - DAG(s) 'extract_raw_data_pipeline' retrieved from /opt/airflow/dags/batch_generator.py
[2026-06-17T22:29:06.659+0000] {logging_mixin.py:190} INFO - [2026-06-17T22:29:06.658+0000] {dag.py:3239} INFO - Sync 1 DAGs
[2026-06-17T22:29:06.672+0000] {logging_mixin.py:190} INFO - [2026-06-17T22:29:06.672+0000] {dag.py:4180} INFO - Setting next_dagrun for extract_raw_data_pipeline to 2026-06-17 07:59:00+00:00, run_after=2026-06-18 07:00:00+00:00
[2026-06-17T22:29:06.684+0000] {processor.py:208} INFO - Processing /opt/airflow/dags/batch_generator.py took 0.142 seconds
[2026-06-17T22:29:36.821+0000] {processor.py:186} INFO - Started process (PID=3556) to work on /opt/airflow/dags/batch_generator.py
[2026-06-17T22:29:36.821+0000] {processor.py:914} INFO - Processing file /opt/airflow/dags/batch_generator.py for tasks to queue
[2026-06-17T22:29:36.823+0000] {logging_mixin.py:190} INFO - [2026-06-17T22:29:36.823+0000] {dagbag.py:588} INFO - Filling up the DagBag from /opt/airflow/dags/batch_generator.py
[2026-06-17T22:29:36.912+0000] {processor.py:925} INFO - DAG(s) 'extract_raw_data_pipeline' retrieved from /opt/airflow/dags/batch_generator.py
[2026-06-17T22:29:36.927+0000] {logging_mixin.py:190} INFO - [2026-06-17T22:29:36.927+0000] {dag.py:3239} INFO - Sync 1 DAGs
[2026-06-17T22:29:36.940+0000] {logging_mixin.py:190} INFO - [2026-06-17T22:29:36.940+0000] {dag.py:4180} INFO - Setting next_dagrun for extract_raw_data_pipeline to 2026-06-17 07:59:00+00:00, run_after=2026-06-18 07:00:00+00:00
[2026-06-17T22:29:36.951+0000] {processor.py:208} INFO - Processing /opt/airflow/dags/batch_generator.py took 0.134 seconds
[2026-06-17T22:30:07.158+0000] {processor.py:186} INFO - Started process (PID=3564) to work on /opt/airflow/dags/batch_generator.py
[2026-06-17T22:30:07.158+0000] {processor.py:914} INFO - Processing file /opt/airflow/dags/batch_generator.py for tasks to queue
[2026-06-17T22:30:07.160+0000] {logging_mixin.py:190} INFO - [2026-06-17T22:30:07.160+0000] {dagbag.py:588} INFO - Filling up the DagBag from /opt/airflow/dags/batch_generator.py
[2026-06-17T22:30:07.249+0000] {processor.py:925} INFO - DAG(s) 'extract_raw_data_pipeline' retrieved from /opt/airflow/dags/batch_generator.py
[2026-06-17T22:30:07.265+0000] {logging_mixin.py:190} INFO - [2026-06-17T22:30:07.265+0000] {dag.py:3239} INFO - Sync 1 DAGs
[2026-06-17T22:30:07.277+0000] {logging_mixin.py:190} INFO - [2026-06-17T22:30:07.277+0000] {dag.py:4180} INFO - Setting next_dagrun for extract_raw_data_pipeline to 2026-06-17 07:59:00+00:00, run_after=2026-06-18 07:00:00+00:00
[2026-06-17T22:30:07.289+0000] {processor.py:208} INFO - Processing /opt/airflow/dags/batch_generator.py took 0.135 seconds
[2026-06-17T22:30:37.421+0000] {processor.py:186} INFO - Started process (PID=3572) to work on /opt/airflow/dags/batch_generator.py
[2026-06-17T22:30:37.422+0000] {processor.py:914} INFO - Processing file /opt/airflow/dags/batch_generator.py for tasks to queue
[2026-06-17T22:30:37.423+0000] {logging_mixin.py:190} INFO - [2026-06-17T22:30:37.423+0000] {dagbag.py:588} INFO - Filling up the DagBag from /opt/airflow/dags/batch_generator.py
[2026-06-17T22:30:37.518+0000] {processor.py:925} INFO - DAG(s) 'extract_raw_data_pipeline' retrieved from /opt/airflow/dags/batch_generator.py
[2026-06-17T22:30:37.535+0000] {logging_mixin.py:190} INFO - [2026-06-17T22:30:37.535+0000] {dag.py:3239} INFO - Sync 1 DAGs
[2026-06-17T22:30:37.549+0000] {logging_mixin.py:190} INFO - [2026-06-17T22:30:37.549+0000] {dag.py:4180} INFO - Setting next_dagrun for extract_raw_data_pipeline to 2026-06-17 07:59:00+00:00, run_after=2026-06-18 07:00:00+00:00
[2026-06-17T22:30:37.562+0000] {processor.py:208} INFO - Processing /opt/airflow/dags/batch_generator.py took 0.145 seconds
[2026-06-17T22:31:07.874+0000] {processor.py:186} INFO - Started process (PID=3580) to work on /opt/airflow/dags/batch_generator.py
[2026-06-17T22:31:07.875+0000] {processor.py:914} INFO - Processing file /opt/airflow/dags/batch_generator.py for tasks to queue
[2026-06-17T22:31:07.876+0000] {logging_mixin.py:190} INFO - [2026-06-17T22:31:07.876+0000] {dagbag.py:588} INFO - Filling up the DagBag from /opt/airflow/dags/batch_generator.py
[2026-06-17T22:31:07.962+0000] {processor.py:925} INFO - DAG(s) 'extract_raw_data_pipeline' retrieved from /opt/airflow/dags/batch_generator.py
[2026-06-17T22:31:07.978+0000] {logging_mixin.py:190} INFO - [2026-06-17T22:31:07.978+0000] {dag.py:3239} INFO - Sync 1 DAGs
[2026-06-17T22:31:07.990+0000] {logging_mixin.py:190} INFO - [2026-06-17T22:31:07.990+0000] {dag.py:4180} INFO - Setting next_dagrun for extract_raw_data_pipeline to 2026-06-17 07:59:00+00:00, run_after=2026-06-18 07:00:00+00:00
[2026-06-17T22:31:08.003+0000] {processor.py:208} INFO - Processing /opt/airflow/dags/batch_generator.py took 0.132 seconds
[2026-06-17T22:31:38.237+0000] {processor.py:186} INFO - Started process (PID=3588) to work on /opt/airflow/dags/batch_generator.py
[2026-06-17T22:31:38.238+0000] {processor.py:914} INFO - Processing file /opt/airflow/dags/batch_generator.py for tasks to queue
[2026-06-17T22:31:38.239+0000] {logging_mixin.py:190} INFO - [2026-06-17T22:31:38.239+0000] {dagbag.py:588} INFO - Filling up the DagBag from /opt/airflow/dags/batch_generator.py
[2026-06-17T22:31:38.325+0000] {processor.py:925} INFO - DAG(s) 'extract_raw_data_pipeline' retrieved from /opt/airflow/dags/batch_generator.py
[2026-06-17T22:31:38.340+0000] {logging_mixin.py:190} INFO - [2026-06-17T22:31:38.339+0000] {dag.py:3239} INFO - Sync 1 DAGs
[2026-06-17T22:31:38.353+0000] {logging_mixin.py:190} INFO - [2026-06-17T22:31:38.353+0000] {dag.py:4180} INFO - Setting next_dagrun for extract_raw_data_pipeline to 2026-06-17 07:59:00+00:00, run_after=2026-06-18 07:00:00+00:00
[2026-06-17T22:31:38.366+0000] {processor.py:208} INFO - Processing /opt/airflow/dags/batch_generator.py took 0.132 seconds
[2026-06-17T22:32:08.567+0000] {processor.py:186} INFO - Started process (PID=3596) to work on /opt/airflow/dags/batch_generator.py
[2026-06-17T22:32:08.568+0000] {processor.py:914} INFO - Processing file /opt/airflow/dags/batch_generator.py for tasks to queue
[2026-06-17T22:32:08.569+0000] {logging_mixin.py:190} INFO - [2026-06-17T22:32:08.569+0000] {dagbag.py:588} INFO - Filling up the DagBag from /opt/airflow/dags/batch_generator.py
[2026-06-17T22:32:08.657+0000] {processor.py:925} INFO - DAG(s) 'extract_raw_data_pipeline' retrieved from /opt/airflow/dags/batch_generator.py
[2026-06-17T22:32:08.673+0000] {logging_mixin.py:190} INFO - [2026-06-17T22:32:08.672+0000] {dag.py:3239} INFO - Sync 1 DAGs
[2026-06-17T22:32:08.686+0000] {logging_mixin.py:190} INFO - [2026-06-17T22:32:08.686+0000] {dag.py:4180} INFO - Setting next_dagrun for extract_raw_data_pipeline to 2026-06-17 07:59:00+00:00, run_after=2026-06-18 07:00:00+00:00
[2026-06-17T22:32:08.701+0000] {processor.py:208} INFO - Processing /opt/airflow/dags/batch_generator.py took 0.138 seconds
[2026-06-17T22:32:38.941+0000] {processor.py:186} INFO - Started process (PID=3604) to work on /opt/airflow/dags/batch_generator.py
[2026-06-17T22:32:38.942+0000] {processor.py:914} INFO - Processing file /opt/airflow/dags/batch_generator.py for tasks to queue
[2026-06-17T22:32:38.943+0000] {logging_mixin.py:190} INFO - [2026-06-17T22:32:38.943+0000] {dagbag.py:588} INFO - Filling up the DagBag from /opt/airflow/dags/batch_generator.py
[2026-06-17T22:32:39.030+0000] {processor.py:925} INFO - DAG(s) 'extract_raw_data_pipeline' retrieved from /opt/airflow/dags/batch_generator.py
[2026-06-17T22:32:39.045+0000] {logging_mixin.py:190} INFO - [2026-06-17T22:32:39.045+0000] {dag.py:3239} INFO - Sync 1 DAGs
[2026-06-17T22:32:39.060+0000] {logging_mixin.py:190} INFO - [2026-06-17T22:32:39.060+0000] {dag.py:4180} INFO - Setting next_dagrun for extract_raw_data_pipeline to 2026-06-17 07:59:00+00:00, run_after=2026-06-18 07:00:00+00:00
[2026-06-17T22:32:39.081+0000] {processor.py:208} INFO - Processing /opt/airflow/dags/batch_generator.py took 0.144 seconds
[2026-06-17T22:33:09.421+0000] {processor.py:186} INFO - Started process (PID=3612) to work on /opt/airflow/dags/batch_generator.py
[2026-06-17T22:33:09.422+0000] {processor.py:914} INFO - Processing file /opt/airflow/dags/batch_generator.py for tasks to queue
[2026-06-17T22:33:09.425+0000] {logging_mixin.py:190} INFO - [2026-06-17T22:33:09.424+0000] {dagbag.py:588} INFO - Filling up the DagBag from /opt/airflow/dags/batch_generator.py
[2026-06-17T22:33:09.514+0000] {processor.py:925} INFO - DAG(s) 'extract_raw_data_pipeline' retrieved from /opt/airflow/dags/batch_generator.py
[2026-06-17T22:33:09.530+0000] {logging_mixin.py:190} INFO - [2026-06-17T22:33:09.530+0000] {dag.py:3239} INFO - Sync 1 DAGs
[2026-06-17T22:33:09.543+0000] {logging_mixin.py:190} INFO - [2026-06-17T22:33:09.543+0000] {dag.py:4180} INFO - Setting next_dagrun for extract_raw_data_pipeline to 2026-06-17 07:59:00+00:00, run_after=2026-06-18 07:00:00+00:00
[2026-06-17T22:33:09.555+0000] {processor.py:208} INFO - Processing /opt/airflow/dags/batch_generator.py took 0.142 seconds
[2026-06-17T22:33:39.673+0000] {processor.py:186} INFO - Started process (PID=3620) to work on /opt/airflow/dags/batch_generator.py
[2026-06-17T22:33:39.673+0000] {processor.py:914} INFO - Processing file /opt/airflow/dags/batch_generator.py for tasks to queue
[2026-06-17T22:33:39.675+0000] {logging_mixin.py:190} INFO - [2026-06-17T22:33:39.675+0000] {dagbag.py:588} INFO - Filling up the DagBag from /opt/airflow/dags/batch_generator.py
[2026-06-17T22:33:39.765+0000] {processor.py:925} INFO - DAG(s) 'extract_raw_data_pipeline' retrieved from /opt/airflow/dags/batch_generator.py
[2026-06-17T22:33:39.783+0000] {logging_mixin.py:190} INFO - [2026-06-17T22:33:39.783+0000] {dag.py:3239} INFO - Sync 1 DAGs
[2026-06-17T22:33:39.798+0000] {logging_mixin.py:190} INFO - [2026-06-17T22:33:39.798+0000] {dag.py:4180} INFO - Setting next_dagrun for extract_raw_data_pipeline to 2026-06-17 07:59:00+00:00, run_after=2026-06-18 07:00:00+00:00
[2026-06-17T22:33:39.812+0000] {processor.py:208} INFO - Processing /opt/airflow/dags/batch_generator.py took 0.143 seconds
[2026-06-17T22:34:10.076+0000] {processor.py:186} INFO - Started process (PID=3628) to work on /opt/airflow/dags/batch_generator.py
[2026-06-17T22:34:10.077+0000] {processor.py:914} INFO - Processing file /opt/airflow/dags/batch_generator.py for tasks to queue
[2026-06-17T22:34:10.078+0000] {logging_mixin.py:190} INFO - [2026-06-17T22:34:10.078+0000] {dagbag.py:588} INFO - Filling up the DagBag from /opt/airflow/dags/batch_generator.py
[2026-06-17T22:34:10.172+0000] {processor.py:925} INFO - DAG(s) 'extract_raw_data_pipeline' retrieved from /opt/airflow/dags/batch_generator.py
[2026-06-17T22:34:10.187+0000] {logging_mixin.py:190} INFO - [2026-06-17T22:34:10.187+0000] {dag.py:3239} INFO - Sync 1 DAGs
[2026-06-17T22:34:10.201+0000] {logging_mixin.py:190} INFO - [2026-06-17T22:34:10.200+0000] {dag.py:4180} INFO - Setting next_dagrun for extract_raw_data_pipeline to 2026-06-17 07:59:00+00:00, run_after=2026-06-18 07:00:00+00:00
[2026-06-17T22:34:10.213+0000] {processor.py:208} INFO - Processing /opt/airflow/dags/batch_generator.py took 0.141 seconds
[2026-06-17T22:34:40.383+0000] {processor.py:186} INFO - Started process (PID=3636) to work on /opt/airflow/dags/batch_generator.py
[2026-06-17T22:34:40.383+0000] {processor.py:914} INFO - Processing file /opt/airflow/dags/batch_generator.py for tasks to queue
[2026-06-17T22:34:40.385+0000] {logging_mixin.py:190} INFO - [2026-06-17T22:34:40.385+0000] {dagbag.py:588} INFO - Filling up the DagBag from /opt/airflow/dags/batch_generator.py
[2026-06-17T22:34:40.470+0000] {processor.py:925} INFO - DAG(s) 'extract_raw_data_pipeline' retrieved from /opt/airflow/dags/batch_generator.py
[2026-06-17T22:34:40.486+0000] {logging_mixin.py:190} INFO - [2026-06-17T22:34:40.486+0000] {dag.py:3239} INFO - Sync 1 DAGs
[2026-06-17T22:34:40.502+0000] {logging_mixin.py:190} INFO - [2026-06-17T22:34:40.501+0000] {dag.py:4180} INFO - Setting next_dagrun for extract_raw_data_pipeline to 2026-06-17 07:59:00+00:00, run_after=2026-06-18 07:00:00+00:00
[2026-06-17T22:34:40.515+0000] {processor.py:208} INFO - Processing /opt/airflow/dags/batch_generator.py took 0.136 seconds
[2026-06-17T22:35:10.771+0000] {processor.py:186} INFO - Started process (PID=3644) to work on /opt/airflow/dags/batch_generator.py
[2026-06-17T22:35:10.772+0000] {processor.py:914} INFO - Processing file /opt/airflow/dags/batch_generator.py for tasks to queue
[2026-06-17T22:35:10.773+0000] {logging_mixin.py:190} INFO - [2026-06-17T22:35:10.773+0000] {dagbag.py:588} INFO - Filling up the DagBag from /opt/airflow/dags/batch_generator.py
[2026-06-17T22:35:10.870+0000] {processor.py:925} INFO - DAG(s) 'extract_raw_data_pipeline' retrieved from /opt/airflow/dags/batch_generator.py
[2026-06-17T22:35:10.892+0000] {logging_mixin.py:190} INFO - [2026-06-17T22:35:10.891+0000] {dag.py:3239} INFO - Sync 1 DAGs
[2026-06-17T22:35:10.908+0000] {logging_mixin.py:190} INFO - [2026-06-17T22:35:10.908+0000] {dag.py:4180} INFO - Setting next_dagrun for extract_raw_data_pipeline to 2026-06-17 07:59:00+00:00, run_after=2026-06-18 07:00:00+00:00
[2026-06-17T22:35:10.923+0000] {processor.py:208} INFO - Processing /opt/airflow/dags/batch_generator.py took 0.156 seconds
[2026-06-17T22:35:41.083+0000] {processor.py:186} INFO - Started process (PID=3652) to work on /opt/airflow/dags/batch_generator.py
[2026-06-17T22:35:41.084+0000] {processor.py:914} INFO - Processing file /opt/airflow/dags/batch_generator.py for tasks to queue
[2026-06-17T22:35:41.086+0000] {logging_mixin.py:190} INFO - [2026-06-17T22:35:41.086+0000] {dagbag.py:588} INFO - Filling up the DagBag from /opt/airflow/dags/batch_generator.py
[2026-06-17T22:35:41.178+0000] {processor.py:925} INFO - DAG(s) 'extract_raw_data_pipeline' retrieved from /opt/airflow/dags/batch_generator.py
[2026-06-17T22:35:41.196+0000] {logging_mixin.py:190} INFO - [2026-06-17T22:35:41.196+0000] {dag.py:3239} INFO - Sync 1 DAGs
[2026-06-17T22:35:41.210+0000] {logging_mixin.py:190} INFO - [2026-06-17T22:35:41.210+0000] {dag.py:4180} INFO - Setting next_dagrun for extract_raw_data_pipeline to 2026-06-17 07:59:00+00:00, run_after=2026-06-18 07:00:00+00:00
[2026-06-17T22:35:41.223+0000] {processor.py:208} INFO - Processing /opt/airflow/dags/batch_generator.py took 0.143 seconds
[2026-06-17T22:36:11.517+0000] {processor.py:186} INFO - Started process (PID=3660) to work on /opt/airflow/dags/batch_generator.py
[2026-06-17T22:36:11.518+0000] {processor.py:914} INFO - Processing file /opt/airflow/dags/batch_generator.py for tasks to queue
[2026-06-17T22:36:11.520+0000] {logging_mixin.py:190} INFO - [2026-06-17T22:36:11.519+0000] {dagbag.py:588} INFO - Filling up the DagBag from /opt/airflow/dags/batch_generator.py
[2026-06-17T22:36:11.609+0000] {processor.py:925} INFO - DAG(s) 'extract_raw_data_pipeline' retrieved from /opt/airflow/dags/batch_generator.py
[2026-06-17T22:36:11.624+0000] {logging_mixin.py:190} INFO - [2026-06-17T22:36:11.624+0000] {dag.py:3239} INFO - Sync 1 DAGs
[2026-06-17T22:36:11.638+0000] {logging_mixin.py:190} INFO - [2026-06-17T22:36:11.637+0000] {dag.py:4180} INFO - Setting next_dagrun for extract_raw_data_pipeline to 2026-06-17 07:59:00+00:00, run_after=2026-06-18 07:00:00+00:00
[2026-06-17T22:36:11.661+0000] {processor.py:208} INFO - Processing /opt/airflow/dags/batch_generator.py took 0.147 seconds
[2026-06-17T22:36:41.842+0000] {processor.py:186} INFO - Started process (PID=3668) to work on /opt/airflow/dags/batch_generator.py
[2026-06-17T22:36:41.843+0000] {processor.py:914} INFO - Processing file /opt/airflow/dags/batch_generator.py for tasks to queue
[2026-06-17T22:36:41.844+0000] {logging_mixin.py:190} INFO - [2026-06-17T22:36:41.844+0000] {dagbag.py:588} INFO - Filling up the DagBag from /opt/airflow/dags/batch_generator.py
[2026-06-17T22:36:41.932+0000] {processor.py:925} INFO - DAG(s) 'extract_raw_data_pipeline' retrieved from /opt/airflow/dags/batch_generator.py
[2026-06-17T22:36:41.947+0000] {logging_mixin.py:190} INFO - [2026-06-17T22:36:41.947+0000] {dag.py:3239} INFO - Sync 1 DAGs
[2026-06-17T22:36:41.962+0000] {logging_mixin.py:190} INFO - [2026-06-17T22:36:41.962+0000] {dag.py:4180} INFO - Setting next_dagrun for extract_raw_data_pipeline to 2026-06-17 07:59:00+00:00, run_after=2026-06-18 07:00:00+00:00
[2026-06-17T22:36:41.986+0000] {processor.py:208} INFO - Processing /opt/airflow/dags/batch_generator.py took 0.148 seconds
[2026-06-17T22:37:12.229+0000] {processor.py:186} INFO - Started process (PID=3676) to work on /opt/airflow/dags/batch_generator.py
[2026-06-17T22:37:12.229+0000] {processor.py:914} INFO - Processing file /opt/airflow/dags/batch_generator.py for tasks to queue
[2026-06-17T22:37:12.231+0000] {logging_mixin.py:190} INFO - [2026-06-17T22:37:12.231+0000] {dagbag.py:588} INFO - Filling up the DagBag from /opt/airflow/dags/batch_generator.py
[2026-06-17T22:37:12.318+0000] {processor.py:925} INFO - DAG(s) 'extract_raw_data_pipeline' retrieved from /opt/airflow/dags/batch_generator.py
[2026-06-17T22:37:12.334+0000] {logging_mixin.py:190} INFO - [2026-06-17T22:37:12.334+0000] {dag.py:3239} INFO - Sync 1 DAGs
[2026-06-17T22:37:12.347+0000] {logging_mixin.py:190} INFO - [2026-06-17T22:37:12.347+0000] {dag.py:4180} INFO - Setting next_dagrun for extract_raw_data_pipeline to 2026-06-17 07:59:00+00:00, run_after=2026-06-18 07:00:00+00:00
[2026-06-17T22:37:12.368+0000] {processor.py:208} INFO - Processing /opt/airflow/dags/batch_generator.py took 0.143 seconds
[2026-06-17T22:37:42.680+0000] {processor.py:186} INFO - Started process (PID=3684) to work on /opt/airflow/dags/batch_generator.py
[2026-06-17T22:37:42.681+0000] {processor.py:914} INFO - Processing file /opt/airflow/dags/batch_generator.py for tasks to queue
[2026-06-17T22:37:42.682+0000] {logging_mixin.py:190} INFO - [2026-06-17T22:37:42.682+0000] {dagbag.py:588} INFO - Filling up the DagBag from /opt/airflow/dags/batch_generator.py
[2026-06-17T22:37:42.791+0000] {processor.py:925} INFO - DAG(s) 'extract_raw_data_pipeline' retrieved from /opt/airflow/dags/batch_generator.py
[2026-06-17T22:37:42.807+0000] {logging_mixin.py:190} INFO - [2026-06-17T22:37:42.807+0000] {dag.py:3239} INFO - Sync 1 DAGs
[2026-06-17T22:37:42.821+0000] {logging_mixin.py:190} INFO - [2026-06-17T22:37:42.821+0000] {dag.py:4180} INFO - Setting next_dagrun for extract_raw_data_pipeline to 2026-06-17 07:59:00+00:00, run_after=2026-06-18 07:00:00+00:00
[2026-06-17T22:37:42.833+0000] {processor.py:208} INFO - Processing /opt/airflow/dags/batch_generator.py took 0.156 seconds
[2026-06-17T22:38:12.956+0000] {processor.py:186} INFO - Started process (PID=3692) to work on /opt/airflow/dags/batch_generator.py
[2026-06-17T22:38:12.957+0000] {processor.py:914} INFO - Processing file /opt/airflow/dags/batch_generator.py for tasks to queue
[2026-06-17T22:38:12.959+0000] {logging_mixin.py:190} INFO - [2026-06-17T22:38:12.959+0000] {dagbag.py:588} INFO - Filling up the DagBag from /opt/airflow/dags/batch_generator.py
[2026-06-17T22:38:13.050+0000] {processor.py:925} INFO - DAG(s) 'extract_raw_data_pipeline' retrieved from /opt/airflow/dags/batch_generator.py
[2026-06-17T22:38:13.067+0000] {logging_mixin.py:190} INFO - [2026-06-17T22:38:13.066+0000] {dag.py:3239} INFO - Sync 1 DAGs
[2026-06-17T22:38:13.080+0000] {logging_mixin.py:190} INFO - [2026-06-17T22:38:13.080+0000] {dag.py:4180} INFO - Setting next_dagrun for extract_raw_data_pipeline to 2026-06-17 07:59:00+00:00, run_after=2026-06-18 07:00:00+00:00
[2026-06-17T22:38:13.093+0000] {processor.py:208} INFO - Processing /opt/airflow/dags/batch_generator.py took 0.140 seconds
[2026-06-17T22:38:43.378+0000] {processor.py:186} INFO - Started process (PID=3700) to work on /opt/airflow/dags/batch_generator.py
[2026-06-17T22:38:43.379+0000] {processor.py:914} INFO - Processing file /opt/airflow/dags/batch_generator.py for tasks to queue
[2026-06-17T22:38:43.380+0000] {logging_mixin.py:190} INFO - [2026-06-17T22:38:43.380+0000] {dagbag.py:588} INFO - Filling up the DagBag from /opt/airflow/dags/batch_generator.py
[2026-06-17T22:38:43.468+0000] {processor.py:925} INFO - DAG(s) 'extract_raw_data_pipeline' retrieved from /opt/airflow/dags/batch_generator.py
[2026-06-17T22:38:43.483+0000] {logging_mixin.py:190} INFO - [2026-06-17T22:38:43.483+0000] {dag.py:3239} INFO - Sync 1 DAGs
[2026-06-17T22:38:43.497+0000] {logging_mixin.py:190} INFO - [2026-06-17T22:38:43.497+0000] {dag.py:4180} INFO - Setting next_dagrun for extract_raw_data_pipeline to 2026-06-17 07:59:00+00:00, run_after=2026-06-18 07:00:00+00:00
[2026-06-17T22:38:43.510+0000] {processor.py:208} INFO - Processing /opt/airflow/dags/batch_generator.py took 0.136 seconds
[2026-06-17T22:39:13.666+0000] {processor.py:186} INFO - Started process (PID=3708) to work on /opt/airflow/dags/batch_generator.py
[2026-06-17T22:39:13.667+0000] {processor.py:914} INFO - Processing file /opt/airflow/dags/batch_generator.py for tasks to queue
[2026-06-17T22:39:13.669+0000] {logging_mixin.py:190} INFO - [2026-06-17T22:39:13.668+0000] {dagbag.py:588} INFO - Filling up the DagBag from /opt/airflow/dags/batch_generator.py
[2026-06-17T22:39:13.761+0000] {processor.py:925} INFO - DAG(s) 'extract_raw_data_pipeline' retrieved from /opt/airflow/dags/batch_generator.py
[2026-06-17T22:39:13.778+0000] {logging_mixin.py:190} INFO - [2026-06-17T22:39:13.778+0000] {dag.py:3239} INFO - Sync 1 DAGs
[2026-06-17T22:39:13.791+0000] {logging_mixin.py:190} INFO - [2026-06-17T22:39:13.791+0000] {dag.py:4180} INFO - Setting next_dagrun for extract_raw_data_pipeline to 2026-06-17 07:59:00+00:00, run_after=2026-06-18 07:00:00+00:00
[2026-06-17T22:39:13.804+0000] {processor.py:208} INFO - Processing /opt/airflow/dags/batch_generator.py took 0.141 seconds
[2026-06-17T22:39:44.046+0000] {processor.py:186} INFO - Started process (PID=3716) to work on /opt/airflow/dags/batch_generator.py
[2026-06-17T22:39:44.047+0000] {processor.py:914} INFO - Processing file /opt/airflow/dags/batch_generator.py for tasks to queue
[2026-06-17T22:39:44.048+0000] {logging_mixin.py:190} INFO - [2026-06-17T22:39:44.048+0000] {dagbag.py:588} INFO - Filling up the DagBag from /opt/airflow/dags/batch_generator.py
[2026-06-17T22:39:44.138+0000] {processor.py:925} INFO - DAG(s) 'extract_raw_data_pipeline' retrieved from /opt/airflow/dags/batch_generator.py
[2026-06-17T22:39:44.154+0000] {logging_mixin.py:190} INFO - [2026-06-17T22:39:44.154+0000] {dag.py:3239} INFO - Sync 1 DAGs
[2026-06-17T22:39:44.167+0000] {logging_mixin.py:190} INFO - [2026-06-17T22:39:44.167+0000] {dag.py:4180} INFO - Setting next_dagrun for extract_raw_data_pipeline to 2026-06-17 07:59:00+00:00, run_after=2026-06-18 07:00:00+00:00
[2026-06-17T22:39:44.180+0000] {processor.py:208} INFO - Processing /opt/airflow/dags/batch_generator.py took 0.137 seconds
[2026-06-17T22:40:14.330+0000] {processor.py:186} INFO - Started process (PID=3724) to work on /opt/airflow/dags/batch_generator.py
[2026-06-17T22:40:14.331+0000] {processor.py:914} INFO - Processing file /opt/airflow/dags/batch_generator.py for tasks to queue
[2026-06-17T22:40:14.332+0000] {logging_mixin.py:190} INFO - [2026-06-17T22:40:14.332+0000] {dagbag.py:588} INFO - Filling up the DagBag from /opt/airflow/dags/batch_generator.py
[2026-06-17T22:40:14.422+0000] {processor.py:925} INFO - DAG(s) 'extract_raw_data_pipeline' retrieved from /opt/airflow/dags/batch_generator.py
[2026-06-17T22:40:14.439+0000] {logging_mixin.py:190} INFO - [2026-06-17T22:40:14.438+0000] {dag.py:3239} INFO - Sync 1 DAGs
[2026-06-17T22:40:14.453+0000] {logging_mixin.py:190} INFO - [2026-06-17T22:40:14.453+0000] {dag.py:4180} INFO - Setting next_dagrun for extract_raw_data_pipeline to 2026-06-17 07:59:00+00:00, run_after=2026-06-18 07:00:00+00:00
[2026-06-17T22:40:14.467+0000] {processor.py:208} INFO - Processing /opt/airflow/dags/batch_generator.py took 0.140 seconds
[2026-06-17T22:40:44.637+0000] {processor.py:186} INFO - Started process (PID=3732) to work on /opt/airflow/dags/batch_generator.py
[2026-06-17T22:40:44.638+0000] {processor.py:914} INFO - Processing file /opt/airflow/dags/batch_generator.py for tasks to queue
[2026-06-17T22:40:44.639+0000] {logging_mixin.py:190} INFO - [2026-06-17T22:40:44.639+0000] {dagbag.py:588} INFO - Filling up the DagBag from /opt/airflow/dags/batch_generator.py
[2026-06-17T22:40:44.728+0000] {processor.py:925} INFO - DAG(s) 'extract_raw_data_pipeline' retrieved from /opt/airflow/dags/batch_generator.py
[2026-06-17T22:40:44.744+0000] {logging_mixin.py:190} INFO - [2026-06-17T22:40:44.744+0000] {dag.py:3239} INFO - Sync 1 DAGs
[2026-06-17T22:40:44.760+0000] {logging_mixin.py:190} INFO - [2026-06-17T22:40:44.759+0000] {dag.py:4180} INFO - Setting next_dagrun for extract_raw_data_pipeline to 2026-06-17 07:59:00+00:00, run_after=2026-06-18 07:00:00+00:00
[2026-06-17T22:40:44.774+0000] {processor.py:208} INFO - Processing /opt/airflow/dags/batch_generator.py took 0.140 seconds
[2026-06-17T22:41:15.154+0000] {processor.py:186} INFO - Started process (PID=3740) to work on /opt/airflow/dags/batch_generator.py
[2026-06-17T22:41:15.154+0000] {processor.py:914} INFO - Processing file /opt/airflow/dags/batch_generator.py for tasks to queue
[2026-06-17T22:41:15.156+0000] {logging_mixin.py:190} INFO - [2026-06-17T22:41:15.155+0000] {dagbag.py:588} INFO - Filling up the DagBag from /opt/airflow/dags/batch_generator.py
[2026-06-17T22:41:15.247+0000] {processor.py:925} INFO - DAG(s) 'extract_raw_data_pipeline' retrieved from /opt/airflow/dags/batch_generator.py
[2026-06-17T22:41:15.263+0000] {logging_mixin.py:190} INFO - [2026-06-17T22:41:15.263+0000] {dag.py:3239} INFO - Sync 1 DAGs
[2026-06-17T22:41:15.276+0000] {logging_mixin.py:190} INFO - [2026-06-17T22:41:15.276+0000] {dag.py:4180} INFO - Setting next_dagrun for extract_raw_data_pipeline to 2026-06-17 07:59:00+00:00, run_after=2026-06-18 07:00:00+00:00
[2026-06-17T22:41:15.290+0000] {processor.py:208} INFO - Processing /opt/airflow/dags/batch_generator.py took 0.140 seconds
[2026-06-17T22:41:45.497+0000] {processor.py:186} INFO - Started process (PID=3748) to work on /opt/airflow/dags/batch_generator.py
[2026-06-17T22:41:45.498+0000] {processor.py:914} INFO - Processing file /opt/airflow/dags/batch_generator.py for tasks to queue
[2026-06-17T22:41:45.500+0000] {logging_mixin.py:190} INFO - [2026-06-17T22:41:45.499+0000] {dagbag.py:588} INFO - Filling up the DagBag from /opt/airflow/dags/batch_generator.py
[2026-06-17T22:41:45.585+0000] {processor.py:925} INFO - DAG(s) 'extract_raw_data_pipeline' retrieved from /opt/airflow/dags/batch_generator.py
[2026-06-17T22:41:45.601+0000] {logging_mixin.py:190} INFO - [2026-06-17T22:41:45.601+0000] {dag.py:3239} INFO - Sync 1 DAGs
[2026-06-17T22:41:45.615+0000] {logging_mixin.py:190} INFO - [2026-06-17T22:41:45.615+0000] {dag.py:4180} INFO - Setting next_dagrun for extract_raw_data_pipeline to 2026-06-17 07:59:00+00:00, run_after=2026-06-18 07:00:00+00:00
[2026-06-17T22:41:45.627+0000] {processor.py:208} INFO - Processing /opt/airflow/dags/batch_generator.py took 0.133 seconds
[2026-06-17T22:42:15.848+0000] {processor.py:186} INFO - Started process (PID=3756) to work on /opt/airflow/dags/batch_generator.py
[2026-06-17T22:42:15.849+0000] {processor.py:914} INFO - Processing file /opt/airflow/dags/batch_generator.py for tasks to queue
[2026-06-17T22:42:15.851+0000] {logging_mixin.py:190} INFO - [2026-06-17T22:42:15.850+0000] {dagbag.py:588} INFO - Filling up the DagBag from /opt/airflow/dags/batch_generator.py
[2026-06-17T22:42:15.938+0000] {processor.py:925} INFO - DAG(s) 'extract_raw_data_pipeline' retrieved from /opt/airflow/dags/batch_generator.py
[2026-06-17T22:42:15.954+0000] {logging_mixin.py:190} INFO - [2026-06-17T22:42:15.954+0000] {dag.py:3239} INFO - Sync 1 DAGs
[2026-06-17T22:42:15.968+0000] {logging_mixin.py:190} INFO - [2026-06-17T22:42:15.967+0000] {dag.py:4180} INFO - Setting next_dagrun for extract_raw_data_pipeline to 2026-06-17 07:59:00+00:00, run_after=2026-06-18 07:00:00+00:00
[2026-06-17T22:42:15.982+0000] {processor.py:208} INFO - Processing /opt/airflow/dags/batch_generator.py took 0.137 seconds
[2026-06-17T22:42:46.177+0000] {processor.py:186} INFO - Started process (PID=3764) to work on /opt/airflow/dags/batch_generator.py
[2026-06-17T22:42:46.178+0000] {processor.py:914} INFO - Processing file /opt/airflow/dags/batch_generator.py for tasks to queue
[2026-06-17T22:42:46.179+0000] {logging_mixin.py:190} INFO - [2026-06-17T22:42:46.179+0000] {dagbag.py:588} INFO - Filling up the DagBag from /opt/airflow/dags/batch_generator.py
[2026-06-17T22:42:46.271+0000] {processor.py:925} INFO - DAG(s) 'extract_raw_data_pipeline' retrieved from /opt/airflow/dags/batch_generator.py
[2026-06-17T22:42:46.287+0000] {logging_mixin.py:190} INFO - [2026-06-17T22:42:46.287+0000] {dag.py:3239} INFO - Sync 1 DAGs
[2026-06-17T22:42:46.301+0000] {logging_mixin.py:190} INFO - [2026-06-17T22:42:46.301+0000] {dag.py:4180} INFO - Setting next_dagrun for extract_raw_data_pipeline to 2026-06-17 07:59:00+00:00, run_after=2026-06-18 07:00:00+00:00
[2026-06-17T22:42:46.314+0000] {processor.py:208} INFO - Processing /opt/airflow/dags/batch_generator.py took 0.141 seconds
[2026-06-17T22:43:16.556+0000] {processor.py:186} INFO - Started process (PID=3772) to work on /opt/airflow/dags/batch_generator.py
[2026-06-17T22:43:16.557+0000] {processor.py:914} INFO - Processing file /opt/airflow/dags/batch_generator.py for tasks to queue
[2026-06-17T22:43:16.559+0000] {logging_mixin.py:190} INFO - [2026-06-17T22:43:16.558+0000] {dagbag.py:588} INFO - Filling up the DagBag from /opt/airflow/dags/batch_generator.py
[2026-06-17T22:43:16.646+0000] {processor.py:925} INFO - DAG(s) 'extract_raw_data_pipeline' retrieved from /opt/airflow/dags/batch_generator.py
[2026-06-17T22:43:16.662+0000] {logging_mixin.py:190} INFO - [2026-06-17T22:43:16.662+0000] {dag.py:3239} INFO - Sync 1 DAGs
[2026-06-17T22:43:16.675+0000] {logging_mixin.py:190} INFO - [2026-06-17T22:43:16.675+0000] {dag.py:4180} INFO - Setting next_dagrun for extract_raw_data_pipeline to 2026-06-17 07:59:00+00:00, run_after=2026-06-18 07:00:00+00:00
[2026-06-17T22:43:16.688+0000] {processor.py:208} INFO - Processing /opt/airflow/dags/batch_generator.py took 0.135 seconds
[2026-06-17T22:43:46.890+0000] {processor.py:186} INFO - Started process (PID=3780) to work on /opt/airflow/dags/batch_generator.py
[2026-06-17T22:43:46.891+0000] {processor.py:914} INFO - Processing file /opt/airflow/dags/batch_generator.py for tasks to queue
[2026-06-17T22:43:46.893+0000] {logging_mixin.py:190} INFO - [2026-06-17T22:43:46.893+0000] {dagbag.py:588} INFO - Filling up the DagBag from /opt/airflow/dags/batch_generator.py
[2026-06-17T22:43:46.980+0000] {processor.py:925} INFO - DAG(s) 'extract_raw_data_pipeline' retrieved from /opt/airflow/dags/batch_generator.py
[2026-06-17T22:43:46.996+0000] {logging_mixin.py:190} INFO - [2026-06-17T22:43:46.996+0000] {dag.py:3239} INFO - Sync 1 DAGs
[2026-06-17T22:43:47.009+0000] {logging_mixin.py:190} INFO - [2026-06-17T22:43:47.009+0000] {dag.py:4180} INFO - Setting next_dagrun for extract_raw_data_pipeline to 2026-06-17 07:59:00+00:00, run_after=2026-06-18 07:00:00+00:00
[2026-06-17T22:43:47.025+0000] {processor.py:208} INFO - Processing /opt/airflow/dags/batch_generator.py took 0.138 seconds
[2026-06-17T22:44:17.219+0000] {processor.py:186} INFO - Started process (PID=3788) to work on /opt/airflow/dags/batch_generator.py
[2026-06-17T22:44:17.219+0000] {processor.py:914} INFO - Processing file /opt/airflow/dags/batch_generator.py for tasks to queue
[2026-06-17T22:44:17.221+0000] {logging_mixin.py:190} INFO - [2026-06-17T22:44:17.221+0000] {dagbag.py:588} INFO - Filling up the DagBag from /opt/airflow/dags/batch_generator.py
[2026-06-17T22:44:17.307+0000] {processor.py:925} INFO - DAG(s) 'extract_raw_data_pipeline' retrieved from /opt/airflow/dags/batch_generator.py
[2026-06-17T22:44:17.323+0000] {logging_mixin.py:190} INFO - [2026-06-17T22:44:17.323+0000] {dag.py:3239} INFO - Sync 1 DAGs
[2026-06-17T22:44:17.337+0000] {logging_mixin.py:190} INFO - [2026-06-17T22:44:17.337+0000] {dag.py:4180} INFO - Setting next_dagrun for extract_raw_data_pipeline to 2026-06-17 07:59:00+00:00, run_after=2026-06-18 07:00:00+00:00
[2026-06-17T22:44:17.360+0000] {processor.py:208} INFO - Processing /opt/airflow/dags/batch_generator.py took 0.145 seconds
[2026-06-17T22:44:47.577+0000] {processor.py:186} INFO - Started process (PID=3797) to work on /opt/airflow/dags/batch_generator.py
[2026-06-17T22:44:47.578+0000] {processor.py:914} INFO - Processing file /opt/airflow/dags/batch_generator.py for tasks to queue
[2026-06-17T22:44:47.579+0000] {logging_mixin.py:190} INFO - [2026-06-17T22:44:47.579+0000] {dagbag.py:588} INFO - Filling up the DagBag from /opt/airflow/dags/batch_generator.py
[2026-06-17T22:44:47.665+0000] {processor.py:925} INFO - DAG(s) 'extract_raw_data_pipeline' retrieved from /opt/airflow/dags/batch_generator.py
[2026-06-17T22:44:47.681+0000] {logging_mixin.py:190} INFO - [2026-06-17T22:44:47.681+0000] {dag.py:3239} INFO - Sync 1 DAGs
[2026-06-17T22:44:47.695+0000] {logging_mixin.py:190} INFO - [2026-06-17T22:44:47.695+0000] {dag.py:4180} INFO - Setting next_dagrun for extract_raw_data_pipeline to 2026-06-17 07:59:00+00:00, run_after=2026-06-18 07:00:00+00:00
[2026-06-17T22:44:47.710+0000] {processor.py:208} INFO - Processing /opt/airflow/dags/batch_generator.py took 0.137 seconds
[2026-06-17T22:45:17.952+0000] {processor.py:186} INFO - Started process (PID=3805) to work on /opt/airflow/dags/batch_generator.py
[2026-06-17T22:45:17.952+0000] {processor.py:914} INFO - Processing file /opt/airflow/dags/batch_generator.py for tasks to queue
[2026-06-17T22:45:17.954+0000] {logging_mixin.py:190} INFO - [2026-06-17T22:45:17.954+0000] {dagbag.py:588} INFO - Filling up the DagBag from /opt/airflow/dags/batch_generator.py
[2026-06-17T22:45:18.045+0000] {processor.py:925} INFO - DAG(s) 'extract_raw_data_pipeline' retrieved from /opt/airflow/dags/batch_generator.py
[2026-06-17T22:45:18.062+0000] {logging_mixin.py:190} INFO - [2026-06-17T22:45:18.062+0000] {dag.py:3239} INFO - Sync 1 DAGs
[2026-06-17T22:45:18.076+0000] {logging_mixin.py:190} INFO - [2026-06-17T22:45:18.075+0000] {dag.py:4180} INFO - Setting next_dagrun for extract_raw_data_pipeline to 2026-06-17 07:59:00+00:00, run_after=2026-06-18 07:00:00+00:00
[2026-06-17T22:45:18.089+0000] {processor.py:208} INFO - Processing /opt/airflow/dags/batch_generator.py took 0.141 seconds
[2026-06-17T22:45:48.400+0000] {processor.py:186} INFO - Started process (PID=3814) to work on /opt/airflow/dags/batch_generator.py
[2026-06-17T22:45:48.401+0000] {processor.py:914} INFO - Processing file /opt/airflow/dags/batch_generator.py for tasks to queue
[2026-06-17T22:45:48.402+0000] {logging_mixin.py:190} INFO - [2026-06-17T22:45:48.402+0000] {dagbag.py:588} INFO - Filling up the DagBag from /opt/airflow/dags/batch_generator.py
[2026-06-17T22:45:48.496+0000] {processor.py:925} INFO - DAG(s) 'extract_raw_data_pipeline' retrieved from /opt/airflow/dags/batch_generator.py
[2026-06-17T22:45:48.511+0000] {logging_mixin.py:190} INFO - [2026-06-17T22:45:48.511+0000] {dag.py:3239} INFO - Sync 1 DAGs
[2026-06-17T22:45:48.525+0000] {logging_mixin.py:190} INFO - [2026-06-17T22:45:48.525+0000] {dag.py:4180} INFO - Setting next_dagrun for extract_raw_data_pipeline to 2026-06-17 07:59:00+00:00, run_after=2026-06-18 07:00:00+00:00
[2026-06-17T22:45:48.538+0000] {processor.py:208} INFO - Processing /opt/airflow/dags/batch_generator.py took 0.142 seconds
[2026-06-17T22:46:18.665+0000] {processor.py:186} INFO - Started process (PID=3822) to work on /opt/airflow/dags/batch_generator.py
[2026-06-17T22:46:18.665+0000] {processor.py:914} INFO - Processing file /opt/airflow/dags/batch_generator.py for tasks to queue
[2026-06-17T22:46:18.667+0000] {logging_mixin.py:190} INFO - [2026-06-17T22:46:18.667+0000] {dagbag.py:588} INFO - Filling up the DagBag from /opt/airflow/dags/batch_generator.py
[2026-06-17T22:46:18.764+0000] {processor.py:925} INFO - DAG(s) 'extract_raw_data_pipeline' retrieved from /opt/airflow/dags/batch_generator.py
[2026-06-17T22:46:18.781+0000] {logging_mixin.py:190} INFO - [2026-06-17T22:46:18.781+0000] {dag.py:3239} INFO - Sync 1 DAGs
[2026-06-17T22:46:18.795+0000] {logging_mixin.py:190} INFO - [2026-06-17T22:46:18.794+0000] {dag.py:4180} INFO - Setting next_dagrun for extract_raw_data_pipeline to 2026-06-17 07:59:00+00:00, run_after=2026-06-18 07:00:00+00:00
[2026-06-17T22:46:18.811+0000] {processor.py:208} INFO - Processing /opt/airflow/dags/batch_generator.py took 0.150 seconds
[2026-06-17T22:46:49.184+0000] {processor.py:186} INFO - Started process (PID=3830) to work on /opt/airflow/dags/batch_generator.py
[2026-06-17T22:46:49.184+0000] {processor.py:914} INFO - Processing file /opt/airflow/dags/batch_generator.py for tasks to queue
[2026-06-17T22:46:49.186+0000] {logging_mixin.py:190} INFO - [2026-06-17T22:46:49.186+0000] {dagbag.py:588} INFO - Filling up the DagBag from /opt/airflow/dags/batch_generator.py
[2026-06-17T22:46:49.276+0000] {processor.py:925} INFO - DAG(s) 'extract_raw_data_pipeline' retrieved from /opt/airflow/dags/batch_generator.py
[2026-06-17T22:46:49.291+0000] {logging_mixin.py:190} INFO - [2026-06-17T22:46:49.291+0000] {dag.py:3239} INFO - Sync 1 DAGs
[2026-06-17T22:46:49.305+0000] {logging_mixin.py:190} INFO - [2026-06-17T22:46:49.305+0000] {dag.py:4180} INFO - Setting next_dagrun for extract_raw_data_pipeline to 2026-06-17 07:59:00+00:00, run_after=2026-06-18 07:00:00+00:00
[2026-06-17T22:46:49.317+0000] {processor.py:208} INFO - Processing /opt/airflow/dags/batch_generator.py took 0.136 seconds
[2026-06-17T22:47:19.556+0000] {processor.py:186} INFO - Started process (PID=3838) to work on /opt/airflow/dags/batch_generator.py
[2026-06-17T22:47:19.556+0000] {processor.py:914} INFO - Processing file /opt/airflow/dags/batch_generator.py for tasks to queue
[2026-06-17T22:47:19.558+0000] {logging_mixin.py:190} INFO - [2026-06-17T22:47:19.558+0000] {dagbag.py:588} INFO - Filling up the DagBag from /opt/airflow/dags/batch_generator.py
[2026-06-17T22:47:19.647+0000] {processor.py:925} INFO - DAG(s) 'extract_raw_data_pipeline' retrieved from /opt/airflow/dags/batch_generator.py
[2026-06-17T22:47:19.662+0000] {logging_mixin.py:190} INFO - [2026-06-17T22:47:19.662+0000] {dag.py:3239} INFO - Sync 1 DAGs
[2026-06-17T22:47:19.675+0000] {logging_mixin.py:190} INFO - [2026-06-17T22:47:19.675+0000] {dag.py:4180} INFO - Setting next_dagrun for extract_raw_data_pipeline to 2026-06-17 07:59:00+00:00, run_after=2026-06-18 07:00:00+00:00
[2026-06-17T22:47:19.689+0000] {processor.py:208} INFO - Processing /opt/airflow/dags/batch_generator.py took 0.137 seconds
[2026-06-17T22:47:49.876+0000] {processor.py:186} INFO - Started process (PID=3846) to work on /opt/airflow/dags/batch_generator.py
[2026-06-17T22:47:49.877+0000] {processor.py:914} INFO - Processing file /opt/airflow/dags/batch_generator.py for tasks to queue
[2026-06-17T22:47:49.879+0000] {logging_mixin.py:190} INFO - [2026-06-17T22:47:49.878+0000] {dagbag.py:588} INFO - Filling up the DagBag from /opt/airflow/dags/batch_generator.py
[2026-06-17T22:47:49.966+0000] {processor.py:925} INFO - DAG(s) 'extract_raw_data_pipeline' retrieved from /opt/airflow/dags/batch_generator.py
[2026-06-17T22:47:49.982+0000] {logging_mixin.py:190} INFO - [2026-06-17T22:47:49.982+0000] {dag.py:3239} INFO - Sync 1 DAGs
[2026-06-17T22:47:49.996+0000] {logging_mixin.py:190} INFO - [2026-06-17T22:47:49.996+0000] {dag.py:4180} INFO - Setting next_dagrun for extract_raw_data_pipeline to 2026-06-17 07:59:00+00:00, run_after=2026-06-18 07:00:00+00:00
[2026-06-17T22:47:50.013+0000] {processor.py:208} INFO - Processing /opt/airflow/dags/batch_generator.py took 0.141 seconds
[2026-06-17T22:48:20.295+0000] {processor.py:186} INFO - Started process (PID=3854) to work on /opt/airflow/dags/batch_generator.py
[2026-06-17T22:48:20.295+0000] {processor.py:914} INFO - Processing file /opt/airflow/dags/batch_generator.py for tasks to queue
[2026-06-17T22:48:20.297+0000] {logging_mixin.py:190} INFO - [2026-06-17T22:48:20.297+0000] {dagbag.py:588} INFO - Filling up the DagBag from /opt/airflow/dags/batch_generator.py
[2026-06-17T22:48:20.383+0000] {processor.py:925} INFO - DAG(s) 'extract_raw_data_pipeline' retrieved from /opt/airflow/dags/batch_generator.py
[2026-06-17T22:48:20.398+0000] {logging_mixin.py:190} INFO - [2026-06-17T22:48:20.398+0000] {dag.py:3239} INFO - Sync 1 DAGs
[2026-06-17T22:48:20.412+0000] {logging_mixin.py:190} INFO - [2026-06-17T22:48:20.412+0000] {dag.py:4180} INFO - Setting next_dagrun for extract_raw_data_pipeline to 2026-06-17 07:59:00+00:00, run_after=2026-06-18 07:00:00+00:00
[2026-06-17T22:48:20.426+0000] {processor.py:208} INFO - Processing /opt/airflow/dags/batch_generator.py took 0.134 seconds
[2026-06-17T22:48:50.614+0000] {processor.py:186} INFO - Started process (PID=3861) to work on /opt/airflow/dags/batch_generator.py
[2026-06-17T22:48:50.615+0000] {processor.py:914} INFO - Processing file /opt/airflow/dags/batch_generator.py for tasks to queue
[2026-06-17T22:48:50.617+0000] {logging_mixin.py:190} INFO - [2026-06-17T22:48:50.616+0000] {dagbag.py:588} INFO - Filling up the DagBag from /opt/airflow/dags/batch_generator.py
[2026-06-17T22:48:50.704+0000] {processor.py:925} INFO - DAG(s) 'extract_raw_data_pipeline' retrieved from /opt/airflow/dags/batch_generator.py
[2026-06-17T22:48:50.721+0000] {logging_mixin.py:190} INFO - [2026-06-17T22:48:50.721+0000] {dag.py:3239} INFO - Sync 1 DAGs
[2026-06-17T22:48:50.735+0000] {logging_mixin.py:190} INFO - [2026-06-17T22:48:50.735+0000] {dag.py:4180} INFO - Setting next_dagrun for extract_raw_data_pipeline to 2026-06-17 07:59:00+00:00, run_after=2026-06-18 07:00:00+00:00
[2026-06-17T22:48:50.749+0000] {processor.py:208} INFO - Processing /opt/airflow/dags/batch_generator.py took 0.138 seconds
[2026-06-17T22:49:20.930+0000] {processor.py:186} INFO - Started process (PID=3869) to work on /opt/airflow/dags/batch_generator.py
[2026-06-17T22:49:20.930+0000] {processor.py:914} INFO - Processing file /opt/airflow/dags/batch_generator.py for tasks to queue
[2026-06-17T22:49:20.932+0000] {logging_mixin.py:190} INFO - [2026-06-17T22:49:20.931+0000] {dagbag.py:588} INFO - Filling up the DagBag from /opt/airflow/dags/batch_generator.py
[2026-06-17T22:49:21.018+0000] {processor.py:925} INFO - DAG(s) 'extract_raw_data_pipeline' retrieved from /opt/airflow/dags/batch_generator.py
[2026-06-17T22:49:21.033+0000] {logging_mixin.py:190} INFO - [2026-06-17T22:49:21.033+0000] {dag.py:3239} INFO - Sync 1 DAGs
[2026-06-17T22:49:21.045+0000] {logging_mixin.py:190} INFO - [2026-06-17T22:49:21.045+0000] {dag.py:4180} INFO - Setting next_dagrun for extract_raw_data_pipeline to 2026-06-17 07:59:00+00:00, run_after=2026-06-18 07:00:00+00:00
[2026-06-17T22:49:21.058+0000] {processor.py:208} INFO - Processing /opt/airflow/dags/batch_generator.py took 0.132 seconds
[2026-06-17T22:49:51.289+0000] {processor.py:186} INFO - Started process (PID=3877) to work on /opt/airflow/dags/batch_generator.py
[2026-06-17T22:49:51.290+0000] {processor.py:914} INFO - Processing file /opt/airflow/dags/batch_generator.py for tasks to queue
[2026-06-17T22:49:51.292+0000] {logging_mixin.py:190} INFO - [2026-06-17T22:49:51.291+0000] {dagbag.py:588} INFO - Filling up the DagBag from /opt/airflow/dags/batch_generator.py
[2026-06-17T22:49:51.389+0000] {processor.py:925} INFO - DAG(s) 'extract_raw_data_pipeline' retrieved from /opt/airflow/dags/batch_generator.py
[2026-06-17T22:49:51.404+0000] {logging_mixin.py:190} INFO - [2026-06-17T22:49:51.404+0000] {dag.py:3239} INFO - Sync 1 DAGs
[2026-06-17T22:49:51.418+0000] {logging_mixin.py:190} INFO - [2026-06-17T22:49:51.418+0000] {dag.py:4180} INFO - Setting next_dagrun for extract_raw_data_pipeline to 2026-06-17 07:59:00+00:00, run_after=2026-06-18 07:00:00+00:00
[2026-06-17T22:49:51.434+0000] {processor.py:208} INFO - Processing /opt/airflow/dags/batch_generator.py took 0.149 seconds
[2026-06-17T22:50:21.616+0000] {processor.py:186} INFO - Started process (PID=3885) to work on /opt/airflow/dags/batch_generator.py
[2026-06-17T22:50:21.617+0000] {processor.py:914} INFO - Processing file /opt/airflow/dags/batch_generator.py for tasks to queue
[2026-06-17T22:50:21.619+0000] {logging_mixin.py:190} INFO - [2026-06-17T22:50:21.619+0000] {dagbag.py:588} INFO - Filling up the DagBag from /opt/airflow/dags/batch_generator.py
[2026-06-17T22:50:21.715+0000] {processor.py:925} INFO - DAG(s) 'extract_raw_data_pipeline' retrieved from /opt/airflow/dags/batch_generator.py
[2026-06-17T22:50:21.729+0000] {logging_mixin.py:190} INFO - [2026-06-17T22:50:21.729+0000] {dag.py:3239} INFO - Sync 1 DAGs
[2026-06-17T22:50:21.742+0000] {logging_mixin.py:190} INFO - [2026-06-17T22:50:21.742+0000] {dag.py:4180} INFO - Setting next_dagrun for extract_raw_data_pipeline to 2026-06-17 07:59:00+00:00, run_after=2026-06-18 07:00:00+00:00
[2026-06-17T22:50:21.755+0000] {processor.py:208} INFO - Processing /opt/airflow/dags/batch_generator.py took 0.143 seconds
[2026-06-17T22:50:52.014+0000] {processor.py:186} INFO - Started process (PID=3893) to work on /opt/airflow/dags/batch_generator.py
[2026-06-17T22:50:52.015+0000] {processor.py:914} INFO - Processing file /opt/airflow/dags/batch_generator.py for tasks to queue
[2026-06-17T22:50:52.016+0000] {logging_mixin.py:190} INFO - [2026-06-17T22:50:52.016+0000] {dagbag.py:588} INFO - Filling up the DagBag from /opt/airflow/dags/batch_generator.py
[2026-06-17T22:50:52.110+0000] {processor.py:925} INFO - DAG(s) 'extract_raw_data_pipeline' retrieved from /opt/airflow/dags/batch_generator.py
[2026-06-17T22:50:52.125+0000] {logging_mixin.py:190} INFO - [2026-06-17T22:50:52.125+0000] {dag.py:3239} INFO - Sync 1 DAGs
[2026-06-17T22:50:52.140+0000] {logging_mixin.py:190} INFO - [2026-06-17T22:50:52.140+0000] {dag.py:4180} INFO - Setting next_dagrun for extract_raw_data_pipeline to 2026-06-17 07:59:00+00:00, run_after=2026-06-18 07:00:00+00:00
[2026-06-17T22:50:52.153+0000] {processor.py:208} INFO - Processing /opt/airflow/dags/batch_generator.py took 0.143 seconds
[2026-06-17T22:51:22.577+0000] {processor.py:186} INFO - Started process (PID=3901) to work on /opt/airflow/dags/batch_generator.py
[2026-06-17T22:51:22.577+0000] {processor.py:914} INFO - Processing file /opt/airflow/dags/batch_generator.py for tasks to queue
[2026-06-17T22:51:22.579+0000] {logging_mixin.py:190} INFO - [2026-06-17T22:51:22.579+0000] {dagbag.py:588} INFO - Filling up the DagBag from /opt/airflow/dags/batch_generator.py
[2026-06-17T22:51:22.665+0000] {processor.py:925} INFO - DAG(s) 'extract_raw_data_pipeline' retrieved from /opt/airflow/dags/batch_generator.py
[2026-06-17T22:51:22.680+0000] {logging_mixin.py:190} INFO - [2026-06-17T22:51:22.680+0000] {dag.py:3239} INFO - Sync 1 DAGs
[2026-06-17T22:51:22.692+0000] {logging_mixin.py:190} INFO - [2026-06-17T22:51:22.692+0000] {dag.py:4180} INFO - Setting next_dagrun for extract_raw_data_pipeline to 2026-06-17 07:59:00+00:00, run_after=2026-06-18 07:00:00+00:00
[2026-06-17T22:51:22.706+0000] {processor.py:208} INFO - Processing /opt/airflow/dags/batch_generator.py took 0.133 seconds
[2026-06-17T22:51:52.867+0000] {processor.py:186} INFO - Started process (PID=3909) to work on /opt/airflow/dags/batch_generator.py
[2026-06-17T22:51:52.871+0000] {processor.py:914} INFO - Processing file /opt/airflow/dags/batch_generator.py for tasks to queue
[2026-06-17T22:51:52.872+0000] {logging_mixin.py:190} INFO - [2026-06-17T22:51:52.872+0000] {dagbag.py:588} INFO - Filling up the DagBag from /opt/airflow/dags/batch_generator.py
[2026-06-17T22:51:52.964+0000] {processor.py:925} INFO - DAG(s) 'extract_raw_data_pipeline' retrieved from /opt/airflow/dags/batch_generator.py
[2026-06-17T22:51:52.981+0000] {logging_mixin.py:190} INFO - [2026-06-17T22:51:52.981+0000] {dag.py:3239} INFO - Sync 1 DAGs
[2026-06-17T22:51:52.995+0000] {logging_mixin.py:190} INFO - [2026-06-17T22:51:52.994+0000] {dag.py:4180} INFO - Setting next_dagrun for extract_raw_data_pipeline to 2026-06-17 07:59:00+00:00, run_after=2026-06-18 07:00:00+00:00
[2026-06-17T22:51:53.009+0000] {processor.py:208} INFO - Processing /opt/airflow/dags/batch_generator.py took 0.146 seconds
[2026-06-17T22:52:23.360+0000] {processor.py:186} INFO - Started process (PID=3917) to work on /opt/airflow/dags/batch_generator.py
[2026-06-17T22:52:23.360+0000] {processor.py:914} INFO - Processing file /opt/airflow/dags/batch_generator.py for tasks to queue
[2026-06-17T22:52:23.362+0000] {logging_mixin.py:190} INFO - [2026-06-17T22:52:23.362+0000] {dagbag.py:588} INFO - Filling up the DagBag from /opt/airflow/dags/batch_generator.py
[2026-06-17T22:52:23.451+0000] {processor.py:925} INFO - DAG(s) 'extract_raw_data_pipeline' retrieved from /opt/airflow/dags/batch_generator.py
[2026-06-17T22:52:23.467+0000] {logging_mixin.py:190} INFO - [2026-06-17T22:52:23.467+0000] {dag.py:3239} INFO - Sync 1 DAGs
[2026-06-17T22:52:23.480+0000] {logging_mixin.py:190} INFO - [2026-06-17T22:52:23.480+0000] {dag.py:4180} INFO - Setting next_dagrun for extract_raw_data_pipeline to 2026-06-17 07:59:00+00:00, run_after=2026-06-18 07:00:00+00:00
[2026-06-17T22:52:23.497+0000] {processor.py:208} INFO - Processing /opt/airflow/dags/batch_generator.py took 0.140 seconds
[2026-06-17T22:52:53.641+0000] {processor.py:186} INFO - Started process (PID=3925) to work on /opt/airflow/dags/batch_generator.py
[2026-06-17T22:52:53.642+0000] {processor.py:914} INFO - Processing file /opt/airflow/dags/batch_generator.py for tasks to queue
[2026-06-17T22:52:53.643+0000] {logging_mixin.py:190} INFO - [2026-06-17T22:52:53.643+0000] {dagbag.py:588} INFO - Filling up the DagBag from /opt/airflow/dags/batch_generator.py
[2026-06-17T22:52:53.730+0000] {processor.py:925} INFO - DAG(s) 'extract_raw_data_pipeline' retrieved from /opt/airflow/dags/batch_generator.py
[2026-06-17T22:52:53.751+0000] {logging_mixin.py:190} INFO - [2026-06-17T22:52:53.751+0000] {dag.py:3239} INFO - Sync 1 DAGs
[2026-06-17T22:52:53.766+0000] {logging_mixin.py:190} INFO - [2026-06-17T22:52:53.766+0000] {dag.py:4180} INFO - Setting next_dagrun for extract_raw_data_pipeline to 2026-06-17 07:59:00+00:00, run_after=2026-06-18 07:00:00+00:00
[2026-06-17T22:52:53.780+0000] {processor.py:208} INFO - Processing /opt/airflow/dags/batch_generator.py took 0.142 seconds
[2026-06-17T22:53:24.075+0000] {processor.py:186} INFO - Started process (PID=3933) to work on /opt/airflow/dags/batch_generator.py
[2026-06-17T22:53:24.075+0000] {processor.py:914} INFO - Processing file /opt/airflow/dags/batch_generator.py for tasks to queue
[2026-06-17T22:53:24.077+0000] {logging_mixin.py:190} INFO - [2026-06-17T22:53:24.077+0000] {dagbag.py:588} INFO - Filling up the DagBag from /opt/airflow/dags/batch_generator.py
[2026-06-17T22:53:24.166+0000] {processor.py:925} INFO - DAG(s) 'extract_raw_data_pipeline' retrieved from /opt/airflow/dags/batch_generator.py
[2026-06-17T22:53:24.182+0000] {logging_mixin.py:190} INFO - [2026-06-17T22:53:24.182+0000] {dag.py:3239} INFO - Sync 1 DAGs
[2026-06-17T22:53:24.195+0000] {logging_mixin.py:190} INFO - [2026-06-17T22:53:24.195+0000] {dag.py:4180} INFO - Setting next_dagrun for extract_raw_data_pipeline to 2026-06-17 07:59:00+00:00, run_after=2026-06-18 07:00:00+00:00
[2026-06-17T22:53:24.209+0000] {processor.py:208} INFO - Processing /opt/airflow/dags/batch_generator.py took 0.138 seconds
[2026-06-17T22:53:54.467+0000] {processor.py:186} INFO - Started process (PID=3941) to work on /opt/airflow/dags/batch_generator.py
[2026-06-17T22:53:54.468+0000] {processor.py:914} INFO - Processing file /opt/airflow/dags/batch_generator.py for tasks to queue
[2026-06-17T22:53:54.470+0000] {logging_mixin.py:190} INFO - [2026-06-17T22:53:54.470+0000] {dagbag.py:588} INFO - Filling up the DagBag from /opt/airflow/dags/batch_generator.py
[2026-06-17T22:53:54.567+0000] {processor.py:925} INFO - DAG(s) 'extract_raw_data_pipeline' retrieved from /opt/airflow/dags/batch_generator.py
[2026-06-17T22:53:54.582+0000] {logging_mixin.py:190} INFO - [2026-06-17T22:53:54.582+0000] {dag.py:3239} INFO - Sync 1 DAGs
[2026-06-17T22:53:54.594+0000] {logging_mixin.py:190} INFO - [2026-06-17T22:53:54.594+0000] {dag.py:4180} INFO - Setting next_dagrun for extract_raw_data_pipeline to 2026-06-17 07:59:00+00:00, run_after=2026-06-18 07:00:00+00:00
[2026-06-17T22:53:54.605+0000] {processor.py:208} INFO - Processing /opt/airflow/dags/batch_generator.py took 0.141 seconds
[2026-06-17T22:54:24.800+0000] {processor.py:186} INFO - Started process (PID=3949) to work on /opt/airflow/dags/batch_generator.py
[2026-06-17T22:54:24.801+0000] {processor.py:914} INFO - Processing file /opt/airflow/dags/batch_generator.py for tasks to queue
[2026-06-17T22:54:24.802+0000] {logging_mixin.py:190} INFO - [2026-06-17T22:54:24.802+0000] {dagbag.py:588} INFO - Filling up the DagBag from /opt/airflow/dags/batch_generator.py
[2026-06-17T22:54:24.887+0000] {processor.py:925} INFO - DAG(s) 'extract_raw_data_pipeline' retrieved from /opt/airflow/dags/batch_generator.py
[2026-06-17T22:54:24.901+0000] {logging_mixin.py:190} INFO - [2026-06-17T22:54:24.901+0000] {dag.py:3239} INFO - Sync 1 DAGs
[2026-06-17T22:54:24.913+0000] {logging_mixin.py:190} INFO - [2026-06-17T22:54:24.913+0000] {dag.py:4180} INFO - Setting next_dagrun for extract_raw_data_pipeline to 2026-06-17 07:59:00+00:00, run_after=2026-06-18 07:00:00+00:00
[2026-06-17T22:54:24.926+0000] {processor.py:208} INFO - Processing /opt/airflow/dags/batch_generator.py took 0.129 seconds
[2026-06-17T22:54:55.190+0000] {processor.py:186} INFO - Started process (PID=3957) to work on /opt/airflow/dags/batch_generator.py
[2026-06-17T22:54:55.191+0000] {processor.py:914} INFO - Processing file /opt/airflow/dags/batch_generator.py for tasks to queue
[2026-06-17T22:54:55.193+0000] {logging_mixin.py:190} INFO - [2026-06-17T22:54:55.192+0000] {dagbag.py:588} INFO - Filling up the DagBag from /opt/airflow/dags/batch_generator.py
[2026-06-17T22:54:55.279+0000] {processor.py:925} INFO - DAG(s) 'extract_raw_data_pipeline' retrieved from /opt/airflow/dags/batch_generator.py
[2026-06-17T22:54:55.295+0000] {logging_mixin.py:190} INFO - [2026-06-17T22:54:55.295+0000] {dag.py:3239} INFO - Sync 1 DAGs
[2026-06-17T22:54:55.310+0000] {logging_mixin.py:190} INFO - [2026-06-17T22:54:55.309+0000] {dag.py:4180} INFO - Setting next_dagrun for extract_raw_data_pipeline to 2026-06-17 07:59:00+00:00, run_after=2026-06-18 07:00:00+00:00
[2026-06-17T22:54:55.323+0000] {processor.py:208} INFO - Processing /opt/airflow/dags/batch_generator.py took 0.136 seconds
[2026-06-17T22:55:25.527+0000] {processor.py:186} INFO - Started process (PID=3965) to work on /opt/airflow/dags/batch_generator.py
[2026-06-17T22:55:25.528+0000] {processor.py:914} INFO - Processing file /opt/airflow/dags/batch_generator.py for tasks to queue
[2026-06-17T22:55:25.529+0000] {logging_mixin.py:190} INFO - [2026-06-17T22:55:25.529+0000] {dagbag.py:588} INFO - Filling up the DagBag from /opt/airflow/dags/batch_generator.py
[2026-06-17T22:55:25.621+0000] {processor.py:925} INFO - DAG(s) 'extract_raw_data_pipeline' retrieved from /opt/airflow/dags/batch_generator.py
[2026-06-17T22:55:25.637+0000] {logging_mixin.py:190} INFO - [2026-06-17T22:55:25.636+0000] {dag.py:3239} INFO - Sync 1 DAGs
[2026-06-17T22:55:25.651+0000] {logging_mixin.py:190} INFO - [2026-06-17T22:55:25.650+0000] {dag.py:4180} INFO - Setting next_dagrun for extract_raw_data_pipeline to 2026-06-17 07:59:00+00:00, run_after=2026-06-18 07:00:00+00:00
[2026-06-17T22:55:25.664+0000] {processor.py:208} INFO - Processing /opt/airflow/dags/batch_generator.py took 0.140 seconds
[2026-06-17T22:55:55.924+0000] {processor.py:186} INFO - Started process (PID=3973) to work on /opt/airflow/dags/batch_generator.py
[2026-06-17T22:55:55.925+0000] {processor.py:914} INFO - Processing file /opt/airflow/dags/batch_generator.py for tasks to queue
[2026-06-17T22:55:55.927+0000] {logging_mixin.py:190} INFO - [2026-06-17T22:55:55.926+0000] {dagbag.py:588} INFO - Filling up the DagBag from /opt/airflow/dags/batch_generator.py
[2026-06-17T22:55:56.018+0000] {processor.py:925} INFO - DAG(s) 'extract_raw_data_pipeline' retrieved from /opt/airflow/dags/batch_generator.py
[2026-06-17T22:55:56.034+0000] {logging_mixin.py:190} INFO - [2026-06-17T22:55:56.034+0000] {dag.py:3239} INFO - Sync 1 DAGs
[2026-06-17T22:55:56.048+0000] {logging_mixin.py:190} INFO - [2026-06-17T22:55:56.048+0000] {dag.py:4180} INFO - Setting next_dagrun for extract_raw_data_pipeline to 2026-06-17 07:59:00+00:00, run_after=2026-06-18 07:00:00+00:00
[2026-06-17T22:55:56.062+0000] {processor.py:208} INFO - Processing /opt/airflow/dags/batch_generator.py took 0.141 seconds
[2026-06-17T22:56:26.228+0000] {processor.py:186} INFO - Started process (PID=3981) to work on /opt/airflow/dags/batch_generator.py
[2026-06-17T22:56:26.228+0000] {processor.py:914} INFO - Processing file /opt/airflow/dags/batch_generator.py for tasks to queue
[2026-06-17T22:56:26.230+0000] {logging_mixin.py:190} INFO - [2026-06-17T22:56:26.230+0000] {dagbag.py:588} INFO - Filling up the DagBag from /opt/airflow/dags/batch_generator.py
[2026-06-17T22:56:26.315+0000] {processor.py:925} INFO - DAG(s) 'extract_raw_data_pipeline' retrieved from /opt/airflow/dags/batch_generator.py
[2026-06-17T22:56:26.332+0000] {logging_mixin.py:190} INFO - [2026-06-17T22:56:26.332+0000] {dag.py:3239} INFO - Sync 1 DAGs
[2026-06-17T22:56:26.346+0000] {logging_mixin.py:190} INFO - [2026-06-17T22:56:26.346+0000] {dag.py:4180} INFO - Setting next_dagrun for extract_raw_data_pipeline to 2026-06-17 07:59:00+00:00, run_after=2026-06-18 07:00:00+00:00
[2026-06-17T22:56:26.359+0000] {processor.py:208} INFO - Processing /opt/airflow/dags/batch_generator.py took 0.134 seconds
[2026-06-17T22:56:56.851+0000] {processor.py:186} INFO - Started process (PID=3989) to work on /opt/airflow/dags/batch_generator.py
[2026-06-17T22:56:56.852+0000] {processor.py:914} INFO - Processing file /opt/airflow/dags/batch_generator.py for tasks to queue
[2026-06-17T22:56:56.855+0000] {logging_mixin.py:190} INFO - [2026-06-17T22:56:56.855+0000] {dagbag.py:588} INFO - Filling up the DagBag from /opt/airflow/dags/batch_generator.py
[2026-06-17T22:56:56.944+0000] {processor.py:925} INFO - DAG(s) 'extract_raw_data_pipeline' retrieved from /opt/airflow/dags/batch_generator.py
[2026-06-17T22:56:56.959+0000] {logging_mixin.py:190} INFO - [2026-06-17T22:56:56.959+0000] {dag.py:3239} INFO - Sync 1 DAGs
[2026-06-17T22:56:56.973+0000] {logging_mixin.py:190} INFO - [2026-06-17T22:56:56.973+0000] {dag.py:4180} INFO - Setting next_dagrun for extract_raw_data_pipeline to 2026-06-17 07:59:00+00:00, run_after=2026-06-18 07:00:00+00:00
[2026-06-17T22:56:56.988+0000] {processor.py:208} INFO - Processing /opt/airflow/dags/batch_generator.py took 0.145 seconds
[2026-06-17T22:57:27.263+0000] {processor.py:186} INFO - Started process (PID=3997) to work on /opt/airflow/dags/batch_generator.py
[2026-06-17T22:57:27.264+0000] {processor.py:914} INFO - Processing file /opt/airflow/dags/batch_generator.py for tasks to queue
[2026-06-17T22:57:27.266+0000] {logging_mixin.py:190} INFO - [2026-06-17T22:57:27.265+0000] {dagbag.py:588} INFO - Filling up the DagBag from /opt/airflow/dags/batch_generator.py
[2026-06-17T22:57:27.355+0000] {processor.py:925} INFO - DAG(s) 'extract_raw_data_pipeline' retrieved from /opt/airflow/dags/batch_generator.py
[2026-06-17T22:57:27.374+0000] {logging_mixin.py:190} INFO - [2026-06-17T22:57:27.374+0000] {dag.py:3239} INFO - Sync 1 DAGs
[2026-06-17T22:57:27.390+0000] {logging_mixin.py:190} INFO - [2026-06-17T22:57:27.390+0000] {dag.py:4180} INFO - Setting next_dagrun for extract_raw_data_pipeline to 2026-06-17 07:59:00+00:00, run_after=2026-06-18 07:00:00+00:00
[2026-06-17T22:57:27.412+0000] {processor.py:208} INFO - Processing /opt/airflow/dags/batch_generator.py took 0.153 seconds
[2026-06-17T22:57:57.508+0000] {processor.py:186} INFO - Started process (PID=4005) to work on /opt/airflow/dags/batch_generator.py
[2026-06-17T22:57:57.508+0000] {processor.py:914} INFO - Processing file /opt/airflow/dags/batch_generator.py for tasks to queue
[2026-06-17T22:57:57.510+0000] {logging_mixin.py:190} INFO - [2026-06-17T22:57:57.510+0000] {dagbag.py:588} INFO - Filling up the DagBag from /opt/airflow/dags/batch_generator.py
[2026-06-17T22:57:57.612+0000] {processor.py:925} INFO - DAG(s) 'extract_raw_data_pipeline' retrieved from /opt/airflow/dags/batch_generator.py
[2026-06-17T22:57:57.631+0000] {logging_mixin.py:190} INFO - [2026-06-17T22:57:57.631+0000] {dag.py:3239} INFO - Sync 1 DAGs
[2026-06-17T22:57:57.647+0000] {logging_mixin.py:190} INFO - [2026-06-17T22:57:57.647+0000] {dag.py:4180} INFO - Setting next_dagrun for extract_raw_data_pipeline to 2026-06-17 07:59:00+00:00, run_after=2026-06-18 07:00:00+00:00
[2026-06-17T22:57:57.661+0000] {processor.py:208} INFO - Processing /opt/airflow/dags/batch_generator.py took 0.158 seconds
[2026-06-17T22:58:27.876+0000] {processor.py:186} INFO - Started process (PID=4013) to work on /opt/airflow/dags/batch_generator.py
[2026-06-17T22:58:27.877+0000] {processor.py:914} INFO - Processing file /opt/airflow/dags/batch_generator.py for tasks to queue
[2026-06-17T22:58:27.879+0000] {logging_mixin.py:190} INFO - [2026-06-17T22:58:27.878+0000] {dagbag.py:588} INFO - Filling up the DagBag from /opt/airflow/dags/batch_generator.py
[2026-06-17T22:58:27.976+0000] {processor.py:925} INFO - DAG(s) 'extract_raw_data_pipeline' retrieved from /opt/airflow/dags/batch_generator.py
[2026-06-17T22:58:27.992+0000] {logging_mixin.py:190} INFO - [2026-06-17T22:58:27.992+0000] {dag.py:3239} INFO - Sync 1 DAGs
[2026-06-17T22:58:28.005+0000] {logging_mixin.py:190} INFO - [2026-06-17T22:58:28.005+0000] {dag.py:4180} INFO - Setting next_dagrun for extract_raw_data_pipeline to 2026-06-17 07:59:00+00:00, run_after=2026-06-18 07:00:00+00:00
[2026-06-17T22:58:28.019+0000] {processor.py:208} INFO - Processing /opt/airflow/dags/batch_generator.py took 0.146 seconds
[2026-06-17T22:58:58.185+0000] {processor.py:186} INFO - Started process (PID=4021) to work on /opt/airflow/dags/batch_generator.py
[2026-06-17T22:58:58.186+0000] {processor.py:914} INFO - Processing file /opt/airflow/dags/batch_generator.py for tasks to queue
[2026-06-17T22:58:58.188+0000] {logging_mixin.py:190} INFO - [2026-06-17T22:58:58.188+0000] {dagbag.py:588} INFO - Filling up the DagBag from /opt/airflow/dags/batch_generator.py
[2026-06-17T22:58:58.287+0000] {processor.py:925} INFO - DAG(s) 'extract_raw_data_pipeline' retrieved from /opt/airflow/dags/batch_generator.py
[2026-06-17T22:58:58.304+0000] {logging_mixin.py:190} INFO - [2026-06-17T22:58:58.304+0000] {dag.py:3239} INFO - Sync 1 DAGs
[2026-06-17T22:58:58.319+0000] {logging_mixin.py:190} INFO - [2026-06-17T22:58:58.319+0000] {dag.py:4180} INFO - Setting next_dagrun for extract_raw_data_pipeline to 2026-06-17 07:59:00+00:00, run_after=2026-06-18 07:00:00+00:00
[2026-06-17T22:58:58.333+0000] {processor.py:208} INFO - Processing /opt/airflow/dags/batch_generator.py took 0.152 seconds
[2026-06-17T22:59:28.510+0000] {processor.py:186} INFO - Started process (PID=4029) to work on /opt/airflow/dags/batch_generator.py
[2026-06-17T22:59:28.511+0000] {processor.py:914} INFO - Processing file /opt/airflow/dags/batch_generator.py for tasks to queue
[2026-06-17T22:59:28.513+0000] {logging_mixin.py:190} INFO - [2026-06-17T22:59:28.513+0000] {dagbag.py:588} INFO - Filling up the DagBag from /opt/airflow/dags/batch_generator.py
[2026-06-17T22:59:28.638+0000] {processor.py:925} INFO - DAG(s) 'extract_raw_data_pipeline' retrieved from /opt/airflow/dags/batch_generator.py
[2026-06-17T22:59:28.660+0000] {logging_mixin.py:190} INFO - [2026-06-17T22:59:28.660+0000] {dag.py:3239} INFO - Sync 1 DAGs
[2026-06-17T22:59:28.677+0000] {logging_mixin.py:190} INFO - [2026-06-17T22:59:28.677+0000] {dag.py:4180} INFO - Setting next_dagrun for extract_raw_data_pipeline to 2026-06-17 07:59:00+00:00, run_after=2026-06-18 07:00:00+00:00
[2026-06-17T22:59:28.696+0000] {processor.py:208} INFO - Processing /opt/airflow/dags/batch_generator.py took 0.190 seconds
[2026-06-17T22:59:58.913+0000] {processor.py:186} INFO - Started process (PID=4037) to work on /opt/airflow/dags/batch_generator.py
[2026-06-17T22:59:58.914+0000] {processor.py:914} INFO - Processing file /opt/airflow/dags/batch_generator.py for tasks to queue
[2026-06-17T22:59:58.915+0000] {logging_mixin.py:190} INFO - [2026-06-17T22:59:58.915+0000] {dagbag.py:588} INFO - Filling up the DagBag from /opt/airflow/dags/batch_generator.py
[2026-06-17T22:59:59.019+0000] {processor.py:925} INFO - DAG(s) 'extract_raw_data_pipeline' retrieved from /opt/airflow/dags/batch_generator.py
[2026-06-17T22:59:59.035+0000] {logging_mixin.py:190} INFO - [2026-06-17T22:59:59.035+0000] {dag.py:3239} INFO - Sync 1 DAGs
[2026-06-17T22:59:59.049+0000] {logging_mixin.py:190} INFO - [2026-06-17T22:59:59.049+0000] {dag.py:4180} INFO - Setting next_dagrun for extract_raw_data_pipeline to 2026-06-17 07:59:00+00:00, run_after=2026-06-18 07:00:00+00:00
[2026-06-17T22:59:59.061+0000] {processor.py:208} INFO - Processing /opt/airflow/dags/batch_generator.py took 0.152 seconds
[2026-06-17T23:00:29.252+0000] {processor.py:186} INFO - Started process (PID=4045) to work on /opt/airflow/dags/batch_generator.py
[2026-06-17T23:00:29.253+0000] {processor.py:914} INFO - Processing file /opt/airflow/dags/batch_generator.py for tasks to queue
[2026-06-17T23:00:29.254+0000] {logging_mixin.py:190} INFO - [2026-06-17T23:00:29.254+0000] {dagbag.py:588} INFO - Filling up the DagBag from /opt/airflow/dags/batch_generator.py
[2026-06-17T23:00:29.358+0000] {processor.py:925} INFO - DAG(s) 'extract_raw_data_pipeline' retrieved from /opt/airflow/dags/batch_generator.py
[2026-06-17T23:00:29.374+0000] {logging_mixin.py:190} INFO - [2026-06-17T23:00:29.374+0000] {dag.py:3239} INFO - Sync 1 DAGs
[2026-06-17T23:00:29.387+0000] {logging_mixin.py:190} INFO - [2026-06-17T23:00:29.387+0000] {dag.py:4180} INFO - Setting next_dagrun for extract_raw_data_pipeline to 2026-06-17 07:59:00+00:00, run_after=2026-06-18 07:00:00+00:00
[2026-06-17T23:00:29.400+0000] {processor.py:208} INFO - Processing /opt/airflow/dags/batch_generator.py took 0.152 seconds
[2026-06-17T23:00:59.693+0000] {processor.py:186} INFO - Started process (PID=4053) to work on /opt/airflow/dags/batch_generator.py
[2026-06-17T23:00:59.694+0000] {processor.py:914} INFO - Processing file /opt/airflow/dags/batch_generator.py for tasks to queue
[2026-06-17T23:00:59.695+0000] {logging_mixin.py:190} INFO - [2026-06-17T23:00:59.695+0000] {dagbag.py:588} INFO - Filling up the DagBag from /opt/airflow/dags/batch_generator.py
[2026-06-17T23:00:59.800+0000] {processor.py:925} INFO - DAG(s) 'extract_raw_data_pipeline' retrieved from /opt/airflow/dags/batch_generator.py
[2026-06-17T23:00:59.818+0000] {logging_mixin.py:190} INFO - [2026-06-17T23:00:59.818+0000] {dag.py:3239} INFO - Sync 1 DAGs
[2026-06-17T23:00:59.834+0000] {logging_mixin.py:190} INFO - [2026-06-17T23:00:59.834+0000] {dag.py:4180} INFO - Setting next_dagrun for extract_raw_data_pipeline to 2026-06-17 07:59:00+00:00, run_after=2026-06-18 07:00:00+00:00
[2026-06-17T23:00:59.848+0000] {processor.py:208} INFO - Processing /opt/airflow/dags/batch_generator.py took 0.158 seconds
[2026-06-17T23:01:29.988+0000] {processor.py:186} INFO - Started process (PID=4061) to work on /opt/airflow/dags/batch_generator.py
[2026-06-17T23:01:29.989+0000] {processor.py:914} INFO - Processing file /opt/airflow/dags/batch_generator.py for tasks to queue
[2026-06-17T23:01:29.990+0000] {logging_mixin.py:190} INFO - [2026-06-17T23:01:29.990+0000] {dagbag.py:588} INFO - Filling up the DagBag from /opt/airflow/dags/batch_generator.py
[2026-06-17T23:01:30.082+0000] {processor.py:925} INFO - DAG(s) 'extract_raw_data_pipeline' retrieved from /opt/airflow/dags/batch_generator.py
[2026-06-17T23:01:30.102+0000] {logging_mixin.py:190} INFO - [2026-06-17T23:01:30.102+0000] {dag.py:3239} INFO - Sync 1 DAGs
[2026-06-17T23:01:30.120+0000] {logging_mixin.py:190} INFO - [2026-06-17T23:01:30.120+0000] {dag.py:4180} INFO - Setting next_dagrun for extract_raw_data_pipeline to 2026-06-17 07:59:00+00:00, run_after=2026-06-18 07:00:00+00:00
[2026-06-17T23:01:30.135+0000] {processor.py:208} INFO - Processing /opt/airflow/dags/batch_generator.py took 0.151 seconds
[2026-06-17T23:02:00.345+0000] {processor.py:186} INFO - Started process (PID=4069) to work on /opt/airflow/dags/batch_generator.py
[2026-06-17T23:02:00.345+0000] {processor.py:914} INFO - Processing file /opt/airflow/dags/batch_generator.py for tasks to queue
[2026-06-17T23:02:00.347+0000] {logging_mixin.py:190} INFO - [2026-06-17T23:02:00.346+0000] {dagbag.py:588} INFO - Filling up the DagBag from /opt/airflow/dags/batch_generator.py
[2026-06-17T23:02:00.440+0000] {processor.py:925} INFO - DAG(s) 'extract_raw_data_pipeline' retrieved from /opt/airflow/dags/batch_generator.py
[2026-06-17T23:02:00.456+0000] {logging_mixin.py:190} INFO - [2026-06-17T23:02:00.456+0000] {dag.py:3239} INFO - Sync 1 DAGs
[2026-06-17T23:02:00.470+0000] {logging_mixin.py:190} INFO - [2026-06-17T23:02:00.470+0000] {dag.py:4180} INFO - Setting next_dagrun for extract_raw_data_pipeline to 2026-06-17 07:59:00+00:00, run_after=2026-06-18 07:00:00+00:00
[2026-06-17T23:02:00.484+0000] {processor.py:208} INFO - Processing /opt/airflow/dags/batch_generator.py took 0.143 seconds
[2026-06-17T23:02:30.641+0000] {processor.py:186} INFO - Started process (PID=4077) to work on /opt/airflow/dags/batch_generator.py
[2026-06-17T23:02:30.642+0000] {processor.py:914} INFO - Processing file /opt/airflow/dags/batch_generator.py for tasks to queue
[2026-06-17T23:02:30.644+0000] {logging_mixin.py:190} INFO - [2026-06-17T23:02:30.644+0000] {dagbag.py:588} INFO - Filling up the DagBag from /opt/airflow/dags/batch_generator.py
[2026-06-17T23:02:30.747+0000] {processor.py:925} INFO - DAG(s) 'extract_raw_data_pipeline' retrieved from /opt/airflow/dags/batch_generator.py
[2026-06-17T23:02:30.795+0000] {logging_mixin.py:190} INFO - [2026-06-17T23:02:30.794+0000] {dag.py:3239} INFO - Sync 1 DAGs
[2026-06-17T23:02:30.809+0000] {logging_mixin.py:190} INFO - [2026-06-17T23:02:30.809+0000] {dag.py:4180} INFO - Setting next_dagrun for extract_raw_data_pipeline to 2026-06-17 07:59:00+00:00, run_after=2026-06-18 07:00:00+00:00
[2026-06-17T23:02:30.823+0000] {processor.py:208} INFO - Processing /opt/airflow/dags/batch_generator.py took 0.186 seconds
[2026-06-17T23:03:01.016+0000] {processor.py:186} INFO - Started process (PID=4085) to work on /opt/airflow/dags/batch_generator.py
[2026-06-17T23:03:01.017+0000] {processor.py:914} INFO - Processing file /opt/airflow/dags/batch_generator.py for tasks to queue
[2026-06-17T23:03:01.019+0000] {logging_mixin.py:190} INFO - [2026-06-17T23:03:01.019+0000] {dagbag.py:588} INFO - Filling up the DagBag from /opt/airflow/dags/batch_generator.py
[2026-06-17T23:03:01.126+0000] {processor.py:925} INFO - DAG(s) 'extract_raw_data_pipeline' retrieved from /opt/airflow/dags/batch_generator.py
[2026-06-17T23:03:01.142+0000] {logging_mixin.py:190} INFO - [2026-06-17T23:03:01.142+0000] {dag.py:3239} INFO - Sync 1 DAGs
[2026-06-17T23:03:01.156+0000] {logging_mixin.py:190} INFO - [2026-06-17T23:03:01.156+0000] {dag.py:4180} INFO - Setting next_dagrun for extract_raw_data_pipeline to 2026-06-17 07:59:00+00:00, run_after=2026-06-18 07:00:00+00:00
[2026-06-17T23:03:01.171+0000] {processor.py:208} INFO - Processing /opt/airflow/dags/batch_generator.py took 0.160 seconds
[2026-06-17T23:03:31.398+0000] {processor.py:186} INFO - Started process (PID=4093) to work on /opt/airflow/dags/batch_generator.py
[2026-06-17T23:03:31.399+0000] {processor.py:914} INFO - Processing file /opt/airflow/dags/batch_generator.py for tasks to queue
[2026-06-17T23:03:31.401+0000] {logging_mixin.py:190} INFO - [2026-06-17T23:03:31.400+0000] {dagbag.py:588} INFO - Filling up the DagBag from /opt/airflow/dags/batch_generator.py
[2026-06-17T23:03:31.485+0000] {processor.py:925} INFO - DAG(s) 'extract_raw_data_pipeline' retrieved from /opt/airflow/dags/batch_generator.py
[2026-06-17T23:03:31.500+0000] {logging_mixin.py:190} INFO - [2026-06-17T23:03:31.500+0000] {dag.py:3239} INFO - Sync 1 DAGs
[2026-06-17T23:03:31.512+0000] {logging_mixin.py:190} INFO - [2026-06-17T23:03:31.512+0000] {dag.py:4180} INFO - Setting next_dagrun for extract_raw_data_pipeline to 2026-06-17 07:59:00+00:00, run_after=2026-06-18 07:00:00+00:00
[2026-06-17T23:03:31.524+0000] {processor.py:208} INFO - Processing /opt/airflow/dags/batch_generator.py took 0.129 seconds
[2026-06-17T23:04:01.702+0000] {processor.py:186} INFO - Started process (PID=4101) to work on /opt/airflow/dags/batch_generator.py
[2026-06-17T23:04:01.703+0000] {processor.py:914} INFO - Processing file /opt/airflow/dags/batch_generator.py for tasks to queue
[2026-06-17T23:04:01.705+0000] {logging_mixin.py:190} INFO - [2026-06-17T23:04:01.705+0000] {dagbag.py:588} INFO - Filling up the DagBag from /opt/airflow/dags/batch_generator.py
[2026-06-17T23:04:01.805+0000] {processor.py:925} INFO - DAG(s) 'extract_raw_data_pipeline' retrieved from /opt/airflow/dags/batch_generator.py
[2026-06-17T23:04:01.821+0000] {logging_mixin.py:190} INFO - [2026-06-17T23:04:01.821+0000] {dag.py:3239} INFO - Sync 1 DAGs
[2026-06-17T23:04:01.835+0000] {logging_mixin.py:190} INFO - [2026-06-17T23:04:01.835+0000] {dag.py:4180} INFO - Setting next_dagrun for extract_raw_data_pipeline to 2026-06-17 07:59:00+00:00, run_after=2026-06-18 07:00:00+00:00
[2026-06-17T23:04:01.849+0000] {processor.py:208} INFO - Processing /opt/airflow/dags/batch_generator.py took 0.151 seconds
[2026-06-17T23:04:32.026+0000] {processor.py:186} INFO - Started process (PID=4109) to work on /opt/airflow/dags/batch_generator.py
[2026-06-17T23:04:32.027+0000] {processor.py:914} INFO - Processing file /opt/airflow/dags/batch_generator.py for tasks to queue
[2026-06-17T23:04:32.028+0000] {logging_mixin.py:190} INFO - [2026-06-17T23:04:32.028+0000] {dagbag.py:588} INFO - Filling up the DagBag from /opt/airflow/dags/batch_generator.py
[2026-06-17T23:04:32.121+0000] {processor.py:925} INFO - DAG(s) 'extract_raw_data_pipeline' retrieved from /opt/airflow/dags/batch_generator.py
[2026-06-17T23:04:32.138+0000] {logging_mixin.py:190} INFO - [2026-06-17T23:04:32.138+0000] {dag.py:3239} INFO - Sync 1 DAGs
[2026-06-17T23:04:32.152+0000] {logging_mixin.py:190} INFO - [2026-06-17T23:04:32.152+0000] {dag.py:4180} INFO - Setting next_dagrun for extract_raw_data_pipeline to 2026-06-17 07:59:00+00:00, run_after=2026-06-18 07:00:00+00:00
[2026-06-17T23:04:32.169+0000] {processor.py:208} INFO - Processing /opt/airflow/dags/batch_generator.py took 0.147 seconds
[2026-06-17T23:05:02.469+0000] {processor.py:186} INFO - Started process (PID=4117) to work on /opt/airflow/dags/batch_generator.py
[2026-06-17T23:05:02.470+0000] {processor.py:914} INFO - Processing file /opt/airflow/dags/batch_generator.py for tasks to queue
[2026-06-17T23:05:02.472+0000] {logging_mixin.py:190} INFO - [2026-06-17T23:05:02.472+0000] {dagbag.py:588} INFO - Filling up the DagBag from /opt/airflow/dags/batch_generator.py
[2026-06-17T23:05:02.573+0000] {processor.py:925} INFO - DAG(s) 'extract_raw_data_pipeline' retrieved from /opt/airflow/dags/batch_generator.py
[2026-06-17T23:05:02.589+0000] {logging_mixin.py:190} INFO - [2026-06-17T23:05:02.589+0000] {dag.py:3239} INFO - Sync 1 DAGs
[2026-06-17T23:05:02.604+0000] {logging_mixin.py:190} INFO - [2026-06-17T23:05:02.603+0000] {dag.py:4180} INFO - Setting next_dagrun for extract_raw_data_pipeline to 2026-06-17 07:59:00+00:00, run_after=2026-06-18 07:00:00+00:00
[2026-06-17T23:05:02.617+0000] {processor.py:208} INFO - Processing /opt/airflow/dags/batch_generator.py took 0.151 seconds
[2026-06-17T23:05:32.747+0000] {processor.py:186} INFO - Started process (PID=4125) to work on /opt/airflow/dags/batch_generator.py
[2026-06-17T23:05:32.748+0000] {processor.py:914} INFO - Processing file /opt/airflow/dags/batch_generator.py for tasks to queue
[2026-06-17T23:05:32.750+0000] {logging_mixin.py:190} INFO - [2026-06-17T23:05:32.750+0000] {dagbag.py:588} INFO - Filling up the DagBag from /opt/airflow/dags/batch_generator.py
[2026-06-17T23:05:32.853+0000] {processor.py:925} INFO - DAG(s) 'extract_raw_data_pipeline' retrieved from /opt/airflow/dags/batch_generator.py
[2026-06-17T23:05:32.869+0000] {logging_mixin.py:190} INFO - [2026-06-17T23:05:32.869+0000] {dag.py:3239} INFO - Sync 1 DAGs
[2026-06-17T23:05:32.882+0000] {logging_mixin.py:190} INFO - [2026-06-17T23:05:32.882+0000] {dag.py:4180} INFO - Setting next_dagrun for extract_raw_data_pipeline to 2026-06-17 07:59:00+00:00, run_after=2026-06-18 07:00:00+00:00
[2026-06-17T23:05:32.896+0000] {processor.py:208} INFO - Processing /opt/airflow/dags/batch_generator.py took 0.153 seconds
[2026-06-17T23:06:03.147+0000] {processor.py:186} INFO - Started process (PID=4133) to work on /opt/airflow/dags/batch_generator.py
[2026-06-17T23:06:03.148+0000] {processor.py:914} INFO - Processing file /opt/airflow/dags/batch_generator.py for tasks to queue
[2026-06-17T23:06:03.150+0000] {logging_mixin.py:190} INFO - [2026-06-17T23:06:03.150+0000] {dagbag.py:588} INFO - Filling up the DagBag from /opt/airflow/dags/batch_generator.py
[2026-06-17T23:06:03.251+0000] {processor.py:925} INFO - DAG(s) 'extract_raw_data_pipeline' retrieved from /opt/airflow/dags/batch_generator.py
[2026-06-17T23:06:03.266+0000] {logging_mixin.py:190} INFO - [2026-06-17T23:06:03.266+0000] {dag.py:3239} INFO - Sync 1 DAGs
[2026-06-17T23:06:03.280+0000] {logging_mixin.py:190} INFO - [2026-06-17T23:06:03.280+0000] {dag.py:4180} INFO - Setting next_dagrun for extract_raw_data_pipeline to 2026-06-17 07:59:00+00:00, run_after=2026-06-18 07:00:00+00:00
[2026-06-17T23:06:03.297+0000] {processor.py:208} INFO - Processing /opt/airflow/dags/batch_generator.py took 0.154 seconds
[2026-06-17T23:06:33.511+0000] {processor.py:186} INFO - Started process (PID=4142) to work on /opt/airflow/dags/batch_generator.py
[2026-06-17T23:06:33.511+0000] {processor.py:914} INFO - Processing file /opt/airflow/dags/batch_generator.py for tasks to queue
[2026-06-17T23:06:33.513+0000] {logging_mixin.py:190} INFO - [2026-06-17T23:06:33.513+0000] {dagbag.py:588} INFO - Filling up the DagBag from /opt/airflow/dags/batch_generator.py
[2026-06-17T23:06:33.603+0000] {processor.py:925} INFO - DAG(s) 'extract_raw_data_pipeline' retrieved from /opt/airflow/dags/batch_generator.py
[2026-06-17T23:06:33.619+0000] {logging_mixin.py:190} INFO - [2026-06-17T23:06:33.619+0000] {dag.py:3239} INFO - Sync 1 DAGs
[2026-06-17T23:06:33.632+0000] {logging_mixin.py:190} INFO - [2026-06-17T23:06:33.632+0000] {dag.py:4180} INFO - Setting next_dagrun for extract_raw_data_pipeline to 2026-06-17 07:59:00+00:00, run_after=2026-06-18 07:00:00+00:00
[2026-06-17T23:06:33.646+0000] {processor.py:208} INFO - Processing /opt/airflow/dags/batch_generator.py took 0.139 seconds
[2026-06-17T23:07:03.834+0000] {processor.py:186} INFO - Started process (PID=4155) to work on /opt/airflow/dags/batch_generator.py
[2026-06-17T23:07:03.835+0000] {processor.py:914} INFO - Processing file /opt/airflow/dags/batch_generator.py for tasks to queue
[2026-06-17T23:07:03.837+0000] {logging_mixin.py:190} INFO - [2026-06-17T23:07:03.837+0000] {dagbag.py:588} INFO - Filling up the DagBag from /opt/airflow/dags/batch_generator.py
[2026-06-17T23:07:03.936+0000] {processor.py:925} INFO - DAG(s) 'extract_raw_data_pipeline' retrieved from /opt/airflow/dags/batch_generator.py
[2026-06-17T23:07:03.952+0000] {logging_mixin.py:190} INFO - [2026-06-17T23:07:03.951+0000] {dag.py:3239} INFO - Sync 1 DAGs
[2026-06-17T23:07:03.965+0000] {logging_mixin.py:190} INFO - [2026-06-17T23:07:03.965+0000] {dag.py:4180} INFO - Setting next_dagrun for extract_raw_data_pipeline to 2026-06-17 07:59:00+00:00, run_after=2026-06-18 07:00:00+00:00
[2026-06-17T23:07:03.978+0000] {processor.py:208} INFO - Processing /opt/airflow/dags/batch_generator.py took 0.147 seconds
[2026-06-17T23:07:34.137+0000] {processor.py:186} INFO - Started process (PID=4163) to work on /opt/airflow/dags/batch_generator.py
[2026-06-17T23:07:34.137+0000] {processor.py:914} INFO - Processing file /opt/airflow/dags/batch_generator.py for tasks to queue
[2026-06-17T23:07:34.139+0000] {logging_mixin.py:190} INFO - [2026-06-17T23:07:34.138+0000] {dagbag.py:588} INFO - Filling up the DagBag from /opt/airflow/dags/batch_generator.py
[2026-06-17T23:07:34.231+0000] {processor.py:925} INFO - DAG(s) 'extract_raw_data_pipeline' retrieved from /opt/airflow/dags/batch_generator.py
[2026-06-17T23:07:34.250+0000] {logging_mixin.py:190} INFO - [2026-06-17T23:07:34.250+0000] {dag.py:3239} INFO - Sync 1 DAGs
[2026-06-17T23:07:34.265+0000] {logging_mixin.py:190} INFO - [2026-06-17T23:07:34.265+0000] {dag.py:4180} INFO - Setting next_dagrun for extract_raw_data_pipeline to 2026-06-17 07:59:00+00:00, run_after=2026-06-18 07:00:00+00:00
[2026-06-17T23:07:34.280+0000] {processor.py:208} INFO - Processing /opt/airflow/dags/batch_generator.py took 0.147 seconds
[2026-06-17T23:08:04.572+0000] {processor.py:186} INFO - Started process (PID=4171) to work on /opt/airflow/dags/batch_generator.py
[2026-06-17T23:08:04.573+0000] {processor.py:914} INFO - Processing file /opt/airflow/dags/batch_generator.py for tasks to queue
[2026-06-17T23:08:04.574+0000] {logging_mixin.py:190} INFO - [2026-06-17T23:08:04.574+0000] {dagbag.py:588} INFO - Filling up the DagBag from /opt/airflow/dags/batch_generator.py
[2026-06-17T23:08:04.668+0000] {processor.py:925} INFO - DAG(s) 'extract_raw_data_pipeline' retrieved from /opt/airflow/dags/batch_generator.py
[2026-06-17T23:08:04.685+0000] {logging_mixin.py:190} INFO - [2026-06-17T23:08:04.684+0000] {dag.py:3239} INFO - Sync 1 DAGs
[2026-06-17T23:08:04.699+0000] {logging_mixin.py:190} INFO - [2026-06-17T23:08:04.699+0000] {dag.py:4180} INFO - Setting next_dagrun for extract_raw_data_pipeline to 2026-06-17 07:59:00+00:00, run_after=2026-06-18 07:00:00+00:00
[2026-06-17T23:08:04.712+0000] {processor.py:208} INFO - Processing /opt/airflow/dags/batch_generator.py took 0.144 seconds
[2026-06-17T23:08:34.800+0000] {processor.py:186} INFO - Started process (PID=4179) to work on /opt/airflow/dags/batch_generator.py
[2026-06-17T23:08:34.800+0000] {processor.py:914} INFO - Processing file /opt/airflow/dags/batch_generator.py for tasks to queue
[2026-06-17T23:08:34.802+0000] {logging_mixin.py:190} INFO - [2026-06-17T23:08:34.802+0000] {dagbag.py:588} INFO - Filling up the DagBag from /opt/airflow/dags/batch_generator.py
[2026-06-17T23:08:34.893+0000] {processor.py:925} INFO - DAG(s) 'extract_raw_data_pipeline' retrieved from /opt/airflow/dags/batch_generator.py
[2026-06-17T23:08:34.910+0000] {logging_mixin.py:190} INFO - [2026-06-17T23:08:34.910+0000] {dag.py:3239} INFO - Sync 1 DAGs
[2026-06-17T23:08:34.925+0000] {logging_mixin.py:190} INFO - [2026-06-17T23:08:34.925+0000] {dag.py:4180} INFO - Setting next_dagrun for extract_raw_data_pipeline to 2026-06-17 07:59:00+00:00, run_after=2026-06-18 07:00:00+00:00
[2026-06-17T23:08:34.945+0000] {processor.py:208} INFO - Processing /opt/airflow/dags/batch_generator.py took 0.149 seconds
[2026-06-17T23:09:05.042+0000] {processor.py:186} INFO - Started process (PID=4187) to work on /opt/airflow/dags/batch_generator.py
[2026-06-17T23:09:05.043+0000] {processor.py:914} INFO - Processing file /opt/airflow/dags/batch_generator.py for tasks to queue
[2026-06-17T23:09:05.045+0000] {logging_mixin.py:190} INFO - [2026-06-17T23:09:05.044+0000] {dagbag.py:588} INFO - Filling up the DagBag from /opt/airflow/dags/batch_generator.py
[2026-06-17T23:09:05.137+0000] {processor.py:925} INFO - DAG(s) 'extract_raw_data_pipeline' retrieved from /opt/airflow/dags/batch_generator.py
[2026-06-17T23:09:05.153+0000] {logging_mixin.py:190} INFO - [2026-06-17T23:09:05.153+0000] {dag.py:3239} INFO - Sync 1 DAGs
[2026-06-17T23:09:05.167+0000] {logging_mixin.py:190} INFO - [2026-06-17T23:09:05.166+0000] {dag.py:4180} INFO - Setting next_dagrun for extract_raw_data_pipeline to 2026-06-17 07:59:00+00:00, run_after=2026-06-18 07:00:00+00:00
[2026-06-17T23:09:05.180+0000] {processor.py:208} INFO - Processing /opt/airflow/dags/batch_generator.py took 0.141 seconds
[2026-06-17T23:09:35.292+0000] {processor.py:186} INFO - Started process (PID=4195) to work on /opt/airflow/dags/batch_generator.py
[2026-06-17T23:09:35.292+0000] {processor.py:914} INFO - Processing file /opt/airflow/dags/batch_generator.py for tasks to queue
[2026-06-17T23:09:35.294+0000] {logging_mixin.py:190} INFO - [2026-06-17T23:09:35.294+0000] {dagbag.py:588} INFO - Filling up the DagBag from /opt/airflow/dags/batch_generator.py
[2026-06-17T23:09:35.386+0000] {processor.py:925} INFO - DAG(s) 'extract_raw_data_pipeline' retrieved from /opt/airflow/dags/batch_generator.py
[2026-06-17T23:09:35.404+0000] {logging_mixin.py:190} INFO - [2026-06-17T23:09:35.404+0000] {dag.py:3239} INFO - Sync 1 DAGs
[2026-06-17T23:09:35.419+0000] {logging_mixin.py:190} INFO - [2026-06-17T23:09:35.419+0000] {dag.py:4180} INFO - Setting next_dagrun for extract_raw_data_pipeline to 2026-06-17 07:59:00+00:00, run_after=2026-06-18 07:00:00+00:00
[2026-06-17T23:09:35.432+0000] {processor.py:208} INFO - Processing /opt/airflow/dags/batch_generator.py took 0.144 seconds
[2026-06-17T23:10:05.553+0000] {processor.py:186} INFO - Started process (PID=4203) to work on /opt/airflow/dags/batch_generator.py
[2026-06-17T23:10:05.554+0000] {processor.py:914} INFO - Processing file /opt/airflow/dags/batch_generator.py for tasks to queue
[2026-06-17T23:10:05.556+0000] {logging_mixin.py:190} INFO - [2026-06-17T23:10:05.555+0000] {dagbag.py:588} INFO - Filling up the DagBag from /opt/airflow/dags/batch_generator.py
[2026-06-17T23:10:05.649+0000] {processor.py:925} INFO - DAG(s) 'extract_raw_data_pipeline' retrieved from /opt/airflow/dags/batch_generator.py
[2026-06-17T23:10:05.666+0000] {logging_mixin.py:190} INFO - [2026-06-17T23:10:05.666+0000] {dag.py:3239} INFO - Sync 1 DAGs
[2026-06-17T23:10:05.681+0000] {logging_mixin.py:190} INFO - [2026-06-17T23:10:05.681+0000] {dag.py:4180} INFO - Setting next_dagrun for extract_raw_data_pipeline to 2026-06-17 07:59:00+00:00, run_after=2026-06-18 07:00:00+00:00
[2026-06-17T23:10:05.695+0000] {processor.py:208} INFO - Processing /opt/airflow/dags/batch_generator.py took 0.145 seconds
[2026-06-17T23:10:35.953+0000] {processor.py:186} INFO - Started process (PID=4211) to work on /opt/airflow/dags/batch_generator.py
[2026-06-17T23:10:35.953+0000] {processor.py:914} INFO - Processing file /opt/airflow/dags/batch_generator.py for tasks to queue
[2026-06-17T23:10:35.955+0000] {logging_mixin.py:190} INFO - [2026-06-17T23:10:35.955+0000] {dagbag.py:588} INFO - Filling up the DagBag from /opt/airflow/dags/batch_generator.py
[2026-06-17T23:10:36.048+0000] {processor.py:925} INFO - DAG(s) 'extract_raw_data_pipeline' retrieved from /opt/airflow/dags/batch_generator.py
[2026-06-17T23:10:36.065+0000] {logging_mixin.py:190} INFO - [2026-06-17T23:10:36.065+0000] {dag.py:3239} INFO - Sync 1 DAGs
[2026-06-17T23:10:36.079+0000] {logging_mixin.py:190} INFO - [2026-06-17T23:10:36.079+0000] {dag.py:4180} INFO - Setting next_dagrun for extract_raw_data_pipeline to 2026-06-17 07:59:00+00:00, run_after=2026-06-18 07:00:00+00:00
[2026-06-17T23:10:36.093+0000] {processor.py:208} INFO - Processing /opt/airflow/dags/batch_generator.py took 0.144 seconds
[2026-06-17T23:11:06.302+0000] {processor.py:186} INFO - Started process (PID=4219) to work on /opt/airflow/dags/batch_generator.py
[2026-06-17T23:11:06.302+0000] {processor.py:914} INFO - Processing file /opt/airflow/dags/batch_generator.py for tasks to queue
[2026-06-17T23:11:06.304+0000] {logging_mixin.py:190} INFO - [2026-06-17T23:11:06.304+0000] {dagbag.py:588} INFO - Filling up the DagBag from /opt/airflow/dags/batch_generator.py
[2026-06-17T23:11:06.398+0000] {processor.py:925} INFO - DAG(s) 'extract_raw_data_pipeline' retrieved from /opt/airflow/dags/batch_generator.py
[2026-06-17T23:11:06.414+0000] {logging_mixin.py:190} INFO - [2026-06-17T23:11:06.414+0000] {dag.py:3239} INFO - Sync 1 DAGs
[2026-06-17T23:11:06.429+0000] {logging_mixin.py:190} INFO - [2026-06-17T23:11:06.429+0000] {dag.py:4180} INFO - Setting next_dagrun for extract_raw_data_pipeline to 2026-06-17 07:59:00+00:00, run_after=2026-06-18 07:00:00+00:00
[2026-06-17T23:11:06.443+0000] {processor.py:208} INFO - Processing /opt/airflow/dags/batch_generator.py took 0.145 seconds
[2026-06-17T23:11:36.757+0000] {processor.py:186} INFO - Started process (PID=4227) to work on /opt/airflow/dags/batch_generator.py
[2026-06-17T23:11:36.757+0000] {processor.py:914} INFO - Processing file /opt/airflow/dags/batch_generator.py for tasks to queue
[2026-06-17T23:11:36.759+0000] {logging_mixin.py:190} INFO - [2026-06-17T23:11:36.758+0000] {dagbag.py:588} INFO - Filling up the DagBag from /opt/airflow/dags/batch_generator.py
[2026-06-17T23:11:36.849+0000] {processor.py:925} INFO - DAG(s) 'extract_raw_data_pipeline' retrieved from /opt/airflow/dags/batch_generator.py
[2026-06-17T23:11:36.867+0000] {logging_mixin.py:190} INFO - [2026-06-17T23:11:36.866+0000] {dag.py:3239} INFO - Sync 1 DAGs
[2026-06-17T23:11:36.881+0000] {logging_mixin.py:190} INFO - [2026-06-17T23:11:36.881+0000] {dag.py:4180} INFO - Setting next_dagrun for extract_raw_data_pipeline to 2026-06-17 07:59:00+00:00, run_after=2026-06-18 07:00:00+00:00
[2026-06-17T23:11:36.894+0000] {processor.py:208} INFO - Processing /opt/airflow/dags/batch_generator.py took 0.141 seconds
[2026-06-17T23:12:07.045+0000] {processor.py:186} INFO - Started process (PID=4235) to work on /opt/airflow/dags/batch_generator.py
[2026-06-17T23:12:07.045+0000] {processor.py:914} INFO - Processing file /opt/airflow/dags/batch_generator.py for tasks to queue
[2026-06-17T23:12:07.047+0000] {logging_mixin.py:190} INFO - [2026-06-17T23:12:07.047+0000] {dagbag.py:588} INFO - Filling up the DagBag from /opt/airflow/dags/batch_generator.py
[2026-06-17T23:12:07.139+0000] {processor.py:925} INFO - DAG(s) 'extract_raw_data_pipeline' retrieved from /opt/airflow/dags/batch_generator.py
[2026-06-17T23:12:07.155+0000] {logging_mixin.py:190} INFO - [2026-06-17T23:12:07.155+0000] {dag.py:3239} INFO - Sync 1 DAGs
[2026-06-17T23:12:07.170+0000] {logging_mixin.py:190} INFO - [2026-06-17T23:12:07.170+0000] {dag.py:4180} INFO - Setting next_dagrun for extract_raw_data_pipeline to 2026-06-17 07:59:00+00:00, run_after=2026-06-18 07:00:00+00:00
[2026-06-17T23:12:07.193+0000] {processor.py:208} INFO - Processing /opt/airflow/dags/batch_generator.py took 0.152 seconds
[2026-06-17T23:12:37.406+0000] {processor.py:186} INFO - Started process (PID=4243) to work on /opt/airflow/dags/batch_generator.py
[2026-06-17T23:12:37.407+0000] {processor.py:914} INFO - Processing file /opt/airflow/dags/batch_generator.py for tasks to queue
[2026-06-17T23:12:37.408+0000] {logging_mixin.py:190} INFO - [2026-06-17T23:12:37.408+0000] {dagbag.py:588} INFO - Filling up the DagBag from /opt/airflow/dags/batch_generator.py
[2026-06-17T23:12:37.501+0000] {processor.py:925} INFO - DAG(s) 'extract_raw_data_pipeline' retrieved from /opt/airflow/dags/batch_generator.py
[2026-06-17T23:12:37.516+0000] {logging_mixin.py:190} INFO - [2026-06-17T23:12:37.516+0000] {dag.py:3239} INFO - Sync 1 DAGs
[2026-06-17T23:12:37.530+0000] {logging_mixin.py:190} INFO - [2026-06-17T23:12:37.529+0000] {dag.py:4180} INFO - Setting next_dagrun for extract_raw_data_pipeline to 2026-06-17 07:59:00+00:00, run_after=2026-06-18 07:00:00+00:00
[2026-06-17T23:12:37.555+0000] {processor.py:208} INFO - Processing /opt/airflow/dags/batch_generator.py took 0.153 seconds
[2026-06-17T23:13:07.780+0000] {processor.py:186} INFO - Started process (PID=4251) to work on /opt/airflow/dags/batch_generator.py
[2026-06-17T23:13:07.780+0000] {processor.py:914} INFO - Processing file /opt/airflow/dags/batch_generator.py for tasks to queue
[2026-06-17T23:13:07.782+0000] {logging_mixin.py:190} INFO - [2026-06-17T23:13:07.782+0000] {dagbag.py:588} INFO - Filling up the DagBag from /opt/airflow/dags/batch_generator.py
[2026-06-17T23:13:07.872+0000] {processor.py:925} INFO - DAG(s) 'extract_raw_data_pipeline' retrieved from /opt/airflow/dags/batch_generator.py
[2026-06-17T23:13:07.888+0000] {logging_mixin.py:190} INFO - [2026-06-17T23:13:07.888+0000] {dag.py:3239} INFO - Sync 1 DAGs
[2026-06-17T23:13:07.903+0000] {logging_mixin.py:190} INFO - [2026-06-17T23:13:07.903+0000] {dag.py:4180} INFO - Setting next_dagrun for extract_raw_data_pipeline to 2026-06-17 07:59:00+00:00, run_after=2026-06-18 07:00:00+00:00
[2026-06-17T23:13:07.921+0000] {processor.py:208} INFO - Processing /opt/airflow/dags/batch_generator.py took 0.145 seconds
[2026-06-17T23:13:38.057+0000] {processor.py:186} INFO - Started process (PID=4259) to work on /opt/airflow/dags/batch_generator.py
[2026-06-17T23:13:38.058+0000] {processor.py:914} INFO - Processing file /opt/airflow/dags/batch_generator.py for tasks to queue
[2026-06-17T23:13:38.060+0000] {logging_mixin.py:190} INFO - [2026-06-17T23:13:38.059+0000] {dagbag.py:588} INFO - Filling up the DagBag from /opt/airflow/dags/batch_generator.py
[2026-06-17T23:13:38.154+0000] {processor.py:925} INFO - DAG(s) 'extract_raw_data_pipeline' retrieved from /opt/airflow/dags/batch_generator.py
[2026-06-17T23:13:38.171+0000] {logging_mixin.py:190} INFO - [2026-06-17T23:13:38.171+0000] {dag.py:3239} INFO - Sync 1 DAGs
[2026-06-17T23:13:38.185+0000] {logging_mixin.py:190} INFO - [2026-06-17T23:13:38.185+0000] {dag.py:4180} INFO - Setting next_dagrun for extract_raw_data_pipeline to 2026-06-17 07:59:00+00:00, run_after=2026-06-18 07:00:00+00:00
[2026-06-17T23:13:38.199+0000] {processor.py:208} INFO - Processing /opt/airflow/dags/batch_generator.py took 0.145 seconds
[2026-06-17T23:14:08.482+0000] {processor.py:186} INFO - Started process (PID=4267) to work on /opt/airflow/dags/batch_generator.py
[2026-06-17T23:14:08.483+0000] {processor.py:914} INFO - Processing file /opt/airflow/dags/batch_generator.py for tasks to queue
[2026-06-17T23:14:08.484+0000] {logging_mixin.py:190} INFO - [2026-06-17T23:14:08.484+0000] {dagbag.py:588} INFO - Filling up the DagBag from /opt/airflow/dags/batch_generator.py
[2026-06-17T23:14:08.576+0000] {processor.py:925} INFO - DAG(s) 'extract_raw_data_pipeline' retrieved from /opt/airflow/dags/batch_generator.py
[2026-06-17T23:14:08.592+0000] {logging_mixin.py:190} INFO - [2026-06-17T23:14:08.592+0000] {dag.py:3239} INFO - Sync 1 DAGs
[2026-06-17T23:14:08.606+0000] {logging_mixin.py:190} INFO - [2026-06-17T23:14:08.606+0000] {dag.py:4180} INFO - Setting next_dagrun for extract_raw_data_pipeline to 2026-06-17 07:59:00+00:00, run_after=2026-06-18 07:00:00+00:00
[2026-06-17T23:14:08.619+0000] {processor.py:208} INFO - Processing /opt/airflow/dags/batch_generator.py took 0.141 seconds
[2026-06-17T23:14:38.780+0000] {processor.py:186} INFO - Started process (PID=4275) to work on /opt/airflow/dags/batch_generator.py
[2026-06-17T23:14:38.781+0000] {processor.py:914} INFO - Processing file /opt/airflow/dags/batch_generator.py for tasks to queue
[2026-06-17T23:14:38.782+0000] {logging_mixin.py:190} INFO - [2026-06-17T23:14:38.782+0000] {dagbag.py:588} INFO - Filling up the DagBag from /opt/airflow/dags/batch_generator.py
[2026-06-17T23:14:38.874+0000] {processor.py:925} INFO - DAG(s) 'extract_raw_data_pipeline' retrieved from /opt/airflow/dags/batch_generator.py
[2026-06-17T23:14:38.891+0000] {logging_mixin.py:190} INFO - [2026-06-17T23:14:38.891+0000] {dag.py:3239} INFO - Sync 1 DAGs
[2026-06-17T23:14:38.904+0000] {logging_mixin.py:190} INFO - [2026-06-17T23:14:38.904+0000] {dag.py:4180} INFO - Setting next_dagrun for extract_raw_data_pipeline to 2026-06-17 07:59:00+00:00, run_after=2026-06-18 07:00:00+00:00
[2026-06-17T23:14:38.918+0000] {processor.py:208} INFO - Processing /opt/airflow/dags/batch_generator.py took 0.142 seconds
[2026-06-17T23:15:09.161+0000] {processor.py:186} INFO - Started process (PID=4283) to work on /opt/airflow/dags/batch_generator.py
[2026-06-17T23:15:09.162+0000] {processor.py:914} INFO - Processing file /opt/airflow/dags/batch_generator.py for tasks to queue
[2026-06-17T23:15:09.164+0000] {logging_mixin.py:190} INFO - [2026-06-17T23:15:09.163+0000] {dagbag.py:588} INFO - Filling up the DagBag from /opt/airflow/dags/batch_generator.py
[2026-06-17T23:15:09.257+0000] {processor.py:925} INFO - DAG(s) 'extract_raw_data_pipeline' retrieved from /opt/airflow/dags/batch_generator.py
[2026-06-17T23:15:09.273+0000] {logging_mixin.py:190} INFO - [2026-06-17T23:15:09.273+0000] {dag.py:3239} INFO - Sync 1 DAGs
[2026-06-17T23:15:09.288+0000] {logging_mixin.py:190} INFO - [2026-06-17T23:15:09.288+0000] {dag.py:4180} INFO - Setting next_dagrun for extract_raw_data_pipeline to 2026-06-17 07:59:00+00:00, run_after=2026-06-18 07:00:00+00:00
[2026-06-17T23:15:09.302+0000] {processor.py:208} INFO - Processing /opt/airflow/dags/batch_generator.py took 0.144 seconds
[2026-06-17T23:15:39.590+0000] {processor.py:186} INFO - Started process (PID=4291) to work on /opt/airflow/dags/batch_generator.py
[2026-06-17T23:15:39.591+0000] {processor.py:914} INFO - Processing file /opt/airflow/dags/batch_generator.py for tasks to queue
[2026-06-17T23:15:39.593+0000] {logging_mixin.py:190} INFO - [2026-06-17T23:15:39.593+0000] {dagbag.py:588} INFO - Filling up the DagBag from /opt/airflow/dags/batch_generator.py
[2026-06-17T23:15:39.682+0000] {processor.py:925} INFO - DAG(s) 'extract_raw_data_pipeline' retrieved from /opt/airflow/dags/batch_generator.py
[2026-06-17T23:15:39.699+0000] {logging_mixin.py:190} INFO - [2026-06-17T23:15:39.699+0000] {dag.py:3239} INFO - Sync 1 DAGs
[2026-06-17T23:15:39.713+0000] {logging_mixin.py:190} INFO - [2026-06-17T23:15:39.713+0000] {dag.py:4180} INFO - Setting next_dagrun for extract_raw_data_pipeline to 2026-06-17 07:59:00+00:00, run_after=2026-06-18 07:00:00+00:00
[2026-06-17T23:15:39.727+0000] {processor.py:208} INFO - Processing /opt/airflow/dags/batch_generator.py took 0.140 seconds
[2026-06-17T23:16:09.877+0000] {processor.py:186} INFO - Started process (PID=4299) to work on /opt/airflow/dags/batch_generator.py
[2026-06-17T23:16:09.878+0000] {processor.py:914} INFO - Processing file /opt/airflow/dags/batch_generator.py for tasks to queue
[2026-06-17T23:16:09.879+0000] {logging_mixin.py:190} INFO - [2026-06-17T23:16:09.879+0000] {dagbag.py:588} INFO - Filling up the DagBag from /opt/airflow/dags/batch_generator.py
[2026-06-17T23:16:09.976+0000] {processor.py:925} INFO - DAG(s) 'extract_raw_data_pipeline' retrieved from /opt/airflow/dags/batch_generator.py
[2026-06-17T23:16:09.993+0000] {logging_mixin.py:190} INFO - [2026-06-17T23:16:09.993+0000] {dag.py:3239} INFO - Sync 1 DAGs
[2026-06-17T23:16:10.007+0000] {logging_mixin.py:190} INFO - [2026-06-17T23:16:10.007+0000] {dag.py:4180} INFO - Setting next_dagrun for extract_raw_data_pipeline to 2026-06-17 07:59:00+00:00, run_after=2026-06-18 07:00:00+00:00
[2026-06-17T23:16:10.024+0000] {processor.py:208} INFO - Processing /opt/airflow/dags/batch_generator.py took 0.151 seconds
[2026-06-17T23:16:40.319+0000] {processor.py:186} INFO - Started process (PID=4307) to work on /opt/airflow/dags/batch_generator.py
[2026-06-17T23:16:40.319+0000] {processor.py:914} INFO - Processing file /opt/airflow/dags/batch_generator.py for tasks to queue
[2026-06-17T23:16:40.321+0000] {logging_mixin.py:190} INFO - [2026-06-17T23:16:40.321+0000] {dagbag.py:588} INFO - Filling up the DagBag from /opt/airflow/dags/batch_generator.py
[2026-06-17T23:16:40.411+0000] {processor.py:925} INFO - DAG(s) 'extract_raw_data_pipeline' retrieved from /opt/airflow/dags/batch_generator.py
[2026-06-17T23:16:40.427+0000] {logging_mixin.py:190} INFO - [2026-06-17T23:16:40.427+0000] {dag.py:3239} INFO - Sync 1 DAGs
[2026-06-17T23:16:40.440+0000] {logging_mixin.py:190} INFO - [2026-06-17T23:16:40.440+0000] {dag.py:4180} INFO - Setting next_dagrun for extract_raw_data_pipeline to 2026-06-17 07:59:00+00:00, run_after=2026-06-18 07:00:00+00:00
[2026-06-17T23:16:40.455+0000] {processor.py:208} INFO - Processing /opt/airflow/dags/batch_generator.py took 0.139 seconds
[2026-06-17T23:17:10.567+0000] {processor.py:186} INFO - Started process (PID=4315) to work on /opt/airflow/dags/batch_generator.py
[2026-06-17T23:17:10.567+0000] {processor.py:914} INFO - Processing file /opt/airflow/dags/batch_generator.py for tasks to queue
[2026-06-17T23:17:10.569+0000] {logging_mixin.py:190} INFO - [2026-06-17T23:17:10.568+0000] {dagbag.py:588} INFO - Filling up the DagBag from /opt/airflow/dags/batch_generator.py
[2026-06-17T23:17:10.657+0000] {processor.py:925} INFO - DAG(s) 'extract_raw_data_pipeline' retrieved from /opt/airflow/dags/batch_generator.py
[2026-06-17T23:17:10.672+0000] {logging_mixin.py:190} INFO - [2026-06-17T23:17:10.672+0000] {dag.py:3239} INFO - Sync 1 DAGs
[2026-06-17T23:17:10.685+0000] {logging_mixin.py:190} INFO - [2026-06-17T23:17:10.685+0000] {dag.py:4180} INFO - Setting next_dagrun for extract_raw_data_pipeline to 2026-06-17 07:59:00+00:00, run_after=2026-06-18 07:00:00+00:00
[2026-06-17T23:17:10.701+0000] {processor.py:208} INFO - Processing /opt/airflow/dags/batch_generator.py took 0.138 seconds
[2026-06-17T23:17:40.943+0000] {processor.py:186} INFO - Started process (PID=4324) to work on /opt/airflow/dags/batch_generator.py
[2026-06-17T23:17:40.943+0000] {processor.py:914} INFO - Processing file /opt/airflow/dags/batch_generator.py for tasks to queue
[2026-06-17T23:17:40.945+0000] {logging_mixin.py:190} INFO - [2026-06-17T23:17:40.945+0000] {dagbag.py:588} INFO - Filling up the DagBag from /opt/airflow/dags/batch_generator.py
[2026-06-17T23:17:41.049+0000] {processor.py:925} INFO - DAG(s) 'extract_raw_data_pipeline' retrieved from /opt/airflow/dags/batch_generator.py
[2026-06-17T23:17:41.067+0000] {logging_mixin.py:190} INFO - [2026-06-17T23:17:41.067+0000] {dag.py:3239} INFO - Sync 1 DAGs
[2026-06-17T23:17:41.082+0000] {logging_mixin.py:190} INFO - [2026-06-17T23:17:41.082+0000] {dag.py:4180} INFO - Setting next_dagrun for extract_raw_data_pipeline to 2026-06-17 07:59:00+00:00, run_after=2026-06-18 07:00:00+00:00
[2026-06-17T23:17:41.096+0000] {processor.py:208} INFO - Processing /opt/airflow/dags/batch_generator.py took 0.157 seconds
[2026-06-17T23:18:11.191+0000] {processor.py:186} INFO - Started process (PID=4332) to work on /opt/airflow/dags/batch_generator.py
[2026-06-17T23:18:11.192+0000] {processor.py:914} INFO - Processing file /opt/airflow/dags/batch_generator.py for tasks to queue
[2026-06-17T23:18:11.194+0000] {logging_mixin.py:190} INFO - [2026-06-17T23:18:11.194+0000] {dagbag.py:588} INFO - Filling up the DagBag from /opt/airflow/dags/batch_generator.py
[2026-06-17T23:18:11.283+0000] {processor.py:925} INFO - DAG(s) 'extract_raw_data_pipeline' retrieved from /opt/airflow/dags/batch_generator.py
[2026-06-17T23:18:11.299+0000] {logging_mixin.py:190} INFO - [2026-06-17T23:18:11.299+0000] {dag.py:3239} INFO - Sync 1 DAGs
[2026-06-17T23:18:11.313+0000] {logging_mixin.py:190} INFO - [2026-06-17T23:18:11.313+0000] {dag.py:4180} INFO - Setting next_dagrun for extract_raw_data_pipeline to 2026-06-17 07:59:00+00:00, run_after=2026-06-18 07:00:00+00:00
[2026-06-17T23:18:11.327+0000] {processor.py:208} INFO - Processing /opt/airflow/dags/batch_generator.py took 0.139 seconds
[2026-06-17T23:18:41.464+0000] {processor.py:186} INFO - Started process (PID=4340) to work on /opt/airflow/dags/batch_generator.py
[2026-06-17T23:18:41.465+0000] {processor.py:914} INFO - Processing file /opt/airflow/dags/batch_generator.py for tasks to queue
[2026-06-17T23:18:41.467+0000] {logging_mixin.py:190} INFO - [2026-06-17T23:18:41.466+0000] {dagbag.py:588} INFO - Filling up the DagBag from /opt/airflow/dags/batch_generator.py
[2026-06-17T23:18:41.558+0000] {processor.py:925} INFO - DAG(s) 'extract_raw_data_pipeline' retrieved from /opt/airflow/dags/batch_generator.py
[2026-06-17T23:18:41.576+0000] {logging_mixin.py:190} INFO - [2026-06-17T23:18:41.576+0000] {dag.py:3239} INFO - Sync 1 DAGs
[2026-06-17T23:18:41.591+0000] {logging_mixin.py:190} INFO - [2026-06-17T23:18:41.591+0000] {dag.py:4180} INFO - Setting next_dagrun for extract_raw_data_pipeline to 2026-06-17 07:59:00+00:00, run_after=2026-06-18 07:00:00+00:00
[2026-06-17T23:18:41.606+0000] {processor.py:208} INFO - Processing /opt/airflow/dags/batch_generator.py took 0.146 seconds
[2026-06-17T23:19:11.950+0000] {processor.py:186} INFO - Started process (PID=4348) to work on /opt/airflow/dags/batch_generator.py
[2026-06-17T23:19:11.951+0000] {processor.py:914} INFO - Processing file /opt/airflow/dags/batch_generator.py for tasks to queue
[2026-06-17T23:19:11.952+0000] {logging_mixin.py:190} INFO - [2026-06-17T23:19:11.952+0000] {dagbag.py:588} INFO - Filling up the DagBag from /opt/airflow/dags/batch_generator.py
[2026-06-17T23:19:12.039+0000] {processor.py:925} INFO - DAG(s) 'extract_raw_data_pipeline' retrieved from /opt/airflow/dags/batch_generator.py
[2026-06-17T23:19:12.055+0000] {logging_mixin.py:190} INFO - [2026-06-17T23:19:12.054+0000] {dag.py:3239} INFO - Sync 1 DAGs
[2026-06-17T23:19:12.072+0000] {logging_mixin.py:190} INFO - [2026-06-17T23:19:12.072+0000] {dag.py:4180} INFO - Setting next_dagrun for extract_raw_data_pipeline to 2026-06-17 07:59:00+00:00, run_after=2026-06-18 07:00:00+00:00
[2026-06-17T23:19:12.085+0000] {processor.py:208} INFO - Processing /opt/airflow/dags/batch_generator.py took 0.138 seconds
[2026-06-17T23:19:42.315+0000] {processor.py:186} INFO - Started process (PID=4356) to work on /opt/airflow/dags/batch_generator.py
[2026-06-17T23:19:42.315+0000] {processor.py:914} INFO - Processing file /opt/airflow/dags/batch_generator.py for tasks to queue
[2026-06-17T23:19:42.317+0000] {logging_mixin.py:190} INFO - [2026-06-17T23:19:42.316+0000] {dagbag.py:588} INFO - Filling up the DagBag from /opt/airflow/dags/batch_generator.py
[2026-06-17T23:19:42.402+0000] {processor.py:925} INFO - DAG(s) 'extract_raw_data_pipeline' retrieved from /opt/airflow/dags/batch_generator.py
[2026-06-17T23:19:42.419+0000] {logging_mixin.py:190} INFO - [2026-06-17T23:19:42.419+0000] {dag.py:3239} INFO - Sync 1 DAGs
[2026-06-17T23:19:42.434+0000] {logging_mixin.py:190} INFO - [2026-06-17T23:19:42.434+0000] {dag.py:4180} INFO - Setting next_dagrun for extract_raw_data_pipeline to 2026-06-17 07:59:00+00:00, run_after=2026-06-18 07:00:00+00:00
[2026-06-17T23:19:42.448+0000] {processor.py:208} INFO - Processing /opt/airflow/dags/batch_generator.py took 0.137 seconds
[2026-06-17T23:20:12.792+0000] {processor.py:186} INFO - Started process (PID=4364) to work on /opt/airflow/dags/batch_generator.py
[2026-06-17T23:20:12.793+0000] {processor.py:914} INFO - Processing file /opt/airflow/dags/batch_generator.py for tasks to queue
[2026-06-17T23:20:12.794+0000] {logging_mixin.py:190} INFO - [2026-06-17T23:20:12.794+0000] {dagbag.py:588} INFO - Filling up the DagBag from /opt/airflow/dags/batch_generator.py
[2026-06-17T23:20:12.877+0000] {processor.py:925} INFO - DAG(s) 'extract_raw_data_pipeline' retrieved from /opt/airflow/dags/batch_generator.py
[2026-06-17T23:20:12.890+0000] {logging_mixin.py:190} INFO - [2026-06-17T23:20:12.890+0000] {dag.py:3239} INFO - Sync 1 DAGs
[2026-06-17T23:20:12.902+0000] {logging_mixin.py:190} INFO - [2026-06-17T23:20:12.902+0000] {dag.py:4180} INFO - Setting next_dagrun for extract_raw_data_pipeline to 2026-06-17 07:59:00+00:00, run_after=2026-06-18 07:00:00+00:00
[2026-06-17T23:20:12.913+0000] {processor.py:208} INFO - Processing /opt/airflow/dags/batch_generator.py took 0.125 seconds
[2026-06-17T23:20:43.088+0000] {processor.py:186} INFO - Started process (PID=4372) to work on /opt/airflow/dags/batch_generator.py
[2026-06-17T23:20:43.089+0000] {processor.py:914} INFO - Processing file /opt/airflow/dags/batch_generator.py for tasks to queue
[2026-06-17T23:20:43.090+0000] {logging_mixin.py:190} INFO - [2026-06-17T23:20:43.090+0000] {dagbag.py:588} INFO - Filling up the DagBag from /opt/airflow/dags/batch_generator.py
[2026-06-17T23:20:43.200+0000] {processor.py:925} INFO - DAG(s) 'extract_raw_data_pipeline' retrieved from /opt/airflow/dags/batch_generator.py
[2026-06-17T23:20:43.216+0000] {logging_mixin.py:190} INFO - [2026-06-17T23:20:43.216+0000] {dag.py:3239} INFO - Sync 1 DAGs
[2026-06-17T23:20:43.230+0000] {logging_mixin.py:190} INFO - [2026-06-17T23:20:43.230+0000] {dag.py:4180} INFO - Setting next_dagrun for extract_raw_data_pipeline to 2026-06-17 07:59:00+00:00, run_after=2026-06-18 07:00:00+00:00
[2026-06-17T23:20:43.246+0000] {processor.py:208} INFO - Processing /opt/airflow/dags/batch_generator.py took 0.162 seconds
[2026-06-17T23:21:13.522+0000] {processor.py:186} INFO - Started process (PID=4380) to work on /opt/airflow/dags/batch_generator.py
[2026-06-17T23:21:13.522+0000] {processor.py:914} INFO - Processing file /opt/airflow/dags/batch_generator.py for tasks to queue
[2026-06-17T23:21:13.524+0000] {logging_mixin.py:190} INFO - [2026-06-17T23:21:13.524+0000] {dagbag.py:588} INFO - Filling up the DagBag from /opt/airflow/dags/batch_generator.py
[2026-06-17T23:21:13.622+0000] {processor.py:925} INFO - DAG(s) 'extract_raw_data_pipeline' retrieved from /opt/airflow/dags/batch_generator.py
[2026-06-17T23:21:13.637+0000] {logging_mixin.py:190} INFO - [2026-06-17T23:21:13.637+0000] {dag.py:3239} INFO - Sync 1 DAGs
[2026-06-17T23:21:13.653+0000] {logging_mixin.py:190} INFO - [2026-06-17T23:21:13.653+0000] {dag.py:4180} INFO - Setting next_dagrun for extract_raw_data_pipeline to 2026-06-17 07:59:00+00:00, run_after=2026-06-18 07:00:00+00:00
[2026-06-17T23:21:13.666+0000] {processor.py:208} INFO - Processing /opt/airflow/dags/batch_generator.py took 0.149 seconds
[2026-06-17T23:21:43.840+0000] {processor.py:186} INFO - Started process (PID=4389) to work on /opt/airflow/dags/batch_generator.py
[2026-06-17T23:21:43.840+0000] {processor.py:914} INFO - Processing file /opt/airflow/dags/batch_generator.py for tasks to queue
[2026-06-17T23:21:43.842+0000] {logging_mixin.py:190} INFO - [2026-06-17T23:21:43.842+0000] {dagbag.py:588} INFO - Filling up the DagBag from /opt/airflow/dags/batch_generator.py
[2026-06-17T23:21:43.932+0000] {processor.py:925} INFO - DAG(s) 'extract_raw_data_pipeline' retrieved from /opt/airflow/dags/batch_generator.py
[2026-06-17T23:21:43.949+0000] {logging_mixin.py:190} INFO - [2026-06-17T23:21:43.948+0000] {dag.py:3239} INFO - Sync 1 DAGs
[2026-06-17T23:21:43.961+0000] {logging_mixin.py:190} INFO - [2026-06-17T23:21:43.961+0000] {dag.py:4180} INFO - Setting next_dagrun for extract_raw_data_pipeline to 2026-06-17 07:59:00+00:00, run_after=2026-06-18 07:00:00+00:00
[2026-06-17T23:21:43.975+0000] {processor.py:208} INFO - Processing /opt/airflow/dags/batch_generator.py took 0.139 seconds
[2026-06-17T23:22:14.259+0000] {processor.py:186} INFO - Started process (PID=4397) to work on /opt/airflow/dags/batch_generator.py
[2026-06-17T23:22:14.260+0000] {processor.py:914} INFO - Processing file /opt/airflow/dags/batch_generator.py for tasks to queue
[2026-06-17T23:22:14.262+0000] {logging_mixin.py:190} INFO - [2026-06-17T23:22:14.262+0000] {dagbag.py:588} INFO - Filling up the DagBag from /opt/airflow/dags/batch_generator.py
[2026-06-17T23:22:14.355+0000] {processor.py:925} INFO - DAG(s) 'extract_raw_data_pipeline' retrieved from /opt/airflow/dags/batch_generator.py
[2026-06-17T23:22:14.371+0000] {logging_mixin.py:190} INFO - [2026-06-17T23:22:14.371+0000] {dag.py:3239} INFO - Sync 1 DAGs
[2026-06-17T23:22:14.385+0000] {logging_mixin.py:190} INFO - [2026-06-17T23:22:14.385+0000] {dag.py:4180} INFO - Setting next_dagrun for extract_raw_data_pipeline to 2026-06-17 07:59:00+00:00, run_after=2026-06-18 07:00:00+00:00
[2026-06-17T23:22:14.400+0000] {processor.py:208} INFO - Processing /opt/airflow/dags/batch_generator.py took 0.144 seconds
[2026-06-17T23:22:44.607+0000] {processor.py:186} INFO - Started process (PID=4405) to work on /opt/airflow/dags/batch_generator.py
[2026-06-17T23:22:44.607+0000] {processor.py:914} INFO - Processing file /opt/airflow/dags/batch_generator.py for tasks to queue
[2026-06-17T23:22:44.609+0000] {logging_mixin.py:190} INFO - [2026-06-17T23:22:44.608+0000] {dagbag.py:588} INFO - Filling up the DagBag from /opt/airflow/dags/batch_generator.py
[2026-06-17T23:22:44.701+0000] {processor.py:925} INFO - DAG(s) 'extract_raw_data_pipeline' retrieved from /opt/airflow/dags/batch_generator.py
[2026-06-17T23:22:44.721+0000] {logging_mixin.py:190} INFO - [2026-06-17T23:22:44.721+0000] {dag.py:3239} INFO - Sync 1 DAGs
[2026-06-17T23:22:44.736+0000] {logging_mixin.py:190} INFO - [2026-06-17T23:22:44.736+0000] {dag.py:4180} INFO - Setting next_dagrun for extract_raw_data_pipeline to 2026-06-17 07:59:00+00:00, run_after=2026-06-18 07:00:00+00:00
[2026-06-17T23:22:44.754+0000] {processor.py:208} INFO - Processing /opt/airflow/dags/batch_generator.py took 0.151 seconds
[2026-06-17T23:23:14.923+0000] {processor.py:186} INFO - Started process (PID=4413) to work on /opt/airflow/dags/batch_generator.py
[2026-06-17T23:23:14.923+0000] {processor.py:914} INFO - Processing file /opt/airflow/dags/batch_generator.py for tasks to queue
[2026-06-17T23:23:14.925+0000] {logging_mixin.py:190} INFO - [2026-06-17T23:23:14.925+0000] {dagbag.py:588} INFO - Filling up the DagBag from /opt/airflow/dags/batch_generator.py
[2026-06-17T23:23:15.013+0000] {processor.py:925} INFO - DAG(s) 'extract_raw_data_pipeline' retrieved from /opt/airflow/dags/batch_generator.py
[2026-06-17T23:23:15.029+0000] {logging_mixin.py:190} INFO - [2026-06-17T23:23:15.029+0000] {dag.py:3239} INFO - Sync 1 DAGs
[2026-06-17T23:23:15.044+0000] {logging_mixin.py:190} INFO - [2026-06-17T23:23:15.044+0000] {dag.py:4180} INFO - Setting next_dagrun for extract_raw_data_pipeline to 2026-06-17 07:59:00+00:00, run_after=2026-06-18 07:00:00+00:00
[2026-06-17T23:23:15.066+0000] {processor.py:208} INFO - Processing /opt/airflow/dags/batch_generator.py took 0.147 seconds
[2026-06-17T23:23:45.325+0000] {processor.py:186} INFO - Started process (PID=4421) to work on /opt/airflow/dags/batch_generator.py
[2026-06-17T23:23:45.325+0000] {processor.py:914} INFO - Processing file /opt/airflow/dags/batch_generator.py for tasks to queue
[2026-06-17T23:23:45.327+0000] {logging_mixin.py:190} INFO - [2026-06-17T23:23:45.327+0000] {dagbag.py:588} INFO - Filling up the DagBag from /opt/airflow/dags/batch_generator.py
[2026-06-17T23:23:45.420+0000] {processor.py:925} INFO - DAG(s) 'extract_raw_data_pipeline' retrieved from /opt/airflow/dags/batch_generator.py
[2026-06-17T23:23:45.437+0000] {logging_mixin.py:190} INFO - [2026-06-17T23:23:45.436+0000] {dag.py:3239} INFO - Sync 1 DAGs
[2026-06-17T23:23:45.451+0000] {logging_mixin.py:190} INFO - [2026-06-17T23:23:45.450+0000] {dag.py:4180} INFO - Setting next_dagrun for extract_raw_data_pipeline to 2026-06-17 07:59:00+00:00, run_after=2026-06-18 07:00:00+00:00
[2026-06-17T23:23:45.464+0000] {processor.py:208} INFO - Processing /opt/airflow/dags/batch_generator.py took 0.143 seconds
[2026-06-17T23:24:15.606+0000] {processor.py:186} INFO - Started process (PID=4429) to work on /opt/airflow/dags/batch_generator.py
[2026-06-17T23:24:15.607+0000] {processor.py:914} INFO - Processing file /opt/airflow/dags/batch_generator.py for tasks to queue
[2026-06-17T23:24:15.608+0000] {logging_mixin.py:190} INFO - [2026-06-17T23:24:15.608+0000] {dagbag.py:588} INFO - Filling up the DagBag from /opt/airflow/dags/batch_generator.py
[2026-06-17T23:24:15.701+0000] {processor.py:925} INFO - DAG(s) 'extract_raw_data_pipeline' retrieved from /opt/airflow/dags/batch_generator.py
[2026-06-17T23:24:15.717+0000] {logging_mixin.py:190} INFO - [2026-06-17T23:24:15.717+0000] {dag.py:3239} INFO - Sync 1 DAGs
[2026-06-17T23:24:15.731+0000] {logging_mixin.py:190} INFO - [2026-06-17T23:24:15.731+0000] {dag.py:4180} INFO - Setting next_dagrun for extract_raw_data_pipeline to 2026-06-17 07:59:00+00:00, run_after=2026-06-18 07:00:00+00:00
[2026-06-17T23:24:15.746+0000] {processor.py:208} INFO - Processing /opt/airflow/dags/batch_generator.py took 0.144 seconds
[2026-06-17T23:24:45.886+0000] {processor.py:186} INFO - Started process (PID=4437) to work on /opt/airflow/dags/batch_generator.py
[2026-06-17T23:24:45.886+0000] {processor.py:914} INFO - Processing file /opt/airflow/dags/batch_generator.py for tasks to queue
[2026-06-17T23:24:45.888+0000] {logging_mixin.py:190} INFO - [2026-06-17T23:24:45.888+0000] {dagbag.py:588} INFO - Filling up the DagBag from /opt/airflow/dags/batch_generator.py
[2026-06-17T23:24:45.978+0000] {processor.py:925} INFO - DAG(s) 'extract_raw_data_pipeline' retrieved from /opt/airflow/dags/batch_generator.py
[2026-06-17T23:24:45.995+0000] {logging_mixin.py:190} INFO - [2026-06-17T23:24:45.995+0000] {dag.py:3239} INFO - Sync 1 DAGs
[2026-06-17T23:24:46.009+0000] {logging_mixin.py:190} INFO - [2026-06-17T23:24:46.008+0000] {dag.py:4180} INFO - Setting next_dagrun for extract_raw_data_pipeline to 2026-06-17 07:59:00+00:00, run_after=2026-06-18 07:00:00+00:00
[2026-06-17T23:24:46.025+0000] {processor.py:208} INFO - Processing /opt/airflow/dags/batch_generator.py took 0.143 seconds
[2026-06-17T23:25:16.340+0000] {processor.py:186} INFO - Started process (PID=4445) to work on /opt/airflow/dags/batch_generator.py
[2026-06-17T23:25:16.341+0000] {processor.py:914} INFO - Processing file /opt/airflow/dags/batch_generator.py for tasks to queue
[2026-06-17T23:25:16.342+0000] {logging_mixin.py:190} INFO - [2026-06-17T23:25:16.342+0000] {dagbag.py:588} INFO - Filling up the DagBag from /opt/airflow/dags/batch_generator.py
[2026-06-17T23:25:16.432+0000] {processor.py:925} INFO - DAG(s) 'extract_raw_data_pipeline' retrieved from /opt/airflow/dags/batch_generator.py
[2026-06-17T23:25:16.449+0000] {logging_mixin.py:190} INFO - [2026-06-17T23:25:16.448+0000] {dag.py:3239} INFO - Sync 1 DAGs
[2026-06-17T23:25:16.463+0000] {logging_mixin.py:190} INFO - [2026-06-17T23:25:16.463+0000] {dag.py:4180} INFO - Setting next_dagrun for extract_raw_data_pipeline to 2026-06-17 07:59:00+00:00, run_after=2026-06-18 07:00:00+00:00
[2026-06-17T23:25:16.476+0000] {processor.py:208} INFO - Processing /opt/airflow/dags/batch_generator.py took 0.139 seconds
[2026-06-17T23:25:46.617+0000] {processor.py:186} INFO - Started process (PID=4453) to work on /opt/airflow/dags/batch_generator.py
[2026-06-17T23:25:46.618+0000] {processor.py:914} INFO - Processing file /opt/airflow/dags/batch_generator.py for tasks to queue
[2026-06-17T23:25:46.619+0000] {logging_mixin.py:190} INFO - [2026-06-17T23:25:46.619+0000] {dagbag.py:588} INFO - Filling up the DagBag from /opt/airflow/dags/batch_generator.py
[2026-06-17T23:25:46.712+0000] {processor.py:925} INFO - DAG(s) 'extract_raw_data_pipeline' retrieved from /opt/airflow/dags/batch_generator.py
[2026-06-17T23:25:46.729+0000] {logging_mixin.py:190} INFO - [2026-06-17T23:25:46.729+0000] {dag.py:3239} INFO - Sync 1 DAGs
[2026-06-17T23:25:46.742+0000] {logging_mixin.py:190} INFO - [2026-06-17T23:25:46.742+0000] {dag.py:4180} INFO - Setting next_dagrun for extract_raw_data_pipeline to 2026-06-17 07:59:00+00:00, run_after=2026-06-18 07:00:00+00:00
[2026-06-17T23:25:46.755+0000] {processor.py:208} INFO - Processing /opt/airflow/dags/batch_generator.py took 0.142 seconds
[2026-06-17T23:26:17.067+0000] {processor.py:186} INFO - Started process (PID=4461) to work on /opt/airflow/dags/batch_generator.py
[2026-06-17T23:26:17.068+0000] {processor.py:914} INFO - Processing file /opt/airflow/dags/batch_generator.py for tasks to queue
[2026-06-17T23:26:17.070+0000] {logging_mixin.py:190} INFO - [2026-06-17T23:26:17.069+0000] {dagbag.py:588} INFO - Filling up the DagBag from /opt/airflow/dags/batch_generator.py
[2026-06-17T23:26:17.158+0000] {processor.py:925} INFO - DAG(s) 'extract_raw_data_pipeline' retrieved from /opt/airflow/dags/batch_generator.py
[2026-06-17T23:26:17.175+0000] {logging_mixin.py:190} INFO - [2026-06-17T23:26:17.175+0000] {dag.py:3239} INFO - Sync 1 DAGs
[2026-06-17T23:26:17.189+0000] {logging_mixin.py:190} INFO - [2026-06-17T23:26:17.189+0000] {dag.py:4180} INFO - Setting next_dagrun for extract_raw_data_pipeline to 2026-06-17 07:59:00+00:00, run_after=2026-06-18 07:00:00+00:00
[2026-06-17T23:26:17.202+0000] {processor.py:208} INFO - Processing /opt/airflow/dags/batch_generator.py took 0.138 seconds
[2026-06-17T23:26:47.390+0000] {processor.py:186} INFO - Started process (PID=4469) to work on /opt/airflow/dags/batch_generator.py
[2026-06-17T23:26:47.390+0000] {processor.py:914} INFO - Processing file /opt/airflow/dags/batch_generator.py for tasks to queue
[2026-06-17T23:26:47.392+0000] {logging_mixin.py:190} INFO - [2026-06-17T23:26:47.392+0000] {dagbag.py:588} INFO - Filling up the DagBag from /opt/airflow/dags/batch_generator.py
[2026-06-17T23:26:47.483+0000] {processor.py:925} INFO - DAG(s) 'extract_raw_data_pipeline' retrieved from /opt/airflow/dags/batch_generator.py
[2026-06-17T23:26:47.499+0000] {logging_mixin.py:190} INFO - [2026-06-17T23:26:47.499+0000] {dag.py:3239} INFO - Sync 1 DAGs
[2026-06-17T23:26:47.512+0000] {logging_mixin.py:190} INFO - [2026-06-17T23:26:47.512+0000] {dag.py:4180} INFO - Setting next_dagrun for extract_raw_data_pipeline to 2026-06-17 07:59:00+00:00, run_after=2026-06-18 07:00:00+00:00
[2026-06-17T23:26:47.528+0000] {processor.py:208} INFO - Processing /opt/airflow/dags/batch_generator.py took 0.141 seconds
[2026-06-17T23:27:17.657+0000] {processor.py:186} INFO - Started process (PID=4477) to work on /opt/airflow/dags/batch_generator.py
[2026-06-17T23:27:17.657+0000] {processor.py:914} INFO - Processing file /opt/airflow/dags/batch_generator.py for tasks to queue
[2026-06-17T23:27:17.659+0000] {logging_mixin.py:190} INFO - [2026-06-17T23:27:17.659+0000] {dagbag.py:588} INFO - Filling up the DagBag from /opt/airflow/dags/batch_generator.py
[2026-06-17T23:27:17.750+0000] {processor.py:925} INFO - DAG(s) 'extract_raw_data_pipeline' retrieved from /opt/airflow/dags/batch_generator.py
[2026-06-17T23:27:17.767+0000] {logging_mixin.py:190} INFO - [2026-06-17T23:27:17.767+0000] {dag.py:3239} INFO - Sync 1 DAGs
[2026-06-17T23:27:17.782+0000] {logging_mixin.py:190} INFO - [2026-06-17T23:27:17.782+0000] {dag.py:4180} INFO - Setting next_dagrun for extract_raw_data_pipeline to 2026-06-17 07:59:00+00:00, run_after=2026-06-18 07:00:00+00:00
[2026-06-17T23:27:17.805+0000] {processor.py:208} INFO - Processing /opt/airflow/dags/batch_generator.py took 0.153 seconds
[2026-06-17T23:27:48.128+0000] {processor.py:186} INFO - Started process (PID=4485) to work on /opt/airflow/dags/batch_generator.py
[2026-06-17T23:27:48.128+0000] {processor.py:914} INFO - Processing file /opt/airflow/dags/batch_generator.py for tasks to queue
[2026-06-17T23:27:48.130+0000] {logging_mixin.py:190} INFO - [2026-06-17T23:27:48.130+0000] {dagbag.py:588} INFO - Filling up the DagBag from /opt/airflow/dags/batch_generator.py
[2026-06-17T23:27:48.224+0000] {processor.py:925} INFO - DAG(s) 'extract_raw_data_pipeline' retrieved from /opt/airflow/dags/batch_generator.py
[2026-06-17T23:27:48.246+0000] {logging_mixin.py:190} INFO - [2026-06-17T23:27:48.245+0000] {dag.py:3239} INFO - Sync 1 DAGs
[2026-06-17T23:27:48.274+0000] {logging_mixin.py:190} INFO - [2026-06-17T23:27:48.273+0000] {dag.py:4180} INFO - Setting next_dagrun for extract_raw_data_pipeline to 2026-06-17 07:59:00+00:00, run_after=2026-06-18 07:00:00+00:00
[2026-06-17T23:27:48.322+0000] {processor.py:208} INFO - Processing /opt/airflow/dags/batch_generator.py took 0.198 seconds
[2026-06-17T23:28:18.419+0000] {processor.py:186} INFO - Started process (PID=4493) to work on /opt/airflow/dags/batch_generator.py
[2026-06-17T23:28:18.420+0000] {processor.py:914} INFO - Processing file /opt/airflow/dags/batch_generator.py for tasks to queue
[2026-06-17T23:28:18.421+0000] {logging_mixin.py:190} INFO - [2026-06-17T23:28:18.421+0000] {dagbag.py:588} INFO - Filling up the DagBag from /opt/airflow/dags/batch_generator.py
[2026-06-17T23:28:18.515+0000] {processor.py:925} INFO - DAG(s) 'extract_raw_data_pipeline' retrieved from /opt/airflow/dags/batch_generator.py
[2026-06-17T23:28:18.532+0000] {logging_mixin.py:190} INFO - [2026-06-17T23:28:18.532+0000] {dag.py:3239} INFO - Sync 1 DAGs
[2026-06-17T23:28:18.546+0000] {logging_mixin.py:190} INFO - [2026-06-17T23:28:18.546+0000] {dag.py:4180} INFO - Setting next_dagrun for extract_raw_data_pipeline to 2026-06-17 07:59:00+00:00, run_after=2026-06-18 07:00:00+00:00
[2026-06-17T23:28:18.560+0000] {processor.py:208} INFO - Processing /opt/airflow/dags/batch_generator.py took 0.145 seconds
[2026-06-17T23:28:48.706+0000] {processor.py:186} INFO - Started process (PID=4502) to work on /opt/airflow/dags/batch_generator.py
[2026-06-17T23:28:48.707+0000] {processor.py:914} INFO - Processing file /opt/airflow/dags/batch_generator.py for tasks to queue
[2026-06-17T23:28:48.709+0000] {logging_mixin.py:190} INFO - [2026-06-17T23:28:48.708+0000] {dagbag.py:588} INFO - Filling up the DagBag from /opt/airflow/dags/batch_generator.py
[2026-06-17T23:28:48.803+0000] {processor.py:925} INFO - DAG(s) 'extract_raw_data_pipeline' retrieved from /opt/airflow/dags/batch_generator.py
[2026-06-17T23:28:48.819+0000] {logging_mixin.py:190} INFO - [2026-06-17T23:28:48.818+0000] {dag.py:3239} INFO - Sync 1 DAGs
[2026-06-17T23:28:48.832+0000] {logging_mixin.py:190} INFO - [2026-06-17T23:28:48.832+0000] {dag.py:4180} INFO - Setting next_dagrun for extract_raw_data_pipeline to 2026-06-17 07:59:00+00:00, run_after=2026-06-18 07:00:00+00:00
[2026-06-17T23:28:48.847+0000] {processor.py:208} INFO - Processing /opt/airflow/dags/batch_generator.py took 0.144 seconds
[2026-06-17T23:29:19.137+0000] {processor.py:186} INFO - Started process (PID=4510) to work on /opt/airflow/dags/batch_generator.py
[2026-06-17T23:29:19.138+0000] {processor.py:914} INFO - Processing file /opt/airflow/dags/batch_generator.py for tasks to queue
[2026-06-17T23:29:19.139+0000] {logging_mixin.py:190} INFO - [2026-06-17T23:29:19.139+0000] {dagbag.py:588} INFO - Filling up the DagBag from /opt/airflow/dags/batch_generator.py
[2026-06-17T23:29:19.230+0000] {processor.py:925} INFO - DAG(s) 'extract_raw_data_pipeline' retrieved from /opt/airflow/dags/batch_generator.py
[2026-06-17T23:29:19.246+0000] {logging_mixin.py:190} INFO - [2026-06-17T23:29:19.246+0000] {dag.py:3239} INFO - Sync 1 DAGs
[2026-06-17T23:29:19.261+0000] {logging_mixin.py:190} INFO - [2026-06-17T23:29:19.260+0000] {dag.py:4180} INFO - Setting next_dagrun for extract_raw_data_pipeline to 2026-06-17 07:59:00+00:00, run_after=2026-06-18 07:00:00+00:00
[2026-06-17T23:29:19.274+0000] {processor.py:208} INFO - Processing /opt/airflow/dags/batch_generator.py took 0.140 seconds
[2026-06-17T23:29:49.539+0000] {processor.py:186} INFO - Started process (PID=4518) to work on /opt/airflow/dags/batch_generator.py
[2026-06-17T23:29:49.539+0000] {processor.py:914} INFO - Processing file /opt/airflow/dags/batch_generator.py for tasks to queue
[2026-06-17T23:29:49.541+0000] {logging_mixin.py:190} INFO - [2026-06-17T23:29:49.541+0000] {dagbag.py:588} INFO - Filling up the DagBag from /opt/airflow/dags/batch_generator.py
[2026-06-17T23:29:49.634+0000] {processor.py:925} INFO - DAG(s) 'extract_raw_data_pipeline' retrieved from /opt/airflow/dags/batch_generator.py
[2026-06-17T23:29:49.651+0000] {logging_mixin.py:190} INFO - [2026-06-17T23:29:49.651+0000] {dag.py:3239} INFO - Sync 1 DAGs
[2026-06-17T23:29:49.665+0000] {logging_mixin.py:190} INFO - [2026-06-17T23:29:49.665+0000] {dag.py:4180} INFO - Setting next_dagrun for extract_raw_data_pipeline to 2026-06-17 07:59:00+00:00, run_after=2026-06-18 07:00:00+00:00
[2026-06-17T23:29:49.680+0000] {processor.py:208} INFO - Processing /opt/airflow/dags/batch_generator.py took 0.145 seconds
[2026-06-17T23:30:19.803+0000] {processor.py:186} INFO - Started process (PID=4526) to work on /opt/airflow/dags/batch_generator.py
[2026-06-17T23:30:19.804+0000] {processor.py:914} INFO - Processing file /opt/airflow/dags/batch_generator.py for tasks to queue
[2026-06-17T23:30:19.805+0000] {logging_mixin.py:190} INFO - [2026-06-17T23:30:19.805+0000] {dagbag.py:588} INFO - Filling up the DagBag from /opt/airflow/dags/batch_generator.py
[2026-06-17T23:30:19.893+0000] {processor.py:925} INFO - DAG(s) 'extract_raw_data_pipeline' retrieved from /opt/airflow/dags/batch_generator.py
[2026-06-17T23:30:19.910+0000] {logging_mixin.py:190} INFO - [2026-06-17T23:30:19.910+0000] {dag.py:3239} INFO - Sync 1 DAGs
[2026-06-17T23:30:19.924+0000] {logging_mixin.py:190} INFO - [2026-06-17T23:30:19.923+0000] {dag.py:4180} INFO - Setting next_dagrun for extract_raw_data_pipeline to 2026-06-17 07:59:00+00:00, run_after=2026-06-18 07:00:00+00:00
[2026-06-17T23:30:19.936+0000] {processor.py:208} INFO - Processing /opt/airflow/dags/batch_generator.py took 0.137 seconds
[2026-06-17T23:30:50.374+0000] {processor.py:186} INFO - Started process (PID=4534) to work on /opt/airflow/dags/batch_generator.py
[2026-06-17T23:30:50.375+0000] {processor.py:914} INFO - Processing file /opt/airflow/dags/batch_generator.py for tasks to queue
[2026-06-17T23:30:50.376+0000] {logging_mixin.py:190} INFO - [2026-06-17T23:30:50.376+0000] {dagbag.py:588} INFO - Filling up the DagBag from /opt/airflow/dags/batch_generator.py
[2026-06-17T23:30:50.461+0000] {processor.py:925} INFO - DAG(s) 'extract_raw_data_pipeline' retrieved from /opt/airflow/dags/batch_generator.py
[2026-06-17T23:30:50.477+0000] {logging_mixin.py:190} INFO - [2026-06-17T23:30:50.477+0000] {dag.py:3239} INFO - Sync 1 DAGs
[2026-06-17T23:30:50.490+0000] {logging_mixin.py:190} INFO - [2026-06-17T23:30:50.490+0000] {dag.py:4180} INFO - Setting next_dagrun for extract_raw_data_pipeline to 2026-06-17 07:59:00+00:00, run_after=2026-06-18 07:00:00+00:00
[2026-06-17T23:30:50.506+0000] {processor.py:208} INFO - Processing /opt/airflow/dags/batch_generator.py took 0.136 seconds
[2026-06-17T23:31:20.685+0000] {processor.py:186} INFO - Started process (PID=4542) to work on /opt/airflow/dags/batch_generator.py
[2026-06-17T23:31:20.685+0000] {processor.py:914} INFO - Processing file /opt/airflow/dags/batch_generator.py for tasks to queue
[2026-06-17T23:31:20.687+0000] {logging_mixin.py:190} INFO - [2026-06-17T23:31:20.687+0000] {dagbag.py:588} INFO - Filling up the DagBag from /opt/airflow/dags/batch_generator.py
[2026-06-17T23:31:20.774+0000] {processor.py:925} INFO - DAG(s) 'extract_raw_data_pipeline' retrieved from /opt/airflow/dags/batch_generator.py
[2026-06-17T23:31:20.788+0000] {logging_mixin.py:190} INFO - [2026-06-17T23:31:20.788+0000] {dag.py:3239} INFO - Sync 1 DAGs
[2026-06-17T23:31:20.802+0000] {logging_mixin.py:190} INFO - [2026-06-17T23:31:20.802+0000] {dag.py:4180} INFO - Setting next_dagrun for extract_raw_data_pipeline to 2026-06-17 07:59:00+00:00, run_after=2026-06-18 07:00:00+00:00
[2026-06-17T23:31:20.815+0000] {processor.py:208} INFO - Processing /opt/airflow/dags/batch_generator.py took 0.134 seconds
[2026-06-17T23:31:51.080+0000] {processor.py:186} INFO - Started process (PID=4550) to work on /opt/airflow/dags/batch_generator.py
[2026-06-17T23:31:51.081+0000] {processor.py:914} INFO - Processing file /opt/airflow/dags/batch_generator.py for tasks to queue
[2026-06-17T23:31:51.083+0000] {logging_mixin.py:190} INFO - [2026-06-17T23:31:51.083+0000] {dagbag.py:588} INFO - Filling up the DagBag from /opt/airflow/dags/batch_generator.py
[2026-06-17T23:31:51.182+0000] {processor.py:925} INFO - DAG(s) 'extract_raw_data_pipeline' retrieved from /opt/airflow/dags/batch_generator.py
[2026-06-17T23:31:51.198+0000] {logging_mixin.py:190} INFO - [2026-06-17T23:31:51.198+0000] {dag.py:3239} INFO - Sync 1 DAGs
[2026-06-17T23:31:51.211+0000] {logging_mixin.py:190} INFO - [2026-06-17T23:31:51.211+0000] {dag.py:4180} INFO - Setting next_dagrun for extract_raw_data_pipeline to 2026-06-17 07:59:00+00:00, run_after=2026-06-18 07:00:00+00:00
[2026-06-17T23:31:51.227+0000] {processor.py:208} INFO - Processing /opt/airflow/dags/batch_generator.py took 0.151 seconds
[2026-06-17T23:32:21.569+0000] {processor.py:186} INFO - Started process (PID=4558) to work on /opt/airflow/dags/batch_generator.py
[2026-06-17T23:32:21.569+0000] {processor.py:914} INFO - Processing file /opt/airflow/dags/batch_generator.py for tasks to queue
[2026-06-17T23:32:21.571+0000] {logging_mixin.py:190} INFO - [2026-06-17T23:32:21.571+0000] {dagbag.py:588} INFO - Filling up the DagBag from /opt/airflow/dags/batch_generator.py
[2026-06-17T23:32:21.666+0000] {processor.py:925} INFO - DAG(s) 'extract_raw_data_pipeline' retrieved from /opt/airflow/dags/batch_generator.py
[2026-06-17T23:32:21.683+0000] {logging_mixin.py:190} INFO - [2026-06-17T23:32:21.683+0000] {dag.py:3239} INFO - Sync 1 DAGs
[2026-06-17T23:32:21.698+0000] {logging_mixin.py:190} INFO - [2026-06-17T23:32:21.698+0000] {dag.py:4180} INFO - Setting next_dagrun for extract_raw_data_pipeline to 2026-06-17 07:59:00+00:00, run_after=2026-06-18 07:00:00+00:00
[2026-06-17T23:32:21.712+0000] {processor.py:208} INFO - Processing /opt/airflow/dags/batch_generator.py took 0.147 seconds
[2026-06-17T23:32:51.832+0000] {processor.py:186} INFO - Started process (PID=4566) to work on /opt/airflow/dags/batch_generator.py
[2026-06-17T23:32:51.833+0000] {processor.py:914} INFO - Processing file /opt/airflow/dags/batch_generator.py for tasks to queue
[2026-06-17T23:32:51.834+0000] {logging_mixin.py:190} INFO - [2026-06-17T23:32:51.834+0000] {dagbag.py:588} INFO - Filling up the DagBag from /opt/airflow/dags/batch_generator.py
[2026-06-17T23:32:51.927+0000] {processor.py:925} INFO - DAG(s) 'extract_raw_data_pipeline' retrieved from /opt/airflow/dags/batch_generator.py
[2026-06-17T23:32:51.944+0000] {logging_mixin.py:190} INFO - [2026-06-17T23:32:51.944+0000] {dag.py:3239} INFO - Sync 1 DAGs
[2026-06-17T23:32:51.957+0000] {logging_mixin.py:190} INFO - [2026-06-17T23:32:51.957+0000] {dag.py:4180} INFO - Setting next_dagrun for extract_raw_data_pipeline to 2026-06-17 07:59:00+00:00, run_after=2026-06-18 07:00:00+00:00
[2026-06-17T23:32:51.972+0000] {processor.py:208} INFO - Processing /opt/airflow/dags/batch_generator.py took 0.144 seconds
[2026-06-17T23:33:22.275+0000] {processor.py:186} INFO - Started process (PID=4574) to work on /opt/airflow/dags/batch_generator.py
[2026-06-17T23:33:22.276+0000] {processor.py:914} INFO - Processing file /opt/airflow/dags/batch_generator.py for tasks to queue
[2026-06-17T23:33:22.277+0000] {logging_mixin.py:190} INFO - [2026-06-17T23:33:22.277+0000] {dagbag.py:588} INFO - Filling up the DagBag from /opt/airflow/dags/batch_generator.py
[2026-06-17T23:33:22.371+0000] {processor.py:925} INFO - DAG(s) 'extract_raw_data_pipeline' retrieved from /opt/airflow/dags/batch_generator.py
[2026-06-17T23:33:22.386+0000] {logging_mixin.py:190} INFO - [2026-06-17T23:33:22.386+0000] {dag.py:3239} INFO - Sync 1 DAGs
[2026-06-17T23:33:22.401+0000] {logging_mixin.py:190} INFO - [2026-06-17T23:33:22.401+0000] {dag.py:4180} INFO - Setting next_dagrun for extract_raw_data_pipeline to 2026-06-17 07:59:00+00:00, run_after=2026-06-18 07:00:00+00:00
[2026-06-17T23:33:22.414+0000] {processor.py:208} INFO - Processing /opt/airflow/dags/batch_generator.py took 0.142 seconds
[2026-06-17T23:33:52.577+0000] {processor.py:186} INFO - Started process (PID=4582) to work on /opt/airflow/dags/batch_generator.py
[2026-06-17T23:33:52.578+0000] {processor.py:914} INFO - Processing file /opt/airflow/dags/batch_generator.py for tasks to queue
[2026-06-17T23:33:52.580+0000] {logging_mixin.py:190} INFO - [2026-06-17T23:33:52.579+0000] {dagbag.py:588} INFO - Filling up the DagBag from /opt/airflow/dags/batch_generator.py
[2026-06-17T23:33:52.690+0000] {processor.py:925} INFO - DAG(s) 'extract_raw_data_pipeline' retrieved from /opt/airflow/dags/batch_generator.py
[2026-06-17T23:33:52.707+0000] {logging_mixin.py:190} INFO - [2026-06-17T23:33:52.707+0000] {dag.py:3239} INFO - Sync 1 DAGs
[2026-06-17T23:33:52.721+0000] {logging_mixin.py:190} INFO - [2026-06-17T23:33:52.721+0000] {dag.py:4180} INFO - Setting next_dagrun for extract_raw_data_pipeline to 2026-06-17 07:59:00+00:00, run_after=2026-06-18 07:00:00+00:00
[2026-06-17T23:33:52.735+0000] {processor.py:208} INFO - Processing /opt/airflow/dags/batch_generator.py took 0.162 seconds
[2026-06-17T23:34:22.927+0000] {processor.py:186} INFO - Started process (PID=4590) to work on /opt/airflow/dags/batch_generator.py
[2026-06-17T23:34:22.928+0000] {processor.py:914} INFO - Processing file /opt/airflow/dags/batch_generator.py for tasks to queue
[2026-06-17T23:34:22.930+0000] {logging_mixin.py:190} INFO - [2026-06-17T23:34:22.929+0000] {dagbag.py:588} INFO - Filling up the DagBag from /opt/airflow/dags/batch_generator.py
[2026-06-17T23:34:23.025+0000] {processor.py:925} INFO - DAG(s) 'extract_raw_data_pipeline' retrieved from /opt/airflow/dags/batch_generator.py
[2026-06-17T23:34:23.041+0000] {logging_mixin.py:190} INFO - [2026-06-17T23:34:23.041+0000] {dag.py:3239} INFO - Sync 1 DAGs
[2026-06-17T23:34:23.054+0000] {logging_mixin.py:190} INFO - [2026-06-17T23:34:23.054+0000] {dag.py:4180} INFO - Setting next_dagrun for extract_raw_data_pipeline to 2026-06-17 07:59:00+00:00, run_after=2026-06-18 07:00:00+00:00
[2026-06-17T23:34:23.069+0000] {processor.py:208} INFO - Processing /opt/airflow/dags/batch_generator.py took 0.145 seconds
[2026-06-17T23:34:53.219+0000] {processor.py:186} INFO - Started process (PID=4598) to work on /opt/airflow/dags/batch_generator.py
[2026-06-17T23:34:53.220+0000] {processor.py:914} INFO - Processing file /opt/airflow/dags/batch_generator.py for tasks to queue
[2026-06-17T23:34:53.222+0000] {logging_mixin.py:190} INFO - [2026-06-17T23:34:53.221+0000] {dagbag.py:588} INFO - Filling up the DagBag from /opt/airflow/dags/batch_generator.py
[2026-06-17T23:34:53.306+0000] {processor.py:925} INFO - DAG(s) 'extract_raw_data_pipeline' retrieved from /opt/airflow/dags/batch_generator.py
[2026-06-17T23:34:53.327+0000] {logging_mixin.py:190} INFO - [2026-06-17T23:34:53.327+0000] {dag.py:3239} INFO - Sync 1 DAGs
[2026-06-17T23:34:53.342+0000] {logging_mixin.py:190} INFO - [2026-06-17T23:34:53.342+0000] {dag.py:4180} INFO - Setting next_dagrun for extract_raw_data_pipeline to 2026-06-17 07:59:00+00:00, run_after=2026-06-18 07:00:00+00:00
[2026-06-17T23:34:53.356+0000] {processor.py:208} INFO - Processing /opt/airflow/dags/batch_generator.py took 0.140 seconds
[2026-06-17T23:35:23.517+0000] {processor.py:186} INFO - Started process (PID=4606) to work on /opt/airflow/dags/batch_generator.py
[2026-06-17T23:35:23.517+0000] {processor.py:914} INFO - Processing file /opt/airflow/dags/batch_generator.py for tasks to queue
[2026-06-17T23:35:23.519+0000] {logging_mixin.py:190} INFO - [2026-06-17T23:35:23.519+0000] {dagbag.py:588} INFO - Filling up the DagBag from /opt/airflow/dags/batch_generator.py
[2026-06-17T23:35:23.608+0000] {processor.py:925} INFO - DAG(s) 'extract_raw_data_pipeline' retrieved from /opt/airflow/dags/batch_generator.py
[2026-06-17T23:35:23.625+0000] {logging_mixin.py:190} INFO - [2026-06-17T23:35:23.625+0000] {dag.py:3239} INFO - Sync 1 DAGs
[2026-06-17T23:35:23.640+0000] {logging_mixin.py:190} INFO - [2026-06-17T23:35:23.640+0000] {dag.py:4180} INFO - Setting next_dagrun for extract_raw_data_pipeline to 2026-06-17 07:59:00+00:00, run_after=2026-06-18 07:00:00+00:00
[2026-06-17T23:35:23.654+0000] {processor.py:208} INFO - Processing /opt/airflow/dags/batch_generator.py took 0.141 seconds
[2026-06-17T23:35:53.918+0000] {processor.py:186} INFO - Started process (PID=4614) to work on /opt/airflow/dags/batch_generator.py
[2026-06-17T23:35:53.918+0000] {processor.py:914} INFO - Processing file /opt/airflow/dags/batch_generator.py for tasks to queue
[2026-06-17T23:35:53.920+0000] {logging_mixin.py:190} INFO - [2026-06-17T23:35:53.920+0000] {dagbag.py:588} INFO - Filling up the DagBag from /opt/airflow/dags/batch_generator.py
[2026-06-17T23:35:54.013+0000] {processor.py:925} INFO - DAG(s) 'extract_raw_data_pipeline' retrieved from /opt/airflow/dags/batch_generator.py
[2026-06-17T23:35:54.028+0000] {logging_mixin.py:190} INFO - [2026-06-17T23:35:54.027+0000] {dag.py:3239} INFO - Sync 1 DAGs
[2026-06-17T23:35:54.040+0000] {logging_mixin.py:190} INFO - [2026-06-17T23:35:54.040+0000] {dag.py:4180} INFO - Setting next_dagrun for extract_raw_data_pipeline to 2026-06-17 07:59:00+00:00, run_after=2026-06-18 07:00:00+00:00
[2026-06-17T23:35:54.053+0000] {processor.py:208} INFO - Processing /opt/airflow/dags/batch_generator.py took 0.138 seconds
[2026-06-17T23:36:24.259+0000] {processor.py:186} INFO - Started process (PID=4622) to work on /opt/airflow/dags/batch_generator.py
[2026-06-17T23:36:24.259+0000] {processor.py:914} INFO - Processing file /opt/airflow/dags/batch_generator.py for tasks to queue
[2026-06-17T23:36:24.261+0000] {logging_mixin.py:190} INFO - [2026-06-17T23:36:24.261+0000] {dagbag.py:588} INFO - Filling up the DagBag from /opt/airflow/dags/batch_generator.py
[2026-06-17T23:36:24.354+0000] {processor.py:925} INFO - DAG(s) 'extract_raw_data_pipeline' retrieved from /opt/airflow/dags/batch_generator.py
[2026-06-17T23:36:24.370+0000] {logging_mixin.py:190} INFO - [2026-06-17T23:36:24.370+0000] {dag.py:3239} INFO - Sync 1 DAGs
[2026-06-17T23:36:24.383+0000] {logging_mixin.py:190} INFO - [2026-06-17T23:36:24.383+0000] {dag.py:4180} INFO - Setting next_dagrun for extract_raw_data_pipeline to 2026-06-17 07:59:00+00:00, run_after=2026-06-18 07:00:00+00:00
[2026-06-17T23:36:24.396+0000] {processor.py:208} INFO - Processing /opt/airflow/dags/batch_generator.py took 0.142 seconds
[2026-06-17T23:36:54.678+0000] {processor.py:186} INFO - Started process (PID=4630) to work on /opt/airflow/dags/batch_generator.py
[2026-06-17T23:36:54.679+0000] {processor.py:914} INFO - Processing file /opt/airflow/dags/batch_generator.py for tasks to queue
[2026-06-17T23:36:54.680+0000] {logging_mixin.py:190} INFO - [2026-06-17T23:36:54.680+0000] {dagbag.py:588} INFO - Filling up the DagBag from /opt/airflow/dags/batch_generator.py
[2026-06-17T23:36:54.771+0000] {processor.py:925} INFO - DAG(s) 'extract_raw_data_pipeline' retrieved from /opt/airflow/dags/batch_generator.py
[2026-06-17T23:36:54.787+0000] {logging_mixin.py:190} INFO - [2026-06-17T23:36:54.787+0000] {dag.py:3239} INFO - Sync 1 DAGs
[2026-06-17T23:36:54.801+0000] {logging_mixin.py:190} INFO - [2026-06-17T23:36:54.801+0000] {dag.py:4180} INFO - Setting next_dagrun for extract_raw_data_pipeline to 2026-06-17 07:59:00+00:00, run_after=2026-06-18 07:00:00+00:00
[2026-06-17T23:36:54.814+0000] {processor.py:208} INFO - Processing /opt/airflow/dags/batch_generator.py took 0.139 seconds
[2026-06-17T23:37:24.923+0000] {processor.py:186} INFO - Started process (PID=4638) to work on /opt/airflow/dags/batch_generator.py
[2026-06-17T23:37:24.924+0000] {processor.py:914} INFO - Processing file /opt/airflow/dags/batch_generator.py for tasks to queue
[2026-06-17T23:37:24.925+0000] {logging_mixin.py:190} INFO - [2026-06-17T23:37:24.925+0000] {dagbag.py:588} INFO - Filling up the DagBag from /opt/airflow/dags/batch_generator.py
[2026-06-17T23:37:25.018+0000] {processor.py:925} INFO - DAG(s) 'extract_raw_data_pipeline' retrieved from /opt/airflow/dags/batch_generator.py
[2026-06-17T23:37:25.034+0000] {logging_mixin.py:190} INFO - [2026-06-17T23:37:25.034+0000] {dag.py:3239} INFO - Sync 1 DAGs
[2026-06-17T23:37:25.049+0000] {logging_mixin.py:190} INFO - [2026-06-17T23:37:25.049+0000] {dag.py:4180} INFO - Setting next_dagrun for extract_raw_data_pipeline to 2026-06-17 07:59:00+00:00, run_after=2026-06-18 07:00:00+00:00
[2026-06-17T23:37:25.062+0000] {processor.py:208} INFO - Processing /opt/airflow/dags/batch_generator.py took 0.142 seconds
[2026-06-17T23:37:55.276+0000] {processor.py:186} INFO - Started process (PID=4646) to work on /opt/airflow/dags/batch_generator.py
[2026-06-17T23:37:55.276+0000] {processor.py:914} INFO - Processing file /opt/airflow/dags/batch_generator.py for tasks to queue
[2026-06-17T23:37:55.278+0000] {logging_mixin.py:190} INFO - [2026-06-17T23:37:55.278+0000] {dagbag.py:588} INFO - Filling up the DagBag from /opt/airflow/dags/batch_generator.py
[2026-06-17T23:37:55.368+0000] {processor.py:925} INFO - DAG(s) 'extract_raw_data_pipeline' retrieved from /opt/airflow/dags/batch_generator.py
[2026-06-17T23:37:55.384+0000] {logging_mixin.py:190} INFO - [2026-06-17T23:37:55.384+0000] {dag.py:3239} INFO - Sync 1 DAGs
[2026-06-17T23:37:55.398+0000] {logging_mixin.py:190} INFO - [2026-06-17T23:37:55.398+0000] {dag.py:4180} INFO - Setting next_dagrun for extract_raw_data_pipeline to 2026-06-17 07:59:00+00:00, run_after=2026-06-18 07:00:00+00:00
[2026-06-17T23:37:55.411+0000] {processor.py:208} INFO - Processing /opt/airflow/dags/batch_generator.py took 0.139 seconds
[2026-06-17T23:38:25.564+0000] {processor.py:186} INFO - Started process (PID=4654) to work on /opt/airflow/dags/batch_generator.py
[2026-06-17T23:38:25.564+0000] {processor.py:914} INFO - Processing file /opt/airflow/dags/batch_generator.py for tasks to queue
[2026-06-17T23:38:25.566+0000] {logging_mixin.py:190} INFO - [2026-06-17T23:38:25.566+0000] {dagbag.py:588} INFO - Filling up the DagBag from /opt/airflow/dags/batch_generator.py
[2026-06-17T23:38:25.658+0000] {processor.py:925} INFO - DAG(s) 'extract_raw_data_pipeline' retrieved from /opt/airflow/dags/batch_generator.py
[2026-06-17T23:38:25.674+0000] {logging_mixin.py:190} INFO - [2026-06-17T23:38:25.674+0000] {dag.py:3239} INFO - Sync 1 DAGs
[2026-06-17T23:38:25.688+0000] {logging_mixin.py:190} INFO - [2026-06-17T23:38:25.688+0000] {dag.py:4180} INFO - Setting next_dagrun for extract_raw_data_pipeline to 2026-06-17 07:59:00+00:00, run_after=2026-06-18 07:00:00+00:00
[2026-06-17T23:38:25.701+0000] {processor.py:208} INFO - Processing /opt/airflow/dags/batch_generator.py took 0.141 seconds
[2026-06-17T23:38:55.931+0000] {processor.py:186} INFO - Started process (PID=4662) to work on /opt/airflow/dags/batch_generator.py
[2026-06-17T23:38:55.932+0000] {processor.py:914} INFO - Processing file /opt/airflow/dags/batch_generator.py for tasks to queue
[2026-06-17T23:38:55.933+0000] {logging_mixin.py:190} INFO - [2026-06-17T23:38:55.933+0000] {dagbag.py:588} INFO - Filling up the DagBag from /opt/airflow/dags/batch_generator.py
[2026-06-17T23:38:56.027+0000] {processor.py:925} INFO - DAG(s) 'extract_raw_data_pipeline' retrieved from /opt/airflow/dags/batch_generator.py
[2026-06-17T23:38:56.043+0000] {logging_mixin.py:190} INFO - [2026-06-17T23:38:56.043+0000] {dag.py:3239} INFO - Sync 1 DAGs
[2026-06-17T23:38:56.058+0000] {logging_mixin.py:190} INFO - [2026-06-17T23:38:56.057+0000] {dag.py:4180} INFO - Setting next_dagrun for extract_raw_data_pipeline to 2026-06-17 07:59:00+00:00, run_after=2026-06-18 07:00:00+00:00
[2026-06-17T23:38:56.073+0000] {processor.py:208} INFO - Processing /opt/airflow/dags/batch_generator.py took 0.145 seconds
[2026-06-17T23:39:26.294+0000] {processor.py:186} INFO - Started process (PID=4671) to work on /opt/airflow/dags/batch_generator.py
[2026-06-17T23:39:26.295+0000] {processor.py:914} INFO - Processing file /opt/airflow/dags/batch_generator.py for tasks to queue
[2026-06-17T23:39:26.296+0000] {logging_mixin.py:190} INFO - [2026-06-17T23:39:26.296+0000] {dagbag.py:588} INFO - Filling up the DagBag from /opt/airflow/dags/batch_generator.py
[2026-06-17T23:39:26.390+0000] {processor.py:925} INFO - DAG(s) 'extract_raw_data_pipeline' retrieved from /opt/airflow/dags/batch_generator.py
[2026-06-17T23:39:26.406+0000] {logging_mixin.py:190} INFO - [2026-06-17T23:39:26.406+0000] {dag.py:3239} INFO - Sync 1 DAGs
[2026-06-17T23:39:26.421+0000] {logging_mixin.py:190} INFO - [2026-06-17T23:39:26.421+0000] {dag.py:4180} INFO - Setting next_dagrun for extract_raw_data_pipeline to 2026-06-17 07:59:00+00:00, run_after=2026-06-18 07:00:00+00:00
[2026-06-17T23:39:26.436+0000] {processor.py:208} INFO - Processing /opt/airflow/dags/batch_generator.py took 0.145 seconds
[2026-06-17T23:39:56.576+0000] {processor.py:186} INFO - Started process (PID=4679) to work on /opt/airflow/dags/batch_generator.py
[2026-06-17T23:39:56.576+0000] {processor.py:914} INFO - Processing file /opt/airflow/dags/batch_generator.py for tasks to queue
[2026-06-17T23:39:56.578+0000] {logging_mixin.py:190} INFO - [2026-06-17T23:39:56.578+0000] {dagbag.py:588} INFO - Filling up the DagBag from /opt/airflow/dags/batch_generator.py
[2026-06-17T23:39:56.676+0000] {processor.py:925} INFO - DAG(s) 'extract_raw_data_pipeline' retrieved from /opt/airflow/dags/batch_generator.py
[2026-06-17T23:39:56.695+0000] {logging_mixin.py:190} INFO - [2026-06-17T23:39:56.695+0000] {dag.py:3239} INFO - Sync 1 DAGs
[2026-06-17T23:39:56.709+0000] {logging_mixin.py:190} INFO - [2026-06-17T23:39:56.709+0000] {dag.py:4180} INFO - Setting next_dagrun for extract_raw_data_pipeline to 2026-06-17 07:59:00+00:00, run_after=2026-06-18 07:00:00+00:00
[2026-06-17T23:39:56.727+0000] {processor.py:208} INFO - Processing /opt/airflow/dags/batch_generator.py took 0.155 seconds
[2026-06-17T23:40:26.975+0000] {processor.py:186} INFO - Started process (PID=4687) to work on /opt/airflow/dags/batch_generator.py
[2026-06-17T23:40:26.975+0000] {processor.py:914} INFO - Processing file /opt/airflow/dags/batch_generator.py for tasks to queue
[2026-06-17T23:40:26.977+0000] {logging_mixin.py:190} INFO - [2026-06-17T23:40:26.977+0000] {dagbag.py:588} INFO - Filling up the DagBag from /opt/airflow/dags/batch_generator.py
[2026-06-17T23:40:27.068+0000] {processor.py:925} INFO - DAG(s) 'extract_raw_data_pipeline' retrieved from /opt/airflow/dags/batch_generator.py
[2026-06-17T23:40:27.083+0000] {logging_mixin.py:190} INFO - [2026-06-17T23:40:27.083+0000] {dag.py:3239} INFO - Sync 1 DAGs
[2026-06-17T23:40:27.098+0000] {logging_mixin.py:190} INFO - [2026-06-17T23:40:27.098+0000] {dag.py:4180} INFO - Setting next_dagrun for extract_raw_data_pipeline to 2026-06-17 07:59:00+00:00, run_after=2026-06-18 07:00:00+00:00
[2026-06-17T23:40:27.112+0000] {processor.py:208} INFO - Processing /opt/airflow/dags/batch_generator.py took 0.141 seconds
[2026-06-17T23:40:57.262+0000] {processor.py:186} INFO - Started process (PID=4695) to work on /opt/airflow/dags/batch_generator.py
[2026-06-17T23:40:57.262+0000] {processor.py:914} INFO - Processing file /opt/airflow/dags/batch_generator.py for tasks to queue
[2026-06-17T23:40:57.264+0000] {logging_mixin.py:190} INFO - [2026-06-17T23:40:57.263+0000] {dagbag.py:588} INFO - Filling up the DagBag from /opt/airflow/dags/batch_generator.py
[2026-06-17T23:40:57.354+0000] {processor.py:925} INFO - DAG(s) 'extract_raw_data_pipeline' retrieved from /opt/airflow/dags/batch_generator.py
[2026-06-17T23:40:57.371+0000] {logging_mixin.py:190} INFO - [2026-06-17T23:40:57.371+0000] {dag.py:3239} INFO - Sync 1 DAGs
[2026-06-17T23:40:57.383+0000] {logging_mixin.py:190} INFO - [2026-06-17T23:40:57.383+0000] {dag.py:4180} INFO - Setting next_dagrun for extract_raw_data_pipeline to 2026-06-17 07:59:00+00:00, run_after=2026-06-18 07:00:00+00:00
[2026-06-17T23:40:57.397+0000] {processor.py:208} INFO - Processing /opt/airflow/dags/batch_generator.py took 0.139 seconds
[2026-06-17T23:41:27.607+0000] {processor.py:186} INFO - Started process (PID=4703) to work on /opt/airflow/dags/batch_generator.py
[2026-06-17T23:41:27.607+0000] {processor.py:914} INFO - Processing file /opt/airflow/dags/batch_generator.py for tasks to queue
[2026-06-17T23:41:27.609+0000] {logging_mixin.py:190} INFO - [2026-06-17T23:41:27.608+0000] {dagbag.py:588} INFO - Filling up the DagBag from /opt/airflow/dags/batch_generator.py
[2026-06-17T23:41:27.706+0000] {processor.py:925} INFO - DAG(s) 'extract_raw_data_pipeline' retrieved from /opt/airflow/dags/batch_generator.py
[2026-06-17T23:41:27.722+0000] {logging_mixin.py:190} INFO - [2026-06-17T23:41:27.722+0000] {dag.py:3239} INFO - Sync 1 DAGs
[2026-06-17T23:41:27.736+0000] {logging_mixin.py:190} INFO - [2026-06-17T23:41:27.736+0000] {dag.py:4180} INFO - Setting next_dagrun for extract_raw_data_pipeline to 2026-06-17 07:59:00+00:00, run_after=2026-06-18 07:00:00+00:00
[2026-06-17T23:41:27.750+0000] {processor.py:208} INFO - Processing /opt/airflow/dags/batch_generator.py took 0.147 seconds
[2026-06-17T23:41:57.861+0000] {processor.py:186} INFO - Started process (PID=4711) to work on /opt/airflow/dags/batch_generator.py
[2026-06-17T23:41:57.861+0000] {processor.py:914} INFO - Processing file /opt/airflow/dags/batch_generator.py for tasks to queue
[2026-06-17T23:41:57.863+0000] {logging_mixin.py:190} INFO - [2026-06-17T23:41:57.863+0000] {dagbag.py:588} INFO - Filling up the DagBag from /opt/airflow/dags/batch_generator.py
[2026-06-17T23:41:57.952+0000] {processor.py:925} INFO - DAG(s) 'extract_raw_data_pipeline' retrieved from /opt/airflow/dags/batch_generator.py
[2026-06-17T23:41:57.969+0000] {logging_mixin.py:190} INFO - [2026-06-17T23:41:57.969+0000] {dag.py:3239} INFO - Sync 1 DAGs
[2026-06-17T23:41:57.983+0000] {logging_mixin.py:190} INFO - [2026-06-17T23:41:57.983+0000] {dag.py:4180} INFO - Setting next_dagrun for extract_raw_data_pipeline to 2026-06-17 07:59:00+00:00, run_after=2026-06-18 07:00:00+00:00
[2026-06-17T23:41:57.996+0000] {processor.py:208} INFO - Processing /opt/airflow/dags/batch_generator.py took 0.138 seconds
[2026-06-17T23:42:28.277+0000] {processor.py:186} INFO - Started process (PID=4719) to work on /opt/airflow/dags/batch_generator.py
[2026-06-17T23:42:28.278+0000] {processor.py:914} INFO - Processing file /opt/airflow/dags/batch_generator.py for tasks to queue
[2026-06-17T23:42:28.279+0000] {logging_mixin.py:190} INFO - [2026-06-17T23:42:28.279+0000] {dagbag.py:588} INFO - Filling up the DagBag from /opt/airflow/dags/batch_generator.py
[2026-06-17T23:42:28.371+0000] {processor.py:925} INFO - DAG(s) 'extract_raw_data_pipeline' retrieved from /opt/airflow/dags/batch_generator.py
[2026-06-17T23:42:28.386+0000] {logging_mixin.py:190} INFO - [2026-06-17T23:42:28.386+0000] {dag.py:3239} INFO - Sync 1 DAGs
[2026-06-17T23:42:28.400+0000] {logging_mixin.py:190} INFO - [2026-06-17T23:42:28.400+0000] {dag.py:4180} INFO - Setting next_dagrun for extract_raw_data_pipeline to 2026-06-17 07:59:00+00:00, run_after=2026-06-18 07:00:00+00:00
[2026-06-17T23:42:28.416+0000] {processor.py:208} INFO - Processing /opt/airflow/dags/batch_generator.py took 0.142 seconds
[2026-06-17T23:42:58.508+0000] {processor.py:186} INFO - Started process (PID=4727) to work on /opt/airflow/dags/batch_generator.py
[2026-06-17T23:42:58.508+0000] {processor.py:914} INFO - Processing file /opt/airflow/dags/batch_generator.py for tasks to queue
[2026-06-17T23:42:58.510+0000] {logging_mixin.py:190} INFO - [2026-06-17T23:42:58.510+0000] {dagbag.py:588} INFO - Filling up the DagBag from /opt/airflow/dags/batch_generator.py
[2026-06-17T23:42:58.601+0000] {processor.py:925} INFO - DAG(s) 'extract_raw_data_pipeline' retrieved from /opt/airflow/dags/batch_generator.py
[2026-06-17T23:42:58.618+0000] {logging_mixin.py:190} INFO - [2026-06-17T23:42:58.618+0000] {dag.py:3239} INFO - Sync 1 DAGs
[2026-06-17T23:42:58.632+0000] {logging_mixin.py:190} INFO - [2026-06-17T23:42:58.632+0000] {dag.py:4180} INFO - Setting next_dagrun for extract_raw_data_pipeline to 2026-06-17 07:59:00+00:00, run_after=2026-06-18 07:00:00+00:00
[2026-06-17T23:42:58.651+0000] {processor.py:208} INFO - Processing /opt/airflow/dags/batch_generator.py took 0.147 seconds
[2026-06-17T23:43:28.911+0000] {processor.py:186} INFO - Started process (PID=4735) to work on /opt/airflow/dags/batch_generator.py
[2026-06-17T23:43:28.911+0000] {processor.py:914} INFO - Processing file /opt/airflow/dags/batch_generator.py for tasks to queue
[2026-06-17T23:43:28.912+0000] {logging_mixin.py:190} INFO - [2026-06-17T23:43:28.912+0000] {dagbag.py:588} INFO - Filling up the DagBag from /opt/airflow/dags/batch_generator.py
[2026-06-17T23:43:29.009+0000] {processor.py:925} INFO - DAG(s) 'extract_raw_data_pipeline' retrieved from /opt/airflow/dags/batch_generator.py
[2026-06-17T23:43:29.025+0000] {logging_mixin.py:190} INFO - [2026-06-17T23:43:29.025+0000] {dag.py:3239} INFO - Sync 1 DAGs
[2026-06-17T23:43:29.039+0000] {logging_mixin.py:190} INFO - [2026-06-17T23:43:29.039+0000] {dag.py:4180} INFO - Setting next_dagrun for extract_raw_data_pipeline to 2026-06-17 07:59:00+00:00, run_after=2026-06-18 07:00:00+00:00
[2026-06-17T23:43:29.052+0000] {processor.py:208} INFO - Processing /opt/airflow/dags/batch_generator.py took 0.145 seconds
[2026-06-17T23:43:59.270+0000] {processor.py:186} INFO - Started process (PID=4743) to work on /opt/airflow/dags/batch_generator.py
[2026-06-17T23:43:59.270+0000] {processor.py:914} INFO - Processing file /opt/airflow/dags/batch_generator.py for tasks to queue
[2026-06-17T23:43:59.272+0000] {logging_mixin.py:190} INFO - [2026-06-17T23:43:59.272+0000] {dagbag.py:588} INFO - Filling up the DagBag from /opt/airflow/dags/batch_generator.py
[2026-06-17T23:43:59.361+0000] {processor.py:925} INFO - DAG(s) 'extract_raw_data_pipeline' retrieved from /opt/airflow/dags/batch_generator.py
[2026-06-17T23:43:59.380+0000] {logging_mixin.py:190} INFO - [2026-06-17T23:43:59.379+0000] {dag.py:3239} INFO - Sync 1 DAGs
[2026-06-17T23:43:59.394+0000] {logging_mixin.py:190} INFO - [2026-06-17T23:43:59.393+0000] {dag.py:4180} INFO - Setting next_dagrun for extract_raw_data_pipeline to 2026-06-17 07:59:00+00:00, run_after=2026-06-18 07:00:00+00:00
[2026-06-17T23:43:59.407+0000] {processor.py:208} INFO - Processing /opt/airflow/dags/batch_generator.py took 0.141 seconds
[2026-06-17T23:44:29.643+0000] {processor.py:186} INFO - Started process (PID=4751) to work on /opt/airflow/dags/batch_generator.py
[2026-06-17T23:44:29.644+0000] {processor.py:914} INFO - Processing file /opt/airflow/dags/batch_generator.py for tasks to queue
[2026-06-17T23:44:29.646+0000] {logging_mixin.py:190} INFO - [2026-06-17T23:44:29.645+0000] {dagbag.py:588} INFO - Filling up the DagBag from /opt/airflow/dags/batch_generator.py
[2026-06-17T23:44:29.735+0000] {processor.py:925} INFO - DAG(s) 'extract_raw_data_pipeline' retrieved from /opt/airflow/dags/batch_generator.py
[2026-06-17T23:44:29.751+0000] {logging_mixin.py:190} INFO - [2026-06-17T23:44:29.751+0000] {dag.py:3239} INFO - Sync 1 DAGs
[2026-06-17T23:44:29.766+0000] {logging_mixin.py:190} INFO - [2026-06-17T23:44:29.766+0000] {dag.py:4180} INFO - Setting next_dagrun for extract_raw_data_pipeline to 2026-06-17 07:59:00+00:00, run_after=2026-06-18 07:00:00+00:00
[2026-06-17T23:44:29.785+0000] {processor.py:208} INFO - Processing /opt/airflow/dags/batch_generator.py took 0.145 seconds
[2026-06-17T23:44:59.935+0000] {processor.py:186} INFO - Started process (PID=4759) to work on /opt/airflow/dags/batch_generator.py
[2026-06-17T23:44:59.936+0000] {processor.py:914} INFO - Processing file /opt/airflow/dags/batch_generator.py for tasks to queue
[2026-06-17T23:44:59.938+0000] {logging_mixin.py:190} INFO - [2026-06-17T23:44:59.937+0000] {dagbag.py:588} INFO - Filling up the DagBag from /opt/airflow/dags/batch_generator.py
[2026-06-17T23:45:00.027+0000] {processor.py:925} INFO - DAG(s) 'extract_raw_data_pipeline' retrieved from /opt/airflow/dags/batch_generator.py
[2026-06-17T23:45:00.041+0000] {logging_mixin.py:190} INFO - [2026-06-17T23:45:00.041+0000] {dag.py:3239} INFO - Sync 1 DAGs
[2026-06-17T23:45:00.054+0000] {logging_mixin.py:190} INFO - [2026-06-17T23:45:00.054+0000] {dag.py:4180} INFO - Setting next_dagrun for extract_raw_data_pipeline to 2026-06-17 07:59:00+00:00, run_after=2026-06-18 07:00:00+00:00
[2026-06-17T23:45:00.069+0000] {processor.py:208} INFO - Processing /opt/airflow/dags/batch_generator.py took 0.137 seconds
[2026-06-17T23:45:30.350+0000] {processor.py:186} INFO - Started process (PID=4767) to work on /opt/airflow/dags/batch_generator.py
[2026-06-17T23:45:30.351+0000] {processor.py:914} INFO - Processing file /opt/airflow/dags/batch_generator.py for tasks to queue
[2026-06-17T23:45:30.352+0000] {logging_mixin.py:190} INFO - [2026-06-17T23:45:30.352+0000] {dagbag.py:588} INFO - Filling up the DagBag from /opt/airflow/dags/batch_generator.py
[2026-06-17T23:45:30.451+0000] {processor.py:925} INFO - DAG(s) 'extract_raw_data_pipeline' retrieved from /opt/airflow/dags/batch_generator.py
[2026-06-17T23:45:30.468+0000] {logging_mixin.py:190} INFO - [2026-06-17T23:45:30.468+0000] {dag.py:3239} INFO - Sync 1 DAGs
[2026-06-17T23:45:30.483+0000] {logging_mixin.py:190} INFO - [2026-06-17T23:45:30.483+0000] {dag.py:4180} INFO - Setting next_dagrun for extract_raw_data_pipeline to 2026-06-17 07:59:00+00:00, run_after=2026-06-18 07:00:00+00:00
[2026-06-17T23:45:30.497+0000] {processor.py:208} INFO - Processing /opt/airflow/dags/batch_generator.py took 0.152 seconds
[2026-06-17T23:46:00.739+0000] {processor.py:186} INFO - Started process (PID=4775) to work on /opt/airflow/dags/batch_generator.py
[2026-06-17T23:46:00.740+0000] {processor.py:914} INFO - Processing file /opt/airflow/dags/batch_generator.py for tasks to queue
[2026-06-17T23:46:00.742+0000] {logging_mixin.py:190} INFO - [2026-06-17T23:46:00.741+0000] {dagbag.py:588} INFO - Filling up the DagBag from /opt/airflow/dags/batch_generator.py
[2026-06-17T23:46:00.838+0000] {processor.py:925} INFO - DAG(s) 'extract_raw_data_pipeline' retrieved from /opt/airflow/dags/batch_generator.py
[2026-06-17T23:46:00.855+0000] {logging_mixin.py:190} INFO - [2026-06-17T23:46:00.855+0000] {dag.py:3239} INFO - Sync 1 DAGs
[2026-06-17T23:46:00.870+0000] {logging_mixin.py:190} INFO - [2026-06-17T23:46:00.870+0000] {dag.py:4180} INFO - Setting next_dagrun for extract_raw_data_pipeline to 2026-06-17 07:59:00+00:00, run_after=2026-06-18 07:00:00+00:00
[2026-06-17T23:46:00.882+0000] {processor.py:208} INFO - Processing /opt/airflow/dags/batch_generator.py took 0.147 seconds
[2026-06-17T23:46:31.000+0000] {processor.py:186} INFO - Started process (PID=4783) to work on /opt/airflow/dags/batch_generator.py
[2026-06-17T23:46:31.001+0000] {processor.py:914} INFO - Processing file /opt/airflow/dags/batch_generator.py for tasks to queue
[2026-06-17T23:46:31.002+0000] {logging_mixin.py:190} INFO - [2026-06-17T23:46:31.002+0000] {dagbag.py:588} INFO - Filling up the DagBag from /opt/airflow/dags/batch_generator.py
[2026-06-17T23:46:31.103+0000] {processor.py:925} INFO - DAG(s) 'extract_raw_data_pipeline' retrieved from /opt/airflow/dags/batch_generator.py
[2026-06-17T23:46:31.121+0000] {logging_mixin.py:190} INFO - [2026-06-17T23:46:31.121+0000] {dag.py:3239} INFO - Sync 1 DAGs
[2026-06-17T23:46:31.135+0000] {logging_mixin.py:190} INFO - [2026-06-17T23:46:31.135+0000] {dag.py:4180} INFO - Setting next_dagrun for extract_raw_data_pipeline to 2026-06-17 07:59:00+00:00, run_after=2026-06-18 07:00:00+00:00
[2026-06-17T23:46:31.148+0000] {processor.py:208} INFO - Processing /opt/airflow/dags/batch_generator.py took 0.152 seconds
[2026-06-17T23:47:01.423+0000] {processor.py:186} INFO - Started process (PID=4791) to work on /opt/airflow/dags/batch_generator.py
[2026-06-17T23:47:01.424+0000] {processor.py:914} INFO - Processing file /opt/airflow/dags/batch_generator.py for tasks to queue
[2026-06-17T23:47:01.426+0000] {logging_mixin.py:190} INFO - [2026-06-17T23:47:01.425+0000] {dagbag.py:588} INFO - Filling up the DagBag from /opt/airflow/dags/batch_generator.py
[2026-06-17T23:47:01.520+0000] {processor.py:925} INFO - DAG(s) 'extract_raw_data_pipeline' retrieved from /opt/airflow/dags/batch_generator.py
[2026-06-17T23:47:01.537+0000] {logging_mixin.py:190} INFO - [2026-06-17T23:47:01.537+0000] {dag.py:3239} INFO - Sync 1 DAGs
[2026-06-17T23:47:01.551+0000] {logging_mixin.py:190} INFO - [2026-06-17T23:47:01.551+0000] {dag.py:4180} INFO - Setting next_dagrun for extract_raw_data_pipeline to 2026-06-17 07:59:00+00:00, run_after=2026-06-18 07:00:00+00:00
[2026-06-17T23:47:01.566+0000] {processor.py:208} INFO - Processing /opt/airflow/dags/batch_generator.py took 0.147 seconds
[2026-06-17T23:47:31.680+0000] {processor.py:186} INFO - Started process (PID=4799) to work on /opt/airflow/dags/batch_generator.py
[2026-06-17T23:47:31.681+0000] {processor.py:914} INFO - Processing file /opt/airflow/dags/batch_generator.py for tasks to queue
[2026-06-17T23:47:31.683+0000] {logging_mixin.py:190} INFO - [2026-06-17T23:47:31.682+0000] {dagbag.py:588} INFO - Filling up the DagBag from /opt/airflow/dags/batch_generator.py
[2026-06-17T23:47:31.781+0000] {processor.py:925} INFO - DAG(s) 'extract_raw_data_pipeline' retrieved from /opt/airflow/dags/batch_generator.py
[2026-06-17T23:47:31.800+0000] {logging_mixin.py:190} INFO - [2026-06-17T23:47:31.800+0000] {dag.py:3239} INFO - Sync 1 DAGs
[2026-06-17T23:47:31.815+0000] {logging_mixin.py:190} INFO - [2026-06-17T23:47:31.815+0000] {dag.py:4180} INFO - Setting next_dagrun for extract_raw_data_pipeline to 2026-06-17 07:59:00+00:00, run_after=2026-06-18 07:00:00+00:00
[2026-06-17T23:47:31.832+0000] {processor.py:208} INFO - Processing /opt/airflow/dags/batch_generator.py took 0.156 seconds
[2026-06-17T23:48:02.112+0000] {processor.py:186} INFO - Started process (PID=4807) to work on /opt/airflow/dags/batch_generator.py
[2026-06-17T23:48:02.113+0000] {processor.py:914} INFO - Processing file /opt/airflow/dags/batch_generator.py for tasks to queue
[2026-06-17T23:48:02.114+0000] {logging_mixin.py:190} INFO - [2026-06-17T23:48:02.114+0000] {dagbag.py:588} INFO - Filling up the DagBag from /opt/airflow/dags/batch_generator.py
[2026-06-17T23:48:02.204+0000] {processor.py:925} INFO - DAG(s) 'extract_raw_data_pipeline' retrieved from /opt/airflow/dags/batch_generator.py
[2026-06-17T23:48:02.220+0000] {logging_mixin.py:190} INFO - [2026-06-17T23:48:02.220+0000] {dag.py:3239} INFO - Sync 1 DAGs
[2026-06-17T23:48:02.235+0000] {logging_mixin.py:190} INFO - [2026-06-17T23:48:02.235+0000] {dag.py:4180} INFO - Setting next_dagrun for extract_raw_data_pipeline to 2026-06-17 07:59:00+00:00, run_after=2026-06-18 07:00:00+00:00
[2026-06-17T23:48:02.248+0000] {processor.py:208} INFO - Processing /opt/airflow/dags/batch_generator.py took 0.140 seconds
[2026-06-17T23:48:32.400+0000] {processor.py:186} INFO - Started process (PID=4815) to work on /opt/airflow/dags/batch_generator.py
[2026-06-17T23:48:32.402+0000] {processor.py:914} INFO - Processing file /opt/airflow/dags/batch_generator.py for tasks to queue
[2026-06-17T23:48:32.403+0000] {logging_mixin.py:190} INFO - [2026-06-17T23:48:32.403+0000] {dagbag.py:588} INFO - Filling up the DagBag from /opt/airflow/dags/batch_generator.py
[2026-06-17T23:48:32.496+0000] {processor.py:925} INFO - DAG(s) 'extract_raw_data_pipeline' retrieved from /opt/airflow/dags/batch_generator.py
[2026-06-17T23:48:32.513+0000] {logging_mixin.py:190} INFO - [2026-06-17T23:48:32.513+0000] {dag.py:3239} INFO - Sync 1 DAGs
[2026-06-17T23:48:32.527+0000] {logging_mixin.py:190} INFO - [2026-06-17T23:48:32.527+0000] {dag.py:4180} INFO - Setting next_dagrun for extract_raw_data_pipeline to 2026-06-17 07:59:00+00:00, run_after=2026-06-18 07:00:00+00:00
[2026-06-17T23:48:32.540+0000] {processor.py:208} INFO - Processing /opt/airflow/dags/batch_generator.py took 0.144 seconds
[2026-06-17T23:49:02.808+0000] {processor.py:186} INFO - Started process (PID=4823) to work on /opt/airflow/dags/batch_generator.py
[2026-06-17T23:49:02.808+0000] {processor.py:914} INFO - Processing file /opt/airflow/dags/batch_generator.py for tasks to queue
[2026-06-17T23:49:02.810+0000] {logging_mixin.py:190} INFO - [2026-06-17T23:49:02.810+0000] {dagbag.py:588} INFO - Filling up the DagBag from /opt/airflow/dags/batch_generator.py
[2026-06-17T23:49:02.900+0000] {processor.py:925} INFO - DAG(s) 'extract_raw_data_pipeline' retrieved from /opt/airflow/dags/batch_generator.py
[2026-06-17T23:49:02.917+0000] {logging_mixin.py:190} INFO - [2026-06-17T23:49:02.917+0000] {dag.py:3239} INFO - Sync 1 DAGs
[2026-06-17T23:49:02.931+0000] {logging_mixin.py:190} INFO - [2026-06-17T23:49:02.930+0000] {dag.py:4180} INFO - Setting next_dagrun for extract_raw_data_pipeline to 2026-06-17 07:59:00+00:00, run_after=2026-06-18 07:00:00+00:00
[2026-06-17T23:49:02.945+0000] {processor.py:208} INFO - Processing /opt/airflow/dags/batch_generator.py took 0.141 seconds
[2026-06-17T23:49:33.120+0000] {processor.py:186} INFO - Started process (PID=4831) to work on /opt/airflow/dags/batch_generator.py
[2026-06-17T23:49:33.120+0000] {processor.py:914} INFO - Processing file /opt/airflow/dags/batch_generator.py for tasks to queue
[2026-06-17T23:49:33.122+0000] {logging_mixin.py:190} INFO - [2026-06-17T23:49:33.122+0000] {dagbag.py:588} INFO - Filling up the DagBag from /opt/airflow/dags/batch_generator.py
[2026-06-17T23:49:33.213+0000] {processor.py:925} INFO - DAG(s) 'extract_raw_data_pipeline' retrieved from /opt/airflow/dags/batch_generator.py
[2026-06-17T23:49:33.229+0000] {logging_mixin.py:190} INFO - [2026-06-17T23:49:33.229+0000] {dag.py:3239} INFO - Sync 1 DAGs
[2026-06-17T23:49:33.243+0000] {logging_mixin.py:190} INFO - [2026-06-17T23:49:33.243+0000] {dag.py:4180} INFO - Setting next_dagrun for extract_raw_data_pipeline to 2026-06-17 07:59:00+00:00, run_after=2026-06-18 07:00:00+00:00
[2026-06-17T23:49:33.259+0000] {processor.py:208} INFO - Processing /opt/airflow/dags/batch_generator.py took 0.144 seconds
[2026-06-17T23:50:03.406+0000] {processor.py:186} INFO - Started process (PID=4839) to work on /opt/airflow/dags/batch_generator.py
[2026-06-17T23:50:03.407+0000] {processor.py:914} INFO - Processing file /opt/airflow/dags/batch_generator.py for tasks to queue
[2026-06-17T23:50:03.408+0000] {logging_mixin.py:190} INFO - [2026-06-17T23:50:03.408+0000] {dagbag.py:588} INFO - Filling up the DagBag from /opt/airflow/dags/batch_generator.py
[2026-06-17T23:50:03.498+0000] {processor.py:925} INFO - DAG(s) 'extract_raw_data_pipeline' retrieved from /opt/airflow/dags/batch_generator.py
[2026-06-17T23:50:03.515+0000] {logging_mixin.py:190} INFO - [2026-06-17T23:50:03.515+0000] {dag.py:3239} INFO - Sync 1 DAGs
[2026-06-17T23:50:03.529+0000] {logging_mixin.py:190} INFO - [2026-06-17T23:50:03.529+0000] {dag.py:4180} INFO - Setting next_dagrun for extract_raw_data_pipeline to 2026-06-17 07:59:00+00:00, run_after=2026-06-18 07:00:00+00:00
[2026-06-17T23:50:03.542+0000] {processor.py:208} INFO - Processing /opt/airflow/dags/batch_generator.py took 0.140 seconds
[2026-06-17T23:50:33.745+0000] {processor.py:186} INFO - Started process (PID=4847) to work on /opt/airflow/dags/batch_generator.py
[2026-06-17T23:50:33.746+0000] {processor.py:914} INFO - Processing file /opt/airflow/dags/batch_generator.py for tasks to queue
[2026-06-17T23:50:33.748+0000] {logging_mixin.py:190} INFO - [2026-06-17T23:50:33.747+0000] {dagbag.py:588} INFO - Filling up the DagBag from /opt/airflow/dags/batch_generator.py
[2026-06-17T23:50:33.839+0000] {processor.py:925} INFO - DAG(s) 'extract_raw_data_pipeline' retrieved from /opt/airflow/dags/batch_generator.py
[2026-06-17T23:50:33.854+0000] {logging_mixin.py:190} INFO - [2026-06-17T23:50:33.854+0000] {dag.py:3239} INFO - Sync 1 DAGs
[2026-06-17T23:50:33.870+0000] {logging_mixin.py:190} INFO - [2026-06-17T23:50:33.870+0000] {dag.py:4180} INFO - Setting next_dagrun for extract_raw_data_pipeline to 2026-06-17 07:59:00+00:00, run_after=2026-06-18 07:00:00+00:00
[2026-06-17T23:50:33.882+0000] {processor.py:208} INFO - Processing /opt/airflow/dags/batch_generator.py took 0.141 seconds
[2026-06-17T23:51:04.067+0000] {processor.py:186} INFO - Started process (PID=4855) to work on /opt/airflow/dags/batch_generator.py
[2026-06-17T23:51:04.068+0000] {processor.py:914} INFO - Processing file /opt/airflow/dags/batch_generator.py for tasks to queue
[2026-06-17T23:51:04.070+0000] {logging_mixin.py:190} INFO - [2026-06-17T23:51:04.070+0000] {dagbag.py:588} INFO - Filling up the DagBag from /opt/airflow/dags/batch_generator.py
[2026-06-17T23:51:04.180+0000] {processor.py:925} INFO - DAG(s) 'extract_raw_data_pipeline' retrieved from /opt/airflow/dags/batch_generator.py
[2026-06-17T23:51:04.196+0000] {logging_mixin.py:190} INFO - [2026-06-17T23:51:04.196+0000] {dag.py:3239} INFO - Sync 1 DAGs
[2026-06-17T23:51:04.209+0000] {logging_mixin.py:190} INFO - [2026-06-17T23:51:04.208+0000] {dag.py:4180} INFO - Setting next_dagrun for extract_raw_data_pipeline to 2026-06-17 07:59:00+00:00, run_after=2026-06-18 07:00:00+00:00
[2026-06-17T23:51:04.222+0000] {processor.py:208} INFO - Processing /opt/airflow/dags/batch_generator.py took 0.160 seconds
[2026-06-17T23:51:34.424+0000] {processor.py:186} INFO - Started process (PID=4863) to work on /opt/airflow/dags/batch_generator.py
[2026-06-17T23:51:34.425+0000] {processor.py:914} INFO - Processing file /opt/airflow/dags/batch_generator.py for tasks to queue
[2026-06-17T23:51:34.427+0000] {logging_mixin.py:190} INFO - [2026-06-17T23:51:34.426+0000] {dagbag.py:588} INFO - Filling up the DagBag from /opt/airflow/dags/batch_generator.py
[2026-06-17T23:51:34.522+0000] {processor.py:925} INFO - DAG(s) 'extract_raw_data_pipeline' retrieved from /opt/airflow/dags/batch_generator.py
[2026-06-17T23:51:34.538+0000] {logging_mixin.py:190} INFO - [2026-06-17T23:51:34.538+0000] {dag.py:3239} INFO - Sync 1 DAGs
[2026-06-17T23:51:34.553+0000] {logging_mixin.py:190} INFO - [2026-06-17T23:51:34.553+0000] {dag.py:4180} INFO - Setting next_dagrun for extract_raw_data_pipeline to 2026-06-17 07:59:00+00:00, run_after=2026-06-18 07:00:00+00:00
[2026-06-17T23:51:34.567+0000] {processor.py:208} INFO - Processing /opt/airflow/dags/batch_generator.py took 0.147 seconds
[2026-06-17T23:52:04.838+0000] {processor.py:186} INFO - Started process (PID=4871) to work on /opt/airflow/dags/batch_generator.py
[2026-06-17T23:52:04.839+0000] {processor.py:914} INFO - Processing file /opt/airflow/dags/batch_generator.py for tasks to queue
[2026-06-17T23:52:04.840+0000] {logging_mixin.py:190} INFO - [2026-06-17T23:52:04.840+0000] {dagbag.py:588} INFO - Filling up the DagBag from /opt/airflow/dags/batch_generator.py
[2026-06-17T23:52:04.932+0000] {processor.py:925} INFO - DAG(s) 'extract_raw_data_pipeline' retrieved from /opt/airflow/dags/batch_generator.py
[2026-06-17T23:52:04.947+0000] {logging_mixin.py:190} INFO - [2026-06-17T23:52:04.947+0000] {dag.py:3239} INFO - Sync 1 DAGs
[2026-06-17T23:52:04.960+0000] {logging_mixin.py:190} INFO - [2026-06-17T23:52:04.960+0000] {dag.py:4180} INFO - Setting next_dagrun for extract_raw_data_pipeline to 2026-06-17 07:59:00+00:00, run_after=2026-06-18 07:00:00+00:00
[2026-06-17T23:52:04.975+0000] {processor.py:208} INFO - Processing /opt/airflow/dags/batch_generator.py took 0.141 seconds
[2026-06-17T23:52:35.281+0000] {processor.py:186} INFO - Started process (PID=4879) to work on /opt/airflow/dags/batch_generator.py
[2026-06-17T23:52:35.281+0000] {processor.py:914} INFO - Processing file /opt/airflow/dags/batch_generator.py for tasks to queue
[2026-06-17T23:52:35.283+0000] {logging_mixin.py:190} INFO - [2026-06-17T23:52:35.283+0000] {dagbag.py:588} INFO - Filling up the DagBag from /opt/airflow/dags/batch_generator.py
[2026-06-17T23:52:35.376+0000] {processor.py:925} INFO - DAG(s) 'extract_raw_data_pipeline' retrieved from /opt/airflow/dags/batch_generator.py
[2026-06-17T23:52:35.392+0000] {logging_mixin.py:190} INFO - [2026-06-17T23:52:35.392+0000] {dag.py:3239} INFO - Sync 1 DAGs
[2026-06-17T23:52:35.405+0000] {logging_mixin.py:190} INFO - [2026-06-17T23:52:35.405+0000] {dag.py:4180} INFO - Setting next_dagrun for extract_raw_data_pipeline to 2026-06-17 07:59:00+00:00, run_after=2026-06-18 07:00:00+00:00
[2026-06-17T23:52:35.418+0000] {processor.py:208} INFO - Processing /opt/airflow/dags/batch_generator.py took 0.140 seconds
[2026-06-17T23:53:05.577+0000] {processor.py:186} INFO - Started process (PID=4887) to work on /opt/airflow/dags/batch_generator.py
[2026-06-17T23:53:05.578+0000] {processor.py:914} INFO - Processing file /opt/airflow/dags/batch_generator.py for tasks to queue
[2026-06-17T23:53:05.580+0000] {logging_mixin.py:190} INFO - [2026-06-17T23:53:05.579+0000] {dagbag.py:588} INFO - Filling up the DagBag from /opt/airflow/dags/batch_generator.py
[2026-06-17T23:53:05.670+0000] {processor.py:925} INFO - DAG(s) 'extract_raw_data_pipeline' retrieved from /opt/airflow/dags/batch_generator.py
[2026-06-17T23:53:05.685+0000] {logging_mixin.py:190} INFO - [2026-06-17T23:53:05.685+0000] {dag.py:3239} INFO - Sync 1 DAGs
[2026-06-17T23:53:05.698+0000] {logging_mixin.py:190} INFO - [2026-06-17T23:53:05.698+0000] {dag.py:4180} INFO - Setting next_dagrun for extract_raw_data_pipeline to 2026-06-17 07:59:00+00:00, run_after=2026-06-18 07:00:00+00:00
[2026-06-17T23:53:05.712+0000] {processor.py:208} INFO - Processing /opt/airflow/dags/batch_generator.py took 0.139 seconds
[2026-06-17T23:53:35.922+0000] {processor.py:186} INFO - Started process (PID=4895) to work on /opt/airflow/dags/batch_generator.py
[2026-06-17T23:53:35.923+0000] {processor.py:914} INFO - Processing file /opt/airflow/dags/batch_generator.py for tasks to queue
[2026-06-17T23:53:35.924+0000] {logging_mixin.py:190} INFO - [2026-06-17T23:53:35.924+0000] {dagbag.py:588} INFO - Filling up the DagBag from /opt/airflow/dags/batch_generator.py
[2026-06-17T23:53:36.015+0000] {processor.py:925} INFO - DAG(s) 'extract_raw_data_pipeline' retrieved from /opt/airflow/dags/batch_generator.py
[2026-06-17T23:53:36.030+0000] {logging_mixin.py:190} INFO - [2026-06-17T23:53:36.029+0000] {dag.py:3239} INFO - Sync 1 DAGs
[2026-06-17T23:53:36.043+0000] {logging_mixin.py:190} INFO - [2026-06-17T23:53:36.043+0000] {dag.py:4180} INFO - Setting next_dagrun for extract_raw_data_pipeline to 2026-06-17 07:59:00+00:00, run_after=2026-06-18 07:00:00+00:00
[2026-06-17T23:53:36.065+0000] {processor.py:208} INFO - Processing /opt/airflow/dags/batch_generator.py took 0.147 seconds
[2026-06-17T23:54:06.266+0000] {processor.py:186} INFO - Started process (PID=4904) to work on /opt/airflow/dags/batch_generator.py
[2026-06-17T23:54:06.266+0000] {processor.py:914} INFO - Processing file /opt/airflow/dags/batch_generator.py for tasks to queue
[2026-06-17T23:54:06.268+0000] {logging_mixin.py:190} INFO - [2026-06-17T23:54:06.268+0000] {dagbag.py:588} INFO - Filling up the DagBag from /opt/airflow/dags/batch_generator.py
[2026-06-17T23:54:06.357+0000] {processor.py:925} INFO - DAG(s) 'extract_raw_data_pipeline' retrieved from /opt/airflow/dags/batch_generator.py
[2026-06-17T23:54:06.374+0000] {logging_mixin.py:190} INFO - [2026-06-17T23:54:06.373+0000] {dag.py:3239} INFO - Sync 1 DAGs
[2026-06-17T23:54:06.387+0000] {logging_mixin.py:190} INFO - [2026-06-17T23:54:06.387+0000] {dag.py:4180} INFO - Setting next_dagrun for extract_raw_data_pipeline to 2026-06-17 07:59:00+00:00, run_after=2026-06-18 07:00:00+00:00
[2026-06-17T23:54:06.411+0000] {processor.py:208} INFO - Processing /opt/airflow/dags/batch_generator.py took 0.149 seconds
[2026-06-17T23:54:36.580+0000] {processor.py:186} INFO - Started process (PID=4912) to work on /opt/airflow/dags/batch_generator.py
[2026-06-17T23:54:36.581+0000] {processor.py:914} INFO - Processing file /opt/airflow/dags/batch_generator.py for tasks to queue
[2026-06-17T23:54:36.582+0000] {logging_mixin.py:190} INFO - [2026-06-17T23:54:36.582+0000] {dagbag.py:588} INFO - Filling up the DagBag from /opt/airflow/dags/batch_generator.py
[2026-06-17T23:54:36.676+0000] {processor.py:925} INFO - DAG(s) 'extract_raw_data_pipeline' retrieved from /opt/airflow/dags/batch_generator.py
[2026-06-17T23:54:36.695+0000] {logging_mixin.py:190} INFO - [2026-06-17T23:54:36.695+0000] {dag.py:3239} INFO - Sync 1 DAGs
[2026-06-17T23:54:36.709+0000] {logging_mixin.py:190} INFO - [2026-06-17T23:54:36.709+0000] {dag.py:4180} INFO - Setting next_dagrun for extract_raw_data_pipeline to 2026-06-17 07:59:00+00:00, run_after=2026-06-18 07:00:00+00:00
[2026-06-17T23:54:36.723+0000] {processor.py:208} INFO - Processing /opt/airflow/dags/batch_generator.py took 0.146 seconds
[2026-06-17T23:55:06.834+0000] {processor.py:186} INFO - Started process (PID=4920) to work on /opt/airflow/dags/batch_generator.py
[2026-06-17T23:55:06.834+0000] {processor.py:914} INFO - Processing file /opt/airflow/dags/batch_generator.py for tasks to queue
[2026-06-17T23:55:06.836+0000] {logging_mixin.py:190} INFO - [2026-06-17T23:55:06.836+0000] {dagbag.py:588} INFO - Filling up the DagBag from /opt/airflow/dags/batch_generator.py
[2026-06-17T23:55:06.927+0000] {processor.py:925} INFO - DAG(s) 'extract_raw_data_pipeline' retrieved from /opt/airflow/dags/batch_generator.py
[2026-06-17T23:55:06.944+0000] {logging_mixin.py:190} INFO - [2026-06-17T23:55:06.944+0000] {dag.py:3239} INFO - Sync 1 DAGs
[2026-06-17T23:55:06.958+0000] {logging_mixin.py:190} INFO - [2026-06-17T23:55:06.958+0000] {dag.py:4180} INFO - Setting next_dagrun for extract_raw_data_pipeline to 2026-06-17 07:59:00+00:00, run_after=2026-06-18 07:00:00+00:00
[2026-06-17T23:55:06.975+0000] {processor.py:208} INFO - Processing /opt/airflow/dags/batch_generator.py took 0.145 seconds
[2026-06-17T23:55:37.180+0000] {processor.py:186} INFO - Started process (PID=4928) to work on /opt/airflow/dags/batch_generator.py
[2026-06-17T23:55:37.180+0000] {processor.py:914} INFO - Processing file /opt/airflow/dags/batch_generator.py for tasks to queue
[2026-06-17T23:55:37.182+0000] {logging_mixin.py:190} INFO - [2026-06-17T23:55:37.182+0000] {dagbag.py:588} INFO - Filling up the DagBag from /opt/airflow/dags/batch_generator.py
[2026-06-17T23:55:37.279+0000] {processor.py:925} INFO - DAG(s) 'extract_raw_data_pipeline' retrieved from /opt/airflow/dags/batch_generator.py
[2026-06-17T23:55:37.296+0000] {logging_mixin.py:190} INFO - [2026-06-17T23:55:37.296+0000] {dag.py:3239} INFO - Sync 1 DAGs
[2026-06-17T23:55:37.311+0000] {logging_mixin.py:190} INFO - [2026-06-17T23:55:37.311+0000] {dag.py:4180} INFO - Setting next_dagrun for extract_raw_data_pipeline to 2026-06-17 07:59:00+00:00, run_after=2026-06-18 07:00:00+00:00
[2026-06-17T23:55:37.325+0000] {processor.py:208} INFO - Processing /opt/airflow/dags/batch_generator.py took 0.149 seconds
[2026-06-17T23:56:07.625+0000] {processor.py:186} INFO - Started process (PID=4936) to work on /opt/airflow/dags/batch_generator.py
[2026-06-17T23:56:07.626+0000] {processor.py:914} INFO - Processing file /opt/airflow/dags/batch_generator.py for tasks to queue
[2026-06-17T23:56:07.628+0000] {logging_mixin.py:190} INFO - [2026-06-17T23:56:07.627+0000] {dagbag.py:588} INFO - Filling up the DagBag from /opt/airflow/dags/batch_generator.py
[2026-06-17T23:56:07.719+0000] {processor.py:925} INFO - DAG(s) 'extract_raw_data_pipeline' retrieved from /opt/airflow/dags/batch_generator.py
[2026-06-17T23:56:07.736+0000] {logging_mixin.py:190} INFO - [2026-06-17T23:56:07.736+0000] {dag.py:3239} INFO - Sync 1 DAGs
[2026-06-17T23:56:07.750+0000] {logging_mixin.py:190} INFO - [2026-06-17T23:56:07.750+0000] {dag.py:4180} INFO - Setting next_dagrun for extract_raw_data_pipeline to 2026-06-17 07:59:00+00:00, run_after=2026-06-18 07:00:00+00:00
[2026-06-17T23:56:07.763+0000] {processor.py:208} INFO - Processing /opt/airflow/dags/batch_generator.py took 0.142 seconds
[2026-06-17T23:56:37.922+0000] {processor.py:186} INFO - Started process (PID=4944) to work on /opt/airflow/dags/batch_generator.py
[2026-06-17T23:56:37.922+0000] {processor.py:914} INFO - Processing file /opt/airflow/dags/batch_generator.py for tasks to queue
[2026-06-17T23:56:37.924+0000] {logging_mixin.py:190} INFO - [2026-06-17T23:56:37.923+0000] {dagbag.py:588} INFO - Filling up the DagBag from /opt/airflow/dags/batch_generator.py
[2026-06-17T23:56:38.014+0000] {processor.py:925} INFO - DAG(s) 'extract_raw_data_pipeline' retrieved from /opt/airflow/dags/batch_generator.py
[2026-06-17T23:56:38.032+0000] {logging_mixin.py:190} INFO - [2026-06-17T23:56:38.032+0000] {dag.py:3239} INFO - Sync 1 DAGs
[2026-06-17T23:56:38.045+0000] {logging_mixin.py:190} INFO - [2026-06-17T23:56:38.045+0000] {dag.py:4180} INFO - Setting next_dagrun for extract_raw_data_pipeline to 2026-06-17 07:59:00+00:00, run_after=2026-06-18 07:00:00+00:00
[2026-06-17T23:56:38.059+0000] {processor.py:208} INFO - Processing /opt/airflow/dags/batch_generator.py took 0.144 seconds
[2026-06-17T23:57:08.331+0000] {processor.py:186} INFO - Started process (PID=4952) to work on /opt/airflow/dags/batch_generator.py
[2026-06-17T23:57:08.332+0000] {processor.py:914} INFO - Processing file /opt/airflow/dags/batch_generator.py for tasks to queue
[2026-06-17T23:57:08.333+0000] {logging_mixin.py:190} INFO - [2026-06-17T23:57:08.333+0000] {dagbag.py:588} INFO - Filling up the DagBag from /opt/airflow/dags/batch_generator.py
[2026-06-17T23:57:08.428+0000] {processor.py:925} INFO - DAG(s) 'extract_raw_data_pipeline' retrieved from /opt/airflow/dags/batch_generator.py
[2026-06-17T23:57:08.444+0000] {logging_mixin.py:190} INFO - [2026-06-17T23:57:08.444+0000] {dag.py:3239} INFO - Sync 1 DAGs
[2026-06-17T23:57:08.457+0000] {logging_mixin.py:190} INFO - [2026-06-17T23:57:08.457+0000] {dag.py:4180} INFO - Setting next_dagrun for extract_raw_data_pipeline to 2026-06-17 07:59:00+00:00, run_after=2026-06-18 07:00:00+00:00
[2026-06-17T23:57:08.470+0000] {processor.py:208} INFO - Processing /opt/airflow/dags/batch_generator.py took 0.142 seconds
[2026-06-17T23:57:38.609+0000] {processor.py:186} INFO - Started process (PID=4960) to work on /opt/airflow/dags/batch_generator.py
[2026-06-17T23:57:38.610+0000] {processor.py:914} INFO - Processing file /opt/airflow/dags/batch_generator.py for tasks to queue
[2026-06-17T23:57:38.611+0000] {logging_mixin.py:190} INFO - [2026-06-17T23:57:38.611+0000] {dagbag.py:588} INFO - Filling up the DagBag from /opt/airflow/dags/batch_generator.py
[2026-06-17T23:57:38.703+0000] {processor.py:925} INFO - DAG(s) 'extract_raw_data_pipeline' retrieved from /opt/airflow/dags/batch_generator.py
[2026-06-17T23:57:38.720+0000] {logging_mixin.py:190} INFO - [2026-06-17T23:57:38.720+0000] {dag.py:3239} INFO - Sync 1 DAGs
[2026-06-17T23:57:38.735+0000] {logging_mixin.py:190} INFO - [2026-06-17T23:57:38.735+0000] {dag.py:4180} INFO - Setting next_dagrun for extract_raw_data_pipeline to 2026-06-17 07:59:00+00:00, run_after=2026-06-18 07:00:00+00:00
[2026-06-17T23:57:38.758+0000] {processor.py:208} INFO - Processing /opt/airflow/dags/batch_generator.py took 0.153 seconds
[2026-06-17T23:58:08.977+0000] {processor.py:186} INFO - Started process (PID=4968) to work on /opt/airflow/dags/batch_generator.py
[2026-06-17T23:58:08.978+0000] {processor.py:914} INFO - Processing file /opt/airflow/dags/batch_generator.py for tasks to queue
[2026-06-17T23:58:08.980+0000] {logging_mixin.py:190} INFO - [2026-06-17T23:58:08.979+0000] {dagbag.py:588} INFO - Filling up the DagBag from /opt/airflow/dags/batch_generator.py
[2026-06-17T23:58:09.088+0000] {processor.py:925} INFO - DAG(s) 'extract_raw_data_pipeline' retrieved from /opt/airflow/dags/batch_generator.py
[2026-06-17T23:58:09.112+0000] {logging_mixin.py:190} INFO - [2026-06-17T23:58:09.112+0000] {dag.py:3239} INFO - Sync 1 DAGs
[2026-06-17T23:58:09.153+0000] {logging_mixin.py:190} INFO - [2026-06-17T23:58:09.153+0000] {dag.py:4180} INFO - Setting next_dagrun for extract_raw_data_pipeline to 2026-06-17 07:59:00+00:00, run_after=2026-06-18 07:00:00+00:00
[2026-06-17T23:58:09.192+0000] {processor.py:208} INFO - Processing /opt/airflow/dags/batch_generator.py took 0.219 seconds
[2026-06-17T23:58:39.429+0000] {processor.py:186} INFO - Started process (PID=4976) to work on /opt/airflow/dags/batch_generator.py
[2026-06-17T23:58:39.429+0000] {processor.py:914} INFO - Processing file /opt/airflow/dags/batch_generator.py for tasks to queue
[2026-06-17T23:58:39.431+0000] {logging_mixin.py:190} INFO - [2026-06-17T23:58:39.431+0000] {dagbag.py:588} INFO - Filling up the DagBag from /opt/airflow/dags/batch_generator.py
[2026-06-17T23:58:39.517+0000] {processor.py:925} INFO - DAG(s) 'extract_raw_data_pipeline' retrieved from /opt/airflow/dags/batch_generator.py
[2026-06-17T23:58:39.532+0000] {logging_mixin.py:190} INFO - [2026-06-17T23:58:39.532+0000] {dag.py:3239} INFO - Sync 1 DAGs
[2026-06-17T23:58:39.544+0000] {logging_mixin.py:190} INFO - [2026-06-17T23:58:39.544+0000] {dag.py:4180} INFO - Setting next_dagrun for extract_raw_data_pipeline to 2026-06-17 07:59:00+00:00, run_after=2026-06-18 07:00:00+00:00
[2026-06-17T23:58:39.556+0000] {processor.py:208} INFO - Processing /opt/airflow/dags/batch_generator.py took 0.131 seconds
[2026-06-17T23:59:09.784+0000] {processor.py:186} INFO - Started process (PID=4990) to work on /opt/airflow/dags/batch_generator.py
[2026-06-17T23:59:09.784+0000] {processor.py:914} INFO - Processing file /opt/airflow/dags/batch_generator.py for tasks to queue
[2026-06-17T23:59:09.786+0000] {logging_mixin.py:190} INFO - [2026-06-17T23:59:09.786+0000] {dagbag.py:588} INFO - Filling up the DagBag from /opt/airflow/dags/batch_generator.py
[2026-06-17T23:59:09.884+0000] {processor.py:925} INFO - DAG(s) 'extract_raw_data_pipeline' retrieved from /opt/airflow/dags/batch_generator.py
[2026-06-17T23:59:09.900+0000] {logging_mixin.py:190} INFO - [2026-06-17T23:59:09.900+0000] {dag.py:3239} INFO - Sync 1 DAGs
[2026-06-17T23:59:09.915+0000] {logging_mixin.py:190} INFO - [2026-06-17T23:59:09.915+0000] {dag.py:4180} INFO - Setting next_dagrun for extract_raw_data_pipeline to 2026-06-17 07:59:00+00:00, run_after=2026-06-18 07:00:00+00:00
[2026-06-17T23:59:09.929+0000] {processor.py:208} INFO - Processing /opt/airflow/dags/batch_generator.py took 0.150 seconds
[2026-06-17T23:59:40.110+0000] {processor.py:186} INFO - Started process (PID=4998) to work on /opt/airflow/dags/batch_generator.py
[2026-06-17T23:59:40.111+0000] {processor.py:914} INFO - Processing file /opt/airflow/dags/batch_generator.py for tasks to queue
[2026-06-17T23:59:40.113+0000] {logging_mixin.py:190} INFO - [2026-06-17T23:59:40.113+0000] {dagbag.py:588} INFO - Filling up the DagBag from /opt/airflow/dags/batch_generator.py
[2026-06-17T23:59:40.203+0000] {processor.py:925} INFO - DAG(s) 'extract_raw_data_pipeline' retrieved from /opt/airflow/dags/batch_generator.py
[2026-06-17T23:59:40.219+0000] {logging_mixin.py:190} INFO - [2026-06-17T23:59:40.219+0000] {dag.py:3239} INFO - Sync 1 DAGs
[2026-06-17T23:59:40.232+0000] {logging_mixin.py:190} INFO - [2026-06-17T23:59:40.232+0000] {dag.py:4180} INFO - Setting next_dagrun for extract_raw_data_pipeline to 2026-06-17 07:59:00+00:00, run_after=2026-06-18 07:00:00+00:00
[2026-06-17T23:59:40.250+0000] {processor.py:208} INFO - Processing /opt/airflow/dags/batch_generator.py took 0.143 seconds
