[2026-06-23T19:33:16.854+0000] {processor.py:186} INFO - Started process (PID=7958) to work on /opt/airflow/dags/driven_data_pipeline.py
[2026-06-23T19:33:16.854+0000] {processor.py:914} INFO - Processing file /opt/airflow/dags/driven_data_pipeline.py for tasks to queue
[2026-06-23T19:33:16.856+0000] {logging_mixin.py:190} INFO - [2026-06-23T19:33:16.856+0000] {dagbag.py:588} INFO - Filling up the DagBag from /opt/airflow/dags/driven_data_pipeline.py
[2026-06-23T19:33:16.979+0000] {processor.py:925} INFO - DAG(s) 'extract_raw_data_pipeline' retrieved from /opt/airflow/dags/driven_data_pipeline.py
[2026-06-23T19:33:17.011+0000] {logging_mixin.py:190} INFO - [2026-06-23T19:33:17.011+0000] {dag.py:3239} INFO - Sync 1 DAGs
[2026-06-23T19:33:17.037+0000] {logging_mixin.py:190} INFO - [2026-06-23T19:33:17.037+0000] {dag.py:4180} INFO - Setting next_dagrun for extract_raw_data_pipeline to 2026-06-23 07:58:00+00:00, run_after=2026-06-23 07:59:00+00:00
[2026-06-23T19:33:17.060+0000] {processor.py:208} INFO - Processing /opt/airflow/dags/driven_data_pipeline.py took 0.211 seconds
[2026-06-23T19:33:47.267+0000] {processor.py:186} INFO - Started process (PID=7970) to work on /opt/airflow/dags/driven_data_pipeline.py
[2026-06-23T19:33:47.268+0000] {processor.py:914} INFO - Processing file /opt/airflow/dags/driven_data_pipeline.py for tasks to queue
[2026-06-23T19:33:47.270+0000] {logging_mixin.py:190} INFO - [2026-06-23T19:33:47.269+0000] {dagbag.py:588} INFO - Filling up the DagBag from /opt/airflow/dags/driven_data_pipeline.py
[2026-06-23T19:33:47.537+0000] {processor.py:925} INFO - DAG(s) 'extract_raw_data_pipeline' retrieved from /opt/airflow/dags/driven_data_pipeline.py
[2026-06-23T19:33:47.570+0000] {logging_mixin.py:190} INFO - [2026-06-23T19:33:47.569+0000] {dag.py:3239} INFO - Sync 1 DAGs
[2026-06-23T19:33:47.586+0000] {logging_mixin.py:190} INFO - [2026-06-23T19:33:47.586+0000] {dag.py:4180} INFO - Setting next_dagrun for extract_raw_data_pipeline to 2026-06-23 07:59:00+00:00, run_after=2026-06-24 07:00:00+00:00
[2026-06-23T19:33:47.609+0000] {processor.py:208} INFO - Processing /opt/airflow/dags/driven_data_pipeline.py took 0.345 seconds
[2026-06-23T19:34:17.983+0000] {processor.py:186} INFO - Started process (PID=7978) to work on /opt/airflow/dags/driven_data_pipeline.py
[2026-06-23T19:34:17.983+0000] {processor.py:914} INFO - Processing file /opt/airflow/dags/driven_data_pipeline.py for tasks to queue
[2026-06-23T19:34:17.985+0000] {logging_mixin.py:190} INFO - [2026-06-23T19:34:17.985+0000] {dagbag.py:588} INFO - Filling up the DagBag from /opt/airflow/dags/driven_data_pipeline.py
[2026-06-23T19:34:18.296+0000] {processor.py:925} INFO - DAG(s) 'extract_raw_data_pipeline' retrieved from /opt/airflow/dags/driven_data_pipeline.py
[2026-06-23T19:34:18.319+0000] {logging_mixin.py:190} INFO - [2026-06-23T19:34:18.319+0000] {dag.py:3239} INFO - Sync 1 DAGs
[2026-06-23T19:34:18.331+0000] {logging_mixin.py:190} INFO - [2026-06-23T19:34:18.331+0000] {dag.py:4180} INFO - Setting next_dagrun for extract_raw_data_pipeline to 2026-06-23 07:59:00+00:00, run_after=2026-06-24 07:00:00+00:00
[2026-06-23T19:34:18.342+0000] {processor.py:208} INFO - Processing /opt/airflow/dags/driven_data_pipeline.py took 0.363 seconds
[2026-06-23T19:34:48.875+0000] {processor.py:186} INFO - Started process (PID=7992) to work on /opt/airflow/dags/driven_data_pipeline.py
[2026-06-23T19:34:48.876+0000] {processor.py:914} INFO - Processing file /opt/airflow/dags/driven_data_pipeline.py for tasks to queue
[2026-06-23T19:34:48.881+0000] {logging_mixin.py:190} INFO - [2026-06-23T19:34:48.881+0000] {dagbag.py:588} INFO - Filling up the DagBag from /opt/airflow/dags/driven_data_pipeline.py
[2026-06-23T19:34:49.179+0000] {processor.py:925} INFO - DAG(s) 'extract_raw_data_pipeline' retrieved from /opt/airflow/dags/driven_data_pipeline.py
[2026-06-23T19:34:49.203+0000] {logging_mixin.py:190} INFO - [2026-06-23T19:34:49.203+0000] {dag.py:3239} INFO - Sync 1 DAGs
[2026-06-23T19:34:49.231+0000] {logging_mixin.py:190} INFO - [2026-06-23T19:34:49.231+0000] {dag.py:4180} INFO - Setting next_dagrun for extract_raw_data_pipeline to 2026-06-23 07:59:00+00:00, run_after=2026-06-24 07:00:00+00:00
[2026-06-23T19:34:49.313+0000] {processor.py:208} INFO - Processing /opt/airflow/dags/driven_data_pipeline.py took 0.442 seconds
[2026-06-23T19:35:19.941+0000] {processor.py:186} INFO - Started process (PID=8000) to work on /opt/airflow/dags/driven_data_pipeline.py
[2026-06-23T19:35:19.949+0000] {processor.py:914} INFO - Processing file /opt/airflow/dags/driven_data_pipeline.py for tasks to queue
[2026-06-23T19:35:19.954+0000] {logging_mixin.py:190} INFO - [2026-06-23T19:35:19.953+0000] {dagbag.py:588} INFO - Filling up the DagBag from /opt/airflow/dags/driven_data_pipeline.py
[2026-06-23T19:35:20.401+0000] {processor.py:925} INFO - DAG(s) 'extract_raw_data_pipeline' retrieved from /opt/airflow/dags/driven_data_pipeline.py
[2026-06-23T19:35:20.417+0000] {logging_mixin.py:190} INFO - [2026-06-23T19:35:20.417+0000] {dag.py:3239} INFO - Sync 1 DAGs
[2026-06-23T19:35:20.432+0000] {logging_mixin.py:190} INFO - [2026-06-23T19:35:20.431+0000] {dag.py:4180} INFO - Setting next_dagrun for extract_raw_data_pipeline to 2026-06-23 07:59:00+00:00, run_after=2026-06-24 07:00:00+00:00
[2026-06-23T19:35:20.446+0000] {processor.py:208} INFO - Processing /opt/airflow/dags/driven_data_pipeline.py took 0.513 seconds
[2026-06-23T19:35:51.482+0000] {processor.py:186} INFO - Started process (PID=8008) to work on /opt/airflow/dags/driven_data_pipeline.py
[2026-06-23T19:35:51.483+0000] {processor.py:914} INFO - Processing file /opt/airflow/dags/driven_data_pipeline.py for tasks to queue
[2026-06-23T19:35:51.485+0000] {logging_mixin.py:190} INFO - [2026-06-23T19:35:51.485+0000] {dagbag.py:588} INFO - Filling up the DagBag from /opt/airflow/dags/driven_data_pipeline.py
[2026-06-23T19:35:51.587+0000] {processor.py:925} INFO - DAG(s) 'extract_raw_data_pipeline' retrieved from /opt/airflow/dags/driven_data_pipeline.py
[2026-06-23T19:35:51.603+0000] {logging_mixin.py:190} INFO - [2026-06-23T19:35:51.603+0000] {dag.py:3239} INFO - Sync 1 DAGs
[2026-06-23T19:35:51.616+0000] {logging_mixin.py:190} INFO - [2026-06-23T19:35:51.616+0000] {dag.py:4180} INFO - Setting next_dagrun for extract_raw_data_pipeline to 2026-06-23 07:59:00+00:00, run_after=2026-06-24 07:00:00+00:00
[2026-06-23T19:35:51.642+0000] {processor.py:208} INFO - Processing /opt/airflow/dags/driven_data_pipeline.py took 0.164 seconds
[2026-06-23T19:36:22.800+0000] {processor.py:186} INFO - Started process (PID=8016) to work on /opt/airflow/dags/driven_data_pipeline.py
[2026-06-23T19:36:22.802+0000] {processor.py:914} INFO - Processing file /opt/airflow/dags/driven_data_pipeline.py for tasks to queue
[2026-06-23T19:36:22.813+0000] {logging_mixin.py:190} INFO - [2026-06-23T19:36:22.813+0000] {dagbag.py:588} INFO - Filling up the DagBag from /opt/airflow/dags/driven_data_pipeline.py
[2026-06-23T19:36:23.308+0000] {processor.py:925} INFO - DAG(s) 'extract_raw_data_pipeline' retrieved from /opt/airflow/dags/driven_data_pipeline.py
[2026-06-23T19:36:23.340+0000] {logging_mixin.py:190} INFO - [2026-06-23T19:36:23.340+0000] {dag.py:3239} INFO - Sync 1 DAGs
[2026-06-23T19:36:23.370+0000] {logging_mixin.py:190} INFO - [2026-06-23T19:36:23.369+0000] {dag.py:4180} INFO - Setting next_dagrun for extract_raw_data_pipeline to 2026-06-23 07:59:00+00:00, run_after=2026-06-24 07:00:00+00:00
[2026-06-23T19:36:23.474+0000] {processor.py:208} INFO - Processing /opt/airflow/dags/driven_data_pipeline.py took 0.682 seconds
[2026-06-23T19:36:53.985+0000] {processor.py:186} INFO - Started process (PID=8024) to work on /opt/airflow/dags/driven_data_pipeline.py
[2026-06-23T19:36:53.996+0000] {processor.py:914} INFO - Processing file /opt/airflow/dags/driven_data_pipeline.py for tasks to queue
[2026-06-23T19:36:54.003+0000] {logging_mixin.py:190} INFO - [2026-06-23T19:36:54.002+0000] {dagbag.py:588} INFO - Filling up the DagBag from /opt/airflow/dags/driven_data_pipeline.py
[2026-06-23T19:36:54.621+0000] {processor.py:925} INFO - DAG(s) 'extract_raw_data_pipeline' retrieved from /opt/airflow/dags/driven_data_pipeline.py
[2026-06-23T19:36:54.647+0000] {logging_mixin.py:190} INFO - [2026-06-23T19:36:54.646+0000] {dag.py:3239} INFO - Sync 1 DAGs
[2026-06-23T19:36:54.660+0000] {logging_mixin.py:190} INFO - [2026-06-23T19:36:54.660+0000] {dag.py:4180} INFO - Setting next_dagrun for extract_raw_data_pipeline to 2026-06-23 07:59:00+00:00, run_after=2026-06-24 07:00:00+00:00
[2026-06-23T19:36:54.754+0000] {processor.py:208} INFO - Processing /opt/airflow/dags/driven_data_pipeline.py took 0.773 seconds
[2026-06-23T19:37:25.058+0000] {processor.py:186} INFO - Started process (PID=8032) to work on /opt/airflow/dags/driven_data_pipeline.py
[2026-06-23T19:37:25.059+0000] {processor.py:914} INFO - Processing file /opt/airflow/dags/driven_data_pipeline.py for tasks to queue
[2026-06-23T19:37:25.062+0000] {logging_mixin.py:190} INFO - [2026-06-23T19:37:25.061+0000] {dagbag.py:588} INFO - Filling up the DagBag from /opt/airflow/dags/driven_data_pipeline.py
[2026-06-23T19:37:25.163+0000] {processor.py:925} INFO - DAG(s) 'extract_raw_data_pipeline' retrieved from /opt/airflow/dags/driven_data_pipeline.py
[2026-06-23T19:37:25.178+0000] {logging_mixin.py:190} INFO - [2026-06-23T19:37:25.178+0000] {dag.py:3239} INFO - Sync 1 DAGs
[2026-06-23T19:37:25.190+0000] {logging_mixin.py:190} INFO - [2026-06-23T19:37:25.190+0000] {dag.py:4180} INFO - Setting next_dagrun for extract_raw_data_pipeline to 2026-06-23 07:59:00+00:00, run_after=2026-06-24 07:00:00+00:00
[2026-06-23T19:37:25.205+0000] {processor.py:208} INFO - Processing /opt/airflow/dags/driven_data_pipeline.py took 0.153 seconds
[2026-06-23T19:37:56.281+0000] {processor.py:186} INFO - Started process (PID=8040) to work on /opt/airflow/dags/driven_data_pipeline.py
[2026-06-23T19:37:56.283+0000] {processor.py:914} INFO - Processing file /opt/airflow/dags/driven_data_pipeline.py for tasks to queue
[2026-06-23T19:37:56.287+0000] {logging_mixin.py:190} INFO - [2026-06-23T19:37:56.287+0000] {dagbag.py:588} INFO - Filling up the DagBag from /opt/airflow/dags/driven_data_pipeline.py
[2026-06-23T19:37:56.692+0000] {processor.py:925} INFO - DAG(s) 'extract_raw_data_pipeline' retrieved from /opt/airflow/dags/driven_data_pipeline.py
[2026-06-23T19:37:56.713+0000] {logging_mixin.py:190} INFO - [2026-06-23T19:37:56.713+0000] {dag.py:3239} INFO - Sync 1 DAGs
[2026-06-23T19:37:56.727+0000] {logging_mixin.py:190} INFO - [2026-06-23T19:37:56.727+0000] {dag.py:4180} INFO - Setting next_dagrun for extract_raw_data_pipeline to 2026-06-23 07:59:00+00:00, run_after=2026-06-24 07:00:00+00:00
[2026-06-23T19:37:56.754+0000] {processor.py:208} INFO - Processing /opt/airflow/dags/driven_data_pipeline.py took 0.481 seconds
[2026-06-23T19:38:27.066+0000] {processor.py:186} INFO - Started process (PID=8048) to work on /opt/airflow/dags/driven_data_pipeline.py
[2026-06-23T19:38:27.067+0000] {processor.py:914} INFO - Processing file /opt/airflow/dags/driven_data_pipeline.py for tasks to queue
[2026-06-23T19:38:27.069+0000] {logging_mixin.py:190} INFO - [2026-06-23T19:38:27.069+0000] {dagbag.py:588} INFO - Filling up the DagBag from /opt/airflow/dags/driven_data_pipeline.py
[2026-06-23T19:38:27.185+0000] {processor.py:925} INFO - DAG(s) 'extract_raw_data_pipeline' retrieved from /opt/airflow/dags/driven_data_pipeline.py
[2026-06-23T19:38:27.200+0000] {logging_mixin.py:190} INFO - [2026-06-23T19:38:27.200+0000] {dag.py:3239} INFO - Sync 1 DAGs
[2026-06-23T19:38:27.212+0000] {logging_mixin.py:190} INFO - [2026-06-23T19:38:27.212+0000] {dag.py:4180} INFO - Setting next_dagrun for extract_raw_data_pipeline to 2026-06-23 07:59:00+00:00, run_after=2026-06-24 07:00:00+00:00
[2026-06-23T19:38:27.227+0000] {processor.py:208} INFO - Processing /opt/airflow/dags/driven_data_pipeline.py took 0.166 seconds
[2026-06-23T19:38:57.450+0000] {processor.py:186} INFO - Started process (PID=8056) to work on /opt/airflow/dags/driven_data_pipeline.py
[2026-06-23T19:38:57.451+0000] {processor.py:914} INFO - Processing file /opt/airflow/dags/driven_data_pipeline.py for tasks to queue
[2026-06-23T19:38:57.454+0000] {logging_mixin.py:190} INFO - [2026-06-23T19:38:57.453+0000] {dagbag.py:588} INFO - Filling up the DagBag from /opt/airflow/dags/driven_data_pipeline.py
[2026-06-23T19:38:57.563+0000] {processor.py:925} INFO - DAG(s) 'extract_raw_data_pipeline' retrieved from /opt/airflow/dags/driven_data_pipeline.py
[2026-06-23T19:38:57.580+0000] {logging_mixin.py:190} INFO - [2026-06-23T19:38:57.580+0000] {dag.py:3239} INFO - Sync 1 DAGs
[2026-06-23T19:38:57.595+0000] {logging_mixin.py:190} INFO - [2026-06-23T19:38:57.595+0000] {dag.py:4180} INFO - Setting next_dagrun for extract_raw_data_pipeline to 2026-06-23 07:59:00+00:00, run_after=2026-06-24 07:00:00+00:00
[2026-06-23T19:38:57.610+0000] {processor.py:208} INFO - Processing /opt/airflow/dags/driven_data_pipeline.py took 0.165 seconds
[2026-06-23T19:39:27.870+0000] {processor.py:186} INFO - Started process (PID=8064) to work on /opt/airflow/dags/driven_data_pipeline.py
[2026-06-23T19:39:27.873+0000] {processor.py:914} INFO - Processing file /opt/airflow/dags/driven_data_pipeline.py for tasks to queue
[2026-06-23T19:39:27.876+0000] {logging_mixin.py:190} INFO - [2026-06-23T19:39:27.875+0000] {dagbag.py:588} INFO - Filling up the DagBag from /opt/airflow/dags/driven_data_pipeline.py
[2026-06-23T19:39:28.024+0000] {processor.py:925} INFO - DAG(s) 'extract_raw_data_pipeline' retrieved from /opt/airflow/dags/driven_data_pipeline.py
[2026-06-23T19:39:28.041+0000] {logging_mixin.py:190} INFO - [2026-06-23T19:39:28.040+0000] {dag.py:3239} INFO - Sync 1 DAGs
[2026-06-23T19:39:28.053+0000] {logging_mixin.py:190} INFO - [2026-06-23T19:39:28.053+0000] {dag.py:4180} INFO - Setting next_dagrun for extract_raw_data_pipeline to 2026-06-23 07:59:00+00:00, run_after=2026-06-24 07:00:00+00:00
[2026-06-23T19:39:28.066+0000] {processor.py:208} INFO - Processing /opt/airflow/dags/driven_data_pipeline.py took 0.205 seconds
[2026-06-23T19:39:58.183+0000] {processor.py:186} INFO - Started process (PID=8072) to work on /opt/airflow/dags/driven_data_pipeline.py
[2026-06-23T19:39:58.184+0000] {processor.py:914} INFO - Processing file /opt/airflow/dags/driven_data_pipeline.py for tasks to queue
[2026-06-23T19:39:58.186+0000] {logging_mixin.py:190} INFO - [2026-06-23T19:39:58.186+0000] {dagbag.py:588} INFO - Filling up the DagBag from /opt/airflow/dags/driven_data_pipeline.py
[2026-06-23T19:39:58.290+0000] {processor.py:925} INFO - DAG(s) 'extract_raw_data_pipeline' retrieved from /opt/airflow/dags/driven_data_pipeline.py
[2026-06-23T19:39:58.307+0000] {logging_mixin.py:190} INFO - [2026-06-23T19:39:58.307+0000] {dag.py:3239} INFO - Sync 1 DAGs
[2026-06-23T19:39:58.324+0000] {logging_mixin.py:190} INFO - [2026-06-23T19:39:58.324+0000] {dag.py:4180} INFO - Setting next_dagrun for extract_raw_data_pipeline to 2026-06-23 07:59:00+00:00, run_after=2026-06-24 07:00:00+00:00
[2026-06-23T19:39:58.338+0000] {processor.py:208} INFO - Processing /opt/airflow/dags/driven_data_pipeline.py took 0.160 seconds
[2026-06-23T19:40:28.697+0000] {processor.py:186} INFO - Started process (PID=8080) to work on /opt/airflow/dags/driven_data_pipeline.py
[2026-06-23T19:40:28.698+0000] {processor.py:914} INFO - Processing file /opt/airflow/dags/driven_data_pipeline.py for tasks to queue
[2026-06-23T19:40:28.700+0000] {logging_mixin.py:190} INFO - [2026-06-23T19:40:28.700+0000] {dagbag.py:588} INFO - Filling up the DagBag from /opt/airflow/dags/driven_data_pipeline.py
[2026-06-23T19:40:28.799+0000] {processor.py:925} INFO - DAG(s) 'extract_raw_data_pipeline' retrieved from /opt/airflow/dags/driven_data_pipeline.py
[2026-06-23T19:40:28.816+0000] {logging_mixin.py:190} INFO - [2026-06-23T19:40:28.815+0000] {dag.py:3239} INFO - Sync 1 DAGs
[2026-06-23T19:40:28.829+0000] {logging_mixin.py:190} INFO - [2026-06-23T19:40:28.829+0000] {dag.py:4180} INFO - Setting next_dagrun for extract_raw_data_pipeline to 2026-06-23 07:59:00+00:00, run_after=2026-06-24 07:00:00+00:00
[2026-06-23T19:40:28.846+0000] {processor.py:208} INFO - Processing /opt/airflow/dags/driven_data_pipeline.py took 0.153 seconds
[2026-06-23T19:40:59.053+0000] {processor.py:186} INFO - Started process (PID=8088) to work on /opt/airflow/dags/driven_data_pipeline.py
[2026-06-23T19:40:59.054+0000] {processor.py:914} INFO - Processing file /opt/airflow/dags/driven_data_pipeline.py for tasks to queue
[2026-06-23T19:40:59.057+0000] {logging_mixin.py:190} INFO - [2026-06-23T19:40:59.057+0000] {dagbag.py:588} INFO - Filling up the DagBag from /opt/airflow/dags/driven_data_pipeline.py
[2026-06-23T19:40:59.182+0000] {processor.py:925} INFO - DAG(s) 'extract_raw_data_pipeline' retrieved from /opt/airflow/dags/driven_data_pipeline.py
[2026-06-23T19:40:59.197+0000] {logging_mixin.py:190} INFO - [2026-06-23T19:40:59.197+0000] {dag.py:3239} INFO - Sync 1 DAGs
[2026-06-23T19:40:59.209+0000] {logging_mixin.py:190} INFO - [2026-06-23T19:40:59.209+0000] {dag.py:4180} INFO - Setting next_dagrun for extract_raw_data_pipeline to 2026-06-23 07:59:00+00:00, run_after=2026-06-24 07:00:00+00:00
[2026-06-23T19:40:59.227+0000] {processor.py:208} INFO - Processing /opt/airflow/dags/driven_data_pipeline.py took 0.180 seconds
[2026-06-23T19:41:29.846+0000] {processor.py:186} INFO - Started process (PID=8096) to work on /opt/airflow/dags/driven_data_pipeline.py
[2026-06-23T19:41:29.847+0000] {processor.py:914} INFO - Processing file /opt/airflow/dags/driven_data_pipeline.py for tasks to queue
[2026-06-23T19:41:29.849+0000] {logging_mixin.py:190} INFO - [2026-06-23T19:41:29.848+0000] {dagbag.py:588} INFO - Filling up the DagBag from /opt/airflow/dags/driven_data_pipeline.py
[2026-06-23T19:41:29.947+0000] {processor.py:925} INFO - DAG(s) 'extract_raw_data_pipeline' retrieved from /opt/airflow/dags/driven_data_pipeline.py
[2026-06-23T19:41:29.963+0000] {logging_mixin.py:190} INFO - [2026-06-23T19:41:29.963+0000] {dag.py:3239} INFO - Sync 1 DAGs
[2026-06-23T19:41:29.978+0000] {logging_mixin.py:190} INFO - [2026-06-23T19:41:29.978+0000] {dag.py:4180} INFO - Setting next_dagrun for extract_raw_data_pipeline to 2026-06-23 07:59:00+00:00, run_after=2026-06-24 07:00:00+00:00
[2026-06-23T19:41:30.033+0000] {processor.py:208} INFO - Processing /opt/airflow/dags/driven_data_pipeline.py took 0.192 seconds
[2026-06-23T19:42:00.782+0000] {processor.py:186} INFO - Started process (PID=8104) to work on /opt/airflow/dags/driven_data_pipeline.py
[2026-06-23T19:42:00.784+0000] {processor.py:914} INFO - Processing file /opt/airflow/dags/driven_data_pipeline.py for tasks to queue
[2026-06-23T19:42:00.788+0000] {logging_mixin.py:190} INFO - [2026-06-23T19:42:00.788+0000] {dagbag.py:588} INFO - Filling up the DagBag from /opt/airflow/dags/driven_data_pipeline.py
[2026-06-23T19:42:01.173+0000] {processor.py:925} INFO - DAG(s) 'extract_raw_data_pipeline' retrieved from /opt/airflow/dags/driven_data_pipeline.py
[2026-06-23T19:42:01.207+0000] {logging_mixin.py:190} INFO - [2026-06-23T19:42:01.207+0000] {dag.py:3239} INFO - Sync 1 DAGs
[2026-06-23T19:42:01.221+0000] {logging_mixin.py:190} INFO - [2026-06-23T19:42:01.221+0000] {dag.py:4180} INFO - Setting next_dagrun for extract_raw_data_pipeline to 2026-06-23 07:59:00+00:00, run_after=2026-06-24 07:00:00+00:00
[2026-06-23T19:42:01.245+0000] {processor.py:208} INFO - Processing /opt/airflow/dags/driven_data_pipeline.py took 0.470 seconds
[2026-06-23T19:42:31.978+0000] {processor.py:186} INFO - Started process (PID=8112) to work on /opt/airflow/dags/driven_data_pipeline.py
[2026-06-23T19:42:31.979+0000] {processor.py:914} INFO - Processing file /opt/airflow/dags/driven_data_pipeline.py for tasks to queue
[2026-06-23T19:42:31.982+0000] {logging_mixin.py:190} INFO - [2026-06-23T19:42:31.981+0000] {dagbag.py:588} INFO - Filling up the DagBag from /opt/airflow/dags/driven_data_pipeline.py
[2026-06-23T19:42:32.092+0000] {processor.py:925} INFO - DAG(s) 'extract_raw_data_pipeline' retrieved from /opt/airflow/dags/driven_data_pipeline.py
[2026-06-23T19:42:32.112+0000] {logging_mixin.py:190} INFO - [2026-06-23T19:42:32.112+0000] {dag.py:3239} INFO - Sync 1 DAGs
[2026-06-23T19:42:32.124+0000] {logging_mixin.py:190} INFO - [2026-06-23T19:42:32.124+0000] {dag.py:4180} INFO - Setting next_dagrun for extract_raw_data_pipeline to 2026-06-23 07:59:00+00:00, run_after=2026-06-24 07:00:00+00:00
[2026-06-23T19:42:32.146+0000] {processor.py:208} INFO - Processing /opt/airflow/dags/driven_data_pipeline.py took 0.173 seconds
[2026-06-23T19:43:03.463+0000] {processor.py:186} INFO - Started process (PID=8120) to work on /opt/airflow/dags/driven_data_pipeline.py
[2026-06-23T19:43:03.466+0000] {processor.py:914} INFO - Processing file /opt/airflow/dags/driven_data_pipeline.py for tasks to queue
[2026-06-23T19:43:03.469+0000] {logging_mixin.py:190} INFO - [2026-06-23T19:43:03.469+0000] {dagbag.py:588} INFO - Filling up the DagBag from /opt/airflow/dags/driven_data_pipeline.py
[2026-06-23T19:43:03.900+0000] {processor.py:925} INFO - DAG(s) 'extract_raw_data_pipeline' retrieved from /opt/airflow/dags/driven_data_pipeline.py
[2026-06-23T19:43:03.916+0000] {logging_mixin.py:190} INFO - [2026-06-23T19:43:03.916+0000] {dag.py:3239} INFO - Sync 1 DAGs
[2026-06-23T19:43:03.930+0000] {logging_mixin.py:190} INFO - [2026-06-23T19:43:03.929+0000] {dag.py:4180} INFO - Setting next_dagrun for extract_raw_data_pipeline to 2026-06-23 07:59:00+00:00, run_after=2026-06-24 07:00:00+00:00
[2026-06-23T19:43:03.956+0000] {processor.py:208} INFO - Processing /opt/airflow/dags/driven_data_pipeline.py took 0.500 seconds
[2026-06-23T19:43:34.714+0000] {processor.py:186} INFO - Started process (PID=8128) to work on /opt/airflow/dags/driven_data_pipeline.py
[2026-06-23T19:43:34.719+0000] {processor.py:914} INFO - Processing file /opt/airflow/dags/driven_data_pipeline.py for tasks to queue
[2026-06-23T19:43:34.729+0000] {logging_mixin.py:190} INFO - [2026-06-23T19:43:34.728+0000] {dagbag.py:588} INFO - Filling up the DagBag from /opt/airflow/dags/driven_data_pipeline.py
[2026-06-23T19:43:34.988+0000] {processor.py:925} INFO - DAG(s) 'extract_raw_data_pipeline' retrieved from /opt/airflow/dags/driven_data_pipeline.py
[2026-06-23T19:43:35.009+0000] {logging_mixin.py:190} INFO - [2026-06-23T19:43:35.009+0000] {dag.py:3239} INFO - Sync 1 DAGs
[2026-06-23T19:43:35.039+0000] {logging_mixin.py:190} INFO - [2026-06-23T19:43:35.039+0000] {dag.py:4180} INFO - Setting next_dagrun for extract_raw_data_pipeline to 2026-06-23 07:59:00+00:00, run_after=2026-06-24 07:00:00+00:00
[2026-06-23T19:43:35.116+0000] {processor.py:208} INFO - Processing /opt/airflow/dags/driven_data_pipeline.py took 0.405 seconds
[2026-06-23T19:44:05.673+0000] {processor.py:186} INFO - Started process (PID=8136) to work on /opt/airflow/dags/driven_data_pipeline.py
[2026-06-23T19:44:05.706+0000] {processor.py:914} INFO - Processing file /opt/airflow/dags/driven_data_pipeline.py for tasks to queue
[2026-06-23T19:44:05.731+0000] {logging_mixin.py:190} INFO - [2026-06-23T19:44:05.731+0000] {dagbag.py:588} INFO - Filling up the DagBag from /opt/airflow/dags/driven_data_pipeline.py
[2026-06-23T19:44:06.278+0000] {processor.py:925} INFO - DAG(s) 'extract_raw_data_pipeline' retrieved from /opt/airflow/dags/driven_data_pipeline.py
[2026-06-23T19:44:06.293+0000] {logging_mixin.py:190} INFO - [2026-06-23T19:44:06.293+0000] {dag.py:3239} INFO - Sync 1 DAGs
[2026-06-23T19:44:06.307+0000] {logging_mixin.py:190} INFO - [2026-06-23T19:44:06.307+0000] {dag.py:4180} INFO - Setting next_dagrun for extract_raw_data_pipeline to 2026-06-23 07:59:00+00:00, run_after=2026-06-24 07:00:00+00:00
[2026-06-23T19:44:06.337+0000] {processor.py:208} INFO - Processing /opt/airflow/dags/driven_data_pipeline.py took 0.670 seconds
[2026-06-23T19:44:37.130+0000] {processor.py:186} INFO - Started process (PID=8144) to work on /opt/airflow/dags/driven_data_pipeline.py
[2026-06-23T19:44:37.131+0000] {processor.py:914} INFO - Processing file /opt/airflow/dags/driven_data_pipeline.py for tasks to queue
[2026-06-23T19:44:37.133+0000] {logging_mixin.py:190} INFO - [2026-06-23T19:44:37.133+0000] {dagbag.py:588} INFO - Filling up the DagBag from /opt/airflow/dags/driven_data_pipeline.py
[2026-06-23T19:44:37.248+0000] {processor.py:925} INFO - DAG(s) 'extract_raw_data_pipeline' retrieved from /opt/airflow/dags/driven_data_pipeline.py
[2026-06-23T19:44:37.262+0000] {logging_mixin.py:190} INFO - [2026-06-23T19:44:37.262+0000] {dag.py:3239} INFO - Sync 1 DAGs
[2026-06-23T19:44:37.275+0000] {logging_mixin.py:190} INFO - [2026-06-23T19:44:37.274+0000] {dag.py:4180} INFO - Setting next_dagrun for extract_raw_data_pipeline to 2026-06-23 07:59:00+00:00, run_after=2026-06-24 07:00:00+00:00
[2026-06-23T19:44:37.298+0000] {processor.py:208} INFO - Processing /opt/airflow/dags/driven_data_pipeline.py took 0.172 seconds
[2026-06-23T19:45:07.733+0000] {processor.py:186} INFO - Started process (PID=8152) to work on /opt/airflow/dags/driven_data_pipeline.py
[2026-06-23T19:45:07.735+0000] {processor.py:914} INFO - Processing file /opt/airflow/dags/driven_data_pipeline.py for tasks to queue
[2026-06-23T19:45:07.739+0000] {logging_mixin.py:190} INFO - [2026-06-23T19:45:07.739+0000] {dagbag.py:588} INFO - Filling up the DagBag from /opt/airflow/dags/driven_data_pipeline.py
[2026-06-23T19:45:07.930+0000] {processor.py:925} INFO - DAG(s) 'extract_raw_data_pipeline' retrieved from /opt/airflow/dags/driven_data_pipeline.py
[2026-06-23T19:45:07.947+0000] {logging_mixin.py:190} INFO - [2026-06-23T19:45:07.947+0000] {dag.py:3239} INFO - Sync 1 DAGs
[2026-06-23T19:45:07.960+0000] {logging_mixin.py:190} INFO - [2026-06-23T19:45:07.960+0000] {dag.py:4180} INFO - Setting next_dagrun for extract_raw_data_pipeline to 2026-06-23 07:59:00+00:00, run_after=2026-06-24 07:00:00+00:00
[2026-06-23T19:45:07.984+0000] {processor.py:208} INFO - Processing /opt/airflow/dags/driven_data_pipeline.py took 0.262 seconds
[2026-06-23T19:45:38.222+0000] {processor.py:186} INFO - Started process (PID=8160) to work on /opt/airflow/dags/driven_data_pipeline.py
[2026-06-23T19:45:38.226+0000] {processor.py:914} INFO - Processing file /opt/airflow/dags/driven_data_pipeline.py for tasks to queue
[2026-06-23T19:45:38.230+0000] {logging_mixin.py:190} INFO - [2026-06-23T19:45:38.229+0000] {dagbag.py:588} INFO - Filling up the DagBag from /opt/airflow/dags/driven_data_pipeline.py
[2026-06-23T19:45:38.440+0000] {processor.py:925} INFO - DAG(s) 'extract_raw_data_pipeline' retrieved from /opt/airflow/dags/driven_data_pipeline.py
[2026-06-23T19:45:38.454+0000] {logging_mixin.py:190} INFO - [2026-06-23T19:45:38.453+0000] {dag.py:3239} INFO - Sync 1 DAGs
[2026-06-23T19:45:38.471+0000] {logging_mixin.py:190} INFO - [2026-06-23T19:45:38.471+0000] {dag.py:4180} INFO - Setting next_dagrun for extract_raw_data_pipeline to 2026-06-23 07:59:00+00:00, run_after=2026-06-24 07:00:00+00:00
[2026-06-23T19:45:38.497+0000] {processor.py:208} INFO - Processing /opt/airflow/dags/driven_data_pipeline.py took 0.285 seconds
[2026-06-23T19:46:08.924+0000] {processor.py:186} INFO - Started process (PID=8168) to work on /opt/airflow/dags/driven_data_pipeline.py
[2026-06-23T19:46:08.925+0000] {processor.py:914} INFO - Processing file /opt/airflow/dags/driven_data_pipeline.py for tasks to queue
[2026-06-23T19:46:08.928+0000] {logging_mixin.py:190} INFO - [2026-06-23T19:46:08.928+0000] {dagbag.py:588} INFO - Filling up the DagBag from /opt/airflow/dags/driven_data_pipeline.py
[2026-06-23T19:46:09.189+0000] {processor.py:925} INFO - DAG(s) 'extract_raw_data_pipeline' retrieved from /opt/airflow/dags/driven_data_pipeline.py
[2026-06-23T19:46:09.204+0000] {logging_mixin.py:190} INFO - [2026-06-23T19:46:09.204+0000] {dag.py:3239} INFO - Sync 1 DAGs
[2026-06-23T19:46:09.218+0000] {logging_mixin.py:190} INFO - [2026-06-23T19:46:09.217+0000] {dag.py:4180} INFO - Setting next_dagrun for extract_raw_data_pipeline to 2026-06-23 07:59:00+00:00, run_after=2026-06-24 07:00:00+00:00
[2026-06-23T19:46:09.241+0000] {processor.py:208} INFO - Processing /opt/airflow/dags/driven_data_pipeline.py took 0.325 seconds
[2026-06-23T19:46:39.499+0000] {processor.py:186} INFO - Started process (PID=8176) to work on /opt/airflow/dags/driven_data_pipeline.py
[2026-06-23T19:46:39.500+0000] {processor.py:914} INFO - Processing file /opt/airflow/dags/driven_data_pipeline.py for tasks to queue
[2026-06-23T19:46:39.503+0000] {logging_mixin.py:190} INFO - [2026-06-23T19:46:39.502+0000] {dagbag.py:588} INFO - Filling up the DagBag from /opt/airflow/dags/driven_data_pipeline.py
[2026-06-23T19:46:39.689+0000] {processor.py:925} INFO - DAG(s) 'extract_raw_data_pipeline' retrieved from /opt/airflow/dags/driven_data_pipeline.py
[2026-06-23T19:46:39.703+0000] {logging_mixin.py:190} INFO - [2026-06-23T19:46:39.703+0000] {dag.py:3239} INFO - Sync 1 DAGs
[2026-06-23T19:46:39.719+0000] {logging_mixin.py:190} INFO - [2026-06-23T19:46:39.718+0000] {dag.py:4180} INFO - Setting next_dagrun for extract_raw_data_pipeline to 2026-06-23 07:59:00+00:00, run_after=2026-06-24 07:00:00+00:00
[2026-06-23T19:46:39.741+0000] {processor.py:208} INFO - Processing /opt/airflow/dags/driven_data_pipeline.py took 0.247 seconds
[2026-06-23T19:47:10.330+0000] {processor.py:186} INFO - Started process (PID=8184) to work on /opt/airflow/dags/driven_data_pipeline.py
[2026-06-23T19:47:10.332+0000] {processor.py:914} INFO - Processing file /opt/airflow/dags/driven_data_pipeline.py for tasks to queue
[2026-06-23T19:47:10.334+0000] {logging_mixin.py:190} INFO - [2026-06-23T19:47:10.334+0000] {dagbag.py:588} INFO - Filling up the DagBag from /opt/airflow/dags/driven_data_pipeline.py
[2026-06-23T19:47:10.454+0000] {processor.py:925} INFO - DAG(s) 'extract_raw_data_pipeline' retrieved from /opt/airflow/dags/driven_data_pipeline.py
[2026-06-23T19:47:10.470+0000] {logging_mixin.py:190} INFO - [2026-06-23T19:47:10.470+0000] {dag.py:3239} INFO - Sync 1 DAGs
[2026-06-23T19:47:10.484+0000] {logging_mixin.py:190} INFO - [2026-06-23T19:47:10.484+0000] {dag.py:4180} INFO - Setting next_dagrun for extract_raw_data_pipeline to 2026-06-23 07:59:00+00:00, run_after=2026-06-24 07:00:00+00:00
[2026-06-23T19:47:10.498+0000] {processor.py:208} INFO - Processing /opt/airflow/dags/driven_data_pipeline.py took 0.173 seconds
[2026-06-23T19:47:41.275+0000] {processor.py:186} INFO - Started process (PID=8192) to work on /opt/airflow/dags/driven_data_pipeline.py
[2026-06-23T19:47:41.287+0000] {processor.py:914} INFO - Processing file /opt/airflow/dags/driven_data_pipeline.py for tasks to queue
[2026-06-23T19:47:41.303+0000] {logging_mixin.py:190} INFO - [2026-06-23T19:47:41.303+0000] {dagbag.py:588} INFO - Filling up the DagBag from /opt/airflow/dags/driven_data_pipeline.py
[2026-06-23T19:47:41.557+0000] {processor.py:925} INFO - DAG(s) 'extract_raw_data_pipeline' retrieved from /opt/airflow/dags/driven_data_pipeline.py
[2026-06-23T19:47:41.574+0000] {logging_mixin.py:190} INFO - [2026-06-23T19:47:41.574+0000] {dag.py:3239} INFO - Sync 1 DAGs
[2026-06-23T19:47:41.590+0000] {logging_mixin.py:190} INFO - [2026-06-23T19:47:41.590+0000] {dag.py:4180} INFO - Setting next_dagrun for extract_raw_data_pipeline to 2026-06-23 07:59:00+00:00, run_after=2026-06-24 07:00:00+00:00
[2026-06-23T19:47:41.606+0000] {processor.py:208} INFO - Processing /opt/airflow/dags/driven_data_pipeline.py took 0.334 seconds
[2026-06-23T19:48:11.672+0000] {processor.py:186} INFO - Started process (PID=8200) to work on /opt/airflow/dags/driven_data_pipeline.py
[2026-06-23T19:48:11.678+0000] {processor.py:914} INFO - Processing file /opt/airflow/dags/driven_data_pipeline.py for tasks to queue
[2026-06-23T19:48:11.684+0000] {logging_mixin.py:190} INFO - [2026-06-23T19:48:11.683+0000] {dagbag.py:588} INFO - Filling up the DagBag from /opt/airflow/dags/driven_data_pipeline.py
[2026-06-23T19:48:11.932+0000] {processor.py:925} INFO - DAG(s) 'extract_raw_data_pipeline' retrieved from /opt/airflow/dags/driven_data_pipeline.py
[2026-06-23T19:48:11.953+0000] {logging_mixin.py:190} INFO - [2026-06-23T19:48:11.952+0000] {dag.py:3239} INFO - Sync 1 DAGs
[2026-06-23T19:48:11.968+0000] {logging_mixin.py:190} INFO - [2026-06-23T19:48:11.967+0000] {dag.py:4180} INFO - Setting next_dagrun for extract_raw_data_pipeline to 2026-06-23 07:59:00+00:00, run_after=2026-06-24 07:00:00+00:00
[2026-06-23T19:48:11.990+0000] {processor.py:208} INFO - Processing /opt/airflow/dags/driven_data_pipeline.py took 0.327 seconds
[2026-06-23T19:48:42.389+0000] {processor.py:186} INFO - Started process (PID=8208) to work on /opt/airflow/dags/driven_data_pipeline.py
[2026-06-23T19:48:42.391+0000] {processor.py:914} INFO - Processing file /opt/airflow/dags/driven_data_pipeline.py for tasks to queue
[2026-06-23T19:48:42.393+0000] {logging_mixin.py:190} INFO - [2026-06-23T19:48:42.392+0000] {dagbag.py:588} INFO - Filling up the DagBag from /opt/airflow/dags/driven_data_pipeline.py
[2026-06-23T19:48:42.538+0000] {processor.py:925} INFO - DAG(s) 'extract_raw_data_pipeline' retrieved from /opt/airflow/dags/driven_data_pipeline.py
[2026-06-23T19:48:42.554+0000] {logging_mixin.py:190} INFO - [2026-06-23T19:48:42.554+0000] {dag.py:3239} INFO - Sync 1 DAGs
[2026-06-23T19:48:42.568+0000] {logging_mixin.py:190} INFO - [2026-06-23T19:48:42.568+0000] {dag.py:4180} INFO - Setting next_dagrun for extract_raw_data_pipeline to 2026-06-23 07:59:00+00:00, run_after=2026-06-24 07:00:00+00:00
[2026-06-23T19:48:42.583+0000] {processor.py:208} INFO - Processing /opt/airflow/dags/driven_data_pipeline.py took 0.197 seconds
[2026-06-23T19:49:13.044+0000] {processor.py:186} INFO - Started process (PID=8216) to work on /opt/airflow/dags/driven_data_pipeline.py
[2026-06-23T19:49:13.046+0000] {processor.py:914} INFO - Processing file /opt/airflow/dags/driven_data_pipeline.py for tasks to queue
[2026-06-23T19:49:13.051+0000] {logging_mixin.py:190} INFO - [2026-06-23T19:49:13.050+0000] {dagbag.py:588} INFO - Filling up the DagBag from /opt/airflow/dags/driven_data_pipeline.py
[2026-06-23T19:49:13.204+0000] {processor.py:925} INFO - DAG(s) 'extract_raw_data_pipeline' retrieved from /opt/airflow/dags/driven_data_pipeline.py
[2026-06-23T19:49:13.220+0000] {logging_mixin.py:190} INFO - [2026-06-23T19:49:13.220+0000] {dag.py:3239} INFO - Sync 1 DAGs
[2026-06-23T19:49:13.233+0000] {logging_mixin.py:190} INFO - [2026-06-23T19:49:13.233+0000] {dag.py:4180} INFO - Setting next_dagrun for extract_raw_data_pipeline to 2026-06-23 07:59:00+00:00, run_after=2026-06-24 07:00:00+00:00
[2026-06-23T19:49:13.252+0000] {processor.py:208} INFO - Processing /opt/airflow/dags/driven_data_pipeline.py took 0.218 seconds
[2026-06-23T19:49:43.688+0000] {processor.py:186} INFO - Started process (PID=8224) to work on /opt/airflow/dags/driven_data_pipeline.py
[2026-06-23T19:49:43.689+0000] {processor.py:914} INFO - Processing file /opt/airflow/dags/driven_data_pipeline.py for tasks to queue
[2026-06-23T19:49:43.692+0000] {logging_mixin.py:190} INFO - [2026-06-23T19:49:43.691+0000] {dagbag.py:588} INFO - Filling up the DagBag from /opt/airflow/dags/driven_data_pipeline.py
[2026-06-23T19:49:43.849+0000] {processor.py:925} INFO - DAG(s) 'extract_raw_data_pipeline' retrieved from /opt/airflow/dags/driven_data_pipeline.py
[2026-06-23T19:49:43.866+0000] {logging_mixin.py:190} INFO - [2026-06-23T19:49:43.865+0000] {dag.py:3239} INFO - Sync 1 DAGs
[2026-06-23T19:49:43.880+0000] {logging_mixin.py:190} INFO - [2026-06-23T19:49:43.880+0000] {dag.py:4180} INFO - Setting next_dagrun for extract_raw_data_pipeline to 2026-06-23 07:59:00+00:00, run_after=2026-06-24 07:00:00+00:00
[2026-06-23T19:49:43.898+0000] {processor.py:208} INFO - Processing /opt/airflow/dags/driven_data_pipeline.py took 0.214 seconds
[2026-06-23T19:50:14.631+0000] {processor.py:186} INFO - Started process (PID=8232) to work on /opt/airflow/dags/driven_data_pipeline.py
[2026-06-23T19:50:14.640+0000] {processor.py:914} INFO - Processing file /opt/airflow/dags/driven_data_pipeline.py for tasks to queue
[2026-06-23T19:50:14.655+0000] {logging_mixin.py:190} INFO - [2026-06-23T19:50:14.654+0000] {dagbag.py:588} INFO - Filling up the DagBag from /opt/airflow/dags/driven_data_pipeline.py
[2026-06-23T19:50:14.845+0000] {processor.py:925} INFO - DAG(s) 'extract_raw_data_pipeline' retrieved from /opt/airflow/dags/driven_data_pipeline.py
[2026-06-23T19:50:14.863+0000] {logging_mixin.py:190} INFO - [2026-06-23T19:50:14.863+0000] {dag.py:3239} INFO - Sync 1 DAGs
[2026-06-23T19:50:14.882+0000] {logging_mixin.py:190} INFO - [2026-06-23T19:50:14.882+0000] {dag.py:4180} INFO - Setting next_dagrun for extract_raw_data_pipeline to 2026-06-23 07:59:00+00:00, run_after=2026-06-24 07:00:00+00:00
[2026-06-23T19:50:14.945+0000] {processor.py:208} INFO - Processing /opt/airflow/dags/driven_data_pipeline.py took 0.318 seconds
[2026-06-23T19:50:45.093+0000] {processor.py:186} INFO - Started process (PID=8240) to work on /opt/airflow/dags/driven_data_pipeline.py
[2026-06-23T19:50:45.095+0000] {processor.py:914} INFO - Processing file /opt/airflow/dags/driven_data_pipeline.py for tasks to queue
[2026-06-23T19:50:45.097+0000] {logging_mixin.py:190} INFO - [2026-06-23T19:50:45.097+0000] {dagbag.py:588} INFO - Filling up the DagBag from /opt/airflow/dags/driven_data_pipeline.py
[2026-06-23T19:50:45.424+0000] {processor.py:925} INFO - DAG(s) 'extract_raw_data_pipeline' retrieved from /opt/airflow/dags/driven_data_pipeline.py
[2026-06-23T19:50:45.458+0000] {logging_mixin.py:190} INFO - [2026-06-23T19:50:45.458+0000] {dag.py:3239} INFO - Sync 1 DAGs
[2026-06-23T19:50:45.475+0000] {logging_mixin.py:190} INFO - [2026-06-23T19:50:45.475+0000] {dag.py:4180} INFO - Setting next_dagrun for extract_raw_data_pipeline to 2026-06-23 07:59:00+00:00, run_after=2026-06-24 07:00:00+00:00
[2026-06-23T19:50:45.491+0000] {processor.py:208} INFO - Processing /opt/airflow/dags/driven_data_pipeline.py took 0.403 seconds
[2026-06-23T19:51:16.035+0000] {processor.py:186} INFO - Started process (PID=8248) to work on /opt/airflow/dags/driven_data_pipeline.py
[2026-06-23T19:51:16.037+0000] {processor.py:914} INFO - Processing file /opt/airflow/dags/driven_data_pipeline.py for tasks to queue
[2026-06-23T19:51:16.040+0000] {logging_mixin.py:190} INFO - [2026-06-23T19:51:16.040+0000] {dagbag.py:588} INFO - Filling up the DagBag from /opt/airflow/dags/driven_data_pipeline.py
[2026-06-23T19:51:16.335+0000] {processor.py:925} INFO - DAG(s) 'extract_raw_data_pipeline' retrieved from /opt/airflow/dags/driven_data_pipeline.py
[2026-06-23T19:51:16.351+0000] {logging_mixin.py:190} INFO - [2026-06-23T19:51:16.350+0000] {dag.py:3239} INFO - Sync 1 DAGs
[2026-06-23T19:51:16.363+0000] {logging_mixin.py:190} INFO - [2026-06-23T19:51:16.363+0000] {dag.py:4180} INFO - Setting next_dagrun for extract_raw_data_pipeline to 2026-06-23 07:59:00+00:00, run_after=2026-06-24 07:00:00+00:00
[2026-06-23T19:51:16.381+0000] {processor.py:208} INFO - Processing /opt/airflow/dags/driven_data_pipeline.py took 0.356 seconds
[2026-06-23T19:51:46.821+0000] {processor.py:186} INFO - Started process (PID=8256) to work on /opt/airflow/dags/driven_data_pipeline.py
[2026-06-23T19:51:46.829+0000] {processor.py:914} INFO - Processing file /opt/airflow/dags/driven_data_pipeline.py for tasks to queue
[2026-06-23T19:51:46.833+0000] {logging_mixin.py:190} INFO - [2026-06-23T19:51:46.833+0000] {dagbag.py:588} INFO - Filling up the DagBag from /opt/airflow/dags/driven_data_pipeline.py
[2026-06-23T19:51:47.097+0000] {processor.py:925} INFO - DAG(s) 'extract_raw_data_pipeline' retrieved from /opt/airflow/dags/driven_data_pipeline.py
[2026-06-23T19:51:47.114+0000] {logging_mixin.py:190} INFO - [2026-06-23T19:51:47.114+0000] {dag.py:3239} INFO - Sync 1 DAGs
[2026-06-23T19:51:47.128+0000] {logging_mixin.py:190} INFO - [2026-06-23T19:51:47.128+0000] {dag.py:4180} INFO - Setting next_dagrun for extract_raw_data_pipeline to 2026-06-23 07:59:00+00:00, run_after=2026-06-24 07:00:00+00:00
[2026-06-23T19:51:47.151+0000] {processor.py:208} INFO - Processing /opt/airflow/dags/driven_data_pipeline.py took 0.336 seconds
[2026-06-23T19:52:17.774+0000] {processor.py:186} INFO - Started process (PID=8264) to work on /opt/airflow/dags/driven_data_pipeline.py
[2026-06-23T19:52:17.781+0000] {processor.py:914} INFO - Processing file /opt/airflow/dags/driven_data_pipeline.py for tasks to queue
[2026-06-23T19:52:17.796+0000] {logging_mixin.py:190} INFO - [2026-06-23T19:52:17.795+0000] {dagbag.py:588} INFO - Filling up the DagBag from /opt/airflow/dags/driven_data_pipeline.py
[2026-06-23T19:52:18.077+0000] {processor.py:925} INFO - DAG(s) 'extract_raw_data_pipeline' retrieved from /opt/airflow/dags/driven_data_pipeline.py
[2026-06-23T19:52:18.098+0000] {logging_mixin.py:190} INFO - [2026-06-23T19:52:18.097+0000] {dag.py:3239} INFO - Sync 1 DAGs
[2026-06-23T19:52:18.112+0000] {logging_mixin.py:190} INFO - [2026-06-23T19:52:18.112+0000] {dag.py:4180} INFO - Setting next_dagrun for extract_raw_data_pipeline to 2026-06-23 07:59:00+00:00, run_after=2026-06-24 07:00:00+00:00
[2026-06-23T19:52:18.158+0000] {processor.py:208} INFO - Processing /opt/airflow/dags/driven_data_pipeline.py took 0.388 seconds
[2026-06-23T19:52:48.904+0000] {processor.py:186} INFO - Started process (PID=8278) to work on /opt/airflow/dags/driven_data_pipeline.py
[2026-06-23T19:52:48.906+0000] {processor.py:914} INFO - Processing file /opt/airflow/dags/driven_data_pipeline.py for tasks to queue
[2026-06-23T19:52:48.910+0000] {logging_mixin.py:190} INFO - [2026-06-23T19:52:48.910+0000] {dagbag.py:588} INFO - Filling up the DagBag from /opt/airflow/dags/driven_data_pipeline.py
[2026-06-23T19:52:49.121+0000] {processor.py:925} INFO - DAG(s) 'extract_raw_data_pipeline' retrieved from /opt/airflow/dags/driven_data_pipeline.py
[2026-06-23T19:52:49.138+0000] {logging_mixin.py:190} INFO - [2026-06-23T19:52:49.138+0000] {dag.py:3239} INFO - Sync 1 DAGs
[2026-06-23T19:52:49.154+0000] {logging_mixin.py:190} INFO - [2026-06-23T19:52:49.154+0000] {dag.py:4180} INFO - Setting next_dagrun for extract_raw_data_pipeline to 2026-06-23 07:59:00+00:00, run_after=2026-06-24 07:00:00+00:00
[2026-06-23T19:52:49.178+0000] {processor.py:208} INFO - Processing /opt/airflow/dags/driven_data_pipeline.py took 0.278 seconds
[2026-06-23T19:53:19.870+0000] {processor.py:186} INFO - Started process (PID=8286) to work on /opt/airflow/dags/driven_data_pipeline.py
[2026-06-23T19:53:19.876+0000] {processor.py:914} INFO - Processing file /opt/airflow/dags/driven_data_pipeline.py for tasks to queue
[2026-06-23T19:53:19.880+0000] {logging_mixin.py:190} INFO - [2026-06-23T19:53:19.879+0000] {dagbag.py:588} INFO - Filling up the DagBag from /opt/airflow/dags/driven_data_pipeline.py
[2026-06-23T19:53:20.190+0000] {processor.py:925} INFO - DAG(s) 'extract_raw_data_pipeline' retrieved from /opt/airflow/dags/driven_data_pipeline.py
[2026-06-23T19:53:20.206+0000] {logging_mixin.py:190} INFO - [2026-06-23T19:53:20.206+0000] {dag.py:3239} INFO - Sync 1 DAGs
[2026-06-23T19:53:20.220+0000] {logging_mixin.py:190} INFO - [2026-06-23T19:53:20.220+0000] {dag.py:4180} INFO - Setting next_dagrun for extract_raw_data_pipeline to 2026-06-23 07:59:00+00:00, run_after=2026-06-24 07:00:00+00:00
[2026-06-23T19:53:20.244+0000] {processor.py:208} INFO - Processing /opt/airflow/dags/driven_data_pipeline.py took 0.378 seconds
[2026-06-23T19:53:50.732+0000] {processor.py:186} INFO - Started process (PID=8294) to work on /opt/airflow/dags/driven_data_pipeline.py
[2026-06-23T19:53:50.733+0000] {processor.py:914} INFO - Processing file /opt/airflow/dags/driven_data_pipeline.py for tasks to queue
[2026-06-23T19:53:50.735+0000] {logging_mixin.py:190} INFO - [2026-06-23T19:53:50.735+0000] {dagbag.py:588} INFO - Filling up the DagBag from /opt/airflow/dags/driven_data_pipeline.py
[2026-06-23T19:53:50.834+0000] {processor.py:925} INFO - DAG(s) 'extract_raw_data_pipeline' retrieved from /opt/airflow/dags/driven_data_pipeline.py
[2026-06-23T19:53:50.851+0000] {logging_mixin.py:190} INFO - [2026-06-23T19:53:50.851+0000] {dag.py:3239} INFO - Sync 1 DAGs
[2026-06-23T19:53:50.867+0000] {logging_mixin.py:190} INFO - [2026-06-23T19:53:50.867+0000] {dag.py:4180} INFO - Setting next_dagrun for extract_raw_data_pipeline to 2026-06-23 07:59:00+00:00, run_after=2026-06-24 07:00:00+00:00
[2026-06-23T19:53:50.890+0000] {processor.py:208} INFO - Processing /opt/airflow/dags/driven_data_pipeline.py took 0.162 seconds
[2026-06-23T19:54:21.496+0000] {processor.py:186} INFO - Started process (PID=8302) to work on /opt/airflow/dags/driven_data_pipeline.py
[2026-06-23T19:54:21.505+0000] {processor.py:914} INFO - Processing file /opt/airflow/dags/driven_data_pipeline.py for tasks to queue
[2026-06-23T19:54:21.508+0000] {logging_mixin.py:190} INFO - [2026-06-23T19:54:21.507+0000] {dagbag.py:588} INFO - Filling up the DagBag from /opt/airflow/dags/driven_data_pipeline.py
[2026-06-23T19:54:21.688+0000] {processor.py:925} INFO - DAG(s) 'extract_raw_data_pipeline' retrieved from /opt/airflow/dags/driven_data_pipeline.py
[2026-06-23T19:54:21.706+0000] {logging_mixin.py:190} INFO - [2026-06-23T19:54:21.706+0000] {dag.py:3239} INFO - Sync 1 DAGs
[2026-06-23T19:54:21.721+0000] {logging_mixin.py:190} INFO - [2026-06-23T19:54:21.721+0000] {dag.py:4180} INFO - Setting next_dagrun for extract_raw_data_pipeline to 2026-06-23 07:59:00+00:00, run_after=2026-06-24 07:00:00+00:00
[2026-06-23T19:54:21.738+0000] {processor.py:208} INFO - Processing /opt/airflow/dags/driven_data_pipeline.py took 0.252 seconds
[2026-06-23T19:54:52.284+0000] {processor.py:186} INFO - Started process (PID=8311) to work on /opt/airflow/dags/driven_data_pipeline.py
[2026-06-23T19:54:52.304+0000] {processor.py:914} INFO - Processing file /opt/airflow/dags/driven_data_pipeline.py for tasks to queue
[2026-06-23T19:54:52.326+0000] {logging_mixin.py:190} INFO - [2026-06-23T19:54:52.326+0000] {dagbag.py:588} INFO - Filling up the DagBag from /opt/airflow/dags/driven_data_pipeline.py
[2026-06-23T19:54:52.621+0000] {processor.py:925} INFO - DAG(s) 'extract_raw_data_pipeline' retrieved from /opt/airflow/dags/driven_data_pipeline.py
[2026-06-23T19:54:52.636+0000] {logging_mixin.py:190} INFO - [2026-06-23T19:54:52.636+0000] {dag.py:3239} INFO - Sync 1 DAGs
[2026-06-23T19:54:52.649+0000] {logging_mixin.py:190} INFO - [2026-06-23T19:54:52.649+0000] {dag.py:4180} INFO - Setting next_dagrun for extract_raw_data_pipeline to 2026-06-23 07:59:00+00:00, run_after=2026-06-24 07:00:00+00:00
[2026-06-23T19:54:52.684+0000] {processor.py:208} INFO - Processing /opt/airflow/dags/driven_data_pipeline.py took 0.406 seconds
[2026-06-23T19:55:23.056+0000] {processor.py:186} INFO - Started process (PID=8319) to work on /opt/airflow/dags/driven_data_pipeline.py
[2026-06-23T19:55:23.069+0000] {processor.py:914} INFO - Processing file /opt/airflow/dags/driven_data_pipeline.py for tasks to queue
[2026-06-23T19:55:23.071+0000] {logging_mixin.py:190} INFO - [2026-06-23T19:55:23.071+0000] {dagbag.py:588} INFO - Filling up the DagBag from /opt/airflow/dags/driven_data_pipeline.py
[2026-06-23T19:55:23.183+0000] {processor.py:925} INFO - DAG(s) 'extract_raw_data_pipeline' retrieved from /opt/airflow/dags/driven_data_pipeline.py
[2026-06-23T19:55:23.208+0000] {logging_mixin.py:190} INFO - [2026-06-23T19:55:23.207+0000] {dag.py:3239} INFO - Sync 1 DAGs
[2026-06-23T19:55:23.224+0000] {logging_mixin.py:190} INFO - [2026-06-23T19:55:23.224+0000] {dag.py:4180} INFO - Setting next_dagrun for extract_raw_data_pipeline to 2026-06-23 07:59:00+00:00, run_after=2026-06-24 07:00:00+00:00
[2026-06-23T19:55:23.240+0000] {processor.py:208} INFO - Processing /opt/airflow/dags/driven_data_pipeline.py took 0.188 seconds
[2026-06-23T19:55:54.384+0000] {processor.py:186} INFO - Started process (PID=8327) to work on /opt/airflow/dags/driven_data_pipeline.py
[2026-06-23T19:55:54.386+0000] {processor.py:914} INFO - Processing file /opt/airflow/dags/driven_data_pipeline.py for tasks to queue
[2026-06-23T19:55:54.393+0000] {logging_mixin.py:190} INFO - [2026-06-23T19:55:54.393+0000] {dagbag.py:588} INFO - Filling up the DagBag from /opt/airflow/dags/driven_data_pipeline.py
[2026-06-23T19:55:54.845+0000] {processor.py:925} INFO - DAG(s) 'extract_raw_data_pipeline' retrieved from /opt/airflow/dags/driven_data_pipeline.py
[2026-06-23T19:55:54.868+0000] {logging_mixin.py:190} INFO - [2026-06-23T19:55:54.868+0000] {dag.py:3239} INFO - Sync 1 DAGs
[2026-06-23T19:55:54.976+0000] {logging_mixin.py:190} INFO - [2026-06-23T19:55:54.976+0000] {dag.py:4180} INFO - Setting next_dagrun for extract_raw_data_pipeline to 2026-06-23 07:59:00+00:00, run_after=2026-06-24 07:00:00+00:00
[2026-06-23T19:55:55.051+0000] {processor.py:208} INFO - Processing /opt/airflow/dags/driven_data_pipeline.py took 0.673 seconds
[2026-06-23T19:56:25.508+0000] {processor.py:186} INFO - Started process (PID=8335) to work on /opt/airflow/dags/driven_data_pipeline.py
[2026-06-23T19:56:25.510+0000] {processor.py:914} INFO - Processing file /opt/airflow/dags/driven_data_pipeline.py for tasks to queue
[2026-06-23T19:56:25.519+0000] {logging_mixin.py:190} INFO - [2026-06-23T19:56:25.519+0000] {dagbag.py:588} INFO - Filling up the DagBag from /opt/airflow/dags/driven_data_pipeline.py
[2026-06-23T19:56:25.679+0000] {processor.py:925} INFO - DAG(s) 'extract_raw_data_pipeline' retrieved from /opt/airflow/dags/driven_data_pipeline.py
[2026-06-23T19:56:25.698+0000] {logging_mixin.py:190} INFO - [2026-06-23T19:56:25.698+0000] {dag.py:3239} INFO - Sync 1 DAGs
[2026-06-23T19:56:25.711+0000] {logging_mixin.py:190} INFO - [2026-06-23T19:56:25.711+0000] {dag.py:4180} INFO - Setting next_dagrun for extract_raw_data_pipeline to 2026-06-23 07:59:00+00:00, run_after=2026-06-24 07:00:00+00:00
[2026-06-23T19:56:25.780+0000] {processor.py:208} INFO - Processing /opt/airflow/dags/driven_data_pipeline.py took 0.279 seconds
[2026-06-23T19:56:56.136+0000] {processor.py:186} INFO - Started process (PID=8343) to work on /opt/airflow/dags/driven_data_pipeline.py
[2026-06-23T19:56:56.137+0000] {processor.py:914} INFO - Processing file /opt/airflow/dags/driven_data_pipeline.py for tasks to queue
[2026-06-23T19:56:56.139+0000] {logging_mixin.py:190} INFO - [2026-06-23T19:56:56.139+0000] {dagbag.py:588} INFO - Filling up the DagBag from /opt/airflow/dags/driven_data_pipeline.py
[2026-06-23T19:56:56.275+0000] {processor.py:925} INFO - DAG(s) 'extract_raw_data_pipeline' retrieved from /opt/airflow/dags/driven_data_pipeline.py
[2026-06-23T19:56:56.289+0000] {logging_mixin.py:190} INFO - [2026-06-23T19:56:56.289+0000] {dag.py:3239} INFO - Sync 1 DAGs
[2026-06-23T19:56:56.301+0000] {logging_mixin.py:190} INFO - [2026-06-23T19:56:56.301+0000] {dag.py:4180} INFO - Setting next_dagrun for extract_raw_data_pipeline to 2026-06-23 07:59:00+00:00, run_after=2026-06-24 07:00:00+00:00
[2026-06-23T19:56:56.315+0000] {processor.py:208} INFO - Processing /opt/airflow/dags/driven_data_pipeline.py took 0.183 seconds
[2026-06-23T19:57:26.445+0000] {processor.py:186} INFO - Started process (PID=8351) to work on /opt/airflow/dags/driven_data_pipeline.py
[2026-06-23T19:57:26.448+0000] {processor.py:914} INFO - Processing file /opt/airflow/dags/driven_data_pipeline.py for tasks to queue
[2026-06-23T19:57:26.451+0000] {logging_mixin.py:190} INFO - [2026-06-23T19:57:26.450+0000] {dagbag.py:588} INFO - Filling up the DagBag from /opt/airflow/dags/driven_data_pipeline.py
[2026-06-23T19:57:26.574+0000] {processor.py:925} INFO - DAG(s) 'extract_raw_data_pipeline' retrieved from /opt/airflow/dags/driven_data_pipeline.py
[2026-06-23T19:57:26.591+0000] {logging_mixin.py:190} INFO - [2026-06-23T19:57:26.591+0000] {dag.py:3239} INFO - Sync 1 DAGs
[2026-06-23T19:57:26.606+0000] {logging_mixin.py:190} INFO - [2026-06-23T19:57:26.606+0000] {dag.py:4180} INFO - Setting next_dagrun for extract_raw_data_pipeline to 2026-06-23 07:59:00+00:00, run_after=2026-06-24 07:00:00+00:00
[2026-06-23T19:57:26.623+0000] {processor.py:208} INFO - Processing /opt/airflow/dags/driven_data_pipeline.py took 0.182 seconds
[2026-06-23T19:57:57.039+0000] {processor.py:186} INFO - Started process (PID=8359) to work on /opt/airflow/dags/driven_data_pipeline.py
[2026-06-23T19:57:57.040+0000] {processor.py:914} INFO - Processing file /opt/airflow/dags/driven_data_pipeline.py for tasks to queue
[2026-06-23T19:57:57.042+0000] {logging_mixin.py:190} INFO - [2026-06-23T19:57:57.042+0000] {dagbag.py:588} INFO - Filling up the DagBag from /opt/airflow/dags/driven_data_pipeline.py
[2026-06-23T19:57:57.137+0000] {processor.py:925} INFO - DAG(s) 'extract_raw_data_pipeline' retrieved from /opt/airflow/dags/driven_data_pipeline.py
[2026-06-23T19:57:57.162+0000] {logging_mixin.py:190} INFO - [2026-06-23T19:57:57.162+0000] {dag.py:3239} INFO - Sync 1 DAGs
[2026-06-23T19:57:57.176+0000] {logging_mixin.py:190} INFO - [2026-06-23T19:57:57.176+0000] {dag.py:4180} INFO - Setting next_dagrun for extract_raw_data_pipeline to 2026-06-23 07:59:00+00:00, run_after=2026-06-24 07:00:00+00:00
[2026-06-23T19:57:57.243+0000] {processor.py:208} INFO - Processing /opt/airflow/dags/driven_data_pipeline.py took 0.207 seconds
[2026-06-23T19:58:27.359+0000] {processor.py:186} INFO - Started process (PID=8367) to work on /opt/airflow/dags/driven_data_pipeline.py
[2026-06-23T19:58:27.361+0000] {processor.py:914} INFO - Processing file /opt/airflow/dags/driven_data_pipeline.py for tasks to queue
[2026-06-23T19:58:27.363+0000] {logging_mixin.py:190} INFO - [2026-06-23T19:58:27.363+0000] {dagbag.py:588} INFO - Filling up the DagBag from /opt/airflow/dags/driven_data_pipeline.py
[2026-06-23T19:58:27.512+0000] {processor.py:925} INFO - DAG(s) 'extract_raw_data_pipeline' retrieved from /opt/airflow/dags/driven_data_pipeline.py
[2026-06-23T19:58:27.528+0000] {logging_mixin.py:190} INFO - [2026-06-23T19:58:27.528+0000] {dag.py:3239} INFO - Sync 1 DAGs
[2026-06-23T19:58:27.542+0000] {logging_mixin.py:190} INFO - [2026-06-23T19:58:27.542+0000] {dag.py:4180} INFO - Setting next_dagrun for extract_raw_data_pipeline to 2026-06-23 07:59:00+00:00, run_after=2026-06-24 07:00:00+00:00
[2026-06-23T19:58:27.556+0000] {processor.py:208} INFO - Processing /opt/airflow/dags/driven_data_pipeline.py took 0.201 seconds
[2026-06-23T19:58:57.975+0000] {processor.py:186} INFO - Started process (PID=8375) to work on /opt/airflow/dags/driven_data_pipeline.py
[2026-06-23T19:58:57.976+0000] {processor.py:914} INFO - Processing file /opt/airflow/dags/driven_data_pipeline.py for tasks to queue
[2026-06-23T19:58:57.978+0000] {logging_mixin.py:190} INFO - [2026-06-23T19:58:57.978+0000] {dagbag.py:588} INFO - Filling up the DagBag from /opt/airflow/dags/driven_data_pipeline.py
[2026-06-23T19:58:58.343+0000] {processor.py:925} INFO - DAG(s) 'extract_raw_data_pipeline' retrieved from /opt/airflow/dags/driven_data_pipeline.py
[2026-06-23T19:58:58.359+0000] {logging_mixin.py:190} INFO - [2026-06-23T19:58:58.359+0000] {dag.py:3239} INFO - Sync 1 DAGs
[2026-06-23T19:58:58.373+0000] {logging_mixin.py:190} INFO - [2026-06-23T19:58:58.373+0000] {dag.py:4180} INFO - Setting next_dagrun for extract_raw_data_pipeline to 2026-06-23 07:59:00+00:00, run_after=2026-06-24 07:00:00+00:00
[2026-06-23T19:58:58.400+0000] {processor.py:208} INFO - Processing /opt/airflow/dags/driven_data_pipeline.py took 0.430 seconds
[2026-06-23T19:59:29.347+0000] {processor.py:186} INFO - Started process (PID=8383) to work on /opt/airflow/dags/driven_data_pipeline.py
[2026-06-23T19:59:29.353+0000] {processor.py:914} INFO - Processing file /opt/airflow/dags/driven_data_pipeline.py for tasks to queue
[2026-06-23T19:59:29.359+0000] {logging_mixin.py:190} INFO - [2026-06-23T19:59:29.358+0000] {dagbag.py:588} INFO - Filling up the DagBag from /opt/airflow/dags/driven_data_pipeline.py
[2026-06-23T19:59:29.871+0000] {processor.py:925} INFO - DAG(s) 'extract_raw_data_pipeline' retrieved from /opt/airflow/dags/driven_data_pipeline.py
[2026-06-23T19:59:29.888+0000] {logging_mixin.py:190} INFO - [2026-06-23T19:59:29.888+0000] {dag.py:3239} INFO - Sync 1 DAGs
[2026-06-23T19:59:29.903+0000] {logging_mixin.py:190} INFO - [2026-06-23T19:59:29.903+0000] {dag.py:4180} INFO - Setting next_dagrun for extract_raw_data_pipeline to 2026-06-23 07:59:00+00:00, run_after=2026-06-24 07:00:00+00:00
[2026-06-23T19:59:29.952+0000] {processor.py:208} INFO - Processing /opt/airflow/dags/driven_data_pipeline.py took 0.613 seconds
[2026-06-23T20:00:00.276+0000] {processor.py:186} INFO - Started process (PID=8391) to work on /opt/airflow/dags/driven_data_pipeline.py
[2026-06-23T20:00:00.282+0000] {processor.py:914} INFO - Processing file /opt/airflow/dags/driven_data_pipeline.py for tasks to queue
[2026-06-23T20:00:00.288+0000] {logging_mixin.py:190} INFO - [2026-06-23T20:00:00.288+0000] {dagbag.py:588} INFO - Filling up the DagBag from /opt/airflow/dags/driven_data_pipeline.py
[2026-06-23T20:00:00.529+0000] {processor.py:925} INFO - DAG(s) 'extract_raw_data_pipeline' retrieved from /opt/airflow/dags/driven_data_pipeline.py
[2026-06-23T20:00:00.560+0000] {logging_mixin.py:190} INFO - [2026-06-23T20:00:00.560+0000] {dag.py:3239} INFO - Sync 1 DAGs
[2026-06-23T20:00:00.611+0000] {logging_mixin.py:190} INFO - [2026-06-23T20:00:00.611+0000] {dag.py:4180} INFO - Setting next_dagrun for extract_raw_data_pipeline to 2026-06-23 07:59:00+00:00, run_after=2026-06-24 07:00:00+00:00
[2026-06-23T20:00:00.639+0000] {processor.py:208} INFO - Processing /opt/airflow/dags/driven_data_pipeline.py took 0.372 seconds
[2026-06-23T20:00:31.870+0000] {processor.py:186} INFO - Started process (PID=8399) to work on /opt/airflow/dags/driven_data_pipeline.py
[2026-06-23T20:00:31.873+0000] {processor.py:914} INFO - Processing file /opt/airflow/dags/driven_data_pipeline.py for tasks to queue
[2026-06-23T20:00:31.884+0000] {logging_mixin.py:190} INFO - [2026-06-23T20:00:31.883+0000] {dagbag.py:588} INFO - Filling up the DagBag from /opt/airflow/dags/driven_data_pipeline.py
[2026-06-23T20:00:32.612+0000] {processor.py:925} INFO - DAG(s) 'extract_raw_data_pipeline' retrieved from /opt/airflow/dags/driven_data_pipeline.py
[2026-06-23T20:00:32.638+0000] {logging_mixin.py:190} INFO - [2026-06-23T20:00:32.638+0000] {dag.py:3239} INFO - Sync 1 DAGs
[2026-06-23T20:00:32.705+0000] {logging_mixin.py:190} INFO - [2026-06-23T20:00:32.705+0000] {dag.py:4180} INFO - Setting next_dagrun for extract_raw_data_pipeline to 2026-06-23 07:59:00+00:00, run_after=2026-06-24 07:00:00+00:00
[2026-06-23T20:00:32.788+0000] {processor.py:208} INFO - Processing /opt/airflow/dags/driven_data_pipeline.py took 0.923 seconds
[2026-06-23T20:01:03.248+0000] {processor.py:186} INFO - Started process (PID=8407) to work on /opt/airflow/dags/driven_data_pipeline.py
[2026-06-23T20:01:03.249+0000] {processor.py:914} INFO - Processing file /opt/airflow/dags/driven_data_pipeline.py for tasks to queue
[2026-06-23T20:01:03.251+0000] {logging_mixin.py:190} INFO - [2026-06-23T20:01:03.250+0000] {dagbag.py:588} INFO - Filling up the DagBag from /opt/airflow/dags/driven_data_pipeline.py
[2026-06-23T20:01:03.352+0000] {processor.py:925} INFO - DAG(s) 'extract_raw_data_pipeline' retrieved from /opt/airflow/dags/driven_data_pipeline.py
[2026-06-23T20:01:03.368+0000] {logging_mixin.py:190} INFO - [2026-06-23T20:01:03.367+0000] {dag.py:3239} INFO - Sync 1 DAGs
[2026-06-23T20:01:03.381+0000] {logging_mixin.py:190} INFO - [2026-06-23T20:01:03.381+0000] {dag.py:4180} INFO - Setting next_dagrun for extract_raw_data_pipeline to 2026-06-23 07:59:00+00:00, run_after=2026-06-24 07:00:00+00:00
[2026-06-23T20:01:03.421+0000] {processor.py:208} INFO - Processing /opt/airflow/dags/driven_data_pipeline.py took 0.176 seconds
[2026-06-23T20:01:33.726+0000] {processor.py:186} INFO - Started process (PID=8415) to work on /opt/airflow/dags/driven_data_pipeline.py
[2026-06-23T20:01:33.727+0000] {processor.py:914} INFO - Processing file /opt/airflow/dags/driven_data_pipeline.py for tasks to queue
[2026-06-23T20:01:33.729+0000] {logging_mixin.py:190} INFO - [2026-06-23T20:01:33.729+0000] {dagbag.py:588} INFO - Filling up the DagBag from /opt/airflow/dags/driven_data_pipeline.py
[2026-06-23T20:01:33.848+0000] {processor.py:925} INFO - DAG(s) 'extract_raw_data_pipeline' retrieved from /opt/airflow/dags/driven_data_pipeline.py
[2026-06-23T20:01:33.863+0000] {logging_mixin.py:190} INFO - [2026-06-23T20:01:33.863+0000] {dag.py:3239} INFO - Sync 1 DAGs
[2026-06-23T20:01:33.890+0000] {logging_mixin.py:190} INFO - [2026-06-23T20:01:33.890+0000] {dag.py:4180} INFO - Setting next_dagrun for extract_raw_data_pipeline to 2026-06-23 07:59:00+00:00, run_after=2026-06-24 07:00:00+00:00
[2026-06-23T20:01:33.908+0000] {processor.py:208} INFO - Processing /opt/airflow/dags/driven_data_pipeline.py took 0.190 seconds
[2026-06-23T20:02:04.120+0000] {processor.py:186} INFO - Started process (PID=8423) to work on /opt/airflow/dags/driven_data_pipeline.py
[2026-06-23T20:02:04.121+0000] {processor.py:914} INFO - Processing file /opt/airflow/dags/driven_data_pipeline.py for tasks to queue
[2026-06-23T20:02:04.125+0000] {logging_mixin.py:190} INFO - [2026-06-23T20:02:04.125+0000] {dagbag.py:588} INFO - Filling up the DagBag from /opt/airflow/dags/driven_data_pipeline.py
[2026-06-23T20:02:04.443+0000] {processor.py:925} INFO - DAG(s) 'extract_raw_data_pipeline' retrieved from /opt/airflow/dags/driven_data_pipeline.py
[2026-06-23T20:02:04.475+0000] {logging_mixin.py:190} INFO - [2026-06-23T20:02:04.475+0000] {dag.py:3239} INFO - Sync 1 DAGs
[2026-06-23T20:02:04.586+0000] {logging_mixin.py:190} INFO - [2026-06-23T20:02:04.586+0000] {dag.py:4180} INFO - Setting next_dagrun for extract_raw_data_pipeline to 2026-06-23 07:59:00+00:00, run_after=2026-06-24 07:00:00+00:00
[2026-06-23T20:02:04.604+0000] {processor.py:208} INFO - Processing /opt/airflow/dags/driven_data_pipeline.py took 0.488 seconds
[2026-06-23T20:02:35.558+0000] {processor.py:186} INFO - Started process (PID=8431) to work on /opt/airflow/dags/driven_data_pipeline.py
[2026-06-23T20:02:35.575+0000] {processor.py:914} INFO - Processing file /opt/airflow/dags/driven_data_pipeline.py for tasks to queue
[2026-06-23T20:02:35.577+0000] {logging_mixin.py:190} INFO - [2026-06-23T20:02:35.577+0000] {dagbag.py:588} INFO - Filling up the DagBag from /opt/airflow/dags/driven_data_pipeline.py
[2026-06-23T20:02:35.844+0000] {processor.py:925} INFO - DAG(s) 'extract_raw_data_pipeline' retrieved from /opt/airflow/dags/driven_data_pipeline.py
[2026-06-23T20:02:35.862+0000] {logging_mixin.py:190} INFO - [2026-06-23T20:02:35.862+0000] {dag.py:3239} INFO - Sync 1 DAGs
[2026-06-23T20:02:35.879+0000] {logging_mixin.py:190} INFO - [2026-06-23T20:02:35.879+0000] {dag.py:4180} INFO - Setting next_dagrun for extract_raw_data_pipeline to 2026-06-23 07:59:00+00:00, run_after=2026-06-24 07:00:00+00:00
[2026-06-23T20:02:35.907+0000] {processor.py:208} INFO - Processing /opt/airflow/dags/driven_data_pipeline.py took 0.353 seconds
[2026-06-23T20:03:06.675+0000] {processor.py:186} INFO - Started process (PID=8439) to work on /opt/airflow/dags/driven_data_pipeline.py
[2026-06-23T20:03:06.684+0000] {processor.py:914} INFO - Processing file /opt/airflow/dags/driven_data_pipeline.py for tasks to queue
[2026-06-23T20:03:06.696+0000] {logging_mixin.py:190} INFO - [2026-06-23T20:03:06.696+0000] {dagbag.py:588} INFO - Filling up the DagBag from /opt/airflow/dags/driven_data_pipeline.py
[2026-06-23T20:03:07.138+0000] {processor.py:925} INFO - DAG(s) 'extract_raw_data_pipeline' retrieved from /opt/airflow/dags/driven_data_pipeline.py
[2026-06-23T20:03:07.168+0000] {logging_mixin.py:190} INFO - [2026-06-23T20:03:07.167+0000] {dag.py:3239} INFO - Sync 1 DAGs
[2026-06-23T20:03:07.258+0000] {logging_mixin.py:190} INFO - [2026-06-23T20:03:07.258+0000] {dag.py:4180} INFO - Setting next_dagrun for extract_raw_data_pipeline to 2026-06-23 07:59:00+00:00, run_after=2026-06-24 07:00:00+00:00
[2026-06-23T20:03:07.292+0000] {processor.py:208} INFO - Processing /opt/airflow/dags/driven_data_pipeline.py took 0.623 seconds
[2026-06-23T20:03:37.997+0000] {processor.py:186} INFO - Started process (PID=8447) to work on /opt/airflow/dags/driven_data_pipeline.py
[2026-06-23T20:03:38.001+0000] {processor.py:914} INFO - Processing file /opt/airflow/dags/driven_data_pipeline.py for tasks to queue
[2026-06-23T20:03:38.008+0000] {logging_mixin.py:190} INFO - [2026-06-23T20:03:38.007+0000] {dagbag.py:588} INFO - Filling up the DagBag from /opt/airflow/dags/driven_data_pipeline.py
[2026-06-23T20:03:38.581+0000] {processor.py:925} INFO - DAG(s) 'extract_raw_data_pipeline' retrieved from /opt/airflow/dags/driven_data_pipeline.py
[2026-06-23T20:03:38.653+0000] {logging_mixin.py:190} INFO - [2026-06-23T20:03:38.653+0000] {dag.py:3239} INFO - Sync 1 DAGs
[2026-06-23T20:03:38.667+0000] {logging_mixin.py:190} INFO - [2026-06-23T20:03:38.667+0000] {dag.py:4180} INFO - Setting next_dagrun for extract_raw_data_pipeline to 2026-06-23 07:59:00+00:00, run_after=2026-06-24 07:00:00+00:00
[2026-06-23T20:03:38.714+0000] {processor.py:208} INFO - Processing /opt/airflow/dags/driven_data_pipeline.py took 0.724 seconds
[2026-06-23T20:04:09.558+0000] {processor.py:186} INFO - Started process (PID=8455) to work on /opt/airflow/dags/driven_data_pipeline.py
[2026-06-23T20:04:09.559+0000] {processor.py:914} INFO - Processing file /opt/airflow/dags/driven_data_pipeline.py for tasks to queue
[2026-06-23T20:04:09.561+0000] {logging_mixin.py:190} INFO - [2026-06-23T20:04:09.560+0000] {dagbag.py:588} INFO - Filling up the DagBag from /opt/airflow/dags/driven_data_pipeline.py
[2026-06-23T20:04:09.654+0000] {processor.py:925} INFO - DAG(s) 'extract_raw_data_pipeline' retrieved from /opt/airflow/dags/driven_data_pipeline.py
[2026-06-23T20:04:09.684+0000] {logging_mixin.py:190} INFO - [2026-06-23T20:04:09.684+0000] {dag.py:3239} INFO - Sync 1 DAGs
[2026-06-23T20:04:09.701+0000] {logging_mixin.py:190} INFO - [2026-06-23T20:04:09.700+0000] {dag.py:4180} INFO - Setting next_dagrun for extract_raw_data_pipeline to 2026-06-23 07:59:00+00:00, run_after=2026-06-24 07:00:00+00:00
[2026-06-23T20:04:09.773+0000] {processor.py:208} INFO - Processing /opt/airflow/dags/driven_data_pipeline.py took 0.219 seconds
[2026-06-23T20:04:41.014+0000] {processor.py:186} INFO - Started process (PID=8463) to work on /opt/airflow/dags/driven_data_pipeline.py
[2026-06-23T20:04:41.017+0000] {processor.py:914} INFO - Processing file /opt/airflow/dags/driven_data_pipeline.py for tasks to queue
[2026-06-23T20:04:41.021+0000] {logging_mixin.py:190} INFO - [2026-06-23T20:04:41.021+0000] {dagbag.py:588} INFO - Filling up the DagBag from /opt/airflow/dags/driven_data_pipeline.py
[2026-06-23T20:04:41.448+0000] {processor.py:925} INFO - DAG(s) 'extract_raw_data_pipeline' retrieved from /opt/airflow/dags/driven_data_pipeline.py
[2026-06-23T20:04:41.465+0000] {logging_mixin.py:190} INFO - [2026-06-23T20:04:41.465+0000] {dag.py:3239} INFO - Sync 1 DAGs
[2026-06-23T20:04:41.479+0000] {logging_mixin.py:190} INFO - [2026-06-23T20:04:41.479+0000] {dag.py:4180} INFO - Setting next_dagrun for extract_raw_data_pipeline to 2026-06-23 07:59:00+00:00, run_after=2026-06-24 07:00:00+00:00
[2026-06-23T20:04:41.493+0000] {processor.py:208} INFO - Processing /opt/airflow/dags/driven_data_pipeline.py took 0.488 seconds
[2026-06-23T20:05:12.214+0000] {processor.py:186} INFO - Started process (PID=8471) to work on /opt/airflow/dags/driven_data_pipeline.py
[2026-06-23T20:05:12.216+0000] {processor.py:914} INFO - Processing file /opt/airflow/dags/driven_data_pipeline.py for tasks to queue
[2026-06-23T20:05:12.235+0000] {logging_mixin.py:190} INFO - [2026-06-23T20:05:12.235+0000] {dagbag.py:588} INFO - Filling up the DagBag from /opt/airflow/dags/driven_data_pipeline.py
[2026-06-23T20:05:12.599+0000] {processor.py:925} INFO - DAG(s) 'extract_raw_data_pipeline' retrieved from /opt/airflow/dags/driven_data_pipeline.py
[2026-06-23T20:05:12.633+0000] {logging_mixin.py:190} INFO - [2026-06-23T20:05:12.633+0000] {dag.py:3239} INFO - Sync 1 DAGs
[2026-06-23T20:05:12.647+0000] {logging_mixin.py:190} INFO - [2026-06-23T20:05:12.647+0000] {dag.py:4180} INFO - Setting next_dagrun for extract_raw_data_pipeline to 2026-06-23 07:59:00+00:00, run_after=2026-06-24 07:00:00+00:00
[2026-06-23T20:05:12.703+0000] {processor.py:208} INFO - Processing /opt/airflow/dags/driven_data_pipeline.py took 0.497 seconds
[2026-06-23T20:05:43.223+0000] {processor.py:186} INFO - Started process (PID=8479) to work on /opt/airflow/dags/driven_data_pipeline.py
[2026-06-23T20:05:43.226+0000] {processor.py:914} INFO - Processing file /opt/airflow/dags/driven_data_pipeline.py for tasks to queue
[2026-06-23T20:05:43.236+0000] {logging_mixin.py:190} INFO - [2026-06-23T20:05:43.235+0000] {dagbag.py:588} INFO - Filling up the DagBag from /opt/airflow/dags/driven_data_pipeline.py
[2026-06-23T20:05:43.681+0000] {processor.py:925} INFO - DAG(s) 'extract_raw_data_pipeline' retrieved from /opt/airflow/dags/driven_data_pipeline.py
[2026-06-23T20:05:43.697+0000] {logging_mixin.py:190} INFO - [2026-06-23T20:05:43.696+0000] {dag.py:3239} INFO - Sync 1 DAGs
[2026-06-23T20:05:43.710+0000] {logging_mixin.py:190} INFO - [2026-06-23T20:05:43.710+0000] {dag.py:4180} INFO - Setting next_dagrun for extract_raw_data_pipeline to 2026-06-23 07:59:00+00:00, run_after=2026-06-24 07:00:00+00:00
[2026-06-23T20:05:43.724+0000] {processor.py:208} INFO - Processing /opt/airflow/dags/driven_data_pipeline.py took 0.510 seconds
[2026-06-23T20:06:13.946+0000] {processor.py:186} INFO - Started process (PID=8487) to work on /opt/airflow/dags/driven_data_pipeline.py
[2026-06-23T20:06:13.947+0000] {processor.py:914} INFO - Processing file /opt/airflow/dags/driven_data_pipeline.py for tasks to queue
[2026-06-23T20:06:13.949+0000] {logging_mixin.py:190} INFO - [2026-06-23T20:06:13.949+0000] {dagbag.py:588} INFO - Filling up the DagBag from /opt/airflow/dags/driven_data_pipeline.py
[2026-06-23T20:06:14.050+0000] {processor.py:925} INFO - DAG(s) 'extract_raw_data_pipeline' retrieved from /opt/airflow/dags/driven_data_pipeline.py
[2026-06-23T20:06:14.066+0000] {logging_mixin.py:190} INFO - [2026-06-23T20:06:14.065+0000] {dag.py:3239} INFO - Sync 1 DAGs
[2026-06-23T20:06:14.091+0000] {logging_mixin.py:190} INFO - [2026-06-23T20:06:14.090+0000] {dag.py:4180} INFO - Setting next_dagrun for extract_raw_data_pipeline to 2026-06-23 07:59:00+00:00, run_after=2026-06-24 07:00:00+00:00
[2026-06-23T20:06:14.111+0000] {processor.py:208} INFO - Processing /opt/airflow/dags/driven_data_pipeline.py took 0.169 seconds
[2026-06-23T20:06:44.854+0000] {processor.py:186} INFO - Started process (PID=8495) to work on /opt/airflow/dags/driven_data_pipeline.py
[2026-06-23T20:06:44.866+0000] {processor.py:914} INFO - Processing file /opt/airflow/dags/driven_data_pipeline.py for tasks to queue
[2026-06-23T20:06:44.875+0000] {logging_mixin.py:190} INFO - [2026-06-23T20:06:44.874+0000] {dagbag.py:588} INFO - Filling up the DagBag from /opt/airflow/dags/driven_data_pipeline.py
[2026-06-23T20:06:45.482+0000] {processor.py:925} INFO - DAG(s) 'extract_raw_data_pipeline' retrieved from /opt/airflow/dags/driven_data_pipeline.py
[2026-06-23T20:06:45.559+0000] {logging_mixin.py:190} INFO - [2026-06-23T20:06:45.559+0000] {dag.py:3239} INFO - Sync 1 DAGs
[2026-06-23T20:06:45.583+0000] {logging_mixin.py:190} INFO - [2026-06-23T20:06:45.583+0000] {dag.py:4180} INFO - Setting next_dagrun for extract_raw_data_pipeline to 2026-06-23 07:59:00+00:00, run_after=2026-06-24 07:00:00+00:00
[2026-06-23T20:06:45.598+0000] {processor.py:208} INFO - Processing /opt/airflow/dags/driven_data_pipeline.py took 0.750 seconds
[2026-06-23T20:07:16.255+0000] {processor.py:186} INFO - Started process (PID=8503) to work on /opt/airflow/dags/driven_data_pipeline.py
[2026-06-23T20:07:16.257+0000] {processor.py:914} INFO - Processing file /opt/airflow/dags/driven_data_pipeline.py for tasks to queue
[2026-06-23T20:07:16.258+0000] {logging_mixin.py:190} INFO - [2026-06-23T20:07:16.258+0000] {dagbag.py:588} INFO - Filling up the DagBag from /opt/airflow/dags/driven_data_pipeline.py
[2026-06-23T20:07:16.382+0000] {processor.py:925} INFO - DAG(s) 'extract_raw_data_pipeline' retrieved from /opt/airflow/dags/driven_data_pipeline.py
[2026-06-23T20:07:16.471+0000] {logging_mixin.py:190} INFO - [2026-06-23T20:07:16.471+0000] {dag.py:3239} INFO - Sync 1 DAGs
[2026-06-23T20:07:16.509+0000] {logging_mixin.py:190} INFO - [2026-06-23T20:07:16.508+0000] {dag.py:4180} INFO - Setting next_dagrun for extract_raw_data_pipeline to 2026-06-23 07:59:00+00:00, run_after=2026-06-24 07:00:00+00:00
[2026-06-23T20:07:16.527+0000] {processor.py:208} INFO - Processing /opt/airflow/dags/driven_data_pipeline.py took 0.276 seconds
[2026-06-23T20:07:47.013+0000] {processor.py:186} INFO - Started process (PID=8511) to work on /opt/airflow/dags/driven_data_pipeline.py
[2026-06-23T20:07:47.019+0000] {processor.py:914} INFO - Processing file /opt/airflow/dags/driven_data_pipeline.py for tasks to queue
[2026-06-23T20:07:47.070+0000] {logging_mixin.py:190} INFO - [2026-06-23T20:07:47.070+0000] {dagbag.py:588} INFO - Filling up the DagBag from /opt/airflow/dags/driven_data_pipeline.py
[2026-06-23T20:07:47.784+0000] {processor.py:925} INFO - DAG(s) 'extract_raw_data_pipeline' retrieved from /opt/airflow/dags/driven_data_pipeline.py
[2026-06-23T20:07:47.809+0000] {logging_mixin.py:190} INFO - [2026-06-23T20:07:47.809+0000] {dag.py:3239} INFO - Sync 1 DAGs
[2026-06-23T20:07:47.840+0000] {logging_mixin.py:190} INFO - [2026-06-23T20:07:47.840+0000] {dag.py:4180} INFO - Setting next_dagrun for extract_raw_data_pipeline to 2026-06-23 07:59:00+00:00, run_after=2026-06-24 07:00:00+00:00
[2026-06-23T20:07:47.918+0000] {processor.py:208} INFO - Processing /opt/airflow/dags/driven_data_pipeline.py took 0.909 seconds
[2026-06-23T20:08:18.886+0000] {processor.py:186} INFO - Started process (PID=8519) to work on /opt/airflow/dags/driven_data_pipeline.py
[2026-06-23T20:08:18.887+0000] {processor.py:914} INFO - Processing file /opt/airflow/dags/driven_data_pipeline.py for tasks to queue
[2026-06-23T20:08:18.889+0000] {logging_mixin.py:190} INFO - [2026-06-23T20:08:18.889+0000] {dagbag.py:588} INFO - Filling up the DagBag from /opt/airflow/dags/driven_data_pipeline.py
[2026-06-23T20:08:19.423+0000] {processor.py:925} INFO - DAG(s) 'extract_raw_data_pipeline' retrieved from /opt/airflow/dags/driven_data_pipeline.py
[2026-06-23T20:08:19.486+0000] {logging_mixin.py:190} INFO - [2026-06-23T20:08:19.486+0000] {dag.py:3239} INFO - Sync 1 DAGs
[2026-06-23T20:08:19.541+0000] {logging_mixin.py:190} INFO - [2026-06-23T20:08:19.540+0000] {dag.py:4180} INFO - Setting next_dagrun for extract_raw_data_pipeline to 2026-06-23 07:59:00+00:00, run_after=2026-06-24 07:00:00+00:00
[2026-06-23T20:08:19.591+0000] {processor.py:208} INFO - Processing /opt/airflow/dags/driven_data_pipeline.py took 0.709 seconds
[2026-06-23T20:08:50.131+0000] {processor.py:186} INFO - Started process (PID=8527) to work on /opt/airflow/dags/driven_data_pipeline.py
[2026-06-23T20:08:50.155+0000] {processor.py:914} INFO - Processing file /opt/airflow/dags/driven_data_pipeline.py for tasks to queue
[2026-06-23T20:08:50.163+0000] {logging_mixin.py:190} INFO - [2026-06-23T20:08:50.162+0000] {dagbag.py:588} INFO - Filling up the DagBag from /opt/airflow/dags/driven_data_pipeline.py
[2026-06-23T20:08:50.330+0000] {processor.py:925} INFO - DAG(s) 'extract_raw_data_pipeline' retrieved from /opt/airflow/dags/driven_data_pipeline.py
[2026-06-23T20:08:50.346+0000] {logging_mixin.py:190} INFO - [2026-06-23T20:08:50.346+0000] {dag.py:3239} INFO - Sync 1 DAGs
[2026-06-23T20:08:50.360+0000] {logging_mixin.py:190} INFO - [2026-06-23T20:08:50.360+0000] {dag.py:4180} INFO - Setting next_dagrun for extract_raw_data_pipeline to 2026-06-23 07:59:00+00:00, run_after=2026-06-24 07:00:00+00:00
[2026-06-23T20:08:50.375+0000] {processor.py:208} INFO - Processing /opt/airflow/dags/driven_data_pipeline.py took 0.248 seconds
[2026-06-23T20:09:21.076+0000] {processor.py:186} INFO - Started process (PID=8541) to work on /opt/airflow/dags/driven_data_pipeline.py
[2026-06-23T20:09:21.081+0000] {processor.py:914} INFO - Processing file /opt/airflow/dags/driven_data_pipeline.py for tasks to queue
[2026-06-23T20:09:21.085+0000] {logging_mixin.py:190} INFO - [2026-06-23T20:09:21.085+0000] {dagbag.py:588} INFO - Filling up the DagBag from /opt/airflow/dags/driven_data_pipeline.py
[2026-06-23T20:09:21.569+0000] {processor.py:925} INFO - DAG(s) 'extract_raw_data_pipeline' retrieved from /opt/airflow/dags/driven_data_pipeline.py
[2026-06-23T20:09:21.585+0000] {logging_mixin.py:190} INFO - [2026-06-23T20:09:21.585+0000] {dag.py:3239} INFO - Sync 1 DAGs
[2026-06-23T20:09:21.599+0000] {logging_mixin.py:190} INFO - [2026-06-23T20:09:21.599+0000] {dag.py:4180} INFO - Setting next_dagrun for extract_raw_data_pipeline to 2026-06-23 07:59:00+00:00, run_after=2026-06-24 07:00:00+00:00
[2026-06-23T20:09:21.672+0000] {processor.py:208} INFO - Processing /opt/airflow/dags/driven_data_pipeline.py took 0.601 seconds
[2026-06-23T20:09:52.578+0000] {processor.py:186} INFO - Started process (PID=8549) to work on /opt/airflow/dags/driven_data_pipeline.py
[2026-06-23T20:09:52.605+0000] {processor.py:914} INFO - Processing file /opt/airflow/dags/driven_data_pipeline.py for tasks to queue
[2026-06-23T20:09:52.638+0000] {logging_mixin.py:190} INFO - [2026-06-23T20:09:52.637+0000] {dagbag.py:588} INFO - Filling up the DagBag from /opt/airflow/dags/driven_data_pipeline.py
[2026-06-23T20:09:53.186+0000] {processor.py:925} INFO - DAG(s) 'extract_raw_data_pipeline' retrieved from /opt/airflow/dags/driven_data_pipeline.py
[2026-06-23T20:09:53.204+0000] {logging_mixin.py:190} INFO - [2026-06-23T20:09:53.204+0000] {dag.py:3239} INFO - Sync 1 DAGs
[2026-06-23T20:09:53.248+0000] {logging_mixin.py:190} INFO - [2026-06-23T20:09:53.248+0000] {dag.py:4180} INFO - Setting next_dagrun for extract_raw_data_pipeline to 2026-06-23 07:59:00+00:00, run_after=2026-06-24 07:00:00+00:00
[2026-06-23T20:09:53.343+0000] {processor.py:208} INFO - Processing /opt/airflow/dags/driven_data_pipeline.py took 0.770 seconds
[2026-06-23T20:10:23.872+0000] {processor.py:186} INFO - Started process (PID=8557) to work on /opt/airflow/dags/driven_data_pipeline.py
[2026-06-23T20:10:23.874+0000] {processor.py:914} INFO - Processing file /opt/airflow/dags/driven_data_pipeline.py for tasks to queue
[2026-06-23T20:10:23.876+0000] {logging_mixin.py:190} INFO - [2026-06-23T20:10:23.876+0000] {dagbag.py:588} INFO - Filling up the DagBag from /opt/airflow/dags/driven_data_pipeline.py
[2026-06-23T20:10:23.985+0000] {processor.py:925} INFO - DAG(s) 'extract_raw_data_pipeline' retrieved from /opt/airflow/dags/driven_data_pipeline.py
[2026-06-23T20:10:24.001+0000] {logging_mixin.py:190} INFO - [2026-06-23T20:10:24.001+0000] {dag.py:3239} INFO - Sync 1 DAGs
[2026-06-23T20:10:24.015+0000] {logging_mixin.py:190} INFO - [2026-06-23T20:10:24.015+0000] {dag.py:4180} INFO - Setting next_dagrun for extract_raw_data_pipeline to 2026-06-23 07:59:00+00:00, run_after=2026-06-24 07:00:00+00:00
[2026-06-23T20:10:24.032+0000] {processor.py:208} INFO - Processing /opt/airflow/dags/driven_data_pipeline.py took 0.164 seconds
[2026-06-23T20:10:55.180+0000] {processor.py:186} INFO - Started process (PID=8565) to work on /opt/airflow/dags/driven_data_pipeline.py
[2026-06-23T20:10:55.192+0000] {processor.py:914} INFO - Processing file /opt/airflow/dags/driven_data_pipeline.py for tasks to queue
[2026-06-23T20:10:55.230+0000] {logging_mixin.py:190} INFO - [2026-06-23T20:10:55.230+0000] {dagbag.py:588} INFO - Filling up the DagBag from /opt/airflow/dags/driven_data_pipeline.py
[2026-06-23T20:10:55.673+0000] {processor.py:925} INFO - DAG(s) 'extract_raw_data_pipeline' retrieved from /opt/airflow/dags/driven_data_pipeline.py
[2026-06-23T20:10:55.687+0000] {logging_mixin.py:190} INFO - [2026-06-23T20:10:55.687+0000] {dag.py:3239} INFO - Sync 1 DAGs
[2026-06-23T20:10:55.699+0000] {logging_mixin.py:190} INFO - [2026-06-23T20:10:55.699+0000] {dag.py:4180} INFO - Setting next_dagrun for extract_raw_data_pipeline to 2026-06-23 07:59:00+00:00, run_after=2026-06-24 07:00:00+00:00
[2026-06-23T20:10:55.714+0000] {processor.py:208} INFO - Processing /opt/airflow/dags/driven_data_pipeline.py took 0.541 seconds
[2026-06-23T20:11:26.537+0000] {processor.py:186} INFO - Started process (PID=8573) to work on /opt/airflow/dags/driven_data_pipeline.py
[2026-06-23T20:11:26.541+0000] {processor.py:914} INFO - Processing file /opt/airflow/dags/driven_data_pipeline.py for tasks to queue
[2026-06-23T20:11:26.545+0000] {logging_mixin.py:190} INFO - [2026-06-23T20:11:26.545+0000] {dagbag.py:588} INFO - Filling up the DagBag from /opt/airflow/dags/driven_data_pipeline.py
[2026-06-23T20:11:27.069+0000] {processor.py:925} INFO - DAG(s) 'extract_raw_data_pipeline' retrieved from /opt/airflow/dags/driven_data_pipeline.py
[2026-06-23T20:11:27.088+0000] {logging_mixin.py:190} INFO - [2026-06-23T20:11:27.088+0000] {dag.py:3239} INFO - Sync 1 DAGs
[2026-06-23T20:11:27.101+0000] {logging_mixin.py:190} INFO - [2026-06-23T20:11:27.101+0000] {dag.py:4180} INFO - Setting next_dagrun for extract_raw_data_pipeline to 2026-06-23 07:59:00+00:00, run_after=2026-06-24 07:00:00+00:00
[2026-06-23T20:11:27.115+0000] {processor.py:208} INFO - Processing /opt/airflow/dags/driven_data_pipeline.py took 0.582 seconds
[2026-06-23T20:11:57.714+0000] {processor.py:186} INFO - Started process (PID=8581) to work on /opt/airflow/dags/driven_data_pipeline.py
[2026-06-23T20:11:57.752+0000] {processor.py:914} INFO - Processing file /opt/airflow/dags/driven_data_pipeline.py for tasks to queue
[2026-06-23T20:11:57.781+0000] {logging_mixin.py:190} INFO - [2026-06-23T20:11:57.781+0000] {dagbag.py:588} INFO - Filling up the DagBag from /opt/airflow/dags/driven_data_pipeline.py
[2026-06-23T20:11:58.367+0000] {processor.py:925} INFO - DAG(s) 'extract_raw_data_pipeline' retrieved from /opt/airflow/dags/driven_data_pipeline.py
[2026-06-23T20:11:58.445+0000] {logging_mixin.py:190} INFO - [2026-06-23T20:11:58.445+0000] {dag.py:3239} INFO - Sync 1 DAGs
[2026-06-23T20:11:58.476+0000] {logging_mixin.py:190} INFO - [2026-06-23T20:11:58.476+0000] {dag.py:4180} INFO - Setting next_dagrun for extract_raw_data_pipeline to 2026-06-23 07:59:00+00:00, run_after=2026-06-24 07:00:00+00:00
[2026-06-23T20:11:58.494+0000] {processor.py:208} INFO - Processing /opt/airflow/dags/driven_data_pipeline.py took 0.788 seconds
[2026-06-23T20:12:29.202+0000] {processor.py:186} INFO - Started process (PID=8589) to work on /opt/airflow/dags/driven_data_pipeline.py
[2026-06-23T20:12:29.219+0000] {processor.py:914} INFO - Processing file /opt/airflow/dags/driven_data_pipeline.py for tasks to queue
[2026-06-23T20:12:29.222+0000] {logging_mixin.py:190} INFO - [2026-06-23T20:12:29.222+0000] {dagbag.py:588} INFO - Filling up the DagBag from /opt/airflow/dags/driven_data_pipeline.py
[2026-06-23T20:12:29.781+0000] {processor.py:925} INFO - DAG(s) 'extract_raw_data_pipeline' retrieved from /opt/airflow/dags/driven_data_pipeline.py
[2026-06-23T20:12:29.810+0000] {logging_mixin.py:190} INFO - [2026-06-23T20:12:29.810+0000] {dag.py:3239} INFO - Sync 1 DAGs
[2026-06-23T20:12:29.828+0000] {logging_mixin.py:190} INFO - [2026-06-23T20:12:29.828+0000] {dag.py:4180} INFO - Setting next_dagrun for extract_raw_data_pipeline to 2026-06-23 07:59:00+00:00, run_after=2026-06-24 07:00:00+00:00
[2026-06-23T20:12:29.900+0000] {processor.py:208} INFO - Processing /opt/airflow/dags/driven_data_pipeline.py took 0.705 seconds
[2026-06-23T20:13:00.474+0000] {processor.py:186} INFO - Started process (PID=8597) to work on /opt/airflow/dags/driven_data_pipeline.py
[2026-06-23T20:13:00.478+0000] {processor.py:914} INFO - Processing file /opt/airflow/dags/driven_data_pipeline.py for tasks to queue
[2026-06-23T20:13:00.483+0000] {logging_mixin.py:190} INFO - [2026-06-23T20:13:00.482+0000] {dagbag.py:588} INFO - Filling up the DagBag from /opt/airflow/dags/driven_data_pipeline.py
[2026-06-23T20:13:01.196+0000] {processor.py:925} INFO - DAG(s) 'extract_raw_data_pipeline' retrieved from /opt/airflow/dags/driven_data_pipeline.py
[2026-06-23T20:13:01.217+0000] {logging_mixin.py:190} INFO - [2026-06-23T20:13:01.217+0000] {dag.py:3239} INFO - Sync 1 DAGs
[2026-06-23T20:13:01.256+0000] {logging_mixin.py:190} INFO - [2026-06-23T20:13:01.255+0000] {dag.py:4180} INFO - Setting next_dagrun for extract_raw_data_pipeline to 2026-06-23 07:59:00+00:00, run_after=2026-06-24 07:00:00+00:00
[2026-06-23T20:13:01.373+0000] {processor.py:208} INFO - Processing /opt/airflow/dags/driven_data_pipeline.py took 0.907 seconds
[2026-06-23T20:13:31.654+0000] {processor.py:186} INFO - Started process (PID=8605) to work on /opt/airflow/dags/driven_data_pipeline.py
[2026-06-23T20:13:31.655+0000] {processor.py:914} INFO - Processing file /opt/airflow/dags/driven_data_pipeline.py for tasks to queue
[2026-06-23T20:13:31.657+0000] {logging_mixin.py:190} INFO - [2026-06-23T20:13:31.657+0000] {dagbag.py:588} INFO - Filling up the DagBag from /opt/airflow/dags/driven_data_pipeline.py
[2026-06-23T20:13:31.903+0000] {processor.py:925} INFO - DAG(s) 'extract_raw_data_pipeline' retrieved from /opt/airflow/dags/driven_data_pipeline.py
[2026-06-23T20:13:31.930+0000] {logging_mixin.py:190} INFO - [2026-06-23T20:13:31.930+0000] {dag.py:3239} INFO - Sync 1 DAGs
[2026-06-23T20:13:31.965+0000] {logging_mixin.py:190} INFO - [2026-06-23T20:13:31.965+0000] {dag.py:4180} INFO - Setting next_dagrun for extract_raw_data_pipeline to 2026-06-23 07:59:00+00:00, run_after=2026-06-24 07:00:00+00:00
[2026-06-23T20:13:31.982+0000] {processor.py:208} INFO - Processing /opt/airflow/dags/driven_data_pipeline.py took 0.335 seconds
[2026-06-23T20:14:02.158+0000] {processor.py:186} INFO - Started process (PID=8613) to work on /opt/airflow/dags/driven_data_pipeline.py
[2026-06-23T20:14:02.159+0000] {processor.py:914} INFO - Processing file /opt/airflow/dags/driven_data_pipeline.py for tasks to queue
[2026-06-23T20:14:02.161+0000] {logging_mixin.py:190} INFO - [2026-06-23T20:14:02.161+0000] {dagbag.py:588} INFO - Filling up the DagBag from /opt/airflow/dags/driven_data_pipeline.py
[2026-06-23T20:14:02.253+0000] {processor.py:925} INFO - DAG(s) 'extract_raw_data_pipeline' retrieved from /opt/airflow/dags/driven_data_pipeline.py
[2026-06-23T20:14:02.269+0000] {logging_mixin.py:190} INFO - [2026-06-23T20:14:02.269+0000] {dag.py:3239} INFO - Sync 1 DAGs
[2026-06-23T20:14:02.282+0000] {logging_mixin.py:190} INFO - [2026-06-23T20:14:02.282+0000] {dag.py:4180} INFO - Setting next_dagrun for extract_raw_data_pipeline to 2026-06-23 07:59:00+00:00, run_after=2026-06-24 07:00:00+00:00
[2026-06-23T20:14:02.299+0000] {processor.py:208} INFO - Processing /opt/airflow/dags/driven_data_pipeline.py took 0.144 seconds
[2026-06-23T20:14:32.377+0000] {processor.py:186} INFO - Started process (PID=8621) to work on /opt/airflow/dags/driven_data_pipeline.py
[2026-06-23T20:14:32.378+0000] {processor.py:914} INFO - Processing file /opt/airflow/dags/driven_data_pipeline.py for tasks to queue
[2026-06-23T20:14:32.379+0000] {logging_mixin.py:190} INFO - [2026-06-23T20:14:32.379+0000] {dagbag.py:588} INFO - Filling up the DagBag from /opt/airflow/dags/driven_data_pipeline.py
[2026-06-23T20:14:32.461+0000] {processor.py:925} INFO - DAG(s) 'extract_raw_data_pipeline' retrieved from /opt/airflow/dags/driven_data_pipeline.py
[2026-06-23T20:14:32.475+0000] {logging_mixin.py:190} INFO - [2026-06-23T20:14:32.474+0000] {dag.py:3239} INFO - Sync 1 DAGs
[2026-06-23T20:14:32.487+0000] {logging_mixin.py:190} INFO - [2026-06-23T20:14:32.487+0000] {dag.py:4180} INFO - Setting next_dagrun for extract_raw_data_pipeline to 2026-06-23 07:59:00+00:00, run_after=2026-06-24 07:00:00+00:00
[2026-06-23T20:14:32.500+0000] {processor.py:208} INFO - Processing /opt/airflow/dags/driven_data_pipeline.py took 0.127 seconds
[2026-06-23T20:15:03.175+0000] {processor.py:186} INFO - Started process (PID=8629) to work on /opt/airflow/dags/driven_data_pipeline.py
[2026-06-23T20:15:03.179+0000] {processor.py:914} INFO - Processing file /opt/airflow/dags/driven_data_pipeline.py for tasks to queue
[2026-06-23T20:15:03.181+0000] {logging_mixin.py:190} INFO - [2026-06-23T20:15:03.181+0000] {dagbag.py:588} INFO - Filling up the DagBag from /opt/airflow/dags/driven_data_pipeline.py
[2026-06-23T20:15:03.494+0000] {processor.py:925} INFO - DAG(s) 'extract_raw_data_pipeline' retrieved from /opt/airflow/dags/driven_data_pipeline.py
[2026-06-23T20:15:03.539+0000] {logging_mixin.py:190} INFO - [2026-06-23T20:15:03.539+0000] {dag.py:3239} INFO - Sync 1 DAGs
[2026-06-23T20:15:03.607+0000] {logging_mixin.py:190} INFO - [2026-06-23T20:15:03.607+0000] {dag.py:4180} INFO - Setting next_dagrun for extract_raw_data_pipeline to 2026-06-23 07:59:00+00:00, run_after=2026-06-24 07:00:00+00:00
[2026-06-23T20:15:03.640+0000] {processor.py:208} INFO - Processing /opt/airflow/dags/driven_data_pipeline.py took 0.470 seconds
[2026-06-23T20:15:34.234+0000] {processor.py:186} INFO - Started process (PID=8637) to work on /opt/airflow/dags/driven_data_pipeline.py
[2026-06-23T20:15:34.235+0000] {processor.py:914} INFO - Processing file /opt/airflow/dags/driven_data_pipeline.py for tasks to queue
[2026-06-23T20:15:34.237+0000] {logging_mixin.py:190} INFO - [2026-06-23T20:15:34.237+0000] {dagbag.py:588} INFO - Filling up the DagBag from /opt/airflow/dags/driven_data_pipeline.py
[2026-06-23T20:15:34.340+0000] {processor.py:925} INFO - DAG(s) 'extract_raw_data_pipeline' retrieved from /opt/airflow/dags/driven_data_pipeline.py
[2026-06-23T20:15:34.356+0000] {logging_mixin.py:190} INFO - [2026-06-23T20:15:34.356+0000] {dag.py:3239} INFO - Sync 1 DAGs
[2026-06-23T20:15:34.368+0000] {logging_mixin.py:190} INFO - [2026-06-23T20:15:34.368+0000] {dag.py:4180} INFO - Setting next_dagrun for extract_raw_data_pipeline to 2026-06-23 07:59:00+00:00, run_after=2026-06-24 07:00:00+00:00
[2026-06-23T20:15:34.384+0000] {processor.py:208} INFO - Processing /opt/airflow/dags/driven_data_pipeline.py took 0.153 seconds
[2026-06-23T20:16:04.527+0000] {processor.py:186} INFO - Started process (PID=8645) to work on /opt/airflow/dags/driven_data_pipeline.py
[2026-06-23T20:16:04.528+0000] {processor.py:914} INFO - Processing file /opt/airflow/dags/driven_data_pipeline.py for tasks to queue
[2026-06-23T20:16:04.541+0000] {logging_mixin.py:190} INFO - [2026-06-23T20:16:04.541+0000] {dagbag.py:588} INFO - Filling up the DagBag from /opt/airflow/dags/driven_data_pipeline.py
[2026-06-23T20:16:04.743+0000] {processor.py:925} INFO - DAG(s) 'extract_raw_data_pipeline' retrieved from /opt/airflow/dags/driven_data_pipeline.py
[2026-06-23T20:16:04.757+0000] {logging_mixin.py:190} INFO - [2026-06-23T20:16:04.757+0000] {dag.py:3239} INFO - Sync 1 DAGs
[2026-06-23T20:16:04.770+0000] {logging_mixin.py:190} INFO - [2026-06-23T20:16:04.770+0000] {dag.py:4180} INFO - Setting next_dagrun for extract_raw_data_pipeline to 2026-06-23 07:59:00+00:00, run_after=2026-06-24 07:00:00+00:00
[2026-06-23T20:16:04.787+0000] {processor.py:208} INFO - Processing /opt/airflow/dags/driven_data_pipeline.py took 0.264 seconds
[2026-06-23T20:16:35.033+0000] {processor.py:186} INFO - Started process (PID=8653) to work on /opt/airflow/dags/driven_data_pipeline.py
[2026-06-23T20:16:35.034+0000] {processor.py:914} INFO - Processing file /opt/airflow/dags/driven_data_pipeline.py for tasks to queue
[2026-06-23T20:16:35.035+0000] {logging_mixin.py:190} INFO - [2026-06-23T20:16:35.035+0000] {dagbag.py:588} INFO - Filling up the DagBag from /opt/airflow/dags/driven_data_pipeline.py
[2026-06-23T20:16:35.220+0000] {processor.py:925} INFO - DAG(s) 'extract_raw_data_pipeline' retrieved from /opt/airflow/dags/driven_data_pipeline.py
[2026-06-23T20:16:35.272+0000] {logging_mixin.py:190} INFO - [2026-06-23T20:16:35.272+0000] {dag.py:3239} INFO - Sync 1 DAGs
[2026-06-23T20:16:35.298+0000] {logging_mixin.py:190} INFO - [2026-06-23T20:16:35.298+0000] {dag.py:4180} INFO - Setting next_dagrun for extract_raw_data_pipeline to 2026-06-23 07:59:00+00:00, run_after=2026-06-24 07:00:00+00:00
[2026-06-23T20:16:35.406+0000] {processor.py:208} INFO - Processing /opt/airflow/dags/driven_data_pipeline.py took 0.377 seconds
[2026-06-23T20:17:06.219+0000] {processor.py:186} INFO - Started process (PID=8661) to work on /opt/airflow/dags/driven_data_pipeline.py
[2026-06-23T20:17:06.222+0000] {processor.py:914} INFO - Processing file /opt/airflow/dags/driven_data_pipeline.py for tasks to queue
[2026-06-23T20:17:06.229+0000] {logging_mixin.py:190} INFO - [2026-06-23T20:17:06.229+0000] {dagbag.py:588} INFO - Filling up the DagBag from /opt/airflow/dags/driven_data_pipeline.py
[2026-06-23T20:17:06.616+0000] {processor.py:925} INFO - DAG(s) 'extract_raw_data_pipeline' retrieved from /opt/airflow/dags/driven_data_pipeline.py
[2026-06-23T20:17:06.631+0000] {logging_mixin.py:190} INFO - [2026-06-23T20:17:06.631+0000] {dag.py:3239} INFO - Sync 1 DAGs
[2026-06-23T20:17:06.644+0000] {logging_mixin.py:190} INFO - [2026-06-23T20:17:06.643+0000] {dag.py:4180} INFO - Setting next_dagrun for extract_raw_data_pipeline to 2026-06-23 07:59:00+00:00, run_after=2026-06-24 07:00:00+00:00
[2026-06-23T20:17:06.681+0000] {processor.py:208} INFO - Processing /opt/airflow/dags/driven_data_pipeline.py took 0.469 seconds
[2026-06-23T20:17:37.255+0000] {processor.py:186} INFO - Started process (PID=8669) to work on /opt/airflow/dags/driven_data_pipeline.py
[2026-06-23T20:17:37.258+0000] {processor.py:914} INFO - Processing file /opt/airflow/dags/driven_data_pipeline.py for tasks to queue
[2026-06-23T20:17:37.260+0000] {logging_mixin.py:190} INFO - [2026-06-23T20:17:37.260+0000] {dagbag.py:588} INFO - Filling up the DagBag from /opt/airflow/dags/driven_data_pipeline.py
[2026-06-23T20:17:38.014+0000] {processor.py:925} INFO - DAG(s) 'extract_raw_data_pipeline' retrieved from /opt/airflow/dags/driven_data_pipeline.py
[2026-06-23T20:17:38.037+0000] {logging_mixin.py:190} INFO - [2026-06-23T20:17:38.037+0000] {dag.py:3239} INFO - Sync 1 DAGs
[2026-06-23T20:17:38.053+0000] {logging_mixin.py:190} INFO - [2026-06-23T20:17:38.053+0000] {dag.py:4180} INFO - Setting next_dagrun for extract_raw_data_pipeline to 2026-06-23 07:59:00+00:00, run_after=2026-06-24 07:00:00+00:00
[2026-06-23T20:17:38.200+0000] {processor.py:208} INFO - Processing /opt/airflow/dags/driven_data_pipeline.py took 0.950 seconds
[2026-06-23T20:18:08.899+0000] {processor.py:186} INFO - Started process (PID=8676) to work on /opt/airflow/dags/driven_data_pipeline.py
[2026-06-23T20:18:08.935+0000] {processor.py:914} INFO - Processing file /opt/airflow/dags/driven_data_pipeline.py for tasks to queue
[2026-06-23T20:18:08.981+0000] {logging_mixin.py:190} INFO - [2026-06-23T20:18:08.981+0000] {dagbag.py:588} INFO - Filling up the DagBag from /opt/airflow/dags/driven_data_pipeline.py
[2026-06-23T20:18:09.294+0000] {processor.py:925} INFO - DAG(s) 'extract_raw_data_pipeline' retrieved from /opt/airflow/dags/driven_data_pipeline.py
[2026-06-23T20:18:09.331+0000] {logging_mixin.py:190} INFO - [2026-06-23T20:18:09.331+0000] {dag.py:3239} INFO - Sync 1 DAGs
[2026-06-23T20:18:09.367+0000] {logging_mixin.py:190} INFO - [2026-06-23T20:18:09.367+0000] {dag.py:4180} INFO - Setting next_dagrun for extract_raw_data_pipeline to 2026-06-23 07:59:00+00:00, run_after=2026-06-24 07:00:00+00:00
[2026-06-23T20:18:09.459+0000] {processor.py:208} INFO - Processing /opt/airflow/dags/driven_data_pipeline.py took 0.568 seconds
[2026-06-23T20:18:40.510+0000] {processor.py:186} INFO - Started process (PID=8684) to work on /opt/airflow/dags/driven_data_pipeline.py
[2026-06-23T20:18:40.550+0000] {processor.py:914} INFO - Processing file /opt/airflow/dags/driven_data_pipeline.py for tasks to queue
[2026-06-23T20:18:40.615+0000] {logging_mixin.py:190} INFO - [2026-06-23T20:18:40.615+0000] {dagbag.py:588} INFO - Filling up the DagBag from /opt/airflow/dags/driven_data_pipeline.py
[2026-06-23T20:18:41.005+0000] {processor.py:925} INFO - DAG(s) 'extract_raw_data_pipeline' retrieved from /opt/airflow/dags/driven_data_pipeline.py
[2026-06-23T20:18:41.020+0000] {logging_mixin.py:190} INFO - [2026-06-23T20:18:41.020+0000] {dag.py:3239} INFO - Sync 1 DAGs
[2026-06-23T20:18:41.104+0000] {logging_mixin.py:190} INFO - [2026-06-23T20:18:41.104+0000] {dag.py:4180} INFO - Setting next_dagrun for extract_raw_data_pipeline to 2026-06-23 07:59:00+00:00, run_after=2026-06-24 07:00:00+00:00
[2026-06-23T20:18:41.145+0000] {processor.py:208} INFO - Processing /opt/airflow/dags/driven_data_pipeline.py took 0.642 seconds
[2026-06-23T20:19:11.566+0000] {processor.py:186} INFO - Started process (PID=8692) to work on /opt/airflow/dags/driven_data_pipeline.py
[2026-06-23T20:19:11.585+0000] {processor.py:914} INFO - Processing file /opt/airflow/dags/driven_data_pipeline.py for tasks to queue
[2026-06-23T20:19:11.617+0000] {logging_mixin.py:190} INFO - [2026-06-23T20:19:11.617+0000] {dagbag.py:588} INFO - Filling up the DagBag from /opt/airflow/dags/driven_data_pipeline.py
[2026-06-23T20:19:11.818+0000] {processor.py:925} INFO - DAG(s) 'extract_raw_data_pipeline' retrieved from /opt/airflow/dags/driven_data_pipeline.py
[2026-06-23T20:19:11.851+0000] {logging_mixin.py:190} INFO - [2026-06-23T20:19:11.851+0000] {dag.py:3239} INFO - Sync 1 DAGs
[2026-06-23T20:19:11.882+0000] {logging_mixin.py:190} INFO - [2026-06-23T20:19:11.881+0000] {dag.py:4180} INFO - Setting next_dagrun for extract_raw_data_pipeline to 2026-06-23 07:59:00+00:00, run_after=2026-06-24 07:00:00+00:00
[2026-06-23T20:19:11.936+0000] {processor.py:208} INFO - Processing /opt/airflow/dags/driven_data_pipeline.py took 0.378 seconds
[2026-06-23T20:19:42.444+0000] {processor.py:186} INFO - Started process (PID=8700) to work on /opt/airflow/dags/driven_data_pipeline.py
[2026-06-23T20:19:42.445+0000] {processor.py:914} INFO - Processing file /opt/airflow/dags/driven_data_pipeline.py for tasks to queue
[2026-06-23T20:19:42.447+0000] {logging_mixin.py:190} INFO - [2026-06-23T20:19:42.447+0000] {dagbag.py:588} INFO - Filling up the DagBag from /opt/airflow/dags/driven_data_pipeline.py
[2026-06-23T20:19:42.552+0000] {processor.py:925} INFO - DAG(s) 'extract_raw_data_pipeline' retrieved from /opt/airflow/dags/driven_data_pipeline.py
[2026-06-23T20:19:42.566+0000] {logging_mixin.py:190} INFO - [2026-06-23T20:19:42.566+0000] {dag.py:3239} INFO - Sync 1 DAGs
[2026-06-23T20:19:42.579+0000] {logging_mixin.py:190} INFO - [2026-06-23T20:19:42.579+0000] {dag.py:4180} INFO - Setting next_dagrun for extract_raw_data_pipeline to 2026-06-23 07:59:00+00:00, run_after=2026-06-24 07:00:00+00:00
[2026-06-23T20:19:42.592+0000] {processor.py:208} INFO - Processing /opt/airflow/dags/driven_data_pipeline.py took 0.153 seconds
[2026-06-23T20:20:13.022+0000] {processor.py:186} INFO - Started process (PID=8708) to work on /opt/airflow/dags/driven_data_pipeline.py
[2026-06-23T20:20:13.023+0000] {processor.py:914} INFO - Processing file /opt/airflow/dags/driven_data_pipeline.py for tasks to queue
[2026-06-23T20:20:13.025+0000] {logging_mixin.py:190} INFO - [2026-06-23T20:20:13.025+0000] {dagbag.py:588} INFO - Filling up the DagBag from /opt/airflow/dags/driven_data_pipeline.py
[2026-06-23T20:20:13.310+0000] {processor.py:925} INFO - DAG(s) 'extract_raw_data_pipeline' retrieved from /opt/airflow/dags/driven_data_pipeline.py
[2026-06-23T20:20:13.368+0000] {logging_mixin.py:190} INFO - [2026-06-23T20:20:13.368+0000] {dag.py:3239} INFO - Sync 1 DAGs
[2026-06-23T20:20:13.388+0000] {logging_mixin.py:190} INFO - [2026-06-23T20:20:13.388+0000] {dag.py:4180} INFO - Setting next_dagrun for extract_raw_data_pipeline to 2026-06-23 07:59:00+00:00, run_after=2026-06-24 07:00:00+00:00
[2026-06-23T20:20:13.437+0000] {processor.py:208} INFO - Processing /opt/airflow/dags/driven_data_pipeline.py took 0.419 seconds
[2026-06-23T20:20:44.086+0000] {processor.py:186} INFO - Started process (PID=8716) to work on /opt/airflow/dags/driven_data_pipeline.py
[2026-06-23T20:20:44.091+0000] {processor.py:914} INFO - Processing file /opt/airflow/dags/driven_data_pipeline.py for tasks to queue
[2026-06-23T20:20:44.102+0000] {logging_mixin.py:190} INFO - [2026-06-23T20:20:44.102+0000] {dagbag.py:588} INFO - Filling up the DagBag from /opt/airflow/dags/driven_data_pipeline.py
[2026-06-23T20:20:44.683+0000] {processor.py:925} INFO - DAG(s) 'extract_raw_data_pipeline' retrieved from /opt/airflow/dags/driven_data_pipeline.py
[2026-06-23T20:20:44.699+0000] {logging_mixin.py:190} INFO - [2026-06-23T20:20:44.698+0000] {dag.py:3239} INFO - Sync 1 DAGs
[2026-06-23T20:20:44.712+0000] {logging_mixin.py:190} INFO - [2026-06-23T20:20:44.712+0000] {dag.py:4180} INFO - Setting next_dagrun for extract_raw_data_pipeline to 2026-06-23 07:59:00+00:00, run_after=2026-06-24 07:00:00+00:00
[2026-06-23T20:20:44.726+0000] {processor.py:208} INFO - Processing /opt/airflow/dags/driven_data_pipeline.py took 0.648 seconds
[2026-06-23T20:21:15.130+0000] {processor.py:186} INFO - Started process (PID=8724) to work on /opt/airflow/dags/driven_data_pipeline.py
[2026-06-23T20:21:15.132+0000] {processor.py:914} INFO - Processing file /opt/airflow/dags/driven_data_pipeline.py for tasks to queue
[2026-06-23T20:21:15.134+0000] {logging_mixin.py:190} INFO - [2026-06-23T20:21:15.134+0000] {dagbag.py:588} INFO - Filling up the DagBag from /opt/airflow/dags/driven_data_pipeline.py
[2026-06-23T20:21:15.252+0000] {processor.py:925} INFO - DAG(s) 'extract_raw_data_pipeline' retrieved from /opt/airflow/dags/driven_data_pipeline.py
[2026-06-23T20:21:15.274+0000] {logging_mixin.py:190} INFO - [2026-06-23T20:21:15.273+0000] {dag.py:3239} INFO - Sync 1 DAGs
[2026-06-23T20:21:15.294+0000] {logging_mixin.py:190} INFO - [2026-06-23T20:21:15.293+0000] {dag.py:4180} INFO - Setting next_dagrun for extract_raw_data_pipeline to 2026-06-23 07:59:00+00:00, run_after=2026-06-24 07:00:00+00:00
[2026-06-23T20:21:15.374+0000] {processor.py:208} INFO - Processing /opt/airflow/dags/driven_data_pipeline.py took 0.252 seconds
[2026-06-23T20:21:46.181+0000] {processor.py:186} INFO - Started process (PID=8732) to work on /opt/airflow/dags/driven_data_pipeline.py
[2026-06-23T20:21:46.182+0000] {processor.py:914} INFO - Processing file /opt/airflow/dags/driven_data_pipeline.py for tasks to queue
[2026-06-23T20:21:46.183+0000] {logging_mixin.py:190} INFO - [2026-06-23T20:21:46.183+0000] {dagbag.py:588} INFO - Filling up the DagBag from /opt/airflow/dags/driven_data_pipeline.py
[2026-06-23T20:21:46.268+0000] {processor.py:925} INFO - DAG(s) 'extract_raw_data_pipeline' retrieved from /opt/airflow/dags/driven_data_pipeline.py
[2026-06-23T20:21:46.282+0000] {logging_mixin.py:190} INFO - [2026-06-23T20:21:46.282+0000] {dag.py:3239} INFO - Sync 1 DAGs
[2026-06-23T20:21:46.295+0000] {logging_mixin.py:190} INFO - [2026-06-23T20:21:46.295+0000] {dag.py:4180} INFO - Setting next_dagrun for extract_raw_data_pipeline to 2026-06-23 07:59:00+00:00, run_after=2026-06-24 07:00:00+00:00
[2026-06-23T20:21:46.309+0000] {processor.py:208} INFO - Processing /opt/airflow/dags/driven_data_pipeline.py took 0.131 seconds
[2026-06-23T20:22:16.639+0000] {processor.py:186} INFO - Started process (PID=8740) to work on /opt/airflow/dags/driven_data_pipeline.py
[2026-06-23T20:22:16.640+0000] {processor.py:914} INFO - Processing file /opt/airflow/dags/driven_data_pipeline.py for tasks to queue
[2026-06-23T20:22:16.642+0000] {logging_mixin.py:190} INFO - [2026-06-23T20:22:16.641+0000] {dagbag.py:588} INFO - Filling up the DagBag from /opt/airflow/dags/driven_data_pipeline.py
[2026-06-23T20:22:16.736+0000] {processor.py:925} INFO - DAG(s) 'extract_raw_data_pipeline' retrieved from /opt/airflow/dags/driven_data_pipeline.py
[2026-06-23T20:22:16.750+0000] {logging_mixin.py:190} INFO - [2026-06-23T20:22:16.750+0000] {dag.py:3239} INFO - Sync 1 DAGs
[2026-06-23T20:22:16.762+0000] {logging_mixin.py:190} INFO - [2026-06-23T20:22:16.762+0000] {dag.py:4180} INFO - Setting next_dagrun for extract_raw_data_pipeline to 2026-06-23 07:59:00+00:00, run_after=2026-06-24 07:00:00+00:00
[2026-06-23T20:22:16.786+0000] {processor.py:208} INFO - Processing /opt/airflow/dags/driven_data_pipeline.py took 0.151 seconds
[2026-06-23T20:22:46.942+0000] {processor.py:186} INFO - Started process (PID=8748) to work on /opt/airflow/dags/driven_data_pipeline.py
[2026-06-23T20:22:46.942+0000] {processor.py:914} INFO - Processing file /opt/airflow/dags/driven_data_pipeline.py for tasks to queue
[2026-06-23T20:22:46.944+0000] {logging_mixin.py:190} INFO - [2026-06-23T20:22:46.944+0000] {dagbag.py:588} INFO - Filling up the DagBag from /opt/airflow/dags/driven_data_pipeline.py
[2026-06-23T20:22:47.027+0000] {processor.py:925} INFO - DAG(s) 'extract_raw_data_pipeline' retrieved from /opt/airflow/dags/driven_data_pipeline.py
[2026-06-23T20:22:47.042+0000] {logging_mixin.py:190} INFO - [2026-06-23T20:22:47.042+0000] {dag.py:3239} INFO - Sync 1 DAGs
[2026-06-23T20:22:47.055+0000] {logging_mixin.py:190} INFO - [2026-06-23T20:22:47.055+0000] {dag.py:4180} INFO - Setting next_dagrun for extract_raw_data_pipeline to 2026-06-23 07:59:00+00:00, run_after=2026-06-24 07:00:00+00:00
[2026-06-23T20:22:47.078+0000] {processor.py:208} INFO - Processing /opt/airflow/dags/driven_data_pipeline.py took 0.140 seconds
[2026-06-23T20:23:17.406+0000] {processor.py:186} INFO - Started process (PID=8756) to work on /opt/airflow/dags/driven_data_pipeline.py
[2026-06-23T20:23:17.407+0000] {processor.py:914} INFO - Processing file /opt/airflow/dags/driven_data_pipeline.py for tasks to queue
[2026-06-23T20:23:17.409+0000] {logging_mixin.py:190} INFO - [2026-06-23T20:23:17.408+0000] {dagbag.py:588} INFO - Filling up the DagBag from /opt/airflow/dags/driven_data_pipeline.py
[2026-06-23T20:23:17.488+0000] {processor.py:925} INFO - DAG(s) 'extract_raw_data_pipeline' retrieved from /opt/airflow/dags/driven_data_pipeline.py
[2026-06-23T20:23:17.503+0000] {logging_mixin.py:190} INFO - [2026-06-23T20:23:17.503+0000] {dag.py:3239} INFO - Sync 1 DAGs
[2026-06-23T20:23:17.514+0000] {logging_mixin.py:190} INFO - [2026-06-23T20:23:17.514+0000] {dag.py:4180} INFO - Setting next_dagrun for extract_raw_data_pipeline to 2026-06-23 07:59:00+00:00, run_after=2026-06-24 07:00:00+00:00
[2026-06-23T20:23:17.527+0000] {processor.py:208} INFO - Processing /opt/airflow/dags/driven_data_pipeline.py took 0.124 seconds
[2026-06-23T20:23:47.790+0000] {processor.py:186} INFO - Started process (PID=8764) to work on /opt/airflow/dags/driven_data_pipeline.py
[2026-06-23T20:23:47.790+0000] {processor.py:914} INFO - Processing file /opt/airflow/dags/driven_data_pipeline.py for tasks to queue
[2026-06-23T20:23:47.792+0000] {logging_mixin.py:190} INFO - [2026-06-23T20:23:47.792+0000] {dagbag.py:588} INFO - Filling up the DagBag from /opt/airflow/dags/driven_data_pipeline.py
[2026-06-23T20:23:47.872+0000] {processor.py:925} INFO - DAG(s) 'extract_raw_data_pipeline' retrieved from /opt/airflow/dags/driven_data_pipeline.py
[2026-06-23T20:23:47.887+0000] {logging_mixin.py:190} INFO - [2026-06-23T20:23:47.887+0000] {dag.py:3239} INFO - Sync 1 DAGs
[2026-06-23T20:23:47.900+0000] {logging_mixin.py:190} INFO - [2026-06-23T20:23:47.900+0000] {dag.py:4180} INFO - Setting next_dagrun for extract_raw_data_pipeline to 2026-06-23 07:59:00+00:00, run_after=2026-06-24 07:00:00+00:00
[2026-06-23T20:23:47.913+0000] {processor.py:208} INFO - Processing /opt/airflow/dags/driven_data_pipeline.py took 0.127 seconds
[2026-06-23T20:24:18.121+0000] {processor.py:186} INFO - Started process (PID=8772) to work on /opt/airflow/dags/driven_data_pipeline.py
[2026-06-23T20:24:18.122+0000] {processor.py:914} INFO - Processing file /opt/airflow/dags/driven_data_pipeline.py for tasks to queue
[2026-06-23T20:24:18.124+0000] {logging_mixin.py:190} INFO - [2026-06-23T20:24:18.124+0000] {dagbag.py:588} INFO - Filling up the DagBag from /opt/airflow/dags/driven_data_pipeline.py
[2026-06-23T20:24:18.208+0000] {processor.py:925} INFO - DAG(s) 'extract_raw_data_pipeline' retrieved from /opt/airflow/dags/driven_data_pipeline.py
[2026-06-23T20:24:18.222+0000] {logging_mixin.py:190} INFO - [2026-06-23T20:24:18.222+0000] {dag.py:3239} INFO - Sync 1 DAGs
[2026-06-23T20:24:18.235+0000] {logging_mixin.py:190} INFO - [2026-06-23T20:24:18.235+0000] {dag.py:4180} INFO - Setting next_dagrun for extract_raw_data_pipeline to 2026-06-23 07:59:00+00:00, run_after=2026-06-24 07:00:00+00:00
[2026-06-23T20:24:18.254+0000] {processor.py:208} INFO - Processing /opt/airflow/dags/driven_data_pipeline.py took 0.137 seconds
[2026-06-23T20:24:48.541+0000] {processor.py:186} INFO - Started process (PID=8780) to work on /opt/airflow/dags/driven_data_pipeline.py
[2026-06-23T20:24:48.542+0000] {processor.py:914} INFO - Processing file /opt/airflow/dags/driven_data_pipeline.py for tasks to queue
[2026-06-23T20:24:48.543+0000] {logging_mixin.py:190} INFO - [2026-06-23T20:24:48.543+0000] {dagbag.py:588} INFO - Filling up the DagBag from /opt/airflow/dags/driven_data_pipeline.py
[2026-06-23T20:24:48.625+0000] {processor.py:925} INFO - DAG(s) 'extract_raw_data_pipeline' retrieved from /opt/airflow/dags/driven_data_pipeline.py
[2026-06-23T20:24:48.639+0000] {logging_mixin.py:190} INFO - [2026-06-23T20:24:48.639+0000] {dag.py:3239} INFO - Sync 1 DAGs
[2026-06-23T20:24:48.652+0000] {logging_mixin.py:190} INFO - [2026-06-23T20:24:48.652+0000] {dag.py:4180} INFO - Setting next_dagrun for extract_raw_data_pipeline to 2026-06-23 07:59:00+00:00, run_after=2026-06-24 07:00:00+00:00
[2026-06-23T20:24:48.668+0000] {processor.py:208} INFO - Processing /opt/airflow/dags/driven_data_pipeline.py took 0.130 seconds
[2026-06-23T20:25:18.839+0000] {processor.py:186} INFO - Started process (PID=8788) to work on /opt/airflow/dags/driven_data_pipeline.py
[2026-06-23T20:25:18.840+0000] {processor.py:914} INFO - Processing file /opt/airflow/dags/driven_data_pipeline.py for tasks to queue
[2026-06-23T20:25:18.842+0000] {logging_mixin.py:190} INFO - [2026-06-23T20:25:18.842+0000] {dagbag.py:588} INFO - Filling up the DagBag from /opt/airflow/dags/driven_data_pipeline.py
[2026-06-23T20:25:18.929+0000] {processor.py:925} INFO - DAG(s) 'extract_raw_data_pipeline' retrieved from /opt/airflow/dags/driven_data_pipeline.py
[2026-06-23T20:25:18.944+0000] {logging_mixin.py:190} INFO - [2026-06-23T20:25:18.944+0000] {dag.py:3239} INFO - Sync 1 DAGs
[2026-06-23T20:25:18.956+0000] {logging_mixin.py:190} INFO - [2026-06-23T20:25:18.956+0000] {dag.py:4180} INFO - Setting next_dagrun for extract_raw_data_pipeline to 2026-06-23 07:59:00+00:00, run_after=2026-06-24 07:00:00+00:00
[2026-06-23T20:25:18.982+0000] {processor.py:208} INFO - Processing /opt/airflow/dags/driven_data_pipeline.py took 0.146 seconds
[2026-06-23T20:25:49.211+0000] {processor.py:186} INFO - Started process (PID=8796) to work on /opt/airflow/dags/driven_data_pipeline.py
[2026-06-23T20:25:49.212+0000] {processor.py:914} INFO - Processing file /opt/airflow/dags/driven_data_pipeline.py for tasks to queue
[2026-06-23T20:25:49.213+0000] {logging_mixin.py:190} INFO - [2026-06-23T20:25:49.213+0000] {dagbag.py:588} INFO - Filling up the DagBag from /opt/airflow/dags/driven_data_pipeline.py
[2026-06-23T20:25:49.295+0000] {processor.py:925} INFO - DAG(s) 'extract_raw_data_pipeline' retrieved from /opt/airflow/dags/driven_data_pipeline.py
[2026-06-23T20:25:49.308+0000] {logging_mixin.py:190} INFO - [2026-06-23T20:25:49.308+0000] {dag.py:3239} INFO - Sync 1 DAGs
[2026-06-23T20:25:49.320+0000] {logging_mixin.py:190} INFO - [2026-06-23T20:25:49.320+0000] {dag.py:4180} INFO - Setting next_dagrun for extract_raw_data_pipeline to 2026-06-23 07:59:00+00:00, run_after=2026-06-24 07:00:00+00:00
[2026-06-23T20:25:49.334+0000] {processor.py:208} INFO - Processing /opt/airflow/dags/driven_data_pipeline.py took 0.127 seconds
[2026-06-23T20:26:19.600+0000] {processor.py:186} INFO - Started process (PID=8804) to work on /opt/airflow/dags/driven_data_pipeline.py
[2026-06-23T20:26:19.601+0000] {processor.py:914} INFO - Processing file /opt/airflow/dags/driven_data_pipeline.py for tasks to queue
[2026-06-23T20:26:19.602+0000] {logging_mixin.py:190} INFO - [2026-06-23T20:26:19.602+0000] {dagbag.py:588} INFO - Filling up the DagBag from /opt/airflow/dags/driven_data_pipeline.py
[2026-06-23T20:26:19.684+0000] {processor.py:925} INFO - DAG(s) 'extract_raw_data_pipeline' retrieved from /opt/airflow/dags/driven_data_pipeline.py
[2026-06-23T20:26:19.702+0000] {logging_mixin.py:190} INFO - [2026-06-23T20:26:19.701+0000] {dag.py:3239} INFO - Sync 1 DAGs
[2026-06-23T20:26:19.717+0000] {logging_mixin.py:190} INFO - [2026-06-23T20:26:19.717+0000] {dag.py:4180} INFO - Setting next_dagrun for extract_raw_data_pipeline to 2026-06-23 07:59:00+00:00, run_after=2026-06-24 07:00:00+00:00
[2026-06-23T20:26:19.734+0000] {processor.py:208} INFO - Processing /opt/airflow/dags/driven_data_pipeline.py took 0.137 seconds
[2026-06-23T20:26:49.884+0000] {processor.py:186} INFO - Started process (PID=8812) to work on /opt/airflow/dags/driven_data_pipeline.py
[2026-06-23T20:26:49.885+0000] {processor.py:914} INFO - Processing file /opt/airflow/dags/driven_data_pipeline.py for tasks to queue
[2026-06-23T20:26:49.886+0000] {logging_mixin.py:190} INFO - [2026-06-23T20:26:49.886+0000] {dagbag.py:588} INFO - Filling up the DagBag from /opt/airflow/dags/driven_data_pipeline.py
[2026-06-23T20:26:49.978+0000] {processor.py:925} INFO - DAG(s) 'extract_raw_data_pipeline' retrieved from /opt/airflow/dags/driven_data_pipeline.py
[2026-06-23T20:26:49.994+0000] {logging_mixin.py:190} INFO - [2026-06-23T20:26:49.994+0000] {dag.py:3239} INFO - Sync 1 DAGs
[2026-06-23T20:26:50.009+0000] {logging_mixin.py:190} INFO - [2026-06-23T20:26:50.009+0000] {dag.py:4180} INFO - Setting next_dagrun for extract_raw_data_pipeline to 2026-06-23 07:59:00+00:00, run_after=2026-06-24 07:00:00+00:00
[2026-06-23T20:26:50.023+0000] {processor.py:208} INFO - Processing /opt/airflow/dags/driven_data_pipeline.py took 0.142 seconds
[2026-06-23T20:27:20.182+0000] {processor.py:186} INFO - Started process (PID=8820) to work on /opt/airflow/dags/driven_data_pipeline.py
[2026-06-23T20:27:20.183+0000] {processor.py:914} INFO - Processing file /opt/airflow/dags/driven_data_pipeline.py for tasks to queue
[2026-06-23T20:27:20.185+0000] {logging_mixin.py:190} INFO - [2026-06-23T20:27:20.184+0000] {dagbag.py:588} INFO - Filling up the DagBag from /opt/airflow/dags/driven_data_pipeline.py
[2026-06-23T20:27:20.268+0000] {processor.py:925} INFO - DAG(s) 'extract_raw_data_pipeline' retrieved from /opt/airflow/dags/driven_data_pipeline.py
[2026-06-23T20:27:20.285+0000] {logging_mixin.py:190} INFO - [2026-06-23T20:27:20.285+0000] {dag.py:3239} INFO - Sync 1 DAGs
[2026-06-23T20:27:20.297+0000] {logging_mixin.py:190} INFO - [2026-06-23T20:27:20.297+0000] {dag.py:4180} INFO - Setting next_dagrun for extract_raw_data_pipeline to 2026-06-23 07:59:00+00:00, run_after=2026-06-24 07:00:00+00:00
[2026-06-23T20:27:20.311+0000] {processor.py:208} INFO - Processing /opt/airflow/dags/driven_data_pipeline.py took 0.132 seconds
[2026-06-23T20:27:50.689+0000] {processor.py:186} INFO - Started process (PID=8828) to work on /opt/airflow/dags/driven_data_pipeline.py
[2026-06-23T20:27:50.690+0000] {processor.py:914} INFO - Processing file /opt/airflow/dags/driven_data_pipeline.py for tasks to queue
[2026-06-23T20:27:50.692+0000] {logging_mixin.py:190} INFO - [2026-06-23T20:27:50.691+0000] {dagbag.py:588} INFO - Filling up the DagBag from /opt/airflow/dags/driven_data_pipeline.py
[2026-06-23T20:27:50.789+0000] {processor.py:925} INFO - DAG(s) 'extract_raw_data_pipeline' retrieved from /opt/airflow/dags/driven_data_pipeline.py
[2026-06-23T20:27:50.804+0000] {logging_mixin.py:190} INFO - [2026-06-23T20:27:50.804+0000] {dag.py:3239} INFO - Sync 1 DAGs
[2026-06-23T20:27:50.819+0000] {logging_mixin.py:190} INFO - [2026-06-23T20:27:50.818+0000] {dag.py:4180} INFO - Setting next_dagrun for extract_raw_data_pipeline to 2026-06-23 07:59:00+00:00, run_after=2026-06-24 07:00:00+00:00
[2026-06-23T20:27:50.831+0000] {processor.py:208} INFO - Processing /opt/airflow/dags/driven_data_pipeline.py took 0.146 seconds
[2026-06-23T20:28:21.059+0000] {processor.py:186} INFO - Started process (PID=8836) to work on /opt/airflow/dags/driven_data_pipeline.py
[2026-06-23T20:28:21.060+0000] {processor.py:914} INFO - Processing file /opt/airflow/dags/driven_data_pipeline.py for tasks to queue
[2026-06-23T20:28:21.062+0000] {logging_mixin.py:190} INFO - [2026-06-23T20:28:21.061+0000] {dagbag.py:588} INFO - Filling up the DagBag from /opt/airflow/dags/driven_data_pipeline.py
[2026-06-23T20:28:21.147+0000] {processor.py:925} INFO - DAG(s) 'extract_raw_data_pipeline' retrieved from /opt/airflow/dags/driven_data_pipeline.py
[2026-06-23T20:28:21.162+0000] {logging_mixin.py:190} INFO - [2026-06-23T20:28:21.162+0000] {dag.py:3239} INFO - Sync 1 DAGs
[2026-06-23T20:28:21.175+0000] {logging_mixin.py:190} INFO - [2026-06-23T20:28:21.175+0000] {dag.py:4180} INFO - Setting next_dagrun for extract_raw_data_pipeline to 2026-06-23 07:59:00+00:00, run_after=2026-06-24 07:00:00+00:00
[2026-06-23T20:28:21.189+0000] {processor.py:208} INFO - Processing /opt/airflow/dags/driven_data_pipeline.py took 0.134 seconds
[2026-06-23T20:28:51.487+0000] {processor.py:186} INFO - Started process (PID=8844) to work on /opt/airflow/dags/driven_data_pipeline.py
[2026-06-23T20:28:51.488+0000] {processor.py:914} INFO - Processing file /opt/airflow/dags/driven_data_pipeline.py for tasks to queue
[2026-06-23T20:28:51.489+0000] {logging_mixin.py:190} INFO - [2026-06-23T20:28:51.489+0000] {dagbag.py:588} INFO - Filling up the DagBag from /opt/airflow/dags/driven_data_pipeline.py
[2026-06-23T20:28:51.570+0000] {processor.py:925} INFO - DAG(s) 'extract_raw_data_pipeline' retrieved from /opt/airflow/dags/driven_data_pipeline.py
[2026-06-23T20:28:51.585+0000] {logging_mixin.py:190} INFO - [2026-06-23T20:28:51.585+0000] {dag.py:3239} INFO - Sync 1 DAGs
[2026-06-23T20:28:51.600+0000] {logging_mixin.py:190} INFO - [2026-06-23T20:28:51.600+0000] {dag.py:4180} INFO - Setting next_dagrun for extract_raw_data_pipeline to 2026-06-23 07:59:00+00:00, run_after=2026-06-24 07:00:00+00:00
[2026-06-23T20:28:51.614+0000] {processor.py:208} INFO - Processing /opt/airflow/dags/driven_data_pipeline.py took 0.131 seconds
[2026-06-23T20:29:21.978+0000] {processor.py:186} INFO - Started process (PID=8852) to work on /opt/airflow/dags/driven_data_pipeline.py
[2026-06-23T20:29:21.978+0000] {processor.py:914} INFO - Processing file /opt/airflow/dags/driven_data_pipeline.py for tasks to queue
[2026-06-23T20:29:21.980+0000] {logging_mixin.py:190} INFO - [2026-06-23T20:29:21.980+0000] {dagbag.py:588} INFO - Filling up the DagBag from /opt/airflow/dags/driven_data_pipeline.py
[2026-06-23T20:29:22.064+0000] {processor.py:925} INFO - DAG(s) 'extract_raw_data_pipeline' retrieved from /opt/airflow/dags/driven_data_pipeline.py
[2026-06-23T20:29:22.079+0000] {logging_mixin.py:190} INFO - [2026-06-23T20:29:22.079+0000] {dag.py:3239} INFO - Sync 1 DAGs
[2026-06-23T20:29:22.092+0000] {logging_mixin.py:190} INFO - [2026-06-23T20:29:22.092+0000] {dag.py:4180} INFO - Setting next_dagrun for extract_raw_data_pipeline to 2026-06-23 07:59:00+00:00, run_after=2026-06-24 07:00:00+00:00
[2026-06-23T20:29:22.106+0000] {processor.py:208} INFO - Processing /opt/airflow/dags/driven_data_pipeline.py took 0.132 seconds
[2026-06-23T20:29:52.341+0000] {processor.py:186} INFO - Started process (PID=8860) to work on /opt/airflow/dags/driven_data_pipeline.py
[2026-06-23T20:29:52.342+0000] {processor.py:914} INFO - Processing file /opt/airflow/dags/driven_data_pipeline.py for tasks to queue
[2026-06-23T20:29:52.343+0000] {logging_mixin.py:190} INFO - [2026-06-23T20:29:52.343+0000] {dagbag.py:588} INFO - Filling up the DagBag from /opt/airflow/dags/driven_data_pipeline.py
[2026-06-23T20:29:52.425+0000] {processor.py:925} INFO - DAG(s) 'extract_raw_data_pipeline' retrieved from /opt/airflow/dags/driven_data_pipeline.py
[2026-06-23T20:29:52.440+0000] {logging_mixin.py:190} INFO - [2026-06-23T20:29:52.440+0000] {dag.py:3239} INFO - Sync 1 DAGs
[2026-06-23T20:29:52.453+0000] {logging_mixin.py:190} INFO - [2026-06-23T20:29:52.453+0000] {dag.py:4180} INFO - Setting next_dagrun for extract_raw_data_pipeline to 2026-06-23 07:59:00+00:00, run_after=2026-06-24 07:00:00+00:00
[2026-06-23T20:29:52.468+0000] {processor.py:208} INFO - Processing /opt/airflow/dags/driven_data_pipeline.py took 0.131 seconds
[2026-06-23T20:30:22.804+0000] {processor.py:186} INFO - Started process (PID=8874) to work on /opt/airflow/dags/driven_data_pipeline.py
[2026-06-23T20:30:22.805+0000] {processor.py:914} INFO - Processing file /opt/airflow/dags/driven_data_pipeline.py for tasks to queue
[2026-06-23T20:30:22.807+0000] {logging_mixin.py:190} INFO - [2026-06-23T20:30:22.806+0000] {dagbag.py:588} INFO - Filling up the DagBag from /opt/airflow/dags/driven_data_pipeline.py
[2026-06-23T20:30:22.888+0000] {processor.py:925} INFO - DAG(s) 'extract_raw_data_pipeline' retrieved from /opt/airflow/dags/driven_data_pipeline.py
[2026-06-23T20:30:22.903+0000] {logging_mixin.py:190} INFO - [2026-06-23T20:30:22.903+0000] {dag.py:3239} INFO - Sync 1 DAGs
[2026-06-23T20:30:22.917+0000] {logging_mixin.py:190} INFO - [2026-06-23T20:30:22.917+0000] {dag.py:4180} INFO - Setting next_dagrun for extract_raw_data_pipeline to 2026-06-23 07:59:00+00:00, run_after=2026-06-24 07:00:00+00:00
[2026-06-23T20:30:22.931+0000] {processor.py:208} INFO - Processing /opt/airflow/dags/driven_data_pipeline.py took 0.130 seconds
[2026-06-23T20:30:53.178+0000] {processor.py:186} INFO - Started process (PID=8882) to work on /opt/airflow/dags/driven_data_pipeline.py
[2026-06-23T20:30:53.179+0000] {processor.py:914} INFO - Processing file /opt/airflow/dags/driven_data_pipeline.py for tasks to queue
[2026-06-23T20:30:53.180+0000] {logging_mixin.py:190} INFO - [2026-06-23T20:30:53.180+0000] {dagbag.py:588} INFO - Filling up the DagBag from /opt/airflow/dags/driven_data_pipeline.py
[2026-06-23T20:30:53.275+0000] {processor.py:925} INFO - DAG(s) 'extract_raw_data_pipeline' retrieved from /opt/airflow/dags/driven_data_pipeline.py
[2026-06-23T20:30:53.291+0000] {logging_mixin.py:190} INFO - [2026-06-23T20:30:53.291+0000] {dag.py:3239} INFO - Sync 1 DAGs
[2026-06-23T20:30:53.304+0000] {logging_mixin.py:190} INFO - [2026-06-23T20:30:53.304+0000] {dag.py:4180} INFO - Setting next_dagrun for extract_raw_data_pipeline to 2026-06-23 07:59:00+00:00, run_after=2026-06-24 07:00:00+00:00
[2026-06-23T20:30:53.316+0000] {processor.py:208} INFO - Processing /opt/airflow/dags/driven_data_pipeline.py took 0.143 seconds
[2026-06-23T20:31:23.677+0000] {processor.py:186} INFO - Started process (PID=8890) to work on /opt/airflow/dags/driven_data_pipeline.py
[2026-06-23T20:31:23.678+0000] {processor.py:914} INFO - Processing file /opt/airflow/dags/driven_data_pipeline.py for tasks to queue
[2026-06-23T20:31:23.680+0000] {logging_mixin.py:190} INFO - [2026-06-23T20:31:23.680+0000] {dagbag.py:588} INFO - Filling up the DagBag from /opt/airflow/dags/driven_data_pipeline.py
[2026-06-23T20:31:23.759+0000] {processor.py:925} INFO - DAG(s) 'extract_raw_data_pipeline' retrieved from /opt/airflow/dags/driven_data_pipeline.py
[2026-06-23T20:31:23.774+0000] {logging_mixin.py:190} INFO - [2026-06-23T20:31:23.774+0000] {dag.py:3239} INFO - Sync 1 DAGs
[2026-06-23T20:31:23.787+0000] {logging_mixin.py:190} INFO - [2026-06-23T20:31:23.786+0000] {dag.py:4180} INFO - Setting next_dagrun for extract_raw_data_pipeline to 2026-06-23 07:59:00+00:00, run_after=2026-06-24 07:00:00+00:00
[2026-06-23T20:31:23.803+0000] {processor.py:208} INFO - Processing /opt/airflow/dags/driven_data_pipeline.py took 0.128 seconds
[2026-06-23T20:31:54.023+0000] {processor.py:186} INFO - Started process (PID=8898) to work on /opt/airflow/dags/driven_data_pipeline.py
[2026-06-23T20:31:54.024+0000] {processor.py:914} INFO - Processing file /opt/airflow/dags/driven_data_pipeline.py for tasks to queue
[2026-06-23T20:31:54.026+0000] {logging_mixin.py:190} INFO - [2026-06-23T20:31:54.025+0000] {dagbag.py:588} INFO - Filling up the DagBag from /opt/airflow/dags/driven_data_pipeline.py
[2026-06-23T20:31:54.107+0000] {processor.py:925} INFO - DAG(s) 'extract_raw_data_pipeline' retrieved from /opt/airflow/dags/driven_data_pipeline.py
[2026-06-23T20:31:54.121+0000] {logging_mixin.py:190} INFO - [2026-06-23T20:31:54.121+0000] {dag.py:3239} INFO - Sync 1 DAGs
[2026-06-23T20:31:54.132+0000] {logging_mixin.py:190} INFO - [2026-06-23T20:31:54.132+0000] {dag.py:4180} INFO - Setting next_dagrun for extract_raw_data_pipeline to 2026-06-23 07:59:00+00:00, run_after=2026-06-24 07:00:00+00:00
[2026-06-23T20:31:54.144+0000] {processor.py:208} INFO - Processing /opt/airflow/dags/driven_data_pipeline.py took 0.124 seconds
[2026-06-23T20:32:24.461+0000] {processor.py:186} INFO - Started process (PID=8906) to work on /opt/airflow/dags/driven_data_pipeline.py
[2026-06-23T20:32:24.462+0000] {processor.py:914} INFO - Processing file /opt/airflow/dags/driven_data_pipeline.py for tasks to queue
[2026-06-23T20:32:24.464+0000] {logging_mixin.py:190} INFO - [2026-06-23T20:32:24.463+0000] {dagbag.py:588} INFO - Filling up the DagBag from /opt/airflow/dags/driven_data_pipeline.py
[2026-06-23T20:32:24.545+0000] {processor.py:925} INFO - DAG(s) 'extract_raw_data_pipeline' retrieved from /opt/airflow/dags/driven_data_pipeline.py
[2026-06-23T20:32:24.562+0000] {logging_mixin.py:190} INFO - [2026-06-23T20:32:24.562+0000] {dag.py:3239} INFO - Sync 1 DAGs
[2026-06-23T20:32:24.574+0000] {logging_mixin.py:190} INFO - [2026-06-23T20:32:24.574+0000] {dag.py:4180} INFO - Setting next_dagrun for extract_raw_data_pipeline to 2026-06-23 07:59:00+00:00, run_after=2026-06-24 07:00:00+00:00
[2026-06-23T20:32:24.587+0000] {processor.py:208} INFO - Processing /opt/airflow/dags/driven_data_pipeline.py took 0.130 seconds
[2026-06-23T20:32:54.835+0000] {processor.py:186} INFO - Started process (PID=8914) to work on /opt/airflow/dags/driven_data_pipeline.py
[2026-06-23T20:32:54.836+0000] {processor.py:914} INFO - Processing file /opt/airflow/dags/driven_data_pipeline.py for tasks to queue
[2026-06-23T20:32:54.838+0000] {logging_mixin.py:190} INFO - [2026-06-23T20:32:54.837+0000] {dagbag.py:588} INFO - Filling up the DagBag from /opt/airflow/dags/driven_data_pipeline.py
[2026-06-23T20:32:54.919+0000] {processor.py:925} INFO - DAG(s) 'extract_raw_data_pipeline' retrieved from /opt/airflow/dags/driven_data_pipeline.py
[2026-06-23T20:32:54.934+0000] {logging_mixin.py:190} INFO - [2026-06-23T20:32:54.934+0000] {dag.py:3239} INFO - Sync 1 DAGs
[2026-06-23T20:32:54.946+0000] {logging_mixin.py:190} INFO - [2026-06-23T20:32:54.946+0000] {dag.py:4180} INFO - Setting next_dagrun for extract_raw_data_pipeline to 2026-06-23 07:59:00+00:00, run_after=2026-06-24 07:00:00+00:00
[2026-06-23T20:32:54.958+0000] {processor.py:208} INFO - Processing /opt/airflow/dags/driven_data_pipeline.py took 0.126 seconds
[2026-06-23T20:33:25.352+0000] {processor.py:186} INFO - Started process (PID=8922) to work on /opt/airflow/dags/driven_data_pipeline.py
[2026-06-23T20:33:25.353+0000] {processor.py:914} INFO - Processing file /opt/airflow/dags/driven_data_pipeline.py for tasks to queue
[2026-06-23T20:33:25.355+0000] {logging_mixin.py:190} INFO - [2026-06-23T20:33:25.355+0000] {dagbag.py:588} INFO - Filling up the DagBag from /opt/airflow/dags/driven_data_pipeline.py
[2026-06-23T20:33:25.450+0000] {processor.py:925} INFO - DAG(s) 'extract_raw_data_pipeline' retrieved from /opt/airflow/dags/driven_data_pipeline.py
[2026-06-23T20:33:25.466+0000] {logging_mixin.py:190} INFO - [2026-06-23T20:33:25.466+0000] {dag.py:3239} INFO - Sync 1 DAGs
[2026-06-23T20:33:25.479+0000] {logging_mixin.py:190} INFO - [2026-06-23T20:33:25.479+0000] {dag.py:4180} INFO - Setting next_dagrun for extract_raw_data_pipeline to 2026-06-23 07:59:00+00:00, run_after=2026-06-24 07:00:00+00:00
[2026-06-23T20:33:25.504+0000] {processor.py:208} INFO - Processing /opt/airflow/dags/driven_data_pipeline.py took 0.156 seconds
[2026-06-23T20:33:55.842+0000] {processor.py:186} INFO - Started process (PID=8929) to work on /opt/airflow/dags/driven_data_pipeline.py
[2026-06-23T20:33:55.844+0000] {processor.py:914} INFO - Processing file /opt/airflow/dags/driven_data_pipeline.py for tasks to queue
[2026-06-23T20:33:55.849+0000] {logging_mixin.py:190} INFO - [2026-06-23T20:33:55.849+0000] {dagbag.py:588} INFO - Filling up the DagBag from /opt/airflow/dags/driven_data_pipeline.py
[2026-06-23T20:33:56.073+0000] {processor.py:925} INFO - DAG(s) 'extract_raw_data_pipeline' retrieved from /opt/airflow/dags/driven_data_pipeline.py
[2026-06-23T20:33:56.088+0000] {logging_mixin.py:190} INFO - [2026-06-23T20:33:56.088+0000] {dag.py:3239} INFO - Sync 1 DAGs
[2026-06-23T20:33:56.100+0000] {logging_mixin.py:190} INFO - [2026-06-23T20:33:56.100+0000] {dag.py:4180} INFO - Setting next_dagrun for extract_raw_data_pipeline to 2026-06-23 07:59:00+00:00, run_after=2026-06-24 07:00:00+00:00
[2026-06-23T20:33:56.133+0000] {processor.py:208} INFO - Processing /opt/airflow/dags/driven_data_pipeline.py took 0.298 seconds
[2026-06-23T20:34:26.426+0000] {processor.py:186} INFO - Started process (PID=8938) to work on /opt/airflow/dags/driven_data_pipeline.py
[2026-06-23T20:34:26.427+0000] {processor.py:914} INFO - Processing file /opt/airflow/dags/driven_data_pipeline.py for tasks to queue
[2026-06-23T20:34:26.428+0000] {logging_mixin.py:190} INFO - [2026-06-23T20:34:26.428+0000] {dagbag.py:588} INFO - Filling up the DagBag from /opt/airflow/dags/driven_data_pipeline.py
[2026-06-23T20:34:26.511+0000] {processor.py:925} INFO - DAG(s) 'extract_raw_data_pipeline' retrieved from /opt/airflow/dags/driven_data_pipeline.py
[2026-06-23T20:34:26.525+0000] {logging_mixin.py:190} INFO - [2026-06-23T20:34:26.525+0000] {dag.py:3239} INFO - Sync 1 DAGs
[2026-06-23T20:34:26.537+0000] {logging_mixin.py:190} INFO - [2026-06-23T20:34:26.536+0000] {dag.py:4180} INFO - Setting next_dagrun for extract_raw_data_pipeline to 2026-06-23 07:59:00+00:00, run_after=2026-06-24 07:00:00+00:00
[2026-06-23T20:34:26.551+0000] {processor.py:208} INFO - Processing /opt/airflow/dags/driven_data_pipeline.py took 0.129 seconds
[2026-06-23T20:34:56.707+0000] {processor.py:186} INFO - Started process (PID=8946) to work on /opt/airflow/dags/driven_data_pipeline.py
[2026-06-23T20:34:56.708+0000] {processor.py:914} INFO - Processing file /opt/airflow/dags/driven_data_pipeline.py for tasks to queue
[2026-06-23T20:34:56.710+0000] {logging_mixin.py:190} INFO - [2026-06-23T20:34:56.710+0000] {dagbag.py:588} INFO - Filling up the DagBag from /opt/airflow/dags/driven_data_pipeline.py
[2026-06-23T20:34:56.793+0000] {processor.py:925} INFO - DAG(s) 'extract_raw_data_pipeline' retrieved from /opt/airflow/dags/driven_data_pipeline.py
[2026-06-23T20:34:56.809+0000] {logging_mixin.py:190} INFO - [2026-06-23T20:34:56.809+0000] {dag.py:3239} INFO - Sync 1 DAGs
[2026-06-23T20:34:56.823+0000] {logging_mixin.py:190} INFO - [2026-06-23T20:34:56.823+0000] {dag.py:4180} INFO - Setting next_dagrun for extract_raw_data_pipeline to 2026-06-23 07:59:00+00:00, run_after=2026-06-24 07:00:00+00:00
[2026-06-23T20:34:56.835+0000] {processor.py:208} INFO - Processing /opt/airflow/dags/driven_data_pipeline.py took 0.131 seconds
[2026-06-23T20:35:27.161+0000] {processor.py:186} INFO - Started process (PID=8954) to work on /opt/airflow/dags/driven_data_pipeline.py
[2026-06-23T20:35:27.162+0000] {processor.py:914} INFO - Processing file /opt/airflow/dags/driven_data_pipeline.py for tasks to queue
[2026-06-23T20:35:27.163+0000] {logging_mixin.py:190} INFO - [2026-06-23T20:35:27.163+0000] {dagbag.py:588} INFO - Filling up the DagBag from /opt/airflow/dags/driven_data_pipeline.py
[2026-06-23T20:35:27.242+0000] {processor.py:925} INFO - DAG(s) 'extract_raw_data_pipeline' retrieved from /opt/airflow/dags/driven_data_pipeline.py
[2026-06-23T20:35:27.256+0000] {logging_mixin.py:190} INFO - [2026-06-23T20:35:27.256+0000] {dag.py:3239} INFO - Sync 1 DAGs
[2026-06-23T20:35:27.269+0000] {logging_mixin.py:190} INFO - [2026-06-23T20:35:27.268+0000] {dag.py:4180} INFO - Setting next_dagrun for extract_raw_data_pipeline to 2026-06-23 07:59:00+00:00, run_after=2026-06-24 07:00:00+00:00
[2026-06-23T20:35:27.282+0000] {processor.py:208} INFO - Processing /opt/airflow/dags/driven_data_pipeline.py took 0.124 seconds
[2026-06-23T20:35:57.478+0000] {processor.py:186} INFO - Started process (PID=8962) to work on /opt/airflow/dags/driven_data_pipeline.py
[2026-06-23T20:35:57.479+0000] {processor.py:914} INFO - Processing file /opt/airflow/dags/driven_data_pipeline.py for tasks to queue
[2026-06-23T20:35:57.481+0000] {logging_mixin.py:190} INFO - [2026-06-23T20:35:57.480+0000] {dagbag.py:588} INFO - Filling up the DagBag from /opt/airflow/dags/driven_data_pipeline.py
[2026-06-23T20:35:57.563+0000] {processor.py:925} INFO - DAG(s) 'extract_raw_data_pipeline' retrieved from /opt/airflow/dags/driven_data_pipeline.py
[2026-06-23T20:35:57.578+0000] {logging_mixin.py:190} INFO - [2026-06-23T20:35:57.578+0000] {dag.py:3239} INFO - Sync 1 DAGs
[2026-06-23T20:35:57.590+0000] {logging_mixin.py:190} INFO - [2026-06-23T20:35:57.590+0000] {dag.py:4180} INFO - Setting next_dagrun for extract_raw_data_pipeline to 2026-06-23 07:59:00+00:00, run_after=2026-06-24 07:00:00+00:00
[2026-06-23T20:35:57.604+0000] {processor.py:208} INFO - Processing /opt/airflow/dags/driven_data_pipeline.py took 0.129 seconds
[2026-06-23T20:36:28.038+0000] {processor.py:186} INFO - Started process (PID=8970) to work on /opt/airflow/dags/driven_data_pipeline.py
[2026-06-23T20:36:28.039+0000] {processor.py:914} INFO - Processing file /opt/airflow/dags/driven_data_pipeline.py for tasks to queue
[2026-06-23T20:36:28.041+0000] {logging_mixin.py:190} INFO - [2026-06-23T20:36:28.040+0000] {dagbag.py:588} INFO - Filling up the DagBag from /opt/airflow/dags/driven_data_pipeline.py
[2026-06-23T20:36:28.120+0000] {processor.py:925} INFO - DAG(s) 'extract_raw_data_pipeline' retrieved from /opt/airflow/dags/driven_data_pipeline.py
[2026-06-23T20:36:28.134+0000] {logging_mixin.py:190} INFO - [2026-06-23T20:36:28.134+0000] {dag.py:3239} INFO - Sync 1 DAGs
[2026-06-23T20:36:28.145+0000] {logging_mixin.py:190} INFO - [2026-06-23T20:36:28.145+0000] {dag.py:4180} INFO - Setting next_dagrun for extract_raw_data_pipeline to 2026-06-23 07:59:00+00:00, run_after=2026-06-24 07:00:00+00:00
[2026-06-23T20:36:28.158+0000] {processor.py:208} INFO - Processing /opt/airflow/dags/driven_data_pipeline.py took 0.123 seconds
[2026-06-23T20:36:58.409+0000] {processor.py:186} INFO - Started process (PID=8978) to work on /opt/airflow/dags/driven_data_pipeline.py
[2026-06-23T20:36:58.410+0000] {processor.py:914} INFO - Processing file /opt/airflow/dags/driven_data_pipeline.py for tasks to queue
[2026-06-23T20:36:58.412+0000] {logging_mixin.py:190} INFO - [2026-06-23T20:36:58.411+0000] {dagbag.py:588} INFO - Filling up the DagBag from /opt/airflow/dags/driven_data_pipeline.py
[2026-06-23T20:36:58.510+0000] {processor.py:925} INFO - DAG(s) 'extract_raw_data_pipeline' retrieved from /opt/airflow/dags/driven_data_pipeline.py
[2026-06-23T20:36:58.526+0000] {logging_mixin.py:190} INFO - [2026-06-23T20:36:58.526+0000] {dag.py:3239} INFO - Sync 1 DAGs
[2026-06-23T20:36:58.542+0000] {logging_mixin.py:190} INFO - [2026-06-23T20:36:58.542+0000] {dag.py:4180} INFO - Setting next_dagrun for extract_raw_data_pipeline to 2026-06-23 07:59:00+00:00, run_after=2026-06-24 07:00:00+00:00
[2026-06-23T20:36:58.565+0000] {processor.py:208} INFO - Processing /opt/airflow/dags/driven_data_pipeline.py took 0.161 seconds
[2026-06-23T20:37:28.796+0000] {processor.py:186} INFO - Started process (PID=8986) to work on /opt/airflow/dags/driven_data_pipeline.py
[2026-06-23T20:37:28.797+0000] {processor.py:914} INFO - Processing file /opt/airflow/dags/driven_data_pipeline.py for tasks to queue
[2026-06-23T20:37:28.799+0000] {logging_mixin.py:190} INFO - [2026-06-23T20:37:28.798+0000] {dagbag.py:588} INFO - Filling up the DagBag from /opt/airflow/dags/driven_data_pipeline.py
[2026-06-23T20:37:28.884+0000] {processor.py:925} INFO - DAG(s) 'extract_raw_data_pipeline' retrieved from /opt/airflow/dags/driven_data_pipeline.py
[2026-06-23T20:37:28.898+0000] {logging_mixin.py:190} INFO - [2026-06-23T20:37:28.898+0000] {dag.py:3239} INFO - Sync 1 DAGs
[2026-06-23T20:37:28.912+0000] {logging_mixin.py:190} INFO - [2026-06-23T20:37:28.912+0000] {dag.py:4180} INFO - Setting next_dagrun for extract_raw_data_pipeline to 2026-06-23 07:59:00+00:00, run_after=2026-06-24 07:00:00+00:00
[2026-06-23T20:37:28.928+0000] {processor.py:208} INFO - Processing /opt/airflow/dags/driven_data_pipeline.py took 0.136 seconds
[2026-06-23T20:37:59.224+0000] {processor.py:186} INFO - Started process (PID=8994) to work on /opt/airflow/dags/driven_data_pipeline.py
[2026-06-23T20:37:59.224+0000] {processor.py:914} INFO - Processing file /opt/airflow/dags/driven_data_pipeline.py for tasks to queue
[2026-06-23T20:37:59.226+0000] {logging_mixin.py:190} INFO - [2026-06-23T20:37:59.226+0000] {dagbag.py:588} INFO - Filling up the DagBag from /opt/airflow/dags/driven_data_pipeline.py
[2026-06-23T20:37:59.303+0000] {processor.py:925} INFO - DAG(s) 'extract_raw_data_pipeline' retrieved from /opt/airflow/dags/driven_data_pipeline.py
[2026-06-23T20:37:59.316+0000] {logging_mixin.py:190} INFO - [2026-06-23T20:37:59.316+0000] {dag.py:3239} INFO - Sync 1 DAGs
[2026-06-23T20:37:59.327+0000] {logging_mixin.py:190} INFO - [2026-06-23T20:37:59.327+0000] {dag.py:4180} INFO - Setting next_dagrun for extract_raw_data_pipeline to 2026-06-23 07:59:00+00:00, run_after=2026-06-24 07:00:00+00:00
[2026-06-23T20:37:59.340+0000] {processor.py:208} INFO - Processing /opt/airflow/dags/driven_data_pipeline.py took 0.119 seconds
[2026-06-23T20:38:29.583+0000] {processor.py:186} INFO - Started process (PID=9002) to work on /opt/airflow/dags/driven_data_pipeline.py
[2026-06-23T20:38:29.583+0000] {processor.py:914} INFO - Processing file /opt/airflow/dags/driven_data_pipeline.py for tasks to queue
[2026-06-23T20:38:29.585+0000] {logging_mixin.py:190} INFO - [2026-06-23T20:38:29.585+0000] {dagbag.py:588} INFO - Filling up the DagBag from /opt/airflow/dags/driven_data_pipeline.py
[2026-06-23T20:38:29.668+0000] {processor.py:925} INFO - DAG(s) 'extract_raw_data_pipeline' retrieved from /opt/airflow/dags/driven_data_pipeline.py
[2026-06-23T20:38:29.682+0000] {logging_mixin.py:190} INFO - [2026-06-23T20:38:29.682+0000] {dag.py:3239} INFO - Sync 1 DAGs
[2026-06-23T20:38:29.695+0000] {logging_mixin.py:190} INFO - [2026-06-23T20:38:29.695+0000] {dag.py:4180} INFO - Setting next_dagrun for extract_raw_data_pipeline to 2026-06-23 07:59:00+00:00, run_after=2026-06-24 07:00:00+00:00
[2026-06-23T20:38:29.708+0000] {processor.py:208} INFO - Processing /opt/airflow/dags/driven_data_pipeline.py took 0.129 seconds
[2026-06-23T20:38:59.940+0000] {processor.py:186} INFO - Started process (PID=9010) to work on /opt/airflow/dags/driven_data_pipeline.py
[2026-06-23T20:38:59.941+0000] {processor.py:914} INFO - Processing file /opt/airflow/dags/driven_data_pipeline.py for tasks to queue
[2026-06-23T20:38:59.942+0000] {logging_mixin.py:190} INFO - [2026-06-23T20:38:59.942+0000] {dagbag.py:588} INFO - Filling up the DagBag from /opt/airflow/dags/driven_data_pipeline.py
[2026-06-23T20:39:00.032+0000] {processor.py:925} INFO - DAG(s) 'extract_raw_data_pipeline' retrieved from /opt/airflow/dags/driven_data_pipeline.py
[2026-06-23T20:39:00.047+0000] {logging_mixin.py:190} INFO - [2026-06-23T20:39:00.047+0000] {dag.py:3239} INFO - Sync 1 DAGs
[2026-06-23T20:39:00.059+0000] {logging_mixin.py:190} INFO - [2026-06-23T20:39:00.059+0000] {dag.py:4180} INFO - Setting next_dagrun for extract_raw_data_pipeline to 2026-06-23 07:59:00+00:00, run_after=2026-06-24 07:00:00+00:00
[2026-06-23T20:39:00.071+0000] {processor.py:208} INFO - Processing /opt/airflow/dags/driven_data_pipeline.py took 0.134 seconds
[2026-06-23T20:39:30.329+0000] {processor.py:186} INFO - Started process (PID=9018) to work on /opt/airflow/dags/driven_data_pipeline.py
[2026-06-23T20:39:30.330+0000] {processor.py:914} INFO - Processing file /opt/airflow/dags/driven_data_pipeline.py for tasks to queue
[2026-06-23T20:39:30.332+0000] {logging_mixin.py:190} INFO - [2026-06-23T20:39:30.332+0000] {dagbag.py:588} INFO - Filling up the DagBag from /opt/airflow/dags/driven_data_pipeline.py
[2026-06-23T20:39:30.428+0000] {processor.py:925} INFO - DAG(s) 'extract_raw_data_pipeline' retrieved from /opt/airflow/dags/driven_data_pipeline.py
[2026-06-23T20:39:30.442+0000] {logging_mixin.py:190} INFO - [2026-06-23T20:39:30.442+0000] {dag.py:3239} INFO - Sync 1 DAGs
[2026-06-23T20:39:30.454+0000] {logging_mixin.py:190} INFO - [2026-06-23T20:39:30.454+0000] {dag.py:4180} INFO - Setting next_dagrun for extract_raw_data_pipeline to 2026-06-23 07:59:00+00:00, run_after=2026-06-24 07:00:00+00:00
[2026-06-23T20:39:30.469+0000] {processor.py:208} INFO - Processing /opt/airflow/dags/driven_data_pipeline.py took 0.145 seconds
[2026-06-23T20:40:00.721+0000] {processor.py:186} INFO - Started process (PID=9026) to work on /opt/airflow/dags/driven_data_pipeline.py
[2026-06-23T20:40:00.722+0000] {processor.py:914} INFO - Processing file /opt/airflow/dags/driven_data_pipeline.py for tasks to queue
[2026-06-23T20:40:00.724+0000] {logging_mixin.py:190} INFO - [2026-06-23T20:40:00.724+0000] {dagbag.py:588} INFO - Filling up the DagBag from /opt/airflow/dags/driven_data_pipeline.py
[2026-06-23T20:40:00.806+0000] {processor.py:925} INFO - DAG(s) 'extract_raw_data_pipeline' retrieved from /opt/airflow/dags/driven_data_pipeline.py
[2026-06-23T20:40:00.819+0000] {logging_mixin.py:190} INFO - [2026-06-23T20:40:00.819+0000] {dag.py:3239} INFO - Sync 1 DAGs
[2026-06-23T20:40:00.831+0000] {logging_mixin.py:190} INFO - [2026-06-23T20:40:00.831+0000] {dag.py:4180} INFO - Setting next_dagrun for extract_raw_data_pipeline to 2026-06-23 07:59:00+00:00, run_after=2026-06-24 07:00:00+00:00
[2026-06-23T20:40:00.853+0000] {processor.py:208} INFO - Processing /opt/airflow/dags/driven_data_pipeline.py took 0.136 seconds
[2026-06-23T20:40:31.088+0000] {processor.py:186} INFO - Started process (PID=9034) to work on /opt/airflow/dags/driven_data_pipeline.py
[2026-06-23T20:40:31.089+0000] {processor.py:914} INFO - Processing file /opt/airflow/dags/driven_data_pipeline.py for tasks to queue
[2026-06-23T20:40:31.091+0000] {logging_mixin.py:190} INFO - [2026-06-23T20:40:31.090+0000] {dagbag.py:588} INFO - Filling up the DagBag from /opt/airflow/dags/driven_data_pipeline.py
[2026-06-23T20:40:31.174+0000] {processor.py:925} INFO - DAG(s) 'extract_raw_data_pipeline' retrieved from /opt/airflow/dags/driven_data_pipeline.py
[2026-06-23T20:40:31.186+0000] {logging_mixin.py:190} INFO - [2026-06-23T20:40:31.186+0000] {dag.py:3239} INFO - Sync 1 DAGs
[2026-06-23T20:40:31.201+0000] {logging_mixin.py:190} INFO - [2026-06-23T20:40:31.201+0000] {dag.py:4180} INFO - Setting next_dagrun for extract_raw_data_pipeline to 2026-06-23 07:59:00+00:00, run_after=2026-06-24 07:00:00+00:00
[2026-06-23T20:40:31.217+0000] {processor.py:208} INFO - Processing /opt/airflow/dags/driven_data_pipeline.py took 0.133 seconds
[2026-06-23T20:41:01.516+0000] {processor.py:186} INFO - Started process (PID=9042) to work on /opt/airflow/dags/driven_data_pipeline.py
[2026-06-23T20:41:01.517+0000] {processor.py:914} INFO - Processing file /opt/airflow/dags/driven_data_pipeline.py for tasks to queue
[2026-06-23T20:41:01.519+0000] {logging_mixin.py:190} INFO - [2026-06-23T20:41:01.518+0000] {dagbag.py:588} INFO - Filling up the DagBag from /opt/airflow/dags/driven_data_pipeline.py
[2026-06-23T20:41:01.609+0000] {processor.py:925} INFO - DAG(s) 'extract_raw_data_pipeline' retrieved from /opt/airflow/dags/driven_data_pipeline.py
[2026-06-23T20:41:01.622+0000] {logging_mixin.py:190} INFO - [2026-06-23T20:41:01.621+0000] {dag.py:3239} INFO - Sync 1 DAGs
[2026-06-23T20:41:01.634+0000] {logging_mixin.py:190} INFO - [2026-06-23T20:41:01.634+0000] {dag.py:4180} INFO - Setting next_dagrun for extract_raw_data_pipeline to 2026-06-23 07:59:00+00:00, run_after=2026-06-24 07:00:00+00:00
[2026-06-23T20:41:01.645+0000] {processor.py:208} INFO - Processing /opt/airflow/dags/driven_data_pipeline.py took 0.133 seconds
[2026-06-23T20:41:31.858+0000] {processor.py:186} INFO - Started process (PID=9051) to work on /opt/airflow/dags/driven_data_pipeline.py
[2026-06-23T20:41:31.859+0000] {processor.py:914} INFO - Processing file /opt/airflow/dags/driven_data_pipeline.py for tasks to queue
[2026-06-23T20:41:31.861+0000] {logging_mixin.py:190} INFO - [2026-06-23T20:41:31.861+0000] {dagbag.py:588} INFO - Filling up the DagBag from /opt/airflow/dags/driven_data_pipeline.py
[2026-06-23T20:41:31.943+0000] {processor.py:925} INFO - DAG(s) 'extract_raw_data_pipeline' retrieved from /opt/airflow/dags/driven_data_pipeline.py
[2026-06-23T20:41:31.957+0000] {logging_mixin.py:190} INFO - [2026-06-23T20:41:31.957+0000] {dag.py:3239} INFO - Sync 1 DAGs
[2026-06-23T20:41:31.969+0000] {logging_mixin.py:190} INFO - [2026-06-23T20:41:31.969+0000] {dag.py:4180} INFO - Setting next_dagrun for extract_raw_data_pipeline to 2026-06-23 07:59:00+00:00, run_after=2026-06-24 07:00:00+00:00
[2026-06-23T20:41:31.982+0000] {processor.py:208} INFO - Processing /opt/airflow/dags/driven_data_pipeline.py took 0.128 seconds
[2026-06-23T20:42:02.211+0000] {processor.py:186} INFO - Started process (PID=9059) to work on /opt/airflow/dags/driven_data_pipeline.py
[2026-06-23T20:42:02.213+0000] {processor.py:914} INFO - Processing file /opt/airflow/dags/driven_data_pipeline.py for tasks to queue
[2026-06-23T20:42:02.216+0000] {logging_mixin.py:190} INFO - [2026-06-23T20:42:02.216+0000] {dagbag.py:588} INFO - Filling up the DagBag from /opt/airflow/dags/driven_data_pipeline.py
[2026-06-23T20:42:02.354+0000] {processor.py:925} INFO - DAG(s) 'extract_raw_data_pipeline' retrieved from /opt/airflow/dags/driven_data_pipeline.py
[2026-06-23T20:42:02.368+0000] {logging_mixin.py:190} INFO - [2026-06-23T20:42:02.368+0000] {dag.py:3239} INFO - Sync 1 DAGs
[2026-06-23T20:42:02.381+0000] {logging_mixin.py:190} INFO - [2026-06-23T20:42:02.381+0000] {dag.py:4180} INFO - Setting next_dagrun for extract_raw_data_pipeline to 2026-06-23 07:59:00+00:00, run_after=2026-06-24 07:00:00+00:00
[2026-06-23T20:42:02.393+0000] {processor.py:208} INFO - Processing /opt/airflow/dags/driven_data_pipeline.py took 0.185 seconds
[2026-06-23T20:42:32.551+0000] {processor.py:186} INFO - Started process (PID=9067) to work on /opt/airflow/dags/driven_data_pipeline.py
[2026-06-23T20:42:32.552+0000] {processor.py:914} INFO - Processing file /opt/airflow/dags/driven_data_pipeline.py for tasks to queue
[2026-06-23T20:42:32.553+0000] {logging_mixin.py:190} INFO - [2026-06-23T20:42:32.553+0000] {dagbag.py:588} INFO - Filling up the DagBag from /opt/airflow/dags/driven_data_pipeline.py
[2026-06-23T20:42:32.632+0000] {processor.py:925} INFO - DAG(s) 'extract_raw_data_pipeline' retrieved from /opt/airflow/dags/driven_data_pipeline.py
[2026-06-23T20:42:32.646+0000] {logging_mixin.py:190} INFO - [2026-06-23T20:42:32.646+0000] {dag.py:3239} INFO - Sync 1 DAGs
[2026-06-23T20:42:32.657+0000] {logging_mixin.py:190} INFO - [2026-06-23T20:42:32.657+0000] {dag.py:4180} INFO - Setting next_dagrun for extract_raw_data_pipeline to 2026-06-23 07:59:00+00:00, run_after=2026-06-24 07:00:00+00:00
[2026-06-23T20:42:32.671+0000] {processor.py:208} INFO - Processing /opt/airflow/dags/driven_data_pipeline.py took 0.123 seconds
[2026-06-23T20:43:02.904+0000] {processor.py:186} INFO - Started process (PID=9075) to work on /opt/airflow/dags/driven_data_pipeline.py
[2026-06-23T20:43:02.905+0000] {processor.py:914} INFO - Processing file /opt/airflow/dags/driven_data_pipeline.py for tasks to queue
[2026-06-23T20:43:02.907+0000] {logging_mixin.py:190} INFO - [2026-06-23T20:43:02.906+0000] {dagbag.py:588} INFO - Filling up the DagBag from /opt/airflow/dags/driven_data_pipeline.py
[2026-06-23T20:43:02.993+0000] {processor.py:925} INFO - DAG(s) 'extract_raw_data_pipeline' retrieved from /opt/airflow/dags/driven_data_pipeline.py
[2026-06-23T20:43:03.008+0000] {logging_mixin.py:190} INFO - [2026-06-23T20:43:03.007+0000] {dag.py:3239} INFO - Sync 1 DAGs
[2026-06-23T20:43:03.021+0000] {logging_mixin.py:190} INFO - [2026-06-23T20:43:03.021+0000] {dag.py:4180} INFO - Setting next_dagrun for extract_raw_data_pipeline to 2026-06-23 07:59:00+00:00, run_after=2026-06-24 07:00:00+00:00
[2026-06-23T20:43:03.033+0000] {processor.py:208} INFO - Processing /opt/airflow/dags/driven_data_pipeline.py took 0.133 seconds
[2026-06-23T20:43:33.258+0000] {processor.py:186} INFO - Started process (PID=9083) to work on /opt/airflow/dags/driven_data_pipeline.py
[2026-06-23T20:43:33.259+0000] {processor.py:914} INFO - Processing file /opt/airflow/dags/driven_data_pipeline.py for tasks to queue
[2026-06-23T20:43:33.261+0000] {logging_mixin.py:190} INFO - [2026-06-23T20:43:33.261+0000] {dagbag.py:588} INFO - Filling up the DagBag from /opt/airflow/dags/driven_data_pipeline.py
[2026-06-23T20:43:33.351+0000] {processor.py:925} INFO - DAG(s) 'extract_raw_data_pipeline' retrieved from /opt/airflow/dags/driven_data_pipeline.py
[2026-06-23T20:43:33.369+0000] {logging_mixin.py:190} INFO - [2026-06-23T20:43:33.368+0000] {dag.py:3239} INFO - Sync 1 DAGs
[2026-06-23T20:43:33.382+0000] {logging_mixin.py:190} INFO - [2026-06-23T20:43:33.382+0000] {dag.py:4180} INFO - Setting next_dagrun for extract_raw_data_pipeline to 2026-06-23 07:59:00+00:00, run_after=2026-06-24 07:00:00+00:00
[2026-06-23T20:43:33.395+0000] {processor.py:208} INFO - Processing /opt/airflow/dags/driven_data_pipeline.py took 0.140 seconds
[2026-06-23T20:44:03.818+0000] {processor.py:186} INFO - Started process (PID=9091) to work on /opt/airflow/dags/driven_data_pipeline.py
[2026-06-23T20:44:03.819+0000] {processor.py:914} INFO - Processing file /opt/airflow/dags/driven_data_pipeline.py for tasks to queue
[2026-06-23T20:44:03.821+0000] {logging_mixin.py:190} INFO - [2026-06-23T20:44:03.821+0000] {dagbag.py:588} INFO - Filling up the DagBag from /opt/airflow/dags/driven_data_pipeline.py
[2026-06-23T20:44:03.916+0000] {processor.py:925} INFO - DAG(s) 'extract_raw_data_pipeline' retrieved from /opt/airflow/dags/driven_data_pipeline.py
[2026-06-23T20:44:03.931+0000] {logging_mixin.py:190} INFO - [2026-06-23T20:44:03.931+0000] {dag.py:3239} INFO - Sync 1 DAGs
[2026-06-23T20:44:03.943+0000] {logging_mixin.py:190} INFO - [2026-06-23T20:44:03.943+0000] {dag.py:4180} INFO - Setting next_dagrun for extract_raw_data_pipeline to 2026-06-23 07:59:00+00:00, run_after=2026-06-24 07:00:00+00:00
[2026-06-23T20:44:03.955+0000] {processor.py:208} INFO - Processing /opt/airflow/dags/driven_data_pipeline.py took 0.141 seconds
[2026-06-23T20:44:34.175+0000] {processor.py:186} INFO - Started process (PID=9099) to work on /opt/airflow/dags/driven_data_pipeline.py
[2026-06-23T20:44:34.176+0000] {processor.py:914} INFO - Processing file /opt/airflow/dags/driven_data_pipeline.py for tasks to queue
[2026-06-23T20:44:34.178+0000] {logging_mixin.py:190} INFO - [2026-06-23T20:44:34.177+0000] {dagbag.py:588} INFO - Filling up the DagBag from /opt/airflow/dags/driven_data_pipeline.py
[2026-06-23T20:44:34.262+0000] {processor.py:925} INFO - DAG(s) 'extract_raw_data_pipeline' retrieved from /opt/airflow/dags/driven_data_pipeline.py
[2026-06-23T20:44:34.277+0000] {logging_mixin.py:190} INFO - [2026-06-23T20:44:34.277+0000] {dag.py:3239} INFO - Sync 1 DAGs
[2026-06-23T20:44:34.290+0000] {logging_mixin.py:190} INFO - [2026-06-23T20:44:34.290+0000] {dag.py:4180} INFO - Setting next_dagrun for extract_raw_data_pipeline to 2026-06-23 07:59:00+00:00, run_after=2026-06-24 07:00:00+00:00
[2026-06-23T20:44:34.305+0000] {processor.py:208} INFO - Processing /opt/airflow/dags/driven_data_pipeline.py took 0.134 seconds
[2026-06-23T20:45:04.566+0000] {processor.py:186} INFO - Started process (PID=9107) to work on /opt/airflow/dags/driven_data_pipeline.py
[2026-06-23T20:45:04.567+0000] {processor.py:914} INFO - Processing file /opt/airflow/dags/driven_data_pipeline.py for tasks to queue
[2026-06-23T20:45:04.569+0000] {logging_mixin.py:190} INFO - [2026-06-23T20:45:04.569+0000] {dagbag.py:588} INFO - Filling up the DagBag from /opt/airflow/dags/driven_data_pipeline.py
[2026-06-23T20:45:04.652+0000] {processor.py:925} INFO - DAG(s) 'extract_raw_data_pipeline' retrieved from /opt/airflow/dags/driven_data_pipeline.py
[2026-06-23T20:45:04.667+0000] {logging_mixin.py:190} INFO - [2026-06-23T20:45:04.667+0000] {dag.py:3239} INFO - Sync 1 DAGs
[2026-06-23T20:45:04.680+0000] {logging_mixin.py:190} INFO - [2026-06-23T20:45:04.680+0000] {dag.py:4180} INFO - Setting next_dagrun for extract_raw_data_pipeline to 2026-06-23 07:59:00+00:00, run_after=2026-06-24 07:00:00+00:00
[2026-06-23T20:45:04.694+0000] {processor.py:208} INFO - Processing /opt/airflow/dags/driven_data_pipeline.py took 0.131 seconds
[2026-06-23T20:45:34.907+0000] {processor.py:186} INFO - Started process (PID=9115) to work on /opt/airflow/dags/driven_data_pipeline.py
[2026-06-23T20:45:34.907+0000] {processor.py:914} INFO - Processing file /opt/airflow/dags/driven_data_pipeline.py for tasks to queue
[2026-06-23T20:45:34.909+0000] {logging_mixin.py:190} INFO - [2026-06-23T20:45:34.909+0000] {dagbag.py:588} INFO - Filling up the DagBag from /opt/airflow/dags/driven_data_pipeline.py
[2026-06-23T20:45:34.991+0000] {processor.py:925} INFO - DAG(s) 'extract_raw_data_pipeline' retrieved from /opt/airflow/dags/driven_data_pipeline.py
[2026-06-23T20:45:35.008+0000] {logging_mixin.py:190} INFO - [2026-06-23T20:45:35.008+0000] {dag.py:3239} INFO - Sync 1 DAGs
[2026-06-23T20:45:35.021+0000] {logging_mixin.py:190} INFO - [2026-06-23T20:45:35.021+0000] {dag.py:4180} INFO - Setting next_dagrun for extract_raw_data_pipeline to 2026-06-23 07:59:00+00:00, run_after=2026-06-24 07:00:00+00:00
[2026-06-23T20:45:35.035+0000] {processor.py:208} INFO - Processing /opt/airflow/dags/driven_data_pipeline.py took 0.132 seconds
[2026-06-23T20:46:05.398+0000] {processor.py:186} INFO - Started process (PID=9123) to work on /opt/airflow/dags/driven_data_pipeline.py
[2026-06-23T20:46:05.399+0000] {processor.py:914} INFO - Processing file /opt/airflow/dags/driven_data_pipeline.py for tasks to queue
[2026-06-23T20:46:05.401+0000] {logging_mixin.py:190} INFO - [2026-06-23T20:46:05.401+0000] {dagbag.py:588} INFO - Filling up the DagBag from /opt/airflow/dags/driven_data_pipeline.py
[2026-06-23T20:46:05.487+0000] {processor.py:925} INFO - DAG(s) 'extract_raw_data_pipeline' retrieved from /opt/airflow/dags/driven_data_pipeline.py
[2026-06-23T20:46:05.501+0000] {logging_mixin.py:190} INFO - [2026-06-23T20:46:05.501+0000] {dag.py:3239} INFO - Sync 1 DAGs
[2026-06-23T20:46:05.514+0000] {logging_mixin.py:190} INFO - [2026-06-23T20:46:05.514+0000] {dag.py:4180} INFO - Setting next_dagrun for extract_raw_data_pipeline to 2026-06-23 07:59:00+00:00, run_after=2026-06-24 07:00:00+00:00
[2026-06-23T20:46:05.527+0000] {processor.py:208} INFO - Processing /opt/airflow/dags/driven_data_pipeline.py took 0.132 seconds
[2026-06-23T20:46:35.748+0000] {processor.py:186} INFO - Started process (PID=9131) to work on /opt/airflow/dags/driven_data_pipeline.py
[2026-06-23T20:46:35.749+0000] {processor.py:914} INFO - Processing file /opt/airflow/dags/driven_data_pipeline.py for tasks to queue
[2026-06-23T20:46:35.750+0000] {logging_mixin.py:190} INFO - [2026-06-23T20:46:35.750+0000] {dagbag.py:588} INFO - Filling up the DagBag from /opt/airflow/dags/driven_data_pipeline.py
[2026-06-23T20:46:35.829+0000] {processor.py:925} INFO - DAG(s) 'extract_raw_data_pipeline' retrieved from /opt/airflow/dags/driven_data_pipeline.py
[2026-06-23T20:46:35.844+0000] {logging_mixin.py:190} INFO - [2026-06-23T20:46:35.844+0000] {dag.py:3239} INFO - Sync 1 DAGs
[2026-06-23T20:46:35.858+0000] {logging_mixin.py:190} INFO - [2026-06-23T20:46:35.858+0000] {dag.py:4180} INFO - Setting next_dagrun for extract_raw_data_pipeline to 2026-06-23 07:59:00+00:00, run_after=2026-06-24 07:00:00+00:00
[2026-06-23T20:46:35.873+0000] {processor.py:208} INFO - Processing /opt/airflow/dags/driven_data_pipeline.py took 0.129 seconds
[2026-06-23T20:47:06.144+0000] {processor.py:186} INFO - Started process (PID=9139) to work on /opt/airflow/dags/driven_data_pipeline.py
[2026-06-23T20:47:06.145+0000] {processor.py:914} INFO - Processing file /opt/airflow/dags/driven_data_pipeline.py for tasks to queue
[2026-06-23T20:47:06.147+0000] {logging_mixin.py:190} INFO - [2026-06-23T20:47:06.146+0000] {dagbag.py:588} INFO - Filling up the DagBag from /opt/airflow/dags/driven_data_pipeline.py
[2026-06-23T20:47:06.240+0000] {processor.py:925} INFO - DAG(s) 'extract_raw_data_pipeline' retrieved from /opt/airflow/dags/driven_data_pipeline.py
[2026-06-23T20:47:06.254+0000] {logging_mixin.py:190} INFO - [2026-06-23T20:47:06.254+0000] {dag.py:3239} INFO - Sync 1 DAGs
[2026-06-23T20:47:06.266+0000] {logging_mixin.py:190} INFO - [2026-06-23T20:47:06.266+0000] {dag.py:4180} INFO - Setting next_dagrun for extract_raw_data_pipeline to 2026-06-23 07:59:00+00:00, run_after=2026-06-24 07:00:00+00:00
[2026-06-23T20:47:06.282+0000] {processor.py:208} INFO - Processing /opt/airflow/dags/driven_data_pipeline.py took 0.142 seconds
[2026-06-23T20:47:36.498+0000] {processor.py:186} INFO - Started process (PID=9147) to work on /opt/airflow/dags/driven_data_pipeline.py
[2026-06-23T20:47:36.499+0000] {processor.py:914} INFO - Processing file /opt/airflow/dags/driven_data_pipeline.py for tasks to queue
[2026-06-23T20:47:36.501+0000] {logging_mixin.py:190} INFO - [2026-06-23T20:47:36.500+0000] {dagbag.py:588} INFO - Filling up the DagBag from /opt/airflow/dags/driven_data_pipeline.py
[2026-06-23T20:47:36.581+0000] {processor.py:925} INFO - DAG(s) 'extract_raw_data_pipeline' retrieved from /opt/airflow/dags/driven_data_pipeline.py
[2026-06-23T20:47:36.596+0000] {logging_mixin.py:190} INFO - [2026-06-23T20:47:36.596+0000] {dag.py:3239} INFO - Sync 1 DAGs
[2026-06-23T20:47:36.608+0000] {logging_mixin.py:190} INFO - [2026-06-23T20:47:36.608+0000] {dag.py:4180} INFO - Setting next_dagrun for extract_raw_data_pipeline to 2026-06-23 07:59:00+00:00, run_after=2026-06-24 07:00:00+00:00
[2026-06-23T20:47:36.622+0000] {processor.py:208} INFO - Processing /opt/airflow/dags/driven_data_pipeline.py took 0.127 seconds
[2026-06-23T20:48:06.913+0000] {processor.py:186} INFO - Started process (PID=9155) to work on /opt/airflow/dags/driven_data_pipeline.py
[2026-06-23T20:48:06.914+0000] {processor.py:914} INFO - Processing file /opt/airflow/dags/driven_data_pipeline.py for tasks to queue
[2026-06-23T20:48:06.916+0000] {logging_mixin.py:190} INFO - [2026-06-23T20:48:06.915+0000] {dagbag.py:588} INFO - Filling up the DagBag from /opt/airflow/dags/driven_data_pipeline.py
[2026-06-23T20:48:06.995+0000] {processor.py:925} INFO - DAG(s) 'extract_raw_data_pipeline' retrieved from /opt/airflow/dags/driven_data_pipeline.py
[2026-06-23T20:48:07.009+0000] {logging_mixin.py:190} INFO - [2026-06-23T20:48:07.009+0000] {dag.py:3239} INFO - Sync 1 DAGs
[2026-06-23T20:48:07.020+0000] {logging_mixin.py:190} INFO - [2026-06-23T20:48:07.020+0000] {dag.py:4180} INFO - Setting next_dagrun for extract_raw_data_pipeline to 2026-06-23 07:59:00+00:00, run_after=2026-06-24 07:00:00+00:00
[2026-06-23T20:48:07.042+0000] {processor.py:208} INFO - Processing /opt/airflow/dags/driven_data_pipeline.py took 0.133 seconds
[2026-06-23T20:48:37.378+0000] {processor.py:186} INFO - Started process (PID=9163) to work on /opt/airflow/dags/driven_data_pipeline.py
[2026-06-23T20:48:37.383+0000] {processor.py:914} INFO - Processing file /opt/airflow/dags/driven_data_pipeline.py for tasks to queue
[2026-06-23T20:48:37.387+0000] {logging_mixin.py:190} INFO - [2026-06-23T20:48:37.387+0000] {dagbag.py:588} INFO - Filling up the DagBag from /opt/airflow/dags/driven_data_pipeline.py
[2026-06-23T20:48:37.537+0000] {processor.py:925} INFO - DAG(s) 'extract_raw_data_pipeline' retrieved from /opt/airflow/dags/driven_data_pipeline.py
[2026-06-23T20:48:37.552+0000] {logging_mixin.py:190} INFO - [2026-06-23T20:48:37.552+0000] {dag.py:3239} INFO - Sync 1 DAGs
[2026-06-23T20:48:37.564+0000] {logging_mixin.py:190} INFO - [2026-06-23T20:48:37.564+0000] {dag.py:4180} INFO - Setting next_dagrun for extract_raw_data_pipeline to 2026-06-23 07:59:00+00:00, run_after=2026-06-24 07:00:00+00:00
[2026-06-23T20:48:37.577+0000] {processor.py:208} INFO - Processing /opt/airflow/dags/driven_data_pipeline.py took 0.203 seconds
[2026-06-23T20:49:07.644+0000] {processor.py:186} INFO - Started process (PID=9171) to work on /opt/airflow/dags/driven_data_pipeline.py
[2026-06-23T20:49:07.645+0000] {processor.py:914} INFO - Processing file /opt/airflow/dags/driven_data_pipeline.py for tasks to queue
[2026-06-23T20:49:07.646+0000] {logging_mixin.py:190} INFO - [2026-06-23T20:49:07.646+0000] {dagbag.py:588} INFO - Filling up the DagBag from /opt/airflow/dags/driven_data_pipeline.py
[2026-06-23T20:49:07.726+0000] {processor.py:925} INFO - DAG(s) 'extract_raw_data_pipeline' retrieved from /opt/airflow/dags/driven_data_pipeline.py
[2026-06-23T20:49:07.742+0000] {logging_mixin.py:190} INFO - [2026-06-23T20:49:07.742+0000] {dag.py:3239} INFO - Sync 1 DAGs
[2026-06-23T20:49:07.755+0000] {logging_mixin.py:190} INFO - [2026-06-23T20:49:07.755+0000] {dag.py:4180} INFO - Setting next_dagrun for extract_raw_data_pipeline to 2026-06-23 07:59:00+00:00, run_after=2026-06-24 07:00:00+00:00
[2026-06-23T20:49:07.770+0000] {processor.py:208} INFO - Processing /opt/airflow/dags/driven_data_pipeline.py took 0.129 seconds
[2026-06-23T20:49:38.003+0000] {processor.py:186} INFO - Started process (PID=9179) to work on /opt/airflow/dags/driven_data_pipeline.py
[2026-06-23T20:49:38.004+0000] {processor.py:914} INFO - Processing file /opt/airflow/dags/driven_data_pipeline.py for tasks to queue
[2026-06-23T20:49:38.006+0000] {logging_mixin.py:190} INFO - [2026-06-23T20:49:38.006+0000] {dagbag.py:588} INFO - Filling up the DagBag from /opt/airflow/dags/driven_data_pipeline.py
[2026-06-23T20:49:38.090+0000] {processor.py:925} INFO - DAG(s) 'extract_raw_data_pipeline' retrieved from /opt/airflow/dags/driven_data_pipeline.py
[2026-06-23T20:49:38.105+0000] {logging_mixin.py:190} INFO - [2026-06-23T20:49:38.105+0000] {dag.py:3239} INFO - Sync 1 DAGs
[2026-06-23T20:49:38.118+0000] {logging_mixin.py:190} INFO - [2026-06-23T20:49:38.118+0000] {dag.py:4180} INFO - Setting next_dagrun for extract_raw_data_pipeline to 2026-06-23 07:59:00+00:00, run_after=2026-06-24 07:00:00+00:00
[2026-06-23T20:49:38.132+0000] {processor.py:208} INFO - Processing /opt/airflow/dags/driven_data_pipeline.py took 0.132 seconds
[2026-06-23T20:50:08.360+0000] {processor.py:186} INFO - Started process (PID=9186) to work on /opt/airflow/dags/driven_data_pipeline.py
[2026-06-23T20:50:08.361+0000] {processor.py:914} INFO - Processing file /opt/airflow/dags/driven_data_pipeline.py for tasks to queue
[2026-06-23T20:50:08.363+0000] {logging_mixin.py:190} INFO - [2026-06-23T20:50:08.362+0000] {dagbag.py:588} INFO - Filling up the DagBag from /opt/airflow/dags/driven_data_pipeline.py
[2026-06-23T20:50:08.445+0000] {processor.py:925} INFO - DAG(s) 'extract_raw_data_pipeline' retrieved from /opt/airflow/dags/driven_data_pipeline.py
[2026-06-23T20:50:08.459+0000] {logging_mixin.py:190} INFO - [2026-06-23T20:50:08.459+0000] {dag.py:3239} INFO - Sync 1 DAGs
[2026-06-23T20:50:08.471+0000] {logging_mixin.py:190} INFO - [2026-06-23T20:50:08.471+0000] {dag.py:4180} INFO - Setting next_dagrun for extract_raw_data_pipeline to 2026-06-23 07:59:00+00:00, run_after=2026-06-24 07:00:00+00:00
[2026-06-23T20:50:08.485+0000] {processor.py:208} INFO - Processing /opt/airflow/dags/driven_data_pipeline.py took 0.129 seconds
[2026-06-23T20:50:38.714+0000] {processor.py:186} INFO - Started process (PID=9194) to work on /opt/airflow/dags/driven_data_pipeline.py
[2026-06-23T20:50:38.715+0000] {processor.py:914} INFO - Processing file /opt/airflow/dags/driven_data_pipeline.py for tasks to queue
[2026-06-23T20:50:38.716+0000] {logging_mixin.py:190} INFO - [2026-06-23T20:50:38.716+0000] {dagbag.py:588} INFO - Filling up the DagBag from /opt/airflow/dags/driven_data_pipeline.py
[2026-06-23T20:50:38.795+0000] {processor.py:925} INFO - DAG(s) 'extract_raw_data_pipeline' retrieved from /opt/airflow/dags/driven_data_pipeline.py
[2026-06-23T20:50:38.807+0000] {logging_mixin.py:190} INFO - [2026-06-23T20:50:38.807+0000] {dag.py:3239} INFO - Sync 1 DAGs
[2026-06-23T20:50:38.818+0000] {logging_mixin.py:190} INFO - [2026-06-23T20:50:38.818+0000] {dag.py:4180} INFO - Setting next_dagrun for extract_raw_data_pipeline to 2026-06-23 07:59:00+00:00, run_after=2026-06-24 07:00:00+00:00
[2026-06-23T20:50:38.832+0000] {processor.py:208} INFO - Processing /opt/airflow/dags/driven_data_pipeline.py took 0.121 seconds
[2026-06-23T20:51:09.160+0000] {processor.py:186} INFO - Started process (PID=9202) to work on /opt/airflow/dags/driven_data_pipeline.py
[2026-06-23T20:51:09.160+0000] {processor.py:914} INFO - Processing file /opt/airflow/dags/driven_data_pipeline.py for tasks to queue
[2026-06-23T20:51:09.162+0000] {logging_mixin.py:190} INFO - [2026-06-23T20:51:09.162+0000] {dagbag.py:588} INFO - Filling up the DagBag from /opt/airflow/dags/driven_data_pipeline.py
[2026-06-23T20:51:09.241+0000] {processor.py:925} INFO - DAG(s) 'extract_raw_data_pipeline' retrieved from /opt/airflow/dags/driven_data_pipeline.py
[2026-06-23T20:51:09.254+0000] {logging_mixin.py:190} INFO - [2026-06-23T20:51:09.254+0000] {dag.py:3239} INFO - Sync 1 DAGs
[2026-06-23T20:51:09.266+0000] {logging_mixin.py:190} INFO - [2026-06-23T20:51:09.266+0000] {dag.py:4180} INFO - Setting next_dagrun for extract_raw_data_pipeline to 2026-06-23 07:59:00+00:00, run_after=2026-06-24 07:00:00+00:00
[2026-06-23T20:51:09.290+0000] {processor.py:208} INFO - Processing /opt/airflow/dags/driven_data_pipeline.py took 0.133 seconds
[2026-06-23T20:51:39.465+0000] {processor.py:186} INFO - Started process (PID=9210) to work on /opt/airflow/dags/driven_data_pipeline.py
[2026-06-23T20:51:39.466+0000] {processor.py:914} INFO - Processing file /opt/airflow/dags/driven_data_pipeline.py for tasks to queue
[2026-06-23T20:51:39.467+0000] {logging_mixin.py:190} INFO - [2026-06-23T20:51:39.467+0000] {dagbag.py:588} INFO - Filling up the DagBag from /opt/airflow/dags/driven_data_pipeline.py
[2026-06-23T20:51:39.547+0000] {processor.py:925} INFO - DAG(s) 'extract_raw_data_pipeline' retrieved from /opt/airflow/dags/driven_data_pipeline.py
[2026-06-23T20:51:39.562+0000] {logging_mixin.py:190} INFO - [2026-06-23T20:51:39.562+0000] {dag.py:3239} INFO - Sync 1 DAGs
[2026-06-23T20:51:39.573+0000] {logging_mixin.py:190} INFO - [2026-06-23T20:51:39.573+0000] {dag.py:4180} INFO - Setting next_dagrun for extract_raw_data_pipeline to 2026-06-23 07:59:00+00:00, run_after=2026-06-24 07:00:00+00:00
[2026-06-23T20:51:39.598+0000] {processor.py:208} INFO - Processing /opt/airflow/dags/driven_data_pipeline.py took 0.136 seconds
[2026-06-23T20:52:09.780+0000] {processor.py:186} INFO - Started process (PID=9218) to work on /opt/airflow/dags/driven_data_pipeline.py
[2026-06-23T20:52:09.781+0000] {processor.py:914} INFO - Processing file /opt/airflow/dags/driven_data_pipeline.py for tasks to queue
[2026-06-23T20:52:09.782+0000] {logging_mixin.py:190} INFO - [2026-06-23T20:52:09.782+0000] {dagbag.py:588} INFO - Filling up the DagBag from /opt/airflow/dags/driven_data_pipeline.py
[2026-06-23T20:52:09.862+0000] {processor.py:925} INFO - DAG(s) 'extract_raw_data_pipeline' retrieved from /opt/airflow/dags/driven_data_pipeline.py
[2026-06-23T20:52:09.877+0000] {logging_mixin.py:190} INFO - [2026-06-23T20:52:09.877+0000] {dag.py:3239} INFO - Sync 1 DAGs
[2026-06-23T20:52:09.889+0000] {logging_mixin.py:190} INFO - [2026-06-23T20:52:09.889+0000] {dag.py:4180} INFO - Setting next_dagrun for extract_raw_data_pipeline to 2026-06-23 07:59:00+00:00, run_after=2026-06-24 07:00:00+00:00
[2026-06-23T20:52:09.903+0000] {processor.py:208} INFO - Processing /opt/airflow/dags/driven_data_pipeline.py took 0.127 seconds
[2026-06-23T20:52:40.244+0000] {processor.py:186} INFO - Started process (PID=9226) to work on /opt/airflow/dags/driven_data_pipeline.py
[2026-06-23T20:52:40.245+0000] {processor.py:914} INFO - Processing file /opt/airflow/dags/driven_data_pipeline.py for tasks to queue
[2026-06-23T20:52:40.247+0000] {logging_mixin.py:190} INFO - [2026-06-23T20:52:40.246+0000] {dagbag.py:588} INFO - Filling up the DagBag from /opt/airflow/dags/driven_data_pipeline.py
[2026-06-23T20:52:40.340+0000] {processor.py:925} INFO - DAG(s) 'extract_raw_data_pipeline' retrieved from /opt/airflow/dags/driven_data_pipeline.py
[2026-06-23T20:52:40.355+0000] {logging_mixin.py:190} INFO - [2026-06-23T20:52:40.355+0000] {dag.py:3239} INFO - Sync 1 DAGs
[2026-06-23T20:52:40.367+0000] {logging_mixin.py:190} INFO - [2026-06-23T20:52:40.367+0000] {dag.py:4180} INFO - Setting next_dagrun for extract_raw_data_pipeline to 2026-06-23 07:59:00+00:00, run_after=2026-06-24 07:00:00+00:00
[2026-06-23T20:52:40.380+0000] {processor.py:208} INFO - Processing /opt/airflow/dags/driven_data_pipeline.py took 0.139 seconds
[2026-06-23T20:53:10.510+0000] {processor.py:186} INFO - Started process (PID=9234) to work on /opt/airflow/dags/driven_data_pipeline.py
[2026-06-23T20:53:10.511+0000] {processor.py:914} INFO - Processing file /opt/airflow/dags/driven_data_pipeline.py for tasks to queue
[2026-06-23T20:53:10.512+0000] {logging_mixin.py:190} INFO - [2026-06-23T20:53:10.512+0000] {dagbag.py:588} INFO - Filling up the DagBag from /opt/airflow/dags/driven_data_pipeline.py
[2026-06-23T20:53:10.592+0000] {processor.py:925} INFO - DAG(s) 'extract_raw_data_pipeline' retrieved from /opt/airflow/dags/driven_data_pipeline.py
[2026-06-23T20:53:10.606+0000] {logging_mixin.py:190} INFO - [2026-06-23T20:53:10.606+0000] {dag.py:3239} INFO - Sync 1 DAGs
[2026-06-23T20:53:10.619+0000] {logging_mixin.py:190} INFO - [2026-06-23T20:53:10.619+0000] {dag.py:4180} INFO - Setting next_dagrun for extract_raw_data_pipeline to 2026-06-23 07:59:00+00:00, run_after=2026-06-24 07:00:00+00:00
[2026-06-23T20:53:10.631+0000] {processor.py:208} INFO - Processing /opt/airflow/dags/driven_data_pipeline.py took 0.124 seconds
[2026-06-23T20:53:40.840+0000] {processor.py:186} INFO - Started process (PID=9242) to work on /opt/airflow/dags/driven_data_pipeline.py
[2026-06-23T20:53:40.841+0000] {processor.py:914} INFO - Processing file /opt/airflow/dags/driven_data_pipeline.py for tasks to queue
[2026-06-23T20:53:40.843+0000] {logging_mixin.py:190} INFO - [2026-06-23T20:53:40.842+0000] {dagbag.py:588} INFO - Filling up the DagBag from /opt/airflow/dags/driven_data_pipeline.py
[2026-06-23T20:53:40.941+0000] {processor.py:925} INFO - DAG(s) 'extract_raw_data_pipeline' retrieved from /opt/airflow/dags/driven_data_pipeline.py
[2026-06-23T20:53:40.958+0000] {logging_mixin.py:190} INFO - [2026-06-23T20:53:40.958+0000] {dag.py:3239} INFO - Sync 1 DAGs
[2026-06-23T20:53:40.971+0000] {logging_mixin.py:190} INFO - [2026-06-23T20:53:40.971+0000] {dag.py:4180} INFO - Setting next_dagrun for extract_raw_data_pipeline to 2026-06-23 07:59:00+00:00, run_after=2026-06-24 07:00:00+00:00
[2026-06-23T20:53:40.984+0000] {processor.py:208} INFO - Processing /opt/airflow/dags/driven_data_pipeline.py took 0.147 seconds
[2026-06-23T20:54:11.324+0000] {processor.py:186} INFO - Started process (PID=9250) to work on /opt/airflow/dags/driven_data_pipeline.py
[2026-06-23T20:54:11.324+0000] {processor.py:914} INFO - Processing file /opt/airflow/dags/driven_data_pipeline.py for tasks to queue
[2026-06-23T20:54:11.326+0000] {logging_mixin.py:190} INFO - [2026-06-23T20:54:11.326+0000] {dagbag.py:588} INFO - Filling up the DagBag from /opt/airflow/dags/driven_data_pipeline.py
[2026-06-23T20:54:11.408+0000] {processor.py:925} INFO - DAG(s) 'extract_raw_data_pipeline' retrieved from /opt/airflow/dags/driven_data_pipeline.py
[2026-06-23T20:54:11.422+0000] {logging_mixin.py:190} INFO - [2026-06-23T20:54:11.422+0000] {dag.py:3239} INFO - Sync 1 DAGs
[2026-06-23T20:54:11.435+0000] {logging_mixin.py:190} INFO - [2026-06-23T20:54:11.435+0000] {dag.py:4180} INFO - Setting next_dagrun for extract_raw_data_pipeline to 2026-06-23 07:59:00+00:00, run_after=2026-06-24 07:00:00+00:00
[2026-06-23T20:54:11.448+0000] {processor.py:208} INFO - Processing /opt/airflow/dags/driven_data_pipeline.py took 0.128 seconds
[2026-06-23T20:54:41.680+0000] {processor.py:186} INFO - Started process (PID=9258) to work on /opt/airflow/dags/driven_data_pipeline.py
[2026-06-23T20:54:41.681+0000] {processor.py:914} INFO - Processing file /opt/airflow/dags/driven_data_pipeline.py for tasks to queue
[2026-06-23T20:54:41.683+0000] {logging_mixin.py:190} INFO - [2026-06-23T20:54:41.682+0000] {dagbag.py:588} INFO - Filling up the DagBag from /opt/airflow/dags/driven_data_pipeline.py
[2026-06-23T20:54:41.765+0000] {processor.py:925} INFO - DAG(s) 'extract_raw_data_pipeline' retrieved from /opt/airflow/dags/driven_data_pipeline.py
[2026-06-23T20:54:41.779+0000] {logging_mixin.py:190} INFO - [2026-06-23T20:54:41.779+0000] {dag.py:3239} INFO - Sync 1 DAGs
[2026-06-23T20:54:41.791+0000] {logging_mixin.py:190} INFO - [2026-06-23T20:54:41.791+0000] {dag.py:4180} INFO - Setting next_dagrun for extract_raw_data_pipeline to 2026-06-23 07:59:00+00:00, run_after=2026-06-24 07:00:00+00:00
[2026-06-23T20:54:41.804+0000] {processor.py:208} INFO - Processing /opt/airflow/dags/driven_data_pipeline.py took 0.127 seconds
[2026-06-23T20:55:12.070+0000] {processor.py:186} INFO - Started process (PID=9266) to work on /opt/airflow/dags/driven_data_pipeline.py
[2026-06-23T20:55:12.071+0000] {processor.py:914} INFO - Processing file /opt/airflow/dags/driven_data_pipeline.py for tasks to queue
[2026-06-23T20:55:12.072+0000] {logging_mixin.py:190} INFO - [2026-06-23T20:55:12.072+0000] {dagbag.py:588} INFO - Filling up the DagBag from /opt/airflow/dags/driven_data_pipeline.py
[2026-06-23T20:55:12.161+0000] {processor.py:925} INFO - DAG(s) 'extract_raw_data_pipeline' retrieved from /opt/airflow/dags/driven_data_pipeline.py
[2026-06-23T20:55:12.175+0000] {logging_mixin.py:190} INFO - [2026-06-23T20:55:12.175+0000] {dag.py:3239} INFO - Sync 1 DAGs
[2026-06-23T20:55:12.188+0000] {logging_mixin.py:190} INFO - [2026-06-23T20:55:12.188+0000] {dag.py:4180} INFO - Setting next_dagrun for extract_raw_data_pipeline to 2026-06-23 07:59:00+00:00, run_after=2026-06-24 07:00:00+00:00
[2026-06-23T20:55:12.200+0000] {processor.py:208} INFO - Processing /opt/airflow/dags/driven_data_pipeline.py took 0.133 seconds
[2026-06-23T20:55:42.457+0000] {processor.py:186} INFO - Started process (PID=9274) to work on /opt/airflow/dags/driven_data_pipeline.py
[2026-06-23T20:55:42.458+0000] {processor.py:914} INFO - Processing file /opt/airflow/dags/driven_data_pipeline.py for tasks to queue
[2026-06-23T20:55:42.459+0000] {logging_mixin.py:190} INFO - [2026-06-23T20:55:42.459+0000] {dagbag.py:588} INFO - Filling up the DagBag from /opt/airflow/dags/driven_data_pipeline.py
[2026-06-23T20:55:42.540+0000] {processor.py:925} INFO - DAG(s) 'extract_raw_data_pipeline' retrieved from /opt/airflow/dags/driven_data_pipeline.py
[2026-06-23T20:55:42.556+0000] {logging_mixin.py:190} INFO - [2026-06-23T20:55:42.555+0000] {dag.py:3239} INFO - Sync 1 DAGs
[2026-06-23T20:55:42.568+0000] {logging_mixin.py:190} INFO - [2026-06-23T20:55:42.568+0000] {dag.py:4180} INFO - Setting next_dagrun for extract_raw_data_pipeline to 2026-06-23 07:59:00+00:00, run_after=2026-06-24 07:00:00+00:00
[2026-06-23T20:55:42.584+0000] {processor.py:208} INFO - Processing /opt/airflow/dags/driven_data_pipeline.py took 0.131 seconds
[2026-06-23T20:56:12.839+0000] {processor.py:186} INFO - Started process (PID=9282) to work on /opt/airflow/dags/driven_data_pipeline.py
[2026-06-23T20:56:12.840+0000] {processor.py:914} INFO - Processing file /opt/airflow/dags/driven_data_pipeline.py for tasks to queue
[2026-06-23T20:56:12.841+0000] {logging_mixin.py:190} INFO - [2026-06-23T20:56:12.841+0000] {dagbag.py:588} INFO - Filling up the DagBag from /opt/airflow/dags/driven_data_pipeline.py
[2026-06-23T20:56:12.922+0000] {processor.py:925} INFO - DAG(s) 'extract_raw_data_pipeline' retrieved from /opt/airflow/dags/driven_data_pipeline.py
[2026-06-23T20:56:12.935+0000] {logging_mixin.py:190} INFO - [2026-06-23T20:56:12.935+0000] {dag.py:3239} INFO - Sync 1 DAGs
[2026-06-23T20:56:12.948+0000] {logging_mixin.py:190} INFO - [2026-06-23T20:56:12.948+0000] {dag.py:4180} INFO - Setting next_dagrun for extract_raw_data_pipeline to 2026-06-23 07:59:00+00:00, run_after=2026-06-24 07:00:00+00:00
[2026-06-23T20:56:12.963+0000] {processor.py:208} INFO - Processing /opt/airflow/dags/driven_data_pipeline.py took 0.127 seconds
[2026-06-23T20:56:43.349+0000] {processor.py:186} INFO - Started process (PID=9290) to work on /opt/airflow/dags/driven_data_pipeline.py
[2026-06-23T20:56:43.350+0000] {processor.py:914} INFO - Processing file /opt/airflow/dags/driven_data_pipeline.py for tasks to queue
[2026-06-23T20:56:43.351+0000] {logging_mixin.py:190} INFO - [2026-06-23T20:56:43.351+0000] {dagbag.py:588} INFO - Filling up the DagBag from /opt/airflow/dags/driven_data_pipeline.py
[2026-06-23T20:56:43.887+0000] {processor.py:925} INFO - DAG(s) 'extract_raw_data_pipeline' retrieved from /opt/airflow/dags/driven_data_pipeline.py
[2026-06-23T20:56:43.914+0000] {logging_mixin.py:190} INFO - [2026-06-23T20:56:43.914+0000] {dag.py:3239} INFO - Sync 1 DAGs
[2026-06-23T20:56:43.927+0000] {logging_mixin.py:190} INFO - [2026-06-23T20:56:43.927+0000] {dag.py:4180} INFO - Setting next_dagrun for extract_raw_data_pipeline to 2026-06-23 07:59:00+00:00, run_after=2026-06-24 07:00:00+00:00
[2026-06-23T20:56:43.941+0000] {processor.py:208} INFO - Processing /opt/airflow/dags/driven_data_pipeline.py took 0.596 seconds
[2026-06-23T20:57:14.396+0000] {processor.py:186} INFO - Started process (PID=9298) to work on /opt/airflow/dags/driven_data_pipeline.py
[2026-06-23T20:57:14.397+0000] {processor.py:914} INFO - Processing file /opt/airflow/dags/driven_data_pipeline.py for tasks to queue
[2026-06-23T20:57:14.398+0000] {logging_mixin.py:190} INFO - [2026-06-23T20:57:14.398+0000] {dagbag.py:588} INFO - Filling up the DagBag from /opt/airflow/dags/driven_data_pipeline.py
[2026-06-23T20:57:14.500+0000] {processor.py:925} INFO - DAG(s) 'extract_raw_data_pipeline' retrieved from /opt/airflow/dags/driven_data_pipeline.py
[2026-06-23T20:57:14.515+0000] {logging_mixin.py:190} INFO - [2026-06-23T20:57:14.515+0000] {dag.py:3239} INFO - Sync 1 DAGs
[2026-06-23T20:57:14.529+0000] {logging_mixin.py:190} INFO - [2026-06-23T20:57:14.529+0000] {dag.py:4180} INFO - Setting next_dagrun for extract_raw_data_pipeline to 2026-06-23 07:59:00+00:00, run_after=2026-06-24 07:00:00+00:00
[2026-06-23T20:57:14.541+0000] {processor.py:208} INFO - Processing /opt/airflow/dags/driven_data_pipeline.py took 0.150 seconds
[2026-06-23T20:57:44.753+0000] {processor.py:186} INFO - Started process (PID=9306) to work on /opt/airflow/dags/driven_data_pipeline.py
[2026-06-23T20:57:44.754+0000] {processor.py:914} INFO - Processing file /opt/airflow/dags/driven_data_pipeline.py for tasks to queue
[2026-06-23T20:57:44.757+0000] {logging_mixin.py:190} INFO - [2026-06-23T20:57:44.756+0000] {dagbag.py:588} INFO - Filling up the DagBag from /opt/airflow/dags/driven_data_pipeline.py
[2026-06-23T20:57:44.841+0000] {processor.py:925} INFO - DAG(s) 'extract_raw_data_pipeline' retrieved from /opt/airflow/dags/driven_data_pipeline.py
[2026-06-23T20:57:44.856+0000] {logging_mixin.py:190} INFO - [2026-06-23T20:57:44.856+0000] {dag.py:3239} INFO - Sync 1 DAGs
[2026-06-23T20:57:44.870+0000] {logging_mixin.py:190} INFO - [2026-06-23T20:57:44.870+0000] {dag.py:4180} INFO - Setting next_dagrun for extract_raw_data_pipeline to 2026-06-23 07:59:00+00:00, run_after=2026-06-24 07:00:00+00:00
[2026-06-23T20:57:44.882+0000] {processor.py:208} INFO - Processing /opt/airflow/dags/driven_data_pipeline.py took 0.137 seconds
[2026-06-23T20:58:14.974+0000] {processor.py:186} INFO - Started process (PID=9313) to work on /opt/airflow/dags/driven_data_pipeline.py
[2026-06-23T20:58:14.975+0000] {processor.py:914} INFO - Processing file /opt/airflow/dags/driven_data_pipeline.py for tasks to queue
[2026-06-23T20:58:14.977+0000] {logging_mixin.py:190} INFO - [2026-06-23T20:58:14.976+0000] {dagbag.py:588} INFO - Filling up the DagBag from /opt/airflow/dags/driven_data_pipeline.py
[2026-06-23T20:58:15.069+0000] {processor.py:925} INFO - DAG(s) 'extract_raw_data_pipeline' retrieved from /opt/airflow/dags/driven_data_pipeline.py
[2026-06-23T20:58:15.085+0000] {logging_mixin.py:190} INFO - [2026-06-23T20:58:15.085+0000] {dag.py:3239} INFO - Sync 1 DAGs
[2026-06-23T20:58:15.099+0000] {logging_mixin.py:190} INFO - [2026-06-23T20:58:15.099+0000] {dag.py:4180} INFO - Setting next_dagrun for extract_raw_data_pipeline to 2026-06-23 07:59:00+00:00, run_after=2026-06-24 07:00:00+00:00
[2026-06-23T20:58:15.111+0000] {processor.py:208} INFO - Processing /opt/airflow/dags/driven_data_pipeline.py took 0.142 seconds
[2026-06-23T20:58:45.385+0000] {processor.py:186} INFO - Started process (PID=9321) to work on /opt/airflow/dags/driven_data_pipeline.py
[2026-06-23T20:58:45.385+0000] {processor.py:914} INFO - Processing file /opt/airflow/dags/driven_data_pipeline.py for tasks to queue
[2026-06-23T20:58:45.387+0000] {logging_mixin.py:190} INFO - [2026-06-23T20:58:45.387+0000] {dagbag.py:588} INFO - Filling up the DagBag from /opt/airflow/dags/driven_data_pipeline.py
[2026-06-23T20:58:45.469+0000] {processor.py:925} INFO - DAG(s) 'extract_raw_data_pipeline' retrieved from /opt/airflow/dags/driven_data_pipeline.py
[2026-06-23T20:58:45.483+0000] {logging_mixin.py:190} INFO - [2026-06-23T20:58:45.483+0000] {dag.py:3239} INFO - Sync 1 DAGs
[2026-06-23T20:58:45.494+0000] {logging_mixin.py:190} INFO - [2026-06-23T20:58:45.494+0000] {dag.py:4180} INFO - Setting next_dagrun for extract_raw_data_pipeline to 2026-06-23 07:59:00+00:00, run_after=2026-06-24 07:00:00+00:00
[2026-06-23T20:58:45.507+0000] {processor.py:208} INFO - Processing /opt/airflow/dags/driven_data_pipeline.py took 0.126 seconds
[2026-06-23T20:59:15.792+0000] {processor.py:186} INFO - Started process (PID=9329) to work on /opt/airflow/dags/driven_data_pipeline.py
[2026-06-23T20:59:15.792+0000] {processor.py:914} INFO - Processing file /opt/airflow/dags/driven_data_pipeline.py for tasks to queue
[2026-06-23T20:59:15.794+0000] {logging_mixin.py:190} INFO - [2026-06-23T20:59:15.794+0000] {dagbag.py:588} INFO - Filling up the DagBag from /opt/airflow/dags/driven_data_pipeline.py
[2026-06-23T20:59:15.875+0000] {processor.py:925} INFO - DAG(s) 'extract_raw_data_pipeline' retrieved from /opt/airflow/dags/driven_data_pipeline.py
[2026-06-23T20:59:15.890+0000] {logging_mixin.py:190} INFO - [2026-06-23T20:59:15.890+0000] {dag.py:3239} INFO - Sync 1 DAGs
[2026-06-23T20:59:15.903+0000] {logging_mixin.py:190} INFO - [2026-06-23T20:59:15.903+0000] {dag.py:4180} INFO - Setting next_dagrun for extract_raw_data_pipeline to 2026-06-23 07:59:00+00:00, run_after=2026-06-24 07:00:00+00:00
[2026-06-23T20:59:15.919+0000] {processor.py:208} INFO - Processing /opt/airflow/dags/driven_data_pipeline.py took 0.131 seconds
[2026-06-23T20:59:46.131+0000] {processor.py:186} INFO - Started process (PID=9337) to work on /opt/airflow/dags/driven_data_pipeline.py
[2026-06-23T20:59:46.132+0000] {processor.py:914} INFO - Processing file /opt/airflow/dags/driven_data_pipeline.py for tasks to queue
[2026-06-23T20:59:46.133+0000] {logging_mixin.py:190} INFO - [2026-06-23T20:59:46.133+0000] {dagbag.py:588} INFO - Filling up the DagBag from /opt/airflow/dags/driven_data_pipeline.py
[2026-06-23T20:59:46.253+0000] {processor.py:925} INFO - DAG(s) 'extract_raw_data_pipeline' retrieved from /opt/airflow/dags/driven_data_pipeline.py
[2026-06-23T20:59:46.268+0000] {logging_mixin.py:190} INFO - [2026-06-23T20:59:46.268+0000] {dag.py:3239} INFO - Sync 1 DAGs
[2026-06-23T20:59:46.281+0000] {logging_mixin.py:190} INFO - [2026-06-23T20:59:46.281+0000] {dag.py:4180} INFO - Setting next_dagrun for extract_raw_data_pipeline to 2026-06-23 07:59:00+00:00, run_after=2026-06-24 07:00:00+00:00
[2026-06-23T20:59:46.293+0000] {processor.py:208} INFO - Processing /opt/airflow/dags/driven_data_pipeline.py took 0.166 seconds
[2026-06-23T21:00:16.622+0000] {processor.py:186} INFO - Started process (PID=9345) to work on /opt/airflow/dags/driven_data_pipeline.py
[2026-06-23T21:00:16.623+0000] {processor.py:914} INFO - Processing file /opt/airflow/dags/driven_data_pipeline.py for tasks to queue
[2026-06-23T21:00:16.625+0000] {logging_mixin.py:190} INFO - [2026-06-23T21:00:16.624+0000] {dagbag.py:588} INFO - Filling up the DagBag from /opt/airflow/dags/driven_data_pipeline.py
[2026-06-23T21:00:16.721+0000] {processor.py:925} INFO - DAG(s) 'extract_raw_data_pipeline' retrieved from /opt/airflow/dags/driven_data_pipeline.py
[2026-06-23T21:00:16.734+0000] {logging_mixin.py:190} INFO - [2026-06-23T21:00:16.734+0000] {dag.py:3239} INFO - Sync 1 DAGs
[2026-06-23T21:00:16.745+0000] {logging_mixin.py:190} INFO - [2026-06-23T21:00:16.745+0000] {dag.py:4180} INFO - Setting next_dagrun for extract_raw_data_pipeline to 2026-06-23 07:59:00+00:00, run_after=2026-06-24 07:00:00+00:00
[2026-06-23T21:00:16.757+0000] {processor.py:208} INFO - Processing /opt/airflow/dags/driven_data_pipeline.py took 0.140 seconds
[2026-06-23T21:00:46.998+0000] {processor.py:186} INFO - Started process (PID=9353) to work on /opt/airflow/dags/driven_data_pipeline.py
[2026-06-23T21:00:46.999+0000] {processor.py:914} INFO - Processing file /opt/airflow/dags/driven_data_pipeline.py for tasks to queue
[2026-06-23T21:00:47.002+0000] {logging_mixin.py:190} INFO - [2026-06-23T21:00:47.002+0000] {dagbag.py:588} INFO - Filling up the DagBag from /opt/airflow/dags/driven_data_pipeline.py
[2026-06-23T21:00:47.104+0000] {processor.py:925} INFO - DAG(s) 'extract_raw_data_pipeline' retrieved from /opt/airflow/dags/driven_data_pipeline.py
[2026-06-23T21:00:47.119+0000] {logging_mixin.py:190} INFO - [2026-06-23T21:00:47.119+0000] {dag.py:3239} INFO - Sync 1 DAGs
[2026-06-23T21:00:47.132+0000] {logging_mixin.py:190} INFO - [2026-06-23T21:00:47.132+0000] {dag.py:4180} INFO - Setting next_dagrun for extract_raw_data_pipeline to 2026-06-23 07:59:00+00:00, run_after=2026-06-24 07:00:00+00:00
[2026-06-23T21:00:47.151+0000] {processor.py:208} INFO - Processing /opt/airflow/dags/driven_data_pipeline.py took 0.160 seconds
[2026-06-23T21:01:17.406+0000] {processor.py:186} INFO - Started process (PID=9361) to work on /opt/airflow/dags/driven_data_pipeline.py
[2026-06-23T21:01:17.407+0000] {processor.py:914} INFO - Processing file /opt/airflow/dags/driven_data_pipeline.py for tasks to queue
[2026-06-23T21:01:17.409+0000] {logging_mixin.py:190} INFO - [2026-06-23T21:01:17.408+0000] {dagbag.py:588} INFO - Filling up the DagBag from /opt/airflow/dags/driven_data_pipeline.py
[2026-06-23T21:01:17.489+0000] {processor.py:925} INFO - DAG(s) 'extract_raw_data_pipeline' retrieved from /opt/airflow/dags/driven_data_pipeline.py
[2026-06-23T21:01:17.503+0000] {logging_mixin.py:190} INFO - [2026-06-23T21:01:17.502+0000] {dag.py:3239} INFO - Sync 1 DAGs
[2026-06-23T21:01:17.516+0000] {logging_mixin.py:190} INFO - [2026-06-23T21:01:17.516+0000] {dag.py:4180} INFO - Setting next_dagrun for extract_raw_data_pipeline to 2026-06-23 07:59:00+00:00, run_after=2026-06-24 07:00:00+00:00
[2026-06-23T21:01:17.539+0000] {processor.py:208} INFO - Processing /opt/airflow/dags/driven_data_pipeline.py took 0.137 seconds
[2026-06-23T21:01:47.720+0000] {processor.py:186} INFO - Started process (PID=9369) to work on /opt/airflow/dags/driven_data_pipeline.py
[2026-06-23T21:01:47.720+0000] {processor.py:914} INFO - Processing file /opt/airflow/dags/driven_data_pipeline.py for tasks to queue
[2026-06-23T21:01:47.722+0000] {logging_mixin.py:190} INFO - [2026-06-23T21:01:47.722+0000] {dagbag.py:588} INFO - Filling up the DagBag from /opt/airflow/dags/driven_data_pipeline.py
[2026-06-23T21:01:47.806+0000] {processor.py:925} INFO - DAG(s) 'extract_raw_data_pipeline' retrieved from /opt/airflow/dags/driven_data_pipeline.py
[2026-06-23T21:01:47.820+0000] {logging_mixin.py:190} INFO - [2026-06-23T21:01:47.820+0000] {dag.py:3239} INFO - Sync 1 DAGs
[2026-06-23T21:01:47.833+0000] {logging_mixin.py:190} INFO - [2026-06-23T21:01:47.833+0000] {dag.py:4180} INFO - Setting next_dagrun for extract_raw_data_pipeline to 2026-06-23 07:59:00+00:00, run_after=2026-06-24 07:00:00+00:00
[2026-06-23T21:01:47.845+0000] {processor.py:208} INFO - Processing /opt/airflow/dags/driven_data_pipeline.py took 0.129 seconds
[2026-06-23T21:02:18.210+0000] {processor.py:186} INFO - Started process (PID=9377) to work on /opt/airflow/dags/driven_data_pipeline.py
[2026-06-23T21:02:18.211+0000] {processor.py:914} INFO - Processing file /opt/airflow/dags/driven_data_pipeline.py for tasks to queue
[2026-06-23T21:02:18.213+0000] {logging_mixin.py:190} INFO - [2026-06-23T21:02:18.212+0000] {dagbag.py:588} INFO - Filling up the DagBag from /opt/airflow/dags/driven_data_pipeline.py
[2026-06-23T21:02:18.305+0000] {processor.py:925} INFO - DAG(s) 'extract_raw_data_pipeline' retrieved from /opt/airflow/dags/driven_data_pipeline.py
[2026-06-23T21:02:18.319+0000] {logging_mixin.py:190} INFO - [2026-06-23T21:02:18.319+0000] {dag.py:3239} INFO - Sync 1 DAGs
[2026-06-23T21:02:18.330+0000] {logging_mixin.py:190} INFO - [2026-06-23T21:02:18.330+0000] {dag.py:4180} INFO - Setting next_dagrun for extract_raw_data_pipeline to 2026-06-23 07:59:00+00:00, run_after=2026-06-24 07:00:00+00:00
[2026-06-23T21:02:18.343+0000] {processor.py:208} INFO - Processing /opt/airflow/dags/driven_data_pipeline.py took 0.136 seconds
[2026-06-23T21:02:48.621+0000] {processor.py:186} INFO - Started process (PID=9385) to work on /opt/airflow/dags/driven_data_pipeline.py
[2026-06-23T21:02:48.621+0000] {processor.py:914} INFO - Processing file /opt/airflow/dags/driven_data_pipeline.py for tasks to queue
[2026-06-23T21:02:48.623+0000] {logging_mixin.py:190} INFO - [2026-06-23T21:02:48.623+0000] {dagbag.py:588} INFO - Filling up the DagBag from /opt/airflow/dags/driven_data_pipeline.py
[2026-06-23T21:02:48.708+0000] {processor.py:925} INFO - DAG(s) 'extract_raw_data_pipeline' retrieved from /opt/airflow/dags/driven_data_pipeline.py
[2026-06-23T21:02:48.722+0000] {logging_mixin.py:190} INFO - [2026-06-23T21:02:48.722+0000] {dag.py:3239} INFO - Sync 1 DAGs
[2026-06-23T21:02:48.735+0000] {logging_mixin.py:190} INFO - [2026-06-23T21:02:48.735+0000] {dag.py:4180} INFO - Setting next_dagrun for extract_raw_data_pipeline to 2026-06-23 07:59:00+00:00, run_after=2026-06-24 07:00:00+00:00
[2026-06-23T21:02:48.748+0000] {processor.py:208} INFO - Processing /opt/airflow/dags/driven_data_pipeline.py took 0.131 seconds
[2026-06-23T21:03:18.997+0000] {processor.py:186} INFO - Started process (PID=9392) to work on /opt/airflow/dags/driven_data_pipeline.py
[2026-06-23T21:03:18.998+0000] {processor.py:914} INFO - Processing file /opt/airflow/dags/driven_data_pipeline.py for tasks to queue
[2026-06-23T21:03:19.000+0000] {logging_mixin.py:190} INFO - [2026-06-23T21:03:18.999+0000] {dagbag.py:588} INFO - Filling up the DagBag from /opt/airflow/dags/driven_data_pipeline.py
[2026-06-23T21:03:19.086+0000] {processor.py:925} INFO - DAG(s) 'extract_raw_data_pipeline' retrieved from /opt/airflow/dags/driven_data_pipeline.py
[2026-06-23T21:03:19.099+0000] {logging_mixin.py:190} INFO - [2026-06-23T21:03:19.099+0000] {dag.py:3239} INFO - Sync 1 DAGs
[2026-06-23T21:03:19.112+0000] {logging_mixin.py:190} INFO - [2026-06-23T21:03:19.112+0000] {dag.py:4180} INFO - Setting next_dagrun for extract_raw_data_pipeline to 2026-06-23 07:59:00+00:00, run_after=2026-06-24 07:00:00+00:00
[2026-06-23T21:03:19.123+0000] {processor.py:208} INFO - Processing /opt/airflow/dags/driven_data_pipeline.py took 0.130 seconds
[2026-06-23T21:03:49.401+0000] {processor.py:186} INFO - Started process (PID=9400) to work on /opt/airflow/dags/driven_data_pipeline.py
[2026-06-23T21:03:49.401+0000] {processor.py:914} INFO - Processing file /opt/airflow/dags/driven_data_pipeline.py for tasks to queue
[2026-06-23T21:03:49.403+0000] {logging_mixin.py:190} INFO - [2026-06-23T21:03:49.403+0000] {dagbag.py:588} INFO - Filling up the DagBag from /opt/airflow/dags/driven_data_pipeline.py
[2026-06-23T21:03:49.486+0000] {processor.py:925} INFO - DAG(s) 'extract_raw_data_pipeline' retrieved from /opt/airflow/dags/driven_data_pipeline.py
[2026-06-23T21:03:49.502+0000] {logging_mixin.py:190} INFO - [2026-06-23T21:03:49.502+0000] {dag.py:3239} INFO - Sync 1 DAGs
[2026-06-23T21:03:49.516+0000] {logging_mixin.py:190} INFO - [2026-06-23T21:03:49.516+0000] {dag.py:4180} INFO - Setting next_dagrun for extract_raw_data_pipeline to 2026-06-23 07:59:00+00:00, run_after=2026-06-24 07:00:00+00:00
[2026-06-23T21:03:49.529+0000] {processor.py:208} INFO - Processing /opt/airflow/dags/driven_data_pipeline.py took 0.132 seconds
[2026-06-23T21:04:19.734+0000] {processor.py:186} INFO - Started process (PID=9408) to work on /opt/airflow/dags/driven_data_pipeline.py
[2026-06-23T21:04:19.734+0000] {processor.py:914} INFO - Processing file /opt/airflow/dags/driven_data_pipeline.py for tasks to queue
[2026-06-23T21:04:19.736+0000] {logging_mixin.py:190} INFO - [2026-06-23T21:04:19.736+0000] {dagbag.py:588} INFO - Filling up the DagBag from /opt/airflow/dags/driven_data_pipeline.py
[2026-06-23T21:04:19.820+0000] {processor.py:925} INFO - DAG(s) 'extract_raw_data_pipeline' retrieved from /opt/airflow/dags/driven_data_pipeline.py
[2026-06-23T21:04:19.836+0000] {logging_mixin.py:190} INFO - [2026-06-23T21:04:19.836+0000] {dag.py:3239} INFO - Sync 1 DAGs
[2026-06-23T21:04:19.849+0000] {logging_mixin.py:190} INFO - [2026-06-23T21:04:19.849+0000] {dag.py:4180} INFO - Setting next_dagrun for extract_raw_data_pipeline to 2026-06-23 07:59:00+00:00, run_after=2026-06-24 07:00:00+00:00
[2026-06-23T21:04:19.867+0000] {processor.py:208} INFO - Processing /opt/airflow/dags/driven_data_pipeline.py took 0.137 seconds
[2026-06-23T21:04:50.109+0000] {processor.py:186} INFO - Started process (PID=9416) to work on /opt/airflow/dags/driven_data_pipeline.py
[2026-06-23T21:04:50.110+0000] {processor.py:914} INFO - Processing file /opt/airflow/dags/driven_data_pipeline.py for tasks to queue
[2026-06-23T21:04:50.112+0000] {logging_mixin.py:190} INFO - [2026-06-23T21:04:50.112+0000] {dagbag.py:588} INFO - Filling up the DagBag from /opt/airflow/dags/driven_data_pipeline.py
[2026-06-23T21:04:50.196+0000] {processor.py:925} INFO - DAG(s) 'extract_raw_data_pipeline' retrieved from /opt/airflow/dags/driven_data_pipeline.py
[2026-06-23T21:04:50.211+0000] {logging_mixin.py:190} INFO - [2026-06-23T21:04:50.211+0000] {dag.py:3239} INFO - Sync 1 DAGs
[2026-06-23T21:04:50.225+0000] {logging_mixin.py:190} INFO - [2026-06-23T21:04:50.225+0000] {dag.py:4180} INFO - Setting next_dagrun for extract_raw_data_pipeline to 2026-06-23 07:59:00+00:00, run_after=2026-06-24 07:00:00+00:00
[2026-06-23T21:04:50.240+0000] {processor.py:208} INFO - Processing /opt/airflow/dags/driven_data_pipeline.py took 0.135 seconds
[2026-06-23T21:05:20.428+0000] {processor.py:186} INFO - Started process (PID=9424) to work on /opt/airflow/dags/driven_data_pipeline.py
[2026-06-23T21:05:20.428+0000] {processor.py:914} INFO - Processing file /opt/airflow/dags/driven_data_pipeline.py for tasks to queue
[2026-06-23T21:05:20.430+0000] {logging_mixin.py:190} INFO - [2026-06-23T21:05:20.430+0000] {dagbag.py:588} INFO - Filling up the DagBag from /opt/airflow/dags/driven_data_pipeline.py
[2026-06-23T21:05:20.512+0000] {processor.py:925} INFO - DAG(s) 'extract_raw_data_pipeline' retrieved from /opt/airflow/dags/driven_data_pipeline.py
[2026-06-23T21:05:20.525+0000] {logging_mixin.py:190} INFO - [2026-06-23T21:05:20.525+0000] {dag.py:3239} INFO - Sync 1 DAGs
[2026-06-23T21:05:20.537+0000] {logging_mixin.py:190} INFO - [2026-06-23T21:05:20.537+0000] {dag.py:4180} INFO - Setting next_dagrun for extract_raw_data_pipeline to 2026-06-23 07:59:00+00:00, run_after=2026-06-24 07:00:00+00:00
[2026-06-23T21:05:20.551+0000] {processor.py:208} INFO - Processing /opt/airflow/dags/driven_data_pipeline.py took 0.127 seconds
[2026-06-23T21:05:50.831+0000] {processor.py:186} INFO - Started process (PID=9432) to work on /opt/airflow/dags/driven_data_pipeline.py
[2026-06-23T21:05:50.831+0000] {processor.py:914} INFO - Processing file /opt/airflow/dags/driven_data_pipeline.py for tasks to queue
[2026-06-23T21:05:50.833+0000] {logging_mixin.py:190} INFO - [2026-06-23T21:05:50.833+0000] {dagbag.py:588} INFO - Filling up the DagBag from /opt/airflow/dags/driven_data_pipeline.py
[2026-06-23T21:05:50.912+0000] {processor.py:925} INFO - DAG(s) 'extract_raw_data_pipeline' retrieved from /opt/airflow/dags/driven_data_pipeline.py
[2026-06-23T21:05:50.927+0000] {logging_mixin.py:190} INFO - [2026-06-23T21:05:50.926+0000] {dag.py:3239} INFO - Sync 1 DAGs
[2026-06-23T21:05:50.939+0000] {logging_mixin.py:190} INFO - [2026-06-23T21:05:50.939+0000] {dag.py:4180} INFO - Setting next_dagrun for extract_raw_data_pipeline to 2026-06-23 07:59:00+00:00, run_after=2026-06-24 07:00:00+00:00
[2026-06-23T21:05:50.952+0000] {processor.py:208} INFO - Processing /opt/airflow/dags/driven_data_pipeline.py took 0.126 seconds
[2026-06-23T21:06:21.174+0000] {processor.py:186} INFO - Started process (PID=9440) to work on /opt/airflow/dags/driven_data_pipeline.py
[2026-06-23T21:06:21.175+0000] {processor.py:914} INFO - Processing file /opt/airflow/dags/driven_data_pipeline.py for tasks to queue
[2026-06-23T21:06:21.177+0000] {logging_mixin.py:190} INFO - [2026-06-23T21:06:21.176+0000] {dagbag.py:588} INFO - Filling up the DagBag from /opt/airflow/dags/driven_data_pipeline.py
[2026-06-23T21:06:21.258+0000] {processor.py:925} INFO - DAG(s) 'extract_raw_data_pipeline' retrieved from /opt/airflow/dags/driven_data_pipeline.py
[2026-06-23T21:06:21.272+0000] {logging_mixin.py:190} INFO - [2026-06-23T21:06:21.272+0000] {dag.py:3239} INFO - Sync 1 DAGs
[2026-06-23T21:06:21.284+0000] {logging_mixin.py:190} INFO - [2026-06-23T21:06:21.284+0000] {dag.py:4180} INFO - Setting next_dagrun for extract_raw_data_pipeline to 2026-06-23 07:59:00+00:00, run_after=2026-06-24 07:00:00+00:00
[2026-06-23T21:06:21.300+0000] {processor.py:208} INFO - Processing /opt/airflow/dags/driven_data_pipeline.py took 0.129 seconds
[2026-06-23T21:06:51.541+0000] {processor.py:186} INFO - Started process (PID=9448) to work on /opt/airflow/dags/driven_data_pipeline.py
[2026-06-23T21:06:51.541+0000] {processor.py:914} INFO - Processing file /opt/airflow/dags/driven_data_pipeline.py for tasks to queue
[2026-06-23T21:06:51.543+0000] {logging_mixin.py:190} INFO - [2026-06-23T21:06:51.543+0000] {dagbag.py:588} INFO - Filling up the DagBag from /opt/airflow/dags/driven_data_pipeline.py
[2026-06-23T21:06:51.623+0000] {processor.py:925} INFO - DAG(s) 'extract_raw_data_pipeline' retrieved from /opt/airflow/dags/driven_data_pipeline.py
[2026-06-23T21:06:51.637+0000] {logging_mixin.py:190} INFO - [2026-06-23T21:06:51.636+0000] {dag.py:3239} INFO - Sync 1 DAGs
[2026-06-23T21:06:51.649+0000] {logging_mixin.py:190} INFO - [2026-06-23T21:06:51.649+0000] {dag.py:4180} INFO - Setting next_dagrun for extract_raw_data_pipeline to 2026-06-23 07:59:00+00:00, run_after=2026-06-24 07:00:00+00:00
[2026-06-23T21:06:51.663+0000] {processor.py:208} INFO - Processing /opt/airflow/dags/driven_data_pipeline.py took 0.127 seconds
[2026-06-23T21:07:21.883+0000] {processor.py:186} INFO - Started process (PID=9456) to work on /opt/airflow/dags/driven_data_pipeline.py
[2026-06-23T21:07:21.884+0000] {processor.py:914} INFO - Processing file /opt/airflow/dags/driven_data_pipeline.py for tasks to queue
[2026-06-23T21:07:21.886+0000] {logging_mixin.py:190} INFO - [2026-06-23T21:07:21.886+0000] {dagbag.py:588} INFO - Filling up the DagBag from /opt/airflow/dags/driven_data_pipeline.py
[2026-06-23T21:07:21.969+0000] {processor.py:925} INFO - DAG(s) 'extract_raw_data_pipeline' retrieved from /opt/airflow/dags/driven_data_pipeline.py
[2026-06-23T21:07:21.983+0000] {logging_mixin.py:190} INFO - [2026-06-23T21:07:21.983+0000] {dag.py:3239} INFO - Sync 1 DAGs
[2026-06-23T21:07:21.996+0000] {logging_mixin.py:190} INFO - [2026-06-23T21:07:21.996+0000] {dag.py:4180} INFO - Setting next_dagrun for extract_raw_data_pipeline to 2026-06-23 07:59:00+00:00, run_after=2026-06-24 07:00:00+00:00
[2026-06-23T21:07:22.009+0000] {processor.py:208} INFO - Processing /opt/airflow/dags/driven_data_pipeline.py took 0.129 seconds
[2026-06-23T21:07:52.287+0000] {processor.py:186} INFO - Started process (PID=9464) to work on /opt/airflow/dags/driven_data_pipeline.py
[2026-06-23T21:07:52.288+0000] {processor.py:914} INFO - Processing file /opt/airflow/dags/driven_data_pipeline.py for tasks to queue
[2026-06-23T21:07:52.290+0000] {logging_mixin.py:190} INFO - [2026-06-23T21:07:52.290+0000] {dagbag.py:588} INFO - Filling up the DagBag from /opt/airflow/dags/driven_data_pipeline.py
[2026-06-23T21:07:52.373+0000] {processor.py:925} INFO - DAG(s) 'extract_raw_data_pipeline' retrieved from /opt/airflow/dags/driven_data_pipeline.py
[2026-06-23T21:07:52.390+0000] {logging_mixin.py:190} INFO - [2026-06-23T21:07:52.390+0000] {dag.py:3239} INFO - Sync 1 DAGs
[2026-06-23T21:07:52.402+0000] {logging_mixin.py:190} INFO - [2026-06-23T21:07:52.402+0000] {dag.py:4180} INFO - Setting next_dagrun for extract_raw_data_pipeline to 2026-06-23 07:59:00+00:00, run_after=2026-06-24 07:00:00+00:00
[2026-06-23T21:07:52.418+0000] {processor.py:208} INFO - Processing /opt/airflow/dags/driven_data_pipeline.py took 0.135 seconds
[2026-06-23T21:08:22.611+0000] {processor.py:186} INFO - Started process (PID=9472) to work on /opt/airflow/dags/driven_data_pipeline.py
[2026-06-23T21:08:22.611+0000] {processor.py:914} INFO - Processing file /opt/airflow/dags/driven_data_pipeline.py for tasks to queue
[2026-06-23T21:08:22.613+0000] {logging_mixin.py:190} INFO - [2026-06-23T21:08:22.613+0000] {dagbag.py:588} INFO - Filling up the DagBag from /opt/airflow/dags/driven_data_pipeline.py
[2026-06-23T21:08:22.694+0000] {processor.py:925} INFO - DAG(s) 'extract_raw_data_pipeline' retrieved from /opt/airflow/dags/driven_data_pipeline.py
[2026-06-23T21:08:22.707+0000] {logging_mixin.py:190} INFO - [2026-06-23T21:08:22.707+0000] {dag.py:3239} INFO - Sync 1 DAGs
[2026-06-23T21:08:22.719+0000] {logging_mixin.py:190} INFO - [2026-06-23T21:08:22.719+0000] {dag.py:4180} INFO - Setting next_dagrun for extract_raw_data_pipeline to 2026-06-23 07:59:00+00:00, run_after=2026-06-24 07:00:00+00:00
[2026-06-23T21:08:22.730+0000] {processor.py:208} INFO - Processing /opt/airflow/dags/driven_data_pipeline.py took 0.123 seconds
[2026-06-23T21:08:53.000+0000] {processor.py:186} INFO - Started process (PID=9480) to work on /opt/airflow/dags/driven_data_pipeline.py
[2026-06-23T21:08:53.000+0000] {processor.py:914} INFO - Processing file /opt/airflow/dags/driven_data_pipeline.py for tasks to queue
[2026-06-23T21:08:53.002+0000] {logging_mixin.py:190} INFO - [2026-06-23T21:08:53.002+0000] {dagbag.py:588} INFO - Filling up the DagBag from /opt/airflow/dags/driven_data_pipeline.py
[2026-06-23T21:08:53.083+0000] {processor.py:925} INFO - DAG(s) 'extract_raw_data_pipeline' retrieved from /opt/airflow/dags/driven_data_pipeline.py
[2026-06-23T21:08:53.097+0000] {logging_mixin.py:190} INFO - [2026-06-23T21:08:53.097+0000] {dag.py:3239} INFO - Sync 1 DAGs
[2026-06-23T21:08:53.108+0000] {logging_mixin.py:190} INFO - [2026-06-23T21:08:53.108+0000] {dag.py:4180} INFO - Setting next_dagrun for extract_raw_data_pipeline to 2026-06-23 07:59:00+00:00, run_after=2026-06-24 07:00:00+00:00
[2026-06-23T21:08:53.123+0000] {processor.py:208} INFO - Processing /opt/airflow/dags/driven_data_pipeline.py took 0.127 seconds
[2026-06-23T21:09:23.337+0000] {processor.py:186} INFO - Started process (PID=9488) to work on /opt/airflow/dags/driven_data_pipeline.py
[2026-06-23T21:09:23.338+0000] {processor.py:914} INFO - Processing file /opt/airflow/dags/driven_data_pipeline.py for tasks to queue
[2026-06-23T21:09:23.339+0000] {logging_mixin.py:190} INFO - [2026-06-23T21:09:23.339+0000] {dagbag.py:588} INFO - Filling up the DagBag from /opt/airflow/dags/driven_data_pipeline.py
[2026-06-23T21:09:23.422+0000] {processor.py:925} INFO - DAG(s) 'extract_raw_data_pipeline' retrieved from /opt/airflow/dags/driven_data_pipeline.py
[2026-06-23T21:09:23.437+0000] {logging_mixin.py:190} INFO - [2026-06-23T21:09:23.437+0000] {dag.py:3239} INFO - Sync 1 DAGs
[2026-06-23T21:09:23.450+0000] {logging_mixin.py:190} INFO - [2026-06-23T21:09:23.450+0000] {dag.py:4180} INFO - Setting next_dagrun for extract_raw_data_pipeline to 2026-06-23 07:59:00+00:00, run_after=2026-06-24 07:00:00+00:00
[2026-06-23T21:09:23.464+0000] {processor.py:208} INFO - Processing /opt/airflow/dags/driven_data_pipeline.py took 0.130 seconds
[2026-06-23T21:09:53.662+0000] {processor.py:186} INFO - Started process (PID=9496) to work on /opt/airflow/dags/driven_data_pipeline.py
[2026-06-23T21:09:53.663+0000] {processor.py:914} INFO - Processing file /opt/airflow/dags/driven_data_pipeline.py for tasks to queue
[2026-06-23T21:09:53.665+0000] {logging_mixin.py:190} INFO - [2026-06-23T21:09:53.664+0000] {dagbag.py:588} INFO - Filling up the DagBag from /opt/airflow/dags/driven_data_pipeline.py
[2026-06-23T21:09:53.746+0000] {processor.py:925} INFO - DAG(s) 'extract_raw_data_pipeline' retrieved from /opt/airflow/dags/driven_data_pipeline.py
[2026-06-23T21:09:53.762+0000] {logging_mixin.py:190} INFO - [2026-06-23T21:09:53.762+0000] {dag.py:3239} INFO - Sync 1 DAGs
[2026-06-23T21:09:53.774+0000] {logging_mixin.py:190} INFO - [2026-06-23T21:09:53.774+0000] {dag.py:4180} INFO - Setting next_dagrun for extract_raw_data_pipeline to 2026-06-23 07:59:00+00:00, run_after=2026-06-24 07:00:00+00:00
[2026-06-23T21:09:53.786+0000] {processor.py:208} INFO - Processing /opt/airflow/dags/driven_data_pipeline.py took 0.128 seconds
[2026-06-23T21:10:24.041+0000] {processor.py:186} INFO - Started process (PID=9504) to work on /opt/airflow/dags/driven_data_pipeline.py
[2026-06-23T21:10:24.041+0000] {processor.py:914} INFO - Processing file /opt/airflow/dags/driven_data_pipeline.py for tasks to queue
[2026-06-23T21:10:24.043+0000] {logging_mixin.py:190} INFO - [2026-06-23T21:10:24.042+0000] {dagbag.py:588} INFO - Filling up the DagBag from /opt/airflow/dags/driven_data_pipeline.py
[2026-06-23T21:10:24.134+0000] {processor.py:925} INFO - DAG(s) 'extract_raw_data_pipeline' retrieved from /opt/airflow/dags/driven_data_pipeline.py
[2026-06-23T21:10:24.149+0000] {logging_mixin.py:190} INFO - [2026-06-23T21:10:24.149+0000] {dag.py:3239} INFO - Sync 1 DAGs
[2026-06-23T21:10:24.163+0000] {logging_mixin.py:190} INFO - [2026-06-23T21:10:24.163+0000] {dag.py:4180} INFO - Setting next_dagrun for extract_raw_data_pipeline to 2026-06-23 07:59:00+00:00, run_after=2026-06-24 07:00:00+00:00
[2026-06-23T21:10:24.176+0000] {processor.py:208} INFO - Processing /opt/airflow/dags/driven_data_pipeline.py took 0.139 seconds
[2026-06-23T21:10:54.400+0000] {processor.py:186} INFO - Started process (PID=9512) to work on /opt/airflow/dags/driven_data_pipeline.py
[2026-06-23T21:10:54.401+0000] {processor.py:914} INFO - Processing file /opt/airflow/dags/driven_data_pipeline.py for tasks to queue
[2026-06-23T21:10:54.403+0000] {logging_mixin.py:190} INFO - [2026-06-23T21:10:54.402+0000] {dagbag.py:588} INFO - Filling up the DagBag from /opt/airflow/dags/driven_data_pipeline.py
[2026-06-23T21:10:54.485+0000] {processor.py:925} INFO - DAG(s) 'extract_raw_data_pipeline' retrieved from /opt/airflow/dags/driven_data_pipeline.py
[2026-06-23T21:10:54.501+0000] {logging_mixin.py:190} INFO - [2026-06-23T21:10:54.501+0000] {dag.py:3239} INFO - Sync 1 DAGs
[2026-06-23T21:10:54.513+0000] {logging_mixin.py:190} INFO - [2026-06-23T21:10:54.513+0000] {dag.py:4180} INFO - Setting next_dagrun for extract_raw_data_pipeline to 2026-06-23 07:59:00+00:00, run_after=2026-06-24 07:00:00+00:00
[2026-06-23T21:10:54.527+0000] {processor.py:208} INFO - Processing /opt/airflow/dags/driven_data_pipeline.py took 0.132 seconds
[2026-06-23T21:11:24.782+0000] {processor.py:186} INFO - Started process (PID=9520) to work on /opt/airflow/dags/driven_data_pipeline.py
[2026-06-23T21:11:24.782+0000] {processor.py:914} INFO - Processing file /opt/airflow/dags/driven_data_pipeline.py for tasks to queue
[2026-06-23T21:11:24.784+0000] {logging_mixin.py:190} INFO - [2026-06-23T21:11:24.784+0000] {dagbag.py:588} INFO - Filling up the DagBag from /opt/airflow/dags/driven_data_pipeline.py
[2026-06-23T21:11:24.864+0000] {processor.py:925} INFO - DAG(s) 'extract_raw_data_pipeline' retrieved from /opt/airflow/dags/driven_data_pipeline.py
[2026-06-23T21:11:24.877+0000] {logging_mixin.py:190} INFO - [2026-06-23T21:11:24.877+0000] {dag.py:3239} INFO - Sync 1 DAGs
[2026-06-23T21:11:24.889+0000] {logging_mixin.py:190} INFO - [2026-06-23T21:11:24.889+0000] {dag.py:4180} INFO - Setting next_dagrun for extract_raw_data_pipeline to 2026-06-23 07:59:00+00:00, run_after=2026-06-24 07:00:00+00:00
[2026-06-23T21:11:24.907+0000] {processor.py:208} INFO - Processing /opt/airflow/dags/driven_data_pipeline.py took 0.129 seconds
[2026-06-23T21:11:55.168+0000] {processor.py:186} INFO - Started process (PID=9528) to work on /opt/airflow/dags/driven_data_pipeline.py
[2026-06-23T21:11:55.168+0000] {processor.py:914} INFO - Processing file /opt/airflow/dags/driven_data_pipeline.py for tasks to queue
[2026-06-23T21:11:55.170+0000] {logging_mixin.py:190} INFO - [2026-06-23T21:11:55.170+0000] {dagbag.py:588} INFO - Filling up the DagBag from /opt/airflow/dags/driven_data_pipeline.py
[2026-06-23T21:11:55.265+0000] {processor.py:925} INFO - DAG(s) 'extract_raw_data_pipeline' retrieved from /opt/airflow/dags/driven_data_pipeline.py
[2026-06-23T21:11:55.280+0000] {logging_mixin.py:190} INFO - [2026-06-23T21:11:55.279+0000] {dag.py:3239} INFO - Sync 1 DAGs
[2026-06-23T21:11:55.292+0000] {logging_mixin.py:190} INFO - [2026-06-23T21:11:55.292+0000] {dag.py:4180} INFO - Setting next_dagrun for extract_raw_data_pipeline to 2026-06-23 07:59:00+00:00, run_after=2026-06-24 07:00:00+00:00
[2026-06-23T21:11:55.304+0000] {processor.py:208} INFO - Processing /opt/airflow/dags/driven_data_pipeline.py took 0.141 seconds
[2026-06-23T21:12:25.662+0000] {processor.py:186} INFO - Started process (PID=9536) to work on /opt/airflow/dags/driven_data_pipeline.py
[2026-06-23T21:12:25.662+0000] {processor.py:914} INFO - Processing file /opt/airflow/dags/driven_data_pipeline.py for tasks to queue
[2026-06-23T21:12:25.664+0000] {logging_mixin.py:190} INFO - [2026-06-23T21:12:25.664+0000] {dagbag.py:588} INFO - Filling up the DagBag from /opt/airflow/dags/driven_data_pipeline.py
[2026-06-23T21:12:25.744+0000] {processor.py:925} INFO - DAG(s) 'extract_raw_data_pipeline' retrieved from /opt/airflow/dags/driven_data_pipeline.py
[2026-06-23T21:12:25.758+0000] {logging_mixin.py:190} INFO - [2026-06-23T21:12:25.758+0000] {dag.py:3239} INFO - Sync 1 DAGs
[2026-06-23T21:12:25.771+0000] {logging_mixin.py:190} INFO - [2026-06-23T21:12:25.771+0000] {dag.py:4180} INFO - Setting next_dagrun for extract_raw_data_pipeline to 2026-06-23 07:59:00+00:00, run_after=2026-06-24 07:00:00+00:00
[2026-06-23T21:12:25.783+0000] {processor.py:208} INFO - Processing /opt/airflow/dags/driven_data_pipeline.py took 0.125 seconds
[2026-06-23T21:12:55.945+0000] {processor.py:186} INFO - Started process (PID=9544) to work on /opt/airflow/dags/driven_data_pipeline.py
[2026-06-23T21:12:55.946+0000] {processor.py:914} INFO - Processing file /opt/airflow/dags/driven_data_pipeline.py for tasks to queue
[2026-06-23T21:12:55.947+0000] {logging_mixin.py:190} INFO - [2026-06-23T21:12:55.947+0000] {dagbag.py:588} INFO - Filling up the DagBag from /opt/airflow/dags/driven_data_pipeline.py
[2026-06-23T21:12:56.032+0000] {processor.py:925} INFO - DAG(s) 'extract_raw_data_pipeline' retrieved from /opt/airflow/dags/driven_data_pipeline.py
[2026-06-23T21:12:56.047+0000] {logging_mixin.py:190} INFO - [2026-06-23T21:12:56.047+0000] {dag.py:3239} INFO - Sync 1 DAGs
[2026-06-23T21:12:56.059+0000] {logging_mixin.py:190} INFO - [2026-06-23T21:12:56.059+0000] {dag.py:4180} INFO - Setting next_dagrun for extract_raw_data_pipeline to 2026-06-23 07:59:00+00:00, run_after=2026-06-24 07:00:00+00:00
[2026-06-23T21:12:56.073+0000] {processor.py:208} INFO - Processing /opt/airflow/dags/driven_data_pipeline.py took 0.133 seconds
[2026-06-23T21:13:26.453+0000] {processor.py:186} INFO - Started process (PID=9552) to work on /opt/airflow/dags/driven_data_pipeline.py
[2026-06-23T21:13:26.454+0000] {processor.py:914} INFO - Processing file /opt/airflow/dags/driven_data_pipeline.py for tasks to queue
[2026-06-23T21:13:26.456+0000] {logging_mixin.py:190} INFO - [2026-06-23T21:13:26.456+0000] {dagbag.py:588} INFO - Filling up the DagBag from /opt/airflow/dags/driven_data_pipeline.py
[2026-06-23T21:13:26.545+0000] {processor.py:925} INFO - DAG(s) 'extract_raw_data_pipeline' retrieved from /opt/airflow/dags/driven_data_pipeline.py
[2026-06-23T21:13:26.559+0000] {logging_mixin.py:190} INFO - [2026-06-23T21:13:26.559+0000] {dag.py:3239} INFO - Sync 1 DAGs
[2026-06-23T21:13:26.572+0000] {logging_mixin.py:190} INFO - [2026-06-23T21:13:26.572+0000] {dag.py:4180} INFO - Setting next_dagrun for extract_raw_data_pipeline to 2026-06-23 07:59:00+00:00, run_after=2026-06-24 07:00:00+00:00
[2026-06-23T21:13:26.587+0000] {processor.py:208} INFO - Processing /opt/airflow/dags/driven_data_pipeline.py took 0.138 seconds
[2026-06-23T21:13:56.713+0000] {processor.py:186} INFO - Started process (PID=9560) to work on /opt/airflow/dags/driven_data_pipeline.py
[2026-06-23T21:13:56.714+0000] {processor.py:914} INFO - Processing file /opt/airflow/dags/driven_data_pipeline.py for tasks to queue
[2026-06-23T21:13:56.715+0000] {logging_mixin.py:190} INFO - [2026-06-23T21:13:56.715+0000] {dagbag.py:588} INFO - Filling up the DagBag from /opt/airflow/dags/driven_data_pipeline.py
[2026-06-23T21:13:56.797+0000] {processor.py:925} INFO - DAG(s) 'extract_raw_data_pipeline' retrieved from /opt/airflow/dags/driven_data_pipeline.py
[2026-06-23T21:13:56.811+0000] {logging_mixin.py:190} INFO - [2026-06-23T21:13:56.811+0000] {dag.py:3239} INFO - Sync 1 DAGs
[2026-06-23T21:13:56.823+0000] {logging_mixin.py:190} INFO - [2026-06-23T21:13:56.823+0000] {dag.py:4180} INFO - Setting next_dagrun for extract_raw_data_pipeline to 2026-06-23 07:59:00+00:00, run_after=2026-06-24 07:00:00+00:00
[2026-06-23T21:13:56.834+0000] {processor.py:208} INFO - Processing /opt/airflow/dags/driven_data_pipeline.py took 0.125 seconds
[2026-06-23T21:14:27.012+0000] {processor.py:186} INFO - Started process (PID=9568) to work on /opt/airflow/dags/driven_data_pipeline.py
[2026-06-23T21:14:27.013+0000] {processor.py:914} INFO - Processing file /opt/airflow/dags/driven_data_pipeline.py for tasks to queue
[2026-06-23T21:14:27.014+0000] {logging_mixin.py:190} INFO - [2026-06-23T21:14:27.014+0000] {dagbag.py:588} INFO - Filling up the DagBag from /opt/airflow/dags/driven_data_pipeline.py
[2026-06-23T21:14:27.100+0000] {processor.py:925} INFO - DAG(s) 'extract_raw_data_pipeline' retrieved from /opt/airflow/dags/driven_data_pipeline.py
[2026-06-23T21:14:27.115+0000] {logging_mixin.py:190} INFO - [2026-06-23T21:14:27.115+0000] {dag.py:3239} INFO - Sync 1 DAGs
[2026-06-23T21:14:27.128+0000] {logging_mixin.py:190} INFO - [2026-06-23T21:14:27.128+0000] {dag.py:4180} INFO - Setting next_dagrun for extract_raw_data_pipeline to 2026-06-23 07:59:00+00:00, run_after=2026-06-24 07:00:00+00:00
[2026-06-23T21:14:27.142+0000] {processor.py:208} INFO - Processing /opt/airflow/dags/driven_data_pipeline.py took 0.134 seconds
[2026-06-23T21:14:57.408+0000] {processor.py:186} INFO - Started process (PID=9576) to work on /opt/airflow/dags/driven_data_pipeline.py
[2026-06-23T21:14:57.409+0000] {processor.py:914} INFO - Processing file /opt/airflow/dags/driven_data_pipeline.py for tasks to queue
[2026-06-23T21:14:57.411+0000] {logging_mixin.py:190} INFO - [2026-06-23T21:14:57.410+0000] {dagbag.py:588} INFO - Filling up the DagBag from /opt/airflow/dags/driven_data_pipeline.py
[2026-06-23T21:14:57.511+0000] {processor.py:925} INFO - DAG(s) 'extract_raw_data_pipeline' retrieved from /opt/airflow/dags/driven_data_pipeline.py
[2026-06-23T21:14:57.525+0000] {logging_mixin.py:190} INFO - [2026-06-23T21:14:57.525+0000] {dag.py:3239} INFO - Sync 1 DAGs
[2026-06-23T21:14:57.538+0000] {logging_mixin.py:190} INFO - [2026-06-23T21:14:57.538+0000] {dag.py:4180} INFO - Setting next_dagrun for extract_raw_data_pipeline to 2026-06-23 07:59:00+00:00, run_after=2026-06-24 07:00:00+00:00
[2026-06-23T21:14:57.553+0000] {processor.py:208} INFO - Processing /opt/airflow/dags/driven_data_pipeline.py took 0.149 seconds
[2026-06-23T21:15:27.771+0000] {processor.py:186} INFO - Started process (PID=9590) to work on /opt/airflow/dags/driven_data_pipeline.py
[2026-06-23T21:15:27.772+0000] {processor.py:914} INFO - Processing file /opt/airflow/dags/driven_data_pipeline.py for tasks to queue
[2026-06-23T21:15:27.773+0000] {logging_mixin.py:190} INFO - [2026-06-23T21:15:27.773+0000] {dagbag.py:588} INFO - Filling up the DagBag from /opt/airflow/dags/driven_data_pipeline.py
[2026-06-23T21:15:27.857+0000] {processor.py:925} INFO - DAG(s) 'extract_raw_data_pipeline' retrieved from /opt/airflow/dags/driven_data_pipeline.py
[2026-06-23T21:15:27.874+0000] {logging_mixin.py:190} INFO - [2026-06-23T21:15:27.873+0000] {dag.py:3239} INFO - Sync 1 DAGs
[2026-06-23T21:15:27.888+0000] {logging_mixin.py:190} INFO - [2026-06-23T21:15:27.888+0000] {dag.py:4180} INFO - Setting next_dagrun for extract_raw_data_pipeline to 2026-06-23 07:59:00+00:00, run_after=2026-06-24 07:00:00+00:00
[2026-06-23T21:15:27.904+0000] {processor.py:208} INFO - Processing /opt/airflow/dags/driven_data_pipeline.py took 0.137 seconds
[2026-06-23T21:15:58.193+0000] {processor.py:186} INFO - Started process (PID=9598) to work on /opt/airflow/dags/driven_data_pipeline.py
[2026-06-23T21:15:58.193+0000] {processor.py:914} INFO - Processing file /opt/airflow/dags/driven_data_pipeline.py for tasks to queue
[2026-06-23T21:15:58.195+0000] {logging_mixin.py:190} INFO - [2026-06-23T21:15:58.195+0000] {dagbag.py:588} INFO - Filling up the DagBag from /opt/airflow/dags/driven_data_pipeline.py
[2026-06-23T21:15:58.274+0000] {processor.py:925} INFO - DAG(s) 'extract_raw_data_pipeline' retrieved from /opt/airflow/dags/driven_data_pipeline.py
[2026-06-23T21:15:58.287+0000] {logging_mixin.py:190} INFO - [2026-06-23T21:15:58.287+0000] {dag.py:3239} INFO - Sync 1 DAGs
[2026-06-23T21:15:58.298+0000] {logging_mixin.py:190} INFO - [2026-06-23T21:15:58.298+0000] {dag.py:4180} INFO - Setting next_dagrun for extract_raw_data_pipeline to 2026-06-23 07:59:00+00:00, run_after=2026-06-24 07:00:00+00:00
[2026-06-23T21:15:58.312+0000] {processor.py:208} INFO - Processing /opt/airflow/dags/driven_data_pipeline.py took 0.122 seconds
[2026-06-23T21:16:28.507+0000] {processor.py:186} INFO - Started process (PID=9606) to work on /opt/airflow/dags/driven_data_pipeline.py
[2026-06-23T21:16:28.508+0000] {processor.py:914} INFO - Processing file /opt/airflow/dags/driven_data_pipeline.py for tasks to queue
[2026-06-23T21:16:28.510+0000] {logging_mixin.py:190} INFO - [2026-06-23T21:16:28.509+0000] {dagbag.py:588} INFO - Filling up the DagBag from /opt/airflow/dags/driven_data_pipeline.py
[2026-06-23T21:16:28.593+0000] {processor.py:925} INFO - DAG(s) 'extract_raw_data_pipeline' retrieved from /opt/airflow/dags/driven_data_pipeline.py
[2026-06-23T21:16:28.610+0000] {logging_mixin.py:190} INFO - [2026-06-23T21:16:28.610+0000] {dag.py:3239} INFO - Sync 1 DAGs
[2026-06-23T21:16:28.624+0000] {logging_mixin.py:190} INFO - [2026-06-23T21:16:28.623+0000] {dag.py:4180} INFO - Setting next_dagrun for extract_raw_data_pipeline to 2026-06-23 07:59:00+00:00, run_after=2026-06-24 07:00:00+00:00
[2026-06-23T21:16:28.637+0000] {processor.py:208} INFO - Processing /opt/airflow/dags/driven_data_pipeline.py took 0.133 seconds
[2026-06-23T21:16:59.016+0000] {processor.py:186} INFO - Started process (PID=9614) to work on /opt/airflow/dags/driven_data_pipeline.py
[2026-06-23T21:16:59.016+0000] {processor.py:914} INFO - Processing file /opt/airflow/dags/driven_data_pipeline.py for tasks to queue
[2026-06-23T21:16:59.018+0000] {logging_mixin.py:190} INFO - [2026-06-23T21:16:59.018+0000] {dagbag.py:588} INFO - Filling up the DagBag from /opt/airflow/dags/driven_data_pipeline.py
[2026-06-23T21:16:59.098+0000] {processor.py:925} INFO - DAG(s) 'extract_raw_data_pipeline' retrieved from /opt/airflow/dags/driven_data_pipeline.py
[2026-06-23T21:16:59.114+0000] {logging_mixin.py:190} INFO - [2026-06-23T21:16:59.113+0000] {dag.py:3239} INFO - Sync 1 DAGs
[2026-06-23T21:16:59.127+0000] {logging_mixin.py:190} INFO - [2026-06-23T21:16:59.127+0000] {dag.py:4180} INFO - Setting next_dagrun for extract_raw_data_pipeline to 2026-06-23 07:59:00+00:00, run_after=2026-06-24 07:00:00+00:00
[2026-06-23T21:16:59.142+0000] {processor.py:208} INFO - Processing /opt/airflow/dags/driven_data_pipeline.py took 0.130 seconds
[2026-06-23T21:17:29.374+0000] {processor.py:186} INFO - Started process (PID=9622) to work on /opt/airflow/dags/driven_data_pipeline.py
[2026-06-23T21:17:29.375+0000] {processor.py:914} INFO - Processing file /opt/airflow/dags/driven_data_pipeline.py for tasks to queue
[2026-06-23T21:17:29.377+0000] {logging_mixin.py:190} INFO - [2026-06-23T21:17:29.377+0000] {dagbag.py:588} INFO - Filling up the DagBag from /opt/airflow/dags/driven_data_pipeline.py
[2026-06-23T21:17:29.459+0000] {processor.py:925} INFO - DAG(s) 'extract_raw_data_pipeline' retrieved from /opt/airflow/dags/driven_data_pipeline.py
[2026-06-23T21:17:29.474+0000] {logging_mixin.py:190} INFO - [2026-06-23T21:17:29.474+0000] {dag.py:3239} INFO - Sync 1 DAGs
[2026-06-23T21:17:29.488+0000] {logging_mixin.py:190} INFO - [2026-06-23T21:17:29.488+0000] {dag.py:4180} INFO - Setting next_dagrun for extract_raw_data_pipeline to 2026-06-23 07:59:00+00:00, run_after=2026-06-24 07:00:00+00:00
[2026-06-23T21:17:29.511+0000] {processor.py:208} INFO - Processing /opt/airflow/dags/driven_data_pipeline.py took 0.141 seconds
[2026-06-23T21:17:59.815+0000] {processor.py:186} INFO - Started process (PID=9630) to work on /opt/airflow/dags/driven_data_pipeline.py
[2026-06-23T21:17:59.816+0000] {processor.py:914} INFO - Processing file /opt/airflow/dags/driven_data_pipeline.py for tasks to queue
[2026-06-23T21:17:59.817+0000] {logging_mixin.py:190} INFO - [2026-06-23T21:17:59.817+0000] {dagbag.py:588} INFO - Filling up the DagBag from /opt/airflow/dags/driven_data_pipeline.py
[2026-06-23T21:17:59.899+0000] {processor.py:925} INFO - DAG(s) 'extract_raw_data_pipeline' retrieved from /opt/airflow/dags/driven_data_pipeline.py
[2026-06-23T21:17:59.914+0000] {logging_mixin.py:190} INFO - [2026-06-23T21:17:59.914+0000] {dag.py:3239} INFO - Sync 1 DAGs
[2026-06-23T21:17:59.927+0000] {logging_mixin.py:190} INFO - [2026-06-23T21:17:59.927+0000] {dag.py:4180} INFO - Setting next_dagrun for extract_raw_data_pipeline to 2026-06-23 07:59:00+00:00, run_after=2026-06-24 07:00:00+00:00
[2026-06-23T21:17:59.940+0000] {processor.py:208} INFO - Processing /opt/airflow/dags/driven_data_pipeline.py took 0.128 seconds
[2026-06-23T21:18:30.362+0000] {processor.py:186} INFO - Started process (PID=9638) to work on /opt/airflow/dags/driven_data_pipeline.py
[2026-06-23T21:18:30.362+0000] {processor.py:914} INFO - Processing file /opt/airflow/dags/driven_data_pipeline.py for tasks to queue
[2026-06-23T21:18:30.364+0000] {logging_mixin.py:190} INFO - [2026-06-23T21:18:30.364+0000] {dagbag.py:588} INFO - Filling up the DagBag from /opt/airflow/dags/driven_data_pipeline.py
[2026-06-23T21:18:30.447+0000] {processor.py:925} INFO - DAG(s) 'extract_raw_data_pipeline' retrieved from /opt/airflow/dags/driven_data_pipeline.py
[2026-06-23T21:18:30.461+0000] {logging_mixin.py:190} INFO - [2026-06-23T21:18:30.461+0000] {dag.py:3239} INFO - Sync 1 DAGs
[2026-06-23T21:18:30.473+0000] {logging_mixin.py:190} INFO - [2026-06-23T21:18:30.473+0000] {dag.py:4180} INFO - Setting next_dagrun for extract_raw_data_pipeline to 2026-06-23 07:59:00+00:00, run_after=2026-06-24 07:00:00+00:00
[2026-06-23T21:18:30.489+0000] {processor.py:208} INFO - Processing /opt/airflow/dags/driven_data_pipeline.py took 0.130 seconds
[2026-06-23T21:19:00.854+0000] {processor.py:186} INFO - Started process (PID=9646) to work on /opt/airflow/dags/driven_data_pipeline.py
[2026-06-23T21:19:00.855+0000] {processor.py:914} INFO - Processing file /opt/airflow/dags/driven_data_pipeline.py for tasks to queue
[2026-06-23T21:19:00.856+0000] {logging_mixin.py:190} INFO - [2026-06-23T21:19:00.856+0000] {dagbag.py:588} INFO - Filling up the DagBag from /opt/airflow/dags/driven_data_pipeline.py
[2026-06-23T21:19:00.935+0000] {processor.py:925} INFO - DAG(s) 'extract_raw_data_pipeline' retrieved from /opt/airflow/dags/driven_data_pipeline.py
[2026-06-23T21:19:00.949+0000] {logging_mixin.py:190} INFO - [2026-06-23T21:19:00.949+0000] {dag.py:3239} INFO - Sync 1 DAGs
[2026-06-23T21:19:00.962+0000] {logging_mixin.py:190} INFO - [2026-06-23T21:19:00.962+0000] {dag.py:4180} INFO - Setting next_dagrun for extract_raw_data_pipeline to 2026-06-23 07:59:00+00:00, run_after=2026-06-24 07:00:00+00:00
[2026-06-23T21:19:00.977+0000] {processor.py:208} INFO - Processing /opt/airflow/dags/driven_data_pipeline.py took 0.127 seconds
[2026-06-23T21:19:31.237+0000] {processor.py:186} INFO - Started process (PID=9654) to work on /opt/airflow/dags/driven_data_pipeline.py
[2026-06-23T21:19:31.237+0000] {processor.py:914} INFO - Processing file /opt/airflow/dags/driven_data_pipeline.py for tasks to queue
[2026-06-23T21:19:31.239+0000] {logging_mixin.py:190} INFO - [2026-06-23T21:19:31.239+0000] {dagbag.py:588} INFO - Filling up the DagBag from /opt/airflow/dags/driven_data_pipeline.py
[2026-06-23T21:19:31.321+0000] {processor.py:925} INFO - DAG(s) 'extract_raw_data_pipeline' retrieved from /opt/airflow/dags/driven_data_pipeline.py
[2026-06-23T21:19:31.335+0000] {logging_mixin.py:190} INFO - [2026-06-23T21:19:31.335+0000] {dag.py:3239} INFO - Sync 1 DAGs
[2026-06-23T21:19:31.350+0000] {logging_mixin.py:190} INFO - [2026-06-23T21:19:31.350+0000] {dag.py:4180} INFO - Setting next_dagrun for extract_raw_data_pipeline to 2026-06-23 07:59:00+00:00, run_after=2026-06-24 07:00:00+00:00
[2026-06-23T21:19:31.363+0000] {processor.py:208} INFO - Processing /opt/airflow/dags/driven_data_pipeline.py took 0.130 seconds
[2026-06-23T21:20:01.659+0000] {processor.py:186} INFO - Started process (PID=9661) to work on /opt/airflow/dags/driven_data_pipeline.py
[2026-06-23T21:20:01.660+0000] {processor.py:914} INFO - Processing file /opt/airflow/dags/driven_data_pipeline.py for tasks to queue
[2026-06-23T21:20:01.661+0000] {logging_mixin.py:190} INFO - [2026-06-23T21:20:01.661+0000] {dagbag.py:588} INFO - Filling up the DagBag from /opt/airflow/dags/driven_data_pipeline.py
[2026-06-23T21:20:01.749+0000] {processor.py:925} INFO - DAG(s) 'extract_raw_data_pipeline' retrieved from /opt/airflow/dags/driven_data_pipeline.py
[2026-06-23T21:20:01.763+0000] {logging_mixin.py:190} INFO - [2026-06-23T21:20:01.763+0000] {dag.py:3239} INFO - Sync 1 DAGs
[2026-06-23T21:20:01.776+0000] {logging_mixin.py:190} INFO - [2026-06-23T21:20:01.776+0000] {dag.py:4180} INFO - Setting next_dagrun for extract_raw_data_pipeline to 2026-06-23 07:59:00+00:00, run_after=2026-06-24 07:00:00+00:00
[2026-06-23T21:20:01.789+0000] {processor.py:208} INFO - Processing /opt/airflow/dags/driven_data_pipeline.py took 0.134 seconds
[2026-06-23T21:20:31.943+0000] {processor.py:186} INFO - Started process (PID=9669) to work on /opt/airflow/dags/driven_data_pipeline.py
[2026-06-23T21:20:31.944+0000] {processor.py:914} INFO - Processing file /opt/airflow/dags/driven_data_pipeline.py for tasks to queue
[2026-06-23T21:20:31.946+0000] {logging_mixin.py:190} INFO - [2026-06-23T21:20:31.945+0000] {dagbag.py:588} INFO - Filling up the DagBag from /opt/airflow/dags/driven_data_pipeline.py
[2026-06-23T21:20:32.024+0000] {processor.py:925} INFO - DAG(s) 'extract_raw_data_pipeline' retrieved from /opt/airflow/dags/driven_data_pipeline.py
[2026-06-23T21:20:32.039+0000] {logging_mixin.py:190} INFO - [2026-06-23T21:20:32.039+0000] {dag.py:3239} INFO - Sync 1 DAGs
[2026-06-23T21:20:32.052+0000] {logging_mixin.py:190} INFO - [2026-06-23T21:20:32.052+0000] {dag.py:4180} INFO - Setting next_dagrun for extract_raw_data_pipeline to 2026-06-23 07:59:00+00:00, run_after=2026-06-24 07:00:00+00:00
[2026-06-23T21:20:32.066+0000] {processor.py:208} INFO - Processing /opt/airflow/dags/driven_data_pipeline.py took 0.127 seconds
[2026-06-23T21:21:02.218+0000] {processor.py:186} INFO - Started process (PID=9677) to work on /opt/airflow/dags/driven_data_pipeline.py
[2026-06-23T21:21:02.219+0000] {processor.py:914} INFO - Processing file /opt/airflow/dags/driven_data_pipeline.py for tasks to queue
[2026-06-23T21:21:02.221+0000] {logging_mixin.py:190} INFO - [2026-06-23T21:21:02.220+0000] {dagbag.py:588} INFO - Filling up the DagBag from /opt/airflow/dags/driven_data_pipeline.py
[2026-06-23T21:21:02.301+0000] {processor.py:925} INFO - DAG(s) 'extract_raw_data_pipeline' retrieved from /opt/airflow/dags/driven_data_pipeline.py
[2026-06-23T21:21:02.313+0000] {logging_mixin.py:190} INFO - [2026-06-23T21:21:02.313+0000] {dag.py:3239} INFO - Sync 1 DAGs
[2026-06-23T21:21:02.325+0000] {logging_mixin.py:190} INFO - [2026-06-23T21:21:02.324+0000] {dag.py:4180} INFO - Setting next_dagrun for extract_raw_data_pipeline to 2026-06-23 07:59:00+00:00, run_after=2026-06-24 07:00:00+00:00
[2026-06-23T21:21:02.346+0000] {processor.py:208} INFO - Processing /opt/airflow/dags/driven_data_pipeline.py took 0.132 seconds
[2026-06-23T21:21:32.634+0000] {processor.py:186} INFO - Started process (PID=9685) to work on /opt/airflow/dags/driven_data_pipeline.py
[2026-06-23T21:21:32.634+0000] {processor.py:914} INFO - Processing file /opt/airflow/dags/driven_data_pipeline.py for tasks to queue
[2026-06-23T21:21:32.636+0000] {logging_mixin.py:190} INFO - [2026-06-23T21:21:32.636+0000] {dagbag.py:588} INFO - Filling up the DagBag from /opt/airflow/dags/driven_data_pipeline.py
[2026-06-23T21:21:32.719+0000] {processor.py:925} INFO - DAG(s) 'extract_raw_data_pipeline' retrieved from /opt/airflow/dags/driven_data_pipeline.py
[2026-06-23T21:21:32.733+0000] {logging_mixin.py:190} INFO - [2026-06-23T21:21:32.733+0000] {dag.py:3239} INFO - Sync 1 DAGs
[2026-06-23T21:21:32.746+0000] {logging_mixin.py:190} INFO - [2026-06-23T21:21:32.746+0000] {dag.py:4180} INFO - Setting next_dagrun for extract_raw_data_pipeline to 2026-06-23 07:59:00+00:00, run_after=2026-06-24 07:00:00+00:00
[2026-06-23T21:21:32.759+0000] {processor.py:208} INFO - Processing /opt/airflow/dags/driven_data_pipeline.py took 0.129 seconds
[2026-06-23T21:22:03.089+0000] {processor.py:186} INFO - Started process (PID=9693) to work on /opt/airflow/dags/driven_data_pipeline.py
[2026-06-23T21:22:03.090+0000] {processor.py:914} INFO - Processing file /opt/airflow/dags/driven_data_pipeline.py for tasks to queue
[2026-06-23T21:22:03.091+0000] {logging_mixin.py:190} INFO - [2026-06-23T21:22:03.091+0000] {dagbag.py:588} INFO - Filling up the DagBag from /opt/airflow/dags/driven_data_pipeline.py
[2026-06-23T21:22:03.171+0000] {processor.py:925} INFO - DAG(s) 'extract_raw_data_pipeline' retrieved from /opt/airflow/dags/driven_data_pipeline.py
[2026-06-23T21:22:03.186+0000] {logging_mixin.py:190} INFO - [2026-06-23T21:22:03.186+0000] {dag.py:3239} INFO - Sync 1 DAGs
[2026-06-23T21:22:03.199+0000] {logging_mixin.py:190} INFO - [2026-06-23T21:22:03.198+0000] {dag.py:4180} INFO - Setting next_dagrun for extract_raw_data_pipeline to 2026-06-23 07:59:00+00:00, run_after=2026-06-24 07:00:00+00:00
[2026-06-23T21:22:03.214+0000] {processor.py:208} INFO - Processing /opt/airflow/dags/driven_data_pipeline.py took 0.128 seconds
[2026-06-23T21:22:33.462+0000] {processor.py:186} INFO - Started process (PID=9701) to work on /opt/airflow/dags/driven_data_pipeline.py
[2026-06-23T21:22:33.463+0000] {processor.py:914} INFO - Processing file /opt/airflow/dags/driven_data_pipeline.py for tasks to queue
[2026-06-23T21:22:33.465+0000] {logging_mixin.py:190} INFO - [2026-06-23T21:22:33.465+0000] {dagbag.py:588} INFO - Filling up the DagBag from /opt/airflow/dags/driven_data_pipeline.py
[2026-06-23T21:22:33.549+0000] {processor.py:925} INFO - DAG(s) 'extract_raw_data_pipeline' retrieved from /opt/airflow/dags/driven_data_pipeline.py
[2026-06-23T21:22:33.562+0000] {logging_mixin.py:190} INFO - [2026-06-23T21:22:33.562+0000] {dag.py:3239} INFO - Sync 1 DAGs
[2026-06-23T21:22:33.573+0000] {logging_mixin.py:190} INFO - [2026-06-23T21:22:33.573+0000] {dag.py:4180} INFO - Setting next_dagrun for extract_raw_data_pipeline to 2026-06-23 07:59:00+00:00, run_after=2026-06-24 07:00:00+00:00
[2026-06-23T21:22:33.587+0000] {processor.py:208} INFO - Processing /opt/airflow/dags/driven_data_pipeline.py took 0.129 seconds
[2026-06-23T21:23:03.794+0000] {processor.py:186} INFO - Started process (PID=9709) to work on /opt/airflow/dags/driven_data_pipeline.py
[2026-06-23T21:23:03.794+0000] {processor.py:914} INFO - Processing file /opt/airflow/dags/driven_data_pipeline.py for tasks to queue
[2026-06-23T21:23:03.796+0000] {logging_mixin.py:190} INFO - [2026-06-23T21:23:03.796+0000] {dagbag.py:588} INFO - Filling up the DagBag from /opt/airflow/dags/driven_data_pipeline.py
[2026-06-23T21:23:03.879+0000] {processor.py:925} INFO - DAG(s) 'extract_raw_data_pipeline' retrieved from /opt/airflow/dags/driven_data_pipeline.py
[2026-06-23T21:23:03.893+0000] {logging_mixin.py:190} INFO - [2026-06-23T21:23:03.893+0000] {dag.py:3239} INFO - Sync 1 DAGs
[2026-06-23T21:23:03.906+0000] {logging_mixin.py:190} INFO - [2026-06-23T21:23:03.906+0000] {dag.py:4180} INFO - Setting next_dagrun for extract_raw_data_pipeline to 2026-06-23 07:59:00+00:00, run_after=2026-06-24 07:00:00+00:00
[2026-06-23T21:23:03.920+0000] {processor.py:208} INFO - Processing /opt/airflow/dags/driven_data_pipeline.py took 0.130 seconds
[2026-06-23T21:23:34.201+0000] {processor.py:186} INFO - Started process (PID=9717) to work on /opt/airflow/dags/driven_data_pipeline.py
[2026-06-23T21:23:34.201+0000] {processor.py:914} INFO - Processing file /opt/airflow/dags/driven_data_pipeline.py for tasks to queue
[2026-06-23T21:23:34.203+0000] {logging_mixin.py:190} INFO - [2026-06-23T21:23:34.203+0000] {dagbag.py:588} INFO - Filling up the DagBag from /opt/airflow/dags/driven_data_pipeline.py
[2026-06-23T21:23:34.284+0000] {processor.py:925} INFO - DAG(s) 'extract_raw_data_pipeline' retrieved from /opt/airflow/dags/driven_data_pipeline.py
[2026-06-23T21:23:34.298+0000] {logging_mixin.py:190} INFO - [2026-06-23T21:23:34.298+0000] {dag.py:3239} INFO - Sync 1 DAGs
[2026-06-23T21:23:34.311+0000] {logging_mixin.py:190} INFO - [2026-06-23T21:23:34.310+0000] {dag.py:4180} INFO - Setting next_dagrun for extract_raw_data_pipeline to 2026-06-23 07:59:00+00:00, run_after=2026-06-24 07:00:00+00:00
[2026-06-23T21:23:34.324+0000] {processor.py:208} INFO - Processing /opt/airflow/dags/driven_data_pipeline.py took 0.127 seconds
[2026-06-23T21:24:04.597+0000] {processor.py:186} INFO - Started process (PID=9725) to work on /opt/airflow/dags/driven_data_pipeline.py
[2026-06-23T21:24:04.597+0000] {processor.py:914} INFO - Processing file /opt/airflow/dags/driven_data_pipeline.py for tasks to queue
[2026-06-23T21:24:04.599+0000] {logging_mixin.py:190} INFO - [2026-06-23T21:24:04.599+0000] {dagbag.py:588} INFO - Filling up the DagBag from /opt/airflow/dags/driven_data_pipeline.py
[2026-06-23T21:24:04.682+0000] {processor.py:925} INFO - DAG(s) 'extract_raw_data_pipeline' retrieved from /opt/airflow/dags/driven_data_pipeline.py
[2026-06-23T21:24:04.696+0000] {logging_mixin.py:190} INFO - [2026-06-23T21:24:04.696+0000] {dag.py:3239} INFO - Sync 1 DAGs
[2026-06-23T21:24:04.708+0000] {logging_mixin.py:190} INFO - [2026-06-23T21:24:04.708+0000] {dag.py:4180} INFO - Setting next_dagrun for extract_raw_data_pipeline to 2026-06-23 07:59:00+00:00, run_after=2026-06-24 07:00:00+00:00
[2026-06-23T21:24:04.720+0000] {processor.py:208} INFO - Processing /opt/airflow/dags/driven_data_pipeline.py took 0.127 seconds
[2026-06-23T21:24:34.881+0000] {processor.py:186} INFO - Started process (PID=9733) to work on /opt/airflow/dags/driven_data_pipeline.py
[2026-06-23T21:24:34.882+0000] {processor.py:914} INFO - Processing file /opt/airflow/dags/driven_data_pipeline.py for tasks to queue
[2026-06-23T21:24:34.884+0000] {logging_mixin.py:190} INFO - [2026-06-23T21:24:34.884+0000] {dagbag.py:588} INFO - Filling up the DagBag from /opt/airflow/dags/driven_data_pipeline.py
[2026-06-23T21:24:34.970+0000] {processor.py:925} INFO - DAG(s) 'extract_raw_data_pipeline' retrieved from /opt/airflow/dags/driven_data_pipeline.py
[2026-06-23T21:24:34.987+0000] {logging_mixin.py:190} INFO - [2026-06-23T21:24:34.987+0000] {dag.py:3239} INFO - Sync 1 DAGs
[2026-06-23T21:24:35.000+0000] {logging_mixin.py:190} INFO - [2026-06-23T21:24:35.000+0000] {dag.py:4180} INFO - Setting next_dagrun for extract_raw_data_pipeline to 2026-06-23 07:59:00+00:00, run_after=2026-06-24 07:00:00+00:00
[2026-06-23T21:24:35.015+0000] {processor.py:208} INFO - Processing /opt/airflow/dags/driven_data_pipeline.py took 0.138 seconds
[2026-06-23T21:25:05.547+0000] {processor.py:186} INFO - Started process (PID=9741) to work on /opt/airflow/dags/driven_data_pipeline.py
[2026-06-23T21:25:05.548+0000] {processor.py:914} INFO - Processing file /opt/airflow/dags/driven_data_pipeline.py for tasks to queue
[2026-06-23T21:25:05.550+0000] {logging_mixin.py:190} INFO - [2026-06-23T21:25:05.550+0000] {dagbag.py:588} INFO - Filling up the DagBag from /opt/airflow/dags/driven_data_pipeline.py
[2026-06-23T21:25:05.644+0000] {processor.py:925} INFO - DAG(s) 'extract_raw_data_pipeline' retrieved from /opt/airflow/dags/driven_data_pipeline.py
[2026-06-23T21:25:05.658+0000] {logging_mixin.py:190} INFO - [2026-06-23T21:25:05.658+0000] {dag.py:3239} INFO - Sync 1 DAGs
[2026-06-23T21:25:05.672+0000] {logging_mixin.py:190} INFO - [2026-06-23T21:25:05.672+0000] {dag.py:4180} INFO - Setting next_dagrun for extract_raw_data_pipeline to 2026-06-23 07:59:00+00:00, run_after=2026-06-24 07:00:00+00:00
[2026-06-23T21:25:05.685+0000] {processor.py:208} INFO - Processing /opt/airflow/dags/driven_data_pipeline.py took 0.142 seconds
[2026-06-23T21:25:35.860+0000] {processor.py:186} INFO - Started process (PID=9748) to work on /opt/airflow/dags/driven_data_pipeline.py
[2026-06-23T21:25:35.861+0000] {processor.py:914} INFO - Processing file /opt/airflow/dags/driven_data_pipeline.py for tasks to queue
[2026-06-23T21:25:35.862+0000] {logging_mixin.py:190} INFO - [2026-06-23T21:25:35.862+0000] {dagbag.py:588} INFO - Filling up the DagBag from /opt/airflow/dags/driven_data_pipeline.py
[2026-06-23T21:25:35.950+0000] {processor.py:925} INFO - DAG(s) 'extract_raw_data_pipeline' retrieved from /opt/airflow/dags/driven_data_pipeline.py
[2026-06-23T21:25:35.965+0000] {logging_mixin.py:190} INFO - [2026-06-23T21:25:35.964+0000] {dag.py:3239} INFO - Sync 1 DAGs
[2026-06-23T21:25:35.978+0000] {logging_mixin.py:190} INFO - [2026-06-23T21:25:35.978+0000] {dag.py:4180} INFO - Setting next_dagrun for extract_raw_data_pipeline to 2026-06-23 07:59:00+00:00, run_after=2026-06-24 07:00:00+00:00
[2026-06-23T21:25:35.991+0000] {processor.py:208} INFO - Processing /opt/airflow/dags/driven_data_pipeline.py took 0.135 seconds
[2026-06-23T21:26:06.300+0000] {processor.py:186} INFO - Started process (PID=9756) to work on /opt/airflow/dags/driven_data_pipeline.py
[2026-06-23T21:26:06.301+0000] {processor.py:914} INFO - Processing file /opt/airflow/dags/driven_data_pipeline.py for tasks to queue
[2026-06-23T21:26:06.302+0000] {logging_mixin.py:190} INFO - [2026-06-23T21:26:06.302+0000] {dagbag.py:588} INFO - Filling up the DagBag from /opt/airflow/dags/driven_data_pipeline.py
[2026-06-23T21:26:06.383+0000] {processor.py:925} INFO - DAG(s) 'extract_raw_data_pipeline' retrieved from /opt/airflow/dags/driven_data_pipeline.py
[2026-06-23T21:26:06.398+0000] {logging_mixin.py:190} INFO - [2026-06-23T21:26:06.398+0000] {dag.py:3239} INFO - Sync 1 DAGs
[2026-06-23T21:26:06.410+0000] {logging_mixin.py:190} INFO - [2026-06-23T21:26:06.410+0000] {dag.py:4180} INFO - Setting next_dagrun for extract_raw_data_pipeline to 2026-06-23 07:59:00+00:00, run_after=2026-06-24 07:00:00+00:00
[2026-06-23T21:26:06.424+0000] {processor.py:208} INFO - Processing /opt/airflow/dags/driven_data_pipeline.py took 0.129 seconds
[2026-06-23T21:26:36.651+0000] {processor.py:186} INFO - Started process (PID=9764) to work on /opt/airflow/dags/driven_data_pipeline.py
[2026-06-23T21:26:36.652+0000] {processor.py:914} INFO - Processing file /opt/airflow/dags/driven_data_pipeline.py for tasks to queue
[2026-06-23T21:26:36.653+0000] {logging_mixin.py:190} INFO - [2026-06-23T21:26:36.653+0000] {dagbag.py:588} INFO - Filling up the DagBag from /opt/airflow/dags/driven_data_pipeline.py
[2026-06-23T21:26:36.735+0000] {processor.py:925} INFO - DAG(s) 'extract_raw_data_pipeline' retrieved from /opt/airflow/dags/driven_data_pipeline.py
[2026-06-23T21:26:36.749+0000] {logging_mixin.py:190} INFO - [2026-06-23T21:26:36.749+0000] {dag.py:3239} INFO - Sync 1 DAGs
[2026-06-23T21:26:36.760+0000] {logging_mixin.py:190} INFO - [2026-06-23T21:26:36.760+0000] {dag.py:4180} INFO - Setting next_dagrun for extract_raw_data_pipeline to 2026-06-23 07:59:00+00:00, run_after=2026-06-24 07:00:00+00:00
[2026-06-23T21:26:36.772+0000] {processor.py:208} INFO - Processing /opt/airflow/dags/driven_data_pipeline.py took 0.126 seconds
[2026-06-23T21:27:07.032+0000] {processor.py:186} INFO - Started process (PID=9772) to work on /opt/airflow/dags/driven_data_pipeline.py
[2026-06-23T21:27:07.032+0000] {processor.py:914} INFO - Processing file /opt/airflow/dags/driven_data_pipeline.py for tasks to queue
[2026-06-23T21:27:07.034+0000] {logging_mixin.py:190} INFO - [2026-06-23T21:27:07.034+0000] {dagbag.py:588} INFO - Filling up the DagBag from /opt/airflow/dags/driven_data_pipeline.py
[2026-06-23T21:27:07.133+0000] {processor.py:925} INFO - DAG(s) 'extract_raw_data_pipeline' retrieved from /opt/airflow/dags/driven_data_pipeline.py
[2026-06-23T21:27:07.148+0000] {logging_mixin.py:190} INFO - [2026-06-23T21:27:07.148+0000] {dag.py:3239} INFO - Sync 1 DAGs
[2026-06-23T21:27:07.161+0000] {logging_mixin.py:190} INFO - [2026-06-23T21:27:07.161+0000] {dag.py:4180} INFO - Setting next_dagrun for extract_raw_data_pipeline to 2026-06-23 07:59:00+00:00, run_after=2026-06-24 07:00:00+00:00
[2026-06-23T21:27:07.174+0000] {processor.py:208} INFO - Processing /opt/airflow/dags/driven_data_pipeline.py took 0.146 seconds
[2026-06-23T21:27:37.364+0000] {processor.py:186} INFO - Started process (PID=9780) to work on /opt/airflow/dags/driven_data_pipeline.py
[2026-06-23T21:27:37.365+0000] {processor.py:914} INFO - Processing file /opt/airflow/dags/driven_data_pipeline.py for tasks to queue
[2026-06-23T21:27:37.366+0000] {logging_mixin.py:190} INFO - [2026-06-23T21:27:37.366+0000] {dagbag.py:588} INFO - Filling up the DagBag from /opt/airflow/dags/driven_data_pipeline.py
[2026-06-23T21:27:37.452+0000] {processor.py:925} INFO - DAG(s) 'extract_raw_data_pipeline' retrieved from /opt/airflow/dags/driven_data_pipeline.py
[2026-06-23T21:27:37.466+0000] {logging_mixin.py:190} INFO - [2026-06-23T21:27:37.466+0000] {dag.py:3239} INFO - Sync 1 DAGs
[2026-06-23T21:27:37.480+0000] {logging_mixin.py:190} INFO - [2026-06-23T21:27:37.479+0000] {dag.py:4180} INFO - Setting next_dagrun for extract_raw_data_pipeline to 2026-06-23 07:59:00+00:00, run_after=2026-06-24 07:00:00+00:00
[2026-06-23T21:27:37.492+0000] {processor.py:208} INFO - Processing /opt/airflow/dags/driven_data_pipeline.py took 0.132 seconds
[2026-06-23T21:28:07.761+0000] {processor.py:186} INFO - Started process (PID=9788) to work on /opt/airflow/dags/driven_data_pipeline.py
[2026-06-23T21:28:07.762+0000] {processor.py:914} INFO - Processing file /opt/airflow/dags/driven_data_pipeline.py for tasks to queue
[2026-06-23T21:28:07.764+0000] {logging_mixin.py:190} INFO - [2026-06-23T21:28:07.763+0000] {dagbag.py:588} INFO - Filling up the DagBag from /opt/airflow/dags/driven_data_pipeline.py
[2026-06-23T21:28:07.846+0000] {processor.py:925} INFO - DAG(s) 'extract_raw_data_pipeline' retrieved from /opt/airflow/dags/driven_data_pipeline.py
[2026-06-23T21:28:07.861+0000] {logging_mixin.py:190} INFO - [2026-06-23T21:28:07.860+0000] {dag.py:3239} INFO - Sync 1 DAGs
[2026-06-23T21:28:07.873+0000] {logging_mixin.py:190} INFO - [2026-06-23T21:28:07.873+0000] {dag.py:4180} INFO - Setting next_dagrun for extract_raw_data_pipeline to 2026-06-23 07:59:00+00:00, run_after=2026-06-24 07:00:00+00:00
[2026-06-23T21:28:07.886+0000] {processor.py:208} INFO - Processing /opt/airflow/dags/driven_data_pipeline.py took 0.128 seconds
[2026-06-23T21:28:38.126+0000] {processor.py:186} INFO - Started process (PID=9796) to work on /opt/airflow/dags/driven_data_pipeline.py
[2026-06-23T21:28:38.127+0000] {processor.py:914} INFO - Processing file /opt/airflow/dags/driven_data_pipeline.py for tasks to queue
[2026-06-23T21:28:38.129+0000] {logging_mixin.py:190} INFO - [2026-06-23T21:28:38.129+0000] {dagbag.py:588} INFO - Filling up the DagBag from /opt/airflow/dags/driven_data_pipeline.py
[2026-06-23T21:28:38.224+0000] {processor.py:925} INFO - DAG(s) 'extract_raw_data_pipeline' retrieved from /opt/airflow/dags/driven_data_pipeline.py
[2026-06-23T21:28:38.239+0000] {logging_mixin.py:190} INFO - [2026-06-23T21:28:38.239+0000] {dag.py:3239} INFO - Sync 1 DAGs
[2026-06-23T21:28:38.253+0000] {logging_mixin.py:190} INFO - [2026-06-23T21:28:38.253+0000] {dag.py:4180} INFO - Setting next_dagrun for extract_raw_data_pipeline to 2026-06-23 07:59:00+00:00, run_after=2026-06-24 07:00:00+00:00
[2026-06-23T21:28:38.268+0000] {processor.py:208} INFO - Processing /opt/airflow/dags/driven_data_pipeline.py took 0.146 seconds
[2026-06-23T21:29:08.461+0000] {processor.py:186} INFO - Started process (PID=9804) to work on /opt/airflow/dags/driven_data_pipeline.py
[2026-06-23T21:29:08.462+0000] {processor.py:914} INFO - Processing file /opt/airflow/dags/driven_data_pipeline.py for tasks to queue
[2026-06-23T21:29:08.464+0000] {logging_mixin.py:190} INFO - [2026-06-23T21:29:08.463+0000] {dagbag.py:588} INFO - Filling up the DagBag from /opt/airflow/dags/driven_data_pipeline.py
[2026-06-23T21:29:08.554+0000] {processor.py:925} INFO - DAG(s) 'extract_raw_data_pipeline' retrieved from /opt/airflow/dags/driven_data_pipeline.py
[2026-06-23T21:29:08.570+0000] {logging_mixin.py:190} INFO - [2026-06-23T21:29:08.570+0000] {dag.py:3239} INFO - Sync 1 DAGs
[2026-06-23T21:29:08.584+0000] {logging_mixin.py:190} INFO - [2026-06-23T21:29:08.584+0000] {dag.py:4180} INFO - Setting next_dagrun for extract_raw_data_pipeline to 2026-06-23 07:59:00+00:00, run_after=2026-06-24 07:00:00+00:00
[2026-06-23T21:29:08.601+0000] {processor.py:208} INFO - Processing /opt/airflow/dags/driven_data_pipeline.py took 0.143 seconds
[2026-06-23T21:29:38.939+0000] {processor.py:186} INFO - Started process (PID=9812) to work on /opt/airflow/dags/driven_data_pipeline.py
[2026-06-23T21:29:38.940+0000] {processor.py:914} INFO - Processing file /opt/airflow/dags/driven_data_pipeline.py for tasks to queue
[2026-06-23T21:29:38.942+0000] {logging_mixin.py:190} INFO - [2026-06-23T21:29:38.941+0000] {dagbag.py:588} INFO - Filling up the DagBag from /opt/airflow/dags/driven_data_pipeline.py
[2026-06-23T21:29:39.027+0000] {processor.py:925} INFO - DAG(s) 'extract_raw_data_pipeline' retrieved from /opt/airflow/dags/driven_data_pipeline.py
[2026-06-23T21:29:39.042+0000] {logging_mixin.py:190} INFO - [2026-06-23T21:29:39.041+0000] {dag.py:3239} INFO - Sync 1 DAGs
[2026-06-23T21:29:39.055+0000] {logging_mixin.py:190} INFO - [2026-06-23T21:29:39.055+0000] {dag.py:4180} INFO - Setting next_dagrun for extract_raw_data_pipeline to 2026-06-23 07:59:00+00:00, run_after=2026-06-24 07:00:00+00:00
[2026-06-23T21:29:39.072+0000] {processor.py:208} INFO - Processing /opt/airflow/dags/driven_data_pipeline.py took 0.136 seconds
[2026-06-23T21:30:09.237+0000] {processor.py:186} INFO - Started process (PID=9820) to work on /opt/airflow/dags/driven_data_pipeline.py
[2026-06-23T21:30:09.238+0000] {processor.py:914} INFO - Processing file /opt/airflow/dags/driven_data_pipeline.py for tasks to queue
[2026-06-23T21:30:09.239+0000] {logging_mixin.py:190} INFO - [2026-06-23T21:30:09.239+0000] {dagbag.py:588} INFO - Filling up the DagBag from /opt/airflow/dags/driven_data_pipeline.py
[2026-06-23T21:30:09.322+0000] {processor.py:925} INFO - DAG(s) 'extract_raw_data_pipeline' retrieved from /opt/airflow/dags/driven_data_pipeline.py
[2026-06-23T21:30:09.337+0000] {logging_mixin.py:190} INFO - [2026-06-23T21:30:09.337+0000] {dag.py:3239} INFO - Sync 1 DAGs
[2026-06-23T21:30:09.349+0000] {logging_mixin.py:190} INFO - [2026-06-23T21:30:09.349+0000] {dag.py:4180} INFO - Setting next_dagrun for extract_raw_data_pipeline to 2026-06-23 07:59:00+00:00, run_after=2026-06-24 07:00:00+00:00
[2026-06-23T21:30:09.361+0000] {processor.py:208} INFO - Processing /opt/airflow/dags/driven_data_pipeline.py took 0.128 seconds
[2026-06-23T21:30:39.553+0000] {processor.py:186} INFO - Started process (PID=9828) to work on /opt/airflow/dags/driven_data_pipeline.py
[2026-06-23T21:30:39.554+0000] {processor.py:914} INFO - Processing file /opt/airflow/dags/driven_data_pipeline.py for tasks to queue
[2026-06-23T21:30:39.556+0000] {logging_mixin.py:190} INFO - [2026-06-23T21:30:39.556+0000] {dagbag.py:588} INFO - Filling up the DagBag from /opt/airflow/dags/driven_data_pipeline.py
[2026-06-23T21:30:39.639+0000] {processor.py:925} INFO - DAG(s) 'extract_raw_data_pipeline' retrieved from /opt/airflow/dags/driven_data_pipeline.py
[2026-06-23T21:30:39.655+0000] {logging_mixin.py:190} INFO - [2026-06-23T21:30:39.655+0000] {dag.py:3239} INFO - Sync 1 DAGs
[2026-06-23T21:30:39.669+0000] {logging_mixin.py:190} INFO - [2026-06-23T21:30:39.669+0000] {dag.py:4180} INFO - Setting next_dagrun for extract_raw_data_pipeline to 2026-06-23 07:59:00+00:00, run_after=2026-06-24 07:00:00+00:00
[2026-06-23T21:30:39.683+0000] {processor.py:208} INFO - Processing /opt/airflow/dags/driven_data_pipeline.py took 0.134 seconds
[2026-06-23T21:31:09.894+0000] {processor.py:186} INFO - Started process (PID=9835) to work on /opt/airflow/dags/driven_data_pipeline.py
[2026-06-23T21:31:09.895+0000] {processor.py:914} INFO - Processing file /opt/airflow/dags/driven_data_pipeline.py for tasks to queue
[2026-06-23T21:31:09.897+0000] {logging_mixin.py:190} INFO - [2026-06-23T21:31:09.896+0000] {dagbag.py:588} INFO - Filling up the DagBag from /opt/airflow/dags/driven_data_pipeline.py
[2026-06-23T21:31:09.983+0000] {processor.py:925} INFO - DAG(s) 'extract_raw_data_pipeline' retrieved from /opt/airflow/dags/driven_data_pipeline.py
[2026-06-23T21:31:09.997+0000] {logging_mixin.py:190} INFO - [2026-06-23T21:31:09.997+0000] {dag.py:3239} INFO - Sync 1 DAGs
[2026-06-23T21:31:10.010+0000] {logging_mixin.py:190} INFO - [2026-06-23T21:31:10.010+0000] {dag.py:4180} INFO - Setting next_dagrun for extract_raw_data_pipeline to 2026-06-23 07:59:00+00:00, run_after=2026-06-24 07:00:00+00:00
[2026-06-23T21:31:10.028+0000] {processor.py:208} INFO - Processing /opt/airflow/dags/driven_data_pipeline.py took 0.138 seconds
[2026-06-23T21:31:40.358+0000] {processor.py:186} INFO - Started process (PID=9843) to work on /opt/airflow/dags/driven_data_pipeline.py
[2026-06-23T21:31:40.412+0000] {processor.py:914} INFO - Processing file /opt/airflow/dags/driven_data_pipeline.py for tasks to queue
[2026-06-23T21:31:40.446+0000] {logging_mixin.py:190} INFO - [2026-06-23T21:31:40.446+0000] {dagbag.py:588} INFO - Filling up the DagBag from /opt/airflow/dags/driven_data_pipeline.py
[2026-06-23T21:31:40.717+0000] {processor.py:925} INFO - DAG(s) 'extract_raw_data_pipeline' retrieved from /opt/airflow/dags/driven_data_pipeline.py
[2026-06-23T21:31:40.732+0000] {logging_mixin.py:190} INFO - [2026-06-23T21:31:40.732+0000] {dag.py:3239} INFO - Sync 1 DAGs
[2026-06-23T21:31:40.746+0000] {logging_mixin.py:190} INFO - [2026-06-23T21:31:40.746+0000] {dag.py:4180} INFO - Setting next_dagrun for extract_raw_data_pipeline to 2026-06-23 07:59:00+00:00, run_after=2026-06-24 07:00:00+00:00
[2026-06-23T21:31:40.761+0000] {processor.py:208} INFO - Processing /opt/airflow/dags/driven_data_pipeline.py took 0.411 seconds
[2026-06-23T21:32:11.110+0000] {processor.py:186} INFO - Started process (PID=9851) to work on /opt/airflow/dags/driven_data_pipeline.py
[2026-06-23T21:32:11.111+0000] {processor.py:914} INFO - Processing file /opt/airflow/dags/driven_data_pipeline.py for tasks to queue
[2026-06-23T21:32:11.113+0000] {logging_mixin.py:190} INFO - [2026-06-23T21:32:11.112+0000] {dagbag.py:588} INFO - Filling up the DagBag from /opt/airflow/dags/driven_data_pipeline.py
[2026-06-23T21:32:11.195+0000] {processor.py:925} INFO - DAG(s) 'extract_raw_data_pipeline' retrieved from /opt/airflow/dags/driven_data_pipeline.py
[2026-06-23T21:32:11.210+0000] {logging_mixin.py:190} INFO - [2026-06-23T21:32:11.210+0000] {dag.py:3239} INFO - Sync 1 DAGs
[2026-06-23T21:32:11.223+0000] {logging_mixin.py:190} INFO - [2026-06-23T21:32:11.223+0000] {dag.py:4180} INFO - Setting next_dagrun for extract_raw_data_pipeline to 2026-06-23 07:59:00+00:00, run_after=2026-06-24 07:00:00+00:00
[2026-06-23T21:32:11.246+0000] {processor.py:208} INFO - Processing /opt/airflow/dags/driven_data_pipeline.py took 0.139 seconds
[2026-06-23T21:32:41.390+0000] {processor.py:186} INFO - Started process (PID=9859) to work on /opt/airflow/dags/driven_data_pipeline.py
[2026-06-23T21:32:41.390+0000] {processor.py:914} INFO - Processing file /opt/airflow/dags/driven_data_pipeline.py for tasks to queue
[2026-06-23T21:32:41.392+0000] {logging_mixin.py:190} INFO - [2026-06-23T21:32:41.392+0000] {dagbag.py:588} INFO - Filling up the DagBag from /opt/airflow/dags/driven_data_pipeline.py
[2026-06-23T21:32:41.476+0000] {processor.py:925} INFO - DAG(s) 'extract_raw_data_pipeline' retrieved from /opt/airflow/dags/driven_data_pipeline.py
[2026-06-23T21:32:41.491+0000] {logging_mixin.py:190} INFO - [2026-06-23T21:32:41.491+0000] {dag.py:3239} INFO - Sync 1 DAGs
[2026-06-23T21:32:41.504+0000] {logging_mixin.py:190} INFO - [2026-06-23T21:32:41.504+0000] {dag.py:4180} INFO - Setting next_dagrun for extract_raw_data_pipeline to 2026-06-23 07:59:00+00:00, run_after=2026-06-24 07:00:00+00:00
[2026-06-23T21:32:41.518+0000] {processor.py:208} INFO - Processing /opt/airflow/dags/driven_data_pipeline.py took 0.132 seconds
[2026-06-23T21:33:11.889+0000] {processor.py:186} INFO - Started process (PID=9867) to work on /opt/airflow/dags/driven_data_pipeline.py
[2026-06-23T21:33:11.890+0000] {processor.py:914} INFO - Processing file /opt/airflow/dags/driven_data_pipeline.py for tasks to queue
[2026-06-23T21:33:11.891+0000] {logging_mixin.py:190} INFO - [2026-06-23T21:33:11.891+0000] {dagbag.py:588} INFO - Filling up the DagBag from /opt/airflow/dags/driven_data_pipeline.py
[2026-06-23T21:33:11.967+0000] {processor.py:925} INFO - DAG(s) 'extract_raw_data_pipeline' retrieved from /opt/airflow/dags/driven_data_pipeline.py
[2026-06-23T21:33:11.982+0000] {logging_mixin.py:190} INFO - [2026-06-23T21:33:11.982+0000] {dag.py:3239} INFO - Sync 1 DAGs
[2026-06-23T21:33:11.994+0000] {logging_mixin.py:190} INFO - [2026-06-23T21:33:11.994+0000] {dag.py:4180} INFO - Setting next_dagrun for extract_raw_data_pipeline to 2026-06-23 07:59:00+00:00, run_after=2026-06-24 07:00:00+00:00
[2026-06-23T21:33:12.008+0000] {processor.py:208} INFO - Processing /opt/airflow/dags/driven_data_pipeline.py took 0.122 seconds
[2026-06-23T21:33:42.255+0000] {processor.py:186} INFO - Started process (PID=9874) to work on /opt/airflow/dags/driven_data_pipeline.py
[2026-06-23T21:33:42.256+0000] {processor.py:914} INFO - Processing file /opt/airflow/dags/driven_data_pipeline.py for tasks to queue
[2026-06-23T21:33:42.257+0000] {logging_mixin.py:190} INFO - [2026-06-23T21:33:42.257+0000] {dagbag.py:588} INFO - Filling up the DagBag from /opt/airflow/dags/driven_data_pipeline.py
[2026-06-23T21:33:42.349+0000] {processor.py:925} INFO - DAG(s) 'extract_raw_data_pipeline' retrieved from /opt/airflow/dags/driven_data_pipeline.py
[2026-06-23T21:33:42.364+0000] {logging_mixin.py:190} INFO - [2026-06-23T21:33:42.364+0000] {dag.py:3239} INFO - Sync 1 DAGs
[2026-06-23T21:33:42.378+0000] {logging_mixin.py:190} INFO - [2026-06-23T21:33:42.378+0000] {dag.py:4180} INFO - Setting next_dagrun for extract_raw_data_pipeline to 2026-06-23 07:59:00+00:00, run_after=2026-06-24 07:00:00+00:00
[2026-06-23T21:33:42.394+0000] {processor.py:208} INFO - Processing /opt/airflow/dags/driven_data_pipeline.py took 0.143 seconds
[2026-06-23T21:34:12.589+0000] {processor.py:186} INFO - Started process (PID=9882) to work on /opt/airflow/dags/driven_data_pipeline.py
[2026-06-23T21:34:12.590+0000] {processor.py:914} INFO - Processing file /opt/airflow/dags/driven_data_pipeline.py for tasks to queue
[2026-06-23T21:34:12.592+0000] {logging_mixin.py:190} INFO - [2026-06-23T21:34:12.591+0000] {dagbag.py:588} INFO - Filling up the DagBag from /opt/airflow/dags/driven_data_pipeline.py
[2026-06-23T21:34:12.828+0000] {processor.py:925} INFO - DAG(s) 'extract_raw_data_pipeline' retrieved from /opt/airflow/dags/driven_data_pipeline.py
[2026-06-23T21:34:12.846+0000] {logging_mixin.py:190} INFO - [2026-06-23T21:34:12.846+0000] {dag.py:3239} INFO - Sync 1 DAGs
[2026-06-23T21:34:12.859+0000] {logging_mixin.py:190} INFO - [2026-06-23T21:34:12.859+0000] {dag.py:4180} INFO - Setting next_dagrun for extract_raw_data_pipeline to 2026-06-23 07:59:00+00:00, run_after=2026-06-24 07:00:00+00:00
[2026-06-23T21:34:12.871+0000] {processor.py:208} INFO - Processing /opt/airflow/dags/driven_data_pipeline.py took 0.286 seconds
[2026-06-23T21:34:42.922+0000] {processor.py:186} INFO - Started process (PID=9889) to work on /opt/airflow/dags/driven_data_pipeline.py
[2026-06-23T21:34:42.923+0000] {processor.py:914} INFO - Processing file /opt/airflow/dags/driven_data_pipeline.py for tasks to queue
[2026-06-23T21:34:42.927+0000] {logging_mixin.py:190} INFO - [2026-06-23T21:34:42.927+0000] {dagbag.py:588} INFO - Filling up the DagBag from /opt/airflow/dags/driven_data_pipeline.py
[2026-06-23T21:34:43.028+0000] {processor.py:925} INFO - DAG(s) 'extract_raw_data_pipeline' retrieved from /opt/airflow/dags/driven_data_pipeline.py
[2026-06-23T21:34:43.043+0000] {logging_mixin.py:190} INFO - [2026-06-23T21:34:43.043+0000] {dag.py:3239} INFO - Sync 1 DAGs
[2026-06-23T21:34:43.055+0000] {logging_mixin.py:190} INFO - [2026-06-23T21:34:43.055+0000] {dag.py:4180} INFO - Setting next_dagrun for extract_raw_data_pipeline to 2026-06-23 07:59:00+00:00, run_after=2026-06-24 07:00:00+00:00
[2026-06-23T21:34:43.072+0000] {processor.py:208} INFO - Processing /opt/airflow/dags/driven_data_pipeline.py took 0.154 seconds
[2026-06-23T21:35:13.279+0000] {processor.py:186} INFO - Started process (PID=9897) to work on /opt/airflow/dags/driven_data_pipeline.py
[2026-06-23T21:35:13.280+0000] {processor.py:914} INFO - Processing file /opt/airflow/dags/driven_data_pipeline.py for tasks to queue
[2026-06-23T21:35:13.282+0000] {logging_mixin.py:190} INFO - [2026-06-23T21:35:13.281+0000] {dagbag.py:588} INFO - Filling up the DagBag from /opt/airflow/dags/driven_data_pipeline.py
[2026-06-23T21:35:13.366+0000] {processor.py:925} INFO - DAG(s) 'extract_raw_data_pipeline' retrieved from /opt/airflow/dags/driven_data_pipeline.py
[2026-06-23T21:35:13.382+0000] {logging_mixin.py:190} INFO - [2026-06-23T21:35:13.381+0000] {dag.py:3239} INFO - Sync 1 DAGs
[2026-06-23T21:35:13.394+0000] {logging_mixin.py:190} INFO - [2026-06-23T21:35:13.394+0000] {dag.py:4180} INFO - Setting next_dagrun for extract_raw_data_pipeline to 2026-06-23 07:59:00+00:00, run_after=2026-06-24 07:00:00+00:00
[2026-06-23T21:35:13.407+0000] {processor.py:208} INFO - Processing /opt/airflow/dags/driven_data_pipeline.py took 0.131 seconds
[2026-06-23T21:35:43.725+0000] {processor.py:186} INFO - Started process (PID=9905) to work on /opt/airflow/dags/driven_data_pipeline.py
[2026-06-23T21:35:43.726+0000] {processor.py:914} INFO - Processing file /opt/airflow/dags/driven_data_pipeline.py for tasks to queue
[2026-06-23T21:35:43.727+0000] {logging_mixin.py:190} INFO - [2026-06-23T21:35:43.727+0000] {dagbag.py:588} INFO - Filling up the DagBag from /opt/airflow/dags/driven_data_pipeline.py
[2026-06-23T21:35:43.809+0000] {processor.py:925} INFO - DAG(s) 'extract_raw_data_pipeline' retrieved from /opt/airflow/dags/driven_data_pipeline.py
[2026-06-23T21:35:43.824+0000] {logging_mixin.py:190} INFO - [2026-06-23T21:35:43.824+0000] {dag.py:3239} INFO - Sync 1 DAGs
[2026-06-23T21:35:43.837+0000] {logging_mixin.py:190} INFO - [2026-06-23T21:35:43.837+0000] {dag.py:4180} INFO - Setting next_dagrun for extract_raw_data_pipeline to 2026-06-23 07:59:00+00:00, run_after=2026-06-24 07:00:00+00:00
[2026-06-23T21:35:43.849+0000] {processor.py:208} INFO - Processing /opt/airflow/dags/driven_data_pipeline.py took 0.127 seconds
[2026-06-23T21:36:14.084+0000] {processor.py:186} INFO - Started process (PID=9913) to work on /opt/airflow/dags/driven_data_pipeline.py
[2026-06-23T21:36:14.085+0000] {processor.py:914} INFO - Processing file /opt/airflow/dags/driven_data_pipeline.py for tasks to queue
[2026-06-23T21:36:14.086+0000] {logging_mixin.py:190} INFO - [2026-06-23T21:36:14.086+0000] {dagbag.py:588} INFO - Filling up the DagBag from /opt/airflow/dags/driven_data_pipeline.py
[2026-06-23T21:36:14.169+0000] {processor.py:925} INFO - DAG(s) 'extract_raw_data_pipeline' retrieved from /opt/airflow/dags/driven_data_pipeline.py
[2026-06-23T21:36:14.184+0000] {logging_mixin.py:190} INFO - [2026-06-23T21:36:14.184+0000] {dag.py:3239} INFO - Sync 1 DAGs
[2026-06-23T21:36:14.196+0000] {logging_mixin.py:190} INFO - [2026-06-23T21:36:14.196+0000] {dag.py:4180} INFO - Setting next_dagrun for extract_raw_data_pipeline to 2026-06-23 07:59:00+00:00, run_after=2026-06-24 07:00:00+00:00
[2026-06-23T21:36:14.211+0000] {processor.py:208} INFO - Processing /opt/airflow/dags/driven_data_pipeline.py took 0.131 seconds
[2026-06-23T21:36:44.705+0000] {processor.py:186} INFO - Started process (PID=9921) to work on /opt/airflow/dags/driven_data_pipeline.py
[2026-06-23T21:36:44.707+0000] {processor.py:914} INFO - Processing file /opt/airflow/dags/driven_data_pipeline.py for tasks to queue
[2026-06-23T21:36:44.709+0000] {logging_mixin.py:190} INFO - [2026-06-23T21:36:44.709+0000] {dagbag.py:588} INFO - Filling up the DagBag from /opt/airflow/dags/driven_data_pipeline.py
[2026-06-23T21:36:44.792+0000] {processor.py:925} INFO - DAG(s) 'extract_raw_data_pipeline' retrieved from /opt/airflow/dags/driven_data_pipeline.py
[2026-06-23T21:36:44.806+0000] {logging_mixin.py:190} INFO - [2026-06-23T21:36:44.806+0000] {dag.py:3239} INFO - Sync 1 DAGs
[2026-06-23T21:36:44.819+0000] {logging_mixin.py:190} INFO - [2026-06-23T21:36:44.819+0000] {dag.py:4180} INFO - Setting next_dagrun for extract_raw_data_pipeline to 2026-06-23 07:59:00+00:00, run_after=2026-06-24 07:00:00+00:00
[2026-06-23T21:36:44.832+0000] {processor.py:208} INFO - Processing /opt/airflow/dags/driven_data_pipeline.py took 0.135 seconds
[2026-06-23T21:37:15.178+0000] {processor.py:186} INFO - Started process (PID=9929) to work on /opt/airflow/dags/driven_data_pipeline.py
[2026-06-23T21:37:15.178+0000] {processor.py:914} INFO - Processing file /opt/airflow/dags/driven_data_pipeline.py for tasks to queue
[2026-06-23T21:37:15.180+0000] {logging_mixin.py:190} INFO - [2026-06-23T21:37:15.180+0000] {dagbag.py:588} INFO - Filling up the DagBag from /opt/airflow/dags/driven_data_pipeline.py
[2026-06-23T21:37:15.267+0000] {processor.py:925} INFO - DAG(s) 'extract_raw_data_pipeline' retrieved from /opt/airflow/dags/driven_data_pipeline.py
[2026-06-23T21:37:15.283+0000] {logging_mixin.py:190} INFO - [2026-06-23T21:37:15.283+0000] {dag.py:3239} INFO - Sync 1 DAGs
[2026-06-23T21:37:15.298+0000] {logging_mixin.py:190} INFO - [2026-06-23T21:37:15.298+0000] {dag.py:4180} INFO - Setting next_dagrun for extract_raw_data_pipeline to 2026-06-23 07:59:00+00:00, run_after=2026-06-24 07:00:00+00:00
[2026-06-23T21:37:15.316+0000] {processor.py:208} INFO - Processing /opt/airflow/dags/driven_data_pipeline.py took 0.142 seconds
[2026-06-23T21:37:45.449+0000] {processor.py:186} INFO - Started process (PID=9937) to work on /opt/airflow/dags/driven_data_pipeline.py
[2026-06-23T21:37:45.449+0000] {processor.py:914} INFO - Processing file /opt/airflow/dags/driven_data_pipeline.py for tasks to queue
[2026-06-23T21:37:45.451+0000] {logging_mixin.py:190} INFO - [2026-06-23T21:37:45.451+0000] {dagbag.py:588} INFO - Filling up the DagBag from /opt/airflow/dags/driven_data_pipeline.py
[2026-06-23T21:37:45.532+0000] {processor.py:925} INFO - DAG(s) 'extract_raw_data_pipeline' retrieved from /opt/airflow/dags/driven_data_pipeline.py
[2026-06-23T21:37:45.547+0000] {logging_mixin.py:190} INFO - [2026-06-23T21:37:45.547+0000] {dag.py:3239} INFO - Sync 1 DAGs
[2026-06-23T21:37:45.560+0000] {logging_mixin.py:190} INFO - [2026-06-23T21:37:45.560+0000] {dag.py:4180} INFO - Setting next_dagrun for extract_raw_data_pipeline to 2026-06-23 07:59:00+00:00, run_after=2026-06-24 07:00:00+00:00
[2026-06-23T21:37:45.573+0000] {processor.py:208} INFO - Processing /opt/airflow/dags/driven_data_pipeline.py took 0.128 seconds
[2026-06-23T21:38:15.750+0000] {processor.py:186} INFO - Started process (PID=9945) to work on /opt/airflow/dags/driven_data_pipeline.py
[2026-06-23T21:38:15.751+0000] {processor.py:914} INFO - Processing file /opt/airflow/dags/driven_data_pipeline.py for tasks to queue
[2026-06-23T21:38:15.752+0000] {logging_mixin.py:190} INFO - [2026-06-23T21:38:15.752+0000] {dagbag.py:588} INFO - Filling up the DagBag from /opt/airflow/dags/driven_data_pipeline.py
[2026-06-23T21:38:15.841+0000] {processor.py:925} INFO - DAG(s) 'extract_raw_data_pipeline' retrieved from /opt/airflow/dags/driven_data_pipeline.py
[2026-06-23T21:38:15.859+0000] {logging_mixin.py:190} INFO - [2026-06-23T21:38:15.859+0000] {dag.py:3239} INFO - Sync 1 DAGs
[2026-06-23T21:38:15.872+0000] {logging_mixin.py:190} INFO - [2026-06-23T21:38:15.872+0000] {dag.py:4180} INFO - Setting next_dagrun for extract_raw_data_pipeline to 2026-06-23 07:59:00+00:00, run_after=2026-06-24 07:00:00+00:00
[2026-06-23T21:38:15.886+0000] {processor.py:208} INFO - Processing /opt/airflow/dags/driven_data_pipeline.py took 0.140 seconds
[2026-06-23T21:38:46.021+0000] {processor.py:186} INFO - Started process (PID=9953) to work on /opt/airflow/dags/driven_data_pipeline.py
[2026-06-23T21:38:46.022+0000] {processor.py:914} INFO - Processing file /opt/airflow/dags/driven_data_pipeline.py for tasks to queue
[2026-06-23T21:38:46.024+0000] {logging_mixin.py:190} INFO - [2026-06-23T21:38:46.024+0000] {dagbag.py:588} INFO - Filling up the DagBag from /opt/airflow/dags/driven_data_pipeline.py
[2026-06-23T21:38:46.116+0000] {processor.py:925} INFO - DAG(s) 'extract_raw_data_pipeline' retrieved from /opt/airflow/dags/driven_data_pipeline.py
[2026-06-23T21:38:46.133+0000] {logging_mixin.py:190} INFO - [2026-06-23T21:38:46.132+0000] {dag.py:3239} INFO - Sync 1 DAGs
[2026-06-23T21:38:46.147+0000] {logging_mixin.py:190} INFO - [2026-06-23T21:38:46.147+0000] {dag.py:4180} INFO - Setting next_dagrun for extract_raw_data_pipeline to 2026-06-23 07:59:00+00:00, run_after=2026-06-24 07:00:00+00:00
[2026-06-23T21:38:46.161+0000] {processor.py:208} INFO - Processing /opt/airflow/dags/driven_data_pipeline.py took 0.144 seconds
[2026-06-23T21:39:16.474+0000] {processor.py:186} INFO - Started process (PID=9960) to work on /opt/airflow/dags/driven_data_pipeline.py
[2026-06-23T21:39:16.475+0000] {processor.py:914} INFO - Processing file /opt/airflow/dags/driven_data_pipeline.py for tasks to queue
[2026-06-23T21:39:16.477+0000] {logging_mixin.py:190} INFO - [2026-06-23T21:39:16.476+0000] {dagbag.py:588} INFO - Filling up the DagBag from /opt/airflow/dags/driven_data_pipeline.py
[2026-06-23T21:39:16.593+0000] {processor.py:925} INFO - DAG(s) 'extract_raw_data_pipeline' retrieved from /opt/airflow/dags/driven_data_pipeline.py
[2026-06-23T21:39:16.606+0000] {logging_mixin.py:190} INFO - [2026-06-23T21:39:16.606+0000] {dag.py:3239} INFO - Sync 1 DAGs
[2026-06-23T21:39:16.618+0000] {logging_mixin.py:190} INFO - [2026-06-23T21:39:16.618+0000] {dag.py:4180} INFO - Setting next_dagrun for extract_raw_data_pipeline to 2026-06-23 07:59:00+00:00, run_after=2026-06-24 07:00:00+00:00
[2026-06-23T21:39:16.631+0000] {processor.py:208} INFO - Processing /opt/airflow/dags/driven_data_pipeline.py took 0.161 seconds
[2026-06-23T21:39:46.715+0000] {processor.py:186} INFO - Started process (PID=9968) to work on /opt/airflow/dags/driven_data_pipeline.py
[2026-06-23T21:39:46.715+0000] {processor.py:914} INFO - Processing file /opt/airflow/dags/driven_data_pipeline.py for tasks to queue
[2026-06-23T21:39:46.717+0000] {logging_mixin.py:190} INFO - [2026-06-23T21:39:46.717+0000] {dagbag.py:588} INFO - Filling up the DagBag from /opt/airflow/dags/driven_data_pipeline.py
[2026-06-23T21:39:46.812+0000] {processor.py:925} INFO - DAG(s) 'extract_raw_data_pipeline' retrieved from /opt/airflow/dags/driven_data_pipeline.py
[2026-06-23T21:39:46.831+0000] {logging_mixin.py:190} INFO - [2026-06-23T21:39:46.831+0000] {dag.py:3239} INFO - Sync 1 DAGs
[2026-06-23T21:39:46.846+0000] {logging_mixin.py:190} INFO - [2026-06-23T21:39:46.846+0000] {dag.py:4180} INFO - Setting next_dagrun for extract_raw_data_pipeline to 2026-06-23 07:59:00+00:00, run_after=2026-06-24 07:00:00+00:00
[2026-06-23T21:39:46.860+0000] {processor.py:208} INFO - Processing /opt/airflow/dags/driven_data_pipeline.py took 0.150 seconds
[2026-06-23T21:40:16.958+0000] {processor.py:186} INFO - Started process (PID=9976) to work on /opt/airflow/dags/driven_data_pipeline.py
[2026-06-23T21:40:16.959+0000] {processor.py:914} INFO - Processing file /opt/airflow/dags/driven_data_pipeline.py for tasks to queue
[2026-06-23T21:40:16.961+0000] {logging_mixin.py:190} INFO - [2026-06-23T21:40:16.960+0000] {dagbag.py:588} INFO - Filling up the DagBag from /opt/airflow/dags/driven_data_pipeline.py
[2026-06-23T21:40:17.060+0000] {processor.py:925} INFO - DAG(s) 'extract_raw_data_pipeline' retrieved from /opt/airflow/dags/driven_data_pipeline.py
[2026-06-23T21:40:17.077+0000] {logging_mixin.py:190} INFO - [2026-06-23T21:40:17.077+0000] {dag.py:3239} INFO - Sync 1 DAGs
[2026-06-23T21:40:17.090+0000] {logging_mixin.py:190} INFO - [2026-06-23T21:40:17.090+0000] {dag.py:4180} INFO - Setting next_dagrun for extract_raw_data_pipeline to 2026-06-23 07:59:00+00:00, run_after=2026-06-24 07:00:00+00:00
[2026-06-23T21:40:17.109+0000] {processor.py:208} INFO - Processing /opt/airflow/dags/driven_data_pipeline.py took 0.155 seconds
[2026-06-23T21:40:47.459+0000] {processor.py:186} INFO - Started process (PID=9984) to work on /opt/airflow/dags/driven_data_pipeline.py
[2026-06-23T21:40:47.460+0000] {processor.py:914} INFO - Processing file /opt/airflow/dags/driven_data_pipeline.py for tasks to queue
[2026-06-23T21:40:47.462+0000] {logging_mixin.py:190} INFO - [2026-06-23T21:40:47.462+0000] {dagbag.py:588} INFO - Filling up the DagBag from /opt/airflow/dags/driven_data_pipeline.py
[2026-06-23T21:40:47.548+0000] {processor.py:925} INFO - DAG(s) 'extract_raw_data_pipeline' retrieved from /opt/airflow/dags/driven_data_pipeline.py
[2026-06-23T21:40:47.563+0000] {logging_mixin.py:190} INFO - [2026-06-23T21:40:47.563+0000] {dag.py:3239} INFO - Sync 1 DAGs
[2026-06-23T21:40:47.575+0000] {logging_mixin.py:190} INFO - [2026-06-23T21:40:47.575+0000] {dag.py:4180} INFO - Setting next_dagrun for extract_raw_data_pipeline to 2026-06-23 07:59:00+00:00, run_after=2026-06-24 07:00:00+00:00
[2026-06-23T21:40:47.588+0000] {processor.py:208} INFO - Processing /opt/airflow/dags/driven_data_pipeline.py took 0.133 seconds
[2026-06-23T21:41:17.772+0000] {processor.py:186} INFO - Started process (PID=9992) to work on /opt/airflow/dags/driven_data_pipeline.py
[2026-06-23T21:41:17.773+0000] {processor.py:914} INFO - Processing file /opt/airflow/dags/driven_data_pipeline.py for tasks to queue
[2026-06-23T21:41:17.774+0000] {logging_mixin.py:190} INFO - [2026-06-23T21:41:17.774+0000] {dagbag.py:588} INFO - Filling up the DagBag from /opt/airflow/dags/driven_data_pipeline.py
[2026-06-23T21:41:17.857+0000] {processor.py:925} INFO - DAG(s) 'extract_raw_data_pipeline' retrieved from /opt/airflow/dags/driven_data_pipeline.py
[2026-06-23T21:41:17.872+0000] {logging_mixin.py:190} INFO - [2026-06-23T21:41:17.872+0000] {dag.py:3239} INFO - Sync 1 DAGs
[2026-06-23T21:41:17.884+0000] {logging_mixin.py:190} INFO - [2026-06-23T21:41:17.884+0000] {dag.py:4180} INFO - Setting next_dagrun for extract_raw_data_pipeline to 2026-06-23 07:59:00+00:00, run_after=2026-06-24 07:00:00+00:00
[2026-06-23T21:41:17.898+0000] {processor.py:208} INFO - Processing /opt/airflow/dags/driven_data_pipeline.py took 0.129 seconds
[2026-06-23T21:41:48.233+0000] {processor.py:186} INFO - Started process (PID=10000) to work on /opt/airflow/dags/driven_data_pipeline.py
[2026-06-23T21:41:48.234+0000] {processor.py:914} INFO - Processing file /opt/airflow/dags/driven_data_pipeline.py for tasks to queue
[2026-06-23T21:41:48.236+0000] {logging_mixin.py:190} INFO - [2026-06-23T21:41:48.235+0000] {dagbag.py:588} INFO - Filling up the DagBag from /opt/airflow/dags/driven_data_pipeline.py
[2026-06-23T21:41:48.319+0000] {processor.py:925} INFO - DAG(s) 'extract_raw_data_pipeline' retrieved from /opt/airflow/dags/driven_data_pipeline.py
[2026-06-23T21:41:48.333+0000] {logging_mixin.py:190} INFO - [2026-06-23T21:41:48.333+0000] {dag.py:3239} INFO - Sync 1 DAGs
[2026-06-23T21:41:48.346+0000] {logging_mixin.py:190} INFO - [2026-06-23T21:41:48.346+0000] {dag.py:4180} INFO - Setting next_dagrun for extract_raw_data_pipeline to 2026-06-23 07:59:00+00:00, run_after=2026-06-24 07:00:00+00:00
[2026-06-23T21:41:48.360+0000] {processor.py:208} INFO - Processing /opt/airflow/dags/driven_data_pipeline.py took 0.130 seconds
[2026-06-23T21:42:18.709+0000] {processor.py:186} INFO - Started process (PID=10008) to work on /opt/airflow/dags/driven_data_pipeline.py
[2026-06-23T21:42:18.710+0000] {processor.py:914} INFO - Processing file /opt/airflow/dags/driven_data_pipeline.py for tasks to queue
[2026-06-23T21:42:18.712+0000] {logging_mixin.py:190} INFO - [2026-06-23T21:42:18.712+0000] {dagbag.py:588} INFO - Filling up the DagBag from /opt/airflow/dags/driven_data_pipeline.py
[2026-06-23T21:42:18.804+0000] {processor.py:925} INFO - DAG(s) 'extract_raw_data_pipeline' retrieved from /opt/airflow/dags/driven_data_pipeline.py
[2026-06-23T21:42:18.823+0000] {logging_mixin.py:190} INFO - [2026-06-23T21:42:18.823+0000] {dag.py:3239} INFO - Sync 1 DAGs
[2026-06-23T21:42:18.836+0000] {logging_mixin.py:190} INFO - [2026-06-23T21:42:18.836+0000] {dag.py:4180} INFO - Setting next_dagrun for extract_raw_data_pipeline to 2026-06-23 07:59:00+00:00, run_after=2026-06-24 07:00:00+00:00
[2026-06-23T21:42:18.849+0000] {processor.py:208} INFO - Processing /opt/airflow/dags/driven_data_pipeline.py took 0.143 seconds
[2026-06-23T21:42:49.027+0000] {processor.py:186} INFO - Started process (PID=10016) to work on /opt/airflow/dags/driven_data_pipeline.py
[2026-06-23T21:42:49.028+0000] {processor.py:914} INFO - Processing file /opt/airflow/dags/driven_data_pipeline.py for tasks to queue
[2026-06-23T21:42:49.030+0000] {logging_mixin.py:190} INFO - [2026-06-23T21:42:49.030+0000] {dagbag.py:588} INFO - Filling up the DagBag from /opt/airflow/dags/driven_data_pipeline.py
[2026-06-23T21:42:49.127+0000] {processor.py:925} INFO - DAG(s) 'extract_raw_data_pipeline' retrieved from /opt/airflow/dags/driven_data_pipeline.py
[2026-06-23T21:42:49.143+0000] {logging_mixin.py:190} INFO - [2026-06-23T21:42:49.142+0000] {dag.py:3239} INFO - Sync 1 DAGs
[2026-06-23T21:42:49.156+0000] {logging_mixin.py:190} INFO - [2026-06-23T21:42:49.156+0000] {dag.py:4180} INFO - Setting next_dagrun for extract_raw_data_pipeline to 2026-06-23 07:59:00+00:00, run_after=2026-06-24 07:00:00+00:00
[2026-06-23T21:42:49.172+0000] {processor.py:208} INFO - Processing /opt/airflow/dags/driven_data_pipeline.py took 0.149 seconds
[2026-06-23T21:43:19.538+0000] {processor.py:186} INFO - Started process (PID=10024) to work on /opt/airflow/dags/driven_data_pipeline.py
[2026-06-23T21:43:19.539+0000] {processor.py:914} INFO - Processing file /opt/airflow/dags/driven_data_pipeline.py for tasks to queue
[2026-06-23T21:43:19.541+0000] {logging_mixin.py:190} INFO - [2026-06-23T21:43:19.541+0000] {dagbag.py:588} INFO - Filling up the DagBag from /opt/airflow/dags/driven_data_pipeline.py
[2026-06-23T21:43:19.636+0000] {processor.py:925} INFO - DAG(s) 'extract_raw_data_pipeline' retrieved from /opt/airflow/dags/driven_data_pipeline.py
[2026-06-23T21:43:19.652+0000] {logging_mixin.py:190} INFO - [2026-06-23T21:43:19.652+0000] {dag.py:3239} INFO - Sync 1 DAGs
[2026-06-23T21:43:19.666+0000] {logging_mixin.py:190} INFO - [2026-06-23T21:43:19.666+0000] {dag.py:4180} INFO - Setting next_dagrun for extract_raw_data_pipeline to 2026-06-23 07:59:00+00:00, run_after=2026-06-24 07:00:00+00:00
[2026-06-23T21:43:19.681+0000] {processor.py:208} INFO - Processing /opt/airflow/dags/driven_data_pipeline.py took 0.146 seconds
[2026-06-23T21:43:49.860+0000] {processor.py:186} INFO - Started process (PID=10032) to work on /opt/airflow/dags/driven_data_pipeline.py
[2026-06-23T21:43:49.860+0000] {processor.py:914} INFO - Processing file /opt/airflow/dags/driven_data_pipeline.py for tasks to queue
[2026-06-23T21:43:49.862+0000] {logging_mixin.py:190} INFO - [2026-06-23T21:43:49.862+0000] {dagbag.py:588} INFO - Filling up the DagBag from /opt/airflow/dags/driven_data_pipeline.py
[2026-06-23T21:43:49.944+0000] {processor.py:925} INFO - DAG(s) 'extract_raw_data_pipeline' retrieved from /opt/airflow/dags/driven_data_pipeline.py
[2026-06-23T21:43:49.957+0000] {logging_mixin.py:190} INFO - [2026-06-23T21:43:49.957+0000] {dag.py:3239} INFO - Sync 1 DAGs
[2026-06-23T21:43:49.970+0000] {logging_mixin.py:190} INFO - [2026-06-23T21:43:49.970+0000] {dag.py:4180} INFO - Setting next_dagrun for extract_raw_data_pipeline to 2026-06-23 07:59:00+00:00, run_after=2026-06-24 07:00:00+00:00
[2026-06-23T21:43:49.982+0000] {processor.py:208} INFO - Processing /opt/airflow/dags/driven_data_pipeline.py took 0.126 seconds
[2026-06-23T21:44:20.300+0000] {processor.py:186} INFO - Started process (PID=10040) to work on /opt/airflow/dags/driven_data_pipeline.py
[2026-06-23T21:44:20.301+0000] {processor.py:914} INFO - Processing file /opt/airflow/dags/driven_data_pipeline.py for tasks to queue
[2026-06-23T21:44:20.302+0000] {logging_mixin.py:190} INFO - [2026-06-23T21:44:20.302+0000] {dagbag.py:588} INFO - Filling up the DagBag from /opt/airflow/dags/driven_data_pipeline.py
[2026-06-23T21:44:20.387+0000] {processor.py:925} INFO - DAG(s) 'extract_raw_data_pipeline' retrieved from /opt/airflow/dags/driven_data_pipeline.py
[2026-06-23T21:44:20.402+0000] {logging_mixin.py:190} INFO - [2026-06-23T21:44:20.402+0000] {dag.py:3239} INFO - Sync 1 DAGs
[2026-06-23T21:44:20.414+0000] {logging_mixin.py:190} INFO - [2026-06-23T21:44:20.414+0000] {dag.py:4180} INFO - Setting next_dagrun for extract_raw_data_pipeline to 2026-06-23 07:59:00+00:00, run_after=2026-06-24 07:00:00+00:00
[2026-06-23T21:44:20.427+0000] {processor.py:208} INFO - Processing /opt/airflow/dags/driven_data_pipeline.py took 0.131 seconds
[2026-06-23T21:44:50.656+0000] {processor.py:186} INFO - Started process (PID=10048) to work on /opt/airflow/dags/driven_data_pipeline.py
[2026-06-23T21:44:50.657+0000] {processor.py:914} INFO - Processing file /opt/airflow/dags/driven_data_pipeline.py for tasks to queue
[2026-06-23T21:44:50.659+0000] {logging_mixin.py:190} INFO - [2026-06-23T21:44:50.659+0000] {dagbag.py:588} INFO - Filling up the DagBag from /opt/airflow/dags/driven_data_pipeline.py
[2026-06-23T21:44:50.740+0000] {processor.py:925} INFO - DAG(s) 'extract_raw_data_pipeline' retrieved from /opt/airflow/dags/driven_data_pipeline.py
[2026-06-23T21:44:50.754+0000] {logging_mixin.py:190} INFO - [2026-06-23T21:44:50.754+0000] {dag.py:3239} INFO - Sync 1 DAGs
[2026-06-23T21:44:50.766+0000] {logging_mixin.py:190} INFO - [2026-06-23T21:44:50.766+0000] {dag.py:4180} INFO - Setting next_dagrun for extract_raw_data_pipeline to 2026-06-23 07:59:00+00:00, run_after=2026-06-24 07:00:00+00:00
[2026-06-23T21:44:50.778+0000] {processor.py:208} INFO - Processing /opt/airflow/dags/driven_data_pipeline.py took 0.125 seconds
[2026-06-23T21:45:20.894+0000] {processor.py:186} INFO - Started process (PID=10056) to work on /opt/airflow/dags/driven_data_pipeline.py
[2026-06-23T21:45:20.894+0000] {processor.py:914} INFO - Processing file /opt/airflow/dags/driven_data_pipeline.py for tasks to queue
[2026-06-23T21:45:20.896+0000] {logging_mixin.py:190} INFO - [2026-06-23T21:45:20.896+0000] {dagbag.py:588} INFO - Filling up the DagBag from /opt/airflow/dags/driven_data_pipeline.py
[2026-06-23T21:45:20.978+0000] {processor.py:925} INFO - DAG(s) 'extract_raw_data_pipeline' retrieved from /opt/airflow/dags/driven_data_pipeline.py
[2026-06-23T21:45:20.993+0000] {logging_mixin.py:190} INFO - [2026-06-23T21:45:20.993+0000] {dag.py:3239} INFO - Sync 1 DAGs
[2026-06-23T21:45:21.005+0000] {logging_mixin.py:190} INFO - [2026-06-23T21:45:21.005+0000] {dag.py:4180} INFO - Setting next_dagrun for extract_raw_data_pipeline to 2026-06-23 07:59:00+00:00, run_after=2026-06-24 07:00:00+00:00
[2026-06-23T21:45:21.019+0000] {processor.py:208} INFO - Processing /opt/airflow/dags/driven_data_pipeline.py took 0.129 seconds
[2026-06-23T21:45:51.151+0000] {processor.py:186} INFO - Started process (PID=10064) to work on /opt/airflow/dags/driven_data_pipeline.py
[2026-06-23T21:45:51.152+0000] {processor.py:914} INFO - Processing file /opt/airflow/dags/driven_data_pipeline.py for tasks to queue
[2026-06-23T21:45:51.154+0000] {logging_mixin.py:190} INFO - [2026-06-23T21:45:51.153+0000] {dagbag.py:588} INFO - Filling up the DagBag from /opt/airflow/dags/driven_data_pipeline.py
[2026-06-23T21:45:51.234+0000] {processor.py:925} INFO - DAG(s) 'extract_raw_data_pipeline' retrieved from /opt/airflow/dags/driven_data_pipeline.py
[2026-06-23T21:45:51.248+0000] {logging_mixin.py:190} INFO - [2026-06-23T21:45:51.248+0000] {dag.py:3239} INFO - Sync 1 DAGs
[2026-06-23T21:45:51.260+0000] {logging_mixin.py:190} INFO - [2026-06-23T21:45:51.260+0000] {dag.py:4180} INFO - Setting next_dagrun for extract_raw_data_pipeline to 2026-06-23 07:59:00+00:00, run_after=2026-06-24 07:00:00+00:00
[2026-06-23T21:45:51.272+0000] {processor.py:208} INFO - Processing /opt/airflow/dags/driven_data_pipeline.py took 0.124 seconds
[2026-06-23T21:46:21.471+0000] {processor.py:186} INFO - Started process (PID=10072) to work on /opt/airflow/dags/driven_data_pipeline.py
[2026-06-23T21:46:21.472+0000] {processor.py:914} INFO - Processing file /opt/airflow/dags/driven_data_pipeline.py for tasks to queue
[2026-06-23T21:46:21.474+0000] {logging_mixin.py:190} INFO - [2026-06-23T21:46:21.473+0000] {dagbag.py:588} INFO - Filling up the DagBag from /opt/airflow/dags/driven_data_pipeline.py
[2026-06-23T21:46:21.556+0000] {processor.py:925} INFO - DAG(s) 'extract_raw_data_pipeline' retrieved from /opt/airflow/dags/driven_data_pipeline.py
[2026-06-23T21:46:21.571+0000] {logging_mixin.py:190} INFO - [2026-06-23T21:46:21.570+0000] {dag.py:3239} INFO - Sync 1 DAGs
[2026-06-23T21:46:21.583+0000] {logging_mixin.py:190} INFO - [2026-06-23T21:46:21.583+0000] {dag.py:4180} INFO - Setting next_dagrun for extract_raw_data_pipeline to 2026-06-23 07:59:00+00:00, run_after=2026-06-24 07:00:00+00:00
[2026-06-23T21:46:21.597+0000] {processor.py:208} INFO - Processing /opt/airflow/dags/driven_data_pipeline.py took 0.129 seconds
[2026-06-23T21:46:51.900+0000] {processor.py:186} INFO - Started process (PID=10080) to work on /opt/airflow/dags/driven_data_pipeline.py
[2026-06-23T21:46:51.901+0000] {processor.py:914} INFO - Processing file /opt/airflow/dags/driven_data_pipeline.py for tasks to queue
[2026-06-23T21:46:51.902+0000] {logging_mixin.py:190} INFO - [2026-06-23T21:46:51.902+0000] {dagbag.py:588} INFO - Filling up the DagBag from /opt/airflow/dags/driven_data_pipeline.py
[2026-06-23T21:46:51.985+0000] {processor.py:925} INFO - DAG(s) 'extract_raw_data_pipeline' retrieved from /opt/airflow/dags/driven_data_pipeline.py
[2026-06-23T21:46:51.999+0000] {logging_mixin.py:190} INFO - [2026-06-23T21:46:51.999+0000] {dag.py:3239} INFO - Sync 1 DAGs
[2026-06-23T21:46:52.012+0000] {logging_mixin.py:190} INFO - [2026-06-23T21:46:52.012+0000] {dag.py:4180} INFO - Setting next_dagrun for extract_raw_data_pipeline to 2026-06-23 07:59:00+00:00, run_after=2026-06-24 07:00:00+00:00
[2026-06-23T21:46:52.026+0000] {processor.py:208} INFO - Processing /opt/airflow/dags/driven_data_pipeline.py took 0.129 seconds
[2026-06-23T21:47:22.229+0000] {processor.py:186} INFO - Started process (PID=10088) to work on /opt/airflow/dags/driven_data_pipeline.py
[2026-06-23T21:47:22.230+0000] {processor.py:914} INFO - Processing file /opt/airflow/dags/driven_data_pipeline.py for tasks to queue
[2026-06-23T21:47:22.232+0000] {logging_mixin.py:190} INFO - [2026-06-23T21:47:22.231+0000] {dagbag.py:588} INFO - Filling up the DagBag from /opt/airflow/dags/driven_data_pipeline.py
[2026-06-23T21:47:22.319+0000] {processor.py:925} INFO - DAG(s) 'extract_raw_data_pipeline' retrieved from /opt/airflow/dags/driven_data_pipeline.py
[2026-06-23T21:47:22.334+0000] {logging_mixin.py:190} INFO - [2026-06-23T21:47:22.334+0000] {dag.py:3239} INFO - Sync 1 DAGs
[2026-06-23T21:47:22.346+0000] {logging_mixin.py:190} INFO - [2026-06-23T21:47:22.346+0000] {dag.py:4180} INFO - Setting next_dagrun for extract_raw_data_pipeline to 2026-06-23 07:59:00+00:00, run_after=2026-06-24 07:00:00+00:00
[2026-06-23T21:47:22.363+0000] {processor.py:208} INFO - Processing /opt/airflow/dags/driven_data_pipeline.py took 0.138 seconds
[2026-06-23T21:47:52.660+0000] {processor.py:186} INFO - Started process (PID=10095) to work on /opt/airflow/dags/driven_data_pipeline.py
[2026-06-23T21:47:52.661+0000] {processor.py:914} INFO - Processing file /opt/airflow/dags/driven_data_pipeline.py for tasks to queue
[2026-06-23T21:47:52.663+0000] {logging_mixin.py:190} INFO - [2026-06-23T21:47:52.662+0000] {dagbag.py:588} INFO - Filling up the DagBag from /opt/airflow/dags/driven_data_pipeline.py
[2026-06-23T21:47:52.745+0000] {processor.py:925} INFO - DAG(s) 'extract_raw_data_pipeline' retrieved from /opt/airflow/dags/driven_data_pipeline.py
[2026-06-23T21:47:52.760+0000] {logging_mixin.py:190} INFO - [2026-06-23T21:47:52.760+0000] {dag.py:3239} INFO - Sync 1 DAGs
[2026-06-23T21:47:52.775+0000] {logging_mixin.py:190} INFO - [2026-06-23T21:47:52.774+0000] {dag.py:4180} INFO - Setting next_dagrun for extract_raw_data_pipeline to 2026-06-23 07:59:00+00:00, run_after=2026-06-24 07:00:00+00:00
[2026-06-23T21:47:52.788+0000] {processor.py:208} INFO - Processing /opt/airflow/dags/driven_data_pipeline.py took 0.131 seconds
[2026-06-23T21:48:22.967+0000] {processor.py:186} INFO - Started process (PID=10103) to work on /opt/airflow/dags/driven_data_pipeline.py
[2026-06-23T21:48:22.968+0000] {processor.py:914} INFO - Processing file /opt/airflow/dags/driven_data_pipeline.py for tasks to queue
[2026-06-23T21:48:22.970+0000] {logging_mixin.py:190} INFO - [2026-06-23T21:48:22.970+0000] {dagbag.py:588} INFO - Filling up the DagBag from /opt/airflow/dags/driven_data_pipeline.py
[2026-06-23T21:48:23.058+0000] {processor.py:925} INFO - DAG(s) 'extract_raw_data_pipeline' retrieved from /opt/airflow/dags/driven_data_pipeline.py
[2026-06-23T21:48:23.105+0000] {logging_mixin.py:190} INFO - [2026-06-23T21:48:23.105+0000] {dag.py:3239} INFO - Sync 1 DAGs
[2026-06-23T21:48:23.138+0000] {logging_mixin.py:190} INFO - [2026-06-23T21:48:23.138+0000] {dag.py:4180} INFO - Setting next_dagrun for extract_raw_data_pipeline to 2026-06-23 07:59:00+00:00, run_after=2026-06-24 07:00:00+00:00
[2026-06-23T21:48:23.178+0000] {processor.py:208} INFO - Processing /opt/airflow/dags/driven_data_pipeline.py took 0.216 seconds
[2026-06-23T21:48:53.552+0000] {processor.py:186} INFO - Started process (PID=10111) to work on /opt/airflow/dags/driven_data_pipeline.py
[2026-06-23T21:48:53.553+0000] {processor.py:914} INFO - Processing file /opt/airflow/dags/driven_data_pipeline.py for tasks to queue
[2026-06-23T21:48:53.554+0000] {logging_mixin.py:190} INFO - [2026-06-23T21:48:53.554+0000] {dagbag.py:588} INFO - Filling up the DagBag from /opt/airflow/dags/driven_data_pipeline.py
[2026-06-23T21:48:53.635+0000] {processor.py:925} INFO - DAG(s) 'extract_raw_data_pipeline' retrieved from /opt/airflow/dags/driven_data_pipeline.py
[2026-06-23T21:48:53.650+0000] {logging_mixin.py:190} INFO - [2026-06-23T21:48:53.650+0000] {dag.py:3239} INFO - Sync 1 DAGs
[2026-06-23T21:48:53.663+0000] {logging_mixin.py:190} INFO - [2026-06-23T21:48:53.663+0000] {dag.py:4180} INFO - Setting next_dagrun for extract_raw_data_pipeline to 2026-06-23 07:59:00+00:00, run_after=2026-06-24 07:00:00+00:00
[2026-06-23T21:48:53.675+0000] {processor.py:208} INFO - Processing /opt/airflow/dags/driven_data_pipeline.py took 0.127 seconds
[2026-06-23T21:49:23.913+0000] {processor.py:186} INFO - Started process (PID=10119) to work on /opt/airflow/dags/driven_data_pipeline.py
[2026-06-23T21:49:23.914+0000] {processor.py:914} INFO - Processing file /opt/airflow/dags/driven_data_pipeline.py for tasks to queue
[2026-06-23T21:49:23.916+0000] {logging_mixin.py:190} INFO - [2026-06-23T21:49:23.915+0000] {dagbag.py:588} INFO - Filling up the DagBag from /opt/airflow/dags/driven_data_pipeline.py
[2026-06-23T21:49:24.000+0000] {processor.py:925} INFO - DAG(s) 'extract_raw_data_pipeline' retrieved from /opt/airflow/dags/driven_data_pipeline.py
[2026-06-23T21:49:24.016+0000] {logging_mixin.py:190} INFO - [2026-06-23T21:49:24.016+0000] {dag.py:3239} INFO - Sync 1 DAGs
[2026-06-23T21:49:24.030+0000] {logging_mixin.py:190} INFO - [2026-06-23T21:49:24.030+0000] {dag.py:4180} INFO - Setting next_dagrun for extract_raw_data_pipeline to 2026-06-23 07:59:00+00:00, run_after=2026-06-24 07:00:00+00:00
[2026-06-23T21:49:24.222+0000] {processor.py:208} INFO - Processing /opt/airflow/dags/driven_data_pipeline.py took 0.312 seconds
[2026-06-23T21:49:54.590+0000] {processor.py:186} INFO - Started process (PID=10127) to work on /opt/airflow/dags/driven_data_pipeline.py
[2026-06-23T21:49:54.590+0000] {processor.py:914} INFO - Processing file /opt/airflow/dags/driven_data_pipeline.py for tasks to queue
[2026-06-23T21:49:54.592+0000] {logging_mixin.py:190} INFO - [2026-06-23T21:49:54.592+0000] {dagbag.py:588} INFO - Filling up the DagBag from /opt/airflow/dags/driven_data_pipeline.py
[2026-06-23T21:49:54.675+0000] {processor.py:925} INFO - DAG(s) 'extract_raw_data_pipeline' retrieved from /opt/airflow/dags/driven_data_pipeline.py
[2026-06-23T21:49:54.691+0000] {logging_mixin.py:190} INFO - [2026-06-23T21:49:54.691+0000] {dag.py:3239} INFO - Sync 1 DAGs
[2026-06-23T21:49:54.705+0000] {logging_mixin.py:190} INFO - [2026-06-23T21:49:54.705+0000] {dag.py:4180} INFO - Setting next_dagrun for extract_raw_data_pipeline to 2026-06-23 07:59:00+00:00, run_after=2026-06-24 07:00:00+00:00
[2026-06-23T21:49:54.718+0000] {processor.py:208} INFO - Processing /opt/airflow/dags/driven_data_pipeline.py took 0.132 seconds
[2026-06-23T21:50:24.905+0000] {processor.py:186} INFO - Started process (PID=10135) to work on /opt/airflow/dags/driven_data_pipeline.py
[2026-06-23T21:50:24.906+0000] {processor.py:914} INFO - Processing file /opt/airflow/dags/driven_data_pipeline.py for tasks to queue
[2026-06-23T21:50:24.907+0000] {logging_mixin.py:190} INFO - [2026-06-23T21:50:24.907+0000] {dagbag.py:588} INFO - Filling up the DagBag from /opt/airflow/dags/driven_data_pipeline.py
[2026-06-23T21:50:24.990+0000] {processor.py:925} INFO - DAG(s) 'extract_raw_data_pipeline' retrieved from /opt/airflow/dags/driven_data_pipeline.py
[2026-06-23T21:50:25.005+0000] {logging_mixin.py:190} INFO - [2026-06-23T21:50:25.005+0000] {dag.py:3239} INFO - Sync 1 DAGs
[2026-06-23T21:50:25.018+0000] {logging_mixin.py:190} INFO - [2026-06-23T21:50:25.018+0000] {dag.py:4180} INFO - Setting next_dagrun for extract_raw_data_pipeline to 2026-06-23 07:59:00+00:00, run_after=2026-06-24 07:00:00+00:00
[2026-06-23T21:50:25.031+0000] {processor.py:208} INFO - Processing /opt/airflow/dags/driven_data_pipeline.py took 0.130 seconds
[2026-06-23T21:50:55.266+0000] {processor.py:186} INFO - Started process (PID=10143) to work on /opt/airflow/dags/driven_data_pipeline.py
[2026-06-23T21:50:55.267+0000] {processor.py:914} INFO - Processing file /opt/airflow/dags/driven_data_pipeline.py for tasks to queue
[2026-06-23T21:50:55.269+0000] {logging_mixin.py:190} INFO - [2026-06-23T21:50:55.269+0000] {dagbag.py:588} INFO - Filling up the DagBag from /opt/airflow/dags/driven_data_pipeline.py
[2026-06-23T21:50:55.350+0000] {processor.py:925} INFO - DAG(s) 'extract_raw_data_pipeline' retrieved from /opt/airflow/dags/driven_data_pipeline.py
[2026-06-23T21:50:55.364+0000] {logging_mixin.py:190} INFO - [2026-06-23T21:50:55.364+0000] {dag.py:3239} INFO - Sync 1 DAGs
[2026-06-23T21:50:55.378+0000] {logging_mixin.py:190} INFO - [2026-06-23T21:50:55.378+0000] {dag.py:4180} INFO - Setting next_dagrun for extract_raw_data_pipeline to 2026-06-23 07:59:00+00:00, run_after=2026-06-24 07:00:00+00:00
[2026-06-23T21:50:55.391+0000] {processor.py:208} INFO - Processing /opt/airflow/dags/driven_data_pipeline.py took 0.129 seconds
[2026-06-23T21:51:25.818+0000] {processor.py:186} INFO - Started process (PID=10151) to work on /opt/airflow/dags/driven_data_pipeline.py
[2026-06-23T21:51:25.820+0000] {processor.py:914} INFO - Processing file /opt/airflow/dags/driven_data_pipeline.py for tasks to queue
[2026-06-23T21:51:25.822+0000] {logging_mixin.py:190} INFO - [2026-06-23T21:51:25.821+0000] {dagbag.py:588} INFO - Filling up the DagBag from /opt/airflow/dags/driven_data_pipeline.py
[2026-06-23T21:51:25.909+0000] {processor.py:925} INFO - DAG(s) 'extract_raw_data_pipeline' retrieved from /opt/airflow/dags/driven_data_pipeline.py
[2026-06-23T21:51:25.925+0000] {logging_mixin.py:190} INFO - [2026-06-23T21:51:25.925+0000] {dag.py:3239} INFO - Sync 1 DAGs
[2026-06-23T21:51:25.939+0000] {logging_mixin.py:190} INFO - [2026-06-23T21:51:25.939+0000] {dag.py:4180} INFO - Setting next_dagrun for extract_raw_data_pipeline to 2026-06-23 07:59:00+00:00, run_after=2026-06-24 07:00:00+00:00
[2026-06-23T21:51:26.048+0000] {processor.py:208} INFO - Processing /opt/airflow/dags/driven_data_pipeline.py took 0.236 seconds
[2026-06-23T21:51:56.128+0000] {processor.py:186} INFO - Started process (PID=10159) to work on /opt/airflow/dags/driven_data_pipeline.py
[2026-06-23T21:51:56.129+0000] {processor.py:914} INFO - Processing file /opt/airflow/dags/driven_data_pipeline.py for tasks to queue
[2026-06-23T21:51:56.131+0000] {logging_mixin.py:190} INFO - [2026-06-23T21:51:56.130+0000] {dagbag.py:588} INFO - Filling up the DagBag from /opt/airflow/dags/driven_data_pipeline.py
[2026-06-23T21:51:56.211+0000] {processor.py:925} INFO - DAG(s) 'extract_raw_data_pipeline' retrieved from /opt/airflow/dags/driven_data_pipeline.py
[2026-06-23T21:51:56.228+0000] {logging_mixin.py:190} INFO - [2026-06-23T21:51:56.228+0000] {dag.py:3239} INFO - Sync 1 DAGs
[2026-06-23T21:51:56.242+0000] {logging_mixin.py:190} INFO - [2026-06-23T21:51:56.242+0000] {dag.py:4180} INFO - Setting next_dagrun for extract_raw_data_pipeline to 2026-06-23 07:59:00+00:00, run_after=2026-06-24 07:00:00+00:00
[2026-06-23T21:51:56.256+0000] {processor.py:208} INFO - Processing /opt/airflow/dags/driven_data_pipeline.py took 0.132 seconds
[2026-06-23T21:52:26.473+0000] {processor.py:186} INFO - Started process (PID=10167) to work on /opt/airflow/dags/driven_data_pipeline.py
[2026-06-23T21:52:26.474+0000] {processor.py:914} INFO - Processing file /opt/airflow/dags/driven_data_pipeline.py for tasks to queue
[2026-06-23T21:52:26.476+0000] {logging_mixin.py:190} INFO - [2026-06-23T21:52:26.476+0000] {dagbag.py:588} INFO - Filling up the DagBag from /opt/airflow/dags/driven_data_pipeline.py
[2026-06-23T21:52:26.627+0000] {processor.py:925} INFO - DAG(s) 'extract_raw_data_pipeline' retrieved from /opt/airflow/dags/driven_data_pipeline.py
[2026-06-23T21:52:26.642+0000] {logging_mixin.py:190} INFO - [2026-06-23T21:52:26.642+0000] {dag.py:3239} INFO - Sync 1 DAGs
[2026-06-23T21:52:26.655+0000] {logging_mixin.py:190} INFO - [2026-06-23T21:52:26.655+0000] {dag.py:4180} INFO - Setting next_dagrun for extract_raw_data_pipeline to 2026-06-23 07:59:00+00:00, run_after=2026-06-24 07:00:00+00:00
[2026-06-23T21:52:26.669+0000] {processor.py:208} INFO - Processing /opt/airflow/dags/driven_data_pipeline.py took 0.204 seconds
[2026-06-23T21:52:56.894+0000] {processor.py:186} INFO - Started process (PID=10175) to work on /opt/airflow/dags/driven_data_pipeline.py
[2026-06-23T21:52:56.895+0000] {processor.py:914} INFO - Processing file /opt/airflow/dags/driven_data_pipeline.py for tasks to queue
[2026-06-23T21:52:56.896+0000] {logging_mixin.py:190} INFO - [2026-06-23T21:52:56.896+0000] {dagbag.py:588} INFO - Filling up the DagBag from /opt/airflow/dags/driven_data_pipeline.py
[2026-06-23T21:52:56.979+0000] {processor.py:925} INFO - DAG(s) 'extract_raw_data_pipeline' retrieved from /opt/airflow/dags/driven_data_pipeline.py
[2026-06-23T21:52:56.994+0000] {logging_mixin.py:190} INFO - [2026-06-23T21:52:56.993+0000] {dag.py:3239} INFO - Sync 1 DAGs
[2026-06-23T21:52:57.005+0000] {logging_mixin.py:190} INFO - [2026-06-23T21:52:57.005+0000] {dag.py:4180} INFO - Setting next_dagrun for extract_raw_data_pipeline to 2026-06-23 07:59:00+00:00, run_after=2026-06-24 07:00:00+00:00
[2026-06-23T21:52:57.023+0000] {processor.py:208} INFO - Processing /opt/airflow/dags/driven_data_pipeline.py took 0.132 seconds
[2026-06-23T21:53:27.250+0000] {processor.py:186} INFO - Started process (PID=10183) to work on /opt/airflow/dags/driven_data_pipeline.py
[2026-06-23T21:53:27.251+0000] {processor.py:914} INFO - Processing file /opt/airflow/dags/driven_data_pipeline.py for tasks to queue
[2026-06-23T21:53:27.253+0000] {logging_mixin.py:190} INFO - [2026-06-23T21:53:27.253+0000] {dagbag.py:588} INFO - Filling up the DagBag from /opt/airflow/dags/driven_data_pipeline.py
[2026-06-23T21:53:27.332+0000] {processor.py:925} INFO - DAG(s) 'extract_raw_data_pipeline' retrieved from /opt/airflow/dags/driven_data_pipeline.py
[2026-06-23T21:53:27.348+0000] {logging_mixin.py:190} INFO - [2026-06-23T21:53:27.348+0000] {dag.py:3239} INFO - Sync 1 DAGs
[2026-06-23T21:53:27.360+0000] {logging_mixin.py:190} INFO - [2026-06-23T21:53:27.360+0000] {dag.py:4180} INFO - Setting next_dagrun for extract_raw_data_pipeline to 2026-06-23 07:59:00+00:00, run_after=2026-06-24 07:00:00+00:00
[2026-06-23T21:53:27.470+0000] {processor.py:208} INFO - Processing /opt/airflow/dags/driven_data_pipeline.py took 0.223 seconds
[2026-06-23T21:53:57.706+0000] {processor.py:186} INFO - Started process (PID=10190) to work on /opt/airflow/dags/driven_data_pipeline.py
[2026-06-23T21:53:57.707+0000] {processor.py:914} INFO - Processing file /opt/airflow/dags/driven_data_pipeline.py for tasks to queue
[2026-06-23T21:53:57.708+0000] {logging_mixin.py:190} INFO - [2026-06-23T21:53:57.708+0000] {dagbag.py:588} INFO - Filling up the DagBag from /opt/airflow/dags/driven_data_pipeline.py
[2026-06-23T21:53:57.793+0000] {processor.py:925} INFO - DAG(s) 'extract_raw_data_pipeline' retrieved from /opt/airflow/dags/driven_data_pipeline.py
[2026-06-23T21:53:57.808+0000] {logging_mixin.py:190} INFO - [2026-06-23T21:53:57.808+0000] {dag.py:3239} INFO - Sync 1 DAGs
[2026-06-23T21:53:57.821+0000] {logging_mixin.py:190} INFO - [2026-06-23T21:53:57.821+0000] {dag.py:4180} INFO - Setting next_dagrun for extract_raw_data_pipeline to 2026-06-23 07:59:00+00:00, run_after=2026-06-24 07:00:00+00:00
[2026-06-23T21:53:57.835+0000] {processor.py:208} INFO - Processing /opt/airflow/dags/driven_data_pipeline.py took 0.133 seconds
[2026-06-23T21:54:28.092+0000] {processor.py:186} INFO - Started process (PID=10198) to work on /opt/airflow/dags/driven_data_pipeline.py
[2026-06-23T21:54:28.093+0000] {processor.py:914} INFO - Processing file /opt/airflow/dags/driven_data_pipeline.py for tasks to queue
[2026-06-23T21:54:28.094+0000] {logging_mixin.py:190} INFO - [2026-06-23T21:54:28.094+0000] {dagbag.py:588} INFO - Filling up the DagBag from /opt/airflow/dags/driven_data_pipeline.py
[2026-06-23T21:54:28.175+0000] {processor.py:925} INFO - DAG(s) 'extract_raw_data_pipeline' retrieved from /opt/airflow/dags/driven_data_pipeline.py
[2026-06-23T21:54:28.190+0000] {logging_mixin.py:190} INFO - [2026-06-23T21:54:28.190+0000] {dag.py:3239} INFO - Sync 1 DAGs
[2026-06-23T21:54:28.202+0000] {logging_mixin.py:190} INFO - [2026-06-23T21:54:28.201+0000] {dag.py:4180} INFO - Setting next_dagrun for extract_raw_data_pipeline to 2026-06-23 07:59:00+00:00, run_after=2026-06-24 07:00:00+00:00
[2026-06-23T21:54:28.219+0000] {processor.py:208} INFO - Processing /opt/airflow/dags/driven_data_pipeline.py took 0.131 seconds
[2026-06-23T21:54:58.514+0000] {processor.py:186} INFO - Started process (PID=10206) to work on /opt/airflow/dags/driven_data_pipeline.py
[2026-06-23T21:54:58.515+0000] {processor.py:914} INFO - Processing file /opt/airflow/dags/driven_data_pipeline.py for tasks to queue
[2026-06-23T21:54:58.516+0000] {logging_mixin.py:190} INFO - [2026-06-23T21:54:58.516+0000] {dagbag.py:588} INFO - Filling up the DagBag from /opt/airflow/dags/driven_data_pipeline.py
[2026-06-23T21:54:58.597+0000] {processor.py:925} INFO - DAG(s) 'extract_raw_data_pipeline' retrieved from /opt/airflow/dags/driven_data_pipeline.py
[2026-06-23T21:54:58.611+0000] {logging_mixin.py:190} INFO - [2026-06-23T21:54:58.611+0000] {dag.py:3239} INFO - Sync 1 DAGs
[2026-06-23T21:54:58.624+0000] {logging_mixin.py:190} INFO - [2026-06-23T21:54:58.624+0000] {dag.py:4180} INFO - Setting next_dagrun for extract_raw_data_pipeline to 2026-06-23 07:59:00+00:00, run_after=2026-06-24 07:00:00+00:00
[2026-06-23T21:54:58.638+0000] {processor.py:208} INFO - Processing /opt/airflow/dags/driven_data_pipeline.py took 0.127 seconds
[2026-06-23T21:55:28.810+0000] {processor.py:186} INFO - Started process (PID=10214) to work on /opt/airflow/dags/driven_data_pipeline.py
[2026-06-23T21:55:28.811+0000] {processor.py:914} INFO - Processing file /opt/airflow/dags/driven_data_pipeline.py for tasks to queue
[2026-06-23T21:55:28.813+0000] {logging_mixin.py:190} INFO - [2026-06-23T21:55:28.813+0000] {dagbag.py:588} INFO - Filling up the DagBag from /opt/airflow/dags/driven_data_pipeline.py
[2026-06-23T21:55:28.910+0000] {processor.py:925} INFO - DAG(s) 'extract_raw_data_pipeline' retrieved from /opt/airflow/dags/driven_data_pipeline.py
[2026-06-23T21:55:28.924+0000] {logging_mixin.py:190} INFO - [2026-06-23T21:55:28.924+0000] {dag.py:3239} INFO - Sync 1 DAGs
[2026-06-23T21:55:28.936+0000] {logging_mixin.py:190} INFO - [2026-06-23T21:55:28.936+0000] {dag.py:4180} INFO - Setting next_dagrun for extract_raw_data_pipeline to 2026-06-23 07:59:00+00:00, run_after=2026-06-24 07:00:00+00:00
[2026-06-23T21:55:29.043+0000] {processor.py:208} INFO - Processing /opt/airflow/dags/driven_data_pipeline.py took 0.237 seconds
[2026-06-23T21:55:59.162+0000] {processor.py:186} INFO - Started process (PID=10222) to work on /opt/airflow/dags/driven_data_pipeline.py
[2026-06-23T21:55:59.163+0000] {processor.py:914} INFO - Processing file /opt/airflow/dags/driven_data_pipeline.py for tasks to queue
[2026-06-23T21:55:59.165+0000] {logging_mixin.py:190} INFO - [2026-06-23T21:55:59.165+0000] {dagbag.py:588} INFO - Filling up the DagBag from /opt/airflow/dags/driven_data_pipeline.py
[2026-06-23T21:55:59.253+0000] {processor.py:925} INFO - DAG(s) 'extract_raw_data_pipeline' retrieved from /opt/airflow/dags/driven_data_pipeline.py
[2026-06-23T21:55:59.274+0000] {logging_mixin.py:190} INFO - [2026-06-23T21:55:59.274+0000] {dag.py:3239} INFO - Sync 1 DAGs
[2026-06-23T21:55:59.287+0000] {logging_mixin.py:190} INFO - [2026-06-23T21:55:59.287+0000] {dag.py:4180} INFO - Setting next_dagrun for extract_raw_data_pipeline to 2026-06-23 07:59:00+00:00, run_after=2026-06-24 07:00:00+00:00
[2026-06-23T21:55:59.300+0000] {processor.py:208} INFO - Processing /opt/airflow/dags/driven_data_pipeline.py took 0.142 seconds
[2026-06-23T21:56:29.497+0000] {processor.py:186} INFO - Started process (PID=10230) to work on /opt/airflow/dags/driven_data_pipeline.py
[2026-06-23T21:56:29.498+0000] {processor.py:914} INFO - Processing file /opt/airflow/dags/driven_data_pipeline.py for tasks to queue
[2026-06-23T21:56:29.499+0000] {logging_mixin.py:190} INFO - [2026-06-23T21:56:29.499+0000] {dagbag.py:588} INFO - Filling up the DagBag from /opt/airflow/dags/driven_data_pipeline.py
[2026-06-23T21:56:29.595+0000] {processor.py:925} INFO - DAG(s) 'extract_raw_data_pipeline' retrieved from /opt/airflow/dags/driven_data_pipeline.py
[2026-06-23T21:56:29.612+0000] {logging_mixin.py:190} INFO - [2026-06-23T21:56:29.612+0000] {dag.py:3239} INFO - Sync 1 DAGs
[2026-06-23T21:56:29.625+0000] {logging_mixin.py:190} INFO - [2026-06-23T21:56:29.625+0000] {dag.py:4180} INFO - Setting next_dagrun for extract_raw_data_pipeline to 2026-06-23 07:59:00+00:00, run_after=2026-06-24 07:00:00+00:00
[2026-06-23T21:56:29.638+0000] {processor.py:208} INFO - Processing /opt/airflow/dags/driven_data_pipeline.py took 0.145 seconds
[2026-06-23T21:56:59.972+0000] {processor.py:186} INFO - Started process (PID=10238) to work on /opt/airflow/dags/driven_data_pipeline.py
[2026-06-23T21:56:59.973+0000] {processor.py:914} INFO - Processing file /opt/airflow/dags/driven_data_pipeline.py for tasks to queue
[2026-06-23T21:56:59.975+0000] {logging_mixin.py:190} INFO - [2026-06-23T21:56:59.975+0000] {dagbag.py:588} INFO - Filling up the DagBag from /opt/airflow/dags/driven_data_pipeline.py
[2026-06-23T21:57:00.057+0000] {processor.py:925} INFO - DAG(s) 'extract_raw_data_pipeline' retrieved from /opt/airflow/dags/driven_data_pipeline.py
[2026-06-23T21:57:00.071+0000] {logging_mixin.py:190} INFO - [2026-06-23T21:57:00.071+0000] {dag.py:3239} INFO - Sync 1 DAGs
[2026-06-23T21:57:00.082+0000] {logging_mixin.py:190} INFO - [2026-06-23T21:57:00.082+0000] {dag.py:4180} INFO - Setting next_dagrun for extract_raw_data_pipeline to 2026-06-23 07:59:00+00:00, run_after=2026-06-24 07:00:00+00:00
[2026-06-23T21:57:00.094+0000] {processor.py:208} INFO - Processing /opt/airflow/dags/driven_data_pipeline.py took 0.126 seconds
[2026-06-23T21:57:30.290+0000] {processor.py:186} INFO - Started process (PID=10246) to work on /opt/airflow/dags/driven_data_pipeline.py
[2026-06-23T21:57:30.291+0000] {processor.py:914} INFO - Processing file /opt/airflow/dags/driven_data_pipeline.py for tasks to queue
[2026-06-23T21:57:30.292+0000] {logging_mixin.py:190} INFO - [2026-06-23T21:57:30.292+0000] {dagbag.py:588} INFO - Filling up the DagBag from /opt/airflow/dags/driven_data_pipeline.py
[2026-06-23T21:57:30.376+0000] {processor.py:925} INFO - DAG(s) 'extract_raw_data_pipeline' retrieved from /opt/airflow/dags/driven_data_pipeline.py
[2026-06-23T21:57:30.390+0000] {logging_mixin.py:190} INFO - [2026-06-23T21:57:30.390+0000] {dag.py:3239} INFO - Sync 1 DAGs
[2026-06-23T21:57:30.401+0000] {logging_mixin.py:190} INFO - [2026-06-23T21:57:30.401+0000] {dag.py:4180} INFO - Setting next_dagrun for extract_raw_data_pipeline to 2026-06-23 07:59:00+00:00, run_after=2026-06-24 07:00:00+00:00
[2026-06-23T21:57:30.517+0000] {processor.py:208} INFO - Processing /opt/airflow/dags/driven_data_pipeline.py took 0.230 seconds
[2026-06-23T21:58:00.716+0000] {processor.py:186} INFO - Started process (PID=10254) to work on /opt/airflow/dags/driven_data_pipeline.py
[2026-06-23T21:58:00.717+0000] {processor.py:914} INFO - Processing file /opt/airflow/dags/driven_data_pipeline.py for tasks to queue
[2026-06-23T21:58:00.718+0000] {logging_mixin.py:190} INFO - [2026-06-23T21:58:00.718+0000] {dagbag.py:588} INFO - Filling up the DagBag from /opt/airflow/dags/driven_data_pipeline.py
[2026-06-23T21:58:00.801+0000] {processor.py:925} INFO - DAG(s) 'extract_raw_data_pipeline' retrieved from /opt/airflow/dags/driven_data_pipeline.py
[2026-06-23T21:58:00.815+0000] {logging_mixin.py:190} INFO - [2026-06-23T21:58:00.815+0000] {dag.py:3239} INFO - Sync 1 DAGs
[2026-06-23T21:58:00.829+0000] {logging_mixin.py:190} INFO - [2026-06-23T21:58:00.828+0000] {dag.py:4180} INFO - Setting next_dagrun for extract_raw_data_pipeline to 2026-06-23 07:59:00+00:00, run_after=2026-06-24 07:00:00+00:00
[2026-06-23T21:58:00.843+0000] {processor.py:208} INFO - Processing /opt/airflow/dags/driven_data_pipeline.py took 0.130 seconds
[2026-06-23T21:58:31.206+0000] {processor.py:186} INFO - Started process (PID=10262) to work on /opt/airflow/dags/driven_data_pipeline.py
[2026-06-23T21:58:31.207+0000] {processor.py:914} INFO - Processing file /opt/airflow/dags/driven_data_pipeline.py for tasks to queue
[2026-06-23T21:58:31.208+0000] {logging_mixin.py:190} INFO - [2026-06-23T21:58:31.208+0000] {dagbag.py:588} INFO - Filling up the DagBag from /opt/airflow/dags/driven_data_pipeline.py
[2026-06-23T21:58:31.297+0000] {processor.py:925} INFO - DAG(s) 'extract_raw_data_pipeline' retrieved from /opt/airflow/dags/driven_data_pipeline.py
[2026-06-23T21:58:31.312+0000] {logging_mixin.py:190} INFO - [2026-06-23T21:58:31.312+0000] {dag.py:3239} INFO - Sync 1 DAGs
[2026-06-23T21:58:31.326+0000] {logging_mixin.py:190} INFO - [2026-06-23T21:58:31.326+0000] {dag.py:4180} INFO - Setting next_dagrun for extract_raw_data_pipeline to 2026-06-23 07:59:00+00:00, run_after=2026-06-24 07:00:00+00:00
[2026-06-23T21:58:31.339+0000] {processor.py:208} INFO - Processing /opt/airflow/dags/driven_data_pipeline.py took 0.136 seconds
[2026-06-23T21:59:01.469+0000] {processor.py:186} INFO - Started process (PID=10270) to work on /opt/airflow/dags/driven_data_pipeline.py
[2026-06-23T21:59:01.469+0000] {processor.py:914} INFO - Processing file /opt/airflow/dags/driven_data_pipeline.py for tasks to queue
[2026-06-23T21:59:01.471+0000] {logging_mixin.py:190} INFO - [2026-06-23T21:59:01.471+0000] {dagbag.py:588} INFO - Filling up the DagBag from /opt/airflow/dags/driven_data_pipeline.py
[2026-06-23T21:59:01.556+0000] {processor.py:925} INFO - DAG(s) 'extract_raw_data_pipeline' retrieved from /opt/airflow/dags/driven_data_pipeline.py
[2026-06-23T21:59:01.570+0000] {logging_mixin.py:190} INFO - [2026-06-23T21:59:01.570+0000] {dag.py:3239} INFO - Sync 1 DAGs
[2026-06-23T21:59:01.582+0000] {logging_mixin.py:190} INFO - [2026-06-23T21:59:01.582+0000] {dag.py:4180} INFO - Setting next_dagrun for extract_raw_data_pipeline to 2026-06-23 07:59:00+00:00, run_after=2026-06-24 07:00:00+00:00
[2026-06-23T21:59:01.595+0000] {processor.py:208} INFO - Processing /opt/airflow/dags/driven_data_pipeline.py took 0.130 seconds
[2026-06-23T21:59:31.872+0000] {processor.py:186} INFO - Started process (PID=10278) to work on /opt/airflow/dags/driven_data_pipeline.py
[2026-06-23T21:59:31.873+0000] {processor.py:914} INFO - Processing file /opt/airflow/dags/driven_data_pipeline.py for tasks to queue
[2026-06-23T21:59:31.875+0000] {logging_mixin.py:190} INFO - [2026-06-23T21:59:31.875+0000] {dagbag.py:588} INFO - Filling up the DagBag from /opt/airflow/dags/driven_data_pipeline.py
[2026-06-23T21:59:31.973+0000] {processor.py:925} INFO - DAG(s) 'extract_raw_data_pipeline' retrieved from /opt/airflow/dags/driven_data_pipeline.py
[2026-06-23T21:59:31.988+0000] {logging_mixin.py:190} INFO - [2026-06-23T21:59:31.988+0000] {dag.py:3239} INFO - Sync 1 DAGs
[2026-06-23T21:59:32.002+0000] {logging_mixin.py:190} INFO - [2026-06-23T21:59:32.002+0000] {dag.py:4180} INFO - Setting next_dagrun for extract_raw_data_pipeline to 2026-06-23 07:59:00+00:00, run_after=2026-06-24 07:00:00+00:00
[2026-06-23T21:59:32.116+0000] {processor.py:208} INFO - Processing /opt/airflow/dags/driven_data_pipeline.py took 0.248 seconds
[2026-06-23T22:00:02.208+0000] {processor.py:186} INFO - Started process (PID=10286) to work on /opt/airflow/dags/driven_data_pipeline.py
[2026-06-23T22:00:02.209+0000] {processor.py:914} INFO - Processing file /opt/airflow/dags/driven_data_pipeline.py for tasks to queue
[2026-06-23T22:00:02.211+0000] {logging_mixin.py:190} INFO - [2026-06-23T22:00:02.211+0000] {dagbag.py:588} INFO - Filling up the DagBag from /opt/airflow/dags/driven_data_pipeline.py
[2026-06-23T22:00:02.296+0000] {processor.py:925} INFO - DAG(s) 'extract_raw_data_pipeline' retrieved from /opt/airflow/dags/driven_data_pipeline.py
[2026-06-23T22:00:02.313+0000] {logging_mixin.py:190} INFO - [2026-06-23T22:00:02.312+0000] {dag.py:3239} INFO - Sync 1 DAGs
[2026-06-23T22:00:02.328+0000] {logging_mixin.py:190} INFO - [2026-06-23T22:00:02.328+0000] {dag.py:4180} INFO - Setting next_dagrun for extract_raw_data_pipeline to 2026-06-23 07:59:00+00:00, run_after=2026-06-24 07:00:00+00:00
[2026-06-23T22:00:02.342+0000] {processor.py:208} INFO - Processing /opt/airflow/dags/driven_data_pipeline.py took 0.137 seconds
[2026-06-23T22:00:32.528+0000] {processor.py:186} INFO - Started process (PID=10294) to work on /opt/airflow/dags/driven_data_pipeline.py
[2026-06-23T22:00:32.529+0000] {processor.py:914} INFO - Processing file /opt/airflow/dags/driven_data_pipeline.py for tasks to queue
[2026-06-23T22:00:32.530+0000] {logging_mixin.py:190} INFO - [2026-06-23T22:00:32.530+0000] {dagbag.py:588} INFO - Filling up the DagBag from /opt/airflow/dags/driven_data_pipeline.py
[2026-06-23T22:00:32.618+0000] {processor.py:925} INFO - DAG(s) 'extract_raw_data_pipeline' retrieved from /opt/airflow/dags/driven_data_pipeline.py
[2026-06-23T22:00:32.635+0000] {logging_mixin.py:190} INFO - [2026-06-23T22:00:32.635+0000] {dag.py:3239} INFO - Sync 1 DAGs
[2026-06-23T22:00:32.649+0000] {logging_mixin.py:190} INFO - [2026-06-23T22:00:32.649+0000] {dag.py:4180} INFO - Setting next_dagrun for extract_raw_data_pipeline to 2026-06-23 07:59:00+00:00, run_after=2026-06-24 07:00:00+00:00
[2026-06-23T22:00:32.663+0000] {processor.py:208} INFO - Processing /opt/airflow/dags/driven_data_pipeline.py took 0.139 seconds
[2026-06-23T22:01:02.951+0000] {processor.py:186} INFO - Started process (PID=10303) to work on /opt/airflow/dags/driven_data_pipeline.py
[2026-06-23T22:01:02.952+0000] {processor.py:914} INFO - Processing file /opt/airflow/dags/driven_data_pipeline.py for tasks to queue
[2026-06-23T22:01:02.954+0000] {logging_mixin.py:190} INFO - [2026-06-23T22:01:02.954+0000] {dagbag.py:588} INFO - Filling up the DagBag from /opt/airflow/dags/driven_data_pipeline.py
[2026-06-23T22:01:03.042+0000] {processor.py:925} INFO - DAG(s) 'extract_raw_data_pipeline' retrieved from /opt/airflow/dags/driven_data_pipeline.py
[2026-06-23T22:01:03.058+0000] {logging_mixin.py:190} INFO - [2026-06-23T22:01:03.058+0000] {dag.py:3239} INFO - Sync 1 DAGs
[2026-06-23T22:01:03.071+0000] {logging_mixin.py:190} INFO - [2026-06-23T22:01:03.071+0000] {dag.py:4180} INFO - Setting next_dagrun for extract_raw_data_pipeline to 2026-06-23 07:59:00+00:00, run_after=2026-06-24 07:00:00+00:00
[2026-06-23T22:01:03.086+0000] {processor.py:208} INFO - Processing /opt/airflow/dags/driven_data_pipeline.py took 0.140 seconds
[2026-06-23T22:01:33.331+0000] {processor.py:186} INFO - Started process (PID=10317) to work on /opt/airflow/dags/driven_data_pipeline.py
[2026-06-23T22:01:33.332+0000] {processor.py:914} INFO - Processing file /opt/airflow/dags/driven_data_pipeline.py for tasks to queue
[2026-06-23T22:01:33.334+0000] {logging_mixin.py:190} INFO - [2026-06-23T22:01:33.334+0000] {dagbag.py:588} INFO - Filling up the DagBag from /opt/airflow/dags/driven_data_pipeline.py
[2026-06-23T22:01:33.424+0000] {processor.py:925} INFO - DAG(s) 'extract_raw_data_pipeline' retrieved from /opt/airflow/dags/driven_data_pipeline.py
[2026-06-23T22:01:33.440+0000] {logging_mixin.py:190} INFO - [2026-06-23T22:01:33.440+0000] {dag.py:3239} INFO - Sync 1 DAGs
[2026-06-23T22:01:33.454+0000] {logging_mixin.py:190} INFO - [2026-06-23T22:01:33.454+0000] {dag.py:4180} INFO - Setting next_dagrun for extract_raw_data_pipeline to 2026-06-23 07:59:00+00:00, run_after=2026-06-24 07:00:00+00:00
[2026-06-23T22:01:33.569+0000] {processor.py:208} INFO - Processing /opt/airflow/dags/driven_data_pipeline.py took 0.241 seconds
[2026-06-23T22:02:03.717+0000] {processor.py:186} INFO - Started process (PID=10325) to work on /opt/airflow/dags/driven_data_pipeline.py
[2026-06-23T22:02:03.717+0000] {processor.py:914} INFO - Processing file /opt/airflow/dags/driven_data_pipeline.py for tasks to queue
[2026-06-23T22:02:03.719+0000] {logging_mixin.py:190} INFO - [2026-06-23T22:02:03.719+0000] {dagbag.py:588} INFO - Filling up the DagBag from /opt/airflow/dags/driven_data_pipeline.py
[2026-06-23T22:02:03.803+0000] {processor.py:925} INFO - DAG(s) 'extract_raw_data_pipeline' retrieved from /opt/airflow/dags/driven_data_pipeline.py
[2026-06-23T22:02:03.817+0000] {logging_mixin.py:190} INFO - [2026-06-23T22:02:03.817+0000] {dag.py:3239} INFO - Sync 1 DAGs
[2026-06-23T22:02:03.831+0000] {logging_mixin.py:190} INFO - [2026-06-23T22:02:03.831+0000] {dag.py:4180} INFO - Setting next_dagrun for extract_raw_data_pipeline to 2026-06-23 07:59:00+00:00, run_after=2026-06-24 07:00:00+00:00
[2026-06-23T22:02:03.854+0000] {processor.py:208} INFO - Processing /opt/airflow/dags/driven_data_pipeline.py took 0.141 seconds
[2026-06-23T22:02:34.043+0000] {processor.py:186} INFO - Started process (PID=10333) to work on /opt/airflow/dags/driven_data_pipeline.py
[2026-06-23T22:02:34.044+0000] {processor.py:914} INFO - Processing file /opt/airflow/dags/driven_data_pipeline.py for tasks to queue
[2026-06-23T22:02:34.046+0000] {logging_mixin.py:190} INFO - [2026-06-23T22:02:34.045+0000] {dagbag.py:588} INFO - Filling up the DagBag from /opt/airflow/dags/driven_data_pipeline.py
[2026-06-23T22:02:34.127+0000] {processor.py:925} INFO - DAG(s) 'extract_raw_data_pipeline' retrieved from /opt/airflow/dags/driven_data_pipeline.py
[2026-06-23T22:02:34.144+0000] {logging_mixin.py:190} INFO - [2026-06-23T22:02:34.144+0000] {dag.py:3239} INFO - Sync 1 DAGs
[2026-06-23T22:02:34.157+0000] {logging_mixin.py:190} INFO - [2026-06-23T22:02:34.157+0000] {dag.py:4180} INFO - Setting next_dagrun for extract_raw_data_pipeline to 2026-06-23 07:59:00+00:00, run_after=2026-06-24 07:00:00+00:00
[2026-06-23T22:02:34.170+0000] {processor.py:208} INFO - Processing /opt/airflow/dags/driven_data_pipeline.py took 0.130 seconds
[2026-06-23T22:03:04.384+0000] {processor.py:186} INFO - Started process (PID=10341) to work on /opt/airflow/dags/driven_data_pipeline.py
[2026-06-23T22:03:04.385+0000] {processor.py:914} INFO - Processing file /opt/airflow/dags/driven_data_pipeline.py for tasks to queue
[2026-06-23T22:03:04.386+0000] {logging_mixin.py:190} INFO - [2026-06-23T22:03:04.386+0000] {dagbag.py:588} INFO - Filling up the DagBag from /opt/airflow/dags/driven_data_pipeline.py
[2026-06-23T22:03:04.473+0000] {processor.py:925} INFO - DAG(s) 'extract_raw_data_pipeline' retrieved from /opt/airflow/dags/driven_data_pipeline.py
[2026-06-23T22:03:04.488+0000] {logging_mixin.py:190} INFO - [2026-06-23T22:03:04.488+0000] {dag.py:3239} INFO - Sync 1 DAGs
[2026-06-23T22:03:04.501+0000] {logging_mixin.py:190} INFO - [2026-06-23T22:03:04.501+0000] {dag.py:4180} INFO - Setting next_dagrun for extract_raw_data_pipeline to 2026-06-23 07:59:00+00:00, run_after=2026-06-24 07:00:00+00:00
[2026-06-23T22:03:04.513+0000] {processor.py:208} INFO - Processing /opt/airflow/dags/driven_data_pipeline.py took 0.133 seconds
[2026-06-23T22:03:34.778+0000] {processor.py:186} INFO - Started process (PID=10349) to work on /opt/airflow/dags/driven_data_pipeline.py
[2026-06-23T22:03:34.779+0000] {processor.py:914} INFO - Processing file /opt/airflow/dags/driven_data_pipeline.py for tasks to queue
[2026-06-23T22:03:34.780+0000] {logging_mixin.py:190} INFO - [2026-06-23T22:03:34.780+0000] {dagbag.py:588} INFO - Filling up the DagBag from /opt/airflow/dags/driven_data_pipeline.py
[2026-06-23T22:03:34.868+0000] {processor.py:925} INFO - DAG(s) 'extract_raw_data_pipeline' retrieved from /opt/airflow/dags/driven_data_pipeline.py
[2026-06-23T22:03:34.884+0000] {logging_mixin.py:190} INFO - [2026-06-23T22:03:34.883+0000] {dag.py:3239} INFO - Sync 1 DAGs
[2026-06-23T22:03:34.897+0000] {logging_mixin.py:190} INFO - [2026-06-23T22:03:34.897+0000] {dag.py:4180} INFO - Setting next_dagrun for extract_raw_data_pipeline to 2026-06-23 07:59:00+00:00, run_after=2026-06-24 07:00:00+00:00
[2026-06-23T22:03:35.008+0000] {processor.py:208} INFO - Processing /opt/airflow/dags/driven_data_pipeline.py took 0.234 seconds
[2026-06-23T22:04:05.109+0000] {processor.py:186} INFO - Started process (PID=10357) to work on /opt/airflow/dags/driven_data_pipeline.py
[2026-06-23T22:04:05.110+0000] {processor.py:914} INFO - Processing file /opt/airflow/dags/driven_data_pipeline.py for tasks to queue
[2026-06-23T22:04:05.112+0000] {logging_mixin.py:190} INFO - [2026-06-23T22:04:05.111+0000] {dagbag.py:588} INFO - Filling up the DagBag from /opt/airflow/dags/driven_data_pipeline.py
[2026-06-23T22:04:05.194+0000] {processor.py:925} INFO - DAG(s) 'extract_raw_data_pipeline' retrieved from /opt/airflow/dags/driven_data_pipeline.py
[2026-06-23T22:04:05.211+0000] {logging_mixin.py:190} INFO - [2026-06-23T22:04:05.211+0000] {dag.py:3239} INFO - Sync 1 DAGs
[2026-06-23T22:04:05.225+0000] {logging_mixin.py:190} INFO - [2026-06-23T22:04:05.225+0000] {dag.py:4180} INFO - Setting next_dagrun for extract_raw_data_pipeline to 2026-06-23 07:59:00+00:00, run_after=2026-06-24 07:00:00+00:00
[2026-06-23T22:04:05.239+0000] {processor.py:208} INFO - Processing /opt/airflow/dags/driven_data_pipeline.py took 0.133 seconds
[2026-06-23T22:04:35.497+0000] {processor.py:186} INFO - Started process (PID=10365) to work on /opt/airflow/dags/driven_data_pipeline.py
[2026-06-23T22:04:35.497+0000] {processor.py:914} INFO - Processing file /opt/airflow/dags/driven_data_pipeline.py for tasks to queue
[2026-06-23T22:04:35.499+0000] {logging_mixin.py:190} INFO - [2026-06-23T22:04:35.499+0000] {dagbag.py:588} INFO - Filling up the DagBag from /opt/airflow/dags/driven_data_pipeline.py
[2026-06-23T22:04:35.587+0000] {processor.py:925} INFO - DAG(s) 'extract_raw_data_pipeline' retrieved from /opt/airflow/dags/driven_data_pipeline.py
[2026-06-23T22:04:35.603+0000] {logging_mixin.py:190} INFO - [2026-06-23T22:04:35.603+0000] {dag.py:3239} INFO - Sync 1 DAGs
[2026-06-23T22:04:35.617+0000] {logging_mixin.py:190} INFO - [2026-06-23T22:04:35.617+0000] {dag.py:4180} INFO - Setting next_dagrun for extract_raw_data_pipeline to 2026-06-23 07:59:00+00:00, run_after=2026-06-24 07:00:00+00:00
[2026-06-23T22:04:35.629+0000] {processor.py:208} INFO - Processing /opt/airflow/dags/driven_data_pipeline.py took 0.136 seconds
[2026-06-23T22:05:05.793+0000] {processor.py:186} INFO - Started process (PID=10373) to work on /opt/airflow/dags/driven_data_pipeline.py
[2026-06-23T22:05:05.794+0000] {processor.py:914} INFO - Processing file /opt/airflow/dags/driven_data_pipeline.py for tasks to queue
[2026-06-23T22:05:05.795+0000] {logging_mixin.py:190} INFO - [2026-06-23T22:05:05.795+0000] {dagbag.py:588} INFO - Filling up the DagBag from /opt/airflow/dags/driven_data_pipeline.py
[2026-06-23T22:05:05.877+0000] {processor.py:925} INFO - DAG(s) 'extract_raw_data_pipeline' retrieved from /opt/airflow/dags/driven_data_pipeline.py
[2026-06-23T22:05:05.892+0000] {logging_mixin.py:190} INFO - [2026-06-23T22:05:05.892+0000] {dag.py:3239} INFO - Sync 1 DAGs
[2026-06-23T22:05:05.907+0000] {logging_mixin.py:190} INFO - [2026-06-23T22:05:05.906+0000] {dag.py:4180} INFO - Setting next_dagrun for extract_raw_data_pipeline to 2026-06-23 07:59:00+00:00, run_after=2026-06-24 07:00:00+00:00
[2026-06-23T22:05:05.919+0000] {processor.py:208} INFO - Processing /opt/airflow/dags/driven_data_pipeline.py took 0.130 seconds
[2026-06-23T22:05:36.186+0000] {processor.py:186} INFO - Started process (PID=10381) to work on /opt/airflow/dags/driven_data_pipeline.py
[2026-06-23T22:05:36.187+0000] {processor.py:914} INFO - Processing file /opt/airflow/dags/driven_data_pipeline.py for tasks to queue
[2026-06-23T22:05:36.189+0000] {logging_mixin.py:190} INFO - [2026-06-23T22:05:36.188+0000] {dagbag.py:588} INFO - Filling up the DagBag from /opt/airflow/dags/driven_data_pipeline.py
[2026-06-23T22:05:36.276+0000] {processor.py:925} INFO - DAG(s) 'extract_raw_data_pipeline' retrieved from /opt/airflow/dags/driven_data_pipeline.py
[2026-06-23T22:05:36.292+0000] {logging_mixin.py:190} INFO - [2026-06-23T22:05:36.292+0000] {dag.py:3239} INFO - Sync 1 DAGs
[2026-06-23T22:05:36.306+0000] {logging_mixin.py:190} INFO - [2026-06-23T22:05:36.305+0000] {dag.py:4180} INFO - Setting next_dagrun for extract_raw_data_pipeline to 2026-06-23 07:59:00+00:00, run_after=2026-06-24 07:00:00+00:00
[2026-06-23T22:05:36.416+0000] {processor.py:208} INFO - Processing /opt/airflow/dags/driven_data_pipeline.py took 0.233 seconds
[2026-06-23T22:06:06.507+0000] {processor.py:186} INFO - Started process (PID=10389) to work on /opt/airflow/dags/driven_data_pipeline.py
[2026-06-23T22:06:06.507+0000] {processor.py:914} INFO - Processing file /opt/airflow/dags/driven_data_pipeline.py for tasks to queue
[2026-06-23T22:06:06.509+0000] {logging_mixin.py:190} INFO - [2026-06-23T22:06:06.509+0000] {dagbag.py:588} INFO - Filling up the DagBag from /opt/airflow/dags/driven_data_pipeline.py
[2026-06-23T22:06:06.597+0000] {processor.py:925} INFO - DAG(s) 'extract_raw_data_pipeline' retrieved from /opt/airflow/dags/driven_data_pipeline.py
[2026-06-23T22:06:06.615+0000] {logging_mixin.py:190} INFO - [2026-06-23T22:06:06.615+0000] {dag.py:3239} INFO - Sync 1 DAGs
[2026-06-23T22:06:06.631+0000] {logging_mixin.py:190} INFO - [2026-06-23T22:06:06.631+0000] {dag.py:4180} INFO - Setting next_dagrun for extract_raw_data_pipeline to 2026-06-23 07:59:00+00:00, run_after=2026-06-24 07:00:00+00:00
[2026-06-23T22:06:06.644+0000] {processor.py:208} INFO - Processing /opt/airflow/dags/driven_data_pipeline.py took 0.141 seconds
[2026-06-23T22:06:36.785+0000] {processor.py:186} INFO - Started process (PID=10397) to work on /opt/airflow/dags/driven_data_pipeline.py
[2026-06-23T22:06:36.786+0000] {processor.py:914} INFO - Processing file /opt/airflow/dags/driven_data_pipeline.py for tasks to queue
[2026-06-23T22:06:36.788+0000] {logging_mixin.py:190} INFO - [2026-06-23T22:06:36.787+0000] {dagbag.py:588} INFO - Filling up the DagBag from /opt/airflow/dags/driven_data_pipeline.py
[2026-06-23T22:06:36.871+0000] {processor.py:925} INFO - DAG(s) 'extract_raw_data_pipeline' retrieved from /opt/airflow/dags/driven_data_pipeline.py
[2026-06-23T22:06:36.887+0000] {logging_mixin.py:190} INFO - [2026-06-23T22:06:36.887+0000] {dag.py:3239} INFO - Sync 1 DAGs
[2026-06-23T22:06:36.901+0000] {logging_mixin.py:190} INFO - [2026-06-23T22:06:36.901+0000] {dag.py:4180} INFO - Setting next_dagrun for extract_raw_data_pipeline to 2026-06-23 07:59:00+00:00, run_after=2026-06-24 07:00:00+00:00
[2026-06-23T22:06:36.914+0000] {processor.py:208} INFO - Processing /opt/airflow/dags/driven_data_pipeline.py took 0.133 seconds
[2026-06-23T22:07:07.242+0000] {processor.py:186} INFO - Started process (PID=10405) to work on /opt/airflow/dags/driven_data_pipeline.py
[2026-06-23T22:07:07.243+0000] {processor.py:914} INFO - Processing file /opt/airflow/dags/driven_data_pipeline.py for tasks to queue
[2026-06-23T22:07:07.245+0000] {logging_mixin.py:190} INFO - [2026-06-23T22:07:07.244+0000] {dagbag.py:588} INFO - Filling up the DagBag from /opt/airflow/dags/driven_data_pipeline.py
[2026-06-23T22:07:07.325+0000] {processor.py:925} INFO - DAG(s) 'extract_raw_data_pipeline' retrieved from /opt/airflow/dags/driven_data_pipeline.py
[2026-06-23T22:07:07.340+0000] {logging_mixin.py:190} INFO - [2026-06-23T22:07:07.339+0000] {dag.py:3239} INFO - Sync 1 DAGs
[2026-06-23T22:07:07.353+0000] {logging_mixin.py:190} INFO - [2026-06-23T22:07:07.353+0000] {dag.py:4180} INFO - Setting next_dagrun for extract_raw_data_pipeline to 2026-06-23 07:59:00+00:00, run_after=2026-06-24 07:00:00+00:00
[2026-06-23T22:07:07.369+0000] {processor.py:208} INFO - Processing /opt/airflow/dags/driven_data_pipeline.py took 0.130 seconds
[2026-06-23T22:07:37.532+0000] {processor.py:186} INFO - Started process (PID=10413) to work on /opt/airflow/dags/driven_data_pipeline.py
[2026-06-23T22:07:37.533+0000] {processor.py:914} INFO - Processing file /opt/airflow/dags/driven_data_pipeline.py for tasks to queue
[2026-06-23T22:07:37.534+0000] {logging_mixin.py:190} INFO - [2026-06-23T22:07:37.534+0000] {dagbag.py:588} INFO - Filling up the DagBag from /opt/airflow/dags/driven_data_pipeline.py
[2026-06-23T22:07:37.716+0000] {processor.py:925} INFO - DAG(s) 'extract_raw_data_pipeline' retrieved from /opt/airflow/dags/driven_data_pipeline.py
[2026-06-23T22:07:37.732+0000] {logging_mixin.py:190} INFO - [2026-06-23T22:07:37.732+0000] {dag.py:3239} INFO - Sync 1 DAGs
[2026-06-23T22:07:37.746+0000] {logging_mixin.py:190} INFO - [2026-06-23T22:07:37.746+0000] {dag.py:4180} INFO - Setting next_dagrun for extract_raw_data_pipeline to 2026-06-23 07:59:00+00:00, run_after=2026-06-24 07:00:00+00:00
[2026-06-23T22:07:37.854+0000] {processor.py:208} INFO - Processing /opt/airflow/dags/driven_data_pipeline.py took 0.325 seconds
[2026-06-23T22:08:07.933+0000] {processor.py:186} INFO - Started process (PID=10420) to work on /opt/airflow/dags/driven_data_pipeline.py
[2026-06-23T22:08:07.934+0000] {processor.py:914} INFO - Processing file /opt/airflow/dags/driven_data_pipeline.py for tasks to queue
[2026-06-23T22:08:07.935+0000] {logging_mixin.py:190} INFO - [2026-06-23T22:08:07.935+0000] {dagbag.py:588} INFO - Filling up the DagBag from /opt/airflow/dags/driven_data_pipeline.py
[2026-06-23T22:08:08.016+0000] {processor.py:925} INFO - DAG(s) 'extract_raw_data_pipeline' retrieved from /opt/airflow/dags/driven_data_pipeline.py
[2026-06-23T22:08:08.032+0000] {logging_mixin.py:190} INFO - [2026-06-23T22:08:08.032+0000] {dag.py:3239} INFO - Sync 1 DAGs
[2026-06-23T22:08:08.046+0000] {logging_mixin.py:190} INFO - [2026-06-23T22:08:08.045+0000] {dag.py:4180} INFO - Setting next_dagrun for extract_raw_data_pipeline to 2026-06-23 07:59:00+00:00, run_after=2026-06-24 07:00:00+00:00
[2026-06-23T22:08:08.059+0000] {processor.py:208} INFO - Processing /opt/airflow/dags/driven_data_pipeline.py took 0.130 seconds
[2026-06-23T22:08:38.212+0000] {processor.py:186} INFO - Started process (PID=10428) to work on /opt/airflow/dags/driven_data_pipeline.py
[2026-06-23T22:08:38.213+0000] {processor.py:914} INFO - Processing file /opt/airflow/dags/driven_data_pipeline.py for tasks to queue
[2026-06-23T22:08:38.214+0000] {logging_mixin.py:190} INFO - [2026-06-23T22:08:38.214+0000] {dagbag.py:588} INFO - Filling up the DagBag from /opt/airflow/dags/driven_data_pipeline.py
[2026-06-23T22:08:38.302+0000] {processor.py:925} INFO - DAG(s) 'extract_raw_data_pipeline' retrieved from /opt/airflow/dags/driven_data_pipeline.py
[2026-06-23T22:08:38.319+0000] {logging_mixin.py:190} INFO - [2026-06-23T22:08:38.318+0000] {dag.py:3239} INFO - Sync 1 DAGs
[2026-06-23T22:08:38.330+0000] {logging_mixin.py:190} INFO - [2026-06-23T22:08:38.330+0000] {dag.py:4180} INFO - Setting next_dagrun for extract_raw_data_pipeline to 2026-06-23 07:59:00+00:00, run_after=2026-06-24 07:00:00+00:00
[2026-06-23T22:08:38.343+0000] {processor.py:208} INFO - Processing /opt/airflow/dags/driven_data_pipeline.py took 0.135 seconds
[2026-06-23T22:09:08.655+0000] {processor.py:186} INFO - Started process (PID=10436) to work on /opt/airflow/dags/driven_data_pipeline.py
[2026-06-23T22:09:08.657+0000] {processor.py:914} INFO - Processing file /opt/airflow/dags/driven_data_pipeline.py for tasks to queue
[2026-06-23T22:09:08.659+0000] {logging_mixin.py:190} INFO - [2026-06-23T22:09:08.658+0000] {dagbag.py:588} INFO - Filling up the DagBag from /opt/airflow/dags/driven_data_pipeline.py
[2026-06-23T22:09:08.746+0000] {processor.py:925} INFO - DAG(s) 'extract_raw_data_pipeline' retrieved from /opt/airflow/dags/driven_data_pipeline.py
[2026-06-23T22:09:08.761+0000] {logging_mixin.py:190} INFO - [2026-06-23T22:09:08.760+0000] {dag.py:3239} INFO - Sync 1 DAGs
[2026-06-23T22:09:08.774+0000] {logging_mixin.py:190} INFO - [2026-06-23T22:09:08.774+0000] {dag.py:4180} INFO - Setting next_dagrun for extract_raw_data_pipeline to 2026-06-23 07:59:00+00:00, run_after=2026-06-24 07:00:00+00:00
[2026-06-23T22:09:08.787+0000] {processor.py:208} INFO - Processing /opt/airflow/dags/driven_data_pipeline.py took 0.137 seconds
[2026-06-23T22:09:38.959+0000] {processor.py:186} INFO - Started process (PID=10443) to work on /opt/airflow/dags/driven_data_pipeline.py
[2026-06-23T22:09:38.960+0000] {processor.py:914} INFO - Processing file /opt/airflow/dags/driven_data_pipeline.py for tasks to queue
[2026-06-23T22:09:38.962+0000] {logging_mixin.py:190} INFO - [2026-06-23T22:09:38.961+0000] {dagbag.py:588} INFO - Filling up the DagBag from /opt/airflow/dags/driven_data_pipeline.py
[2026-06-23T22:09:39.051+0000] {processor.py:925} INFO - DAG(s) 'extract_raw_data_pipeline' retrieved from /opt/airflow/dags/driven_data_pipeline.py
[2026-06-23T22:09:39.065+0000] {logging_mixin.py:190} INFO - [2026-06-23T22:09:39.065+0000] {dag.py:3239} INFO - Sync 1 DAGs
[2026-06-23T22:09:39.077+0000] {logging_mixin.py:190} INFO - [2026-06-23T22:09:39.077+0000] {dag.py:4180} INFO - Setting next_dagrun for extract_raw_data_pipeline to 2026-06-23 07:59:00+00:00, run_after=2026-06-24 07:00:00+00:00
[2026-06-23T22:09:39.201+0000] {processor.py:208} INFO - Processing /opt/airflow/dags/driven_data_pipeline.py took 0.246 seconds
[2026-06-23T22:10:09.401+0000] {processor.py:186} INFO - Started process (PID=10451) to work on /opt/airflow/dags/driven_data_pipeline.py
[2026-06-23T22:10:09.402+0000] {processor.py:914} INFO - Processing file /opt/airflow/dags/driven_data_pipeline.py for tasks to queue
[2026-06-23T22:10:09.403+0000] {logging_mixin.py:190} INFO - [2026-06-23T22:10:09.403+0000] {dagbag.py:588} INFO - Filling up the DagBag from /opt/airflow/dags/driven_data_pipeline.py
[2026-06-23T22:10:09.487+0000] {processor.py:925} INFO - DAG(s) 'extract_raw_data_pipeline' retrieved from /opt/airflow/dags/driven_data_pipeline.py
[2026-06-23T22:10:09.501+0000] {logging_mixin.py:190} INFO - [2026-06-23T22:10:09.501+0000] {dag.py:3239} INFO - Sync 1 DAGs
[2026-06-23T22:10:09.514+0000] {logging_mixin.py:190} INFO - [2026-06-23T22:10:09.514+0000] {dag.py:4180} INFO - Setting next_dagrun for extract_raw_data_pipeline to 2026-06-23 07:59:00+00:00, run_after=2026-06-24 07:00:00+00:00
[2026-06-23T22:10:09.525+0000] {processor.py:208} INFO - Processing /opt/airflow/dags/driven_data_pipeline.py took 0.128 seconds
[2026-06-23T22:10:39.765+0000] {processor.py:186} INFO - Started process (PID=10459) to work on /opt/airflow/dags/driven_data_pipeline.py
[2026-06-23T22:10:39.766+0000] {processor.py:914} INFO - Processing file /opt/airflow/dags/driven_data_pipeline.py for tasks to queue
[2026-06-23T22:10:39.767+0000] {logging_mixin.py:190} INFO - [2026-06-23T22:10:39.767+0000] {dagbag.py:588} INFO - Filling up the DagBag from /opt/airflow/dags/driven_data_pipeline.py
[2026-06-23T22:10:39.849+0000] {processor.py:925} INFO - DAG(s) 'extract_raw_data_pipeline' retrieved from /opt/airflow/dags/driven_data_pipeline.py
[2026-06-23T22:10:39.865+0000] {logging_mixin.py:190} INFO - [2026-06-23T22:10:39.865+0000] {dag.py:3239} INFO - Sync 1 DAGs
[2026-06-23T22:10:39.878+0000] {logging_mixin.py:190} INFO - [2026-06-23T22:10:39.878+0000] {dag.py:4180} INFO - Setting next_dagrun for extract_raw_data_pipeline to 2026-06-23 07:59:00+00:00, run_after=2026-06-24 07:00:00+00:00
[2026-06-23T22:10:39.891+0000] {processor.py:208} INFO - Processing /opt/airflow/dags/driven_data_pipeline.py took 0.129 seconds
[2026-06-23T22:11:10.079+0000] {processor.py:186} INFO - Started process (PID=10467) to work on /opt/airflow/dags/driven_data_pipeline.py
[2026-06-23T22:11:10.080+0000] {processor.py:914} INFO - Processing file /opt/airflow/dags/driven_data_pipeline.py for tasks to queue
[2026-06-23T22:11:10.082+0000] {logging_mixin.py:190} INFO - [2026-06-23T22:11:10.081+0000] {dagbag.py:588} INFO - Filling up the DagBag from /opt/airflow/dags/driven_data_pipeline.py
[2026-06-23T22:11:10.172+0000] {processor.py:925} INFO - DAG(s) 'extract_raw_data_pipeline' retrieved from /opt/airflow/dags/driven_data_pipeline.py
[2026-06-23T22:11:10.187+0000] {logging_mixin.py:190} INFO - [2026-06-23T22:11:10.187+0000] {dag.py:3239} INFO - Sync 1 DAGs
[2026-06-23T22:11:10.199+0000] {logging_mixin.py:190} INFO - [2026-06-23T22:11:10.199+0000] {dag.py:4180} INFO - Setting next_dagrun for extract_raw_data_pipeline to 2026-06-23 07:59:00+00:00, run_after=2026-06-24 07:00:00+00:00
[2026-06-23T22:11:10.214+0000] {processor.py:208} INFO - Processing /opt/airflow/dags/driven_data_pipeline.py took 0.140 seconds
[2026-06-23T22:11:40.520+0000] {processor.py:186} INFO - Started process (PID=10475) to work on /opt/airflow/dags/driven_data_pipeline.py
[2026-06-23T22:11:40.522+0000] {processor.py:914} INFO - Processing file /opt/airflow/dags/driven_data_pipeline.py for tasks to queue
[2026-06-23T22:11:40.523+0000] {logging_mixin.py:190} INFO - [2026-06-23T22:11:40.523+0000] {dagbag.py:588} INFO - Filling up the DagBag from /opt/airflow/dags/driven_data_pipeline.py
[2026-06-23T22:11:40.624+0000] {processor.py:925} INFO - DAG(s) 'extract_raw_data_pipeline' retrieved from /opt/airflow/dags/driven_data_pipeline.py
[2026-06-23T22:11:40.639+0000] {logging_mixin.py:190} INFO - [2026-06-23T22:11:40.638+0000] {dag.py:3239} INFO - Sync 1 DAGs
[2026-06-23T22:11:40.652+0000] {logging_mixin.py:190} INFO - [2026-06-23T22:11:40.652+0000] {dag.py:4180} INFO - Setting next_dagrun for extract_raw_data_pipeline to 2026-06-23 07:59:00+00:00, run_after=2026-06-24 07:00:00+00:00
[2026-06-23T22:11:40.753+0000] {processor.py:208} INFO - Processing /opt/airflow/dags/driven_data_pipeline.py took 0.237 seconds
[2026-06-23T22:12:10.862+0000] {processor.py:186} INFO - Started process (PID=10483) to work on /opt/airflow/dags/driven_data_pipeline.py
[2026-06-23T22:12:10.863+0000] {processor.py:914} INFO - Processing file /opt/airflow/dags/driven_data_pipeline.py for tasks to queue
[2026-06-23T22:12:10.864+0000] {logging_mixin.py:190} INFO - [2026-06-23T22:12:10.864+0000] {dagbag.py:588} INFO - Filling up the DagBag from /opt/airflow/dags/driven_data_pipeline.py
[2026-06-23T22:12:10.953+0000] {processor.py:925} INFO - DAG(s) 'extract_raw_data_pipeline' retrieved from /opt/airflow/dags/driven_data_pipeline.py
[2026-06-23T22:12:10.968+0000] {logging_mixin.py:190} INFO - [2026-06-23T22:12:10.967+0000] {dag.py:3239} INFO - Sync 1 DAGs
[2026-06-23T22:12:10.980+0000] {logging_mixin.py:190} INFO - [2026-06-23T22:12:10.980+0000] {dag.py:4180} INFO - Setting next_dagrun for extract_raw_data_pipeline to 2026-06-23 07:59:00+00:00, run_after=2026-06-24 07:00:00+00:00
[2026-06-23T22:12:10.993+0000] {processor.py:208} INFO - Processing /opt/airflow/dags/driven_data_pipeline.py took 0.134 seconds
[2026-06-23T22:12:41.158+0000] {processor.py:186} INFO - Started process (PID=10491) to work on /opt/airflow/dags/driven_data_pipeline.py
[2026-06-23T22:12:41.159+0000] {processor.py:914} INFO - Processing file /opt/airflow/dags/driven_data_pipeline.py for tasks to queue
[2026-06-23T22:12:41.161+0000] {logging_mixin.py:190} INFO - [2026-06-23T22:12:41.161+0000] {dagbag.py:588} INFO - Filling up the DagBag from /opt/airflow/dags/driven_data_pipeline.py
[2026-06-23T22:12:41.254+0000] {processor.py:925} INFO - DAG(s) 'extract_raw_data_pipeline' retrieved from /opt/airflow/dags/driven_data_pipeline.py
[2026-06-23T22:12:41.269+0000] {logging_mixin.py:190} INFO - [2026-06-23T22:12:41.269+0000] {dag.py:3239} INFO - Sync 1 DAGs
[2026-06-23T22:12:41.281+0000] {logging_mixin.py:190} INFO - [2026-06-23T22:12:41.281+0000] {dag.py:4180} INFO - Setting next_dagrun for extract_raw_data_pipeline to 2026-06-23 07:59:00+00:00, run_after=2026-06-24 07:00:00+00:00
[2026-06-23T22:12:41.293+0000] {processor.py:208} INFO - Processing /opt/airflow/dags/driven_data_pipeline.py took 0.139 seconds
[2026-06-23T22:13:11.584+0000] {processor.py:186} INFO - Started process (PID=10499) to work on /opt/airflow/dags/driven_data_pipeline.py
[2026-06-23T22:13:11.585+0000] {processor.py:914} INFO - Processing file /opt/airflow/dags/driven_data_pipeline.py for tasks to queue
[2026-06-23T22:13:11.586+0000] {logging_mixin.py:190} INFO - [2026-06-23T22:13:11.586+0000] {dagbag.py:588} INFO - Filling up the DagBag from /opt/airflow/dags/driven_data_pipeline.py
[2026-06-23T22:13:11.680+0000] {processor.py:925} INFO - DAG(s) 'extract_raw_data_pipeline' retrieved from /opt/airflow/dags/driven_data_pipeline.py
[2026-06-23T22:13:11.695+0000] {logging_mixin.py:190} INFO - [2026-06-23T22:13:11.695+0000] {dag.py:3239} INFO - Sync 1 DAGs
[2026-06-23T22:13:11.708+0000] {logging_mixin.py:190} INFO - [2026-06-23T22:13:11.708+0000] {dag.py:4180} INFO - Setting next_dagrun for extract_raw_data_pipeline to 2026-06-23 07:59:00+00:00, run_after=2026-06-24 07:00:00+00:00
[2026-06-23T22:13:11.723+0000] {processor.py:208} INFO - Processing /opt/airflow/dags/driven_data_pipeline.py took 0.142 seconds
[2026-06-23T22:13:42.026+0000] {processor.py:186} INFO - Started process (PID=10506) to work on /opt/airflow/dags/driven_data_pipeline.py
[2026-06-23T22:13:42.027+0000] {processor.py:914} INFO - Processing file /opt/airflow/dags/driven_data_pipeline.py for tasks to queue
[2026-06-23T22:13:42.028+0000] {logging_mixin.py:190} INFO - [2026-06-23T22:13:42.028+0000] {dagbag.py:588} INFO - Filling up the DagBag from /opt/airflow/dags/driven_data_pipeline.py
[2026-06-23T22:13:42.110+0000] {processor.py:925} INFO - DAG(s) 'extract_raw_data_pipeline' retrieved from /opt/airflow/dags/driven_data_pipeline.py
[2026-06-23T22:13:42.124+0000] {logging_mixin.py:190} INFO - [2026-06-23T22:13:42.124+0000] {dag.py:3239} INFO - Sync 1 DAGs
[2026-06-23T22:13:42.137+0000] {logging_mixin.py:190} INFO - [2026-06-23T22:13:42.137+0000] {dag.py:4180} INFO - Setting next_dagrun for extract_raw_data_pipeline to 2026-06-23 07:59:00+00:00, run_after=2026-06-24 07:00:00+00:00
[2026-06-23T22:13:42.239+0000] {processor.py:208} INFO - Processing /opt/airflow/dags/driven_data_pipeline.py took 0.216 seconds
[2026-06-23T22:14:12.310+0000] {processor.py:186} INFO - Started process (PID=10514) to work on /opt/airflow/dags/driven_data_pipeline.py
[2026-06-23T22:14:12.311+0000] {processor.py:914} INFO - Processing file /opt/airflow/dags/driven_data_pipeline.py for tasks to queue
[2026-06-23T22:14:12.313+0000] {logging_mixin.py:190} INFO - [2026-06-23T22:14:12.312+0000] {dagbag.py:588} INFO - Filling up the DagBag from /opt/airflow/dags/driven_data_pipeline.py
[2026-06-23T22:14:12.394+0000] {processor.py:925} INFO - DAG(s) 'extract_raw_data_pipeline' retrieved from /opt/airflow/dags/driven_data_pipeline.py
[2026-06-23T22:14:12.410+0000] {logging_mixin.py:190} INFO - [2026-06-23T22:14:12.410+0000] {dag.py:3239} INFO - Sync 1 DAGs
[2026-06-23T22:14:12.423+0000] {logging_mixin.py:190} INFO - [2026-06-23T22:14:12.423+0000] {dag.py:4180} INFO - Setting next_dagrun for extract_raw_data_pipeline to 2026-06-23 07:59:00+00:00, run_after=2026-06-24 07:00:00+00:00
[2026-06-23T22:14:12.436+0000] {processor.py:208} INFO - Processing /opt/airflow/dags/driven_data_pipeline.py took 0.129 seconds
[2026-06-23T22:14:42.569+0000] {processor.py:186} INFO - Started process (PID=10522) to work on /opt/airflow/dags/driven_data_pipeline.py
[2026-06-23T22:14:42.570+0000] {processor.py:914} INFO - Processing file /opt/airflow/dags/driven_data_pipeline.py for tasks to queue
[2026-06-23T22:14:42.572+0000] {logging_mixin.py:190} INFO - [2026-06-23T22:14:42.571+0000] {dagbag.py:588} INFO - Filling up the DagBag from /opt/airflow/dags/driven_data_pipeline.py
[2026-06-23T22:14:42.652+0000] {processor.py:925} INFO - DAG(s) 'extract_raw_data_pipeline' retrieved from /opt/airflow/dags/driven_data_pipeline.py
[2026-06-23T22:14:42.668+0000] {logging_mixin.py:190} INFO - [2026-06-23T22:14:42.667+0000] {dag.py:3239} INFO - Sync 1 DAGs
[2026-06-23T22:14:42.679+0000] {logging_mixin.py:190} INFO - [2026-06-23T22:14:42.679+0000] {dag.py:4180} INFO - Setting next_dagrun for extract_raw_data_pipeline to 2026-06-23 07:59:00+00:00, run_after=2026-06-24 07:00:00+00:00
[2026-06-23T22:14:42.693+0000] {processor.py:208} INFO - Processing /opt/airflow/dags/driven_data_pipeline.py took 0.127 seconds
[2026-06-23T22:15:12.916+0000] {processor.py:186} INFO - Started process (PID=10530) to work on /opt/airflow/dags/driven_data_pipeline.py
[2026-06-23T22:15:12.916+0000] {processor.py:914} INFO - Processing file /opt/airflow/dags/driven_data_pipeline.py for tasks to queue
[2026-06-23T22:15:12.918+0000] {logging_mixin.py:190} INFO - [2026-06-23T22:15:12.918+0000] {dagbag.py:588} INFO - Filling up the DagBag from /opt/airflow/dags/driven_data_pipeline.py
[2026-06-23T22:15:13.012+0000] {processor.py:925} INFO - DAG(s) 'extract_raw_data_pipeline' retrieved from /opt/airflow/dags/driven_data_pipeline.py
[2026-06-23T22:15:13.028+0000] {logging_mixin.py:190} INFO - [2026-06-23T22:15:13.028+0000] {dag.py:3239} INFO - Sync 1 DAGs
[2026-06-23T22:15:13.041+0000] {logging_mixin.py:190} INFO - [2026-06-23T22:15:13.041+0000] {dag.py:4180} INFO - Setting next_dagrun for extract_raw_data_pipeline to 2026-06-23 07:59:00+00:00, run_after=2026-06-24 07:00:00+00:00
[2026-06-23T22:15:13.055+0000] {processor.py:208} INFO - Processing /opt/airflow/dags/driven_data_pipeline.py took 0.143 seconds
[2026-06-23T22:15:43.200+0000] {processor.py:186} INFO - Started process (PID=10538) to work on /opt/airflow/dags/driven_data_pipeline.py
[2026-06-23T22:15:43.201+0000] {processor.py:914} INFO - Processing file /opt/airflow/dags/driven_data_pipeline.py for tasks to queue
[2026-06-23T22:15:43.202+0000] {logging_mixin.py:190} INFO - [2026-06-23T22:15:43.202+0000] {dagbag.py:588} INFO - Filling up the DagBag from /opt/airflow/dags/driven_data_pipeline.py
[2026-06-23T22:15:43.288+0000] {processor.py:925} INFO - DAG(s) 'extract_raw_data_pipeline' retrieved from /opt/airflow/dags/driven_data_pipeline.py
[2026-06-23T22:15:43.305+0000] {logging_mixin.py:190} INFO - [2026-06-23T22:15:43.304+0000] {dag.py:3239} INFO - Sync 1 DAGs
[2026-06-23T22:15:43.318+0000] {logging_mixin.py:190} INFO - [2026-06-23T22:15:43.318+0000] {dag.py:4180} INFO - Setting next_dagrun for extract_raw_data_pipeline to 2026-06-23 07:59:00+00:00, run_after=2026-06-24 07:00:00+00:00
[2026-06-23T22:15:43.444+0000] {processor.py:208} INFO - Processing /opt/airflow/dags/driven_data_pipeline.py took 0.247 seconds
[2026-06-23T22:16:13.542+0000] {processor.py:186} INFO - Started process (PID=10546) to work on /opt/airflow/dags/driven_data_pipeline.py
[2026-06-23T22:16:13.543+0000] {processor.py:914} INFO - Processing file /opt/airflow/dags/driven_data_pipeline.py for tasks to queue
[2026-06-23T22:16:13.545+0000] {logging_mixin.py:190} INFO - [2026-06-23T22:16:13.544+0000] {dagbag.py:588} INFO - Filling up the DagBag from /opt/airflow/dags/driven_data_pipeline.py
[2026-06-23T22:16:13.628+0000] {processor.py:925} INFO - DAG(s) 'extract_raw_data_pipeline' retrieved from /opt/airflow/dags/driven_data_pipeline.py
[2026-06-23T22:16:13.643+0000] {logging_mixin.py:190} INFO - [2026-06-23T22:16:13.643+0000] {dag.py:3239} INFO - Sync 1 DAGs
[2026-06-23T22:16:13.658+0000] {logging_mixin.py:190} INFO - [2026-06-23T22:16:13.658+0000] {dag.py:4180} INFO - Setting next_dagrun for extract_raw_data_pipeline to 2026-06-23 07:59:00+00:00, run_after=2026-06-24 07:00:00+00:00
[2026-06-23T22:16:13.674+0000] {processor.py:208} INFO - Processing /opt/airflow/dags/driven_data_pipeline.py took 0.135 seconds
[2026-06-23T22:16:43.900+0000] {processor.py:186} INFO - Started process (PID=10554) to work on /opt/airflow/dags/driven_data_pipeline.py
[2026-06-23T22:16:43.901+0000] {processor.py:914} INFO - Processing file /opt/airflow/dags/driven_data_pipeline.py for tasks to queue
[2026-06-23T22:16:43.903+0000] {logging_mixin.py:190} INFO - [2026-06-23T22:16:43.902+0000] {dagbag.py:588} INFO - Filling up the DagBag from /opt/airflow/dags/driven_data_pipeline.py
[2026-06-23T22:16:43.988+0000] {processor.py:925} INFO - DAG(s) 'extract_raw_data_pipeline' retrieved from /opt/airflow/dags/driven_data_pipeline.py
[2026-06-23T22:16:44.006+0000] {logging_mixin.py:190} INFO - [2026-06-23T22:16:44.006+0000] {dag.py:3239} INFO - Sync 1 DAGs
[2026-06-23T22:16:44.020+0000] {logging_mixin.py:190} INFO - [2026-06-23T22:16:44.020+0000] {dag.py:4180} INFO - Setting next_dagrun for extract_raw_data_pipeline to 2026-06-23 07:59:00+00:00, run_after=2026-06-24 07:00:00+00:00
[2026-06-23T22:16:44.034+0000] {processor.py:208} INFO - Processing /opt/airflow/dags/driven_data_pipeline.py took 0.138 seconds
[2026-06-23T22:17:14.356+0000] {processor.py:186} INFO - Started process (PID=10562) to work on /opt/airflow/dags/driven_data_pipeline.py
[2026-06-23T22:17:14.361+0000] {processor.py:914} INFO - Processing file /opt/airflow/dags/driven_data_pipeline.py for tasks to queue
[2026-06-23T22:17:14.363+0000] {logging_mixin.py:190} INFO - [2026-06-23T22:17:14.362+0000] {dagbag.py:588} INFO - Filling up the DagBag from /opt/airflow/dags/driven_data_pipeline.py
[2026-06-23T22:17:14.461+0000] {processor.py:925} INFO - DAG(s) 'extract_raw_data_pipeline' retrieved from /opt/airflow/dags/driven_data_pipeline.py
[2026-06-23T22:17:14.477+0000] {logging_mixin.py:190} INFO - [2026-06-23T22:17:14.477+0000] {dag.py:3239} INFO - Sync 1 DAGs
[2026-06-23T22:17:14.490+0000] {logging_mixin.py:190} INFO - [2026-06-23T22:17:14.490+0000] {dag.py:4180} INFO - Setting next_dagrun for extract_raw_data_pipeline to 2026-06-23 07:59:00+00:00, run_after=2026-06-24 07:00:00+00:00
[2026-06-23T22:17:14.504+0000] {processor.py:208} INFO - Processing /opt/airflow/dags/driven_data_pipeline.py took 0.152 seconds
[2026-06-23T22:17:44.737+0000] {processor.py:186} INFO - Started process (PID=10570) to work on /opt/airflow/dags/driven_data_pipeline.py
[2026-06-23T22:17:44.738+0000] {processor.py:914} INFO - Processing file /opt/airflow/dags/driven_data_pipeline.py for tasks to queue
[2026-06-23T22:17:44.739+0000] {logging_mixin.py:190} INFO - [2026-06-23T22:17:44.739+0000] {dagbag.py:588} INFO - Filling up the DagBag from /opt/airflow/dags/driven_data_pipeline.py
[2026-06-23T22:17:44.826+0000] {processor.py:925} INFO - DAG(s) 'extract_raw_data_pipeline' retrieved from /opt/airflow/dags/driven_data_pipeline.py
[2026-06-23T22:17:44.842+0000] {logging_mixin.py:190} INFO - [2026-06-23T22:17:44.842+0000] {dag.py:3239} INFO - Sync 1 DAGs
[2026-06-23T22:17:44.857+0000] {logging_mixin.py:190} INFO - [2026-06-23T22:17:44.857+0000] {dag.py:4180} INFO - Setting next_dagrun for extract_raw_data_pipeline to 2026-06-23 07:59:00+00:00, run_after=2026-06-24 07:00:00+00:00
[2026-06-23T22:17:44.981+0000] {processor.py:208} INFO - Processing /opt/airflow/dags/driven_data_pipeline.py took 0.247 seconds
[2026-06-23T22:18:15.090+0000] {processor.py:186} INFO - Started process (PID=10578) to work on /opt/airflow/dags/driven_data_pipeline.py
[2026-06-23T22:18:15.091+0000] {processor.py:914} INFO - Processing file /opt/airflow/dags/driven_data_pipeline.py for tasks to queue
[2026-06-23T22:18:15.095+0000] {logging_mixin.py:190} INFO - [2026-06-23T22:18:15.094+0000] {dagbag.py:588} INFO - Filling up the DagBag from /opt/airflow/dags/driven_data_pipeline.py
[2026-06-23T22:18:15.215+0000] {processor.py:925} INFO - DAG(s) 'extract_raw_data_pipeline' retrieved from /opt/airflow/dags/driven_data_pipeline.py
[2026-06-23T22:18:15.234+0000] {logging_mixin.py:190} INFO - [2026-06-23T22:18:15.234+0000] {dag.py:3239} INFO - Sync 1 DAGs
[2026-06-23T22:18:15.341+0000] {logging_mixin.py:190} INFO - [2026-06-23T22:18:15.341+0000] {dag.py:4180} INFO - Setting next_dagrun for extract_raw_data_pipeline to 2026-06-23 07:59:00+00:00, run_after=2026-06-24 07:00:00+00:00
[2026-06-23T22:18:15.353+0000] {processor.py:208} INFO - Processing /opt/airflow/dags/driven_data_pipeline.py took 0.270 seconds
[2026-06-23T22:18:45.531+0000] {processor.py:186} INFO - Started process (PID=10586) to work on /opt/airflow/dags/driven_data_pipeline.py
[2026-06-23T22:18:45.531+0000] {processor.py:914} INFO - Processing file /opt/airflow/dags/driven_data_pipeline.py for tasks to queue
[2026-06-23T22:18:45.533+0000] {logging_mixin.py:190} INFO - [2026-06-23T22:18:45.533+0000] {dagbag.py:588} INFO - Filling up the DagBag from /opt/airflow/dags/driven_data_pipeline.py
[2026-06-23T22:18:45.617+0000] {processor.py:925} INFO - DAG(s) 'extract_raw_data_pipeline' retrieved from /opt/airflow/dags/driven_data_pipeline.py
[2026-06-23T22:18:45.634+0000] {logging_mixin.py:190} INFO - [2026-06-23T22:18:45.634+0000] {dag.py:3239} INFO - Sync 1 DAGs
[2026-06-23T22:18:45.648+0000] {logging_mixin.py:190} INFO - [2026-06-23T22:18:45.648+0000] {dag.py:4180} INFO - Setting next_dagrun for extract_raw_data_pipeline to 2026-06-23 07:59:00+00:00, run_after=2026-06-24 07:00:00+00:00
[2026-06-23T22:18:45.665+0000] {processor.py:208} INFO - Processing /opt/airflow/dags/driven_data_pipeline.py took 0.138 seconds
[2026-06-23T22:19:15.853+0000] {processor.py:186} INFO - Started process (PID=10594) to work on /opt/airflow/dags/driven_data_pipeline.py
[2026-06-23T22:19:15.854+0000] {processor.py:914} INFO - Processing file /opt/airflow/dags/driven_data_pipeline.py for tasks to queue
[2026-06-23T22:19:15.855+0000] {logging_mixin.py:190} INFO - [2026-06-23T22:19:15.855+0000] {dagbag.py:588} INFO - Filling up the DagBag from /opt/airflow/dags/driven_data_pipeline.py
[2026-06-23T22:19:15.945+0000] {processor.py:925} INFO - DAG(s) 'extract_raw_data_pipeline' retrieved from /opt/airflow/dags/driven_data_pipeline.py
[2026-06-23T22:19:15.960+0000] {logging_mixin.py:190} INFO - [2026-06-23T22:19:15.960+0000] {dag.py:3239} INFO - Sync 1 DAGs
[2026-06-23T22:19:15.974+0000] {logging_mixin.py:190} INFO - [2026-06-23T22:19:15.974+0000] {dag.py:4180} INFO - Setting next_dagrun for extract_raw_data_pipeline to 2026-06-23 07:59:00+00:00, run_after=2026-06-24 07:00:00+00:00
[2026-06-23T22:19:15.991+0000] {processor.py:208} INFO - Processing /opt/airflow/dags/driven_data_pipeline.py took 0.142 seconds
[2026-06-23T22:19:46.174+0000] {processor.py:186} INFO - Started process (PID=10602) to work on /opt/airflow/dags/driven_data_pipeline.py
[2026-06-23T22:19:46.175+0000] {processor.py:914} INFO - Processing file /opt/airflow/dags/driven_data_pipeline.py for tasks to queue
[2026-06-23T22:19:46.176+0000] {logging_mixin.py:190} INFO - [2026-06-23T22:19:46.176+0000] {dagbag.py:588} INFO - Filling up the DagBag from /opt/airflow/dags/driven_data_pipeline.py
[2026-06-23T22:19:46.268+0000] {processor.py:925} INFO - DAG(s) 'extract_raw_data_pipeline' retrieved from /opt/airflow/dags/driven_data_pipeline.py
[2026-06-23T22:19:46.283+0000] {logging_mixin.py:190} INFO - [2026-06-23T22:19:46.283+0000] {dag.py:3239} INFO - Sync 1 DAGs
[2026-06-23T22:19:46.297+0000] {logging_mixin.py:190} INFO - [2026-06-23T22:19:46.297+0000] {dag.py:4180} INFO - Setting next_dagrun for extract_raw_data_pipeline to 2026-06-23 07:59:00+00:00, run_after=2026-06-24 07:00:00+00:00
[2026-06-23T22:19:46.410+0000] {processor.py:208} INFO - Processing /opt/airflow/dags/driven_data_pipeline.py took 0.240 seconds
[2026-06-23T22:20:16.492+0000] {processor.py:186} INFO - Started process (PID=10609) to work on /opt/airflow/dags/driven_data_pipeline.py
[2026-06-23T22:20:16.492+0000] {processor.py:914} INFO - Processing file /opt/airflow/dags/driven_data_pipeline.py for tasks to queue
[2026-06-23T22:20:16.494+0000] {logging_mixin.py:190} INFO - [2026-06-23T22:20:16.494+0000] {dagbag.py:588} INFO - Filling up the DagBag from /opt/airflow/dags/driven_data_pipeline.py
[2026-06-23T22:20:16.580+0000] {processor.py:925} INFO - DAG(s) 'extract_raw_data_pipeline' retrieved from /opt/airflow/dags/driven_data_pipeline.py
[2026-06-23T22:20:16.597+0000] {logging_mixin.py:190} INFO - [2026-06-23T22:20:16.597+0000] {dag.py:3239} INFO - Sync 1 DAGs
[2026-06-23T22:20:16.711+0000] {logging_mixin.py:190} INFO - [2026-06-23T22:20:16.711+0000] {dag.py:4180} INFO - Setting next_dagrun for extract_raw_data_pipeline to 2026-06-23 07:59:00+00:00, run_after=2026-06-24 07:00:00+00:00
[2026-06-23T22:20:16.723+0000] {processor.py:208} INFO - Processing /opt/airflow/dags/driven_data_pipeline.py took 0.235 seconds
[2026-06-23T22:20:46.971+0000] {processor.py:186} INFO - Started process (PID=10618) to work on /opt/airflow/dags/driven_data_pipeline.py
[2026-06-23T22:20:46.972+0000] {processor.py:914} INFO - Processing file /opt/airflow/dags/driven_data_pipeline.py for tasks to queue
[2026-06-23T22:20:46.973+0000] {logging_mixin.py:190} INFO - [2026-06-23T22:20:46.973+0000] {dagbag.py:588} INFO - Filling up the DagBag from /opt/airflow/dags/driven_data_pipeline.py
[2026-06-23T22:20:47.084+0000] {processor.py:925} INFO - DAG(s) 'extract_raw_data_pipeline' retrieved from /opt/airflow/dags/driven_data_pipeline.py
[2026-06-23T22:20:47.102+0000] {logging_mixin.py:190} INFO - [2026-06-23T22:20:47.102+0000] {dag.py:3239} INFO - Sync 1 DAGs
[2026-06-23T22:20:47.117+0000] {logging_mixin.py:190} INFO - [2026-06-23T22:20:47.116+0000] {dag.py:4180} INFO - Setting next_dagrun for extract_raw_data_pipeline to 2026-06-23 07:59:00+00:00, run_after=2026-06-24 07:00:00+00:00
[2026-06-23T22:20:47.131+0000] {processor.py:208} INFO - Processing /opt/airflow/dags/driven_data_pipeline.py took 0.163 seconds
[2026-06-23T22:21:17.381+0000] {processor.py:186} INFO - Started process (PID=10626) to work on /opt/airflow/dags/driven_data_pipeline.py
[2026-06-23T22:21:17.382+0000] {processor.py:914} INFO - Processing file /opt/airflow/dags/driven_data_pipeline.py for tasks to queue
[2026-06-23T22:21:17.384+0000] {logging_mixin.py:190} INFO - [2026-06-23T22:21:17.384+0000] {dagbag.py:588} INFO - Filling up the DagBag from /opt/airflow/dags/driven_data_pipeline.py
[2026-06-23T22:21:17.467+0000] {processor.py:925} INFO - DAG(s) 'extract_raw_data_pipeline' retrieved from /opt/airflow/dags/driven_data_pipeline.py
[2026-06-23T22:21:17.483+0000] {logging_mixin.py:190} INFO - [2026-06-23T22:21:17.482+0000] {dag.py:3239} INFO - Sync 1 DAGs
[2026-06-23T22:21:17.496+0000] {logging_mixin.py:190} INFO - [2026-06-23T22:21:17.496+0000] {dag.py:4180} INFO - Setting next_dagrun for extract_raw_data_pipeline to 2026-06-23 07:59:00+00:00, run_after=2026-06-24 07:00:00+00:00
[2026-06-23T22:21:17.512+0000] {processor.py:208} INFO - Processing /opt/airflow/dags/driven_data_pipeline.py took 0.134 seconds
[2026-06-23T22:21:47.656+0000] {processor.py:186} INFO - Started process (PID=10634) to work on /opt/airflow/dags/driven_data_pipeline.py
[2026-06-23T22:21:47.657+0000] {processor.py:914} INFO - Processing file /opt/airflow/dags/driven_data_pipeline.py for tasks to queue
[2026-06-23T22:21:47.659+0000] {logging_mixin.py:190} INFO - [2026-06-23T22:21:47.658+0000] {dagbag.py:588} INFO - Filling up the DagBag from /opt/airflow/dags/driven_data_pipeline.py
[2026-06-23T22:21:47.748+0000] {processor.py:925} INFO - DAG(s) 'extract_raw_data_pipeline' retrieved from /opt/airflow/dags/driven_data_pipeline.py
[2026-06-23T22:21:47.765+0000] {logging_mixin.py:190} INFO - [2026-06-23T22:21:47.765+0000] {dag.py:3239} INFO - Sync 1 DAGs
[2026-06-23T22:21:47.778+0000] {logging_mixin.py:190} INFO - [2026-06-23T22:21:47.778+0000] {dag.py:4180} INFO - Setting next_dagrun for extract_raw_data_pipeline to 2026-06-23 07:59:00+00:00, run_after=2026-06-24 07:00:00+00:00
[2026-06-23T22:21:47.891+0000] {processor.py:208} INFO - Processing /opt/airflow/dags/driven_data_pipeline.py took 0.238 seconds
[2026-06-23T22:22:18.108+0000] {processor.py:186} INFO - Started process (PID=10642) to work on /opt/airflow/dags/driven_data_pipeline.py
[2026-06-23T22:22:18.109+0000] {processor.py:914} INFO - Processing file /opt/airflow/dags/driven_data_pipeline.py for tasks to queue
[2026-06-23T22:22:18.111+0000] {logging_mixin.py:190} INFO - [2026-06-23T22:22:18.110+0000] {dagbag.py:588} INFO - Filling up the DagBag from /opt/airflow/dags/driven_data_pipeline.py
[2026-06-23T22:22:18.192+0000] {processor.py:925} INFO - DAG(s) 'extract_raw_data_pipeline' retrieved from /opt/airflow/dags/driven_data_pipeline.py
[2026-06-23T22:22:18.206+0000] {logging_mixin.py:190} INFO - [2026-06-23T22:22:18.206+0000] {dag.py:3239} INFO - Sync 1 DAGs
[2026-06-23T22:22:18.308+0000] {logging_mixin.py:190} INFO - [2026-06-23T22:22:18.307+0000] {dag.py:4180} INFO - Setting next_dagrun for extract_raw_data_pipeline to 2026-06-23 07:59:00+00:00, run_after=2026-06-24 07:00:00+00:00
[2026-06-23T22:22:18.323+0000] {processor.py:208} INFO - Processing /opt/airflow/dags/driven_data_pipeline.py took 0.218 seconds
[2026-06-23T22:22:48.523+0000] {processor.py:186} INFO - Started process (PID=10650) to work on /opt/airflow/dags/driven_data_pipeline.py
[2026-06-23T22:22:48.524+0000] {processor.py:914} INFO - Processing file /opt/airflow/dags/driven_data_pipeline.py for tasks to queue
[2026-06-23T22:22:48.526+0000] {logging_mixin.py:190} INFO - [2026-06-23T22:22:48.526+0000] {dagbag.py:588} INFO - Filling up the DagBag from /opt/airflow/dags/driven_data_pipeline.py
[2026-06-23T22:22:48.607+0000] {processor.py:925} INFO - DAG(s) 'extract_raw_data_pipeline' retrieved from /opt/airflow/dags/driven_data_pipeline.py
[2026-06-23T22:22:48.621+0000] {logging_mixin.py:190} INFO - [2026-06-23T22:22:48.621+0000] {dag.py:3239} INFO - Sync 1 DAGs
[2026-06-23T22:22:48.633+0000] {logging_mixin.py:190} INFO - [2026-06-23T22:22:48.633+0000] {dag.py:4180} INFO - Setting next_dagrun for extract_raw_data_pipeline to 2026-06-23 07:59:00+00:00, run_after=2026-06-24 07:00:00+00:00
[2026-06-23T22:22:48.645+0000] {processor.py:208} INFO - Processing /opt/airflow/dags/driven_data_pipeline.py took 0.125 seconds
[2026-06-23T22:23:18.941+0000] {processor.py:186} INFO - Started process (PID=10657) to work on /opt/airflow/dags/driven_data_pipeline.py
[2026-06-23T22:23:18.941+0000] {processor.py:914} INFO - Processing file /opt/airflow/dags/driven_data_pipeline.py for tasks to queue
[2026-06-23T22:23:18.943+0000] {logging_mixin.py:190} INFO - [2026-06-23T22:23:18.943+0000] {dagbag.py:588} INFO - Filling up the DagBag from /opt/airflow/dags/driven_data_pipeline.py
[2026-06-23T22:23:19.030+0000] {processor.py:925} INFO - DAG(s) 'extract_raw_data_pipeline' retrieved from /opt/airflow/dags/driven_data_pipeline.py
[2026-06-23T22:23:19.046+0000] {logging_mixin.py:190} INFO - [2026-06-23T22:23:19.046+0000] {dag.py:3239} INFO - Sync 1 DAGs
[2026-06-23T22:23:19.059+0000] {logging_mixin.py:190} INFO - [2026-06-23T22:23:19.059+0000] {dag.py:4180} INFO - Setting next_dagrun for extract_raw_data_pipeline to 2026-06-23 07:59:00+00:00, run_after=2026-06-24 07:00:00+00:00
[2026-06-23T22:23:19.072+0000] {processor.py:208} INFO - Processing /opt/airflow/dags/driven_data_pipeline.py took 0.135 seconds
[2026-06-23T22:23:49.236+0000] {processor.py:186} INFO - Started process (PID=10665) to work on /opt/airflow/dags/driven_data_pipeline.py
[2026-06-23T22:23:49.237+0000] {processor.py:914} INFO - Processing file /opt/airflow/dags/driven_data_pipeline.py for tasks to queue
[2026-06-23T22:23:49.238+0000] {logging_mixin.py:190} INFO - [2026-06-23T22:23:49.238+0000] {dagbag.py:588} INFO - Filling up the DagBag from /opt/airflow/dags/driven_data_pipeline.py
[2026-06-23T22:23:49.323+0000] {processor.py:925} INFO - DAG(s) 'extract_raw_data_pipeline' retrieved from /opt/airflow/dags/driven_data_pipeline.py
[2026-06-23T22:23:49.338+0000] {logging_mixin.py:190} INFO - [2026-06-23T22:23:49.338+0000] {dag.py:3239} INFO - Sync 1 DAGs
[2026-06-23T22:23:49.352+0000] {logging_mixin.py:190} INFO - [2026-06-23T22:23:49.352+0000] {dag.py:4180} INFO - Setting next_dagrun for extract_raw_data_pipeline to 2026-06-23 07:59:00+00:00, run_after=2026-06-24 07:00:00+00:00
[2026-06-23T22:23:49.467+0000] {processor.py:208} INFO - Processing /opt/airflow/dags/driven_data_pipeline.py took 0.235 seconds
[2026-06-23T22:24:19.684+0000] {processor.py:186} INFO - Started process (PID=10673) to work on /opt/airflow/dags/driven_data_pipeline.py
[2026-06-23T22:24:19.685+0000] {processor.py:914} INFO - Processing file /opt/airflow/dags/driven_data_pipeline.py for tasks to queue
[2026-06-23T22:24:19.687+0000] {logging_mixin.py:190} INFO - [2026-06-23T22:24:19.686+0000] {dagbag.py:588} INFO - Filling up the DagBag from /opt/airflow/dags/driven_data_pipeline.py
[2026-06-23T22:24:19.769+0000] {processor.py:925} INFO - DAG(s) 'extract_raw_data_pipeline' retrieved from /opt/airflow/dags/driven_data_pipeline.py
[2026-06-23T22:24:19.784+0000] {logging_mixin.py:190} INFO - [2026-06-23T22:24:19.784+0000] {dag.py:3239} INFO - Sync 1 DAGs
[2026-06-23T22:24:19.891+0000] {logging_mixin.py:190} INFO - [2026-06-23T22:24:19.890+0000] {dag.py:4180} INFO - Setting next_dagrun for extract_raw_data_pipeline to 2026-06-23 07:59:00+00:00, run_after=2026-06-24 07:00:00+00:00
[2026-06-23T22:24:19.902+0000] {processor.py:208} INFO - Processing /opt/airflow/dags/driven_data_pipeline.py took 0.222 seconds
[2026-06-23T22:24:50.005+0000] {processor.py:186} INFO - Started process (PID=10681) to work on /opt/airflow/dags/driven_data_pipeline.py
[2026-06-23T22:24:50.006+0000] {processor.py:914} INFO - Processing file /opt/airflow/dags/driven_data_pipeline.py for tasks to queue
[2026-06-23T22:24:50.007+0000] {logging_mixin.py:190} INFO - [2026-06-23T22:24:50.007+0000] {dagbag.py:588} INFO - Filling up the DagBag from /opt/airflow/dags/driven_data_pipeline.py
[2026-06-23T22:24:50.087+0000] {processor.py:925} INFO - DAG(s) 'extract_raw_data_pipeline' retrieved from /opt/airflow/dags/driven_data_pipeline.py
[2026-06-23T22:24:50.104+0000] {logging_mixin.py:190} INFO - [2026-06-23T22:24:50.104+0000] {dag.py:3239} INFO - Sync 1 DAGs
[2026-06-23T22:24:50.119+0000] {logging_mixin.py:190} INFO - [2026-06-23T22:24:50.119+0000] {dag.py:4180} INFO - Setting next_dagrun for extract_raw_data_pipeline to 2026-06-23 07:59:00+00:00, run_after=2026-06-24 07:00:00+00:00
[2026-06-23T22:24:50.132+0000] {processor.py:208} INFO - Processing /opt/airflow/dags/driven_data_pipeline.py took 0.130 seconds
[2026-06-23T22:25:20.389+0000] {processor.py:186} INFO - Started process (PID=10689) to work on /opt/airflow/dags/driven_data_pipeline.py
[2026-06-23T22:25:20.390+0000] {processor.py:914} INFO - Processing file /opt/airflow/dags/driven_data_pipeline.py for tasks to queue
[2026-06-23T22:25:20.391+0000] {logging_mixin.py:190} INFO - [2026-06-23T22:25:20.391+0000] {dagbag.py:588} INFO - Filling up the DagBag from /opt/airflow/dags/driven_data_pipeline.py
[2026-06-23T22:25:20.475+0000] {processor.py:925} INFO - DAG(s) 'extract_raw_data_pipeline' retrieved from /opt/airflow/dags/driven_data_pipeline.py
[2026-06-23T22:25:20.489+0000] {logging_mixin.py:190} INFO - [2026-06-23T22:25:20.489+0000] {dag.py:3239} INFO - Sync 1 DAGs
[2026-06-23T22:25:20.501+0000] {logging_mixin.py:190} INFO - [2026-06-23T22:25:20.500+0000] {dag.py:4180} INFO - Setting next_dagrun for extract_raw_data_pipeline to 2026-06-23 07:59:00+00:00, run_after=2026-06-24 07:00:00+00:00
[2026-06-23T22:25:20.511+0000] {processor.py:208} INFO - Processing /opt/airflow/dags/driven_data_pipeline.py took 0.126 seconds
[2026-06-23T22:25:50.731+0000] {processor.py:186} INFO - Started process (PID=10697) to work on /opt/airflow/dags/driven_data_pipeline.py
[2026-06-23T22:25:50.732+0000] {processor.py:914} INFO - Processing file /opt/airflow/dags/driven_data_pipeline.py for tasks to queue
[2026-06-23T22:25:50.734+0000] {logging_mixin.py:190} INFO - [2026-06-23T22:25:50.734+0000] {dagbag.py:588} INFO - Filling up the DagBag from /opt/airflow/dags/driven_data_pipeline.py
[2026-06-23T22:25:50.830+0000] {processor.py:925} INFO - DAG(s) 'extract_raw_data_pipeline' retrieved from /opt/airflow/dags/driven_data_pipeline.py
[2026-06-23T22:25:50.845+0000] {logging_mixin.py:190} INFO - [2026-06-23T22:25:50.845+0000] {dag.py:3239} INFO - Sync 1 DAGs
[2026-06-23T22:25:50.858+0000] {logging_mixin.py:190} INFO - [2026-06-23T22:25:50.858+0000] {dag.py:4180} INFO - Setting next_dagrun for extract_raw_data_pipeline to 2026-06-23 07:59:00+00:00, run_after=2026-06-24 07:00:00+00:00
[2026-06-23T22:25:50.963+0000] {processor.py:208} INFO - Processing /opt/airflow/dags/driven_data_pipeline.py took 0.236 seconds
[2026-06-23T22:26:21.081+0000] {processor.py:186} INFO - Started process (PID=10705) to work on /opt/airflow/dags/driven_data_pipeline.py
[2026-06-23T22:26:21.082+0000] {processor.py:914} INFO - Processing file /opt/airflow/dags/driven_data_pipeline.py for tasks to queue
[2026-06-23T22:26:21.083+0000] {logging_mixin.py:190} INFO - [2026-06-23T22:26:21.083+0000] {dagbag.py:588} INFO - Filling up the DagBag from /opt/airflow/dags/driven_data_pipeline.py
[2026-06-23T22:26:21.179+0000] {processor.py:925} INFO - DAG(s) 'extract_raw_data_pipeline' retrieved from /opt/airflow/dags/driven_data_pipeline.py
[2026-06-23T22:26:21.195+0000] {logging_mixin.py:190} INFO - [2026-06-23T22:26:21.195+0000] {dag.py:3239} INFO - Sync 1 DAGs
[2026-06-23T22:26:21.296+0000] {logging_mixin.py:190} INFO - [2026-06-23T22:26:21.296+0000] {dag.py:4180} INFO - Setting next_dagrun for extract_raw_data_pipeline to 2026-06-23 07:59:00+00:00, run_after=2026-06-24 07:00:00+00:00
[2026-06-23T22:26:21.308+0000] {processor.py:208} INFO - Processing /opt/airflow/dags/driven_data_pipeline.py took 0.232 seconds
[2026-06-23T22:26:51.537+0000] {processor.py:186} INFO - Started process (PID=10713) to work on /opt/airflow/dags/driven_data_pipeline.py
[2026-06-23T22:26:51.538+0000] {processor.py:914} INFO - Processing file /opt/airflow/dags/driven_data_pipeline.py for tasks to queue
[2026-06-23T22:26:51.540+0000] {logging_mixin.py:190} INFO - [2026-06-23T22:26:51.540+0000] {dagbag.py:588} INFO - Filling up the DagBag from /opt/airflow/dags/driven_data_pipeline.py
[2026-06-23T22:26:51.630+0000] {processor.py:925} INFO - DAG(s) 'extract_raw_data_pipeline' retrieved from /opt/airflow/dags/driven_data_pipeline.py
[2026-06-23T22:26:51.654+0000] {logging_mixin.py:190} INFO - [2026-06-23T22:26:51.653+0000] {dag.py:3239} INFO - Sync 1 DAGs
[2026-06-23T22:26:51.666+0000] {logging_mixin.py:190} INFO - [2026-06-23T22:26:51.666+0000] {dag.py:4180} INFO - Setting next_dagrun for extract_raw_data_pipeline to 2026-06-23 07:59:00+00:00, run_after=2026-06-24 07:00:00+00:00
[2026-06-23T22:26:51.679+0000] {processor.py:208} INFO - Processing /opt/airflow/dags/driven_data_pipeline.py took 0.146 seconds
[2026-06-23T22:27:21.860+0000] {processor.py:186} INFO - Started process (PID=10721) to work on /opt/airflow/dags/driven_data_pipeline.py
[2026-06-23T22:27:21.861+0000] {processor.py:914} INFO - Processing file /opt/airflow/dags/driven_data_pipeline.py for tasks to queue
[2026-06-23T22:27:21.863+0000] {logging_mixin.py:190} INFO - [2026-06-23T22:27:21.863+0000] {dagbag.py:588} INFO - Filling up the DagBag from /opt/airflow/dags/driven_data_pipeline.py
[2026-06-23T22:27:21.957+0000] {processor.py:925} INFO - DAG(s) 'extract_raw_data_pipeline' retrieved from /opt/airflow/dags/driven_data_pipeline.py
[2026-06-23T22:27:21.971+0000] {logging_mixin.py:190} INFO - [2026-06-23T22:27:21.970+0000] {dag.py:3239} INFO - Sync 1 DAGs
[2026-06-23T22:27:21.983+0000] {logging_mixin.py:190} INFO - [2026-06-23T22:27:21.983+0000] {dag.py:4180} INFO - Setting next_dagrun for extract_raw_data_pipeline to 2026-06-23 07:59:00+00:00, run_after=2026-06-24 07:00:00+00:00
[2026-06-23T22:27:21.998+0000] {processor.py:208} INFO - Processing /opt/airflow/dags/driven_data_pipeline.py took 0.143 seconds
[2026-06-23T22:27:52.280+0000] {processor.py:186} INFO - Started process (PID=10729) to work on /opt/airflow/dags/driven_data_pipeline.py
[2026-06-23T22:27:52.281+0000] {processor.py:914} INFO - Processing file /opt/airflow/dags/driven_data_pipeline.py for tasks to queue
[2026-06-23T22:27:52.282+0000] {logging_mixin.py:190} INFO - [2026-06-23T22:27:52.282+0000] {dagbag.py:588} INFO - Filling up the DagBag from /opt/airflow/dags/driven_data_pipeline.py
[2026-06-23T22:27:52.378+0000] {processor.py:925} INFO - DAG(s) 'extract_raw_data_pipeline' retrieved from /opt/airflow/dags/driven_data_pipeline.py
[2026-06-23T22:27:52.394+0000] {logging_mixin.py:190} INFO - [2026-06-23T22:27:52.394+0000] {dag.py:3239} INFO - Sync 1 DAGs
[2026-06-23T22:27:52.408+0000] {logging_mixin.py:190} INFO - [2026-06-23T22:27:52.407+0000] {dag.py:4180} INFO - Setting next_dagrun for extract_raw_data_pipeline to 2026-06-23 07:59:00+00:00, run_after=2026-06-24 07:00:00+00:00
[2026-06-23T22:27:52.532+0000] {processor.py:208} INFO - Processing /opt/airflow/dags/driven_data_pipeline.py took 0.256 seconds
[2026-06-23T22:28:22.582+0000] {processor.py:186} INFO - Started process (PID=10736) to work on /opt/airflow/dags/driven_data_pipeline.py
[2026-06-23T22:28:22.585+0000] {processor.py:914} INFO - Processing file /opt/airflow/dags/driven_data_pipeline.py for tasks to queue
[2026-06-23T22:28:22.587+0000] {logging_mixin.py:190} INFO - [2026-06-23T22:28:22.587+0000] {dagbag.py:588} INFO - Filling up the DagBag from /opt/airflow/dags/driven_data_pipeline.py
[2026-06-23T22:28:22.696+0000] {processor.py:925} INFO - DAG(s) 'extract_raw_data_pipeline' retrieved from /opt/airflow/dags/driven_data_pipeline.py
[2026-06-23T22:28:22.711+0000] {logging_mixin.py:190} INFO - [2026-06-23T22:28:22.711+0000] {dag.py:3239} INFO - Sync 1 DAGs
[2026-06-23T22:28:22.820+0000] {logging_mixin.py:190} INFO - [2026-06-23T22:28:22.820+0000] {dag.py:4180} INFO - Setting next_dagrun for extract_raw_data_pipeline to 2026-06-23 07:59:00+00:00, run_after=2026-06-24 07:00:00+00:00
[2026-06-23T22:28:22.905+0000] {processor.py:208} INFO - Processing /opt/airflow/dags/driven_data_pipeline.py took 0.328 seconds
[2026-06-23T22:28:53.247+0000] {processor.py:186} INFO - Started process (PID=10744) to work on /opt/airflow/dags/driven_data_pipeline.py
[2026-06-23T22:28:53.248+0000] {processor.py:914} INFO - Processing file /opt/airflow/dags/driven_data_pipeline.py for tasks to queue
[2026-06-23T22:28:53.250+0000] {logging_mixin.py:190} INFO - [2026-06-23T22:28:53.249+0000] {dagbag.py:588} INFO - Filling up the DagBag from /opt/airflow/dags/driven_data_pipeline.py
[2026-06-23T22:28:53.333+0000] {processor.py:925} INFO - DAG(s) 'extract_raw_data_pipeline' retrieved from /opt/airflow/dags/driven_data_pipeline.py
[2026-06-23T22:28:53.349+0000] {logging_mixin.py:190} INFO - [2026-06-23T22:28:53.349+0000] {dag.py:3239} INFO - Sync 1 DAGs
[2026-06-23T22:28:53.362+0000] {logging_mixin.py:190} INFO - [2026-06-23T22:28:53.361+0000] {dag.py:4180} INFO - Setting next_dagrun for extract_raw_data_pipeline to 2026-06-23 07:59:00+00:00, run_after=2026-06-24 07:00:00+00:00
[2026-06-23T22:28:53.375+0000] {processor.py:208} INFO - Processing /opt/airflow/dags/driven_data_pipeline.py took 0.131 seconds
[2026-06-23T22:29:23.659+0000] {processor.py:186} INFO - Started process (PID=10752) to work on /opt/airflow/dags/driven_data_pipeline.py
[2026-06-23T22:29:23.660+0000] {processor.py:914} INFO - Processing file /opt/airflow/dags/driven_data_pipeline.py for tasks to queue
[2026-06-23T22:29:23.662+0000] {logging_mixin.py:190} INFO - [2026-06-23T22:29:23.661+0000] {dagbag.py:588} INFO - Filling up the DagBag from /opt/airflow/dags/driven_data_pipeline.py
[2026-06-23T22:29:23.745+0000] {processor.py:925} INFO - DAG(s) 'extract_raw_data_pipeline' retrieved from /opt/airflow/dags/driven_data_pipeline.py
[2026-06-23T22:29:23.758+0000] {logging_mixin.py:190} INFO - [2026-06-23T22:29:23.758+0000] {dag.py:3239} INFO - Sync 1 DAGs
[2026-06-23T22:29:23.770+0000] {logging_mixin.py:190} INFO - [2026-06-23T22:29:23.770+0000] {dag.py:4180} INFO - Setting next_dagrun for extract_raw_data_pipeline to 2026-06-23 07:59:00+00:00, run_after=2026-06-24 07:00:00+00:00
[2026-06-23T22:29:23.791+0000] {processor.py:208} INFO - Processing /opt/airflow/dags/driven_data_pipeline.py took 0.137 seconds
[2026-06-23T22:29:54.035+0000] {processor.py:186} INFO - Started process (PID=10760) to work on /opt/airflow/dags/driven_data_pipeline.py
[2026-06-23T22:29:54.036+0000] {processor.py:914} INFO - Processing file /opt/airflow/dags/driven_data_pipeline.py for tasks to queue
[2026-06-23T22:29:54.037+0000] {logging_mixin.py:190} INFO - [2026-06-23T22:29:54.037+0000] {dagbag.py:588} INFO - Filling up the DagBag from /opt/airflow/dags/driven_data_pipeline.py
[2026-06-23T22:29:54.121+0000] {processor.py:925} INFO - DAG(s) 'extract_raw_data_pipeline' retrieved from /opt/airflow/dags/driven_data_pipeline.py
[2026-06-23T22:29:54.136+0000] {logging_mixin.py:190} INFO - [2026-06-23T22:29:54.136+0000] {dag.py:3239} INFO - Sync 1 DAGs
[2026-06-23T22:29:54.148+0000] {logging_mixin.py:190} INFO - [2026-06-23T22:29:54.148+0000] {dag.py:4180} INFO - Setting next_dagrun for extract_raw_data_pipeline to 2026-06-23 07:59:00+00:00, run_after=2026-06-24 07:00:00+00:00
[2026-06-23T22:29:54.261+0000] {processor.py:208} INFO - Processing /opt/airflow/dags/driven_data_pipeline.py took 0.229 seconds
[2026-06-23T22:30:24.432+0000] {processor.py:186} INFO - Started process (PID=10768) to work on /opt/airflow/dags/driven_data_pipeline.py
[2026-06-23T22:30:24.433+0000] {processor.py:914} INFO - Processing file /opt/airflow/dags/driven_data_pipeline.py for tasks to queue
[2026-06-23T22:30:24.435+0000] {logging_mixin.py:190} INFO - [2026-06-23T22:30:24.435+0000] {dagbag.py:588} INFO - Filling up the DagBag from /opt/airflow/dags/driven_data_pipeline.py
[2026-06-23T22:30:24.515+0000] {processor.py:925} INFO - DAG(s) 'extract_raw_data_pipeline' retrieved from /opt/airflow/dags/driven_data_pipeline.py
[2026-06-23T22:30:24.529+0000] {logging_mixin.py:190} INFO - [2026-06-23T22:30:24.529+0000] {dag.py:3239} INFO - Sync 1 DAGs
[2026-06-23T22:30:24.619+0000] {logging_mixin.py:190} INFO - [2026-06-23T22:30:24.619+0000] {dag.py:4180} INFO - Setting next_dagrun for extract_raw_data_pipeline to 2026-06-23 07:59:00+00:00, run_after=2026-06-24 07:00:00+00:00
[2026-06-23T22:30:24.631+0000] {processor.py:208} INFO - Processing /opt/airflow/dags/driven_data_pipeline.py took 0.202 seconds
[2026-06-23T22:30:54.949+0000] {processor.py:186} INFO - Started process (PID=10776) to work on /opt/airflow/dags/driven_data_pipeline.py
[2026-06-23T22:30:54.950+0000] {processor.py:914} INFO - Processing file /opt/airflow/dags/driven_data_pipeline.py for tasks to queue
[2026-06-23T22:30:54.952+0000] {logging_mixin.py:190} INFO - [2026-06-23T22:30:54.952+0000] {dagbag.py:588} INFO - Filling up the DagBag from /opt/airflow/dags/driven_data_pipeline.py
[2026-06-23T22:30:55.035+0000] {processor.py:925} INFO - DAG(s) 'extract_raw_data_pipeline' retrieved from /opt/airflow/dags/driven_data_pipeline.py
[2026-06-23T22:30:55.050+0000] {logging_mixin.py:190} INFO - [2026-06-23T22:30:55.049+0000] {dag.py:3239} INFO - Sync 1 DAGs
[2026-06-23T22:30:55.061+0000] {logging_mixin.py:190} INFO - [2026-06-23T22:30:55.061+0000] {dag.py:4180} INFO - Setting next_dagrun for extract_raw_data_pipeline to 2026-06-23 07:59:00+00:00, run_after=2026-06-24 07:00:00+00:00
[2026-06-23T22:30:55.084+0000] {processor.py:208} INFO - Processing /opt/airflow/dags/driven_data_pipeline.py took 0.138 seconds
[2026-06-23T22:31:25.253+0000] {processor.py:186} INFO - Started process (PID=10784) to work on /opt/airflow/dags/driven_data_pipeline.py
[2026-06-23T22:31:25.255+0000] {processor.py:914} INFO - Processing file /opt/airflow/dags/driven_data_pipeline.py for tasks to queue
[2026-06-23T22:31:25.257+0000] {logging_mixin.py:190} INFO - [2026-06-23T22:31:25.256+0000] {dagbag.py:588} INFO - Filling up the DagBag from /opt/airflow/dags/driven_data_pipeline.py
[2026-06-23T22:31:25.351+0000] {processor.py:925} INFO - DAG(s) 'extract_raw_data_pipeline' retrieved from /opt/airflow/dags/driven_data_pipeline.py
[2026-06-23T22:31:25.367+0000] {logging_mixin.py:190} INFO - [2026-06-23T22:31:25.367+0000] {dag.py:3239} INFO - Sync 1 DAGs
[2026-06-23T22:31:25.381+0000] {logging_mixin.py:190} INFO - [2026-06-23T22:31:25.381+0000] {dag.py:4180} INFO - Setting next_dagrun for extract_raw_data_pipeline to 2026-06-23 07:59:00+00:00, run_after=2026-06-24 07:00:00+00:00
[2026-06-23T22:31:25.394+0000] {processor.py:208} INFO - Processing /opt/airflow/dags/driven_data_pipeline.py took 0.145 seconds
[2026-06-23T22:31:55.685+0000] {processor.py:186} INFO - Started process (PID=10792) to work on /opt/airflow/dags/driven_data_pipeline.py
[2026-06-23T22:31:55.686+0000] {processor.py:914} INFO - Processing file /opt/airflow/dags/driven_data_pipeline.py for tasks to queue
[2026-06-23T22:31:55.688+0000] {logging_mixin.py:190} INFO - [2026-06-23T22:31:55.687+0000] {dagbag.py:588} INFO - Filling up the DagBag from /opt/airflow/dags/driven_data_pipeline.py
[2026-06-23T22:31:55.772+0000] {processor.py:925} INFO - DAG(s) 'extract_raw_data_pipeline' retrieved from /opt/airflow/dags/driven_data_pipeline.py
[2026-06-23T22:31:55.787+0000] {logging_mixin.py:190} INFO - [2026-06-23T22:31:55.787+0000] {dag.py:3239} INFO - Sync 1 DAGs
[2026-06-23T22:31:55.802+0000] {logging_mixin.py:190} INFO - [2026-06-23T22:31:55.802+0000] {dag.py:4180} INFO - Setting next_dagrun for extract_raw_data_pipeline to 2026-06-23 07:59:00+00:00, run_after=2026-06-24 07:00:00+00:00
[2026-06-23T22:31:55.928+0000] {processor.py:208} INFO - Processing /opt/airflow/dags/driven_data_pipeline.py took 0.247 seconds
[2026-06-23T22:32:26.047+0000] {processor.py:186} INFO - Started process (PID=10800) to work on /opt/airflow/dags/driven_data_pipeline.py
[2026-06-23T22:32:26.048+0000] {processor.py:914} INFO - Processing file /opt/airflow/dags/driven_data_pipeline.py for tasks to queue
[2026-06-23T22:32:26.050+0000] {logging_mixin.py:190} INFO - [2026-06-23T22:32:26.050+0000] {dagbag.py:588} INFO - Filling up the DagBag from /opt/airflow/dags/driven_data_pipeline.py
[2026-06-23T22:32:26.134+0000] {processor.py:925} INFO - DAG(s) 'extract_raw_data_pipeline' retrieved from /opt/airflow/dags/driven_data_pipeline.py
[2026-06-23T22:32:26.150+0000] {logging_mixin.py:190} INFO - [2026-06-23T22:32:26.149+0000] {dag.py:3239} INFO - Sync 1 DAGs
[2026-06-23T22:32:26.250+0000] {logging_mixin.py:190} INFO - [2026-06-23T22:32:26.250+0000] {dag.py:4180} INFO - Setting next_dagrun for extract_raw_data_pipeline to 2026-06-23 07:59:00+00:00, run_after=2026-06-24 07:00:00+00:00
[2026-06-23T22:32:26.262+0000] {processor.py:208} INFO - Processing /opt/airflow/dags/driven_data_pipeline.py took 0.218 seconds
[2026-06-23T22:32:56.498+0000] {processor.py:186} INFO - Started process (PID=10808) to work on /opt/airflow/dags/driven_data_pipeline.py
[2026-06-23T22:32:56.498+0000] {processor.py:914} INFO - Processing file /opt/airflow/dags/driven_data_pipeline.py for tasks to queue
[2026-06-23T22:32:56.500+0000] {logging_mixin.py:190} INFO - [2026-06-23T22:32:56.500+0000] {dagbag.py:588} INFO - Filling up the DagBag from /opt/airflow/dags/driven_data_pipeline.py
[2026-06-23T22:32:56.588+0000] {processor.py:925} INFO - DAG(s) 'extract_raw_data_pipeline' retrieved from /opt/airflow/dags/driven_data_pipeline.py
[2026-06-23T22:32:56.603+0000] {logging_mixin.py:190} INFO - [2026-06-23T22:32:56.603+0000] {dag.py:3239} INFO - Sync 1 DAGs
[2026-06-23T22:32:56.615+0000] {logging_mixin.py:190} INFO - [2026-06-23T22:32:56.615+0000] {dag.py:4180} INFO - Setting next_dagrun for extract_raw_data_pipeline to 2026-06-23 07:59:00+00:00, run_after=2026-06-24 07:00:00+00:00
[2026-06-23T22:32:56.631+0000] {processor.py:208} INFO - Processing /opt/airflow/dags/driven_data_pipeline.py took 0.138 seconds
[2026-06-23T22:33:26.928+0000] {processor.py:186} INFO - Started process (PID=10816) to work on /opt/airflow/dags/driven_data_pipeline.py
[2026-06-23T22:33:26.929+0000] {processor.py:914} INFO - Processing file /opt/airflow/dags/driven_data_pipeline.py for tasks to queue
[2026-06-23T22:33:26.930+0000] {logging_mixin.py:190} INFO - [2026-06-23T22:33:26.930+0000] {dagbag.py:588} INFO - Filling up the DagBag from /opt/airflow/dags/driven_data_pipeline.py
[2026-06-23T22:33:27.011+0000] {processor.py:925} INFO - DAG(s) 'extract_raw_data_pipeline' retrieved from /opt/airflow/dags/driven_data_pipeline.py
[2026-06-23T22:33:27.028+0000] {logging_mixin.py:190} INFO - [2026-06-23T22:33:27.027+0000] {dag.py:3239} INFO - Sync 1 DAGs
[2026-06-23T22:33:27.041+0000] {logging_mixin.py:190} INFO - [2026-06-23T22:33:27.041+0000] {dag.py:4180} INFO - Setting next_dagrun for extract_raw_data_pipeline to 2026-06-23 07:59:00+00:00, run_after=2026-06-24 07:00:00+00:00
[2026-06-23T22:33:27.054+0000] {processor.py:208} INFO - Processing /opt/airflow/dags/driven_data_pipeline.py took 0.129 seconds
[2026-06-23T22:33:57.240+0000] {processor.py:186} INFO - Started process (PID=10824) to work on /opt/airflow/dags/driven_data_pipeline.py
[2026-06-23T22:33:57.241+0000] {processor.py:914} INFO - Processing file /opt/airflow/dags/driven_data_pipeline.py for tasks to queue
[2026-06-23T22:33:57.243+0000] {logging_mixin.py:190} INFO - [2026-06-23T22:33:57.243+0000] {dagbag.py:588} INFO - Filling up the DagBag from /opt/airflow/dags/driven_data_pipeline.py
[2026-06-23T22:33:57.325+0000] {processor.py:925} INFO - DAG(s) 'extract_raw_data_pipeline' retrieved from /opt/airflow/dags/driven_data_pipeline.py
[2026-06-23T22:33:57.341+0000] {logging_mixin.py:190} INFO - [2026-06-23T22:33:57.341+0000] {dag.py:3239} INFO - Sync 1 DAGs
[2026-06-23T22:33:57.356+0000] {logging_mixin.py:190} INFO - [2026-06-23T22:33:57.356+0000] {dag.py:4180} INFO - Setting next_dagrun for extract_raw_data_pipeline to 2026-06-23 07:59:00+00:00, run_after=2026-06-24 07:00:00+00:00
[2026-06-23T22:33:57.476+0000] {processor.py:208} INFO - Processing /opt/airflow/dags/driven_data_pipeline.py took 0.240 seconds
[2026-06-23T22:34:27.703+0000] {processor.py:186} INFO - Started process (PID=10832) to work on /opt/airflow/dags/driven_data_pipeline.py
[2026-06-23T22:34:27.704+0000] {processor.py:914} INFO - Processing file /opt/airflow/dags/driven_data_pipeline.py for tasks to queue
[2026-06-23T22:34:27.705+0000] {logging_mixin.py:190} INFO - [2026-06-23T22:34:27.705+0000] {dagbag.py:588} INFO - Filling up the DagBag from /opt/airflow/dags/driven_data_pipeline.py
[2026-06-23T22:34:27.788+0000] {processor.py:925} INFO - DAG(s) 'extract_raw_data_pipeline' retrieved from /opt/airflow/dags/driven_data_pipeline.py
[2026-06-23T22:34:27.803+0000] {logging_mixin.py:190} INFO - [2026-06-23T22:34:27.803+0000] {dag.py:3239} INFO - Sync 1 DAGs
[2026-06-23T22:34:27.907+0000] {logging_mixin.py:190} INFO - [2026-06-23T22:34:27.906+0000] {dag.py:4180} INFO - Setting next_dagrun for extract_raw_data_pipeline to 2026-06-23 07:59:00+00:00, run_after=2026-06-24 07:00:00+00:00
[2026-06-23T22:34:27.921+0000] {processor.py:208} INFO - Processing /opt/airflow/dags/driven_data_pipeline.py took 0.222 seconds
[2026-06-23T22:34:58.120+0000] {processor.py:186} INFO - Started process (PID=10840) to work on /opt/airflow/dags/driven_data_pipeline.py
[2026-06-23T22:34:58.121+0000] {processor.py:914} INFO - Processing file /opt/airflow/dags/driven_data_pipeline.py for tasks to queue
[2026-06-23T22:34:58.123+0000] {logging_mixin.py:190} INFO - [2026-06-23T22:34:58.123+0000] {dagbag.py:588} INFO - Filling up the DagBag from /opt/airflow/dags/driven_data_pipeline.py
[2026-06-23T22:34:58.211+0000] {processor.py:925} INFO - DAG(s) 'extract_raw_data_pipeline' retrieved from /opt/airflow/dags/driven_data_pipeline.py
[2026-06-23T22:34:58.227+0000] {logging_mixin.py:190} INFO - [2026-06-23T22:34:58.227+0000] {dag.py:3239} INFO - Sync 1 DAGs
[2026-06-23T22:34:58.241+0000] {logging_mixin.py:190} INFO - [2026-06-23T22:34:58.241+0000] {dag.py:4180} INFO - Setting next_dagrun for extract_raw_data_pipeline to 2026-06-23 07:59:00+00:00, run_after=2026-06-24 07:00:00+00:00
[2026-06-23T22:34:58.253+0000] {processor.py:208} INFO - Processing /opt/airflow/dags/driven_data_pipeline.py took 0.137 seconds
[2026-06-23T22:35:28.440+0000] {processor.py:186} INFO - Started process (PID=10848) to work on /opt/airflow/dags/driven_data_pipeline.py
[2026-06-23T22:35:28.441+0000] {processor.py:914} INFO - Processing file /opt/airflow/dags/driven_data_pipeline.py for tasks to queue
[2026-06-23T22:35:28.445+0000] {logging_mixin.py:190} INFO - [2026-06-23T22:35:28.445+0000] {dagbag.py:588} INFO - Filling up the DagBag from /opt/airflow/dags/driven_data_pipeline.py
[2026-06-23T22:35:28.533+0000] {processor.py:925} INFO - DAG(s) 'extract_raw_data_pipeline' retrieved from /opt/airflow/dags/driven_data_pipeline.py
[2026-06-23T22:35:28.548+0000] {logging_mixin.py:190} INFO - [2026-06-23T22:35:28.548+0000] {dag.py:3239} INFO - Sync 1 DAGs
[2026-06-23T22:35:28.561+0000] {logging_mixin.py:190} INFO - [2026-06-23T22:35:28.561+0000] {dag.py:4180} INFO - Setting next_dagrun for extract_raw_data_pipeline to 2026-06-23 07:59:00+00:00, run_after=2026-06-24 07:00:00+00:00
[2026-06-23T22:35:28.575+0000] {processor.py:208} INFO - Processing /opt/airflow/dags/driven_data_pipeline.py took 0.139 seconds
[2026-06-23T22:35:58.674+0000] {processor.py:186} INFO - Started process (PID=10856) to work on /opt/airflow/dags/driven_data_pipeline.py
[2026-06-23T22:35:58.675+0000] {processor.py:914} INFO - Processing file /opt/airflow/dags/driven_data_pipeline.py for tasks to queue
[2026-06-23T22:35:58.679+0000] {logging_mixin.py:190} INFO - [2026-06-23T22:35:58.679+0000] {dagbag.py:588} INFO - Filling up the DagBag from /opt/airflow/dags/driven_data_pipeline.py
[2026-06-23T22:35:58.765+0000] {processor.py:925} INFO - DAG(s) 'extract_raw_data_pipeline' retrieved from /opt/airflow/dags/driven_data_pipeline.py
[2026-06-23T22:35:58.782+0000] {logging_mixin.py:190} INFO - [2026-06-23T22:35:58.782+0000] {dag.py:3239} INFO - Sync 1 DAGs
[2026-06-23T22:35:58.796+0000] {logging_mixin.py:190} INFO - [2026-06-23T22:35:58.796+0000] {dag.py:4180} INFO - Setting next_dagrun for extract_raw_data_pipeline to 2026-06-23 07:59:00+00:00, run_after=2026-06-24 07:00:00+00:00
[2026-06-23T22:35:58.916+0000] {processor.py:208} INFO - Processing /opt/airflow/dags/driven_data_pipeline.py took 0.246 seconds
[2026-06-23T22:36:29.128+0000] {processor.py:186} INFO - Started process (PID=10864) to work on /opt/airflow/dags/driven_data_pipeline.py
[2026-06-23T22:36:29.129+0000] {processor.py:914} INFO - Processing file /opt/airflow/dags/driven_data_pipeline.py for tasks to queue
[2026-06-23T22:36:29.130+0000] {logging_mixin.py:190} INFO - [2026-06-23T22:36:29.130+0000] {dagbag.py:588} INFO - Filling up the DagBag from /opt/airflow/dags/driven_data_pipeline.py
[2026-06-23T22:36:29.222+0000] {processor.py:925} INFO - DAG(s) 'extract_raw_data_pipeline' retrieved from /opt/airflow/dags/driven_data_pipeline.py
[2026-06-23T22:36:29.238+0000] {logging_mixin.py:190} INFO - [2026-06-23T22:36:29.237+0000] {dag.py:3239} INFO - Sync 1 DAGs
[2026-06-23T22:36:29.350+0000] {logging_mixin.py:190} INFO - [2026-06-23T22:36:29.350+0000] {dag.py:4180} INFO - Setting next_dagrun for extract_raw_data_pipeline to 2026-06-23 07:59:00+00:00, run_after=2026-06-24 07:00:00+00:00
[2026-06-23T22:36:29.363+0000] {processor.py:208} INFO - Processing /opt/airflow/dags/driven_data_pipeline.py took 0.239 seconds
[2026-06-23T22:36:59.431+0000] {processor.py:186} INFO - Started process (PID=10872) to work on /opt/airflow/dags/driven_data_pipeline.py
[2026-06-23T22:36:59.432+0000] {processor.py:914} INFO - Processing file /opt/airflow/dags/driven_data_pipeline.py for tasks to queue
[2026-06-23T22:36:59.433+0000] {logging_mixin.py:190} INFO - [2026-06-23T22:36:59.433+0000] {dagbag.py:588} INFO - Filling up the DagBag from /opt/airflow/dags/driven_data_pipeline.py
[2026-06-23T22:36:59.513+0000] {processor.py:925} INFO - DAG(s) 'extract_raw_data_pipeline' retrieved from /opt/airflow/dags/driven_data_pipeline.py
[2026-06-23T22:36:59.528+0000] {logging_mixin.py:190} INFO - [2026-06-23T22:36:59.528+0000] {dag.py:3239} INFO - Sync 1 DAGs
[2026-06-23T22:36:59.540+0000] {logging_mixin.py:190} INFO - [2026-06-23T22:36:59.539+0000] {dag.py:4180} INFO - Setting next_dagrun for extract_raw_data_pipeline to 2026-06-23 07:59:00+00:00, run_after=2026-06-24 07:00:00+00:00
[2026-06-23T22:36:59.553+0000] {processor.py:208} INFO - Processing /opt/airflow/dags/driven_data_pipeline.py took 0.126 seconds
[2026-06-23T22:37:29.703+0000] {processor.py:186} INFO - Started process (PID=10880) to work on /opt/airflow/dags/driven_data_pipeline.py
[2026-06-23T22:37:29.703+0000] {processor.py:914} INFO - Processing file /opt/airflow/dags/driven_data_pipeline.py for tasks to queue
[2026-06-23T22:37:29.705+0000] {logging_mixin.py:190} INFO - [2026-06-23T22:37:29.705+0000] {dagbag.py:588} INFO - Filling up the DagBag from /opt/airflow/dags/driven_data_pipeline.py
[2026-06-23T22:37:29.789+0000] {processor.py:925} INFO - DAG(s) 'extract_raw_data_pipeline' retrieved from /opt/airflow/dags/driven_data_pipeline.py
[2026-06-23T22:37:29.804+0000] {logging_mixin.py:190} INFO - [2026-06-23T22:37:29.804+0000] {dag.py:3239} INFO - Sync 1 DAGs
[2026-06-23T22:37:29.816+0000] {logging_mixin.py:190} INFO - [2026-06-23T22:37:29.816+0000] {dag.py:4180} INFO - Setting next_dagrun for extract_raw_data_pipeline to 2026-06-23 07:59:00+00:00, run_after=2026-06-24 07:00:00+00:00
[2026-06-23T22:37:29.829+0000] {processor.py:208} INFO - Processing /opt/airflow/dags/driven_data_pipeline.py took 0.130 seconds
[2026-06-23T22:37:59.984+0000] {processor.py:186} INFO - Started process (PID=10888) to work on /opt/airflow/dags/driven_data_pipeline.py
[2026-06-23T22:37:59.985+0000] {processor.py:914} INFO - Processing file /opt/airflow/dags/driven_data_pipeline.py for tasks to queue
[2026-06-23T22:37:59.987+0000] {logging_mixin.py:190} INFO - [2026-06-23T22:37:59.986+0000] {dagbag.py:588} INFO - Filling up the DagBag from /opt/airflow/dags/driven_data_pipeline.py
[2026-06-23T22:38:00.081+0000] {processor.py:925} INFO - DAG(s) 'extract_raw_data_pipeline' retrieved from /opt/airflow/dags/driven_data_pipeline.py
[2026-06-23T22:38:00.094+0000] {logging_mixin.py:190} INFO - [2026-06-23T22:38:00.094+0000] {dag.py:3239} INFO - Sync 1 DAGs
[2026-06-23T22:38:00.106+0000] {logging_mixin.py:190} INFO - [2026-06-23T22:38:00.106+0000] {dag.py:4180} INFO - Setting next_dagrun for extract_raw_data_pipeline to 2026-06-23 07:59:00+00:00, run_after=2026-06-24 07:00:00+00:00
[2026-06-23T22:38:00.204+0000] {processor.py:208} INFO - Processing /opt/airflow/dags/driven_data_pipeline.py took 0.223 seconds
[2026-06-23T22:38:30.485+0000] {processor.py:186} INFO - Started process (PID=10895) to work on /opt/airflow/dags/driven_data_pipeline.py
[2026-06-23T22:38:30.486+0000] {processor.py:914} INFO - Processing file /opt/airflow/dags/driven_data_pipeline.py for tasks to queue
[2026-06-23T22:38:30.488+0000] {logging_mixin.py:190} INFO - [2026-06-23T22:38:30.488+0000] {dagbag.py:588} INFO - Filling up the DagBag from /opt/airflow/dags/driven_data_pipeline.py
[2026-06-23T22:38:30.937+0000] {processor.py:925} INFO - DAG(s) 'extract_raw_data_pipeline' retrieved from /opt/airflow/dags/driven_data_pipeline.py
[2026-06-23T22:38:30.961+0000] {logging_mixin.py:190} INFO - [2026-06-23T22:38:30.960+0000] {dag.py:3239} INFO - Sync 1 DAGs
[2026-06-23T22:38:31.055+0000] {logging_mixin.py:190} INFO - [2026-06-23T22:38:31.055+0000] {dag.py:4180} INFO - Setting next_dagrun for extract_raw_data_pipeline to 2026-06-23 07:59:00+00:00, run_after=2026-06-24 07:00:00+00:00
[2026-06-23T22:38:31.068+0000] {processor.py:208} INFO - Processing /opt/airflow/dags/driven_data_pipeline.py took 0.588 seconds
[2026-06-23T22:39:01.368+0000] {processor.py:186} INFO - Started process (PID=10903) to work on /opt/airflow/dags/driven_data_pipeline.py
[2026-06-23T22:39:01.369+0000] {processor.py:914} INFO - Processing file /opt/airflow/dags/driven_data_pipeline.py for tasks to queue
[2026-06-23T22:39:01.371+0000] {logging_mixin.py:190} INFO - [2026-06-23T22:39:01.371+0000] {dagbag.py:588} INFO - Filling up the DagBag from /opt/airflow/dags/driven_data_pipeline.py
[2026-06-23T22:39:01.467+0000] {processor.py:925} INFO - DAG(s) 'extract_raw_data_pipeline' retrieved from /opt/airflow/dags/driven_data_pipeline.py
[2026-06-23T22:39:01.484+0000] {logging_mixin.py:190} INFO - [2026-06-23T22:39:01.483+0000] {dag.py:3239} INFO - Sync 1 DAGs
[2026-06-23T22:39:01.497+0000] {logging_mixin.py:190} INFO - [2026-06-23T22:39:01.497+0000] {dag.py:4180} INFO - Setting next_dagrun for extract_raw_data_pipeline to 2026-06-23 07:59:00+00:00, run_after=2026-06-24 07:00:00+00:00
[2026-06-23T22:39:01.512+0000] {processor.py:208} INFO - Processing /opt/airflow/dags/driven_data_pipeline.py took 0.149 seconds
[2026-06-23T22:39:31.664+0000] {processor.py:186} INFO - Started process (PID=10911) to work on /opt/airflow/dags/driven_data_pipeline.py
[2026-06-23T22:39:31.665+0000] {processor.py:914} INFO - Processing file /opt/airflow/dags/driven_data_pipeline.py for tasks to queue
[2026-06-23T22:39:31.667+0000] {logging_mixin.py:190} INFO - [2026-06-23T22:39:31.667+0000] {dagbag.py:588} INFO - Filling up the DagBag from /opt/airflow/dags/driven_data_pipeline.py
[2026-06-23T22:39:31.760+0000] {processor.py:925} INFO - DAG(s) 'extract_raw_data_pipeline' retrieved from /opt/airflow/dags/driven_data_pipeline.py
[2026-06-23T22:39:31.775+0000] {logging_mixin.py:190} INFO - [2026-06-23T22:39:31.775+0000] {dag.py:3239} INFO - Sync 1 DAGs
[2026-06-23T22:39:31.789+0000] {logging_mixin.py:190} INFO - [2026-06-23T22:39:31.789+0000] {dag.py:4180} INFO - Setting next_dagrun for extract_raw_data_pipeline to 2026-06-23 07:59:00+00:00, run_after=2026-06-24 07:00:00+00:00
[2026-06-23T22:39:31.801+0000] {processor.py:208} INFO - Processing /opt/airflow/dags/driven_data_pipeline.py took 0.141 seconds
[2026-06-23T22:40:02.176+0000] {processor.py:186} INFO - Started process (PID=10919) to work on /opt/airflow/dags/driven_data_pipeline.py
[2026-06-23T22:40:02.177+0000] {processor.py:914} INFO - Processing file /opt/airflow/dags/driven_data_pipeline.py for tasks to queue
[2026-06-23T22:40:02.179+0000] {logging_mixin.py:190} INFO - [2026-06-23T22:40:02.178+0000] {dagbag.py:588} INFO - Filling up the DagBag from /opt/airflow/dags/driven_data_pipeline.py
[2026-06-23T22:40:02.264+0000] {processor.py:925} INFO - DAG(s) 'extract_raw_data_pipeline' retrieved from /opt/airflow/dags/driven_data_pipeline.py
[2026-06-23T22:40:02.279+0000] {logging_mixin.py:190} INFO - [2026-06-23T22:40:02.279+0000] {dag.py:3239} INFO - Sync 1 DAGs
[2026-06-23T22:40:02.292+0000] {logging_mixin.py:190} INFO - [2026-06-23T22:40:02.292+0000] {dag.py:4180} INFO - Setting next_dagrun for extract_raw_data_pipeline to 2026-06-23 07:59:00+00:00, run_after=2026-06-24 07:00:00+00:00
[2026-06-23T22:40:02.404+0000] {processor.py:208} INFO - Processing /opt/airflow/dags/driven_data_pipeline.py took 0.231 seconds
[2026-06-23T22:40:32.470+0000] {processor.py:186} INFO - Started process (PID=10927) to work on /opt/airflow/dags/driven_data_pipeline.py
[2026-06-23T22:40:32.471+0000] {processor.py:914} INFO - Processing file /opt/airflow/dags/driven_data_pipeline.py for tasks to queue
[2026-06-23T22:40:32.472+0000] {logging_mixin.py:190} INFO - [2026-06-23T22:40:32.472+0000] {dagbag.py:588} INFO - Filling up the DagBag from /opt/airflow/dags/driven_data_pipeline.py
[2026-06-23T22:40:32.555+0000] {processor.py:925} INFO - DAG(s) 'extract_raw_data_pipeline' retrieved from /opt/airflow/dags/driven_data_pipeline.py
[2026-06-23T22:40:32.571+0000] {logging_mixin.py:190} INFO - [2026-06-23T22:40:32.571+0000] {dag.py:3239} INFO - Sync 1 DAGs
[2026-06-23T22:40:32.676+0000] {logging_mixin.py:190} INFO - [2026-06-23T22:40:32.676+0000] {dag.py:4180} INFO - Setting next_dagrun for extract_raw_data_pipeline to 2026-06-23 07:59:00+00:00, run_after=2026-06-24 07:00:00+00:00
[2026-06-23T22:40:32.691+0000] {processor.py:208} INFO - Processing /opt/airflow/dags/driven_data_pipeline.py took 0.225 seconds
[2026-06-23T22:41:02.955+0000] {processor.py:186} INFO - Started process (PID=10935) to work on /opt/airflow/dags/driven_data_pipeline.py
[2026-06-23T22:41:02.955+0000] {processor.py:914} INFO - Processing file /opt/airflow/dags/driven_data_pipeline.py for tasks to queue
[2026-06-23T22:41:02.957+0000] {logging_mixin.py:190} INFO - [2026-06-23T22:41:02.957+0000] {dagbag.py:588} INFO - Filling up the DagBag from /opt/airflow/dags/driven_data_pipeline.py
[2026-06-23T22:41:03.042+0000] {processor.py:925} INFO - DAG(s) 'extract_raw_data_pipeline' retrieved from /opt/airflow/dags/driven_data_pipeline.py
[2026-06-23T22:41:03.150+0000] {logging_mixin.py:190} INFO - [2026-06-23T22:41:03.149+0000] {dag.py:3239} INFO - Sync 1 DAGs
[2026-06-23T22:41:03.160+0000] {logging_mixin.py:190} INFO - [2026-06-23T22:41:03.160+0000] {dag.py:4180} INFO - Setting next_dagrun for extract_raw_data_pipeline to 2026-06-23 07:59:00+00:00, run_after=2026-06-24 07:00:00+00:00
[2026-06-23T22:41:03.172+0000] {processor.py:208} INFO - Processing /opt/airflow/dags/driven_data_pipeline.py took 0.220 seconds
[2026-06-23T22:41:33.263+0000] {processor.py:186} INFO - Started process (PID=10943) to work on /opt/airflow/dags/driven_data_pipeline.py
[2026-06-23T22:41:33.264+0000] {processor.py:914} INFO - Processing file /opt/airflow/dags/driven_data_pipeline.py for tasks to queue
[2026-06-23T22:41:33.266+0000] {logging_mixin.py:190} INFO - [2026-06-23T22:41:33.266+0000] {dagbag.py:588} INFO - Filling up the DagBag from /opt/airflow/dags/driven_data_pipeline.py
[2026-06-23T22:41:33.356+0000] {processor.py:925} INFO - DAG(s) 'extract_raw_data_pipeline' retrieved from /opt/airflow/dags/driven_data_pipeline.py
[2026-06-23T22:41:33.371+0000] {logging_mixin.py:190} INFO - [2026-06-23T22:41:33.371+0000] {dag.py:3239} INFO - Sync 1 DAGs
[2026-06-23T22:41:33.384+0000] {logging_mixin.py:190} INFO - [2026-06-23T22:41:33.383+0000] {dag.py:4180} INFO - Setting next_dagrun for extract_raw_data_pipeline to 2026-06-23 07:59:00+00:00, run_after=2026-06-24 07:00:00+00:00
[2026-06-23T22:41:33.395+0000] {processor.py:208} INFO - Processing /opt/airflow/dags/driven_data_pipeline.py took 0.136 seconds
[2026-06-23T22:42:03.506+0000] {processor.py:186} INFO - Started process (PID=10951) to work on /opt/airflow/dags/driven_data_pipeline.py
[2026-06-23T22:42:03.507+0000] {processor.py:914} INFO - Processing file /opt/airflow/dags/driven_data_pipeline.py for tasks to queue
[2026-06-23T22:42:03.508+0000] {logging_mixin.py:190} INFO - [2026-06-23T22:42:03.508+0000] {dagbag.py:588} INFO - Filling up the DagBag from /opt/airflow/dags/driven_data_pipeline.py
[2026-06-23T22:42:03.593+0000] {processor.py:925} INFO - DAG(s) 'extract_raw_data_pipeline' retrieved from /opt/airflow/dags/driven_data_pipeline.py
[2026-06-23T22:42:03.608+0000] {logging_mixin.py:190} INFO - [2026-06-23T22:42:03.608+0000] {dag.py:3239} INFO - Sync 1 DAGs
[2026-06-23T22:42:03.620+0000] {logging_mixin.py:190} INFO - [2026-06-23T22:42:03.620+0000] {dag.py:4180} INFO - Setting next_dagrun for extract_raw_data_pipeline to 2026-06-23 07:59:00+00:00, run_after=2026-06-24 07:00:00+00:00
[2026-06-23T22:42:03.726+0000] {processor.py:208} INFO - Processing /opt/airflow/dags/driven_data_pipeline.py took 0.224 seconds
[2026-06-23T22:42:33.930+0000] {processor.py:186} INFO - Started process (PID=10959) to work on /opt/airflow/dags/driven_data_pipeline.py
[2026-06-23T22:42:33.931+0000] {processor.py:914} INFO - Processing file /opt/airflow/dags/driven_data_pipeline.py for tasks to queue
[2026-06-23T22:42:33.933+0000] {logging_mixin.py:190} INFO - [2026-06-23T22:42:33.933+0000] {dagbag.py:588} INFO - Filling up the DagBag from /opt/airflow/dags/driven_data_pipeline.py
[2026-06-23T22:42:34.031+0000] {processor.py:925} INFO - DAG(s) 'extract_raw_data_pipeline' retrieved from /opt/airflow/dags/driven_data_pipeline.py
[2026-06-23T22:42:34.046+0000] {logging_mixin.py:190} INFO - [2026-06-23T22:42:34.046+0000] {dag.py:3239} INFO - Sync 1 DAGs
[2026-06-23T22:42:34.158+0000] {logging_mixin.py:190} INFO - [2026-06-23T22:42:34.158+0000] {dag.py:4180} INFO - Setting next_dagrun for extract_raw_data_pipeline to 2026-06-23 07:59:00+00:00, run_after=2026-06-24 07:00:00+00:00
[2026-06-23T22:42:34.170+0000] {processor.py:208} INFO - Processing /opt/airflow/dags/driven_data_pipeline.py took 0.244 seconds
[2026-06-23T22:43:04.352+0000] {processor.py:186} INFO - Started process (PID=10967) to work on /opt/airflow/dags/driven_data_pipeline.py
[2026-06-23T22:43:04.353+0000] {processor.py:914} INFO - Processing file /opt/airflow/dags/driven_data_pipeline.py for tasks to queue
[2026-06-23T22:43:04.354+0000] {logging_mixin.py:190} INFO - [2026-06-23T22:43:04.354+0000] {dagbag.py:588} INFO - Filling up the DagBag from /opt/airflow/dags/driven_data_pipeline.py
[2026-06-23T22:43:04.441+0000] {processor.py:925} INFO - DAG(s) 'extract_raw_data_pipeline' retrieved from /opt/airflow/dags/driven_data_pipeline.py
[2026-06-23T22:43:04.556+0000] {logging_mixin.py:190} INFO - [2026-06-23T22:43:04.556+0000] {dag.py:3239} INFO - Sync 1 DAGs
[2026-06-23T22:43:04.568+0000] {logging_mixin.py:190} INFO - [2026-06-23T22:43:04.567+0000] {dag.py:4180} INFO - Setting next_dagrun for extract_raw_data_pipeline to 2026-06-23 07:59:00+00:00, run_after=2026-06-24 07:00:00+00:00
[2026-06-23T22:43:04.583+0000] {processor.py:208} INFO - Processing /opt/airflow/dags/driven_data_pipeline.py took 0.235 seconds
[2026-06-23T22:43:34.727+0000] {processor.py:186} INFO - Started process (PID=10975) to work on /opt/airflow/dags/driven_data_pipeline.py
[2026-06-23T22:43:34.727+0000] {processor.py:914} INFO - Processing file /opt/airflow/dags/driven_data_pipeline.py for tasks to queue
[2026-06-23T22:43:34.729+0000] {logging_mixin.py:190} INFO - [2026-06-23T22:43:34.729+0000] {dagbag.py:588} INFO - Filling up the DagBag from /opt/airflow/dags/driven_data_pipeline.py
[2026-06-23T22:43:34.812+0000] {processor.py:925} INFO - DAG(s) 'extract_raw_data_pipeline' retrieved from /opt/airflow/dags/driven_data_pipeline.py
[2026-06-23T22:43:34.827+0000] {logging_mixin.py:190} INFO - [2026-06-23T22:43:34.827+0000] {dag.py:3239} INFO - Sync 1 DAGs
[2026-06-23T22:43:34.840+0000] {logging_mixin.py:190} INFO - [2026-06-23T22:43:34.839+0000] {dag.py:4180} INFO - Setting next_dagrun for extract_raw_data_pipeline to 2026-06-23 07:59:00+00:00, run_after=2026-06-24 07:00:00+00:00
[2026-06-23T22:43:34.862+0000] {processor.py:208} INFO - Processing /opt/airflow/dags/driven_data_pipeline.py took 0.139 seconds
[2026-06-23T22:44:05.268+0000] {processor.py:186} INFO - Started process (PID=10983) to work on /opt/airflow/dags/driven_data_pipeline.py
[2026-06-23T22:44:05.269+0000] {processor.py:914} INFO - Processing file /opt/airflow/dags/driven_data_pipeline.py for tasks to queue
[2026-06-23T22:44:05.270+0000] {logging_mixin.py:190} INFO - [2026-06-23T22:44:05.270+0000] {dagbag.py:588} INFO - Filling up the DagBag from /opt/airflow/dags/driven_data_pipeline.py
[2026-06-23T22:44:05.352+0000] {processor.py:925} INFO - DAG(s) 'extract_raw_data_pipeline' retrieved from /opt/airflow/dags/driven_data_pipeline.py
[2026-06-23T22:44:05.366+0000] {logging_mixin.py:190} INFO - [2026-06-23T22:44:05.365+0000] {dag.py:3239} INFO - Sync 1 DAGs
[2026-06-23T22:44:05.377+0000] {logging_mixin.py:190} INFO - [2026-06-23T22:44:05.377+0000] {dag.py:4180} INFO - Setting next_dagrun for extract_raw_data_pipeline to 2026-06-23 07:59:00+00:00, run_after=2026-06-24 07:00:00+00:00
[2026-06-23T22:44:05.476+0000] {processor.py:208} INFO - Processing /opt/airflow/dags/driven_data_pipeline.py took 0.212 seconds
[2026-06-23T22:44:35.564+0000] {processor.py:186} INFO - Started process (PID=10991) to work on /opt/airflow/dags/driven_data_pipeline.py
[2026-06-23T22:44:35.565+0000] {processor.py:914} INFO - Processing file /opt/airflow/dags/driven_data_pipeline.py for tasks to queue
[2026-06-23T22:44:35.566+0000] {logging_mixin.py:190} INFO - [2026-06-23T22:44:35.566+0000] {dagbag.py:588} INFO - Filling up the DagBag from /opt/airflow/dags/driven_data_pipeline.py
[2026-06-23T22:44:35.647+0000] {processor.py:925} INFO - DAG(s) 'extract_raw_data_pipeline' retrieved from /opt/airflow/dags/driven_data_pipeline.py
[2026-06-23T22:44:35.662+0000] {logging_mixin.py:190} INFO - [2026-06-23T22:44:35.662+0000] {dag.py:3239} INFO - Sync 1 DAGs
[2026-06-23T22:44:35.754+0000] {logging_mixin.py:190} INFO - [2026-06-23T22:44:35.754+0000] {dag.py:4180} INFO - Setting next_dagrun for extract_raw_data_pipeline to 2026-06-23 07:59:00+00:00, run_after=2026-06-24 07:00:00+00:00
[2026-06-23T22:44:35.765+0000] {processor.py:208} INFO - Processing /opt/airflow/dags/driven_data_pipeline.py took 0.205 seconds
[2026-06-23T22:45:05.955+0000] {processor.py:186} INFO - Started process (PID=10999) to work on /opt/airflow/dags/driven_data_pipeline.py
[2026-06-23T22:45:05.956+0000] {processor.py:914} INFO - Processing file /opt/airflow/dags/driven_data_pipeline.py for tasks to queue
[2026-06-23T22:45:05.958+0000] {logging_mixin.py:190} INFO - [2026-06-23T22:45:05.957+0000] {dagbag.py:588} INFO - Filling up the DagBag from /opt/airflow/dags/driven_data_pipeline.py
[2026-06-23T22:45:06.041+0000] {processor.py:925} INFO - DAG(s) 'extract_raw_data_pipeline' retrieved from /opt/airflow/dags/driven_data_pipeline.py
[2026-06-23T22:45:06.151+0000] {logging_mixin.py:190} INFO - [2026-06-23T22:45:06.150+0000] {dag.py:3239} INFO - Sync 1 DAGs
[2026-06-23T22:45:06.163+0000] {logging_mixin.py:190} INFO - [2026-06-23T22:45:06.162+0000] {dag.py:4180} INFO - Setting next_dagrun for extract_raw_data_pipeline to 2026-06-23 07:59:00+00:00, run_after=2026-06-24 07:00:00+00:00
[2026-06-23T22:45:06.176+0000] {processor.py:208} INFO - Processing /opt/airflow/dags/driven_data_pipeline.py took 0.224 seconds
[2026-06-23T22:45:36.316+0000] {processor.py:186} INFO - Started process (PID=11007) to work on /opt/airflow/dags/driven_data_pipeline.py
[2026-06-23T22:45:36.316+0000] {processor.py:914} INFO - Processing file /opt/airflow/dags/driven_data_pipeline.py for tasks to queue
[2026-06-23T22:45:36.318+0000] {logging_mixin.py:190} INFO - [2026-06-23T22:45:36.318+0000] {dagbag.py:588} INFO - Filling up the DagBag from /opt/airflow/dags/driven_data_pipeline.py
[2026-06-23T22:45:36.403+0000] {processor.py:925} INFO - DAG(s) 'extract_raw_data_pipeline' retrieved from /opt/airflow/dags/driven_data_pipeline.py
[2026-06-23T22:45:36.418+0000] {logging_mixin.py:190} INFO - [2026-06-23T22:45:36.418+0000] {dag.py:3239} INFO - Sync 1 DAGs
[2026-06-23T22:45:36.431+0000] {logging_mixin.py:190} INFO - [2026-06-23T22:45:36.431+0000] {dag.py:4180} INFO - Setting next_dagrun for extract_raw_data_pipeline to 2026-06-23 07:59:00+00:00, run_after=2026-06-24 07:00:00+00:00
[2026-06-23T22:45:36.444+0000] {processor.py:208} INFO - Processing /opt/airflow/dags/driven_data_pipeline.py took 0.132 seconds
[2026-06-23T22:46:06.668+0000] {processor.py:186} INFO - Started process (PID=11015) to work on /opt/airflow/dags/driven_data_pipeline.py
[2026-06-23T22:46:06.669+0000] {processor.py:914} INFO - Processing file /opt/airflow/dags/driven_data_pipeline.py for tasks to queue
[2026-06-23T22:46:06.671+0000] {logging_mixin.py:190} INFO - [2026-06-23T22:46:06.671+0000] {dagbag.py:588} INFO - Filling up the DagBag from /opt/airflow/dags/driven_data_pipeline.py
[2026-06-23T22:46:06.760+0000] {processor.py:925} INFO - DAG(s) 'extract_raw_data_pipeline' retrieved from /opt/airflow/dags/driven_data_pipeline.py
[2026-06-23T22:46:06.774+0000] {logging_mixin.py:190} INFO - [2026-06-23T22:46:06.774+0000] {dag.py:3239} INFO - Sync 1 DAGs
[2026-06-23T22:46:06.787+0000] {logging_mixin.py:190} INFO - [2026-06-23T22:46:06.787+0000] {dag.py:4180} INFO - Setting next_dagrun for extract_raw_data_pipeline to 2026-06-23 07:59:00+00:00, run_after=2026-06-24 07:00:00+00:00
[2026-06-23T22:46:06.895+0000] {processor.py:208} INFO - Processing /opt/airflow/dags/driven_data_pipeline.py took 0.231 seconds
[2026-06-23T22:46:36.955+0000] {processor.py:186} INFO - Started process (PID=11022) to work on /opt/airflow/dags/driven_data_pipeline.py
[2026-06-23T22:46:36.956+0000] {processor.py:914} INFO - Processing file /opt/airflow/dags/driven_data_pipeline.py for tasks to queue
[2026-06-23T22:46:36.958+0000] {logging_mixin.py:190} INFO - [2026-06-23T22:46:36.958+0000] {dagbag.py:588} INFO - Filling up the DagBag from /opt/airflow/dags/driven_data_pipeline.py
[2026-06-23T22:46:37.057+0000] {processor.py:925} INFO - DAG(s) 'extract_raw_data_pipeline' retrieved from /opt/airflow/dags/driven_data_pipeline.py
[2026-06-23T22:46:37.075+0000] {logging_mixin.py:190} INFO - [2026-06-23T22:46:37.075+0000] {dag.py:3239} INFO - Sync 1 DAGs
[2026-06-23T22:46:37.194+0000] {logging_mixin.py:190} INFO - [2026-06-23T22:46:37.194+0000] {dag.py:4180} INFO - Setting next_dagrun for extract_raw_data_pipeline to 2026-06-23 07:59:00+00:00, run_after=2026-06-24 07:00:00+00:00
[2026-06-23T22:46:37.208+0000] {processor.py:208} INFO - Processing /opt/airflow/dags/driven_data_pipeline.py took 0.257 seconds
[2026-06-23T22:47:07.539+0000] {processor.py:186} INFO - Started process (PID=11030) to work on /opt/airflow/dags/driven_data_pipeline.py
[2026-06-23T22:47:07.539+0000] {processor.py:914} INFO - Processing file /opt/airflow/dags/driven_data_pipeline.py for tasks to queue
[2026-06-23T22:47:07.541+0000] {logging_mixin.py:190} INFO - [2026-06-23T22:47:07.541+0000] {dagbag.py:588} INFO - Filling up the DagBag from /opt/airflow/dags/driven_data_pipeline.py
[2026-06-23T22:47:07.628+0000] {processor.py:925} INFO - DAG(s) 'extract_raw_data_pipeline' retrieved from /opt/airflow/dags/driven_data_pipeline.py
[2026-06-23T22:47:07.747+0000] {logging_mixin.py:190} INFO - [2026-06-23T22:47:07.747+0000] {dag.py:3239} INFO - Sync 1 DAGs
[2026-06-23T22:47:07.759+0000] {logging_mixin.py:190} INFO - [2026-06-23T22:47:07.759+0000] {dag.py:4180} INFO - Setting next_dagrun for extract_raw_data_pipeline to 2026-06-23 07:59:00+00:00, run_after=2026-06-24 07:00:00+00:00
[2026-06-23T22:47:07.771+0000] {processor.py:208} INFO - Processing /opt/airflow/dags/driven_data_pipeline.py took 0.235 seconds
[2026-06-23T22:47:37.894+0000] {processor.py:186} INFO - Started process (PID=11038) to work on /opt/airflow/dags/driven_data_pipeline.py
[2026-06-23T22:47:37.895+0000] {processor.py:914} INFO - Processing file /opt/airflow/dags/driven_data_pipeline.py for tasks to queue
[2026-06-23T22:47:37.897+0000] {logging_mixin.py:190} INFO - [2026-06-23T22:47:37.897+0000] {dagbag.py:588} INFO - Filling up the DagBag from /opt/airflow/dags/driven_data_pipeline.py
[2026-06-23T22:47:37.983+0000] {processor.py:925} INFO - DAG(s) 'extract_raw_data_pipeline' retrieved from /opt/airflow/dags/driven_data_pipeline.py
[2026-06-23T22:47:37.999+0000] {logging_mixin.py:190} INFO - [2026-06-23T22:47:37.998+0000] {dag.py:3239} INFO - Sync 1 DAGs
[2026-06-23T22:47:38.012+0000] {logging_mixin.py:190} INFO - [2026-06-23T22:47:38.012+0000] {dag.py:4180} INFO - Setting next_dagrun for extract_raw_data_pipeline to 2026-06-23 07:59:00+00:00, run_after=2026-06-24 07:00:00+00:00
[2026-06-23T22:47:38.026+0000] {processor.py:208} INFO - Processing /opt/airflow/dags/driven_data_pipeline.py took 0.135 seconds
[2026-06-23T22:48:08.394+0000] {processor.py:186} INFO - Started process (PID=11052) to work on /opt/airflow/dags/driven_data_pipeline.py
[2026-06-23T22:48:08.395+0000] {processor.py:914} INFO - Processing file /opt/airflow/dags/driven_data_pipeline.py for tasks to queue
[2026-06-23T22:48:08.397+0000] {logging_mixin.py:190} INFO - [2026-06-23T22:48:08.397+0000] {dagbag.py:588} INFO - Filling up the DagBag from /opt/airflow/dags/driven_data_pipeline.py
[2026-06-23T22:48:08.487+0000] {processor.py:925} INFO - DAG(s) 'extract_raw_data_pipeline' retrieved from /opt/airflow/dags/driven_data_pipeline.py
[2026-06-23T22:48:08.501+0000] {logging_mixin.py:190} INFO - [2026-06-23T22:48:08.501+0000] {dag.py:3239} INFO - Sync 1 DAGs
[2026-06-23T22:48:08.514+0000] {logging_mixin.py:190} INFO - [2026-06-23T22:48:08.514+0000] {dag.py:4180} INFO - Setting next_dagrun for extract_raw_data_pipeline to 2026-06-23 07:59:00+00:00, run_after=2026-06-24 07:00:00+00:00
[2026-06-23T22:48:08.636+0000] {processor.py:208} INFO - Processing /opt/airflow/dags/driven_data_pipeline.py took 0.245 seconds
[2026-06-23T22:48:38.948+0000] {processor.py:186} INFO - Started process (PID=11060) to work on /opt/airflow/dags/driven_data_pipeline.py
[2026-06-23T22:48:38.949+0000] {processor.py:914} INFO - Processing file /opt/airflow/dags/driven_data_pipeline.py for tasks to queue
[2026-06-23T22:48:38.950+0000] {logging_mixin.py:190} INFO - [2026-06-23T22:48:38.950+0000] {dagbag.py:588} INFO - Filling up the DagBag from /opt/airflow/dags/driven_data_pipeline.py
[2026-06-23T22:48:39.034+0000] {processor.py:925} INFO - DAG(s) 'extract_raw_data_pipeline' retrieved from /opt/airflow/dags/driven_data_pipeline.py
[2026-06-23T22:48:39.051+0000] {logging_mixin.py:190} INFO - [2026-06-23T22:48:39.050+0000] {dag.py:3239} INFO - Sync 1 DAGs
[2026-06-23T22:48:39.164+0000] {logging_mixin.py:190} INFO - [2026-06-23T22:48:39.163+0000] {dag.py:4180} INFO - Setting next_dagrun for extract_raw_data_pipeline to 2026-06-23 07:59:00+00:00, run_after=2026-06-24 07:00:00+00:00
[2026-06-23T22:48:39.176+0000] {processor.py:208} INFO - Processing /opt/airflow/dags/driven_data_pipeline.py took 0.231 seconds
[2026-06-23T22:49:09.261+0000] {processor.py:186} INFO - Started process (PID=11067) to work on /opt/airflow/dags/driven_data_pipeline.py
[2026-06-23T22:49:09.262+0000] {processor.py:914} INFO - Processing file /opt/airflow/dags/driven_data_pipeline.py for tasks to queue
[2026-06-23T22:49:09.264+0000] {logging_mixin.py:190} INFO - [2026-06-23T22:49:09.263+0000] {dagbag.py:588} INFO - Filling up the DagBag from /opt/airflow/dags/driven_data_pipeline.py
[2026-06-23T22:49:09.348+0000] {processor.py:925} INFO - DAG(s) 'extract_raw_data_pipeline' retrieved from /opt/airflow/dags/driven_data_pipeline.py
[2026-06-23T22:49:09.473+0000] {logging_mixin.py:190} INFO - [2026-06-23T22:49:09.473+0000] {dag.py:3239} INFO - Sync 1 DAGs
[2026-06-23T22:49:09.484+0000] {logging_mixin.py:190} INFO - [2026-06-23T22:49:09.484+0000] {dag.py:4180} INFO - Setting next_dagrun for extract_raw_data_pipeline to 2026-06-23 07:59:00+00:00, run_after=2026-06-24 07:00:00+00:00
[2026-06-23T22:49:09.496+0000] {processor.py:208} INFO - Processing /opt/airflow/dags/driven_data_pipeline.py took 0.238 seconds
[2026-06-23T22:49:39.767+0000] {processor.py:186} INFO - Started process (PID=11075) to work on /opt/airflow/dags/driven_data_pipeline.py
[2026-06-23T22:49:39.767+0000] {processor.py:914} INFO - Processing file /opt/airflow/dags/driven_data_pipeline.py for tasks to queue
[2026-06-23T22:49:39.769+0000] {logging_mixin.py:190} INFO - [2026-06-23T22:49:39.769+0000] {dagbag.py:588} INFO - Filling up the DagBag from /opt/airflow/dags/driven_data_pipeline.py
[2026-06-23T22:49:39.853+0000] {processor.py:925} INFO - DAG(s) 'extract_raw_data_pipeline' retrieved from /opt/airflow/dags/driven_data_pipeline.py
[2026-06-23T22:49:39.869+0000] {logging_mixin.py:190} INFO - [2026-06-23T22:49:39.869+0000] {dag.py:3239} INFO - Sync 1 DAGs
[2026-06-23T22:49:39.884+0000] {logging_mixin.py:190} INFO - [2026-06-23T22:49:39.884+0000] {dag.py:4180} INFO - Setting next_dagrun for extract_raw_data_pipeline to 2026-06-23 07:59:00+00:00, run_after=2026-06-24 07:00:00+00:00
[2026-06-23T22:49:39.897+0000] {processor.py:208} INFO - Processing /opt/airflow/dags/driven_data_pipeline.py took 0.134 seconds
[2026-06-23T22:50:10.065+0000] {processor.py:186} INFO - Started process (PID=11083) to work on /opt/airflow/dags/driven_data_pipeline.py
[2026-06-23T22:50:10.066+0000] {processor.py:914} INFO - Processing file /opt/airflow/dags/driven_data_pipeline.py for tasks to queue
[2026-06-23T22:50:10.067+0000] {logging_mixin.py:190} INFO - [2026-06-23T22:50:10.067+0000] {dagbag.py:588} INFO - Filling up the DagBag from /opt/airflow/dags/driven_data_pipeline.py
[2026-06-23T22:50:10.156+0000] {processor.py:925} INFO - DAG(s) 'extract_raw_data_pipeline' retrieved from /opt/airflow/dags/driven_data_pipeline.py
[2026-06-23T22:50:10.173+0000] {logging_mixin.py:190} INFO - [2026-06-23T22:50:10.173+0000] {dag.py:3239} INFO - Sync 1 DAGs
[2026-06-23T22:50:10.187+0000] {logging_mixin.py:190} INFO - [2026-06-23T22:50:10.187+0000] {dag.py:4180} INFO - Setting next_dagrun for extract_raw_data_pipeline to 2026-06-23 07:59:00+00:00, run_after=2026-06-24 07:00:00+00:00
[2026-06-23T22:50:10.308+0000] {processor.py:208} INFO - Processing /opt/airflow/dags/driven_data_pipeline.py took 0.247 seconds
[2026-06-23T22:50:40.546+0000] {processor.py:186} INFO - Started process (PID=11091) to work on /opt/airflow/dags/driven_data_pipeline.py
[2026-06-23T22:50:40.546+0000] {processor.py:914} INFO - Processing file /opt/airflow/dags/driven_data_pipeline.py for tasks to queue
[2026-06-23T22:50:40.548+0000] {logging_mixin.py:190} INFO - [2026-06-23T22:50:40.548+0000] {dagbag.py:588} INFO - Filling up the DagBag from /opt/airflow/dags/driven_data_pipeline.py
[2026-06-23T22:50:40.636+0000] {processor.py:925} INFO - DAG(s) 'extract_raw_data_pipeline' retrieved from /opt/airflow/dags/driven_data_pipeline.py
[2026-06-23T22:50:40.652+0000] {logging_mixin.py:190} INFO - [2026-06-23T22:50:40.651+0000] {dag.py:3239} INFO - Sync 1 DAGs
[2026-06-23T22:50:40.771+0000] {logging_mixin.py:190} INFO - [2026-06-23T22:50:40.771+0000] {dag.py:4180} INFO - Setting next_dagrun for extract_raw_data_pipeline to 2026-06-23 07:59:00+00:00, run_after=2026-06-24 07:00:00+00:00
[2026-06-23T22:50:40.782+0000] {processor.py:208} INFO - Processing /opt/airflow/dags/driven_data_pipeline.py took 0.240 seconds
[2026-06-23T22:51:10.832+0000] {processor.py:186} INFO - Started process (PID=11099) to work on /opt/airflow/dags/driven_data_pipeline.py
[2026-06-23T22:51:10.833+0000] {processor.py:914} INFO - Processing file /opt/airflow/dags/driven_data_pipeline.py for tasks to queue
[2026-06-23T22:51:10.835+0000] {logging_mixin.py:190} INFO - [2026-06-23T22:51:10.834+0000] {dagbag.py:588} INFO - Filling up the DagBag from /opt/airflow/dags/driven_data_pipeline.py
[2026-06-23T22:51:10.921+0000] {processor.py:925} INFO - DAG(s) 'extract_raw_data_pipeline' retrieved from /opt/airflow/dags/driven_data_pipeline.py
[2026-06-23T22:51:11.039+0000] {logging_mixin.py:190} INFO - [2026-06-23T22:51:11.039+0000] {dag.py:3239} INFO - Sync 1 DAGs
[2026-06-23T22:51:11.050+0000] {logging_mixin.py:190} INFO - [2026-06-23T22:51:11.050+0000] {dag.py:4180} INFO - Setting next_dagrun for extract_raw_data_pipeline to 2026-06-23 07:59:00+00:00, run_after=2026-06-24 07:00:00+00:00
[2026-06-23T22:51:11.062+0000] {processor.py:208} INFO - Processing /opt/airflow/dags/driven_data_pipeline.py took 0.233 seconds
[2026-06-23T22:51:41.334+0000] {processor.py:186} INFO - Started process (PID=11107) to work on /opt/airflow/dags/driven_data_pipeline.py
[2026-06-23T22:51:41.335+0000] {processor.py:914} INFO - Processing file /opt/airflow/dags/driven_data_pipeline.py for tasks to queue
[2026-06-23T22:51:41.336+0000] {logging_mixin.py:190} INFO - [2026-06-23T22:51:41.336+0000] {dagbag.py:588} INFO - Filling up the DagBag from /opt/airflow/dags/driven_data_pipeline.py
[2026-06-23T22:51:41.418+0000] {processor.py:925} INFO - DAG(s) 'extract_raw_data_pipeline' retrieved from /opt/airflow/dags/driven_data_pipeline.py
[2026-06-23T22:51:41.431+0000] {logging_mixin.py:190} INFO - [2026-06-23T22:51:41.431+0000] {dag.py:3239} INFO - Sync 1 DAGs
[2026-06-23T22:51:41.442+0000] {logging_mixin.py:190} INFO - [2026-06-23T22:51:41.442+0000] {dag.py:4180} INFO - Setting next_dagrun for extract_raw_data_pipeline to 2026-06-23 07:59:00+00:00, run_after=2026-06-24 07:00:00+00:00
[2026-06-23T22:51:41.453+0000] {processor.py:208} INFO - Processing /opt/airflow/dags/driven_data_pipeline.py took 0.123 seconds
[2026-06-23T22:52:11.647+0000] {processor.py:186} INFO - Started process (PID=11115) to work on /opt/airflow/dags/driven_data_pipeline.py
[2026-06-23T22:52:11.648+0000] {processor.py:914} INFO - Processing file /opt/airflow/dags/driven_data_pipeline.py for tasks to queue
[2026-06-23T22:52:11.650+0000] {logging_mixin.py:190} INFO - [2026-06-23T22:52:11.649+0000] {dagbag.py:588} INFO - Filling up the DagBag from /opt/airflow/dags/driven_data_pipeline.py
[2026-06-23T22:52:11.735+0000] {processor.py:925} INFO - DAG(s) 'extract_raw_data_pipeline' retrieved from /opt/airflow/dags/driven_data_pipeline.py
[2026-06-23T22:52:11.749+0000] {logging_mixin.py:190} INFO - [2026-06-23T22:52:11.749+0000] {dag.py:3239} INFO - Sync 1 DAGs
[2026-06-23T22:52:11.762+0000] {logging_mixin.py:190} INFO - [2026-06-23T22:52:11.762+0000] {dag.py:4180} INFO - Setting next_dagrun for extract_raw_data_pipeline to 2026-06-23 07:59:00+00:00, run_after=2026-06-24 07:00:00+00:00
[2026-06-23T22:52:11.888+0000] {processor.py:208} INFO - Processing /opt/airflow/dags/driven_data_pipeline.py took 0.246 seconds
[2026-06-23T22:52:42.001+0000] {processor.py:186} INFO - Started process (PID=11123) to work on /opt/airflow/dags/driven_data_pipeline.py
[2026-06-23T22:52:42.002+0000] {processor.py:914} INFO - Processing file /opt/airflow/dags/driven_data_pipeline.py for tasks to queue
[2026-06-23T22:52:42.004+0000] {logging_mixin.py:190} INFO - [2026-06-23T22:52:42.003+0000] {dagbag.py:588} INFO - Filling up the DagBag from /opt/airflow/dags/driven_data_pipeline.py
[2026-06-23T22:52:42.096+0000] {processor.py:925} INFO - DAG(s) 'extract_raw_data_pipeline' retrieved from /opt/airflow/dags/driven_data_pipeline.py
[2026-06-23T22:52:42.111+0000] {logging_mixin.py:190} INFO - [2026-06-23T22:52:42.111+0000] {dag.py:3239} INFO - Sync 1 DAGs
[2026-06-23T22:52:42.221+0000] {logging_mixin.py:190} INFO - [2026-06-23T22:52:42.220+0000] {dag.py:4180} INFO - Setting next_dagrun for extract_raw_data_pipeline to 2026-06-23 07:59:00+00:00, run_after=2026-06-24 07:00:00+00:00
[2026-06-23T22:52:42.235+0000] {processor.py:208} INFO - Processing /opt/airflow/dags/driven_data_pipeline.py took 0.238 seconds
[2026-06-23T22:53:12.338+0000] {processor.py:186} INFO - Started process (PID=11131) to work on /opt/airflow/dags/driven_data_pipeline.py
[2026-06-23T22:53:12.339+0000] {processor.py:914} INFO - Processing file /opt/airflow/dags/driven_data_pipeline.py for tasks to queue
[2026-06-23T22:53:12.341+0000] {logging_mixin.py:190} INFO - [2026-06-23T22:53:12.341+0000] {dagbag.py:588} INFO - Filling up the DagBag from /opt/airflow/dags/driven_data_pipeline.py
[2026-06-23T22:53:12.423+0000] {processor.py:925} INFO - DAG(s) 'extract_raw_data_pipeline' retrieved from /opt/airflow/dags/driven_data_pipeline.py
[2026-06-23T22:53:12.534+0000] {logging_mixin.py:190} INFO - [2026-06-23T22:53:12.534+0000] {dag.py:3239} INFO - Sync 1 DAGs
[2026-06-23T22:53:12.545+0000] {logging_mixin.py:190} INFO - [2026-06-23T22:53:12.545+0000] {dag.py:4180} INFO - Setting next_dagrun for extract_raw_data_pipeline to 2026-06-23 07:59:00+00:00, run_after=2026-06-24 07:00:00+00:00
[2026-06-23T22:53:12.566+0000] {processor.py:208} INFO - Processing /opt/airflow/dags/driven_data_pipeline.py took 0.231 seconds
[2026-06-23T22:53:42.903+0000] {processor.py:186} INFO - Started process (PID=11139) to work on /opt/airflow/dags/driven_data_pipeline.py
[2026-06-23T22:53:42.903+0000] {processor.py:914} INFO - Processing file /opt/airflow/dags/driven_data_pipeline.py for tasks to queue
[2026-06-23T22:53:42.905+0000] {logging_mixin.py:190} INFO - [2026-06-23T22:53:42.905+0000] {dagbag.py:588} INFO - Filling up the DagBag from /opt/airflow/dags/driven_data_pipeline.py
[2026-06-23T22:53:42.992+0000] {processor.py:925} INFO - DAG(s) 'extract_raw_data_pipeline' retrieved from /opt/airflow/dags/driven_data_pipeline.py
[2026-06-23T22:53:43.007+0000] {logging_mixin.py:190} INFO - [2026-06-23T22:53:43.006+0000] {dag.py:3239} INFO - Sync 1 DAGs
[2026-06-23T22:53:43.019+0000] {logging_mixin.py:190} INFO - [2026-06-23T22:53:43.019+0000] {dag.py:4180} INFO - Setting next_dagrun for extract_raw_data_pipeline to 2026-06-23 07:59:00+00:00, run_after=2026-06-24 07:00:00+00:00
[2026-06-23T22:53:43.032+0000] {processor.py:208} INFO - Processing /opt/airflow/dags/driven_data_pipeline.py took 0.133 seconds
[2026-06-23T22:54:13.181+0000] {processor.py:186} INFO - Started process (PID=11147) to work on /opt/airflow/dags/driven_data_pipeline.py
[2026-06-23T22:54:13.182+0000] {processor.py:914} INFO - Processing file /opt/airflow/dags/driven_data_pipeline.py for tasks to queue
[2026-06-23T22:54:13.183+0000] {logging_mixin.py:190} INFO - [2026-06-23T22:54:13.183+0000] {dagbag.py:588} INFO - Filling up the DagBag from /opt/airflow/dags/driven_data_pipeline.py
[2026-06-23T22:54:13.265+0000] {processor.py:925} INFO - DAG(s) 'extract_raw_data_pipeline' retrieved from /opt/airflow/dags/driven_data_pipeline.py
[2026-06-23T22:54:13.281+0000] {logging_mixin.py:190} INFO - [2026-06-23T22:54:13.281+0000] {dag.py:3239} INFO - Sync 1 DAGs
[2026-06-23T22:54:13.295+0000] {logging_mixin.py:190} INFO - [2026-06-23T22:54:13.295+0000] {dag.py:4180} INFO - Setting next_dagrun for extract_raw_data_pipeline to 2026-06-23 07:59:00+00:00, run_after=2026-06-24 07:00:00+00:00
[2026-06-23T22:54:13.406+0000] {processor.py:208} INFO - Processing /opt/airflow/dags/driven_data_pipeline.py took 0.228 seconds
[2026-06-23T22:54:43.574+0000] {processor.py:186} INFO - Started process (PID=11155) to work on /opt/airflow/dags/driven_data_pipeline.py
[2026-06-23T22:54:43.575+0000] {processor.py:914} INFO - Processing file /opt/airflow/dags/driven_data_pipeline.py for tasks to queue
[2026-06-23T22:54:43.576+0000] {logging_mixin.py:190} INFO - [2026-06-23T22:54:43.576+0000] {dagbag.py:588} INFO - Filling up the DagBag from /opt/airflow/dags/driven_data_pipeline.py
[2026-06-23T22:54:44.030+0000] {processor.py:925} INFO - DAG(s) 'extract_raw_data_pipeline' retrieved from /opt/airflow/dags/driven_data_pipeline.py
[2026-06-23T22:54:44.053+0000] {logging_mixin.py:190} INFO - [2026-06-23T22:54:44.053+0000] {dag.py:3239} INFO - Sync 1 DAGs
[2026-06-23T22:54:44.146+0000] {logging_mixin.py:190} INFO - [2026-06-23T22:54:44.146+0000] {dag.py:4180} INFO - Setting next_dagrun for extract_raw_data_pipeline to 2026-06-23 07:59:00+00:00, run_after=2026-06-24 07:00:00+00:00
[2026-06-23T22:54:44.160+0000] {processor.py:208} INFO - Processing /opt/airflow/dags/driven_data_pipeline.py took 0.589 seconds
[2026-06-23T22:55:14.531+0000] {processor.py:186} INFO - Started process (PID=11163) to work on /opt/airflow/dags/driven_data_pipeline.py
[2026-06-23T22:55:14.531+0000] {processor.py:914} INFO - Processing file /opt/airflow/dags/driven_data_pipeline.py for tasks to queue
[2026-06-23T22:55:14.533+0000] {logging_mixin.py:190} INFO - [2026-06-23T22:55:14.533+0000] {dagbag.py:588} INFO - Filling up the DagBag from /opt/airflow/dags/driven_data_pipeline.py
[2026-06-23T22:55:14.618+0000] {processor.py:925} INFO - DAG(s) 'extract_raw_data_pipeline' retrieved from /opt/airflow/dags/driven_data_pipeline.py
[2026-06-23T22:55:14.729+0000] {logging_mixin.py:190} INFO - [2026-06-23T22:55:14.729+0000] {dag.py:3239} INFO - Sync 1 DAGs
[2026-06-23T22:55:14.742+0000] {logging_mixin.py:190} INFO - [2026-06-23T22:55:14.741+0000] {dag.py:4180} INFO - Setting next_dagrun for extract_raw_data_pipeline to 2026-06-23 07:59:00+00:00, run_after=2026-06-24 07:00:00+00:00
[2026-06-23T22:55:14.756+0000] {processor.py:208} INFO - Processing /opt/airflow/dags/driven_data_pipeline.py took 0.229 seconds
[2026-06-23T22:55:44.815+0000] {processor.py:186} INFO - Started process (PID=11171) to work on /opt/airflow/dags/driven_data_pipeline.py
[2026-06-23T22:55:44.816+0000] {processor.py:914} INFO - Processing file /opt/airflow/dags/driven_data_pipeline.py for tasks to queue
[2026-06-23T22:55:44.817+0000] {logging_mixin.py:190} INFO - [2026-06-23T22:55:44.817+0000] {dagbag.py:588} INFO - Filling up the DagBag from /opt/airflow/dags/driven_data_pipeline.py
[2026-06-23T22:55:44.901+0000] {processor.py:925} INFO - DAG(s) 'extract_raw_data_pipeline' retrieved from /opt/airflow/dags/driven_data_pipeline.py
[2026-06-23T22:55:44.915+0000] {logging_mixin.py:190} INFO - [2026-06-23T22:55:44.915+0000] {dag.py:3239} INFO - Sync 1 DAGs
[2026-06-23T22:55:44.927+0000] {logging_mixin.py:190} INFO - [2026-06-23T22:55:44.927+0000] {dag.py:4180} INFO - Setting next_dagrun for extract_raw_data_pipeline to 2026-06-23 07:59:00+00:00, run_after=2026-06-24 07:00:00+00:00
[2026-06-23T22:55:44.940+0000] {processor.py:208} INFO - Processing /opt/airflow/dags/driven_data_pipeline.py took 0.129 seconds
[2026-06-23T22:56:15.157+0000] {processor.py:186} INFO - Started process (PID=11179) to work on /opt/airflow/dags/driven_data_pipeline.py
[2026-06-23T22:56:15.158+0000] {processor.py:914} INFO - Processing file /opt/airflow/dags/driven_data_pipeline.py for tasks to queue
[2026-06-23T22:56:15.159+0000] {logging_mixin.py:190} INFO - [2026-06-23T22:56:15.159+0000] {dagbag.py:588} INFO - Filling up the DagBag from /opt/airflow/dags/driven_data_pipeline.py
[2026-06-23T22:56:15.243+0000] {processor.py:925} INFO - DAG(s) 'extract_raw_data_pipeline' retrieved from /opt/airflow/dags/driven_data_pipeline.py
[2026-06-23T22:56:15.257+0000] {logging_mixin.py:190} INFO - [2026-06-23T22:56:15.256+0000] {dag.py:3239} INFO - Sync 1 DAGs
[2026-06-23T22:56:15.269+0000] {logging_mixin.py:190} INFO - [2026-06-23T22:56:15.269+0000] {dag.py:4180} INFO - Setting next_dagrun for extract_raw_data_pipeline to 2026-06-23 07:59:00+00:00, run_after=2026-06-24 07:00:00+00:00
[2026-06-23T22:56:15.373+0000] {processor.py:208} INFO - Processing /opt/airflow/dags/driven_data_pipeline.py took 0.220 seconds
[2026-06-23T22:56:45.487+0000] {processor.py:186} INFO - Started process (PID=11187) to work on /opt/airflow/dags/driven_data_pipeline.py
[2026-06-23T22:56:45.488+0000] {processor.py:914} INFO - Processing file /opt/airflow/dags/driven_data_pipeline.py for tasks to queue
[2026-06-23T22:56:45.489+0000] {logging_mixin.py:190} INFO - [2026-06-23T22:56:45.489+0000] {dagbag.py:588} INFO - Filling up the DagBag from /opt/airflow/dags/driven_data_pipeline.py
[2026-06-23T22:56:45.577+0000] {processor.py:925} INFO - DAG(s) 'extract_raw_data_pipeline' retrieved from /opt/airflow/dags/driven_data_pipeline.py
[2026-06-23T22:56:45.593+0000] {logging_mixin.py:190} INFO - [2026-06-23T22:56:45.593+0000] {dag.py:3239} INFO - Sync 1 DAGs
[2026-06-23T22:56:45.698+0000] {logging_mixin.py:190} INFO - [2026-06-23T22:56:45.697+0000] {dag.py:4180} INFO - Setting next_dagrun for extract_raw_data_pipeline to 2026-06-23 07:59:00+00:00, run_after=2026-06-24 07:00:00+00:00
[2026-06-23T22:56:45.709+0000] {processor.py:208} INFO - Processing /opt/airflow/dags/driven_data_pipeline.py took 0.226 seconds
[2026-06-23T22:57:15.931+0000] {processor.py:186} INFO - Started process (PID=11194) to work on /opt/airflow/dags/driven_data_pipeline.py
[2026-06-23T22:57:15.932+0000] {processor.py:914} INFO - Processing file /opt/airflow/dags/driven_data_pipeline.py for tasks to queue
[2026-06-23T22:57:15.933+0000] {logging_mixin.py:190} INFO - [2026-06-23T22:57:15.933+0000] {dagbag.py:588} INFO - Filling up the DagBag from /opt/airflow/dags/driven_data_pipeline.py
[2026-06-23T22:57:16.018+0000] {processor.py:925} INFO - DAG(s) 'extract_raw_data_pipeline' retrieved from /opt/airflow/dags/driven_data_pipeline.py
[2026-06-23T22:57:16.131+0000] {logging_mixin.py:190} INFO - [2026-06-23T22:57:16.131+0000] {dag.py:3239} INFO - Sync 1 DAGs
[2026-06-23T22:57:16.144+0000] {logging_mixin.py:190} INFO - [2026-06-23T22:57:16.143+0000] {dag.py:4180} INFO - Setting next_dagrun for extract_raw_data_pipeline to 2026-06-23 07:59:00+00:00, run_after=2026-06-24 07:00:00+00:00
[2026-06-23T22:57:16.155+0000] {processor.py:208} INFO - Processing /opt/airflow/dags/driven_data_pipeline.py took 0.228 seconds
[2026-06-23T22:57:46.248+0000] {processor.py:186} INFO - Started process (PID=11202) to work on /opt/airflow/dags/driven_data_pipeline.py
[2026-06-23T22:57:46.249+0000] {processor.py:914} INFO - Processing file /opt/airflow/dags/driven_data_pipeline.py for tasks to queue
[2026-06-23T22:57:46.251+0000] {logging_mixin.py:190} INFO - [2026-06-23T22:57:46.251+0000] {dagbag.py:588} INFO - Filling up the DagBag from /opt/airflow/dags/driven_data_pipeline.py
[2026-06-23T22:57:46.347+0000] {processor.py:925} INFO - DAG(s) 'extract_raw_data_pipeline' retrieved from /opt/airflow/dags/driven_data_pipeline.py
[2026-06-23T22:57:46.363+0000] {logging_mixin.py:190} INFO - [2026-06-23T22:57:46.363+0000] {dag.py:3239} INFO - Sync 1 DAGs
[2026-06-23T22:57:46.376+0000] {logging_mixin.py:190} INFO - [2026-06-23T22:57:46.376+0000] {dag.py:4180} INFO - Setting next_dagrun for extract_raw_data_pipeline to 2026-06-23 07:59:00+00:00, run_after=2026-06-24 07:00:00+00:00
[2026-06-23T22:57:46.389+0000] {processor.py:208} INFO - Processing /opt/airflow/dags/driven_data_pipeline.py took 0.145 seconds
[2026-06-23T22:58:16.557+0000] {processor.py:186} INFO - Started process (PID=11210) to work on /opt/airflow/dags/driven_data_pipeline.py
[2026-06-23T22:58:16.558+0000] {processor.py:914} INFO - Processing file /opt/airflow/dags/driven_data_pipeline.py for tasks to queue
[2026-06-23T22:58:16.560+0000] {logging_mixin.py:190} INFO - [2026-06-23T22:58:16.560+0000] {dagbag.py:588} INFO - Filling up the DagBag from /opt/airflow/dags/driven_data_pipeline.py
[2026-06-23T22:58:16.643+0000] {processor.py:925} INFO - DAG(s) 'extract_raw_data_pipeline' retrieved from /opt/airflow/dags/driven_data_pipeline.py
[2026-06-23T22:58:16.657+0000] {logging_mixin.py:190} INFO - [2026-06-23T22:58:16.657+0000] {dag.py:3239} INFO - Sync 1 DAGs
[2026-06-23T22:58:16.670+0000] {logging_mixin.py:190} INFO - [2026-06-23T22:58:16.670+0000] {dag.py:4180} INFO - Setting next_dagrun for extract_raw_data_pipeline to 2026-06-23 07:59:00+00:00, run_after=2026-06-24 07:00:00+00:00
[2026-06-23T22:58:16.777+0000] {processor.py:208} INFO - Processing /opt/airflow/dags/driven_data_pipeline.py took 0.223 seconds
[2026-06-23T22:58:47.001+0000] {processor.py:186} INFO - Started process (PID=11217) to work on /opt/airflow/dags/driven_data_pipeline.py
[2026-06-23T22:58:47.002+0000] {processor.py:914} INFO - Processing file /opt/airflow/dags/driven_data_pipeline.py for tasks to queue
[2026-06-23T22:58:47.005+0000] {logging_mixin.py:190} INFO - [2026-06-23T22:58:47.005+0000] {dagbag.py:588} INFO - Filling up the DagBag from /opt/airflow/dags/driven_data_pipeline.py
[2026-06-23T22:58:47.089+0000] {processor.py:925} INFO - DAG(s) 'extract_raw_data_pipeline' retrieved from /opt/airflow/dags/driven_data_pipeline.py
[2026-06-23T22:58:47.104+0000] {logging_mixin.py:190} INFO - [2026-06-23T22:58:47.104+0000] {dag.py:3239} INFO - Sync 1 DAGs
[2026-06-23T22:58:47.216+0000] {logging_mixin.py:190} INFO - [2026-06-23T22:58:47.216+0000] {dag.py:4180} INFO - Setting next_dagrun for extract_raw_data_pipeline to 2026-06-23 07:59:00+00:00, run_after=2026-06-24 07:00:00+00:00
[2026-06-23T22:58:47.228+0000] {processor.py:208} INFO - Processing /opt/airflow/dags/driven_data_pipeline.py took 0.231 seconds
[2026-06-23T22:59:17.386+0000] {processor.py:186} INFO - Started process (PID=11225) to work on /opt/airflow/dags/driven_data_pipeline.py
[2026-06-23T22:59:17.387+0000] {processor.py:914} INFO - Processing file /opt/airflow/dags/driven_data_pipeline.py for tasks to queue
[2026-06-23T22:59:17.389+0000] {logging_mixin.py:190} INFO - [2026-06-23T22:59:17.389+0000] {dagbag.py:588} INFO - Filling up the DagBag from /opt/airflow/dags/driven_data_pipeline.py
[2026-06-23T22:59:17.473+0000] {processor.py:925} INFO - DAG(s) 'extract_raw_data_pipeline' retrieved from /opt/airflow/dags/driven_data_pipeline.py
[2026-06-23T22:59:17.582+0000] {logging_mixin.py:190} INFO - [2026-06-23T22:59:17.582+0000] {dag.py:3239} INFO - Sync 1 DAGs
[2026-06-23T22:59:17.594+0000] {logging_mixin.py:190} INFO - [2026-06-23T22:59:17.594+0000] {dag.py:4180} INFO - Setting next_dagrun for extract_raw_data_pipeline to 2026-06-23 07:59:00+00:00, run_after=2026-06-24 07:00:00+00:00
[2026-06-23T22:59:17.605+0000] {processor.py:208} INFO - Processing /opt/airflow/dags/driven_data_pipeline.py took 0.223 seconds
[2026-06-23T22:59:47.770+0000] {processor.py:186} INFO - Started process (PID=11233) to work on /opt/airflow/dags/driven_data_pipeline.py
[2026-06-23T22:59:47.771+0000] {processor.py:914} INFO - Processing file /opt/airflow/dags/driven_data_pipeline.py for tasks to queue
[2026-06-23T22:59:47.773+0000] {logging_mixin.py:190} INFO - [2026-06-23T22:59:47.773+0000] {dagbag.py:588} INFO - Filling up the DagBag from /opt/airflow/dags/driven_data_pipeline.py
[2026-06-23T22:59:47.858+0000] {processor.py:925} INFO - DAG(s) 'extract_raw_data_pipeline' retrieved from /opt/airflow/dags/driven_data_pipeline.py
[2026-06-23T22:59:47.876+0000] {logging_mixin.py:190} INFO - [2026-06-23T22:59:47.876+0000] {dag.py:3239} INFO - Sync 1 DAGs
[2026-06-23T22:59:47.890+0000] {logging_mixin.py:190} INFO - [2026-06-23T22:59:47.890+0000] {dag.py:4180} INFO - Setting next_dagrun for extract_raw_data_pipeline to 2026-06-23 07:59:00+00:00, run_after=2026-06-24 07:00:00+00:00
[2026-06-23T22:59:47.902+0000] {processor.py:208} INFO - Processing /opt/airflow/dags/driven_data_pipeline.py took 0.135 seconds
[2026-06-23T23:00:18.230+0000] {processor.py:186} INFO - Started process (PID=11241) to work on /opt/airflow/dags/driven_data_pipeline.py
[2026-06-23T23:00:18.231+0000] {processor.py:914} INFO - Processing file /opt/airflow/dags/driven_data_pipeline.py for tasks to queue
[2026-06-23T23:00:18.233+0000] {logging_mixin.py:190} INFO - [2026-06-23T23:00:18.233+0000] {dagbag.py:588} INFO - Filling up the DagBag from /opt/airflow/dags/driven_data_pipeline.py
[2026-06-23T23:00:18.314+0000] {processor.py:925} INFO - DAG(s) 'extract_raw_data_pipeline' retrieved from /opt/airflow/dags/driven_data_pipeline.py
[2026-06-23T23:00:18.328+0000] {logging_mixin.py:190} INFO - [2026-06-23T23:00:18.328+0000] {dag.py:3239} INFO - Sync 1 DAGs
[2026-06-23T23:00:18.341+0000] {logging_mixin.py:190} INFO - [2026-06-23T23:00:18.341+0000] {dag.py:4180} INFO - Setting next_dagrun for extract_raw_data_pipeline to 2026-06-23 07:59:00+00:00, run_after=2026-06-24 07:00:00+00:00
[2026-06-23T23:00:18.447+0000] {processor.py:208} INFO - Processing /opt/airflow/dags/driven_data_pipeline.py took 0.220 seconds
[2026-06-23T23:00:48.505+0000] {processor.py:186} INFO - Started process (PID=11249) to work on /opt/airflow/dags/driven_data_pipeline.py
[2026-06-23T23:00:48.506+0000] {processor.py:914} INFO - Processing file /opt/airflow/dags/driven_data_pipeline.py for tasks to queue
[2026-06-23T23:00:48.508+0000] {logging_mixin.py:190} INFO - [2026-06-23T23:00:48.508+0000] {dagbag.py:588} INFO - Filling up the DagBag from /opt/airflow/dags/driven_data_pipeline.py
[2026-06-23T23:00:48.590+0000] {processor.py:925} INFO - DAG(s) 'extract_raw_data_pipeline' retrieved from /opt/airflow/dags/driven_data_pipeline.py
[2026-06-23T23:00:48.605+0000] {logging_mixin.py:190} INFO - [2026-06-23T23:00:48.605+0000] {dag.py:3239} INFO - Sync 1 DAGs
[2026-06-23T23:00:48.712+0000] {logging_mixin.py:190} INFO - [2026-06-23T23:00:48.712+0000] {dag.py:4180} INFO - Setting next_dagrun for extract_raw_data_pipeline to 2026-06-23 07:59:00+00:00, run_after=2026-06-24 07:00:00+00:00
[2026-06-23T23:00:48.724+0000] {processor.py:208} INFO - Processing /opt/airflow/dags/driven_data_pipeline.py took 0.222 seconds
[2026-06-23T23:01:19.043+0000] {processor.py:186} INFO - Started process (PID=11257) to work on /opt/airflow/dags/driven_data_pipeline.py
[2026-06-23T23:01:19.044+0000] {processor.py:914} INFO - Processing file /opt/airflow/dags/driven_data_pipeline.py for tasks to queue
[2026-06-23T23:01:19.045+0000] {logging_mixin.py:190} INFO - [2026-06-23T23:01:19.045+0000] {dagbag.py:588} INFO - Filling up the DagBag from /opt/airflow/dags/driven_data_pipeline.py
[2026-06-23T23:01:19.129+0000] {processor.py:925} INFO - DAG(s) 'extract_raw_data_pipeline' retrieved from /opt/airflow/dags/driven_data_pipeline.py
[2026-06-23T23:01:19.239+0000] {logging_mixin.py:190} INFO - [2026-06-23T23:01:19.239+0000] {dag.py:3239} INFO - Sync 1 DAGs
[2026-06-23T23:01:19.250+0000] {logging_mixin.py:190} INFO - [2026-06-23T23:01:19.250+0000] {dag.py:4180} INFO - Setting next_dagrun for extract_raw_data_pipeline to 2026-06-23 07:59:00+00:00, run_after=2026-06-24 07:00:00+00:00
[2026-06-23T23:01:19.261+0000] {processor.py:208} INFO - Processing /opt/airflow/dags/driven_data_pipeline.py took 0.222 seconds
[2026-06-23T23:01:49.391+0000] {processor.py:186} INFO - Started process (PID=11265) to work on /opt/airflow/dags/driven_data_pipeline.py
[2026-06-23T23:01:49.392+0000] {processor.py:914} INFO - Processing file /opt/airflow/dags/driven_data_pipeline.py for tasks to queue
[2026-06-23T23:01:49.393+0000] {logging_mixin.py:190} INFO - [2026-06-23T23:01:49.393+0000] {dagbag.py:588} INFO - Filling up the DagBag from /opt/airflow/dags/driven_data_pipeline.py
[2026-06-23T23:01:49.475+0000] {processor.py:925} INFO - DAG(s) 'extract_raw_data_pipeline' retrieved from /opt/airflow/dags/driven_data_pipeline.py
[2026-06-23T23:01:49.490+0000] {logging_mixin.py:190} INFO - [2026-06-23T23:01:49.490+0000] {dag.py:3239} INFO - Sync 1 DAGs
[2026-06-23T23:01:49.502+0000] {logging_mixin.py:190} INFO - [2026-06-23T23:01:49.502+0000] {dag.py:4180} INFO - Setting next_dagrun for extract_raw_data_pipeline to 2026-06-23 07:59:00+00:00, run_after=2026-06-24 07:00:00+00:00
[2026-06-23T23:01:49.515+0000] {processor.py:208} INFO - Processing /opt/airflow/dags/driven_data_pipeline.py took 0.127 seconds
[2026-06-23T23:02:19.651+0000] {processor.py:186} INFO - Started process (PID=11273) to work on /opt/airflow/dags/driven_data_pipeline.py
[2026-06-23T23:02:19.652+0000] {processor.py:914} INFO - Processing file /opt/airflow/dags/driven_data_pipeline.py for tasks to queue
[2026-06-23T23:02:19.653+0000] {logging_mixin.py:190} INFO - [2026-06-23T23:02:19.653+0000] {dagbag.py:588} INFO - Filling up the DagBag from /opt/airflow/dags/driven_data_pipeline.py
[2026-06-23T23:02:19.753+0000] {processor.py:925} INFO - DAG(s) 'extract_raw_data_pipeline' retrieved from /opt/airflow/dags/driven_data_pipeline.py
[2026-06-23T23:02:19.770+0000] {logging_mixin.py:190} INFO - [2026-06-23T23:02:19.770+0000] {dag.py:3239} INFO - Sync 1 DAGs
[2026-06-23T23:02:19.786+0000] {logging_mixin.py:190} INFO - [2026-06-23T23:02:19.785+0000] {dag.py:4180} INFO - Setting next_dagrun for extract_raw_data_pipeline to 2026-06-23 07:59:00+00:00, run_after=2026-06-24 07:00:00+00:00
[2026-06-23T23:02:19.879+0000] {processor.py:208} INFO - Processing /opt/airflow/dags/driven_data_pipeline.py took 0.233 seconds
[2026-06-23T23:02:49.915+0000] {processor.py:186} INFO - Started process (PID=11281) to work on /opt/airflow/dags/driven_data_pipeline.py
[2026-06-23T23:02:49.916+0000] {processor.py:914} INFO - Processing file /opt/airflow/dags/driven_data_pipeline.py for tasks to queue
[2026-06-23T23:02:49.918+0000] {logging_mixin.py:190} INFO - [2026-06-23T23:02:49.917+0000] {dagbag.py:588} INFO - Filling up the DagBag from /opt/airflow/dags/driven_data_pipeline.py
[2026-06-23T23:02:50.005+0000] {processor.py:925} INFO - DAG(s) 'extract_raw_data_pipeline' retrieved from /opt/airflow/dags/driven_data_pipeline.py
[2026-06-23T23:02:50.024+0000] {logging_mixin.py:190} INFO - [2026-06-23T23:02:50.024+0000] {dag.py:3239} INFO - Sync 1 DAGs
[2026-06-23T23:02:50.139+0000] {logging_mixin.py:190} INFO - [2026-06-23T23:02:50.139+0000] {dag.py:4180} INFO - Setting next_dagrun for extract_raw_data_pipeline to 2026-06-23 07:59:00+00:00, run_after=2026-06-24 07:00:00+00:00
[2026-06-23T23:02:50.151+0000] {processor.py:208} INFO - Processing /opt/airflow/dags/driven_data_pipeline.py took 0.240 seconds
[2026-06-23T23:03:20.248+0000] {processor.py:186} INFO - Started process (PID=11289) to work on /opt/airflow/dags/driven_data_pipeline.py
[2026-06-23T23:03:20.249+0000] {processor.py:914} INFO - Processing file /opt/airflow/dags/driven_data_pipeline.py for tasks to queue
[2026-06-23T23:03:20.251+0000] {logging_mixin.py:190} INFO - [2026-06-23T23:03:20.250+0000] {dagbag.py:588} INFO - Filling up the DagBag from /opt/airflow/dags/driven_data_pipeline.py
[2026-06-23T23:03:20.354+0000] {processor.py:925} INFO - DAG(s) 'extract_raw_data_pipeline' retrieved from /opt/airflow/dags/driven_data_pipeline.py
[2026-06-23T23:03:20.465+0000] {logging_mixin.py:190} INFO - [2026-06-23T23:03:20.465+0000] {dag.py:3239} INFO - Sync 1 DAGs
[2026-06-23T23:03:20.476+0000] {logging_mixin.py:190} INFO - [2026-06-23T23:03:20.475+0000] {dag.py:4180} INFO - Setting next_dagrun for extract_raw_data_pipeline to 2026-06-23 07:59:00+00:00, run_after=2026-06-24 07:00:00+00:00
[2026-06-23T23:03:20.486+0000] {processor.py:208} INFO - Processing /opt/airflow/dags/driven_data_pipeline.py took 0.241 seconds
[2026-06-23T23:03:50.715+0000] {processor.py:186} INFO - Started process (PID=11297) to work on /opt/airflow/dags/driven_data_pipeline.py
[2026-06-23T23:03:50.716+0000] {processor.py:914} INFO - Processing file /opt/airflow/dags/driven_data_pipeline.py for tasks to queue
[2026-06-23T23:03:50.718+0000] {logging_mixin.py:190} INFO - [2026-06-23T23:03:50.717+0000] {dagbag.py:588} INFO - Filling up the DagBag from /opt/airflow/dags/driven_data_pipeline.py
[2026-06-23T23:03:50.801+0000] {processor.py:925} INFO - DAG(s) 'extract_raw_data_pipeline' retrieved from /opt/airflow/dags/driven_data_pipeline.py
[2026-06-23T23:03:50.817+0000] {logging_mixin.py:190} INFO - [2026-06-23T23:03:50.817+0000] {dag.py:3239} INFO - Sync 1 DAGs
[2026-06-23T23:03:50.830+0000] {logging_mixin.py:190} INFO - [2026-06-23T23:03:50.830+0000] {dag.py:4180} INFO - Setting next_dagrun for extract_raw_data_pipeline to 2026-06-23 07:59:00+00:00, run_after=2026-06-24 07:00:00+00:00
[2026-06-23T23:03:50.843+0000] {processor.py:208} INFO - Processing /opt/airflow/dags/driven_data_pipeline.py took 0.131 seconds
[2026-06-23T23:04:20.994+0000] {processor.py:186} INFO - Started process (PID=11305) to work on /opt/airflow/dags/driven_data_pipeline.py
[2026-06-23T23:04:20.994+0000] {processor.py:914} INFO - Processing file /opt/airflow/dags/driven_data_pipeline.py for tasks to queue
[2026-06-23T23:04:20.996+0000] {logging_mixin.py:190} INFO - [2026-06-23T23:04:20.996+0000] {dagbag.py:588} INFO - Filling up the DagBag from /opt/airflow/dags/driven_data_pipeline.py
[2026-06-23T23:04:21.088+0000] {processor.py:925} INFO - DAG(s) 'extract_raw_data_pipeline' retrieved from /opt/airflow/dags/driven_data_pipeline.py
[2026-06-23T23:04:21.104+0000] {logging_mixin.py:190} INFO - [2026-06-23T23:04:21.104+0000] {dag.py:3239} INFO - Sync 1 DAGs
[2026-06-23T23:04:21.118+0000] {logging_mixin.py:190} INFO - [2026-06-23T23:04:21.118+0000] {dag.py:4180} INFO - Setting next_dagrun for extract_raw_data_pipeline to 2026-06-23 07:59:00+00:00, run_after=2026-06-24 07:00:00+00:00
[2026-06-23T23:04:21.232+0000] {processor.py:208} INFO - Processing /opt/airflow/dags/driven_data_pipeline.py took 0.242 seconds
[2026-06-23T23:04:51.345+0000] {processor.py:186} INFO - Started process (PID=11313) to work on /opt/airflow/dags/driven_data_pipeline.py
[2026-06-23T23:04:51.346+0000] {processor.py:914} INFO - Processing file /opt/airflow/dags/driven_data_pipeline.py for tasks to queue
[2026-06-23T23:04:51.347+0000] {logging_mixin.py:190} INFO - [2026-06-23T23:04:51.347+0000] {dagbag.py:588} INFO - Filling up the DagBag from /opt/airflow/dags/driven_data_pipeline.py
[2026-06-23T23:04:51.432+0000] {processor.py:925} INFO - DAG(s) 'extract_raw_data_pipeline' retrieved from /opt/airflow/dags/driven_data_pipeline.py
[2026-06-23T23:04:51.448+0000] {logging_mixin.py:190} INFO - [2026-06-23T23:04:51.448+0000] {dag.py:3239} INFO - Sync 1 DAGs
[2026-06-23T23:04:51.557+0000] {logging_mixin.py:190} INFO - [2026-06-23T23:04:51.557+0000] {dag.py:4180} INFO - Setting next_dagrun for extract_raw_data_pipeline to 2026-06-23 07:59:00+00:00, run_after=2026-06-24 07:00:00+00:00
[2026-06-23T23:04:51.568+0000] {processor.py:208} INFO - Processing /opt/airflow/dags/driven_data_pipeline.py took 0.227 seconds
[2026-06-23T23:05:21.805+0000] {processor.py:186} INFO - Started process (PID=11321) to work on /opt/airflow/dags/driven_data_pipeline.py
[2026-06-23T23:05:21.806+0000] {processor.py:914} INFO - Processing file /opt/airflow/dags/driven_data_pipeline.py for tasks to queue
[2026-06-23T23:05:21.808+0000] {logging_mixin.py:190} INFO - [2026-06-23T23:05:21.808+0000] {dagbag.py:588} INFO - Filling up the DagBag from /opt/airflow/dags/driven_data_pipeline.py
[2026-06-23T23:05:21.893+0000] {processor.py:925} INFO - DAG(s) 'extract_raw_data_pipeline' retrieved from /opt/airflow/dags/driven_data_pipeline.py
[2026-06-23T23:05:22.012+0000] {logging_mixin.py:190} INFO - [2026-06-23T23:05:22.011+0000] {dag.py:3239} INFO - Sync 1 DAGs
[2026-06-23T23:05:22.023+0000] {logging_mixin.py:190} INFO - [2026-06-23T23:05:22.023+0000] {dag.py:4180} INFO - Setting next_dagrun for extract_raw_data_pipeline to 2026-06-23 07:59:00+00:00, run_after=2026-06-24 07:00:00+00:00
[2026-06-23T23:05:22.037+0000] {processor.py:208} INFO - Processing /opt/airflow/dags/driven_data_pipeline.py took 0.235 seconds
[2026-06-23T23:05:52.114+0000] {processor.py:186} INFO - Started process (PID=11329) to work on /opt/airflow/dags/driven_data_pipeline.py
[2026-06-23T23:05:52.115+0000] {processor.py:914} INFO - Processing file /opt/airflow/dags/driven_data_pipeline.py for tasks to queue
[2026-06-23T23:05:52.117+0000] {logging_mixin.py:190} INFO - [2026-06-23T23:05:52.117+0000] {dagbag.py:588} INFO - Filling up the DagBag from /opt/airflow/dags/driven_data_pipeline.py
[2026-06-23T23:05:52.203+0000] {processor.py:925} INFO - DAG(s) 'extract_raw_data_pipeline' retrieved from /opt/airflow/dags/driven_data_pipeline.py
[2026-06-23T23:05:52.219+0000] {logging_mixin.py:190} INFO - [2026-06-23T23:05:52.219+0000] {dag.py:3239} INFO - Sync 1 DAGs
[2026-06-23T23:05:52.232+0000] {logging_mixin.py:190} INFO - [2026-06-23T23:05:52.232+0000] {dag.py:4180} INFO - Setting next_dagrun for extract_raw_data_pipeline to 2026-06-23 07:59:00+00:00, run_after=2026-06-24 07:00:00+00:00
[2026-06-23T23:05:52.245+0000] {processor.py:208} INFO - Processing /opt/airflow/dags/driven_data_pipeline.py took 0.135 seconds
[2026-06-23T23:06:22.420+0000] {processor.py:186} INFO - Started process (PID=11337) to work on /opt/airflow/dags/driven_data_pipeline.py
[2026-06-23T23:06:22.420+0000] {processor.py:914} INFO - Processing file /opt/airflow/dags/driven_data_pipeline.py for tasks to queue
[2026-06-23T23:06:22.422+0000] {logging_mixin.py:190} INFO - [2026-06-23T23:06:22.422+0000] {dagbag.py:588} INFO - Filling up the DagBag from /opt/airflow/dags/driven_data_pipeline.py
[2026-06-23T23:06:22.503+0000] {processor.py:925} INFO - DAG(s) 'extract_raw_data_pipeline' retrieved from /opt/airflow/dags/driven_data_pipeline.py
[2026-06-23T23:06:22.518+0000] {logging_mixin.py:190} INFO - [2026-06-23T23:06:22.518+0000] {dag.py:3239} INFO - Sync 1 DAGs
[2026-06-23T23:06:22.530+0000] {logging_mixin.py:190} INFO - [2026-06-23T23:06:22.530+0000] {dag.py:4180} INFO - Setting next_dagrun for extract_raw_data_pipeline to 2026-06-23 07:59:00+00:00, run_after=2026-06-24 07:00:00+00:00
[2026-06-23T23:06:22.636+0000] {processor.py:208} INFO - Processing /opt/airflow/dags/driven_data_pipeline.py took 0.220 seconds
[2026-06-23T23:06:52.864+0000] {processor.py:186} INFO - Started process (PID=11345) to work on /opt/airflow/dags/driven_data_pipeline.py
[2026-06-23T23:06:52.865+0000] {processor.py:914} INFO - Processing file /opt/airflow/dags/driven_data_pipeline.py for tasks to queue
[2026-06-23T23:06:52.867+0000] {logging_mixin.py:190} INFO - [2026-06-23T23:06:52.866+0000] {dagbag.py:588} INFO - Filling up the DagBag from /opt/airflow/dags/driven_data_pipeline.py
[2026-06-23T23:06:52.963+0000] {processor.py:925} INFO - DAG(s) 'extract_raw_data_pipeline' retrieved from /opt/airflow/dags/driven_data_pipeline.py
[2026-06-23T23:06:52.980+0000] {logging_mixin.py:190} INFO - [2026-06-23T23:06:52.980+0000] {dag.py:3239} INFO - Sync 1 DAGs
[2026-06-23T23:06:53.091+0000] {logging_mixin.py:190} INFO - [2026-06-23T23:06:53.091+0000] {dag.py:4180} INFO - Setting next_dagrun for extract_raw_data_pipeline to 2026-06-23 07:59:00+00:00, run_after=2026-06-24 07:00:00+00:00
[2026-06-23T23:06:53.103+0000] {processor.py:208} INFO - Processing /opt/airflow/dags/driven_data_pipeline.py took 0.244 seconds
[2026-06-23T23:07:23.169+0000] {processor.py:186} INFO - Started process (PID=11353) to work on /opt/airflow/dags/driven_data_pipeline.py
[2026-06-23T23:07:23.170+0000] {processor.py:914} INFO - Processing file /opt/airflow/dags/driven_data_pipeline.py for tasks to queue
[2026-06-23T23:07:23.172+0000] {logging_mixin.py:190} INFO - [2026-06-23T23:07:23.171+0000] {dagbag.py:588} INFO - Filling up the DagBag from /opt/airflow/dags/driven_data_pipeline.py
[2026-06-23T23:07:23.255+0000] {processor.py:925} INFO - DAG(s) 'extract_raw_data_pipeline' retrieved from /opt/airflow/dags/driven_data_pipeline.py
[2026-06-23T23:07:23.369+0000] {logging_mixin.py:190} INFO - [2026-06-23T23:07:23.369+0000] {dag.py:3239} INFO - Sync 1 DAGs
[2026-06-23T23:07:23.382+0000] {logging_mixin.py:190} INFO - [2026-06-23T23:07:23.382+0000] {dag.py:4180} INFO - Setting next_dagrun for extract_raw_data_pipeline to 2026-06-23 07:59:00+00:00, run_after=2026-06-24 07:00:00+00:00
[2026-06-23T23:07:23.395+0000] {processor.py:208} INFO - Processing /opt/airflow/dags/driven_data_pipeline.py took 0.230 seconds
[2026-06-23T23:07:53.701+0000] {processor.py:186} INFO - Started process (PID=11361) to work on /opt/airflow/dags/driven_data_pipeline.py
[2026-06-23T23:07:53.702+0000] {processor.py:914} INFO - Processing file /opt/airflow/dags/driven_data_pipeline.py for tasks to queue
[2026-06-23T23:07:53.703+0000] {logging_mixin.py:190} INFO - [2026-06-23T23:07:53.703+0000] {dagbag.py:588} INFO - Filling up the DagBag from /opt/airflow/dags/driven_data_pipeline.py
[2026-06-23T23:07:53.788+0000] {processor.py:925} INFO - DAG(s) 'extract_raw_data_pipeline' retrieved from /opt/airflow/dags/driven_data_pipeline.py
[2026-06-23T23:07:53.803+0000] {logging_mixin.py:190} INFO - [2026-06-23T23:07:53.803+0000] {dag.py:3239} INFO - Sync 1 DAGs
[2026-06-23T23:07:53.816+0000] {logging_mixin.py:190} INFO - [2026-06-23T23:07:53.816+0000] {dag.py:4180} INFO - Setting next_dagrun for extract_raw_data_pipeline to 2026-06-23 07:59:00+00:00, run_after=2026-06-24 07:00:00+00:00
[2026-06-23T23:07:53.829+0000] {processor.py:208} INFO - Processing /opt/airflow/dags/driven_data_pipeline.py took 0.131 seconds
[2026-06-23T23:08:23.971+0000] {processor.py:186} INFO - Started process (PID=11369) to work on /opt/airflow/dags/driven_data_pipeline.py
[2026-06-23T23:08:23.972+0000] {processor.py:914} INFO - Processing file /opt/airflow/dags/driven_data_pipeline.py for tasks to queue
[2026-06-23T23:08:23.974+0000] {logging_mixin.py:190} INFO - [2026-06-23T23:08:23.974+0000] {dagbag.py:588} INFO - Filling up the DagBag from /opt/airflow/dags/driven_data_pipeline.py
[2026-06-23T23:08:24.058+0000] {processor.py:925} INFO - DAG(s) 'extract_raw_data_pipeline' retrieved from /opt/airflow/dags/driven_data_pipeline.py
[2026-06-23T23:08:24.077+0000] {logging_mixin.py:190} INFO - [2026-06-23T23:08:24.077+0000] {dag.py:3239} INFO - Sync 1 DAGs
[2026-06-23T23:08:24.091+0000] {logging_mixin.py:190} INFO - [2026-06-23T23:08:24.090+0000] {dag.py:4180} INFO - Setting next_dagrun for extract_raw_data_pipeline to 2026-06-23 07:59:00+00:00, run_after=2026-06-24 07:00:00+00:00
[2026-06-23T23:08:24.212+0000] {processor.py:208} INFO - Processing /opt/airflow/dags/driven_data_pipeline.py took 0.245 seconds
[2026-06-23T23:08:54.353+0000] {processor.py:186} INFO - Started process (PID=11377) to work on /opt/airflow/dags/driven_data_pipeline.py
[2026-06-23T23:08:54.354+0000] {processor.py:914} INFO - Processing file /opt/airflow/dags/driven_data_pipeline.py for tasks to queue
[2026-06-23T23:08:54.355+0000] {logging_mixin.py:190} INFO - [2026-06-23T23:08:54.355+0000] {dagbag.py:588} INFO - Filling up the DagBag from /opt/airflow/dags/driven_data_pipeline.py
[2026-06-23T23:08:54.437+0000] {processor.py:925} INFO - DAG(s) 'extract_raw_data_pipeline' retrieved from /opt/airflow/dags/driven_data_pipeline.py
[2026-06-23T23:08:54.452+0000] {logging_mixin.py:190} INFO - [2026-06-23T23:08:54.452+0000] {dag.py:3239} INFO - Sync 1 DAGs
[2026-06-23T23:08:54.560+0000] {logging_mixin.py:190} INFO - [2026-06-23T23:08:54.560+0000] {dag.py:4180} INFO - Setting next_dagrun for extract_raw_data_pipeline to 2026-06-23 07:59:00+00:00, run_after=2026-06-24 07:00:00+00:00
[2026-06-23T23:08:54.575+0000] {processor.py:208} INFO - Processing /opt/airflow/dags/driven_data_pipeline.py took 0.226 seconds
[2026-06-23T23:09:24.659+0000] {processor.py:186} INFO - Started process (PID=11385) to work on /opt/airflow/dags/driven_data_pipeline.py
[2026-06-23T23:09:24.659+0000] {processor.py:914} INFO - Processing file /opt/airflow/dags/driven_data_pipeline.py for tasks to queue
[2026-06-23T23:09:24.661+0000] {logging_mixin.py:190} INFO - [2026-06-23T23:09:24.661+0000] {dagbag.py:588} INFO - Filling up the DagBag from /opt/airflow/dags/driven_data_pipeline.py
[2026-06-23T23:09:24.743+0000] {processor.py:925} INFO - DAG(s) 'extract_raw_data_pipeline' retrieved from /opt/airflow/dags/driven_data_pipeline.py
[2026-06-23T23:09:24.846+0000] {logging_mixin.py:190} INFO - [2026-06-23T23:09:24.846+0000] {dag.py:3239} INFO - Sync 1 DAGs
[2026-06-23T23:09:24.858+0000] {logging_mixin.py:190} INFO - [2026-06-23T23:09:24.858+0000] {dag.py:4180} INFO - Setting next_dagrun for extract_raw_data_pipeline to 2026-06-23 07:59:00+00:00, run_after=2026-06-24 07:00:00+00:00
[2026-06-23T23:09:24.869+0000] {processor.py:208} INFO - Processing /opt/airflow/dags/driven_data_pipeline.py took 0.214 seconds
[2026-06-23T23:09:54.974+0000] {processor.py:186} INFO - Started process (PID=11393) to work on /opt/airflow/dags/driven_data_pipeline.py
[2026-06-23T23:09:54.974+0000] {processor.py:914} INFO - Processing file /opt/airflow/dags/driven_data_pipeline.py for tasks to queue
[2026-06-23T23:09:54.976+0000] {logging_mixin.py:190} INFO - [2026-06-23T23:09:54.976+0000] {dagbag.py:588} INFO - Filling up the DagBag from /opt/airflow/dags/driven_data_pipeline.py
[2026-06-23T23:09:55.059+0000] {processor.py:925} INFO - DAG(s) 'extract_raw_data_pipeline' retrieved from /opt/airflow/dags/driven_data_pipeline.py
[2026-06-23T23:09:55.074+0000] {logging_mixin.py:190} INFO - [2026-06-23T23:09:55.074+0000] {dag.py:3239} INFO - Sync 1 DAGs
[2026-06-23T23:09:55.087+0000] {logging_mixin.py:190} INFO - [2026-06-23T23:09:55.087+0000] {dag.py:4180} INFO - Setting next_dagrun for extract_raw_data_pipeline to 2026-06-23 07:59:00+00:00, run_after=2026-06-24 07:00:00+00:00
[2026-06-23T23:09:55.102+0000] {processor.py:208} INFO - Processing /opt/airflow/dags/driven_data_pipeline.py took 0.132 seconds
[2026-06-23T23:10:25.291+0000] {processor.py:186} INFO - Started process (PID=11401) to work on /opt/airflow/dags/driven_data_pipeline.py
[2026-06-23T23:10:25.292+0000] {processor.py:914} INFO - Processing file /opt/airflow/dags/driven_data_pipeline.py for tasks to queue
[2026-06-23T23:10:25.293+0000] {logging_mixin.py:190} INFO - [2026-06-23T23:10:25.293+0000] {dagbag.py:588} INFO - Filling up the DagBag from /opt/airflow/dags/driven_data_pipeline.py
[2026-06-23T23:10:25.374+0000] {processor.py:925} INFO - DAG(s) 'extract_raw_data_pipeline' retrieved from /opt/airflow/dags/driven_data_pipeline.py
[2026-06-23T23:10:25.390+0000] {logging_mixin.py:190} INFO - [2026-06-23T23:10:25.390+0000] {dag.py:3239} INFO - Sync 1 DAGs
[2026-06-23T23:10:25.403+0000] {logging_mixin.py:190} INFO - [2026-06-23T23:10:25.403+0000] {dag.py:4180} INFO - Setting next_dagrun for extract_raw_data_pipeline to 2026-06-23 07:59:00+00:00, run_after=2026-06-24 07:00:00+00:00
[2026-06-23T23:10:25.502+0000] {processor.py:208} INFO - Processing /opt/airflow/dags/driven_data_pipeline.py took 0.215 seconds
[2026-06-23T23:10:55.777+0000] {processor.py:186} INFO - Started process (PID=11409) to work on /opt/airflow/dags/driven_data_pipeline.py
[2026-06-23T23:10:55.778+0000] {processor.py:914} INFO - Processing file /opt/airflow/dags/driven_data_pipeline.py for tasks to queue
[2026-06-23T23:10:55.780+0000] {logging_mixin.py:190} INFO - [2026-06-23T23:10:55.780+0000] {dagbag.py:588} INFO - Filling up the DagBag from /opt/airflow/dags/driven_data_pipeline.py
[2026-06-23T23:10:55.860+0000] {processor.py:925} INFO - DAG(s) 'extract_raw_data_pipeline' retrieved from /opt/airflow/dags/driven_data_pipeline.py
[2026-06-23T23:10:55.875+0000] {logging_mixin.py:190} INFO - [2026-06-23T23:10:55.875+0000] {dag.py:3239} INFO - Sync 1 DAGs
[2026-06-23T23:10:55.976+0000] {logging_mixin.py:190} INFO - [2026-06-23T23:10:55.976+0000] {dag.py:4180} INFO - Setting next_dagrun for extract_raw_data_pipeline to 2026-06-23 07:59:00+00:00, run_after=2026-06-24 07:00:00+00:00
[2026-06-23T23:10:55.998+0000] {processor.py:208} INFO - Processing /opt/airflow/dags/driven_data_pipeline.py took 0.223 seconds
[2026-06-23T23:11:26.054+0000] {processor.py:186} INFO - Started process (PID=11417) to work on /opt/airflow/dags/driven_data_pipeline.py
[2026-06-23T23:11:26.055+0000] {processor.py:914} INFO - Processing file /opt/airflow/dags/driven_data_pipeline.py for tasks to queue
[2026-06-23T23:11:26.057+0000] {logging_mixin.py:190} INFO - [2026-06-23T23:11:26.056+0000] {dagbag.py:588} INFO - Filling up the DagBag from /opt/airflow/dags/driven_data_pipeline.py
[2026-06-23T23:11:26.140+0000] {processor.py:925} INFO - DAG(s) 'extract_raw_data_pipeline' retrieved from /opt/airflow/dags/driven_data_pipeline.py
[2026-06-23T23:11:26.243+0000] {logging_mixin.py:190} INFO - [2026-06-23T23:11:26.243+0000] {dag.py:3239} INFO - Sync 1 DAGs
[2026-06-23T23:11:26.254+0000] {logging_mixin.py:190} INFO - [2026-06-23T23:11:26.254+0000] {dag.py:4180} INFO - Setting next_dagrun for extract_raw_data_pipeline to 2026-06-23 07:59:00+00:00, run_after=2026-06-24 07:00:00+00:00
[2026-06-23T23:11:26.267+0000] {processor.py:208} INFO - Processing /opt/airflow/dags/driven_data_pipeline.py took 0.216 seconds
[2026-06-23T23:11:56.360+0000] {processor.py:186} INFO - Started process (PID=11425) to work on /opt/airflow/dags/driven_data_pipeline.py
[2026-06-23T23:11:56.361+0000] {processor.py:914} INFO - Processing file /opt/airflow/dags/driven_data_pipeline.py for tasks to queue
[2026-06-23T23:11:56.363+0000] {logging_mixin.py:190} INFO - [2026-06-23T23:11:56.362+0000] {dagbag.py:588} INFO - Filling up the DagBag from /opt/airflow/dags/driven_data_pipeline.py
[2026-06-23T23:11:56.446+0000] {processor.py:925} INFO - DAG(s) 'extract_raw_data_pipeline' retrieved from /opt/airflow/dags/driven_data_pipeline.py
[2026-06-23T23:11:56.461+0000] {logging_mixin.py:190} INFO - [2026-06-23T23:11:56.461+0000] {dag.py:3239} INFO - Sync 1 DAGs
[2026-06-23T23:11:56.473+0000] {logging_mixin.py:190} INFO - [2026-06-23T23:11:56.473+0000] {dag.py:4180} INFO - Setting next_dagrun for extract_raw_data_pipeline to 2026-06-23 07:59:00+00:00, run_after=2026-06-24 07:00:00+00:00
[2026-06-23T23:11:56.485+0000] {processor.py:208} INFO - Processing /opt/airflow/dags/driven_data_pipeline.py took 0.129 seconds
[2026-06-23T23:12:26.673+0000] {processor.py:186} INFO - Started process (PID=11433) to work on /opt/airflow/dags/driven_data_pipeline.py
[2026-06-23T23:12:26.674+0000] {processor.py:914} INFO - Processing file /opt/airflow/dags/driven_data_pipeline.py for tasks to queue
[2026-06-23T23:12:26.676+0000] {logging_mixin.py:190} INFO - [2026-06-23T23:12:26.675+0000] {dagbag.py:588} INFO - Filling up the DagBag from /opt/airflow/dags/driven_data_pipeline.py
[2026-06-23T23:12:26.772+0000] {processor.py:925} INFO - DAG(s) 'extract_raw_data_pipeline' retrieved from /opt/airflow/dags/driven_data_pipeline.py
[2026-06-23T23:12:26.789+0000] {logging_mixin.py:190} INFO - [2026-06-23T23:12:26.788+0000] {dag.py:3239} INFO - Sync 1 DAGs
[2026-06-23T23:12:26.803+0000] {logging_mixin.py:190} INFO - [2026-06-23T23:12:26.803+0000] {dag.py:4180} INFO - Setting next_dagrun for extract_raw_data_pipeline to 2026-06-23 07:59:00+00:00, run_after=2026-06-24 07:00:00+00:00
[2026-06-23T23:12:26.931+0000] {processor.py:208} INFO - Processing /opt/airflow/dags/driven_data_pipeline.py took 0.262 seconds
[2026-06-23T23:12:57.173+0000] {processor.py:186} INFO - Started process (PID=11441) to work on /opt/airflow/dags/driven_data_pipeline.py
[2026-06-23T23:12:57.174+0000] {processor.py:914} INFO - Processing file /opt/airflow/dags/driven_data_pipeline.py for tasks to queue
[2026-06-23T23:12:57.175+0000] {logging_mixin.py:190} INFO - [2026-06-23T23:12:57.175+0000] {dagbag.py:588} INFO - Filling up the DagBag from /opt/airflow/dags/driven_data_pipeline.py
[2026-06-23T23:12:57.258+0000] {processor.py:925} INFO - DAG(s) 'extract_raw_data_pipeline' retrieved from /opt/airflow/dags/driven_data_pipeline.py
[2026-06-23T23:12:57.272+0000] {logging_mixin.py:190} INFO - [2026-06-23T23:12:57.272+0000] {dag.py:3239} INFO - Sync 1 DAGs
[2026-06-23T23:12:57.384+0000] {logging_mixin.py:190} INFO - [2026-06-23T23:12:57.383+0000] {dag.py:4180} INFO - Setting next_dagrun for extract_raw_data_pipeline to 2026-06-23 07:59:00+00:00, run_after=2026-06-24 07:00:00+00:00
[2026-06-23T23:12:57.395+0000] {processor.py:208} INFO - Processing /opt/airflow/dags/driven_data_pipeline.py took 0.226 seconds
[2026-06-23T23:13:27.473+0000] {processor.py:186} INFO - Started process (PID=11449) to work on /opt/airflow/dags/driven_data_pipeline.py
[2026-06-23T23:13:27.473+0000] {processor.py:914} INFO - Processing file /opt/airflow/dags/driven_data_pipeline.py for tasks to queue
[2026-06-23T23:13:27.475+0000] {logging_mixin.py:190} INFO - [2026-06-23T23:13:27.475+0000] {dagbag.py:588} INFO - Filling up the DagBag from /opt/airflow/dags/driven_data_pipeline.py
[2026-06-23T23:13:27.557+0000] {processor.py:925} INFO - DAG(s) 'extract_raw_data_pipeline' retrieved from /opt/airflow/dags/driven_data_pipeline.py
[2026-06-23T23:13:27.669+0000] {logging_mixin.py:190} INFO - [2026-06-23T23:13:27.669+0000] {dag.py:3239} INFO - Sync 1 DAGs
[2026-06-23T23:13:27.681+0000] {logging_mixin.py:190} INFO - [2026-06-23T23:13:27.681+0000] {dag.py:4180} INFO - Setting next_dagrun for extract_raw_data_pipeline to 2026-06-23 07:59:00+00:00, run_after=2026-06-24 07:00:00+00:00
[2026-06-23T23:13:27.693+0000] {processor.py:208} INFO - Processing /opt/airflow/dags/driven_data_pipeline.py took 0.224 seconds
[2026-06-23T23:13:57.985+0000] {processor.py:186} INFO - Started process (PID=11457) to work on /opt/airflow/dags/driven_data_pipeline.py
[2026-06-23T23:13:57.986+0000] {processor.py:914} INFO - Processing file /opt/airflow/dags/driven_data_pipeline.py for tasks to queue
[2026-06-23T23:13:57.987+0000] {logging_mixin.py:190} INFO - [2026-06-23T23:13:57.987+0000] {dagbag.py:588} INFO - Filling up the DagBag from /opt/airflow/dags/driven_data_pipeline.py
[2026-06-23T23:13:58.170+0000] {processor.py:925} INFO - DAG(s) 'extract_raw_data_pipeline' retrieved from /opt/airflow/dags/driven_data_pipeline.py
[2026-06-23T23:13:58.183+0000] {logging_mixin.py:190} INFO - [2026-06-23T23:13:58.183+0000] {dag.py:3239} INFO - Sync 1 DAGs
[2026-06-23T23:13:58.193+0000] {logging_mixin.py:190} INFO - [2026-06-23T23:13:58.193+0000] {dag.py:4180} INFO - Setting next_dagrun for extract_raw_data_pipeline to 2026-06-23 07:59:00+00:00, run_after=2026-06-24 07:00:00+00:00
[2026-06-23T23:13:58.208+0000] {processor.py:208} INFO - Processing /opt/airflow/dags/driven_data_pipeline.py took 0.226 seconds
[2026-06-23T23:14:28.295+0000] {processor.py:186} INFO - Started process (PID=11465) to work on /opt/airflow/dags/driven_data_pipeline.py
[2026-06-23T23:14:28.296+0000] {processor.py:914} INFO - Processing file /opt/airflow/dags/driven_data_pipeline.py for tasks to queue
[2026-06-23T23:14:28.298+0000] {logging_mixin.py:190} INFO - [2026-06-23T23:14:28.298+0000] {dagbag.py:588} INFO - Filling up the DagBag from /opt/airflow/dags/driven_data_pipeline.py
[2026-06-23T23:14:28.378+0000] {processor.py:925} INFO - DAG(s) 'extract_raw_data_pipeline' retrieved from /opt/airflow/dags/driven_data_pipeline.py
[2026-06-23T23:14:28.393+0000] {logging_mixin.py:190} INFO - [2026-06-23T23:14:28.393+0000] {dag.py:3239} INFO - Sync 1 DAGs
[2026-06-23T23:14:28.405+0000] {logging_mixin.py:190} INFO - [2026-06-23T23:14:28.405+0000] {dag.py:4180} INFO - Setting next_dagrun for extract_raw_data_pipeline to 2026-06-23 07:59:00+00:00, run_after=2026-06-24 07:00:00+00:00
[2026-06-23T23:14:28.504+0000] {processor.py:208} INFO - Processing /opt/airflow/dags/driven_data_pipeline.py took 0.212 seconds
[2026-06-23T23:14:58.780+0000] {processor.py:186} INFO - Started process (PID=11473) to work on /opt/airflow/dags/driven_data_pipeline.py
[2026-06-23T23:14:58.781+0000] {processor.py:914} INFO - Processing file /opt/airflow/dags/driven_data_pipeline.py for tasks to queue
[2026-06-23T23:14:58.782+0000] {logging_mixin.py:190} INFO - [2026-06-23T23:14:58.782+0000] {dagbag.py:588} INFO - Filling up the DagBag from /opt/airflow/dags/driven_data_pipeline.py
[2026-06-23T23:14:58.866+0000] {processor.py:925} INFO - DAG(s) 'extract_raw_data_pipeline' retrieved from /opt/airflow/dags/driven_data_pipeline.py
[2026-06-23T23:14:58.881+0000] {logging_mixin.py:190} INFO - [2026-06-23T23:14:58.881+0000] {dag.py:3239} INFO - Sync 1 DAGs
[2026-06-23T23:14:58.993+0000] {logging_mixin.py:190} INFO - [2026-06-23T23:14:58.993+0000] {dag.py:4180} INFO - Setting next_dagrun for extract_raw_data_pipeline to 2026-06-23 07:59:00+00:00, run_after=2026-06-24 07:00:00+00:00
[2026-06-23T23:14:59.005+0000] {processor.py:208} INFO - Processing /opt/airflow/dags/driven_data_pipeline.py took 0.229 seconds
[2026-06-23T23:15:29.050+0000] {processor.py:186} INFO - Started process (PID=11481) to work on /opt/airflow/dags/driven_data_pipeline.py
[2026-06-23T23:15:29.051+0000] {processor.py:914} INFO - Processing file /opt/airflow/dags/driven_data_pipeline.py for tasks to queue
[2026-06-23T23:15:29.053+0000] {logging_mixin.py:190} INFO - [2026-06-23T23:15:29.052+0000] {dagbag.py:588} INFO - Filling up the DagBag from /opt/airflow/dags/driven_data_pipeline.py
[2026-06-23T23:15:29.134+0000] {processor.py:925} INFO - DAG(s) 'extract_raw_data_pipeline' retrieved from /opt/airflow/dags/driven_data_pipeline.py
[2026-06-23T23:15:29.243+0000] {logging_mixin.py:190} INFO - [2026-06-23T23:15:29.243+0000] {dag.py:3239} INFO - Sync 1 DAGs
[2026-06-23T23:15:29.255+0000] {logging_mixin.py:190} INFO - [2026-06-23T23:15:29.255+0000] {dag.py:4180} INFO - Setting next_dagrun for extract_raw_data_pipeline to 2026-06-23 07:59:00+00:00, run_after=2026-06-24 07:00:00+00:00
[2026-06-23T23:15:29.267+0000] {processor.py:208} INFO - Processing /opt/airflow/dags/driven_data_pipeline.py took 0.221 seconds
[2026-06-23T23:15:59.570+0000] {processor.py:186} INFO - Started process (PID=11489) to work on /opt/airflow/dags/driven_data_pipeline.py
[2026-06-23T23:15:59.570+0000] {processor.py:914} INFO - Processing file /opt/airflow/dags/driven_data_pipeline.py for tasks to queue
[2026-06-23T23:15:59.572+0000] {logging_mixin.py:190} INFO - [2026-06-23T23:15:59.571+0000] {dagbag.py:588} INFO - Filling up the DagBag from /opt/airflow/dags/driven_data_pipeline.py
[2026-06-23T23:15:59.743+0000] {processor.py:925} INFO - DAG(s) 'extract_raw_data_pipeline' retrieved from /opt/airflow/dags/driven_data_pipeline.py
[2026-06-23T23:15:59.756+0000] {logging_mixin.py:190} INFO - [2026-06-23T23:15:59.756+0000] {dag.py:3239} INFO - Sync 1 DAGs
[2026-06-23T23:15:59.768+0000] {logging_mixin.py:190} INFO - [2026-06-23T23:15:59.768+0000] {dag.py:4180} INFO - Setting next_dagrun for extract_raw_data_pipeline to 2026-06-23 07:59:00+00:00, run_after=2026-06-24 07:00:00+00:00
[2026-06-23T23:15:59.781+0000] {processor.py:208} INFO - Processing /opt/airflow/dags/driven_data_pipeline.py took 0.215 seconds
[2026-06-23T23:16:29.868+0000] {processor.py:186} INFO - Started process (PID=11497) to work on /opt/airflow/dags/driven_data_pipeline.py
[2026-06-23T23:16:29.869+0000] {processor.py:914} INFO - Processing file /opt/airflow/dags/driven_data_pipeline.py for tasks to queue
[2026-06-23T23:16:29.871+0000] {logging_mixin.py:190} INFO - [2026-06-23T23:16:29.870+0000] {dagbag.py:588} INFO - Filling up the DagBag from /opt/airflow/dags/driven_data_pipeline.py
[2026-06-23T23:16:29.953+0000] {processor.py:925} INFO - DAG(s) 'extract_raw_data_pipeline' retrieved from /opt/airflow/dags/driven_data_pipeline.py
[2026-06-23T23:16:29.969+0000] {logging_mixin.py:190} INFO - [2026-06-23T23:16:29.969+0000] {dag.py:3239} INFO - Sync 1 DAGs
[2026-06-23T23:16:29.981+0000] {logging_mixin.py:190} INFO - [2026-06-23T23:16:29.981+0000] {dag.py:4180} INFO - Setting next_dagrun for extract_raw_data_pipeline to 2026-06-23 07:59:00+00:00, run_after=2026-06-24 07:00:00+00:00
[2026-06-23T23:16:30.083+0000] {processor.py:208} INFO - Processing /opt/airflow/dags/driven_data_pipeline.py took 0.219 seconds
[2026-06-23T23:17:00.442+0000] {processor.py:186} INFO - Started process (PID=11505) to work on /opt/airflow/dags/driven_data_pipeline.py
[2026-06-23T23:17:00.443+0000] {processor.py:914} INFO - Processing file /opt/airflow/dags/driven_data_pipeline.py for tasks to queue
[2026-06-23T23:17:00.445+0000] {logging_mixin.py:190} INFO - [2026-06-23T23:17:00.445+0000] {dagbag.py:588} INFO - Filling up the DagBag from /opt/airflow/dags/driven_data_pipeline.py
[2026-06-23T23:17:00.525+0000] {processor.py:925} INFO - DAG(s) 'extract_raw_data_pipeline' retrieved from /opt/airflow/dags/driven_data_pipeline.py
[2026-06-23T23:17:00.538+0000] {logging_mixin.py:190} INFO - [2026-06-23T23:17:00.538+0000] {dag.py:3239} INFO - Sync 1 DAGs
[2026-06-23T23:17:00.632+0000] {logging_mixin.py:190} INFO - [2026-06-23T23:17:00.632+0000] {dag.py:4180} INFO - Setting next_dagrun for extract_raw_data_pipeline to 2026-06-23 07:59:00+00:00, run_after=2026-06-24 07:00:00+00:00
[2026-06-23T23:17:00.644+0000] {processor.py:208} INFO - Processing /opt/airflow/dags/driven_data_pipeline.py took 0.205 seconds
[2026-06-23T23:17:30.736+0000] {processor.py:186} INFO - Started process (PID=11513) to work on /opt/airflow/dags/driven_data_pipeline.py
[2026-06-23T23:17:30.737+0000] {processor.py:914} INFO - Processing file /opt/airflow/dags/driven_data_pipeline.py for tasks to queue
[2026-06-23T23:17:30.738+0000] {logging_mixin.py:190} INFO - [2026-06-23T23:17:30.738+0000] {dagbag.py:588} INFO - Filling up the DagBag from /opt/airflow/dags/driven_data_pipeline.py
[2026-06-23T23:17:30.819+0000] {processor.py:925} INFO - DAG(s) 'extract_raw_data_pipeline' retrieved from /opt/airflow/dags/driven_data_pipeline.py
[2026-06-23T23:17:30.914+0000] {logging_mixin.py:190} INFO - [2026-06-23T23:17:30.914+0000] {dag.py:3239} INFO - Sync 1 DAGs
[2026-06-23T23:17:30.924+0000] {logging_mixin.py:190} INFO - [2026-06-23T23:17:30.924+0000] {dag.py:4180} INFO - Setting next_dagrun for extract_raw_data_pipeline to 2026-06-23 07:59:00+00:00, run_after=2026-06-24 07:00:00+00:00
[2026-06-23T23:17:30.936+0000] {processor.py:208} INFO - Processing /opt/airflow/dags/driven_data_pipeline.py took 0.203 seconds
[2026-06-23T23:18:01.227+0000] {processor.py:186} INFO - Started process (PID=11521) to work on /opt/airflow/dags/driven_data_pipeline.py
[2026-06-23T23:18:01.228+0000] {processor.py:914} INFO - Processing file /opt/airflow/dags/driven_data_pipeline.py for tasks to queue
[2026-06-23T23:18:01.229+0000] {logging_mixin.py:190} INFO - [2026-06-23T23:18:01.229+0000] {dagbag.py:588} INFO - Filling up the DagBag from /opt/airflow/dags/driven_data_pipeline.py
[2026-06-23T23:18:01.394+0000] {processor.py:925} INFO - DAG(s) 'extract_raw_data_pipeline' retrieved from /opt/airflow/dags/driven_data_pipeline.py
[2026-06-23T23:18:01.406+0000] {logging_mixin.py:190} INFO - [2026-06-23T23:18:01.406+0000] {dag.py:3239} INFO - Sync 1 DAGs
[2026-06-23T23:18:01.416+0000] {logging_mixin.py:190} INFO - [2026-06-23T23:18:01.416+0000] {dag.py:4180} INFO - Setting next_dagrun for extract_raw_data_pipeline to 2026-06-23 07:59:00+00:00, run_after=2026-06-24 07:00:00+00:00
[2026-06-23T23:18:01.426+0000] {processor.py:208} INFO - Processing /opt/airflow/dags/driven_data_pipeline.py took 0.203 seconds
[2026-06-23T23:18:31.565+0000] {processor.py:186} INFO - Started process (PID=11529) to work on /opt/airflow/dags/driven_data_pipeline.py
[2026-06-23T23:18:31.566+0000] {processor.py:914} INFO - Processing file /opt/airflow/dags/driven_data_pipeline.py for tasks to queue
[2026-06-23T23:18:31.568+0000] {logging_mixin.py:190} INFO - [2026-06-23T23:18:31.567+0000] {dagbag.py:588} INFO - Filling up the DagBag from /opt/airflow/dags/driven_data_pipeline.py
[2026-06-23T23:18:31.661+0000] {processor.py:925} INFO - DAG(s) 'extract_raw_data_pipeline' retrieved from /opt/airflow/dags/driven_data_pipeline.py
[2026-06-23T23:18:31.677+0000] {logging_mixin.py:190} INFO - [2026-06-23T23:18:31.676+0000] {dag.py:3239} INFO - Sync 1 DAGs
[2026-06-23T23:18:31.689+0000] {logging_mixin.py:190} INFO - [2026-06-23T23:18:31.689+0000] {dag.py:4180} INFO - Setting next_dagrun for extract_raw_data_pipeline to 2026-06-23 07:59:00+00:00, run_after=2026-06-24 07:00:00+00:00
[2026-06-23T23:18:31.793+0000] {processor.py:208} INFO - Processing /opt/airflow/dags/driven_data_pipeline.py took 0.232 seconds
[2026-06-23T23:19:01.977+0000] {processor.py:186} INFO - Started process (PID=11537) to work on /opt/airflow/dags/driven_data_pipeline.py
[2026-06-23T23:19:01.977+0000] {processor.py:914} INFO - Processing file /opt/airflow/dags/driven_data_pipeline.py for tasks to queue
[2026-06-23T23:19:01.979+0000] {logging_mixin.py:190} INFO - [2026-06-23T23:19:01.979+0000] {dagbag.py:588} INFO - Filling up the DagBag from /opt/airflow/dags/driven_data_pipeline.py
[2026-06-23T23:19:02.068+0000] {processor.py:925} INFO - DAG(s) 'extract_raw_data_pipeline' retrieved from /opt/airflow/dags/driven_data_pipeline.py
[2026-06-23T23:19:02.083+0000] {logging_mixin.py:190} INFO - [2026-06-23T23:19:02.083+0000] {dag.py:3239} INFO - Sync 1 DAGs
[2026-06-23T23:19:02.196+0000] {logging_mixin.py:190} INFO - [2026-06-23T23:19:02.196+0000] {dag.py:4180} INFO - Setting next_dagrun for extract_raw_data_pipeline to 2026-06-23 07:59:00+00:00, run_after=2026-06-24 07:00:00+00:00
[2026-06-23T23:19:02.208+0000] {processor.py:208} INFO - Processing /opt/airflow/dags/driven_data_pipeline.py took 0.235 seconds
[2026-06-23T23:19:32.434+0000] {processor.py:186} INFO - Started process (PID=11545) to work on /opt/airflow/dags/driven_data_pipeline.py
[2026-06-23T23:19:32.435+0000] {processor.py:914} INFO - Processing file /opt/airflow/dags/driven_data_pipeline.py for tasks to queue
[2026-06-23T23:19:32.437+0000] {logging_mixin.py:190} INFO - [2026-06-23T23:19:32.436+0000] {dagbag.py:588} INFO - Filling up the DagBag from /opt/airflow/dags/driven_data_pipeline.py
[2026-06-23T23:19:32.522+0000] {processor.py:925} INFO - DAG(s) 'extract_raw_data_pipeline' retrieved from /opt/airflow/dags/driven_data_pipeline.py
[2026-06-23T23:19:32.640+0000] {logging_mixin.py:190} INFO - [2026-06-23T23:19:32.639+0000] {dag.py:3239} INFO - Sync 1 DAGs
[2026-06-23T23:19:32.651+0000] {logging_mixin.py:190} INFO - [2026-06-23T23:19:32.651+0000] {dag.py:4180} INFO - Setting next_dagrun for extract_raw_data_pipeline to 2026-06-23 07:59:00+00:00, run_after=2026-06-24 07:00:00+00:00
[2026-06-23T23:19:32.666+0000] {processor.py:208} INFO - Processing /opt/airflow/dags/driven_data_pipeline.py took 0.235 seconds
[2026-06-23T23:20:02.892+0000] {processor.py:186} INFO - Started process (PID=11553) to work on /opt/airflow/dags/driven_data_pipeline.py
[2026-06-23T23:20:02.892+0000] {processor.py:914} INFO - Processing file /opt/airflow/dags/driven_data_pipeline.py for tasks to queue
[2026-06-23T23:20:02.894+0000] {logging_mixin.py:190} INFO - [2026-06-23T23:20:02.894+0000] {dagbag.py:588} INFO - Filling up the DagBag from /opt/airflow/dags/driven_data_pipeline.py
[2026-06-23T23:20:03.084+0000] {processor.py:925} INFO - DAG(s) 'extract_raw_data_pipeline' retrieved from /opt/airflow/dags/driven_data_pipeline.py
[2026-06-23T23:20:03.097+0000] {logging_mixin.py:190} INFO - [2026-06-23T23:20:03.097+0000] {dag.py:3239} INFO - Sync 1 DAGs
[2026-06-23T23:20:03.108+0000] {logging_mixin.py:190} INFO - [2026-06-23T23:20:03.107+0000] {dag.py:4180} INFO - Setting next_dagrun for extract_raw_data_pipeline to 2026-06-23 07:59:00+00:00, run_after=2026-06-24 07:00:00+00:00
[2026-06-23T23:20:03.121+0000] {processor.py:208} INFO - Processing /opt/airflow/dags/driven_data_pipeline.py took 0.233 seconds
[2026-06-23T23:20:33.188+0000] {processor.py:186} INFO - Started process (PID=11560) to work on /opt/airflow/dags/driven_data_pipeline.py
[2026-06-23T23:20:33.189+0000] {processor.py:914} INFO - Processing file /opt/airflow/dags/driven_data_pipeline.py for tasks to queue
[2026-06-23T23:20:33.191+0000] {logging_mixin.py:190} INFO - [2026-06-23T23:20:33.191+0000] {dagbag.py:588} INFO - Filling up the DagBag from /opt/airflow/dags/driven_data_pipeline.py
[2026-06-23T23:20:33.286+0000] {processor.py:925} INFO - DAG(s) 'extract_raw_data_pipeline' retrieved from /opt/airflow/dags/driven_data_pipeline.py
[2026-06-23T23:20:33.303+0000] {logging_mixin.py:190} INFO - [2026-06-23T23:20:33.303+0000] {dag.py:3239} INFO - Sync 1 DAGs
[2026-06-23T23:20:33.316+0000] {logging_mixin.py:190} INFO - [2026-06-23T23:20:33.316+0000] {dag.py:4180} INFO - Setting next_dagrun for extract_raw_data_pipeline to 2026-06-23 07:59:00+00:00, run_after=2026-06-24 07:00:00+00:00
[2026-06-23T23:20:33.426+0000] {processor.py:208} INFO - Processing /opt/airflow/dags/driven_data_pipeline.py took 0.242 seconds
[2026-06-23T23:21:03.513+0000] {processor.py:186} INFO - Started process (PID=11568) to work on /opt/airflow/dags/driven_data_pipeline.py
[2026-06-23T23:21:03.514+0000] {processor.py:914} INFO - Processing file /opt/airflow/dags/driven_data_pipeline.py for tasks to queue
[2026-06-23T23:21:03.515+0000] {logging_mixin.py:190} INFO - [2026-06-23T23:21:03.515+0000] {dagbag.py:588} INFO - Filling up the DagBag from /opt/airflow/dags/driven_data_pipeline.py
[2026-06-23T23:21:03.619+0000] {processor.py:925} INFO - DAG(s) 'extract_raw_data_pipeline' retrieved from /opt/airflow/dags/driven_data_pipeline.py
[2026-06-23T23:21:03.636+0000] {logging_mixin.py:190} INFO - [2026-06-23T23:21:03.636+0000] {dag.py:3239} INFO - Sync 1 DAGs
[2026-06-23T23:21:03.750+0000] {logging_mixin.py:190} INFO - [2026-06-23T23:21:03.749+0000] {dag.py:4180} INFO - Setting next_dagrun for extract_raw_data_pipeline to 2026-06-23 07:59:00+00:00, run_after=2026-06-24 07:00:00+00:00
[2026-06-23T23:21:03.762+0000] {processor.py:208} INFO - Processing /opt/airflow/dags/driven_data_pipeline.py took 0.254 seconds
[2026-06-23T23:21:34.032+0000] {processor.py:186} INFO - Started process (PID=11576) to work on /opt/airflow/dags/driven_data_pipeline.py
[2026-06-23T23:21:34.033+0000] {processor.py:914} INFO - Processing file /opt/airflow/dags/driven_data_pipeline.py for tasks to queue
[2026-06-23T23:21:34.035+0000] {logging_mixin.py:190} INFO - [2026-06-23T23:21:34.034+0000] {dagbag.py:588} INFO - Filling up the DagBag from /opt/airflow/dags/driven_data_pipeline.py
[2026-06-23T23:21:34.119+0000] {processor.py:925} INFO - DAG(s) 'extract_raw_data_pipeline' retrieved from /opt/airflow/dags/driven_data_pipeline.py
[2026-06-23T23:21:34.237+0000] {logging_mixin.py:190} INFO - [2026-06-23T23:21:34.237+0000] {dag.py:3239} INFO - Sync 1 DAGs
[2026-06-23T23:21:34.249+0000] {logging_mixin.py:190} INFO - [2026-06-23T23:21:34.249+0000] {dag.py:4180} INFO - Setting next_dagrun for extract_raw_data_pipeline to 2026-06-23 07:59:00+00:00, run_after=2026-06-24 07:00:00+00:00
[2026-06-23T23:21:34.261+0000] {processor.py:208} INFO - Processing /opt/airflow/dags/driven_data_pipeline.py took 0.233 seconds
[2026-06-23T23:22:04.331+0000] {processor.py:186} INFO - Started process (PID=11584) to work on /opt/airflow/dags/driven_data_pipeline.py
[2026-06-23T23:22:04.331+0000] {processor.py:914} INFO - Processing file /opt/airflow/dags/driven_data_pipeline.py for tasks to queue
[2026-06-23T23:22:04.333+0000] {logging_mixin.py:190} INFO - [2026-06-23T23:22:04.333+0000] {dagbag.py:588} INFO - Filling up the DagBag from /opt/airflow/dags/driven_data_pipeline.py
[2026-06-23T23:22:04.510+0000] {processor.py:925} INFO - DAG(s) 'extract_raw_data_pipeline' retrieved from /opt/airflow/dags/driven_data_pipeline.py
[2026-06-23T23:22:04.523+0000] {logging_mixin.py:190} INFO - [2026-06-23T23:22:04.522+0000] {dag.py:3239} INFO - Sync 1 DAGs
[2026-06-23T23:22:04.533+0000] {logging_mixin.py:190} INFO - [2026-06-23T23:22:04.533+0000] {dag.py:4180} INFO - Setting next_dagrun for extract_raw_data_pipeline to 2026-06-23 07:59:00+00:00, run_after=2026-06-24 07:00:00+00:00
[2026-06-23T23:22:04.544+0000] {processor.py:208} INFO - Processing /opt/airflow/dags/driven_data_pipeline.py took 0.217 seconds
[2026-06-23T23:22:34.820+0000] {processor.py:186} INFO - Started process (PID=11592) to work on /opt/airflow/dags/driven_data_pipeline.py
[2026-06-23T23:22:34.821+0000] {processor.py:914} INFO - Processing file /opt/airflow/dags/driven_data_pipeline.py for tasks to queue
[2026-06-23T23:22:34.823+0000] {logging_mixin.py:190} INFO - [2026-06-23T23:22:34.822+0000] {dagbag.py:588} INFO - Filling up the DagBag from /opt/airflow/dags/driven_data_pipeline.py
[2026-06-23T23:22:34.906+0000] {processor.py:925} INFO - DAG(s) 'extract_raw_data_pipeline' retrieved from /opt/airflow/dags/driven_data_pipeline.py
[2026-06-23T23:22:34.921+0000] {logging_mixin.py:190} INFO - [2026-06-23T23:22:34.921+0000] {dag.py:3239} INFO - Sync 1 DAGs
[2026-06-23T23:22:34.934+0000] {logging_mixin.py:190} INFO - [2026-06-23T23:22:34.934+0000] {dag.py:4180} INFO - Setting next_dagrun for extract_raw_data_pipeline to 2026-06-23 07:59:00+00:00, run_after=2026-06-24 07:00:00+00:00
[2026-06-23T23:22:35.043+0000] {processor.py:208} INFO - Processing /opt/airflow/dags/driven_data_pipeline.py took 0.227 seconds
[2026-06-23T23:23:05.265+0000] {processor.py:186} INFO - Started process (PID=11600) to work on /opt/airflow/dags/driven_data_pipeline.py
[2026-06-23T23:23:05.265+0000] {processor.py:914} INFO - Processing file /opt/airflow/dags/driven_data_pipeline.py for tasks to queue
[2026-06-23T23:23:05.267+0000] {logging_mixin.py:190} INFO - [2026-06-23T23:23:05.267+0000] {dagbag.py:588} INFO - Filling up the DagBag from /opt/airflow/dags/driven_data_pipeline.py
[2026-06-23T23:23:05.354+0000] {processor.py:925} INFO - DAG(s) 'extract_raw_data_pipeline' retrieved from /opt/airflow/dags/driven_data_pipeline.py
[2026-06-23T23:23:05.369+0000] {logging_mixin.py:190} INFO - [2026-06-23T23:23:05.369+0000] {dag.py:3239} INFO - Sync 1 DAGs
[2026-06-23T23:23:05.482+0000] {logging_mixin.py:190} INFO - [2026-06-23T23:23:05.481+0000] {dag.py:4180} INFO - Setting next_dagrun for extract_raw_data_pipeline to 2026-06-23 07:59:00+00:00, run_after=2026-06-24 07:00:00+00:00
[2026-06-23T23:23:05.626+0000] {processor.py:208} INFO - Processing /opt/airflow/dags/driven_data_pipeline.py took 0.365 seconds
[2026-06-23T23:23:35.936+0000] {processor.py:186} INFO - Started process (PID=11608) to work on /opt/airflow/dags/driven_data_pipeline.py
[2026-06-23T23:23:35.937+0000] {processor.py:914} INFO - Processing file /opt/airflow/dags/driven_data_pipeline.py for tasks to queue
[2026-06-23T23:23:35.939+0000] {logging_mixin.py:190} INFO - [2026-06-23T23:23:35.939+0000] {dagbag.py:588} INFO - Filling up the DagBag from /opt/airflow/dags/driven_data_pipeline.py
[2026-06-23T23:23:36.017+0000] {processor.py:925} INFO - DAG(s) 'extract_raw_data_pipeline' retrieved from /opt/airflow/dags/driven_data_pipeline.py
[2026-06-23T23:23:36.113+0000] {logging_mixin.py:190} INFO - [2026-06-23T23:23:36.113+0000] {dag.py:3239} INFO - Sync 1 DAGs
[2026-06-23T23:23:36.125+0000] {logging_mixin.py:190} INFO - [2026-06-23T23:23:36.124+0000] {dag.py:4180} INFO - Setting next_dagrun for extract_raw_data_pipeline to 2026-06-23 07:59:00+00:00, run_after=2026-06-24 07:00:00+00:00
[2026-06-23T23:23:36.137+0000] {processor.py:208} INFO - Processing /opt/airflow/dags/driven_data_pipeline.py took 0.204 seconds
[2026-06-23T23:24:06.283+0000] {processor.py:186} INFO - Started process (PID=11616) to work on /opt/airflow/dags/driven_data_pipeline.py
[2026-06-23T23:24:06.284+0000] {processor.py:914} INFO - Processing file /opt/airflow/dags/driven_data_pipeline.py for tasks to queue
[2026-06-23T23:24:06.286+0000] {logging_mixin.py:190} INFO - [2026-06-23T23:24:06.286+0000] {dagbag.py:588} INFO - Filling up the DagBag from /opt/airflow/dags/driven_data_pipeline.py
[2026-06-23T23:24:06.460+0000] {processor.py:925} INFO - DAG(s) 'extract_raw_data_pipeline' retrieved from /opt/airflow/dags/driven_data_pipeline.py
[2026-06-23T23:24:06.473+0000] {logging_mixin.py:190} INFO - [2026-06-23T23:24:06.473+0000] {dag.py:3239} INFO - Sync 1 DAGs
[2026-06-23T23:24:06.483+0000] {logging_mixin.py:190} INFO - [2026-06-23T23:24:06.483+0000] {dag.py:4180} INFO - Setting next_dagrun for extract_raw_data_pipeline to 2026-06-23 07:59:00+00:00, run_after=2026-06-24 07:00:00+00:00
[2026-06-23T23:24:06.495+0000] {processor.py:208} INFO - Processing /opt/airflow/dags/driven_data_pipeline.py took 0.217 seconds
[2026-06-23T23:24:36.765+0000] {processor.py:186} INFO - Started process (PID=11624) to work on /opt/airflow/dags/driven_data_pipeline.py
[2026-06-23T23:24:36.766+0000] {processor.py:914} INFO - Processing file /opt/airflow/dags/driven_data_pipeline.py for tasks to queue
[2026-06-23T23:24:36.768+0000] {logging_mixin.py:190} INFO - [2026-06-23T23:24:36.767+0000] {dagbag.py:588} INFO - Filling up the DagBag from /opt/airflow/dags/driven_data_pipeline.py
[2026-06-23T23:24:36.850+0000] {processor.py:925} INFO - DAG(s) 'extract_raw_data_pipeline' retrieved from /opt/airflow/dags/driven_data_pipeline.py
[2026-06-23T23:24:36.864+0000] {logging_mixin.py:190} INFO - [2026-06-23T23:24:36.864+0000] {dag.py:3239} INFO - Sync 1 DAGs
[2026-06-23T23:24:36.877+0000] {logging_mixin.py:190} INFO - [2026-06-23T23:24:36.877+0000] {dag.py:4180} INFO - Setting next_dagrun for extract_raw_data_pipeline to 2026-06-23 07:59:00+00:00, run_after=2026-06-24 07:00:00+00:00
[2026-06-23T23:24:36.984+0000] {processor.py:208} INFO - Processing /opt/airflow/dags/driven_data_pipeline.py took 0.222 seconds
[2026-06-23T23:25:07.256+0000] {processor.py:186} INFO - Started process (PID=11632) to work on /opt/airflow/dags/driven_data_pipeline.py
[2026-06-23T23:25:07.256+0000] {processor.py:914} INFO - Processing file /opt/airflow/dags/driven_data_pipeline.py for tasks to queue
[2026-06-23T23:25:07.258+0000] {logging_mixin.py:190} INFO - [2026-06-23T23:25:07.258+0000] {dagbag.py:588} INFO - Filling up the DagBag from /opt/airflow/dags/driven_data_pipeline.py
[2026-06-23T23:25:07.338+0000] {processor.py:925} INFO - DAG(s) 'extract_raw_data_pipeline' retrieved from /opt/airflow/dags/driven_data_pipeline.py
[2026-06-23T23:25:07.353+0000] {logging_mixin.py:190} INFO - [2026-06-23T23:25:07.353+0000] {dag.py:3239} INFO - Sync 1 DAGs
[2026-06-23T23:25:07.455+0000] {logging_mixin.py:190} INFO - [2026-06-23T23:25:07.455+0000] {dag.py:4180} INFO - Setting next_dagrun for extract_raw_data_pipeline to 2026-06-23 07:59:00+00:00, run_after=2026-06-24 07:00:00+00:00
[2026-06-23T23:25:07.477+0000] {processor.py:208} INFO - Processing /opt/airflow/dags/driven_data_pipeline.py took 0.225 seconds
[2026-06-23T23:25:37.550+0000] {processor.py:186} INFO - Started process (PID=11640) to work on /opt/airflow/dags/driven_data_pipeline.py
[2026-06-23T23:25:37.551+0000] {processor.py:914} INFO - Processing file /opt/airflow/dags/driven_data_pipeline.py for tasks to queue
[2026-06-23T23:25:37.553+0000] {logging_mixin.py:190} INFO - [2026-06-23T23:25:37.552+0000] {dagbag.py:588} INFO - Filling up the DagBag from /opt/airflow/dags/driven_data_pipeline.py
[2026-06-23T23:25:37.646+0000] {processor.py:925} INFO - DAG(s) 'extract_raw_data_pipeline' retrieved from /opt/airflow/dags/driven_data_pipeline.py
[2026-06-23T23:25:37.749+0000] {logging_mixin.py:190} INFO - [2026-06-23T23:25:37.748+0000] {dag.py:3239} INFO - Sync 1 DAGs
[2026-06-23T23:25:37.761+0000] {logging_mixin.py:190} INFO - [2026-06-23T23:25:37.761+0000] {dag.py:4180} INFO - Setting next_dagrun for extract_raw_data_pipeline to 2026-06-23 07:59:00+00:00, run_after=2026-06-24 07:00:00+00:00
[2026-06-23T23:25:37.773+0000] {processor.py:208} INFO - Processing /opt/airflow/dags/driven_data_pipeline.py took 0.226 seconds
[2026-06-23T23:26:07.827+0000] {processor.py:186} INFO - Started process (PID=11648) to work on /opt/airflow/dags/driven_data_pipeline.py
[2026-06-23T23:26:07.828+0000] {processor.py:914} INFO - Processing file /opt/airflow/dags/driven_data_pipeline.py for tasks to queue
[2026-06-23T23:26:07.830+0000] {logging_mixin.py:190} INFO - [2026-06-23T23:26:07.829+0000] {dagbag.py:588} INFO - Filling up the DagBag from /opt/airflow/dags/driven_data_pipeline.py
[2026-06-23T23:26:07.992+0000] {processor.py:925} INFO - DAG(s) 'extract_raw_data_pipeline' retrieved from /opt/airflow/dags/driven_data_pipeline.py
[2026-06-23T23:26:08.005+0000] {logging_mixin.py:190} INFO - [2026-06-23T23:26:08.005+0000] {dag.py:3239} INFO - Sync 1 DAGs
[2026-06-23T23:26:08.014+0000] {logging_mixin.py:190} INFO - [2026-06-23T23:26:08.014+0000] {dag.py:4180} INFO - Setting next_dagrun for extract_raw_data_pipeline to 2026-06-23 07:59:00+00:00, run_after=2026-06-24 07:00:00+00:00
[2026-06-23T23:26:08.036+0000] {processor.py:208} INFO - Processing /opt/airflow/dags/driven_data_pipeline.py took 0.212 seconds
[2026-06-23T23:26:38.360+0000] {processor.py:186} INFO - Started process (PID=11656) to work on /opt/airflow/dags/driven_data_pipeline.py
[2026-06-23T23:26:38.361+0000] {processor.py:914} INFO - Processing file /opt/airflow/dags/driven_data_pipeline.py for tasks to queue
[2026-06-23T23:26:38.363+0000] {logging_mixin.py:190} INFO - [2026-06-23T23:26:38.362+0000] {dagbag.py:588} INFO - Filling up the DagBag from /opt/airflow/dags/driven_data_pipeline.py
[2026-06-23T23:26:38.531+0000] {processor.py:925} INFO - DAG(s) 'extract_raw_data_pipeline' retrieved from /opt/airflow/dags/driven_data_pipeline.py
[2026-06-23T23:26:38.543+0000] {logging_mixin.py:190} INFO - [2026-06-23T23:26:38.543+0000] {dag.py:3239} INFO - Sync 1 DAGs
[2026-06-23T23:26:38.554+0000] {logging_mixin.py:190} INFO - [2026-06-23T23:26:38.554+0000] {dag.py:4180} INFO - Setting next_dagrun for extract_raw_data_pipeline to 2026-06-23 07:59:00+00:00, run_after=2026-06-24 07:00:00+00:00
[2026-06-23T23:26:38.566+0000] {processor.py:208} INFO - Processing /opt/airflow/dags/driven_data_pipeline.py took 0.209 seconds
[2026-06-23T23:27:08.718+0000] {processor.py:186} INFO - Started process (PID=11664) to work on /opt/airflow/dags/driven_data_pipeline.py
[2026-06-23T23:27:08.719+0000] {processor.py:914} INFO - Processing file /opt/airflow/dags/driven_data_pipeline.py for tasks to queue
[2026-06-23T23:27:08.721+0000] {logging_mixin.py:190} INFO - [2026-06-23T23:27:08.720+0000] {dagbag.py:588} INFO - Filling up the DagBag from /opt/airflow/dags/driven_data_pipeline.py
[2026-06-23T23:27:08.810+0000] {processor.py:925} INFO - DAG(s) 'extract_raw_data_pipeline' retrieved from /opt/airflow/dags/driven_data_pipeline.py
[2026-06-23T23:27:08.825+0000] {logging_mixin.py:190} INFO - [2026-06-23T23:27:08.825+0000] {dag.py:3239} INFO - Sync 1 DAGs
[2026-06-23T23:27:08.928+0000] {logging_mixin.py:190} INFO - [2026-06-23T23:27:08.928+0000] {dag.py:4180} INFO - Setting next_dagrun for extract_raw_data_pipeline to 2026-06-23 07:59:00+00:00, run_after=2026-06-24 07:00:00+00:00
[2026-06-23T23:27:08.940+0000] {processor.py:208} INFO - Processing /opt/airflow/dags/driven_data_pipeline.py took 0.226 seconds
[2026-06-23T23:27:39.169+0000] {processor.py:186} INFO - Started process (PID=11672) to work on /opt/airflow/dags/driven_data_pipeline.py
[2026-06-23T23:27:39.170+0000] {processor.py:914} INFO - Processing file /opt/airflow/dags/driven_data_pipeline.py for tasks to queue
[2026-06-23T23:27:39.172+0000] {logging_mixin.py:190} INFO - [2026-06-23T23:27:39.171+0000] {dagbag.py:588} INFO - Filling up the DagBag from /opt/airflow/dags/driven_data_pipeline.py
[2026-06-23T23:27:39.268+0000] {processor.py:925} INFO - DAG(s) 'extract_raw_data_pipeline' retrieved from /opt/airflow/dags/driven_data_pipeline.py
[2026-06-23T23:27:39.382+0000] {logging_mixin.py:190} INFO - [2026-06-23T23:27:39.382+0000] {dag.py:3239} INFO - Sync 1 DAGs
[2026-06-23T23:27:39.394+0000] {logging_mixin.py:190} INFO - [2026-06-23T23:27:39.394+0000] {dag.py:4180} INFO - Setting next_dagrun for extract_raw_data_pipeline to 2026-06-23 07:59:00+00:00, run_after=2026-06-24 07:00:00+00:00
[2026-06-23T23:27:39.409+0000] {processor.py:208} INFO - Processing /opt/airflow/dags/driven_data_pipeline.py took 0.245 seconds
[2026-06-23T23:28:09.549+0000] {processor.py:186} INFO - Started process (PID=11680) to work on /opt/airflow/dags/driven_data_pipeline.py
[2026-06-23T23:28:09.550+0000] {processor.py:914} INFO - Processing file /opt/airflow/dags/driven_data_pipeline.py for tasks to queue
[2026-06-23T23:28:09.552+0000] {logging_mixin.py:190} INFO - [2026-06-23T23:28:09.552+0000] {dagbag.py:588} INFO - Filling up the DagBag from /opt/airflow/dags/driven_data_pipeline.py
[2026-06-23T23:28:09.733+0000] {processor.py:925} INFO - DAG(s) 'extract_raw_data_pipeline' retrieved from /opt/airflow/dags/driven_data_pipeline.py
[2026-06-23T23:28:09.746+0000] {logging_mixin.py:190} INFO - [2026-06-23T23:28:09.746+0000] {dag.py:3239} INFO - Sync 1 DAGs
[2026-06-23T23:28:09.757+0000] {logging_mixin.py:190} INFO - [2026-06-23T23:28:09.757+0000] {dag.py:4180} INFO - Setting next_dagrun for extract_raw_data_pipeline to 2026-06-23 07:59:00+00:00, run_after=2026-06-24 07:00:00+00:00
[2026-06-23T23:28:09.768+0000] {processor.py:208} INFO - Processing /opt/airflow/dags/driven_data_pipeline.py took 0.223 seconds
[2026-06-23T23:28:40.028+0000] {processor.py:186} INFO - Started process (PID=11688) to work on /opt/airflow/dags/driven_data_pipeline.py
[2026-06-23T23:28:40.029+0000] {processor.py:914} INFO - Processing file /opt/airflow/dags/driven_data_pipeline.py for tasks to queue
[2026-06-23T23:28:40.030+0000] {logging_mixin.py:190} INFO - [2026-06-23T23:28:40.030+0000] {dagbag.py:588} INFO - Filling up the DagBag from /opt/airflow/dags/driven_data_pipeline.py
[2026-06-23T23:28:40.209+0000] {processor.py:925} INFO - DAG(s) 'extract_raw_data_pipeline' retrieved from /opt/airflow/dags/driven_data_pipeline.py
[2026-06-23T23:28:40.222+0000] {logging_mixin.py:190} INFO - [2026-06-23T23:28:40.222+0000] {dag.py:3239} INFO - Sync 1 DAGs
[2026-06-23T23:28:40.233+0000] {logging_mixin.py:190} INFO - [2026-06-23T23:28:40.233+0000] {dag.py:4180} INFO - Setting next_dagrun for extract_raw_data_pipeline to 2026-06-23 07:59:00+00:00, run_after=2026-06-24 07:00:00+00:00
[2026-06-23T23:28:40.249+0000] {processor.py:208} INFO - Processing /opt/airflow/dags/driven_data_pipeline.py took 0.224 seconds
[2026-06-23T23:29:10.509+0000] {processor.py:186} INFO - Started process (PID=11696) to work on /opt/airflow/dags/driven_data_pipeline.py
[2026-06-23T23:29:10.510+0000] {processor.py:914} INFO - Processing file /opt/airflow/dags/driven_data_pipeline.py for tasks to queue
[2026-06-23T23:29:10.512+0000] {logging_mixin.py:190} INFO - [2026-06-23T23:29:10.511+0000] {dagbag.py:588} INFO - Filling up the DagBag from /opt/airflow/dags/driven_data_pipeline.py
[2026-06-23T23:29:10.596+0000] {processor.py:925} INFO - DAG(s) 'extract_raw_data_pipeline' retrieved from /opt/airflow/dags/driven_data_pipeline.py
[2026-06-23T23:29:10.610+0000] {logging_mixin.py:190} INFO - [2026-06-23T23:29:10.610+0000] {dag.py:3239} INFO - Sync 1 DAGs
[2026-06-23T23:29:10.730+0000] {logging_mixin.py:190} INFO - [2026-06-23T23:29:10.730+0000] {dag.py:4180} INFO - Setting next_dagrun for extract_raw_data_pipeline to 2026-06-23 07:59:00+00:00, run_after=2026-06-24 07:00:00+00:00
[2026-06-23T23:29:10.742+0000] {processor.py:208} INFO - Processing /opt/airflow/dags/driven_data_pipeline.py took 0.238 seconds
[2026-06-23T23:29:40.782+0000] {processor.py:186} INFO - Started process (PID=11704) to work on /opt/airflow/dags/driven_data_pipeline.py
[2026-06-23T23:29:40.783+0000] {processor.py:914} INFO - Processing file /opt/airflow/dags/driven_data_pipeline.py for tasks to queue
[2026-06-23T23:29:40.784+0000] {logging_mixin.py:190} INFO - [2026-06-23T23:29:40.784+0000] {dagbag.py:588} INFO - Filling up the DagBag from /opt/airflow/dags/driven_data_pipeline.py
[2026-06-23T23:29:40.868+0000] {processor.py:925} INFO - DAG(s) 'extract_raw_data_pipeline' retrieved from /opt/airflow/dags/driven_data_pipeline.py
[2026-06-23T23:29:40.983+0000] {logging_mixin.py:190} INFO - [2026-06-23T23:29:40.983+0000] {dag.py:3239} INFO - Sync 1 DAGs
[2026-06-23T23:29:40.995+0000] {logging_mixin.py:190} INFO - [2026-06-23T23:29:40.995+0000] {dag.py:4180} INFO - Setting next_dagrun for extract_raw_data_pipeline to 2026-06-23 07:59:00+00:00, run_after=2026-06-24 07:00:00+00:00
[2026-06-23T23:29:41.007+0000] {processor.py:208} INFO - Processing /opt/airflow/dags/driven_data_pipeline.py took 0.229 seconds
[2026-06-23T23:30:11.345+0000] {processor.py:186} INFO - Started process (PID=11712) to work on /opt/airflow/dags/driven_data_pipeline.py
[2026-06-23T23:30:11.346+0000] {processor.py:914} INFO - Processing file /opt/airflow/dags/driven_data_pipeline.py for tasks to queue
[2026-06-23T23:30:11.348+0000] {logging_mixin.py:190} INFO - [2026-06-23T23:30:11.347+0000] {dagbag.py:588} INFO - Filling up the DagBag from /opt/airflow/dags/driven_data_pipeline.py
[2026-06-23T23:30:11.528+0000] {processor.py:925} INFO - DAG(s) 'extract_raw_data_pipeline' retrieved from /opt/airflow/dags/driven_data_pipeline.py
[2026-06-23T23:30:11.545+0000] {logging_mixin.py:190} INFO - [2026-06-23T23:30:11.545+0000] {dag.py:3239} INFO - Sync 1 DAGs
[2026-06-23T23:30:11.560+0000] {logging_mixin.py:190} INFO - [2026-06-23T23:30:11.559+0000] {dag.py:4180} INFO - Setting next_dagrun for extract_raw_data_pipeline to 2026-06-23 07:59:00+00:00, run_after=2026-06-24 07:00:00+00:00
[2026-06-23T23:30:11.573+0000] {processor.py:208} INFO - Processing /opt/airflow/dags/driven_data_pipeline.py took 0.231 seconds
[2026-06-23T23:30:41.647+0000] {processor.py:186} INFO - Started process (PID=11720) to work on /opt/airflow/dags/driven_data_pipeline.py
[2026-06-23T23:30:41.648+0000] {processor.py:914} INFO - Processing file /opt/airflow/dags/driven_data_pipeline.py for tasks to queue
[2026-06-23T23:30:41.650+0000] {logging_mixin.py:190} INFO - [2026-06-23T23:30:41.650+0000] {dagbag.py:588} INFO - Filling up the DagBag from /opt/airflow/dags/driven_data_pipeline.py
[2026-06-23T23:30:41.844+0000] {processor.py:925} INFO - DAG(s) 'extract_raw_data_pipeline' retrieved from /opt/airflow/dags/driven_data_pipeline.py
[2026-06-23T23:30:41.861+0000] {logging_mixin.py:190} INFO - [2026-06-23T23:30:41.860+0000] {dag.py:3239} INFO - Sync 1 DAGs
[2026-06-23T23:30:41.872+0000] {logging_mixin.py:190} INFO - [2026-06-23T23:30:41.872+0000] {dag.py:4180} INFO - Setting next_dagrun for extract_raw_data_pipeline to 2026-06-23 07:59:00+00:00, run_after=2026-06-24 07:00:00+00:00
[2026-06-23T23:30:41.885+0000] {processor.py:208} INFO - Processing /opt/airflow/dags/driven_data_pipeline.py took 0.241 seconds
[2026-06-23T23:31:12.190+0000] {processor.py:186} INFO - Started process (PID=11728) to work on /opt/airflow/dags/driven_data_pipeline.py
[2026-06-23T23:31:12.190+0000] {processor.py:914} INFO - Processing file /opt/airflow/dags/driven_data_pipeline.py for tasks to queue
[2026-06-23T23:31:12.192+0000] {logging_mixin.py:190} INFO - [2026-06-23T23:31:12.192+0000] {dagbag.py:588} INFO - Filling up the DagBag from /opt/airflow/dags/driven_data_pipeline.py
[2026-06-23T23:31:12.288+0000] {processor.py:925} INFO - DAG(s) 'extract_raw_data_pipeline' retrieved from /opt/airflow/dags/driven_data_pipeline.py
[2026-06-23T23:31:12.304+0000] {logging_mixin.py:190} INFO - [2026-06-23T23:31:12.303+0000] {dag.py:3239} INFO - Sync 1 DAGs
[2026-06-23T23:31:12.400+0000] {logging_mixin.py:190} INFO - [2026-06-23T23:31:12.400+0000] {dag.py:4180} INFO - Setting next_dagrun for extract_raw_data_pipeline to 2026-06-23 07:59:00+00:00, run_after=2026-06-24 07:00:00+00:00
[2026-06-23T23:31:12.411+0000] {processor.py:208} INFO - Processing /opt/airflow/dags/driven_data_pipeline.py took 0.225 seconds
[2026-06-23T23:31:42.564+0000] {processor.py:186} INFO - Started process (PID=11736) to work on /opt/airflow/dags/driven_data_pipeline.py
[2026-06-23T23:31:42.565+0000] {processor.py:914} INFO - Processing file /opt/airflow/dags/driven_data_pipeline.py for tasks to queue
[2026-06-23T23:31:42.567+0000] {logging_mixin.py:190} INFO - [2026-06-23T23:31:42.567+0000] {dagbag.py:588} INFO - Filling up the DagBag from /opt/airflow/dags/driven_data_pipeline.py
[2026-06-23T23:31:42.649+0000] {processor.py:925} INFO - DAG(s) 'extract_raw_data_pipeline' retrieved from /opt/airflow/dags/driven_data_pipeline.py
[2026-06-23T23:31:42.758+0000] {logging_mixin.py:190} INFO - [2026-06-23T23:31:42.758+0000] {dag.py:3239} INFO - Sync 1 DAGs
[2026-06-23T23:31:42.769+0000] {logging_mixin.py:190} INFO - [2026-06-23T23:31:42.769+0000] {dag.py:4180} INFO - Setting next_dagrun for extract_raw_data_pipeline to 2026-06-23 07:59:00+00:00, run_after=2026-06-24 07:00:00+00:00
[2026-06-23T23:31:42.781+0000] {processor.py:208} INFO - Processing /opt/airflow/dags/driven_data_pipeline.py took 0.220 seconds
[2026-06-23T23:32:12.952+0000] {processor.py:186} INFO - Started process (PID=11744) to work on /opt/airflow/dags/driven_data_pipeline.py
[2026-06-23T23:32:12.953+0000] {processor.py:914} INFO - Processing file /opt/airflow/dags/driven_data_pipeline.py for tasks to queue
[2026-06-23T23:32:12.954+0000] {logging_mixin.py:190} INFO - [2026-06-23T23:32:12.954+0000] {dagbag.py:588} INFO - Filling up the DagBag from /opt/airflow/dags/driven_data_pipeline.py
[2026-06-23T23:32:13.130+0000] {processor.py:925} INFO - DAG(s) 'extract_raw_data_pipeline' retrieved from /opt/airflow/dags/driven_data_pipeline.py
[2026-06-23T23:32:13.143+0000] {logging_mixin.py:190} INFO - [2026-06-23T23:32:13.142+0000] {dag.py:3239} INFO - Sync 1 DAGs
[2026-06-23T23:32:13.153+0000] {logging_mixin.py:190} INFO - [2026-06-23T23:32:13.153+0000] {dag.py:4180} INFO - Setting next_dagrun for extract_raw_data_pipeline to 2026-06-23 07:59:00+00:00, run_after=2026-06-24 07:00:00+00:00
[2026-06-23T23:32:13.164+0000] {processor.py:208} INFO - Processing /opt/airflow/dags/driven_data_pipeline.py took 0.216 seconds
[2026-06-23T23:32:43.303+0000] {processor.py:186} INFO - Started process (PID=11752) to work on /opt/airflow/dags/driven_data_pipeline.py
[2026-06-23T23:32:43.304+0000] {processor.py:914} INFO - Processing file /opt/airflow/dags/driven_data_pipeline.py for tasks to queue
[2026-06-23T23:32:43.306+0000] {logging_mixin.py:190} INFO - [2026-06-23T23:32:43.305+0000] {dagbag.py:588} INFO - Filling up the DagBag from /opt/airflow/dags/driven_data_pipeline.py
[2026-06-23T23:32:43.478+0000] {processor.py:925} INFO - DAG(s) 'extract_raw_data_pipeline' retrieved from /opt/airflow/dags/driven_data_pipeline.py
[2026-06-23T23:32:43.490+0000] {logging_mixin.py:190} INFO - [2026-06-23T23:32:43.490+0000] {dag.py:3239} INFO - Sync 1 DAGs
[2026-06-23T23:32:43.500+0000] {logging_mixin.py:190} INFO - [2026-06-23T23:32:43.500+0000] {dag.py:4180} INFO - Setting next_dagrun for extract_raw_data_pipeline to 2026-06-23 07:59:00+00:00, run_after=2026-06-24 07:00:00+00:00
[2026-06-23T23:32:43.513+0000] {processor.py:208} INFO - Processing /opt/airflow/dags/driven_data_pipeline.py took 0.213 seconds
[2026-06-23T23:33:13.872+0000] {processor.py:186} INFO - Started process (PID=11765) to work on /opt/airflow/dags/driven_data_pipeline.py
[2026-06-23T23:33:13.873+0000] {processor.py:914} INFO - Processing file /opt/airflow/dags/driven_data_pipeline.py for tasks to queue
[2026-06-23T23:33:13.875+0000] {logging_mixin.py:190} INFO - [2026-06-23T23:33:13.875+0000] {dagbag.py:588} INFO - Filling up the DagBag from /opt/airflow/dags/driven_data_pipeline.py
[2026-06-23T23:33:13.972+0000] {processor.py:925} INFO - DAG(s) 'extract_raw_data_pipeline' retrieved from /opt/airflow/dags/driven_data_pipeline.py
[2026-06-23T23:33:13.986+0000] {logging_mixin.py:190} INFO - [2026-06-23T23:33:13.985+0000] {dag.py:3239} INFO - Sync 1 DAGs
[2026-06-23T23:33:14.090+0000] {logging_mixin.py:190} INFO - [2026-06-23T23:33:14.090+0000] {dag.py:4180} INFO - Setting next_dagrun for extract_raw_data_pipeline to 2026-06-23 07:59:00+00:00, run_after=2026-06-24 07:00:00+00:00
[2026-06-23T23:33:14.103+0000] {processor.py:208} INFO - Processing /opt/airflow/dags/driven_data_pipeline.py took 0.234 seconds
[2026-06-23T23:33:44.181+0000] {processor.py:186} INFO - Started process (PID=11773) to work on /opt/airflow/dags/driven_data_pipeline.py
[2026-06-23T23:33:44.182+0000] {processor.py:914} INFO - Processing file /opt/airflow/dags/driven_data_pipeline.py for tasks to queue
[2026-06-23T23:33:44.184+0000] {logging_mixin.py:190} INFO - [2026-06-23T23:33:44.184+0000] {dagbag.py:588} INFO - Filling up the DagBag from /opt/airflow/dags/driven_data_pipeline.py
[2026-06-23T23:33:44.278+0000] {processor.py:925} INFO - DAG(s) 'extract_raw_data_pipeline' retrieved from /opt/airflow/dags/driven_data_pipeline.py
[2026-06-23T23:33:44.386+0000] {logging_mixin.py:190} INFO - [2026-06-23T23:33:44.386+0000] {dag.py:3239} INFO - Sync 1 DAGs
[2026-06-23T23:33:44.397+0000] {logging_mixin.py:190} INFO - [2026-06-23T23:33:44.397+0000] {dag.py:4180} INFO - Setting next_dagrun for extract_raw_data_pipeline to 2026-06-23 07:59:00+00:00, run_after=2026-06-24 07:00:00+00:00
[2026-06-23T23:33:44.410+0000] {processor.py:208} INFO - Processing /opt/airflow/dags/driven_data_pipeline.py took 0.233 seconds
[2026-06-23T23:34:14.508+0000] {processor.py:186} INFO - Started process (PID=11781) to work on /opt/airflow/dags/driven_data_pipeline.py
[2026-06-23T23:34:14.509+0000] {processor.py:914} INFO - Processing file /opt/airflow/dags/driven_data_pipeline.py for tasks to queue
[2026-06-23T23:34:14.511+0000] {logging_mixin.py:190} INFO - [2026-06-23T23:34:14.511+0000] {dagbag.py:588} INFO - Filling up the DagBag from /opt/airflow/dags/driven_data_pipeline.py
[2026-06-23T23:34:14.838+0000] {processor.py:925} INFO - DAG(s) 'extract_raw_data_pipeline' retrieved from /opt/airflow/dags/driven_data_pipeline.py
[2026-06-23T23:34:14.851+0000] {logging_mixin.py:190} INFO - [2026-06-23T23:34:14.851+0000] {dag.py:3239} INFO - Sync 1 DAGs
[2026-06-23T23:34:14.861+0000] {logging_mixin.py:190} INFO - [2026-06-23T23:34:14.861+0000] {dag.py:4180} INFO - Setting next_dagrun for extract_raw_data_pipeline to 2026-06-23 07:59:00+00:00, run_after=2026-06-24 07:00:00+00:00
[2026-06-23T23:34:14.873+0000] {processor.py:208} INFO - Processing /opt/airflow/dags/driven_data_pipeline.py took 0.368 seconds
[2026-06-23T23:34:45.125+0000] {processor.py:186} INFO - Started process (PID=11789) to work on /opt/airflow/dags/driven_data_pipeline.py
[2026-06-23T23:34:45.126+0000] {processor.py:914} INFO - Processing file /opt/airflow/dags/driven_data_pipeline.py for tasks to queue
[2026-06-23T23:34:45.128+0000] {logging_mixin.py:190} INFO - [2026-06-23T23:34:45.127+0000] {dagbag.py:588} INFO - Filling up the DagBag from /opt/airflow/dags/driven_data_pipeline.py
[2026-06-23T23:34:45.287+0000] {processor.py:925} INFO - DAG(s) 'extract_raw_data_pipeline' retrieved from /opt/airflow/dags/driven_data_pipeline.py
[2026-06-23T23:34:45.298+0000] {logging_mixin.py:190} INFO - [2026-06-23T23:34:45.298+0000] {dag.py:3239} INFO - Sync 1 DAGs
[2026-06-23T23:34:45.308+0000] {logging_mixin.py:190} INFO - [2026-06-23T23:34:45.308+0000] {dag.py:4180} INFO - Setting next_dagrun for extract_raw_data_pipeline to 2026-06-23 07:59:00+00:00, run_after=2026-06-24 07:00:00+00:00
[2026-06-23T23:34:45.319+0000] {processor.py:208} INFO - Processing /opt/airflow/dags/driven_data_pipeline.py took 0.197 seconds
[2026-06-23T23:35:15.430+0000] {processor.py:186} INFO - Started process (PID=11797) to work on /opt/airflow/dags/driven_data_pipeline.py
[2026-06-23T23:35:15.431+0000] {processor.py:914} INFO - Processing file /opt/airflow/dags/driven_data_pipeline.py for tasks to queue
[2026-06-23T23:35:15.433+0000] {logging_mixin.py:190} INFO - [2026-06-23T23:35:15.433+0000] {dagbag.py:588} INFO - Filling up the DagBag from /opt/airflow/dags/driven_data_pipeline.py
[2026-06-23T23:35:15.530+0000] {processor.py:925} INFO - DAG(s) 'extract_raw_data_pipeline' retrieved from /opt/airflow/dags/driven_data_pipeline.py
[2026-06-23T23:35:15.545+0000] {logging_mixin.py:190} INFO - [2026-06-23T23:35:15.545+0000] {dag.py:3239} INFO - Sync 1 DAGs
[2026-06-23T23:35:15.646+0000] {logging_mixin.py:190} INFO - [2026-06-23T23:35:15.645+0000] {dag.py:4180} INFO - Setting next_dagrun for extract_raw_data_pipeline to 2026-06-23 07:59:00+00:00, run_after=2026-06-24 07:00:00+00:00
[2026-06-23T23:35:15.658+0000] {processor.py:208} INFO - Processing /opt/airflow/dags/driven_data_pipeline.py took 0.232 seconds
[2026-06-23T23:35:45.881+0000] {processor.py:186} INFO - Started process (PID=11805) to work on /opt/airflow/dags/driven_data_pipeline.py
[2026-06-23T23:35:45.882+0000] {processor.py:914} INFO - Processing file /opt/airflow/dags/driven_data_pipeline.py for tasks to queue
[2026-06-23T23:35:45.884+0000] {logging_mixin.py:190} INFO - [2026-06-23T23:35:45.883+0000] {dagbag.py:588} INFO - Filling up the DagBag from /opt/airflow/dags/driven_data_pipeline.py
[2026-06-23T23:35:45.977+0000] {processor.py:925} INFO - DAG(s) 'extract_raw_data_pipeline' retrieved from /opt/airflow/dags/driven_data_pipeline.py
[2026-06-23T23:35:46.090+0000] {logging_mixin.py:190} INFO - [2026-06-23T23:35:46.090+0000] {dag.py:3239} INFO - Sync 1 DAGs
[2026-06-23T23:35:46.102+0000] {logging_mixin.py:190} INFO - [2026-06-23T23:35:46.102+0000] {dag.py:4180} INFO - Setting next_dagrun for extract_raw_data_pipeline to 2026-06-23 07:59:00+00:00, run_after=2026-06-24 07:00:00+00:00
[2026-06-23T23:35:46.114+0000] {processor.py:208} INFO - Processing /opt/airflow/dags/driven_data_pipeline.py took 0.236 seconds
[2026-06-23T23:36:16.194+0000] {processor.py:186} INFO - Started process (PID=11813) to work on /opt/airflow/dags/driven_data_pipeline.py
[2026-06-23T23:36:16.195+0000] {processor.py:914} INFO - Processing file /opt/airflow/dags/driven_data_pipeline.py for tasks to queue
[2026-06-23T23:36:16.196+0000] {logging_mixin.py:190} INFO - [2026-06-23T23:36:16.196+0000] {dagbag.py:588} INFO - Filling up the DagBag from /opt/airflow/dags/driven_data_pipeline.py
[2026-06-23T23:36:16.385+0000] {processor.py:925} INFO - DAG(s) 'extract_raw_data_pipeline' retrieved from /opt/airflow/dags/driven_data_pipeline.py
[2026-06-23T23:36:16.398+0000] {logging_mixin.py:190} INFO - [2026-06-23T23:36:16.398+0000] {dag.py:3239} INFO - Sync 1 DAGs
[2026-06-23T23:36:16.408+0000] {logging_mixin.py:190} INFO - [2026-06-23T23:36:16.408+0000] {dag.py:4180} INFO - Setting next_dagrun for extract_raw_data_pipeline to 2026-06-23 07:59:00+00:00, run_after=2026-06-24 07:00:00+00:00
[2026-06-23T23:36:16.423+0000] {processor.py:208} INFO - Processing /opt/airflow/dags/driven_data_pipeline.py took 0.232 seconds
[2026-06-23T23:36:46.709+0000] {processor.py:186} INFO - Started process (PID=11821) to work on /opt/airflow/dags/driven_data_pipeline.py
[2026-06-23T23:36:46.710+0000] {processor.py:914} INFO - Processing file /opt/airflow/dags/driven_data_pipeline.py for tasks to queue
[2026-06-23T23:36:46.711+0000] {logging_mixin.py:190} INFO - [2026-06-23T23:36:46.711+0000] {dagbag.py:588} INFO - Filling up the DagBag from /opt/airflow/dags/driven_data_pipeline.py
[2026-06-23T23:36:46.894+0000] {processor.py:925} INFO - DAG(s) 'extract_raw_data_pipeline' retrieved from /opt/airflow/dags/driven_data_pipeline.py
[2026-06-23T23:36:46.907+0000] {logging_mixin.py:190} INFO - [2026-06-23T23:36:46.907+0000] {dag.py:3239} INFO - Sync 1 DAGs
[2026-06-23T23:36:46.918+0000] {logging_mixin.py:190} INFO - [2026-06-23T23:36:46.918+0000] {dag.py:4180} INFO - Setting next_dagrun for extract_raw_data_pipeline to 2026-06-23 07:59:00+00:00, run_after=2026-06-24 07:00:00+00:00
[2026-06-23T23:36:46.930+0000] {processor.py:208} INFO - Processing /opt/airflow/dags/driven_data_pipeline.py took 0.224 seconds
[2026-06-23T23:37:17.004+0000] {processor.py:186} INFO - Started process (PID=11829) to work on /opt/airflow/dags/driven_data_pipeline.py
[2026-06-23T23:37:17.006+0000] {processor.py:914} INFO - Processing file /opt/airflow/dags/driven_data_pipeline.py for tasks to queue
[2026-06-23T23:37:17.008+0000] {logging_mixin.py:190} INFO - [2026-06-23T23:37:17.008+0000] {dagbag.py:588} INFO - Filling up the DagBag from /opt/airflow/dags/driven_data_pipeline.py
[2026-06-23T23:37:17.113+0000] {processor.py:925} INFO - DAG(s) 'extract_raw_data_pipeline' retrieved from /opt/airflow/dags/driven_data_pipeline.py
[2026-06-23T23:37:17.129+0000] {logging_mixin.py:190} INFO - [2026-06-23T23:37:17.129+0000] {dag.py:3239} INFO - Sync 1 DAGs
[2026-06-23T23:37:17.246+0000] {logging_mixin.py:190} INFO - [2026-06-23T23:37:17.246+0000] {dag.py:4180} INFO - Setting next_dagrun for extract_raw_data_pipeline to 2026-06-23 07:59:00+00:00, run_after=2026-06-24 07:00:00+00:00
[2026-06-23T23:37:17.259+0000] {processor.py:208} INFO - Processing /opt/airflow/dags/driven_data_pipeline.py took 0.259 seconds
[2026-06-23T23:37:47.560+0000] {processor.py:186} INFO - Started process (PID=11837) to work on /opt/airflow/dags/driven_data_pipeline.py
[2026-06-23T23:37:47.561+0000] {processor.py:914} INFO - Processing file /opt/airflow/dags/driven_data_pipeline.py for tasks to queue
[2026-06-23T23:37:47.562+0000] {logging_mixin.py:190} INFO - [2026-06-23T23:37:47.562+0000] {dagbag.py:588} INFO - Filling up the DagBag from /opt/airflow/dags/driven_data_pipeline.py
[2026-06-23T23:37:47.661+0000] {processor.py:925} INFO - DAG(s) 'extract_raw_data_pipeline' retrieved from /opt/airflow/dags/driven_data_pipeline.py
[2026-06-23T23:37:47.771+0000] {logging_mixin.py:190} INFO - [2026-06-23T23:37:47.771+0000] {dag.py:3239} INFO - Sync 1 DAGs
[2026-06-23T23:37:47.783+0000] {logging_mixin.py:190} INFO - [2026-06-23T23:37:47.783+0000] {dag.py:4180} INFO - Setting next_dagrun for extract_raw_data_pipeline to 2026-06-23 07:59:00+00:00, run_after=2026-06-24 07:00:00+00:00
[2026-06-23T23:37:47.796+0000] {processor.py:208} INFO - Processing /opt/airflow/dags/driven_data_pipeline.py took 0.240 seconds
[2026-06-23T23:38:18.199+0000] {processor.py:186} INFO - Started process (PID=11845) to work on /opt/airflow/dags/driven_data_pipeline.py
[2026-06-23T23:38:18.200+0000] {processor.py:914} INFO - Processing file /opt/airflow/dags/driven_data_pipeline.py for tasks to queue
[2026-06-23T23:38:18.202+0000] {logging_mixin.py:190} INFO - [2026-06-23T23:38:18.202+0000] {dagbag.py:588} INFO - Filling up the DagBag from /opt/airflow/dags/driven_data_pipeline.py
[2026-06-23T23:38:18.374+0000] {processor.py:925} INFO - DAG(s) 'extract_raw_data_pipeline' retrieved from /opt/airflow/dags/driven_data_pipeline.py
[2026-06-23T23:38:18.387+0000] {logging_mixin.py:190} INFO - [2026-06-23T23:38:18.387+0000] {dag.py:3239} INFO - Sync 1 DAGs
[2026-06-23T23:38:18.398+0000] {logging_mixin.py:190} INFO - [2026-06-23T23:38:18.398+0000] {dag.py:4180} INFO - Setting next_dagrun for extract_raw_data_pipeline to 2026-06-23 07:59:00+00:00, run_after=2026-06-24 07:00:00+00:00
[2026-06-23T23:38:18.413+0000] {processor.py:208} INFO - Processing /opt/airflow/dags/driven_data_pipeline.py took 0.217 seconds
[2026-06-23T23:38:48.584+0000] {processor.py:186} INFO - Started process (PID=11853) to work on /opt/airflow/dags/driven_data_pipeline.py
[2026-06-23T23:38:48.585+0000] {processor.py:914} INFO - Processing file /opt/airflow/dags/driven_data_pipeline.py for tasks to queue
[2026-06-23T23:38:48.587+0000] {logging_mixin.py:190} INFO - [2026-06-23T23:38:48.587+0000] {dagbag.py:588} INFO - Filling up the DagBag from /opt/airflow/dags/driven_data_pipeline.py
[2026-06-23T23:38:48.771+0000] {processor.py:925} INFO - DAG(s) 'extract_raw_data_pipeline' retrieved from /opt/airflow/dags/driven_data_pipeline.py
[2026-06-23T23:38:48.784+0000] {logging_mixin.py:190} INFO - [2026-06-23T23:38:48.784+0000] {dag.py:3239} INFO - Sync 1 DAGs
[2026-06-23T23:38:48.796+0000] {logging_mixin.py:190} INFO - [2026-06-23T23:38:48.796+0000] {dag.py:4180} INFO - Setting next_dagrun for extract_raw_data_pipeline to 2026-06-23 07:59:00+00:00, run_after=2026-06-24 07:00:00+00:00
[2026-06-23T23:38:48.810+0000] {processor.py:208} INFO - Processing /opt/airflow/dags/driven_data_pipeline.py took 0.229 seconds
[2026-06-23T23:39:19.039+0000] {processor.py:186} INFO - Started process (PID=11861) to work on /opt/airflow/dags/driven_data_pipeline.py
[2026-06-23T23:39:19.040+0000] {processor.py:914} INFO - Processing file /opt/airflow/dags/driven_data_pipeline.py for tasks to queue
[2026-06-23T23:39:19.043+0000] {logging_mixin.py:190} INFO - [2026-06-23T23:39:19.043+0000] {dagbag.py:588} INFO - Filling up the DagBag from /opt/airflow/dags/driven_data_pipeline.py
[2026-06-23T23:39:19.137+0000] {processor.py:925} INFO - DAG(s) 'extract_raw_data_pipeline' retrieved from /opt/airflow/dags/driven_data_pipeline.py
[2026-06-23T23:39:19.155+0000] {logging_mixin.py:190} INFO - [2026-06-23T23:39:19.155+0000] {dag.py:3239} INFO - Sync 1 DAGs
[2026-06-23T23:39:19.279+0000] {logging_mixin.py:190} INFO - [2026-06-23T23:39:19.279+0000] {dag.py:4180} INFO - Setting next_dagrun for extract_raw_data_pipeline to 2026-06-23 07:59:00+00:00, run_after=2026-06-24 07:00:00+00:00
[2026-06-23T23:39:19.290+0000] {processor.py:208} INFO - Processing /opt/airflow/dags/driven_data_pipeline.py took 0.255 seconds
[2026-06-23T23:39:49.388+0000] {processor.py:186} INFO - Started process (PID=11869) to work on /opt/airflow/dags/driven_data_pipeline.py
[2026-06-23T23:39:49.388+0000] {processor.py:914} INFO - Processing file /opt/airflow/dags/driven_data_pipeline.py for tasks to queue
[2026-06-23T23:39:49.390+0000] {logging_mixin.py:190} INFO - [2026-06-23T23:39:49.390+0000] {dagbag.py:588} INFO - Filling up the DagBag from /opt/airflow/dags/driven_data_pipeline.py
[2026-06-23T23:39:49.471+0000] {processor.py:925} INFO - DAG(s) 'extract_raw_data_pipeline' retrieved from /opt/airflow/dags/driven_data_pipeline.py
[2026-06-23T23:39:49.580+0000] {logging_mixin.py:190} INFO - [2026-06-23T23:39:49.580+0000] {dag.py:3239} INFO - Sync 1 DAGs
[2026-06-23T23:39:49.591+0000] {logging_mixin.py:190} INFO - [2026-06-23T23:39:49.591+0000] {dag.py:4180} INFO - Setting next_dagrun for extract_raw_data_pipeline to 2026-06-23 07:59:00+00:00, run_after=2026-06-24 07:00:00+00:00
[2026-06-23T23:39:49.607+0000] {processor.py:208} INFO - Processing /opt/airflow/dags/driven_data_pipeline.py took 0.223 seconds
[2026-06-23T23:40:19.880+0000] {processor.py:186} INFO - Started process (PID=11877) to work on /opt/airflow/dags/driven_data_pipeline.py
[2026-06-23T23:40:19.881+0000] {processor.py:914} INFO - Processing file /opt/airflow/dags/driven_data_pipeline.py for tasks to queue
[2026-06-23T23:40:19.883+0000] {logging_mixin.py:190} INFO - [2026-06-23T23:40:19.882+0000] {dagbag.py:588} INFO - Filling up the DagBag from /opt/airflow/dags/driven_data_pipeline.py
[2026-06-23T23:40:20.099+0000] {processor.py:925} INFO - DAG(s) 'extract_raw_data_pipeline' retrieved from /opt/airflow/dags/driven_data_pipeline.py
[2026-06-23T23:40:20.113+0000] {logging_mixin.py:190} INFO - [2026-06-23T23:40:20.113+0000] {dag.py:3239} INFO - Sync 1 DAGs
[2026-06-23T23:40:20.126+0000] {logging_mixin.py:190} INFO - [2026-06-23T23:40:20.126+0000] {dag.py:4180} INFO - Setting next_dagrun for extract_raw_data_pipeline to 2026-06-23 07:59:00+00:00, run_after=2026-06-24 07:00:00+00:00
[2026-06-23T23:40:20.139+0000] {processor.py:208} INFO - Processing /opt/airflow/dags/driven_data_pipeline.py took 0.263 seconds
[2026-06-23T23:40:50.178+0000] {processor.py:186} INFO - Started process (PID=11885) to work on /opt/airflow/dags/driven_data_pipeline.py
[2026-06-23T23:40:50.179+0000] {processor.py:914} INFO - Processing file /opt/airflow/dags/driven_data_pipeline.py for tasks to queue
[2026-06-23T23:40:50.180+0000] {logging_mixin.py:190} INFO - [2026-06-23T23:40:50.180+0000] {dagbag.py:588} INFO - Filling up the DagBag from /opt/airflow/dags/driven_data_pipeline.py
[2026-06-23T23:40:50.353+0000] {processor.py:925} INFO - DAG(s) 'extract_raw_data_pipeline' retrieved from /opt/airflow/dags/driven_data_pipeline.py
[2026-06-23T23:40:50.365+0000] {logging_mixin.py:190} INFO - [2026-06-23T23:40:50.365+0000] {dag.py:3239} INFO - Sync 1 DAGs
[2026-06-23T23:40:50.375+0000] {logging_mixin.py:190} INFO - [2026-06-23T23:40:50.375+0000] {dag.py:4180} INFO - Setting next_dagrun for extract_raw_data_pipeline to 2026-06-23 07:59:00+00:00, run_after=2026-06-24 07:00:00+00:00
[2026-06-23T23:40:50.387+0000] {processor.py:208} INFO - Processing /opt/airflow/dags/driven_data_pipeline.py took 0.213 seconds
[2026-06-23T23:41:20.497+0000] {processor.py:186} INFO - Started process (PID=11893) to work on /opt/airflow/dags/driven_data_pipeline.py
[2026-06-23T23:41:20.498+0000] {processor.py:914} INFO - Processing file /opt/airflow/dags/driven_data_pipeline.py for tasks to queue
[2026-06-23T23:41:20.500+0000] {logging_mixin.py:190} INFO - [2026-06-23T23:41:20.499+0000] {dagbag.py:588} INFO - Filling up the DagBag from /opt/airflow/dags/driven_data_pipeline.py
[2026-06-23T23:41:20.685+0000] {processor.py:925} INFO - DAG(s) 'extract_raw_data_pipeline' retrieved from /opt/airflow/dags/driven_data_pipeline.py
[2026-06-23T23:41:20.697+0000] {logging_mixin.py:190} INFO - [2026-06-23T23:41:20.697+0000] {dag.py:3239} INFO - Sync 1 DAGs
[2026-06-23T23:41:20.707+0000] {logging_mixin.py:190} INFO - [2026-06-23T23:41:20.707+0000] {dag.py:4180} INFO - Setting next_dagrun for extract_raw_data_pipeline to 2026-06-23 07:59:00+00:00, run_after=2026-06-24 07:00:00+00:00
[2026-06-23T23:41:20.721+0000] {processor.py:208} INFO - Processing /opt/airflow/dags/driven_data_pipeline.py took 0.227 seconds
[2026-06-23T23:41:50.971+0000] {processor.py:186} INFO - Started process (PID=11901) to work on /opt/airflow/dags/driven_data_pipeline.py
[2026-06-23T23:41:50.972+0000] {processor.py:914} INFO - Processing file /opt/airflow/dags/driven_data_pipeline.py for tasks to queue
[2026-06-23T23:41:50.973+0000] {logging_mixin.py:190} INFO - [2026-06-23T23:41:50.973+0000] {dagbag.py:588} INFO - Filling up the DagBag from /opt/airflow/dags/driven_data_pipeline.py
[2026-06-23T23:41:51.054+0000] {processor.py:925} INFO - DAG(s) 'extract_raw_data_pipeline' retrieved from /opt/airflow/dags/driven_data_pipeline.py
[2026-06-23T23:41:51.146+0000] {logging_mixin.py:190} INFO - [2026-06-23T23:41:51.145+0000] {dag.py:3239} INFO - Sync 1 DAGs
[2026-06-23T23:41:51.156+0000] {logging_mixin.py:190} INFO - [2026-06-23T23:41:51.156+0000] {dag.py:4180} INFO - Setting next_dagrun for extract_raw_data_pipeline to 2026-06-23 07:59:00+00:00, run_after=2026-06-24 07:00:00+00:00
[2026-06-23T23:41:51.177+0000] {processor.py:208} INFO - Processing /opt/airflow/dags/driven_data_pipeline.py took 0.209 seconds
[2026-06-23T23:42:21.239+0000] {processor.py:186} INFO - Started process (PID=11909) to work on /opt/airflow/dags/driven_data_pipeline.py
[2026-06-23T23:42:21.240+0000] {processor.py:914} INFO - Processing file /opt/airflow/dags/driven_data_pipeline.py for tasks to queue
[2026-06-23T23:42:21.242+0000] {logging_mixin.py:190} INFO - [2026-06-23T23:42:21.241+0000] {dagbag.py:588} INFO - Filling up the DagBag from /opt/airflow/dags/driven_data_pipeline.py
[2026-06-23T23:42:21.408+0000] {processor.py:925} INFO - DAG(s) 'extract_raw_data_pipeline' retrieved from /opt/airflow/dags/driven_data_pipeline.py
[2026-06-23T23:42:21.420+0000] {logging_mixin.py:190} INFO - [2026-06-23T23:42:21.420+0000] {dag.py:3239} INFO - Sync 1 DAGs
[2026-06-23T23:42:21.429+0000] {logging_mixin.py:190} INFO - [2026-06-23T23:42:21.429+0000] {dag.py:4180} INFO - Setting next_dagrun for extract_raw_data_pipeline to 2026-06-23 07:59:00+00:00, run_after=2026-06-24 07:00:00+00:00
[2026-06-23T23:42:21.441+0000] {processor.py:208} INFO - Processing /opt/airflow/dags/driven_data_pipeline.py took 0.205 seconds
[2026-06-23T23:42:51.814+0000] {processor.py:186} INFO - Started process (PID=11917) to work on /opt/airflow/dags/driven_data_pipeline.py
[2026-06-23T23:42:51.815+0000] {processor.py:914} INFO - Processing file /opt/airflow/dags/driven_data_pipeline.py for tasks to queue
[2026-06-23T23:42:51.817+0000] {logging_mixin.py:190} INFO - [2026-06-23T23:42:51.816+0000] {dagbag.py:588} INFO - Filling up the DagBag from /opt/airflow/dags/driven_data_pipeline.py
[2026-06-23T23:42:52.016+0000] {processor.py:925} INFO - DAG(s) 'extract_raw_data_pipeline' retrieved from /opt/airflow/dags/driven_data_pipeline.py
[2026-06-23T23:42:52.034+0000] {logging_mixin.py:190} INFO - [2026-06-23T23:42:52.034+0000] {dag.py:3239} INFO - Sync 1 DAGs
[2026-06-23T23:42:52.048+0000] {logging_mixin.py:190} INFO - [2026-06-23T23:42:52.048+0000] {dag.py:4180} INFO - Setting next_dagrun for extract_raw_data_pipeline to 2026-06-23 07:59:00+00:00, run_after=2026-06-24 07:00:00+00:00
[2026-06-23T23:42:52.065+0000] {processor.py:208} INFO - Processing /opt/airflow/dags/driven_data_pipeline.py took 0.255 seconds
[2026-06-23T23:43:22.112+0000] {processor.py:186} INFO - Started process (PID=11925) to work on /opt/airflow/dags/driven_data_pipeline.py
[2026-06-23T23:43:22.113+0000] {processor.py:914} INFO - Processing file /opt/airflow/dags/driven_data_pipeline.py for tasks to queue
[2026-06-23T23:43:22.115+0000] {logging_mixin.py:190} INFO - [2026-06-23T23:43:22.115+0000] {dagbag.py:588} INFO - Filling up the DagBag from /opt/airflow/dags/driven_data_pipeline.py
[2026-06-23T23:43:22.293+0000] {processor.py:925} INFO - DAG(s) 'extract_raw_data_pipeline' retrieved from /opt/airflow/dags/driven_data_pipeline.py
[2026-06-23T23:43:22.305+0000] {logging_mixin.py:190} INFO - [2026-06-23T23:43:22.305+0000] {dag.py:3239} INFO - Sync 1 DAGs
[2026-06-23T23:43:22.316+0000] {logging_mixin.py:190} INFO - [2026-06-23T23:43:22.316+0000] {dag.py:4180} INFO - Setting next_dagrun for extract_raw_data_pipeline to 2026-06-23 07:59:00+00:00, run_after=2026-06-24 07:00:00+00:00
[2026-06-23T23:43:22.328+0000] {processor.py:208} INFO - Processing /opt/airflow/dags/driven_data_pipeline.py took 0.220 seconds
[2026-06-23T23:43:52.456+0000] {processor.py:186} INFO - Started process (PID=11933) to work on /opt/airflow/dags/driven_data_pipeline.py
[2026-06-23T23:43:52.456+0000] {processor.py:914} INFO - Processing file /opt/airflow/dags/driven_data_pipeline.py for tasks to queue
[2026-06-23T23:43:52.458+0000] {logging_mixin.py:190} INFO - [2026-06-23T23:43:52.458+0000] {dagbag.py:588} INFO - Filling up the DagBag from /opt/airflow/dags/driven_data_pipeline.py
[2026-06-23T23:43:52.537+0000] {processor.py:925} INFO - DAG(s) 'extract_raw_data_pipeline' retrieved from /opt/airflow/dags/driven_data_pipeline.py
[2026-06-23T23:43:52.640+0000] {logging_mixin.py:190} INFO - [2026-06-23T23:43:52.640+0000] {dag.py:3239} INFO - Sync 1 DAGs
[2026-06-23T23:43:52.651+0000] {logging_mixin.py:190} INFO - [2026-06-23T23:43:52.651+0000] {dag.py:4180} INFO - Setting next_dagrun for extract_raw_data_pipeline to 2026-06-23 07:59:00+00:00, run_after=2026-06-24 07:00:00+00:00
[2026-06-23T23:43:52.666+0000] {processor.py:208} INFO - Processing /opt/airflow/dags/driven_data_pipeline.py took 0.214 seconds
[2026-06-23T23:44:23.078+0000] {processor.py:186} INFO - Started process (PID=11941) to work on /opt/airflow/dags/driven_data_pipeline.py
[2026-06-23T23:44:23.079+0000] {processor.py:914} INFO - Processing file /opt/airflow/dags/driven_data_pipeline.py for tasks to queue
[2026-06-23T23:44:23.082+0000] {logging_mixin.py:190} INFO - [2026-06-23T23:44:23.081+0000] {dagbag.py:588} INFO - Filling up the DagBag from /opt/airflow/dags/driven_data_pipeline.py
[2026-06-23T23:44:23.259+0000] {processor.py:925} INFO - DAG(s) 'extract_raw_data_pipeline' retrieved from /opt/airflow/dags/driven_data_pipeline.py
[2026-06-23T23:44:23.271+0000] {logging_mixin.py:190} INFO - [2026-06-23T23:44:23.271+0000] {dag.py:3239} INFO - Sync 1 DAGs
[2026-06-23T23:44:23.282+0000] {logging_mixin.py:190} INFO - [2026-06-23T23:44:23.282+0000] {dag.py:4180} INFO - Setting next_dagrun for extract_raw_data_pipeline to 2026-06-23 07:59:00+00:00, run_after=2026-06-24 07:00:00+00:00
[2026-06-23T23:44:23.294+0000] {processor.py:208} INFO - Processing /opt/airflow/dags/driven_data_pipeline.py took 0.223 seconds
[2026-06-23T23:44:53.347+0000] {processor.py:186} INFO - Started process (PID=11949) to work on /opt/airflow/dags/driven_data_pipeline.py
[2026-06-23T23:44:53.347+0000] {processor.py:914} INFO - Processing file /opt/airflow/dags/driven_data_pipeline.py for tasks to queue
[2026-06-23T23:44:53.349+0000] {logging_mixin.py:190} INFO - [2026-06-23T23:44:53.349+0000] {dagbag.py:588} INFO - Filling up the DagBag from /opt/airflow/dags/driven_data_pipeline.py
[2026-06-23T23:44:53.531+0000] {processor.py:925} INFO - DAG(s) 'extract_raw_data_pipeline' retrieved from /opt/airflow/dags/driven_data_pipeline.py
[2026-06-23T23:44:53.544+0000] {logging_mixin.py:190} INFO - [2026-06-23T23:44:53.544+0000] {dag.py:3239} INFO - Sync 1 DAGs
[2026-06-23T23:44:53.555+0000] {logging_mixin.py:190} INFO - [2026-06-23T23:44:53.555+0000] {dag.py:4180} INFO - Setting next_dagrun for extract_raw_data_pipeline to 2026-06-23 07:59:00+00:00, run_after=2026-06-24 07:00:00+00:00
[2026-06-23T23:44:53.568+0000] {processor.py:208} INFO - Processing /opt/airflow/dags/driven_data_pipeline.py took 0.225 seconds
[2026-06-23T23:45:23.648+0000] {processor.py:186} INFO - Started process (PID=11957) to work on /opt/airflow/dags/driven_data_pipeline.py
[2026-06-23T23:45:23.649+0000] {processor.py:914} INFO - Processing file /opt/airflow/dags/driven_data_pipeline.py for tasks to queue
[2026-06-23T23:45:23.650+0000] {logging_mixin.py:190} INFO - [2026-06-23T23:45:23.650+0000] {dagbag.py:588} INFO - Filling up the DagBag from /opt/airflow/dags/driven_data_pipeline.py
[2026-06-23T23:45:23.834+0000] {processor.py:925} INFO - DAG(s) 'extract_raw_data_pipeline' retrieved from /opt/airflow/dags/driven_data_pipeline.py
[2026-06-23T23:45:23.846+0000] {logging_mixin.py:190} INFO - [2026-06-23T23:45:23.846+0000] {dag.py:3239} INFO - Sync 1 DAGs
[2026-06-23T23:45:23.858+0000] {logging_mixin.py:190} INFO - [2026-06-23T23:45:23.858+0000] {dag.py:4180} INFO - Setting next_dagrun for extract_raw_data_pipeline to 2026-06-23 07:59:00+00:00, run_after=2026-06-24 07:00:00+00:00
[2026-06-23T23:45:23.873+0000] {processor.py:208} INFO - Processing /opt/airflow/dags/driven_data_pipeline.py took 0.228 seconds
[2026-06-23T23:45:54.116+0000] {processor.py:186} INFO - Started process (PID=11965) to work on /opt/airflow/dags/driven_data_pipeline.py
[2026-06-23T23:45:54.117+0000] {processor.py:914} INFO - Processing file /opt/airflow/dags/driven_data_pipeline.py for tasks to queue
[2026-06-23T23:45:54.118+0000] {logging_mixin.py:190} INFO - [2026-06-23T23:45:54.118+0000] {dagbag.py:588} INFO - Filling up the DagBag from /opt/airflow/dags/driven_data_pipeline.py
[2026-06-23T23:45:54.201+0000] {processor.py:925} INFO - DAG(s) 'extract_raw_data_pipeline' retrieved from /opt/airflow/dags/driven_data_pipeline.py
[2026-06-23T23:45:54.313+0000] {logging_mixin.py:190} INFO - [2026-06-23T23:45:54.313+0000] {dag.py:3239} INFO - Sync 1 DAGs
[2026-06-23T23:45:54.327+0000] {logging_mixin.py:190} INFO - [2026-06-23T23:45:54.326+0000] {dag.py:4180} INFO - Setting next_dagrun for extract_raw_data_pipeline to 2026-06-23 07:59:00+00:00, run_after=2026-06-24 07:00:00+00:00
[2026-06-23T23:45:54.339+0000] {processor.py:208} INFO - Processing /opt/airflow/dags/driven_data_pipeline.py took 0.227 seconds
[2026-06-23T23:46:24.515+0000] {processor.py:186} INFO - Started process (PID=11973) to work on /opt/airflow/dags/driven_data_pipeline.py
[2026-06-23T23:46:24.516+0000] {processor.py:914} INFO - Processing file /opt/airflow/dags/driven_data_pipeline.py for tasks to queue
[2026-06-23T23:46:24.518+0000] {logging_mixin.py:190} INFO - [2026-06-23T23:46:24.518+0000] {dagbag.py:588} INFO - Filling up the DagBag from /opt/airflow/dags/driven_data_pipeline.py
[2026-06-23T23:46:24.718+0000] {processor.py:925} INFO - DAG(s) 'extract_raw_data_pipeline' retrieved from /opt/airflow/dags/driven_data_pipeline.py
[2026-06-23T23:46:24.732+0000] {logging_mixin.py:190} INFO - [2026-06-23T23:46:24.731+0000] {dag.py:3239} INFO - Sync 1 DAGs
[2026-06-23T23:46:24.743+0000] {logging_mixin.py:190} INFO - [2026-06-23T23:46:24.743+0000] {dag.py:4180} INFO - Setting next_dagrun for extract_raw_data_pipeline to 2026-06-23 07:59:00+00:00, run_after=2026-06-24 07:00:00+00:00
[2026-06-23T23:46:24.757+0000] {processor.py:208} INFO - Processing /opt/airflow/dags/driven_data_pipeline.py took 0.245 seconds
[2026-06-23T23:46:55.002+0000] {processor.py:186} INFO - Started process (PID=11981) to work on /opt/airflow/dags/driven_data_pipeline.py
[2026-06-23T23:46:55.003+0000] {processor.py:914} INFO - Processing file /opt/airflow/dags/driven_data_pipeline.py for tasks to queue
[2026-06-23T23:46:55.005+0000] {logging_mixin.py:190} INFO - [2026-06-23T23:46:55.005+0000] {dagbag.py:588} INFO - Filling up the DagBag from /opt/airflow/dags/driven_data_pipeline.py
[2026-06-23T23:46:55.185+0000] {processor.py:925} INFO - DAG(s) 'extract_raw_data_pipeline' retrieved from /opt/airflow/dags/driven_data_pipeline.py
[2026-06-23T23:46:55.197+0000] {logging_mixin.py:190} INFO - [2026-06-23T23:46:55.197+0000] {dag.py:3239} INFO - Sync 1 DAGs
[2026-06-23T23:46:55.208+0000] {logging_mixin.py:190} INFO - [2026-06-23T23:46:55.208+0000] {dag.py:4180} INFO - Setting next_dagrun for extract_raw_data_pipeline to 2026-06-23 07:59:00+00:00, run_after=2026-06-24 07:00:00+00:00
[2026-06-23T23:46:55.222+0000] {processor.py:208} INFO - Processing /opt/airflow/dags/driven_data_pipeline.py took 0.223 seconds
[2026-06-23T23:47:25.368+0000] {processor.py:186} INFO - Started process (PID=11989) to work on /opt/airflow/dags/driven_data_pipeline.py
[2026-06-23T23:47:25.369+0000] {processor.py:914} INFO - Processing file /opt/airflow/dags/driven_data_pipeline.py for tasks to queue
[2026-06-23T23:47:25.370+0000] {logging_mixin.py:190} INFO - [2026-06-23T23:47:25.370+0000] {dagbag.py:588} INFO - Filling up the DagBag from /opt/airflow/dags/driven_data_pipeline.py
[2026-06-23T23:47:25.549+0000] {processor.py:925} INFO - DAG(s) 'extract_raw_data_pipeline' retrieved from /opt/airflow/dags/driven_data_pipeline.py
[2026-06-23T23:47:25.563+0000] {logging_mixin.py:190} INFO - [2026-06-23T23:47:25.562+0000] {dag.py:3239} INFO - Sync 1 DAGs
[2026-06-23T23:47:25.574+0000] {logging_mixin.py:190} INFO - [2026-06-23T23:47:25.574+0000] {dag.py:4180} INFO - Setting next_dagrun for extract_raw_data_pipeline to 2026-06-23 07:59:00+00:00, run_after=2026-06-24 07:00:00+00:00
[2026-06-23T23:47:25.586+0000] {processor.py:208} INFO - Processing /opt/airflow/dags/driven_data_pipeline.py took 0.222 seconds
[2026-06-23T23:47:55.869+0000] {processor.py:186} INFO - Started process (PID=11997) to work on /opt/airflow/dags/driven_data_pipeline.py
[2026-06-23T23:47:55.870+0000] {processor.py:914} INFO - Processing file /opt/airflow/dags/driven_data_pipeline.py for tasks to queue
[2026-06-23T23:47:55.871+0000] {logging_mixin.py:190} INFO - [2026-06-23T23:47:55.871+0000] {dagbag.py:588} INFO - Filling up the DagBag from /opt/airflow/dags/driven_data_pipeline.py
[2026-06-23T23:47:55.951+0000] {processor.py:925} INFO - DAG(s) 'extract_raw_data_pipeline' retrieved from /opt/airflow/dags/driven_data_pipeline.py
[2026-06-23T23:47:56.051+0000] {logging_mixin.py:190} INFO - [2026-06-23T23:47:56.051+0000] {dag.py:3239} INFO - Sync 1 DAGs
[2026-06-23T23:47:56.063+0000] {logging_mixin.py:190} INFO - [2026-06-23T23:47:56.062+0000] {dag.py:4180} INFO - Setting next_dagrun for extract_raw_data_pipeline to 2026-06-23 07:59:00+00:00, run_after=2026-06-24 07:00:00+00:00
[2026-06-23T23:47:56.074+0000] {processor.py:208} INFO - Processing /opt/airflow/dags/driven_data_pipeline.py took 0.208 seconds
[2026-06-23T23:48:26.137+0000] {processor.py:186} INFO - Started process (PID=12005) to work on /opt/airflow/dags/driven_data_pipeline.py
[2026-06-23T23:48:26.138+0000] {processor.py:914} INFO - Processing file /opt/airflow/dags/driven_data_pipeline.py for tasks to queue
[2026-06-23T23:48:26.139+0000] {logging_mixin.py:190} INFO - [2026-06-23T23:48:26.139+0000] {dagbag.py:588} INFO - Filling up the DagBag from /opt/airflow/dags/driven_data_pipeline.py
[2026-06-23T23:48:26.313+0000] {processor.py:925} INFO - DAG(s) 'extract_raw_data_pipeline' retrieved from /opt/airflow/dags/driven_data_pipeline.py
[2026-06-23T23:48:26.326+0000] {logging_mixin.py:190} INFO - [2026-06-23T23:48:26.326+0000] {dag.py:3239} INFO - Sync 1 DAGs
[2026-06-23T23:48:26.337+0000] {logging_mixin.py:190} INFO - [2026-06-23T23:48:26.337+0000] {dag.py:4180} INFO - Setting next_dagrun for extract_raw_data_pipeline to 2026-06-23 07:59:00+00:00, run_after=2026-06-24 07:00:00+00:00
[2026-06-23T23:48:26.350+0000] {processor.py:208} INFO - Processing /opt/airflow/dags/driven_data_pipeline.py took 0.217 seconds
[2026-06-23T23:48:56.504+0000] {processor.py:186} INFO - Started process (PID=12013) to work on /opt/airflow/dags/driven_data_pipeline.py
[2026-06-23T23:48:56.505+0000] {processor.py:914} INFO - Processing file /opt/airflow/dags/driven_data_pipeline.py for tasks to queue
[2026-06-23T23:48:56.507+0000] {logging_mixin.py:190} INFO - [2026-06-23T23:48:56.507+0000] {dagbag.py:588} INFO - Filling up the DagBag from /opt/airflow/dags/driven_data_pipeline.py
[2026-06-23T23:48:56.700+0000] {processor.py:925} INFO - DAG(s) 'extract_raw_data_pipeline' retrieved from /opt/airflow/dags/driven_data_pipeline.py
[2026-06-23T23:48:56.713+0000] {logging_mixin.py:190} INFO - [2026-06-23T23:48:56.713+0000] {dag.py:3239} INFO - Sync 1 DAGs
[2026-06-23T23:48:56.724+0000] {logging_mixin.py:190} INFO - [2026-06-23T23:48:56.724+0000] {dag.py:4180} INFO - Setting next_dagrun for extract_raw_data_pipeline to 2026-06-23 07:59:00+00:00, run_after=2026-06-24 07:00:00+00:00
[2026-06-23T23:48:56.738+0000] {processor.py:208} INFO - Processing /opt/airflow/dags/driven_data_pipeline.py took 0.239 seconds
[2026-06-23T23:49:26.987+0000] {processor.py:186} INFO - Started process (PID=12021) to work on /opt/airflow/dags/driven_data_pipeline.py
[2026-06-23T23:49:26.988+0000] {processor.py:914} INFO - Processing file /opt/airflow/dags/driven_data_pipeline.py for tasks to queue
[2026-06-23T23:49:26.989+0000] {logging_mixin.py:190} INFO - [2026-06-23T23:49:26.989+0000] {dagbag.py:588} INFO - Filling up the DagBag from /opt/airflow/dags/driven_data_pipeline.py
[2026-06-23T23:49:27.170+0000] {processor.py:925} INFO - DAG(s) 'extract_raw_data_pipeline' retrieved from /opt/airflow/dags/driven_data_pipeline.py
[2026-06-23T23:49:27.201+0000] {logging_mixin.py:190} INFO - [2026-06-23T23:49:27.201+0000] {dag.py:3239} INFO - Sync 1 DAGs
[2026-06-23T23:49:27.213+0000] {logging_mixin.py:190} INFO - [2026-06-23T23:49:27.213+0000] {dag.py:4180} INFO - Setting next_dagrun for extract_raw_data_pipeline to 2026-06-23 07:59:00+00:00, run_after=2026-06-24 07:00:00+00:00
[2026-06-23T23:49:27.224+0000] {processor.py:208} INFO - Processing /opt/airflow/dags/driven_data_pipeline.py took 0.240 seconds
[2026-06-23T23:49:57.276+0000] {processor.py:186} INFO - Started process (PID=12029) to work on /opt/airflow/dags/driven_data_pipeline.py
[2026-06-23T23:49:57.277+0000] {processor.py:914} INFO - Processing file /opt/airflow/dags/driven_data_pipeline.py for tasks to queue
[2026-06-23T23:49:57.278+0000] {logging_mixin.py:190} INFO - [2026-06-23T23:49:57.278+0000] {dagbag.py:588} INFO - Filling up the DagBag from /opt/airflow/dags/driven_data_pipeline.py
[2026-06-23T23:49:57.360+0000] {processor.py:925} INFO - DAG(s) 'extract_raw_data_pipeline' retrieved from /opt/airflow/dags/driven_data_pipeline.py
[2026-06-23T23:49:57.469+0000] {logging_mixin.py:190} INFO - [2026-06-23T23:49:57.469+0000] {dag.py:3239} INFO - Sync 1 DAGs
[2026-06-23T23:49:57.480+0000] {logging_mixin.py:190} INFO - [2026-06-23T23:49:57.480+0000] {dag.py:4180} INFO - Setting next_dagrun for extract_raw_data_pipeline to 2026-06-23 07:59:00+00:00, run_after=2026-06-24 07:00:00+00:00
[2026-06-23T23:49:57.491+0000] {processor.py:208} INFO - Processing /opt/airflow/dags/driven_data_pipeline.py took 0.219 seconds
[2026-06-23T23:50:27.537+0000] {processor.py:186} INFO - Started process (PID=12036) to work on /opt/airflow/dags/driven_data_pipeline.py
[2026-06-23T23:50:27.537+0000] {processor.py:914} INFO - Processing file /opt/airflow/dags/driven_data_pipeline.py for tasks to queue
[2026-06-23T23:50:27.539+0000] {logging_mixin.py:190} INFO - [2026-06-23T23:50:27.539+0000] {dagbag.py:588} INFO - Filling up the DagBag from /opt/airflow/dags/driven_data_pipeline.py
[2026-06-23T23:50:27.715+0000] {processor.py:925} INFO - DAG(s) 'extract_raw_data_pipeline' retrieved from /opt/airflow/dags/driven_data_pipeline.py
[2026-06-23T23:50:27.727+0000] {logging_mixin.py:190} INFO - [2026-06-23T23:50:27.727+0000] {dag.py:3239} INFO - Sync 1 DAGs
[2026-06-23T23:50:27.737+0000] {logging_mixin.py:190} INFO - [2026-06-23T23:50:27.737+0000] {dag.py:4180} INFO - Setting next_dagrun for extract_raw_data_pipeline to 2026-06-23 07:59:00+00:00, run_after=2026-06-24 07:00:00+00:00
[2026-06-23T23:50:27.754+0000] {processor.py:208} INFO - Processing /opt/airflow/dags/driven_data_pipeline.py took 0.221 seconds
[2026-06-23T23:50:58.032+0000] {processor.py:186} INFO - Started process (PID=12044) to work on /opt/airflow/dags/driven_data_pipeline.py
[2026-06-23T23:50:58.033+0000] {processor.py:914} INFO - Processing file /opt/airflow/dags/driven_data_pipeline.py for tasks to queue
[2026-06-23T23:50:58.034+0000] {logging_mixin.py:190} INFO - [2026-06-23T23:50:58.034+0000] {dagbag.py:588} INFO - Filling up the DagBag from /opt/airflow/dags/driven_data_pipeline.py
[2026-06-23T23:50:58.212+0000] {processor.py:925} INFO - DAG(s) 'extract_raw_data_pipeline' retrieved from /opt/airflow/dags/driven_data_pipeline.py
[2026-06-23T23:50:58.224+0000] {logging_mixin.py:190} INFO - [2026-06-23T23:50:58.224+0000] {dag.py:3239} INFO - Sync 1 DAGs
[2026-06-23T23:50:58.234+0000] {logging_mixin.py:190} INFO - [2026-06-23T23:50:58.234+0000] {dag.py:4180} INFO - Setting next_dagrun for extract_raw_data_pipeline to 2026-06-23 07:59:00+00:00, run_after=2026-06-24 07:00:00+00:00
[2026-06-23T23:50:58.246+0000] {processor.py:208} INFO - Processing /opt/airflow/dags/driven_data_pipeline.py took 0.217 seconds
[2026-06-23T23:51:28.313+0000] {processor.py:186} INFO - Started process (PID=12053) to work on /opt/airflow/dags/driven_data_pipeline.py
[2026-06-23T23:51:28.314+0000] {processor.py:914} INFO - Processing file /opt/airflow/dags/driven_data_pipeline.py for tasks to queue
[2026-06-23T23:51:28.316+0000] {logging_mixin.py:190} INFO - [2026-06-23T23:51:28.315+0000] {dagbag.py:588} INFO - Filling up the DagBag from /opt/airflow/dags/driven_data_pipeline.py
[2026-06-23T23:51:28.488+0000] {processor.py:925} INFO - DAG(s) 'extract_raw_data_pipeline' retrieved from /opt/airflow/dags/driven_data_pipeline.py
[2026-06-23T23:51:28.500+0000] {logging_mixin.py:190} INFO - [2026-06-23T23:51:28.500+0000] {dag.py:3239} INFO - Sync 1 DAGs
[2026-06-23T23:51:28.511+0000] {logging_mixin.py:190} INFO - [2026-06-23T23:51:28.511+0000] {dag.py:4180} INFO - Setting next_dagrun for extract_raw_data_pipeline to 2026-06-23 07:59:00+00:00, run_after=2026-06-24 07:00:00+00:00
[2026-06-23T23:51:28.524+0000] {processor.py:208} INFO - Processing /opt/airflow/dags/driven_data_pipeline.py took 0.214 seconds
[2026-06-23T23:51:58.636+0000] {processor.py:186} INFO - Started process (PID=12061) to work on /opt/airflow/dags/driven_data_pipeline.py
[2026-06-23T23:51:58.637+0000] {processor.py:914} INFO - Processing file /opt/airflow/dags/driven_data_pipeline.py for tasks to queue
[2026-06-23T23:51:58.640+0000] {logging_mixin.py:190} INFO - [2026-06-23T23:51:58.639+0000] {dagbag.py:588} INFO - Filling up the DagBag from /opt/airflow/dags/driven_data_pipeline.py
[2026-06-23T23:51:58.743+0000] {processor.py:925} INFO - DAG(s) 'extract_raw_data_pipeline' retrieved from /opt/airflow/dags/driven_data_pipeline.py
[2026-06-23T23:51:58.850+0000] {logging_mixin.py:190} INFO - [2026-06-23T23:51:58.850+0000] {dag.py:3239} INFO - Sync 1 DAGs
[2026-06-23T23:51:58.861+0000] {logging_mixin.py:190} INFO - [2026-06-23T23:51:58.861+0000] {dag.py:4180} INFO - Setting next_dagrun for extract_raw_data_pipeline to 2026-06-23 07:59:00+00:00, run_after=2026-06-24 07:00:00+00:00
[2026-06-23T23:51:58.873+0000] {processor.py:208} INFO - Processing /opt/airflow/dags/driven_data_pipeline.py took 0.241 seconds
[2026-06-23T23:52:29.111+0000] {processor.py:186} INFO - Started process (PID=12069) to work on /opt/airflow/dags/driven_data_pipeline.py
[2026-06-23T23:52:29.112+0000] {processor.py:914} INFO - Processing file /opt/airflow/dags/driven_data_pipeline.py for tasks to queue
[2026-06-23T23:52:29.114+0000] {logging_mixin.py:190} INFO - [2026-06-23T23:52:29.114+0000] {dagbag.py:588} INFO - Filling up the DagBag from /opt/airflow/dags/driven_data_pipeline.py
[2026-06-23T23:52:29.311+0000] {processor.py:925} INFO - DAG(s) 'extract_raw_data_pipeline' retrieved from /opt/airflow/dags/driven_data_pipeline.py
[2026-06-23T23:52:29.324+0000] {logging_mixin.py:190} INFO - [2026-06-23T23:52:29.324+0000] {dag.py:3239} INFO - Sync 1 DAGs
[2026-06-23T23:52:29.335+0000] {logging_mixin.py:190} INFO - [2026-06-23T23:52:29.335+0000] {dag.py:4180} INFO - Setting next_dagrun for extract_raw_data_pipeline to 2026-06-23 07:59:00+00:00, run_after=2026-06-24 07:00:00+00:00
[2026-06-23T23:52:29.346+0000] {processor.py:208} INFO - Processing /opt/airflow/dags/driven_data_pipeline.py took 0.238 seconds
[2026-06-23T23:52:59.478+0000] {processor.py:186} INFO - Started process (PID=12077) to work on /opt/airflow/dags/driven_data_pipeline.py
[2026-06-23T23:52:59.479+0000] {processor.py:914} INFO - Processing file /opt/airflow/dags/driven_data_pipeline.py for tasks to queue
[2026-06-23T23:52:59.481+0000] {logging_mixin.py:190} INFO - [2026-06-23T23:52:59.481+0000] {dagbag.py:588} INFO - Filling up the DagBag from /opt/airflow/dags/driven_data_pipeline.py
[2026-06-23T23:52:59.668+0000] {processor.py:925} INFO - DAG(s) 'extract_raw_data_pipeline' retrieved from /opt/airflow/dags/driven_data_pipeline.py
[2026-06-23T23:52:59.681+0000] {logging_mixin.py:190} INFO - [2026-06-23T23:52:59.681+0000] {dag.py:3239} INFO - Sync 1 DAGs
[2026-06-23T23:52:59.692+0000] {logging_mixin.py:190} INFO - [2026-06-23T23:52:59.692+0000] {dag.py:4180} INFO - Setting next_dagrun for extract_raw_data_pipeline to 2026-06-23 07:59:00+00:00, run_after=2026-06-24 07:00:00+00:00
[2026-06-23T23:52:59.705+0000] {processor.py:208} INFO - Processing /opt/airflow/dags/driven_data_pipeline.py took 0.231 seconds
[2026-06-23T23:53:29.938+0000] {processor.py:186} INFO - Started process (PID=12085) to work on /opt/airflow/dags/driven_data_pipeline.py
[2026-06-23T23:53:29.939+0000] {processor.py:914} INFO - Processing file /opt/airflow/dags/driven_data_pipeline.py for tasks to queue
[2026-06-23T23:53:29.941+0000] {logging_mixin.py:190} INFO - [2026-06-23T23:53:29.940+0000] {dagbag.py:588} INFO - Filling up the DagBag from /opt/airflow/dags/driven_data_pipeline.py
[2026-06-23T23:53:30.117+0000] {processor.py:925} INFO - DAG(s) 'extract_raw_data_pipeline' retrieved from /opt/airflow/dags/driven_data_pipeline.py
[2026-06-23T23:53:30.131+0000] {logging_mixin.py:190} INFO - [2026-06-23T23:53:30.130+0000] {dag.py:3239} INFO - Sync 1 DAGs
[2026-06-23T23:53:30.142+0000] {logging_mixin.py:190} INFO - [2026-06-23T23:53:30.142+0000] {dag.py:4180} INFO - Setting next_dagrun for extract_raw_data_pipeline to 2026-06-23 07:59:00+00:00, run_after=2026-06-24 07:00:00+00:00
[2026-06-23T23:53:30.153+0000] {processor.py:208} INFO - Processing /opt/airflow/dags/driven_data_pipeline.py took 0.218 seconds
[2026-06-23T23:54:00.223+0000] {processor.py:186} INFO - Started process (PID=12093) to work on /opt/airflow/dags/driven_data_pipeline.py
[2026-06-23T23:54:00.224+0000] {processor.py:914} INFO - Processing file /opt/airflow/dags/driven_data_pipeline.py for tasks to queue
[2026-06-23T23:54:00.226+0000] {logging_mixin.py:190} INFO - [2026-06-23T23:54:00.226+0000] {dagbag.py:588} INFO - Filling up the DagBag from /opt/airflow/dags/driven_data_pipeline.py
[2026-06-23T23:54:00.318+0000] {processor.py:925} INFO - DAG(s) 'extract_raw_data_pipeline' retrieved from /opt/airflow/dags/driven_data_pipeline.py
[2026-06-23T23:54:00.417+0000] {logging_mixin.py:190} INFO - [2026-06-23T23:54:00.417+0000] {dag.py:3239} INFO - Sync 1 DAGs
[2026-06-23T23:54:00.428+0000] {logging_mixin.py:190} INFO - [2026-06-23T23:54:00.428+0000] {dag.py:4180} INFO - Setting next_dagrun for extract_raw_data_pipeline to 2026-06-23 07:59:00+00:00, run_after=2026-06-24 07:00:00+00:00
[2026-06-23T23:54:00.440+0000] {processor.py:208} INFO - Processing /opt/airflow/dags/driven_data_pipeline.py took 0.221 seconds
[2026-06-23T23:54:30.542+0000] {processor.py:186} INFO - Started process (PID=12101) to work on /opt/airflow/dags/driven_data_pipeline.py
[2026-06-23T23:54:30.543+0000] {processor.py:914} INFO - Processing file /opt/airflow/dags/driven_data_pipeline.py for tasks to queue
[2026-06-23T23:54:30.545+0000] {logging_mixin.py:190} INFO - [2026-06-23T23:54:30.545+0000] {dagbag.py:588} INFO - Filling up the DagBag from /opt/airflow/dags/driven_data_pipeline.py
[2026-06-23T23:54:30.720+0000] {processor.py:925} INFO - DAG(s) 'extract_raw_data_pipeline' retrieved from /opt/airflow/dags/driven_data_pipeline.py
[2026-06-23T23:54:30.732+0000] {logging_mixin.py:190} INFO - [2026-06-23T23:54:30.732+0000] {dag.py:3239} INFO - Sync 1 DAGs
[2026-06-23T23:54:30.742+0000] {logging_mixin.py:190} INFO - [2026-06-23T23:54:30.742+0000] {dag.py:4180} INFO - Setting next_dagrun for extract_raw_data_pipeline to 2026-06-23 07:59:00+00:00, run_after=2026-06-24 07:00:00+00:00
[2026-06-23T23:54:30.753+0000] {processor.py:208} INFO - Processing /opt/airflow/dags/driven_data_pipeline.py took 0.215 seconds
[2026-06-23T23:55:01.064+0000] {processor.py:186} INFO - Started process (PID=12109) to work on /opt/airflow/dags/driven_data_pipeline.py
[2026-06-23T23:55:01.065+0000] {processor.py:914} INFO - Processing file /opt/airflow/dags/driven_data_pipeline.py for tasks to queue
[2026-06-23T23:55:01.067+0000] {logging_mixin.py:190} INFO - [2026-06-23T23:55:01.067+0000] {dagbag.py:588} INFO - Filling up the DagBag from /opt/airflow/dags/driven_data_pipeline.py
[2026-06-23T23:55:01.239+0000] {processor.py:925} INFO - DAG(s) 'extract_raw_data_pipeline' retrieved from /opt/airflow/dags/driven_data_pipeline.py
[2026-06-23T23:55:01.252+0000] {logging_mixin.py:190} INFO - [2026-06-23T23:55:01.252+0000] {dag.py:3239} INFO - Sync 1 DAGs
[2026-06-23T23:55:01.263+0000] {logging_mixin.py:190} INFO - [2026-06-23T23:55:01.263+0000] {dag.py:4180} INFO - Setting next_dagrun for extract_raw_data_pipeline to 2026-06-23 07:59:00+00:00, run_after=2026-06-24 07:00:00+00:00
[2026-06-23T23:55:01.279+0000] {processor.py:208} INFO - Processing /opt/airflow/dags/driven_data_pipeline.py took 0.218 seconds
[2026-06-23T23:55:31.367+0000] {processor.py:186} INFO - Started process (PID=12117) to work on /opt/airflow/dags/driven_data_pipeline.py
[2026-06-23T23:55:31.368+0000] {processor.py:914} INFO - Processing file /opt/airflow/dags/driven_data_pipeline.py for tasks to queue
[2026-06-23T23:55:31.369+0000] {logging_mixin.py:190} INFO - [2026-06-23T23:55:31.369+0000] {dagbag.py:588} INFO - Filling up the DagBag from /opt/airflow/dags/driven_data_pipeline.py
[2026-06-23T23:55:31.533+0000] {processor.py:925} INFO - DAG(s) 'extract_raw_data_pipeline' retrieved from /opt/airflow/dags/driven_data_pipeline.py
[2026-06-23T23:55:31.549+0000] {logging_mixin.py:190} INFO - [2026-06-23T23:55:31.549+0000] {dag.py:3239} INFO - Sync 1 DAGs
[2026-06-23T23:55:31.561+0000] {logging_mixin.py:190} INFO - [2026-06-23T23:55:31.561+0000] {dag.py:4180} INFO - Setting next_dagrun for extract_raw_data_pipeline to 2026-06-23 07:59:00+00:00, run_after=2026-06-24 07:00:00+00:00
[2026-06-23T23:55:31.577+0000] {processor.py:208} INFO - Processing /opt/airflow/dags/driven_data_pipeline.py took 0.214 seconds
[2026-06-23T23:56:01.873+0000] {processor.py:186} INFO - Started process (PID=12125) to work on /opt/airflow/dags/driven_data_pipeline.py
[2026-06-23T23:56:01.874+0000] {processor.py:914} INFO - Processing file /opt/airflow/dags/driven_data_pipeline.py for tasks to queue
[2026-06-23T23:56:01.875+0000] {logging_mixin.py:190} INFO - [2026-06-23T23:56:01.875+0000] {dagbag.py:588} INFO - Filling up the DagBag from /opt/airflow/dags/driven_data_pipeline.py
[2026-06-23T23:56:01.959+0000] {processor.py:925} INFO - DAG(s) 'extract_raw_data_pipeline' retrieved from /opt/airflow/dags/driven_data_pipeline.py
[2026-06-23T23:56:02.070+0000] {logging_mixin.py:190} INFO - [2026-06-23T23:56:02.070+0000] {dag.py:3239} INFO - Sync 1 DAGs
[2026-06-23T23:56:02.081+0000] {logging_mixin.py:190} INFO - [2026-06-23T23:56:02.081+0000] {dag.py:4180} INFO - Setting next_dagrun for extract_raw_data_pipeline to 2026-06-23 07:59:00+00:00, run_after=2026-06-24 07:00:00+00:00
[2026-06-23T23:56:02.093+0000] {processor.py:208} INFO - Processing /opt/airflow/dags/driven_data_pipeline.py took 0.224 seconds
[2026-06-23T23:56:32.199+0000] {processor.py:186} INFO - Started process (PID=12133) to work on /opt/airflow/dags/driven_data_pipeline.py
[2026-06-23T23:56:32.199+0000] {processor.py:914} INFO - Processing file /opt/airflow/dags/driven_data_pipeline.py for tasks to queue
[2026-06-23T23:56:32.201+0000] {logging_mixin.py:190} INFO - [2026-06-23T23:56:32.200+0000] {dagbag.py:588} INFO - Filling up the DagBag from /opt/airflow/dags/driven_data_pipeline.py
[2026-06-23T23:56:32.374+0000] {processor.py:925} INFO - DAG(s) 'extract_raw_data_pipeline' retrieved from /opt/airflow/dags/driven_data_pipeline.py
[2026-06-23T23:56:32.385+0000] {logging_mixin.py:190} INFO - [2026-06-23T23:56:32.385+0000] {dag.py:3239} INFO - Sync 1 DAGs
[2026-06-23T23:56:32.395+0000] {logging_mixin.py:190} INFO - [2026-06-23T23:56:32.395+0000] {dag.py:4180} INFO - Setting next_dagrun for extract_raw_data_pipeline to 2026-06-23 07:59:00+00:00, run_after=2026-06-24 07:00:00+00:00
[2026-06-23T23:56:32.406+0000] {processor.py:208} INFO - Processing /opt/airflow/dags/driven_data_pipeline.py took 0.211 seconds
[2026-06-23T23:57:02.681+0000] {processor.py:186} INFO - Started process (PID=12141) to work on /opt/airflow/dags/driven_data_pipeline.py
[2026-06-23T23:57:02.681+0000] {processor.py:914} INFO - Processing file /opt/airflow/dags/driven_data_pipeline.py for tasks to queue
[2026-06-23T23:57:02.683+0000] {logging_mixin.py:190} INFO - [2026-06-23T23:57:02.683+0000] {dagbag.py:588} INFO - Filling up the DagBag from /opt/airflow/dags/driven_data_pipeline.py
[2026-06-23T23:57:02.880+0000] {processor.py:925} INFO - DAG(s) 'extract_raw_data_pipeline' retrieved from /opt/airflow/dags/driven_data_pipeline.py
[2026-06-23T23:57:02.894+0000] {logging_mixin.py:190} INFO - [2026-06-23T23:57:02.894+0000] {dag.py:3239} INFO - Sync 1 DAGs
[2026-06-23T23:57:02.906+0000] {logging_mixin.py:190} INFO - [2026-06-23T23:57:02.905+0000] {dag.py:4180} INFO - Setting next_dagrun for extract_raw_data_pipeline to 2026-06-23 07:59:00+00:00, run_after=2026-06-24 07:00:00+00:00
[2026-06-23T23:57:02.918+0000] {processor.py:208} INFO - Processing /opt/airflow/dags/driven_data_pipeline.py took 0.241 seconds
[2026-06-23T23:57:33.032+0000] {processor.py:186} INFO - Started process (PID=12149) to work on /opt/airflow/dags/driven_data_pipeline.py
[2026-06-23T23:57:33.033+0000] {processor.py:914} INFO - Processing file /opt/airflow/dags/driven_data_pipeline.py for tasks to queue
[2026-06-23T23:57:33.035+0000] {logging_mixin.py:190} INFO - [2026-06-23T23:57:33.034+0000] {dagbag.py:588} INFO - Filling up the DagBag from /opt/airflow/dags/driven_data_pipeline.py
[2026-06-23T23:57:33.210+0000] {processor.py:925} INFO - DAG(s) 'extract_raw_data_pipeline' retrieved from /opt/airflow/dags/driven_data_pipeline.py
[2026-06-23T23:57:33.222+0000] {logging_mixin.py:190} INFO - [2026-06-23T23:57:33.222+0000] {dag.py:3239} INFO - Sync 1 DAGs
[2026-06-23T23:57:33.232+0000] {logging_mixin.py:190} INFO - [2026-06-23T23:57:33.232+0000] {dag.py:4180} INFO - Setting next_dagrun for extract_raw_data_pipeline to 2026-06-23 07:59:00+00:00, run_after=2026-06-24 07:00:00+00:00
[2026-06-23T23:57:33.246+0000] {processor.py:208} INFO - Processing /opt/airflow/dags/driven_data_pipeline.py took 0.218 seconds
[2026-06-23T23:58:03.507+0000] {processor.py:186} INFO - Started process (PID=12157) to work on /opt/airflow/dags/driven_data_pipeline.py
[2026-06-23T23:58:03.507+0000] {processor.py:914} INFO - Processing file /opt/airflow/dags/driven_data_pipeline.py for tasks to queue
[2026-06-23T23:58:03.509+0000] {logging_mixin.py:190} INFO - [2026-06-23T23:58:03.509+0000] {dagbag.py:588} INFO - Filling up the DagBag from /opt/airflow/dags/driven_data_pipeline.py
[2026-06-23T23:58:03.608+0000] {processor.py:925} INFO - DAG(s) 'extract_raw_data_pipeline' retrieved from /opt/airflow/dags/driven_data_pipeline.py
[2026-06-23T23:58:03.725+0000] {logging_mixin.py:190} INFO - [2026-06-23T23:58:03.725+0000] {dag.py:3239} INFO - Sync 1 DAGs
[2026-06-23T23:58:03.736+0000] {logging_mixin.py:190} INFO - [2026-06-23T23:58:03.736+0000] {dag.py:4180} INFO - Setting next_dagrun for extract_raw_data_pipeline to 2026-06-23 07:59:00+00:00, run_after=2026-06-24 07:00:00+00:00
[2026-06-23T23:58:03.748+0000] {processor.py:208} INFO - Processing /opt/airflow/dags/driven_data_pipeline.py took 0.246 seconds
[2026-06-23T23:58:33.885+0000] {processor.py:186} INFO - Started process (PID=12165) to work on /opt/airflow/dags/driven_data_pipeline.py
[2026-06-23T23:58:33.886+0000] {processor.py:914} INFO - Processing file /opt/airflow/dags/driven_data_pipeline.py for tasks to queue
[2026-06-23T23:58:33.888+0000] {logging_mixin.py:190} INFO - [2026-06-23T23:58:33.887+0000] {dagbag.py:588} INFO - Filling up the DagBag from /opt/airflow/dags/driven_data_pipeline.py
[2026-06-23T23:58:34.066+0000] {processor.py:925} INFO - DAG(s) 'extract_raw_data_pipeline' retrieved from /opt/airflow/dags/driven_data_pipeline.py
[2026-06-23T23:58:34.078+0000] {logging_mixin.py:190} INFO - [2026-06-23T23:58:34.078+0000] {dag.py:3239} INFO - Sync 1 DAGs
[2026-06-23T23:58:34.089+0000] {logging_mixin.py:190} INFO - [2026-06-23T23:58:34.089+0000] {dag.py:4180} INFO - Setting next_dagrun for extract_raw_data_pipeline to 2026-06-23 07:59:00+00:00, run_after=2026-06-24 07:00:00+00:00
[2026-06-23T23:58:34.111+0000] {processor.py:208} INFO - Processing /opt/airflow/dags/driven_data_pipeline.py took 0.229 seconds
[2026-06-23T23:59:04.367+0000] {processor.py:186} INFO - Started process (PID=12173) to work on /opt/airflow/dags/driven_data_pipeline.py
[2026-06-23T23:59:04.367+0000] {processor.py:914} INFO - Processing file /opt/airflow/dags/driven_data_pipeline.py for tasks to queue
[2026-06-23T23:59:04.369+0000] {logging_mixin.py:190} INFO - [2026-06-23T23:59:04.369+0000] {dagbag.py:588} INFO - Filling up the DagBag from /opt/airflow/dags/driven_data_pipeline.py
[2026-06-23T23:59:04.554+0000] {processor.py:925} INFO - DAG(s) 'extract_raw_data_pipeline' retrieved from /opt/airflow/dags/driven_data_pipeline.py
[2026-06-23T23:59:04.567+0000] {logging_mixin.py:190} INFO - [2026-06-23T23:59:04.567+0000] {dag.py:3239} INFO - Sync 1 DAGs
[2026-06-23T23:59:04.577+0000] {logging_mixin.py:190} INFO - [2026-06-23T23:59:04.577+0000] {dag.py:4180} INFO - Setting next_dagrun for extract_raw_data_pipeline to 2026-06-23 07:59:00+00:00, run_after=2026-06-24 07:00:00+00:00
[2026-06-23T23:59:04.589+0000] {processor.py:208} INFO - Processing /opt/airflow/dags/driven_data_pipeline.py took 0.226 seconds
[2026-06-23T23:59:34.721+0000] {processor.py:186} INFO - Started process (PID=12181) to work on /opt/airflow/dags/driven_data_pipeline.py
[2026-06-23T23:59:34.722+0000] {processor.py:914} INFO - Processing file /opt/airflow/dags/driven_data_pipeline.py for tasks to queue
[2026-06-23T23:59:34.723+0000] {logging_mixin.py:190} INFO - [2026-06-23T23:59:34.723+0000] {dagbag.py:588} INFO - Filling up the DagBag from /opt/airflow/dags/driven_data_pipeline.py
[2026-06-23T23:59:34.899+0000] {processor.py:925} INFO - DAG(s) 'extract_raw_data_pipeline' retrieved from /opt/airflow/dags/driven_data_pipeline.py
[2026-06-23T23:59:34.912+0000] {logging_mixin.py:190} INFO - [2026-06-23T23:59:34.912+0000] {dag.py:3239} INFO - Sync 1 DAGs
[2026-06-23T23:59:34.923+0000] {logging_mixin.py:190} INFO - [2026-06-23T23:59:34.923+0000] {dag.py:4180} INFO - Setting next_dagrun for extract_raw_data_pipeline to 2026-06-23 07:59:00+00:00, run_after=2026-06-24 07:00:00+00:00
[2026-06-23T23:59:34.934+0000] {processor.py:208} INFO - Processing /opt/airflow/dags/driven_data_pipeline.py took 0.217 seconds
