[2026-06-16T21:09:43.080+0000] {processor.py:186} INFO - Started process (PID=66) to work on /opt/airflow/dags/batch_generator.py
[2026-06-16T21:09:43.081+0000] {processor.py:914} INFO - Processing file /opt/airflow/dags/batch_generator.py for tasks to queue
[2026-06-16T21:09:43.084+0000] {logging_mixin.py:190} INFO - [2026-06-16T21:09:43.084+0000] {dagbag.py:588} INFO - Filling up the DagBag from /opt/airflow/dags/batch_generator.py
[2026-06-16T21:09:43.657+0000] {processor.py:925} INFO - DAG(s) 'extract_raw_data_pipeline' retrieved from /opt/airflow/dags/batch_generator.py
[2026-06-16T21:09:43.867+0000] {logging_mixin.py:190} INFO - [2026-06-16T21:09:43.867+0000] {override.py:1900} INFO - Created Permission View: can delete on DAG:extract_raw_data_pipeline
[2026-06-16T21:09:43.877+0000] {logging_mixin.py:190} INFO - [2026-06-16T21:09:43.877+0000] {override.py:1900} INFO - Created Permission View: can edit on DAG:extract_raw_data_pipeline
[2026-06-16T21:09:43.884+0000] {logging_mixin.py:190} INFO - [2026-06-16T21:09:43.884+0000] {override.py:1900} INFO - Created Permission View: can read on DAG:extract_raw_data_pipeline
[2026-06-16T21:09:43.894+0000] {logging_mixin.py:190} INFO - [2026-06-16T21:09:43.894+0000] {override.py:1900} INFO - Created Permission View: can delete on DAG Run:extract_raw_data_pipeline
[2026-06-16T21:09:43.901+0000] {logging_mixin.py:190} INFO - [2026-06-16T21:09:43.901+0000] {override.py:1900} INFO - Created Permission View: menu access on DAG Run:extract_raw_data_pipeline
[2026-06-16T21:09:43.908+0000] {logging_mixin.py:190} INFO - [2026-06-16T21:09:43.907+0000] {override.py:1900} INFO - Created Permission View: can read on DAG Run:extract_raw_data_pipeline
[2026-06-16T21:09:43.916+0000] {logging_mixin.py:190} INFO - [2026-06-16T21:09:43.916+0000] {override.py:1900} INFO - Created Permission View: can create on DAG Run:extract_raw_data_pipeline
[2026-06-16T21:09:43.917+0000] {logging_mixin.py:190} INFO - [2026-06-16T21:09:43.917+0000] {dag.py:3239} INFO - Sync 1 DAGs
[2026-06-16T21:09:43.929+0000] {logging_mixin.py:190} INFO - [2026-06-16T21:09:43.929+0000] {dag.py:3262} INFO - Creating ORM DAG for extract_raw_data_pipeline
[2026-06-16T21:09:43.939+0000] {logging_mixin.py:190} INFO - [2026-06-16T21:09:43.938+0000] {dag.py:4180} INFO - Setting next_dagrun for extract_raw_data_pipeline to 2026-06-16 07:58:00+00:00, run_after=2026-06-16 07:59:00+00:00
[2026-06-16T21:09:43.958+0000] {processor.py:208} INFO - Processing /opt/airflow/dags/batch_generator.py took 0.882 seconds
[2026-06-16T21:10:14.186+0000] {processor.py:186} INFO - Started process (PID=74) to work on /opt/airflow/dags/batch_generator.py
[2026-06-16T21:10:14.187+0000] {processor.py:914} INFO - Processing file /opt/airflow/dags/batch_generator.py for tasks to queue
[2026-06-16T21:10:14.189+0000] {logging_mixin.py:190} INFO - [2026-06-16T21:10:14.189+0000] {dagbag.py:588} INFO - Filling up the DagBag from /opt/airflow/dags/batch_generator.py
[2026-06-16T21:10:14.433+0000] {processor.py:925} INFO - DAG(s) 'extract_raw_data_pipeline' retrieved from /opt/airflow/dags/batch_generator.py
[2026-06-16T21:10:14.447+0000] {logging_mixin.py:190} INFO - [2026-06-16T21:10:14.447+0000] {dag.py:3239} INFO - Sync 1 DAGs
[2026-06-16T21:10:14.461+0000] {logging_mixin.py:190} INFO - [2026-06-16T21:10:14.460+0000] {dag.py:4180} INFO - Setting next_dagrun for extract_raw_data_pipeline to 2026-06-16 07:58:00+00:00, run_after=2026-06-16 07:59:00+00:00
[2026-06-16T21:10:14.478+0000] {processor.py:208} INFO - Processing /opt/airflow/dags/batch_generator.py took 0.297 seconds
[2026-06-16T21:10:44.659+0000] {processor.py:186} INFO - Started process (PID=82) to work on /opt/airflow/dags/batch_generator.py
[2026-06-16T21:10:44.660+0000] {processor.py:914} INFO - Processing file /opt/airflow/dags/batch_generator.py for tasks to queue
[2026-06-16T21:10:44.662+0000] {logging_mixin.py:190} INFO - [2026-06-16T21:10:44.662+0000] {dagbag.py:588} INFO - Filling up the DagBag from /opt/airflow/dags/batch_generator.py
[2026-06-16T21:10:44.888+0000] {processor.py:925} INFO - DAG(s) 'extract_raw_data_pipeline' retrieved from /opt/airflow/dags/batch_generator.py
[2026-06-16T21:10:44.903+0000] {logging_mixin.py:190} INFO - [2026-06-16T21:10:44.903+0000] {dag.py:3239} INFO - Sync 1 DAGs
[2026-06-16T21:10:44.918+0000] {logging_mixin.py:190} INFO - [2026-06-16T21:10:44.917+0000] {dag.py:4180} INFO - Setting next_dagrun for extract_raw_data_pipeline to 2026-06-16 07:58:00+00:00, run_after=2026-06-16 07:59:00+00:00
[2026-06-16T21:10:44.935+0000] {processor.py:208} INFO - Processing /opt/airflow/dags/batch_generator.py took 0.279 seconds
[2026-06-16T21:11:15.148+0000] {processor.py:186} INFO - Started process (PID=90) to work on /opt/airflow/dags/batch_generator.py
[2026-06-16T21:11:15.149+0000] {processor.py:914} INFO - Processing file /opt/airflow/dags/batch_generator.py for tasks to queue
[2026-06-16T21:11:15.151+0000] {logging_mixin.py:190} INFO - [2026-06-16T21:11:15.151+0000] {dagbag.py:588} INFO - Filling up the DagBag from /opt/airflow/dags/batch_generator.py
[2026-06-16T21:11:15.416+0000] {processor.py:925} INFO - DAG(s) 'extract_raw_data_pipeline' retrieved from /opt/airflow/dags/batch_generator.py
[2026-06-16T21:11:15.434+0000] {logging_mixin.py:190} INFO - [2026-06-16T21:11:15.434+0000] {dag.py:3239} INFO - Sync 1 DAGs
[2026-06-16T21:11:15.450+0000] {logging_mixin.py:190} INFO - [2026-06-16T21:11:15.449+0000] {dag.py:4180} INFO - Setting next_dagrun for extract_raw_data_pipeline to 2026-06-16 07:58:00+00:00, run_after=2026-06-16 07:59:00+00:00
[2026-06-16T21:11:15.466+0000] {processor.py:208} INFO - Processing /opt/airflow/dags/batch_generator.py took 0.323 seconds
[2026-06-16T21:11:45.645+0000] {processor.py:186} INFO - Started process (PID=98) to work on /opt/airflow/dags/batch_generator.py
[2026-06-16T21:11:45.646+0000] {processor.py:914} INFO - Processing file /opt/airflow/dags/batch_generator.py for tasks to queue
[2026-06-16T21:11:45.649+0000] {logging_mixin.py:190} INFO - [2026-06-16T21:11:45.648+0000] {dagbag.py:588} INFO - Filling up the DagBag from /opt/airflow/dags/batch_generator.py
[2026-06-16T21:11:45.911+0000] {processor.py:925} INFO - DAG(s) 'extract_raw_data_pipeline' retrieved from /opt/airflow/dags/batch_generator.py
[2026-06-16T21:11:45.927+0000] {logging_mixin.py:190} INFO - [2026-06-16T21:11:45.927+0000] {dag.py:3239} INFO - Sync 1 DAGs
[2026-06-16T21:11:45.940+0000] {logging_mixin.py:190} INFO - [2026-06-16T21:11:45.940+0000] {dag.py:4180} INFO - Setting next_dagrun for extract_raw_data_pipeline to 2026-06-16 07:58:00+00:00, run_after=2026-06-16 07:59:00+00:00
[2026-06-16T21:11:45.956+0000] {processor.py:208} INFO - Processing /opt/airflow/dags/batch_generator.py took 0.316 seconds
[2026-06-16T21:12:16.137+0000] {processor.py:186} INFO - Started process (PID=113) to work on /opt/airflow/dags/batch_generator.py
[2026-06-16T21:12:16.139+0000] {processor.py:914} INFO - Processing file /opt/airflow/dags/batch_generator.py for tasks to queue
[2026-06-16T21:12:16.144+0000] {logging_mixin.py:190} INFO - [2026-06-16T21:12:16.143+0000] {dagbag.py:588} INFO - Filling up the DagBag from /opt/airflow/dags/batch_generator.py
[2026-06-16T21:12:16.369+0000] {processor.py:925} INFO - DAG(s) 'extract_raw_data_pipeline' retrieved from /opt/airflow/dags/batch_generator.py
[2026-06-16T21:12:16.384+0000] {logging_mixin.py:190} INFO - [2026-06-16T21:12:16.384+0000] {dag.py:3239} INFO - Sync 1 DAGs
[2026-06-16T21:12:16.398+0000] {logging_mixin.py:190} INFO - [2026-06-16T21:12:16.397+0000] {dag.py:4180} INFO - Setting next_dagrun for extract_raw_data_pipeline to 2026-06-16 07:58:00+00:00, run_after=2026-06-16 07:59:00+00:00
[2026-06-16T21:12:16.416+0000] {processor.py:208} INFO - Processing /opt/airflow/dags/batch_generator.py took 0.283 seconds
[2026-06-16T21:12:46.721+0000] {processor.py:186} INFO - Started process (PID=121) to work on /opt/airflow/dags/batch_generator.py
[2026-06-16T21:12:46.729+0000] {processor.py:914} INFO - Processing file /opt/airflow/dags/batch_generator.py for tasks to queue
[2026-06-16T21:12:46.731+0000] {logging_mixin.py:190} INFO - [2026-06-16T21:12:46.731+0000] {dagbag.py:588} INFO - Filling up the DagBag from /opt/airflow/dags/batch_generator.py
[2026-06-16T21:12:46.846+0000] {processor.py:925} INFO - DAG(s) 'extract_raw_data_pipeline' retrieved from /opt/airflow/dags/batch_generator.py
[2026-06-16T21:12:46.864+0000] {logging_mixin.py:190} INFO - [2026-06-16T21:12:46.864+0000] {dag.py:3239} INFO - Sync 1 DAGs
[2026-06-16T21:12:46.882+0000] {logging_mixin.py:190} INFO - [2026-06-16T21:12:46.882+0000] {dag.py:4180} INFO - Setting next_dagrun for extract_raw_data_pipeline to 2026-06-16 07:58:00+00:00, run_after=2026-06-16 07:59:00+00:00
[2026-06-16T21:12:46.898+0000] {processor.py:208} INFO - Processing /opt/airflow/dags/batch_generator.py took 0.181 seconds
[2026-06-16T21:13:17.140+0000] {processor.py:186} INFO - Started process (PID=129) to work on /opt/airflow/dags/batch_generator.py
[2026-06-16T21:13:17.141+0000] {processor.py:914} INFO - Processing file /opt/airflow/dags/batch_generator.py for tasks to queue
[2026-06-16T21:13:17.142+0000] {logging_mixin.py:190} INFO - [2026-06-16T21:13:17.142+0000] {dagbag.py:588} INFO - Filling up the DagBag from /opt/airflow/dags/batch_generator.py
[2026-06-16T21:13:17.260+0000] {processor.py:925} INFO - DAG(s) 'extract_raw_data_pipeline' retrieved from /opt/airflow/dags/batch_generator.py
[2026-06-16T21:13:17.278+0000] {logging_mixin.py:190} INFO - [2026-06-16T21:13:17.278+0000] {dag.py:3239} INFO - Sync 1 DAGs
[2026-06-16T21:13:17.294+0000] {logging_mixin.py:190} INFO - [2026-06-16T21:13:17.293+0000] {dag.py:4180} INFO - Setting next_dagrun for extract_raw_data_pipeline to 2026-06-16 07:58:00+00:00, run_after=2026-06-16 07:59:00+00:00
[2026-06-16T21:13:17.309+0000] {processor.py:208} INFO - Processing /opt/airflow/dags/batch_generator.py took 0.174 seconds
[2026-06-16T21:13:34.730+0000] {processor.py:186} INFO - Started process (PID=60) to work on /opt/airflow/dags/batch_generator.py
[2026-06-16T21:13:34.731+0000] {processor.py:914} INFO - Processing file /opt/airflow/dags/batch_generator.py for tasks to queue
[2026-06-16T21:13:34.733+0000] {logging_mixin.py:190} INFO - [2026-06-16T21:13:34.733+0000] {dagbag.py:588} INFO - Filling up the DagBag from /opt/airflow/dags/batch_generator.py
[2026-06-16T21:13:34.975+0000] {processor.py:925} INFO - DAG(s) 'extract_raw_data_pipeline' retrieved from /opt/airflow/dags/batch_generator.py
[2026-06-16T21:13:34.992+0000] {logging_mixin.py:190} INFO - [2026-06-16T21:13:34.991+0000] {dag.py:3239} INFO - Sync 1 DAGs
[2026-06-16T21:13:35.005+0000] {logging_mixin.py:190} INFO - [2026-06-16T21:13:35.005+0000] {dag.py:4180} INFO - Setting next_dagrun for extract_raw_data_pipeline to 2026-06-16 07:58:00+00:00, run_after=2026-06-16 07:59:00+00:00
[2026-06-16T21:13:35.028+0000] {processor.py:208} INFO - Processing /opt/airflow/dags/batch_generator.py took 0.302 seconds
[2026-06-16T21:14:05.231+0000] {processor.py:186} INFO - Started process (PID=68) to work on /opt/airflow/dags/batch_generator.py
[2026-06-16T21:14:05.232+0000] {processor.py:914} INFO - Processing file /opt/airflow/dags/batch_generator.py for tasks to queue
[2026-06-16T21:14:05.234+0000] {logging_mixin.py:190} INFO - [2026-06-16T21:14:05.233+0000] {dagbag.py:588} INFO - Filling up the DagBag from /opt/airflow/dags/batch_generator.py
[2026-06-16T21:14:05.458+0000] {processor.py:925} INFO - DAG(s) 'extract_raw_data_pipeline' retrieved from /opt/airflow/dags/batch_generator.py
[2026-06-16T21:14:05.472+0000] {logging_mixin.py:190} INFO - [2026-06-16T21:14:05.472+0000] {dag.py:3239} INFO - Sync 1 DAGs
[2026-06-16T21:14:05.486+0000] {logging_mixin.py:190} INFO - [2026-06-16T21:14:05.486+0000] {dag.py:4180} INFO - Setting next_dagrun for extract_raw_data_pipeline to 2026-06-16 07:58:00+00:00, run_after=2026-06-16 07:59:00+00:00
[2026-06-16T21:14:05.502+0000] {processor.py:208} INFO - Processing /opt/airflow/dags/batch_generator.py took 0.275 seconds
[2026-06-16T21:14:35.716+0000] {processor.py:186} INFO - Started process (PID=76) to work on /opt/airflow/dags/batch_generator.py
[2026-06-16T21:14:35.717+0000] {processor.py:914} INFO - Processing file /opt/airflow/dags/batch_generator.py for tasks to queue
[2026-06-16T21:14:35.719+0000] {logging_mixin.py:190} INFO - [2026-06-16T21:14:35.719+0000] {dagbag.py:588} INFO - Filling up the DagBag from /opt/airflow/dags/batch_generator.py
[2026-06-16T21:14:35.980+0000] {processor.py:925} INFO - DAG(s) 'extract_raw_data_pipeline' retrieved from /opt/airflow/dags/batch_generator.py
[2026-06-16T21:14:35.996+0000] {logging_mixin.py:190} INFO - [2026-06-16T21:14:35.996+0000] {dag.py:3239} INFO - Sync 1 DAGs
[2026-06-16T21:14:36.010+0000] {logging_mixin.py:190} INFO - [2026-06-16T21:14:36.010+0000] {dag.py:4180} INFO - Setting next_dagrun for extract_raw_data_pipeline to 2026-06-16 07:58:00+00:00, run_after=2026-06-16 07:59:00+00:00
[2026-06-16T21:14:36.030+0000] {processor.py:208} INFO - Processing /opt/airflow/dags/batch_generator.py took 0.317 seconds
[2026-06-16T21:15:06.238+0000] {processor.py:186} INFO - Started process (PID=90) to work on /opt/airflow/dags/batch_generator.py
[2026-06-16T21:15:06.239+0000] {processor.py:914} INFO - Processing file /opt/airflow/dags/batch_generator.py for tasks to queue
[2026-06-16T21:15:06.241+0000] {logging_mixin.py:190} INFO - [2026-06-16T21:15:06.241+0000] {dagbag.py:588} INFO - Filling up the DagBag from /opt/airflow/dags/batch_generator.py
[2026-06-16T21:15:06.475+0000] {processor.py:925} INFO - DAG(s) 'extract_raw_data_pipeline' retrieved from /opt/airflow/dags/batch_generator.py
[2026-06-16T21:15:06.491+0000] {logging_mixin.py:190} INFO - [2026-06-16T21:15:06.491+0000] {dag.py:3239} INFO - Sync 1 DAGs
[2026-06-16T21:15:06.503+0000] {logging_mixin.py:190} INFO - [2026-06-16T21:15:06.503+0000] {dag.py:4180} INFO - Setting next_dagrun for extract_raw_data_pipeline to 2026-06-16 07:58:00+00:00, run_after=2026-06-16 07:59:00+00:00
[2026-06-16T21:15:06.518+0000] {processor.py:208} INFO - Processing /opt/airflow/dags/batch_generator.py took 0.284 seconds
[2026-06-16T21:15:36.695+0000] {processor.py:186} INFO - Started process (PID=98) to work on /opt/airflow/dags/batch_generator.py
[2026-06-16T21:15:36.696+0000] {processor.py:914} INFO - Processing file /opt/airflow/dags/batch_generator.py for tasks to queue
[2026-06-16T21:15:36.698+0000] {logging_mixin.py:190} INFO - [2026-06-16T21:15:36.697+0000] {dagbag.py:588} INFO - Filling up the DagBag from /opt/airflow/dags/batch_generator.py
[2026-06-16T21:15:36.922+0000] {processor.py:925} INFO - DAG(s) 'extract_raw_data_pipeline' retrieved from /opt/airflow/dags/batch_generator.py
[2026-06-16T21:15:36.937+0000] {logging_mixin.py:190} INFO - [2026-06-16T21:15:36.936+0000] {dag.py:3239} INFO - Sync 1 DAGs
[2026-06-16T21:15:36.952+0000] {logging_mixin.py:190} INFO - [2026-06-16T21:15:36.951+0000] {dag.py:4180} INFO - Setting next_dagrun for extract_raw_data_pipeline to 2026-06-16 07:58:00+00:00, run_after=2026-06-16 07:59:00+00:00
[2026-06-16T21:15:36.965+0000] {processor.py:208} INFO - Processing /opt/airflow/dags/batch_generator.py took 0.273 seconds
[2026-06-16T21:16:07.131+0000] {processor.py:186} INFO - Started process (PID=106) to work on /opt/airflow/dags/batch_generator.py
[2026-06-16T21:16:07.132+0000] {processor.py:914} INFO - Processing file /opt/airflow/dags/batch_generator.py for tasks to queue
[2026-06-16T21:16:07.134+0000] {logging_mixin.py:190} INFO - [2026-06-16T21:16:07.134+0000] {dagbag.py:588} INFO - Filling up the DagBag from /opt/airflow/dags/batch_generator.py
[2026-06-16T21:16:07.412+0000] {processor.py:925} INFO - DAG(s) 'extract_raw_data_pipeline' retrieved from /opt/airflow/dags/batch_generator.py
[2026-06-16T21:16:07.427+0000] {logging_mixin.py:190} INFO - [2026-06-16T21:16:07.427+0000] {dag.py:3239} INFO - Sync 1 DAGs
[2026-06-16T21:16:07.442+0000] {logging_mixin.py:190} INFO - [2026-06-16T21:16:07.441+0000] {dag.py:4180} INFO - Setting next_dagrun for extract_raw_data_pipeline to 2026-06-16 07:58:00+00:00, run_after=2026-06-16 07:59:00+00:00
[2026-06-16T21:16:07.456+0000] {processor.py:208} INFO - Processing /opt/airflow/dags/batch_generator.py took 0.329 seconds
[2026-06-16T21:16:37.655+0000] {processor.py:186} INFO - Started process (PID=114) to work on /opt/airflow/dags/batch_generator.py
[2026-06-16T21:16:37.656+0000] {processor.py:914} INFO - Processing file /opt/airflow/dags/batch_generator.py for tasks to queue
[2026-06-16T21:16:37.658+0000] {logging_mixin.py:190} INFO - [2026-06-16T21:16:37.658+0000] {dagbag.py:588} INFO - Filling up the DagBag from /opt/airflow/dags/batch_generator.py
[2026-06-16T21:16:37.772+0000] {processor.py:925} INFO - DAG(s) 'extract_raw_data_pipeline' retrieved from /opt/airflow/dags/batch_generator.py
[2026-06-16T21:16:37.794+0000] {logging_mixin.py:190} INFO - [2026-06-16T21:16:37.793+0000] {dag.py:3239} INFO - Sync 1 DAGs
[2026-06-16T21:16:37.810+0000] {logging_mixin.py:190} INFO - [2026-06-16T21:16:37.810+0000] {dag.py:4180} INFO - Setting next_dagrun for extract_raw_data_pipeline to 2026-06-16 07:58:00+00:00, run_after=2026-06-16 07:59:00+00:00
[2026-06-16T21:16:37.825+0000] {processor.py:208} INFO - Processing /opt/airflow/dags/batch_generator.py took 0.175 seconds
[2026-06-16T21:17:07.929+0000] {processor.py:186} INFO - Started process (PID=122) to work on /opt/airflow/dags/batch_generator.py
[2026-06-16T21:17:07.930+0000] {processor.py:914} INFO - Processing file /opt/airflow/dags/batch_generator.py for tasks to queue
[2026-06-16T21:17:07.932+0000] {logging_mixin.py:190} INFO - [2026-06-16T21:17:07.931+0000] {dagbag.py:588} INFO - Filling up the DagBag from /opt/airflow/dags/batch_generator.py
[2026-06-16T21:17:08.046+0000] {processor.py:925} INFO - DAG(s) 'extract_raw_data_pipeline' retrieved from /opt/airflow/dags/batch_generator.py
[2026-06-16T21:17:08.063+0000] {logging_mixin.py:190} INFO - [2026-06-16T21:17:08.063+0000] {dag.py:3239} INFO - Sync 1 DAGs
[2026-06-16T21:17:08.078+0000] {logging_mixin.py:190} INFO - [2026-06-16T21:17:08.078+0000] {dag.py:4180} INFO - Setting next_dagrun for extract_raw_data_pipeline to 2026-06-16 07:58:00+00:00, run_after=2026-06-16 07:59:00+00:00
[2026-06-16T21:17:08.092+0000] {processor.py:208} INFO - Processing /opt/airflow/dags/batch_generator.py took 0.167 seconds
[2026-06-16T21:17:38.229+0000] {processor.py:186} INFO - Started process (PID=130) to work on /opt/airflow/dags/batch_generator.py
[2026-06-16T21:17:38.230+0000] {processor.py:914} INFO - Processing file /opt/airflow/dags/batch_generator.py for tasks to queue
[2026-06-16T21:17:38.232+0000] {logging_mixin.py:190} INFO - [2026-06-16T21:17:38.232+0000] {dagbag.py:588} INFO - Filling up the DagBag from /opt/airflow/dags/batch_generator.py
[2026-06-16T21:17:38.348+0000] {processor.py:925} INFO - DAG(s) 'extract_raw_data_pipeline' retrieved from /opt/airflow/dags/batch_generator.py
[2026-06-16T21:17:38.366+0000] {logging_mixin.py:190} INFO - [2026-06-16T21:17:38.366+0000] {dag.py:3239} INFO - Sync 1 DAGs
[2026-06-16T21:17:38.381+0000] {logging_mixin.py:190} INFO - [2026-06-16T21:17:38.381+0000] {dag.py:4180} INFO - Setting next_dagrun for extract_raw_data_pipeline to 2026-06-16 07:58:00+00:00, run_after=2026-06-16 07:59:00+00:00
[2026-06-16T21:17:38.398+0000] {processor.py:208} INFO - Processing /opt/airflow/dags/batch_generator.py took 0.174 seconds
[2026-06-16T21:18:08.468+0000] {processor.py:186} INFO - Started process (PID=138) to work on /opt/airflow/dags/batch_generator.py
[2026-06-16T21:18:08.470+0000] {processor.py:914} INFO - Processing file /opt/airflow/dags/batch_generator.py for tasks to queue
[2026-06-16T21:18:08.472+0000] {logging_mixin.py:190} INFO - [2026-06-16T21:18:08.471+0000] {dagbag.py:588} INFO - Filling up the DagBag from /opt/airflow/dags/batch_generator.py
[2026-06-16T21:18:08.585+0000] {processor.py:925} INFO - DAG(s) 'extract_raw_data_pipeline' retrieved from /opt/airflow/dags/batch_generator.py
[2026-06-16T21:18:08.606+0000] {logging_mixin.py:190} INFO - [2026-06-16T21:18:08.605+0000] {dag.py:3239} INFO - Sync 1 DAGs
[2026-06-16T21:18:08.623+0000] {logging_mixin.py:190} INFO - [2026-06-16T21:18:08.622+0000] {dag.py:4180} INFO - Setting next_dagrun for extract_raw_data_pipeline to 2026-06-16 07:58:00+00:00, run_after=2026-06-16 07:59:00+00:00
[2026-06-16T21:18:08.641+0000] {processor.py:208} INFO - Processing /opt/airflow/dags/batch_generator.py took 0.176 seconds
[2026-06-16T21:18:38.795+0000] {processor.py:186} INFO - Started process (PID=146) to work on /opt/airflow/dags/batch_generator.py
[2026-06-16T21:18:38.796+0000] {processor.py:914} INFO - Processing file /opt/airflow/dags/batch_generator.py for tasks to queue
[2026-06-16T21:18:38.798+0000] {logging_mixin.py:190} INFO - [2026-06-16T21:18:38.797+0000] {dagbag.py:588} INFO - Filling up the DagBag from /opt/airflow/dags/batch_generator.py
[2026-06-16T21:18:38.900+0000] {processor.py:925} INFO - DAG(s) 'extract_raw_data_pipeline' retrieved from /opt/airflow/dags/batch_generator.py
[2026-06-16T21:18:38.917+0000] {logging_mixin.py:190} INFO - [2026-06-16T21:18:38.917+0000] {dag.py:3239} INFO - Sync 1 DAGs
[2026-06-16T21:18:38.932+0000] {logging_mixin.py:190} INFO - [2026-06-16T21:18:38.932+0000] {dag.py:4180} INFO - Setting next_dagrun for extract_raw_data_pipeline to 2026-06-16 07:58:00+00:00, run_after=2026-06-16 07:59:00+00:00
[2026-06-16T21:18:38.946+0000] {processor.py:208} INFO - Processing /opt/airflow/dags/batch_generator.py took 0.155 seconds
[2026-06-16T21:19:09.022+0000] {processor.py:186} INFO - Started process (PID=154) to work on /opt/airflow/dags/batch_generator.py
[2026-06-16T21:19:09.023+0000] {processor.py:914} INFO - Processing file /opt/airflow/dags/batch_generator.py for tasks to queue
[2026-06-16T21:19:09.026+0000] {logging_mixin.py:190} INFO - [2026-06-16T21:19:09.025+0000] {dagbag.py:588} INFO - Filling up the DagBag from /opt/airflow/dags/batch_generator.py
[2026-06-16T21:19:09.141+0000] {processor.py:925} INFO - DAG(s) 'extract_raw_data_pipeline' retrieved from /opt/airflow/dags/batch_generator.py
[2026-06-16T21:19:09.159+0000] {logging_mixin.py:190} INFO - [2026-06-16T21:19:09.159+0000] {dag.py:3239} INFO - Sync 1 DAGs
[2026-06-16T21:19:09.177+0000] {logging_mixin.py:190} INFO - [2026-06-16T21:19:09.177+0000] {dag.py:4180} INFO - Setting next_dagrun for extract_raw_data_pipeline to 2026-06-16 07:58:00+00:00, run_after=2026-06-16 07:59:00+00:00
[2026-06-16T21:19:09.193+0000] {processor.py:208} INFO - Processing /opt/airflow/dags/batch_generator.py took 0.176 seconds
[2026-06-16T21:19:39.332+0000] {processor.py:186} INFO - Started process (PID=162) to work on /opt/airflow/dags/batch_generator.py
[2026-06-16T21:19:39.333+0000] {processor.py:914} INFO - Processing file /opt/airflow/dags/batch_generator.py for tasks to queue
[2026-06-16T21:19:39.335+0000] {logging_mixin.py:190} INFO - [2026-06-16T21:19:39.334+0000] {dagbag.py:588} INFO - Filling up the DagBag from /opt/airflow/dags/batch_generator.py
[2026-06-16T21:19:39.441+0000] {processor.py:925} INFO - DAG(s) 'extract_raw_data_pipeline' retrieved from /opt/airflow/dags/batch_generator.py
[2026-06-16T21:19:39.458+0000] {logging_mixin.py:190} INFO - [2026-06-16T21:19:39.458+0000] {dag.py:3239} INFO - Sync 1 DAGs
[2026-06-16T21:19:39.474+0000] {logging_mixin.py:190} INFO - [2026-06-16T21:19:39.473+0000] {dag.py:4180} INFO - Setting next_dagrun for extract_raw_data_pipeline to 2026-06-16 07:58:00+00:00, run_after=2026-06-16 07:59:00+00:00
[2026-06-16T21:19:39.489+0000] {processor.py:208} INFO - Processing /opt/airflow/dags/batch_generator.py took 0.161 seconds
[2026-06-16T21:20:09.561+0000] {processor.py:186} INFO - Started process (PID=170) to work on /opt/airflow/dags/batch_generator.py
[2026-06-16T21:20:09.562+0000] {processor.py:914} INFO - Processing file /opt/airflow/dags/batch_generator.py for tasks to queue
[2026-06-16T21:20:09.564+0000] {logging_mixin.py:190} INFO - [2026-06-16T21:20:09.564+0000] {dagbag.py:588} INFO - Filling up the DagBag from /opt/airflow/dags/batch_generator.py
[2026-06-16T21:20:09.678+0000] {processor.py:925} INFO - DAG(s) 'extract_raw_data_pipeline' retrieved from /opt/airflow/dags/batch_generator.py
[2026-06-16T21:20:09.697+0000] {logging_mixin.py:190} INFO - [2026-06-16T21:20:09.697+0000] {dag.py:3239} INFO - Sync 1 DAGs
[2026-06-16T21:20:09.713+0000] {logging_mixin.py:190} INFO - [2026-06-16T21:20:09.713+0000] {dag.py:4180} INFO - Setting next_dagrun for extract_raw_data_pipeline to 2026-06-16 07:58:00+00:00, run_after=2026-06-16 07:59:00+00:00
[2026-06-16T21:20:09.729+0000] {processor.py:208} INFO - Processing /opt/airflow/dags/batch_generator.py took 0.173 seconds
[2026-06-16T21:20:39.840+0000] {processor.py:186} INFO - Started process (PID=178) to work on /opt/airflow/dags/batch_generator.py
[2026-06-16T21:20:39.841+0000] {processor.py:914} INFO - Processing file /opt/airflow/dags/batch_generator.py for tasks to queue
[2026-06-16T21:20:39.843+0000] {logging_mixin.py:190} INFO - [2026-06-16T21:20:39.843+0000] {dagbag.py:588} INFO - Filling up the DagBag from /opt/airflow/dags/batch_generator.py
[2026-06-16T21:20:39.951+0000] {processor.py:925} INFO - DAG(s) 'extract_raw_data_pipeline' retrieved from /opt/airflow/dags/batch_generator.py
[2026-06-16T21:20:39.968+0000] {logging_mixin.py:190} INFO - [2026-06-16T21:20:39.968+0000] {dag.py:3239} INFO - Sync 1 DAGs
[2026-06-16T21:20:39.985+0000] {logging_mixin.py:190} INFO - [2026-06-16T21:20:39.985+0000] {dag.py:4180} INFO - Setting next_dagrun for extract_raw_data_pipeline to 2026-06-16 07:58:00+00:00, run_after=2026-06-16 07:59:00+00:00
[2026-06-16T21:20:39.999+0000] {processor.py:208} INFO - Processing /opt/airflow/dags/batch_generator.py took 0.164 seconds
[2026-06-16T21:21:10.159+0000] {processor.py:186} INFO - Started process (PID=186) to work on /opt/airflow/dags/batch_generator.py
[2026-06-16T21:21:10.160+0000] {processor.py:914} INFO - Processing file /opt/airflow/dags/batch_generator.py for tasks to queue
[2026-06-16T21:21:10.162+0000] {logging_mixin.py:190} INFO - [2026-06-16T21:21:10.162+0000] {dagbag.py:588} INFO - Filling up the DagBag from /opt/airflow/dags/batch_generator.py
[2026-06-16T21:21:10.274+0000] {processor.py:925} INFO - DAG(s) 'extract_raw_data_pipeline' retrieved from /opt/airflow/dags/batch_generator.py
[2026-06-16T21:21:10.292+0000] {logging_mixin.py:190} INFO - [2026-06-16T21:21:10.292+0000] {dag.py:3239} INFO - Sync 1 DAGs
[2026-06-16T21:21:10.307+0000] {logging_mixin.py:190} INFO - [2026-06-16T21:21:10.307+0000] {dag.py:4180} INFO - Setting next_dagrun for extract_raw_data_pipeline to 2026-06-16 07:58:00+00:00, run_after=2026-06-16 07:59:00+00:00
[2026-06-16T21:21:10.322+0000] {processor.py:208} INFO - Processing /opt/airflow/dags/batch_generator.py took 0.167 seconds
[2026-06-16T21:21:40.485+0000] {processor.py:186} INFO - Started process (PID=194) to work on /opt/airflow/dags/batch_generator.py
[2026-06-16T21:21:40.486+0000] {processor.py:914} INFO - Processing file /opt/airflow/dags/batch_generator.py for tasks to queue
[2026-06-16T21:21:40.488+0000] {logging_mixin.py:190} INFO - [2026-06-16T21:21:40.488+0000] {dagbag.py:588} INFO - Filling up the DagBag from /opt/airflow/dags/batch_generator.py
[2026-06-16T21:21:40.588+0000] {processor.py:925} INFO - DAG(s) 'extract_raw_data_pipeline' retrieved from /opt/airflow/dags/batch_generator.py
[2026-06-16T21:21:40.606+0000] {logging_mixin.py:190} INFO - [2026-06-16T21:21:40.606+0000] {dag.py:3239} INFO - Sync 1 DAGs
[2026-06-16T21:21:40.623+0000] {logging_mixin.py:190} INFO - [2026-06-16T21:21:40.622+0000] {dag.py:4180} INFO - Setting next_dagrun for extract_raw_data_pipeline to 2026-06-16 07:58:00+00:00, run_after=2026-06-16 07:59:00+00:00
[2026-06-16T21:21:40.641+0000] {processor.py:208} INFO - Processing /opt/airflow/dags/batch_generator.py took 0.160 seconds
[2026-06-16T21:22:10.868+0000] {processor.py:186} INFO - Started process (PID=203) to work on /opt/airflow/dags/batch_generator.py
[2026-06-16T21:22:10.869+0000] {processor.py:914} INFO - Processing file /opt/airflow/dags/batch_generator.py for tasks to queue
[2026-06-16T21:22:10.871+0000] {logging_mixin.py:190} INFO - [2026-06-16T21:22:10.871+0000] {dagbag.py:588} INFO - Filling up the DagBag from /opt/airflow/dags/batch_generator.py
[2026-06-16T21:22:10.986+0000] {processor.py:925} INFO - DAG(s) 'extract_raw_data_pipeline' retrieved from /opt/airflow/dags/batch_generator.py
[2026-06-16T21:22:11.003+0000] {logging_mixin.py:190} INFO - [2026-06-16T21:22:11.003+0000] {dag.py:3239} INFO - Sync 1 DAGs
[2026-06-16T21:22:11.016+0000] {logging_mixin.py:190} INFO - [2026-06-16T21:22:11.016+0000] {dag.py:4180} INFO - Setting next_dagrun for extract_raw_data_pipeline to 2026-06-16 07:58:00+00:00, run_after=2026-06-16 07:59:00+00:00
[2026-06-16T21:22:11.031+0000] {processor.py:208} INFO - Processing /opt/airflow/dags/batch_generator.py took 0.167 seconds
[2026-06-16T21:22:41.198+0000] {processor.py:186} INFO - Started process (PID=211) to work on /opt/airflow/dags/batch_generator.py
[2026-06-16T21:22:41.199+0000] {processor.py:914} INFO - Processing file /opt/airflow/dags/batch_generator.py for tasks to queue
[2026-06-16T21:22:41.201+0000] {logging_mixin.py:190} INFO - [2026-06-16T21:22:41.201+0000] {dagbag.py:588} INFO - Filling up the DagBag from /opt/airflow/dags/batch_generator.py
[2026-06-16T21:22:41.308+0000] {processor.py:925} INFO - DAG(s) 'extract_raw_data_pipeline' retrieved from /opt/airflow/dags/batch_generator.py
[2026-06-16T21:22:41.330+0000] {logging_mixin.py:190} INFO - [2026-06-16T21:22:41.330+0000] {dag.py:3239} INFO - Sync 1 DAGs
[2026-06-16T21:22:41.348+0000] {logging_mixin.py:190} INFO - [2026-06-16T21:22:41.348+0000] {dag.py:4180} INFO - Setting next_dagrun for extract_raw_data_pipeline to 2026-06-16 07:58:00+00:00, run_after=2026-06-16 07:59:00+00:00
[2026-06-16T21:22:41.363+0000] {processor.py:208} INFO - Processing /opt/airflow/dags/batch_generator.py took 0.169 seconds
[2026-06-16T21:23:11.561+0000] {processor.py:186} INFO - Started process (PID=219) to work on /opt/airflow/dags/batch_generator.py
[2026-06-16T21:23:11.563+0000] {processor.py:914} INFO - Processing file /opt/airflow/dags/batch_generator.py for tasks to queue
[2026-06-16T21:23:11.565+0000] {logging_mixin.py:190} INFO - [2026-06-16T21:23:11.565+0000] {dagbag.py:588} INFO - Filling up the DagBag from /opt/airflow/dags/batch_generator.py
[2026-06-16T21:23:11.697+0000] {processor.py:925} INFO - DAG(s) 'extract_raw_data_pipeline' retrieved from /opt/airflow/dags/batch_generator.py
[2026-06-16T21:23:11.717+0000] {logging_mixin.py:190} INFO - [2026-06-16T21:23:11.717+0000] {dag.py:3239} INFO - Sync 1 DAGs
[2026-06-16T21:23:11.734+0000] {logging_mixin.py:190} INFO - [2026-06-16T21:23:11.734+0000] {dag.py:4180} INFO - Setting next_dagrun for extract_raw_data_pipeline to 2026-06-16 07:58:00+00:00, run_after=2026-06-16 07:59:00+00:00
[2026-06-16T21:23:11.750+0000] {processor.py:208} INFO - Processing /opt/airflow/dags/batch_generator.py took 0.193 seconds
[2026-06-16T21:23:41.955+0000] {processor.py:186} INFO - Started process (PID=227) to work on /opt/airflow/dags/batch_generator.py
[2026-06-16T21:23:41.956+0000] {processor.py:914} INFO - Processing file /opt/airflow/dags/batch_generator.py for tasks to queue
[2026-06-16T21:23:41.958+0000] {logging_mixin.py:190} INFO - [2026-06-16T21:23:41.957+0000] {dagbag.py:588} INFO - Filling up the DagBag from /opt/airflow/dags/batch_generator.py
[2026-06-16T21:23:42.057+0000] {processor.py:925} INFO - DAG(s) 'extract_raw_data_pipeline' retrieved from /opt/airflow/dags/batch_generator.py
[2026-06-16T21:23:42.074+0000] {logging_mixin.py:190} INFO - [2026-06-16T21:23:42.074+0000] {dag.py:3239} INFO - Sync 1 DAGs
[2026-06-16T21:23:42.087+0000] {logging_mixin.py:190} INFO - [2026-06-16T21:23:42.087+0000] {dag.py:4180} INFO - Setting next_dagrun for extract_raw_data_pipeline to 2026-06-16 07:58:00+00:00, run_after=2026-06-16 07:59:00+00:00
[2026-06-16T21:23:42.100+0000] {processor.py:208} INFO - Processing /opt/airflow/dags/batch_generator.py took 0.149 seconds
[2026-06-16T21:24:12.183+0000] {processor.py:186} INFO - Started process (PID=235) to work on /opt/airflow/dags/batch_generator.py
[2026-06-16T21:24:12.184+0000] {processor.py:914} INFO - Processing file /opt/airflow/dags/batch_generator.py for tasks to queue
[2026-06-16T21:24:12.186+0000] {logging_mixin.py:190} INFO - [2026-06-16T21:24:12.186+0000] {dagbag.py:588} INFO - Filling up the DagBag from /opt/airflow/dags/batch_generator.py
[2026-06-16T21:24:12.302+0000] {processor.py:925} INFO - DAG(s) 'extract_raw_data_pipeline' retrieved from /opt/airflow/dags/batch_generator.py
[2026-06-16T21:24:12.321+0000] {logging_mixin.py:190} INFO - [2026-06-16T21:24:12.320+0000] {dag.py:3239} INFO - Sync 1 DAGs
[2026-06-16T21:24:12.338+0000] {logging_mixin.py:190} INFO - [2026-06-16T21:24:12.337+0000] {dag.py:4180} INFO - Setting next_dagrun for extract_raw_data_pipeline to 2026-06-16 07:58:00+00:00, run_after=2026-06-16 07:59:00+00:00
[2026-06-16T21:24:12.355+0000] {processor.py:208} INFO - Processing /opt/airflow/dags/batch_generator.py took 0.177 seconds
[2026-06-16T21:24:42.499+0000] {processor.py:186} INFO - Started process (PID=243) to work on /opt/airflow/dags/batch_generator.py
[2026-06-16T21:24:42.500+0000] {processor.py:914} INFO - Processing file /opt/airflow/dags/batch_generator.py for tasks to queue
[2026-06-16T21:24:42.502+0000] {logging_mixin.py:190} INFO - [2026-06-16T21:24:42.502+0000] {dagbag.py:588} INFO - Filling up the DagBag from /opt/airflow/dags/batch_generator.py
[2026-06-16T21:24:42.607+0000] {processor.py:925} INFO - DAG(s) 'extract_raw_data_pipeline' retrieved from /opt/airflow/dags/batch_generator.py
[2026-06-16T21:24:42.624+0000] {logging_mixin.py:190} INFO - [2026-06-16T21:24:42.624+0000] {dag.py:3239} INFO - Sync 1 DAGs
[2026-06-16T21:24:42.639+0000] {logging_mixin.py:190} INFO - [2026-06-16T21:24:42.639+0000] {dag.py:4180} INFO - Setting next_dagrun for extract_raw_data_pipeline to 2026-06-16 07:58:00+00:00, run_after=2026-06-16 07:59:00+00:00
[2026-06-16T21:24:42.663+0000] {processor.py:208} INFO - Processing /opt/airflow/dags/batch_generator.py took 0.168 seconds
[2026-06-16T21:25:12.715+0000] {processor.py:186} INFO - Started process (PID=251) to work on /opt/airflow/dags/batch_generator.py
[2026-06-16T21:25:12.716+0000] {processor.py:914} INFO - Processing file /opt/airflow/dags/batch_generator.py for tasks to queue
[2026-06-16T21:25:12.719+0000] {logging_mixin.py:190} INFO - [2026-06-16T21:25:12.718+0000] {dagbag.py:588} INFO - Filling up the DagBag from /opt/airflow/dags/batch_generator.py
[2026-06-16T21:25:12.834+0000] {processor.py:925} INFO - DAG(s) 'extract_raw_data_pipeline' retrieved from /opt/airflow/dags/batch_generator.py
[2026-06-16T21:25:12.854+0000] {logging_mixin.py:190} INFO - [2026-06-16T21:25:12.854+0000] {dag.py:3239} INFO - Sync 1 DAGs
[2026-06-16T21:25:12.870+0000] {logging_mixin.py:190} INFO - [2026-06-16T21:25:12.870+0000] {dag.py:4180} INFO - Setting next_dagrun for extract_raw_data_pipeline to 2026-06-16 07:58:00+00:00, run_after=2026-06-16 07:59:00+00:00
[2026-06-16T21:25:12.887+0000] {processor.py:208} INFO - Processing /opt/airflow/dags/batch_generator.py took 0.176 seconds
[2026-06-16T21:25:43.050+0000] {processor.py:186} INFO - Started process (PID=259) to work on /opt/airflow/dags/batch_generator.py
[2026-06-16T21:25:43.051+0000] {processor.py:914} INFO - Processing file /opt/airflow/dags/batch_generator.py for tasks to queue
[2026-06-16T21:25:43.053+0000] {logging_mixin.py:190} INFO - [2026-06-16T21:25:43.053+0000] {dagbag.py:588} INFO - Filling up the DagBag from /opt/airflow/dags/batch_generator.py
[2026-06-16T21:25:43.171+0000] {processor.py:925} INFO - DAG(s) 'extract_raw_data_pipeline' retrieved from /opt/airflow/dags/batch_generator.py
[2026-06-16T21:25:43.190+0000] {logging_mixin.py:190} INFO - [2026-06-16T21:25:43.190+0000] {dag.py:3239} INFO - Sync 1 DAGs
[2026-06-16T21:25:43.207+0000] {logging_mixin.py:190} INFO - [2026-06-16T21:25:43.207+0000] {dag.py:4180} INFO - Setting next_dagrun for extract_raw_data_pipeline to 2026-06-16 07:58:00+00:00, run_after=2026-06-16 07:59:00+00:00
[2026-06-16T21:25:43.221+0000] {processor.py:208} INFO - Processing /opt/airflow/dags/batch_generator.py took 0.177 seconds
[2026-06-16T21:26:13.447+0000] {processor.py:186} INFO - Started process (PID=267) to work on /opt/airflow/dags/batch_generator.py
[2026-06-16T21:26:13.448+0000] {processor.py:914} INFO - Processing file /opt/airflow/dags/batch_generator.py for tasks to queue
[2026-06-16T21:26:13.450+0000] {logging_mixin.py:190} INFO - [2026-06-16T21:26:13.450+0000] {dagbag.py:588} INFO - Filling up the DagBag from /opt/airflow/dags/batch_generator.py
[2026-06-16T21:26:13.552+0000] {processor.py:925} INFO - DAG(s) 'extract_raw_data_pipeline' retrieved from /opt/airflow/dags/batch_generator.py
[2026-06-16T21:26:13.571+0000] {logging_mixin.py:190} INFO - [2026-06-16T21:26:13.571+0000] {dag.py:3239} INFO - Sync 1 DAGs
[2026-06-16T21:26:13.586+0000] {logging_mixin.py:190} INFO - [2026-06-16T21:26:13.586+0000] {dag.py:4180} INFO - Setting next_dagrun for extract_raw_data_pipeline to 2026-06-16 07:58:00+00:00, run_after=2026-06-16 07:59:00+00:00
[2026-06-16T21:26:13.602+0000] {processor.py:208} INFO - Processing /opt/airflow/dags/batch_generator.py took 0.159 seconds
[2026-06-16T21:26:43.825+0000] {processor.py:186} INFO - Started process (PID=275) to work on /opt/airflow/dags/batch_generator.py
[2026-06-16T21:26:43.826+0000] {processor.py:914} INFO - Processing file /opt/airflow/dags/batch_generator.py for tasks to queue
[2026-06-16T21:26:43.829+0000] {logging_mixin.py:190} INFO - [2026-06-16T21:26:43.828+0000] {dagbag.py:588} INFO - Filling up the DagBag from /opt/airflow/dags/batch_generator.py
[2026-06-16T21:26:43.929+0000] {processor.py:925} INFO - DAG(s) 'extract_raw_data_pipeline' retrieved from /opt/airflow/dags/batch_generator.py
[2026-06-16T21:26:43.945+0000] {logging_mixin.py:190} INFO - [2026-06-16T21:26:43.945+0000] {dag.py:3239} INFO - Sync 1 DAGs
[2026-06-16T21:26:43.961+0000] {logging_mixin.py:190} INFO - [2026-06-16T21:26:43.961+0000] {dag.py:4180} INFO - Setting next_dagrun for extract_raw_data_pipeline to 2026-06-16 07:58:00+00:00, run_after=2026-06-16 07:59:00+00:00
[2026-06-16T21:26:43.976+0000] {processor.py:208} INFO - Processing /opt/airflow/dags/batch_generator.py took 0.155 seconds
[2026-06-16T21:27:14.145+0000] {processor.py:186} INFO - Started process (PID=283) to work on /opt/airflow/dags/batch_generator.py
[2026-06-16T21:27:14.146+0000] {processor.py:914} INFO - Processing file /opt/airflow/dags/batch_generator.py for tasks to queue
[2026-06-16T21:27:14.148+0000] {logging_mixin.py:190} INFO - [2026-06-16T21:27:14.148+0000] {dagbag.py:588} INFO - Filling up the DagBag from /opt/airflow/dags/batch_generator.py
[2026-06-16T21:27:14.248+0000] {processor.py:925} INFO - DAG(s) 'extract_raw_data_pipeline' retrieved from /opt/airflow/dags/batch_generator.py
[2026-06-16T21:27:14.268+0000] {logging_mixin.py:190} INFO - [2026-06-16T21:27:14.268+0000] {dag.py:3239} INFO - Sync 1 DAGs
[2026-06-16T21:27:14.282+0000] {logging_mixin.py:190} INFO - [2026-06-16T21:27:14.282+0000] {dag.py:4180} INFO - Setting next_dagrun for extract_raw_data_pipeline to 2026-06-16 07:58:00+00:00, run_after=2026-06-16 07:59:00+00:00
[2026-06-16T21:27:14.297+0000] {processor.py:208} INFO - Processing /opt/airflow/dags/batch_generator.py took 0.156 seconds
[2026-06-16T21:27:44.406+0000] {processor.py:186} INFO - Started process (PID=291) to work on /opt/airflow/dags/batch_generator.py
[2026-06-16T21:27:44.407+0000] {processor.py:914} INFO - Processing file /opt/airflow/dags/batch_generator.py for tasks to queue
[2026-06-16T21:27:44.409+0000] {logging_mixin.py:190} INFO - [2026-06-16T21:27:44.409+0000] {dagbag.py:588} INFO - Filling up the DagBag from /opt/airflow/dags/batch_generator.py
[2026-06-16T21:27:44.508+0000] {processor.py:925} INFO - DAG(s) 'extract_raw_data_pipeline' retrieved from /opt/airflow/dags/batch_generator.py
[2026-06-16T21:27:44.524+0000] {logging_mixin.py:190} INFO - [2026-06-16T21:27:44.524+0000] {dag.py:3239} INFO - Sync 1 DAGs
[2026-06-16T21:27:44.538+0000] {logging_mixin.py:190} INFO - [2026-06-16T21:27:44.538+0000] {dag.py:4180} INFO - Setting next_dagrun for extract_raw_data_pipeline to 2026-06-16 07:58:00+00:00, run_after=2026-06-16 07:59:00+00:00
[2026-06-16T21:27:44.554+0000] {processor.py:208} INFO - Processing /opt/airflow/dags/batch_generator.py took 0.151 seconds
[2026-06-16T21:28:14.620+0000] {processor.py:186} INFO - Started process (PID=299) to work on /opt/airflow/dags/batch_generator.py
[2026-06-16T21:28:14.621+0000] {processor.py:914} INFO - Processing file /opt/airflow/dags/batch_generator.py for tasks to queue
[2026-06-16T21:28:14.623+0000] {logging_mixin.py:190} INFO - [2026-06-16T21:28:14.623+0000] {dagbag.py:588} INFO - Filling up the DagBag from /opt/airflow/dags/batch_generator.py
[2026-06-16T21:28:14.734+0000] {processor.py:925} INFO - DAG(s) 'extract_raw_data_pipeline' retrieved from /opt/airflow/dags/batch_generator.py
[2026-06-16T21:28:14.754+0000] {logging_mixin.py:190} INFO - [2026-06-16T21:28:14.753+0000] {dag.py:3239} INFO - Sync 1 DAGs
[2026-06-16T21:28:14.770+0000] {logging_mixin.py:190} INFO - [2026-06-16T21:28:14.770+0000] {dag.py:4180} INFO - Setting next_dagrun for extract_raw_data_pipeline to 2026-06-16 07:58:00+00:00, run_after=2026-06-16 07:59:00+00:00
[2026-06-16T21:28:14.787+0000] {processor.py:208} INFO - Processing /opt/airflow/dags/batch_generator.py took 0.171 seconds
[2026-06-16T21:28:44.976+0000] {processor.py:186} INFO - Started process (PID=307) to work on /opt/airflow/dags/batch_generator.py
[2026-06-16T21:28:44.977+0000] {processor.py:914} INFO - Processing file /opt/airflow/dags/batch_generator.py for tasks to queue
[2026-06-16T21:28:44.979+0000] {logging_mixin.py:190} INFO - [2026-06-16T21:28:44.978+0000] {dagbag.py:588} INFO - Filling up the DagBag from /opt/airflow/dags/batch_generator.py
[2026-06-16T21:28:45.073+0000] {processor.py:925} INFO - DAG(s) 'extract_raw_data_pipeline' retrieved from /opt/airflow/dags/batch_generator.py
[2026-06-16T21:28:45.090+0000] {logging_mixin.py:190} INFO - [2026-06-16T21:28:45.090+0000] {dag.py:3239} INFO - Sync 1 DAGs
[2026-06-16T21:28:45.105+0000] {logging_mixin.py:190} INFO - [2026-06-16T21:28:45.105+0000] {dag.py:4180} INFO - Setting next_dagrun for extract_raw_data_pipeline to 2026-06-16 07:58:00+00:00, run_after=2026-06-16 07:59:00+00:00
[2026-06-16T21:28:45.119+0000] {processor.py:208} INFO - Processing /opt/airflow/dags/batch_generator.py took 0.147 seconds
[2026-06-16T21:29:15.167+0000] {processor.py:186} INFO - Started process (PID=315) to work on /opt/airflow/dags/batch_generator.py
[2026-06-16T21:29:15.168+0000] {processor.py:914} INFO - Processing file /opt/airflow/dags/batch_generator.py for tasks to queue
[2026-06-16T21:29:15.171+0000] {logging_mixin.py:190} INFO - [2026-06-16T21:29:15.170+0000] {dagbag.py:588} INFO - Filling up the DagBag from /opt/airflow/dags/batch_generator.py
[2026-06-16T21:29:15.276+0000] {processor.py:925} INFO - DAG(s) 'extract_raw_data_pipeline' retrieved from /opt/airflow/dags/batch_generator.py
[2026-06-16T21:29:15.293+0000] {logging_mixin.py:190} INFO - [2026-06-16T21:29:15.293+0000] {dag.py:3239} INFO - Sync 1 DAGs
[2026-06-16T21:29:15.307+0000] {logging_mixin.py:190} INFO - [2026-06-16T21:29:15.307+0000] {dag.py:4180} INFO - Setting next_dagrun for extract_raw_data_pipeline to 2026-06-16 07:58:00+00:00, run_after=2026-06-16 07:59:00+00:00
[2026-06-16T21:29:15.320+0000] {processor.py:208} INFO - Processing /opt/airflow/dags/batch_generator.py took 0.158 seconds
[2026-06-16T21:29:45.471+0000] {processor.py:186} INFO - Started process (PID=323) to work on /opt/airflow/dags/batch_generator.py
[2026-06-16T21:29:45.472+0000] {processor.py:914} INFO - Processing file /opt/airflow/dags/batch_generator.py for tasks to queue
[2026-06-16T21:29:45.474+0000] {logging_mixin.py:190} INFO - [2026-06-16T21:29:45.474+0000] {dagbag.py:588} INFO - Filling up the DagBag from /opt/airflow/dags/batch_generator.py
[2026-06-16T21:29:45.621+0000] {processor.py:925} INFO - DAG(s) 'extract_raw_data_pipeline' retrieved from /opt/airflow/dags/batch_generator.py
[2026-06-16T21:29:45.643+0000] {logging_mixin.py:190} INFO - [2026-06-16T21:29:45.643+0000] {dag.py:3239} INFO - Sync 1 DAGs
[2026-06-16T21:29:45.663+0000] {logging_mixin.py:190} INFO - [2026-06-16T21:29:45.663+0000] {dag.py:4180} INFO - Setting next_dagrun for extract_raw_data_pipeline to 2026-06-16 07:58:00+00:00, run_after=2026-06-16 07:59:00+00:00
[2026-06-16T21:29:45.683+0000] {processor.py:208} INFO - Processing /opt/airflow/dags/batch_generator.py took 0.218 seconds
[2026-06-16T21:30:15.871+0000] {processor.py:186} INFO - Started process (PID=331) to work on /opt/airflow/dags/batch_generator.py
[2026-06-16T21:30:15.873+0000] {processor.py:914} INFO - Processing file /opt/airflow/dags/batch_generator.py for tasks to queue
[2026-06-16T21:30:15.876+0000] {logging_mixin.py:190} INFO - [2026-06-16T21:30:15.876+0000] {dagbag.py:588} INFO - Filling up the DagBag from /opt/airflow/dags/batch_generator.py
[2026-06-16T21:30:15.997+0000] {processor.py:925} INFO - DAG(s) 'extract_raw_data_pipeline' retrieved from /opt/airflow/dags/batch_generator.py
[2026-06-16T21:30:16.016+0000] {logging_mixin.py:190} INFO - [2026-06-16T21:30:16.016+0000] {dag.py:3239} INFO - Sync 1 DAGs
[2026-06-16T21:30:16.032+0000] {logging_mixin.py:190} INFO - [2026-06-16T21:30:16.032+0000] {dag.py:4180} INFO - Setting next_dagrun for extract_raw_data_pipeline to 2026-06-16 07:58:00+00:00, run_after=2026-06-16 07:59:00+00:00
[2026-06-16T21:30:16.048+0000] {processor.py:208} INFO - Processing /opt/airflow/dags/batch_generator.py took 0.181 seconds
[2026-06-16T21:30:46.331+0000] {processor.py:186} INFO - Started process (PID=339) to work on /opt/airflow/dags/batch_generator.py
[2026-06-16T21:30:46.331+0000] {processor.py:914} INFO - Processing file /opt/airflow/dags/batch_generator.py for tasks to queue
[2026-06-16T21:30:46.333+0000] {logging_mixin.py:190} INFO - [2026-06-16T21:30:46.333+0000] {dagbag.py:588} INFO - Filling up the DagBag from /opt/airflow/dags/batch_generator.py
[2026-06-16T21:30:46.442+0000] {processor.py:925} INFO - DAG(s) 'extract_raw_data_pipeline' retrieved from /opt/airflow/dags/batch_generator.py
[2026-06-16T21:30:46.459+0000] {logging_mixin.py:190} INFO - [2026-06-16T21:30:46.459+0000] {dag.py:3239} INFO - Sync 1 DAGs
[2026-06-16T21:30:46.474+0000] {logging_mixin.py:190} INFO - [2026-06-16T21:30:46.473+0000] {dag.py:4180} INFO - Setting next_dagrun for extract_raw_data_pipeline to 2026-06-16 07:58:00+00:00, run_after=2026-06-16 07:59:00+00:00
[2026-06-16T21:30:46.490+0000] {processor.py:208} INFO - Processing /opt/airflow/dags/batch_generator.py took 0.164 seconds
[2026-06-16T21:31:16.536+0000] {processor.py:186} INFO - Started process (PID=347) to work on /opt/airflow/dags/batch_generator.py
[2026-06-16T21:31:16.536+0000] {processor.py:914} INFO - Processing file /opt/airflow/dags/batch_generator.py for tasks to queue
[2026-06-16T21:31:16.538+0000] {logging_mixin.py:190} INFO - [2026-06-16T21:31:16.538+0000] {dagbag.py:588} INFO - Filling up the DagBag from /opt/airflow/dags/batch_generator.py
[2026-06-16T21:31:16.629+0000] {processor.py:925} INFO - DAG(s) 'extract_raw_data_pipeline' retrieved from /opt/airflow/dags/batch_generator.py
[2026-06-16T21:31:16.647+0000] {logging_mixin.py:190} INFO - [2026-06-16T21:31:16.647+0000] {dag.py:3239} INFO - Sync 1 DAGs
[2026-06-16T21:31:16.662+0000] {logging_mixin.py:190} INFO - [2026-06-16T21:31:16.662+0000] {dag.py:4180} INFO - Setting next_dagrun for extract_raw_data_pipeline to 2026-06-16 07:58:00+00:00, run_after=2026-06-16 07:59:00+00:00
[2026-06-16T21:31:16.675+0000] {processor.py:208} INFO - Processing /opt/airflow/dags/batch_generator.py took 0.143 seconds
[2026-06-16T21:31:47.008+0000] {processor.py:186} INFO - Started process (PID=355) to work on /opt/airflow/dags/batch_generator.py
[2026-06-16T21:31:47.009+0000] {processor.py:914} INFO - Processing file /opt/airflow/dags/batch_generator.py for tasks to queue
[2026-06-16T21:31:47.011+0000] {logging_mixin.py:190} INFO - [2026-06-16T21:31:47.011+0000] {dagbag.py:588} INFO - Filling up the DagBag from /opt/airflow/dags/batch_generator.py
[2026-06-16T21:31:47.107+0000] {processor.py:925} INFO - DAG(s) 'extract_raw_data_pipeline' retrieved from /opt/airflow/dags/batch_generator.py
[2026-06-16T21:31:47.125+0000] {logging_mixin.py:190} INFO - [2026-06-16T21:31:47.125+0000] {dag.py:3239} INFO - Sync 1 DAGs
[2026-06-16T21:31:47.140+0000] {logging_mixin.py:190} INFO - [2026-06-16T21:31:47.140+0000] {dag.py:4180} INFO - Setting next_dagrun for extract_raw_data_pipeline to 2026-06-16 07:58:00+00:00, run_after=2026-06-16 07:59:00+00:00
[2026-06-16T21:31:47.154+0000] {processor.py:208} INFO - Processing /opt/airflow/dags/batch_generator.py took 0.150 seconds
[2026-06-16T21:32:17.207+0000] {processor.py:186} INFO - Started process (PID=363) to work on /opt/airflow/dags/batch_generator.py
[2026-06-16T21:32:17.208+0000] {processor.py:914} INFO - Processing file /opt/airflow/dags/batch_generator.py for tasks to queue
[2026-06-16T21:32:17.210+0000] {logging_mixin.py:190} INFO - [2026-06-16T21:32:17.210+0000] {dagbag.py:588} INFO - Filling up the DagBag from /opt/airflow/dags/batch_generator.py
[2026-06-16T21:32:17.308+0000] {processor.py:925} INFO - DAG(s) 'extract_raw_data_pipeline' retrieved from /opt/airflow/dags/batch_generator.py
[2026-06-16T21:32:17.325+0000] {logging_mixin.py:190} INFO - [2026-06-16T21:32:17.325+0000] {dag.py:3239} INFO - Sync 1 DAGs
[2026-06-16T21:32:17.341+0000] {logging_mixin.py:190} INFO - [2026-06-16T21:32:17.340+0000] {dag.py:4180} INFO - Setting next_dagrun for extract_raw_data_pipeline to 2026-06-16 07:58:00+00:00, run_after=2026-06-16 07:59:00+00:00
[2026-06-16T21:32:17.361+0000] {processor.py:208} INFO - Processing /opt/airflow/dags/batch_generator.py took 0.158 seconds
[2026-06-16T21:32:47.624+0000] {processor.py:186} INFO - Started process (PID=371) to work on /opt/airflow/dags/batch_generator.py
[2026-06-16T21:32:47.625+0000] {processor.py:914} INFO - Processing file /opt/airflow/dags/batch_generator.py for tasks to queue
[2026-06-16T21:32:47.627+0000] {logging_mixin.py:190} INFO - [2026-06-16T21:32:47.627+0000] {dagbag.py:588} INFO - Filling up the DagBag from /opt/airflow/dags/batch_generator.py
[2026-06-16T21:32:47.735+0000] {processor.py:925} INFO - DAG(s) 'extract_raw_data_pipeline' retrieved from /opt/airflow/dags/batch_generator.py
[2026-06-16T21:32:47.752+0000] {logging_mixin.py:190} INFO - [2026-06-16T21:32:47.752+0000] {dag.py:3239} INFO - Sync 1 DAGs
[2026-06-16T21:32:47.767+0000] {logging_mixin.py:190} INFO - [2026-06-16T21:32:47.767+0000] {dag.py:4180} INFO - Setting next_dagrun for extract_raw_data_pipeline to 2026-06-16 07:58:00+00:00, run_after=2026-06-16 07:59:00+00:00
[2026-06-16T21:32:47.782+0000] {processor.py:208} INFO - Processing /opt/airflow/dags/batch_generator.py took 0.163 seconds
[2026-06-16T21:33:17.855+0000] {processor.py:186} INFO - Started process (PID=380) to work on /opt/airflow/dags/batch_generator.py
[2026-06-16T21:33:17.855+0000] {processor.py:914} INFO - Processing file /opt/airflow/dags/batch_generator.py for tasks to queue
[2026-06-16T21:33:17.857+0000] {logging_mixin.py:190} INFO - [2026-06-16T21:33:17.857+0000] {dagbag.py:588} INFO - Filling up the DagBag from /opt/airflow/dags/batch_generator.py
[2026-06-16T21:33:17.952+0000] {processor.py:925} INFO - DAG(s) 'extract_raw_data_pipeline' retrieved from /opt/airflow/dags/batch_generator.py
[2026-06-16T21:33:17.969+0000] {logging_mixin.py:190} INFO - [2026-06-16T21:33:17.969+0000] {dag.py:3239} INFO - Sync 1 DAGs
[2026-06-16T21:33:17.984+0000] {logging_mixin.py:190} INFO - [2026-06-16T21:33:17.983+0000] {dag.py:4180} INFO - Setting next_dagrun for extract_raw_data_pipeline to 2026-06-16 07:58:00+00:00, run_after=2026-06-16 07:59:00+00:00
[2026-06-16T21:33:17.997+0000] {processor.py:208} INFO - Processing /opt/airflow/dags/batch_generator.py took 0.146 seconds
[2026-06-16T21:33:48.127+0000] {processor.py:186} INFO - Started process (PID=388) to work on /opt/airflow/dags/batch_generator.py
[2026-06-16T21:33:48.127+0000] {processor.py:914} INFO - Processing file /opt/airflow/dags/batch_generator.py for tasks to queue
[2026-06-16T21:33:48.129+0000] {logging_mixin.py:190} INFO - [2026-06-16T21:33:48.129+0000] {dagbag.py:588} INFO - Filling up the DagBag from /opt/airflow/dags/batch_generator.py
[2026-06-16T21:33:48.225+0000] {processor.py:925} INFO - DAG(s) 'extract_raw_data_pipeline' retrieved from /opt/airflow/dags/batch_generator.py
[2026-06-16T21:33:48.242+0000] {logging_mixin.py:190} INFO - [2026-06-16T21:33:48.242+0000] {dag.py:3239} INFO - Sync 1 DAGs
[2026-06-16T21:33:48.256+0000] {logging_mixin.py:190} INFO - [2026-06-16T21:33:48.256+0000] {dag.py:4180} INFO - Setting next_dagrun for extract_raw_data_pipeline to 2026-06-16 07:58:00+00:00, run_after=2026-06-16 07:59:00+00:00
[2026-06-16T21:33:48.271+0000] {processor.py:208} INFO - Processing /opt/airflow/dags/batch_generator.py took 0.148 seconds
[2026-06-16T21:34:18.358+0000] {processor.py:186} INFO - Started process (PID=396) to work on /opt/airflow/dags/batch_generator.py
[2026-06-16T21:34:18.359+0000] {processor.py:914} INFO - Processing file /opt/airflow/dags/batch_generator.py for tasks to queue
[2026-06-16T21:34:18.361+0000] {logging_mixin.py:190} INFO - [2026-06-16T21:34:18.360+0000] {dagbag.py:588} INFO - Filling up the DagBag from /opt/airflow/dags/batch_generator.py
[2026-06-16T21:34:18.458+0000] {processor.py:925} INFO - DAG(s) 'extract_raw_data_pipeline' retrieved from /opt/airflow/dags/batch_generator.py
[2026-06-16T21:34:18.477+0000] {logging_mixin.py:190} INFO - [2026-06-16T21:34:18.477+0000] {dag.py:3239} INFO - Sync 1 DAGs
[2026-06-16T21:34:18.491+0000] {logging_mixin.py:190} INFO - [2026-06-16T21:34:18.491+0000] {dag.py:4180} INFO - Setting next_dagrun for extract_raw_data_pipeline to 2026-06-16 07:58:00+00:00, run_after=2026-06-16 07:59:00+00:00
[2026-06-16T21:34:18.508+0000] {processor.py:208} INFO - Processing /opt/airflow/dags/batch_generator.py took 0.154 seconds
[2026-06-16T21:34:49.044+0000] {processor.py:186} INFO - Started process (PID=404) to work on /opt/airflow/dags/batch_generator.py
[2026-06-16T21:34:49.047+0000] {processor.py:914} INFO - Processing file /opt/airflow/dags/batch_generator.py for tasks to queue
[2026-06-16T21:34:49.050+0000] {logging_mixin.py:190} INFO - [2026-06-16T21:34:49.050+0000] {dagbag.py:588} INFO - Filling up the DagBag from /opt/airflow/dags/batch_generator.py
[2026-06-16T21:34:49.177+0000] {processor.py:925} INFO - DAG(s) 'extract_raw_data_pipeline' retrieved from /opt/airflow/dags/batch_generator.py
[2026-06-16T21:34:49.194+0000] {logging_mixin.py:190} INFO - [2026-06-16T21:34:49.194+0000] {dag.py:3239} INFO - Sync 1 DAGs
[2026-06-16T21:34:49.218+0000] {logging_mixin.py:190} INFO - [2026-06-16T21:34:49.218+0000] {dag.py:4180} INFO - Setting next_dagrun for extract_raw_data_pipeline to 2026-06-16 07:58:00+00:00, run_after=2026-06-16 07:59:00+00:00
[2026-06-16T21:34:49.232+0000] {processor.py:208} INFO - Processing /opt/airflow/dags/batch_generator.py took 0.193 seconds
[2026-06-16T21:35:19.593+0000] {processor.py:186} INFO - Started process (PID=412) to work on /opt/airflow/dags/batch_generator.py
[2026-06-16T21:35:19.594+0000] {processor.py:914} INFO - Processing file /opt/airflow/dags/batch_generator.py for tasks to queue
[2026-06-16T21:35:19.596+0000] {logging_mixin.py:190} INFO - [2026-06-16T21:35:19.596+0000] {dagbag.py:588} INFO - Filling up the DagBag from /opt/airflow/dags/batch_generator.py
[2026-06-16T21:35:19.695+0000] {processor.py:925} INFO - DAG(s) 'extract_raw_data_pipeline' retrieved from /opt/airflow/dags/batch_generator.py
[2026-06-16T21:35:19.717+0000] {logging_mixin.py:190} INFO - [2026-06-16T21:35:19.717+0000] {dag.py:3239} INFO - Sync 1 DAGs
[2026-06-16T21:35:19.734+0000] {logging_mixin.py:190} INFO - [2026-06-16T21:35:19.733+0000] {dag.py:4180} INFO - Setting next_dagrun for extract_raw_data_pipeline to 2026-06-16 07:58:00+00:00, run_after=2026-06-16 07:59:00+00:00
[2026-06-16T21:35:19.750+0000] {processor.py:208} INFO - Processing /opt/airflow/dags/batch_generator.py took 0.160 seconds
[2026-06-16T21:35:49.814+0000] {processor.py:186} INFO - Started process (PID=420) to work on /opt/airflow/dags/batch_generator.py
[2026-06-16T21:35:49.814+0000] {processor.py:914} INFO - Processing file /opt/airflow/dags/batch_generator.py for tasks to queue
[2026-06-16T21:35:49.816+0000] {logging_mixin.py:190} INFO - [2026-06-16T21:35:49.816+0000] {dagbag.py:588} INFO - Filling up the DagBag from /opt/airflow/dags/batch_generator.py
[2026-06-16T21:35:49.918+0000] {processor.py:925} INFO - DAG(s) 'extract_raw_data_pipeline' retrieved from /opt/airflow/dags/batch_generator.py
[2026-06-16T21:35:49.934+0000] {logging_mixin.py:190} INFO - [2026-06-16T21:35:49.934+0000] {dag.py:3239} INFO - Sync 1 DAGs
[2026-06-16T21:35:49.949+0000] {logging_mixin.py:190} INFO - [2026-06-16T21:35:49.948+0000] {dag.py:4180} INFO - Setting next_dagrun for extract_raw_data_pipeline to 2026-06-16 07:58:00+00:00, run_after=2026-06-16 07:59:00+00:00
[2026-06-16T21:35:49.966+0000] {processor.py:208} INFO - Processing /opt/airflow/dags/batch_generator.py took 0.156 seconds
[2026-06-16T21:36:20.218+0000] {processor.py:186} INFO - Started process (PID=428) to work on /opt/airflow/dags/batch_generator.py
[2026-06-16T21:36:20.220+0000] {processor.py:914} INFO - Processing file /opt/airflow/dags/batch_generator.py for tasks to queue
[2026-06-16T21:36:20.223+0000] {logging_mixin.py:190} INFO - [2026-06-16T21:36:20.223+0000] {dagbag.py:588} INFO - Filling up the DagBag from /opt/airflow/dags/batch_generator.py
[2026-06-16T21:36:20.361+0000] {processor.py:925} INFO - DAG(s) 'extract_raw_data_pipeline' retrieved from /opt/airflow/dags/batch_generator.py
[2026-06-16T21:36:20.375+0000] {logging_mixin.py:190} INFO - [2026-06-16T21:36:20.375+0000] {dag.py:3239} INFO - Sync 1 DAGs
[2026-06-16T21:36:20.388+0000] {logging_mixin.py:190} INFO - [2026-06-16T21:36:20.388+0000] {dag.py:4180} INFO - Setting next_dagrun for extract_raw_data_pipeline to 2026-06-16 07:58:00+00:00, run_after=2026-06-16 07:59:00+00:00
[2026-06-16T21:36:20.402+0000] {processor.py:208} INFO - Processing /opt/airflow/dags/batch_generator.py took 0.187 seconds
[2026-06-16T21:36:50.654+0000] {processor.py:186} INFO - Started process (PID=436) to work on /opt/airflow/dags/batch_generator.py
[2026-06-16T21:36:50.655+0000] {processor.py:914} INFO - Processing file /opt/airflow/dags/batch_generator.py for tasks to queue
[2026-06-16T21:36:50.657+0000] {logging_mixin.py:190} INFO - [2026-06-16T21:36:50.657+0000] {dagbag.py:588} INFO - Filling up the DagBag from /opt/airflow/dags/batch_generator.py
[2026-06-16T21:36:50.742+0000] {processor.py:925} INFO - DAG(s) 'extract_raw_data_pipeline' retrieved from /opt/airflow/dags/batch_generator.py
[2026-06-16T21:36:50.758+0000] {logging_mixin.py:190} INFO - [2026-06-16T21:36:50.758+0000] {dag.py:3239} INFO - Sync 1 DAGs
[2026-06-16T21:36:50.772+0000] {logging_mixin.py:190} INFO - [2026-06-16T21:36:50.772+0000] {dag.py:4180} INFO - Setting next_dagrun for extract_raw_data_pipeline to 2026-06-16 07:58:00+00:00, run_after=2026-06-16 07:59:00+00:00
[2026-06-16T21:36:50.785+0000] {processor.py:208} INFO - Processing /opt/airflow/dags/batch_generator.py took 0.135 seconds
[2026-06-16T21:37:20.885+0000] {processor.py:186} INFO - Started process (PID=444) to work on /opt/airflow/dags/batch_generator.py
[2026-06-16T21:37:20.886+0000] {processor.py:914} INFO - Processing file /opt/airflow/dags/batch_generator.py for tasks to queue
[2026-06-16T21:37:20.888+0000] {logging_mixin.py:190} INFO - [2026-06-16T21:37:20.888+0000] {dagbag.py:588} INFO - Filling up the DagBag from /opt/airflow/dags/batch_generator.py
[2026-06-16T21:37:21.002+0000] {processor.py:925} INFO - DAG(s) 'extract_raw_data_pipeline' retrieved from /opt/airflow/dags/batch_generator.py
[2026-06-16T21:37:21.021+0000] {logging_mixin.py:190} INFO - [2026-06-16T21:37:21.021+0000] {dag.py:3239} INFO - Sync 1 DAGs
[2026-06-16T21:37:21.036+0000] {logging_mixin.py:190} INFO - [2026-06-16T21:37:21.036+0000] {dag.py:4180} INFO - Setting next_dagrun for extract_raw_data_pipeline to 2026-06-16 07:58:00+00:00, run_after=2026-06-16 07:59:00+00:00
[2026-06-16T21:37:21.050+0000] {processor.py:208} INFO - Processing /opt/airflow/dags/batch_generator.py took 0.169 seconds
[2026-06-16T21:37:51.314+0000] {processor.py:186} INFO - Started process (PID=452) to work on /opt/airflow/dags/batch_generator.py
[2026-06-16T21:37:51.315+0000] {processor.py:914} INFO - Processing file /opt/airflow/dags/batch_generator.py for tasks to queue
[2026-06-16T21:37:51.317+0000] {logging_mixin.py:190} INFO - [2026-06-16T21:37:51.316+0000] {dagbag.py:588} INFO - Filling up the DagBag from /opt/airflow/dags/batch_generator.py
[2026-06-16T21:37:51.434+0000] {processor.py:925} INFO - DAG(s) 'extract_raw_data_pipeline' retrieved from /opt/airflow/dags/batch_generator.py
[2026-06-16T21:37:51.454+0000] {logging_mixin.py:190} INFO - [2026-06-16T21:37:51.454+0000] {dag.py:3239} INFO - Sync 1 DAGs
[2026-06-16T21:37:51.471+0000] {logging_mixin.py:190} INFO - [2026-06-16T21:37:51.471+0000] {dag.py:4180} INFO - Setting next_dagrun for extract_raw_data_pipeline to 2026-06-16 07:58:00+00:00, run_after=2026-06-16 07:59:00+00:00
[2026-06-16T21:37:51.500+0000] {processor.py:208} INFO - Processing /opt/airflow/dags/batch_generator.py took 0.188 seconds
[2026-06-16T21:38:21.536+0000] {processor.py:186} INFO - Started process (PID=460) to work on /opt/airflow/dags/batch_generator.py
[2026-06-16T21:38:21.536+0000] {processor.py:914} INFO - Processing file /opt/airflow/dags/batch_generator.py for tasks to queue
[2026-06-16T21:38:21.538+0000] {logging_mixin.py:190} INFO - [2026-06-16T21:38:21.538+0000] {dagbag.py:588} INFO - Filling up the DagBag from /opt/airflow/dags/batch_generator.py
[2026-06-16T21:38:21.624+0000] {processor.py:925} INFO - DAG(s) 'extract_raw_data_pipeline' retrieved from /opt/airflow/dags/batch_generator.py
[2026-06-16T21:38:21.640+0000] {logging_mixin.py:190} INFO - [2026-06-16T21:38:21.640+0000] {dag.py:3239} INFO - Sync 1 DAGs
[2026-06-16T21:38:21.653+0000] {logging_mixin.py:190} INFO - [2026-06-16T21:38:21.652+0000] {dag.py:4180} INFO - Setting next_dagrun for extract_raw_data_pipeline to 2026-06-16 07:58:00+00:00, run_after=2026-06-16 07:59:00+00:00
[2026-06-16T21:38:21.667+0000] {processor.py:208} INFO - Processing /opt/airflow/dags/batch_generator.py took 0.135 seconds
[2026-06-16T21:38:51.831+0000] {processor.py:186} INFO - Started process (PID=468) to work on /opt/airflow/dags/batch_generator.py
[2026-06-16T21:38:51.832+0000] {processor.py:914} INFO - Processing file /opt/airflow/dags/batch_generator.py for tasks to queue
[2026-06-16T21:38:51.834+0000] {logging_mixin.py:190} INFO - [2026-06-16T21:38:51.833+0000] {dagbag.py:588} INFO - Filling up the DagBag from /opt/airflow/dags/batch_generator.py
[2026-06-16T21:38:51.932+0000] {processor.py:925} INFO - DAG(s) 'extract_raw_data_pipeline' retrieved from /opt/airflow/dags/batch_generator.py
[2026-06-16T21:38:51.947+0000] {logging_mixin.py:190} INFO - [2026-06-16T21:38:51.947+0000] {dag.py:3239} INFO - Sync 1 DAGs
[2026-06-16T21:38:51.960+0000] {logging_mixin.py:190} INFO - [2026-06-16T21:38:51.960+0000] {dag.py:4180} INFO - Setting next_dagrun for extract_raw_data_pipeline to 2026-06-16 07:58:00+00:00, run_after=2026-06-16 07:59:00+00:00
[2026-06-16T21:38:51.976+0000] {processor.py:208} INFO - Processing /opt/airflow/dags/batch_generator.py took 0.150 seconds
[2026-06-16T21:39:22.052+0000] {processor.py:186} INFO - Started process (PID=476) to work on /opt/airflow/dags/batch_generator.py
[2026-06-16T21:39:22.053+0000] {processor.py:914} INFO - Processing file /opt/airflow/dags/batch_generator.py for tasks to queue
[2026-06-16T21:39:22.054+0000] {logging_mixin.py:190} INFO - [2026-06-16T21:39:22.054+0000] {dagbag.py:588} INFO - Filling up the DagBag from /opt/airflow/dags/batch_generator.py
[2026-06-16T21:39:22.148+0000] {processor.py:925} INFO - DAG(s) 'extract_raw_data_pipeline' retrieved from /opt/airflow/dags/batch_generator.py
[2026-06-16T21:39:22.166+0000] {logging_mixin.py:190} INFO - [2026-06-16T21:39:22.165+0000] {dag.py:3239} INFO - Sync 1 DAGs
[2026-06-16T21:39:22.180+0000] {logging_mixin.py:190} INFO - [2026-06-16T21:39:22.180+0000] {dag.py:4180} INFO - Setting next_dagrun for extract_raw_data_pipeline to 2026-06-16 07:58:00+00:00, run_after=2026-06-16 07:59:00+00:00
[2026-06-16T21:39:22.193+0000] {processor.py:208} INFO - Processing /opt/airflow/dags/batch_generator.py took 0.145 seconds
[2026-06-16T21:39:52.408+0000] {processor.py:186} INFO - Started process (PID=484) to work on /opt/airflow/dags/batch_generator.py
[2026-06-16T21:39:52.408+0000] {processor.py:914} INFO - Processing file /opt/airflow/dags/batch_generator.py for tasks to queue
[2026-06-16T21:39:52.410+0000] {logging_mixin.py:190} INFO - [2026-06-16T21:39:52.410+0000] {dagbag.py:588} INFO - Filling up the DagBag from /opt/airflow/dags/batch_generator.py
[2026-06-16T21:39:52.512+0000] {processor.py:925} INFO - DAG(s) 'extract_raw_data_pipeline' retrieved from /opt/airflow/dags/batch_generator.py
[2026-06-16T21:39:52.527+0000] {logging_mixin.py:190} INFO - [2026-06-16T21:39:52.527+0000] {dag.py:3239} INFO - Sync 1 DAGs
[2026-06-16T21:39:52.541+0000] {logging_mixin.py:190} INFO - [2026-06-16T21:39:52.540+0000] {dag.py:4180} INFO - Setting next_dagrun for extract_raw_data_pipeline to 2026-06-16 07:58:00+00:00, run_after=2026-06-16 07:59:00+00:00
[2026-06-16T21:39:52.553+0000] {processor.py:208} INFO - Processing /opt/airflow/dags/batch_generator.py took 0.149 seconds
[2026-06-16T21:40:22.622+0000] {processor.py:186} INFO - Started process (PID=492) to work on /opt/airflow/dags/batch_generator.py
[2026-06-16T21:40:22.622+0000] {processor.py:914} INFO - Processing file /opt/airflow/dags/batch_generator.py for tasks to queue
[2026-06-16T21:40:22.624+0000] {logging_mixin.py:190} INFO - [2026-06-16T21:40:22.624+0000] {dagbag.py:588} INFO - Filling up the DagBag from /opt/airflow/dags/batch_generator.py
[2026-06-16T21:40:22.710+0000] {processor.py:925} INFO - DAG(s) 'extract_raw_data_pipeline' retrieved from /opt/airflow/dags/batch_generator.py
[2026-06-16T21:40:22.728+0000] {logging_mixin.py:190} INFO - [2026-06-16T21:40:22.727+0000] {dag.py:3239} INFO - Sync 1 DAGs
[2026-06-16T21:40:22.742+0000] {logging_mixin.py:190} INFO - [2026-06-16T21:40:22.742+0000] {dag.py:4180} INFO - Setting next_dagrun for extract_raw_data_pipeline to 2026-06-16 07:58:00+00:00, run_after=2026-06-16 07:59:00+00:00
[2026-06-16T21:40:22.758+0000] {processor.py:208} INFO - Processing /opt/airflow/dags/batch_generator.py took 0.140 seconds
[2026-06-16T21:40:53.029+0000] {processor.py:186} INFO - Started process (PID=500) to work on /opt/airflow/dags/batch_generator.py
[2026-06-16T21:40:53.029+0000] {processor.py:914} INFO - Processing file /opt/airflow/dags/batch_generator.py for tasks to queue
[2026-06-16T21:40:53.031+0000] {logging_mixin.py:190} INFO - [2026-06-16T21:40:53.031+0000] {dagbag.py:588} INFO - Filling up the DagBag from /opt/airflow/dags/batch_generator.py
[2026-06-16T21:40:53.116+0000] {processor.py:925} INFO - DAG(s) 'extract_raw_data_pipeline' retrieved from /opt/airflow/dags/batch_generator.py
[2026-06-16T21:40:53.131+0000] {logging_mixin.py:190} INFO - [2026-06-16T21:40:53.130+0000] {dag.py:3239} INFO - Sync 1 DAGs
[2026-06-16T21:40:53.144+0000] {logging_mixin.py:190} INFO - [2026-06-16T21:40:53.144+0000] {dag.py:4180} INFO - Setting next_dagrun for extract_raw_data_pipeline to 2026-06-16 07:58:00+00:00, run_after=2026-06-16 07:59:00+00:00
[2026-06-16T21:40:53.158+0000] {processor.py:208} INFO - Processing /opt/airflow/dags/batch_generator.py took 0.132 seconds
[2026-06-16T21:41:23.292+0000] {processor.py:186} INFO - Started process (PID=508) to work on /opt/airflow/dags/batch_generator.py
[2026-06-16T21:41:23.292+0000] {processor.py:914} INFO - Processing file /opt/airflow/dags/batch_generator.py for tasks to queue
[2026-06-16T21:41:23.294+0000] {logging_mixin.py:190} INFO - [2026-06-16T21:41:23.294+0000] {dagbag.py:588} INFO - Filling up the DagBag from /opt/airflow/dags/batch_generator.py
[2026-06-16T21:41:23.377+0000] {processor.py:925} INFO - DAG(s) 'extract_raw_data_pipeline' retrieved from /opt/airflow/dags/batch_generator.py
[2026-06-16T21:41:23.392+0000] {logging_mixin.py:190} INFO - [2026-06-16T21:41:23.392+0000] {dag.py:3239} INFO - Sync 1 DAGs
[2026-06-16T21:41:23.404+0000] {logging_mixin.py:190} INFO - [2026-06-16T21:41:23.404+0000] {dag.py:4180} INFO - Setting next_dagrun for extract_raw_data_pipeline to 2026-06-16 07:58:00+00:00, run_after=2026-06-16 07:59:00+00:00
[2026-06-16T21:41:23.416+0000] {processor.py:208} INFO - Processing /opt/airflow/dags/batch_generator.py took 0.128 seconds
[2026-06-16T21:41:53.604+0000] {processor.py:186} INFO - Started process (PID=516) to work on /opt/airflow/dags/batch_generator.py
[2026-06-16T21:41:53.604+0000] {processor.py:914} INFO - Processing file /opt/airflow/dags/batch_generator.py for tasks to queue
[2026-06-16T21:41:53.606+0000] {logging_mixin.py:190} INFO - [2026-06-16T21:41:53.606+0000] {dagbag.py:588} INFO - Filling up the DagBag from /opt/airflow/dags/batch_generator.py
[2026-06-16T21:41:53.692+0000] {processor.py:925} INFO - DAG(s) 'extract_raw_data_pipeline' retrieved from /opt/airflow/dags/batch_generator.py
[2026-06-16T21:41:53.708+0000] {logging_mixin.py:190} INFO - [2026-06-16T21:41:53.707+0000] {dag.py:3239} INFO - Sync 1 DAGs
[2026-06-16T21:41:53.720+0000] {logging_mixin.py:190} INFO - [2026-06-16T21:41:53.720+0000] {dag.py:4180} INFO - Setting next_dagrun for extract_raw_data_pipeline to 2026-06-16 07:58:00+00:00, run_after=2026-06-16 07:59:00+00:00
[2026-06-16T21:41:53.732+0000] {processor.py:208} INFO - Processing /opt/airflow/dags/batch_generator.py took 0.132 seconds
[2026-06-16T21:42:23.906+0000] {processor.py:186} INFO - Started process (PID=524) to work on /opt/airflow/dags/batch_generator.py
[2026-06-16T21:42:23.906+0000] {processor.py:914} INFO - Processing file /opt/airflow/dags/batch_generator.py for tasks to queue
[2026-06-16T21:42:23.908+0000] {logging_mixin.py:190} INFO - [2026-06-16T21:42:23.908+0000] {dagbag.py:588} INFO - Filling up the DagBag from /opt/airflow/dags/batch_generator.py
[2026-06-16T21:42:24.015+0000] {processor.py:925} INFO - DAG(s) 'extract_raw_data_pipeline' retrieved from /opt/airflow/dags/batch_generator.py
[2026-06-16T21:42:24.032+0000] {logging_mixin.py:190} INFO - [2026-06-16T21:42:24.031+0000] {dag.py:3239} INFO - Sync 1 DAGs
[2026-06-16T21:42:24.047+0000] {logging_mixin.py:190} INFO - [2026-06-16T21:42:24.047+0000] {dag.py:4180} INFO - Setting next_dagrun for extract_raw_data_pipeline to 2026-06-16 07:58:00+00:00, run_after=2026-06-16 07:59:00+00:00
[2026-06-16T21:42:24.062+0000] {processor.py:208} INFO - Processing /opt/airflow/dags/batch_generator.py took 0.161 seconds
[2026-06-16T21:42:54.180+0000] {processor.py:186} INFO - Started process (PID=532) to work on /opt/airflow/dags/batch_generator.py
[2026-06-16T21:42:54.181+0000] {processor.py:914} INFO - Processing file /opt/airflow/dags/batch_generator.py for tasks to queue
[2026-06-16T21:42:54.183+0000] {logging_mixin.py:190} INFO - [2026-06-16T21:42:54.182+0000] {dagbag.py:588} INFO - Filling up the DagBag from /opt/airflow/dags/batch_generator.py
[2026-06-16T21:42:54.287+0000] {processor.py:925} INFO - DAG(s) 'extract_raw_data_pipeline' retrieved from /opt/airflow/dags/batch_generator.py
[2026-06-16T21:42:54.307+0000] {logging_mixin.py:190} INFO - [2026-06-16T21:42:54.307+0000] {dag.py:3239} INFO - Sync 1 DAGs
[2026-06-16T21:42:54.323+0000] {logging_mixin.py:190} INFO - [2026-06-16T21:42:54.322+0000] {dag.py:4180} INFO - Setting next_dagrun for extract_raw_data_pipeline to 2026-06-16 07:58:00+00:00, run_after=2026-06-16 07:59:00+00:00
[2026-06-16T21:42:54.338+0000] {processor.py:208} INFO - Processing /opt/airflow/dags/batch_generator.py took 0.161 seconds
[2026-06-16T21:43:24.606+0000] {processor.py:186} INFO - Started process (PID=541) to work on /opt/airflow/dags/batch_generator.py
[2026-06-16T21:43:24.607+0000] {processor.py:914} INFO - Processing file /opt/airflow/dags/batch_generator.py for tasks to queue
[2026-06-16T21:43:24.608+0000] {logging_mixin.py:190} INFO - [2026-06-16T21:43:24.608+0000] {dagbag.py:588} INFO - Filling up the DagBag from /opt/airflow/dags/batch_generator.py
[2026-06-16T21:43:24.701+0000] {processor.py:925} INFO - DAG(s) 'extract_raw_data_pipeline' retrieved from /opt/airflow/dags/batch_generator.py
[2026-06-16T21:43:24.716+0000] {logging_mixin.py:190} INFO - [2026-06-16T21:43:24.716+0000] {dag.py:3239} INFO - Sync 1 DAGs
[2026-06-16T21:43:24.728+0000] {logging_mixin.py:190} INFO - [2026-06-16T21:43:24.728+0000] {dag.py:4180} INFO - Setting next_dagrun for extract_raw_data_pipeline to 2026-06-16 07:58:00+00:00, run_after=2026-06-16 07:59:00+00:00
[2026-06-16T21:43:24.744+0000] {processor.py:208} INFO - Processing /opt/airflow/dags/batch_generator.py took 0.141 seconds
[2026-06-16T21:43:54.894+0000] {processor.py:186} INFO - Started process (PID=549) to work on /opt/airflow/dags/batch_generator.py
[2026-06-16T21:43:54.895+0000] {processor.py:914} INFO - Processing file /opt/airflow/dags/batch_generator.py for tasks to queue
[2026-06-16T21:43:54.897+0000] {logging_mixin.py:190} INFO - [2026-06-16T21:43:54.896+0000] {dagbag.py:588} INFO - Filling up the DagBag from /opt/airflow/dags/batch_generator.py
[2026-06-16T21:43:54.995+0000] {processor.py:925} INFO - DAG(s) 'extract_raw_data_pipeline' retrieved from /opt/airflow/dags/batch_generator.py
[2026-06-16T21:43:55.011+0000] {logging_mixin.py:190} INFO - [2026-06-16T21:43:55.011+0000] {dag.py:3239} INFO - Sync 1 DAGs
[2026-06-16T21:43:55.024+0000] {logging_mixin.py:190} INFO - [2026-06-16T21:43:55.024+0000] {dag.py:4180} INFO - Setting next_dagrun for extract_raw_data_pipeline to 2026-06-16 07:58:00+00:00, run_after=2026-06-16 07:59:00+00:00
[2026-06-16T21:43:55.037+0000] {processor.py:208} INFO - Processing /opt/airflow/dags/batch_generator.py took 0.147 seconds
[2026-06-16T21:44:25.258+0000] {processor.py:186} INFO - Started process (PID=557) to work on /opt/airflow/dags/batch_generator.py
[2026-06-16T21:44:25.259+0000] {processor.py:914} INFO - Processing file /opt/airflow/dags/batch_generator.py for tasks to queue
[2026-06-16T21:44:25.261+0000] {logging_mixin.py:190} INFO - [2026-06-16T21:44:25.261+0000] {dagbag.py:588} INFO - Filling up the DagBag from /opt/airflow/dags/batch_generator.py
[2026-06-16T21:44:25.351+0000] {processor.py:925} INFO - DAG(s) 'extract_raw_data_pipeline' retrieved from /opt/airflow/dags/batch_generator.py
[2026-06-16T21:44:25.364+0000] {logging_mixin.py:190} INFO - [2026-06-16T21:44:25.364+0000] {dag.py:3239} INFO - Sync 1 DAGs
[2026-06-16T21:44:25.376+0000] {logging_mixin.py:190} INFO - [2026-06-16T21:44:25.376+0000] {dag.py:4180} INFO - Setting next_dagrun for extract_raw_data_pipeline to 2026-06-16 07:58:00+00:00, run_after=2026-06-16 07:59:00+00:00
[2026-06-16T21:44:25.388+0000] {processor.py:208} INFO - Processing /opt/airflow/dags/batch_generator.py took 0.136 seconds
[2026-06-16T21:44:55.598+0000] {processor.py:186} INFO - Started process (PID=565) to work on /opt/airflow/dags/batch_generator.py
[2026-06-16T21:44:55.598+0000] {processor.py:914} INFO - Processing file /opt/airflow/dags/batch_generator.py for tasks to queue
[2026-06-16T21:44:55.600+0000] {logging_mixin.py:190} INFO - [2026-06-16T21:44:55.600+0000] {dagbag.py:588} INFO - Filling up the DagBag from /opt/airflow/dags/batch_generator.py
[2026-06-16T21:44:55.696+0000] {processor.py:925} INFO - DAG(s) 'extract_raw_data_pipeline' retrieved from /opt/airflow/dags/batch_generator.py
[2026-06-16T21:44:55.711+0000] {logging_mixin.py:190} INFO - [2026-06-16T21:44:55.711+0000] {dag.py:3239} INFO - Sync 1 DAGs
[2026-06-16T21:44:55.726+0000] {logging_mixin.py:190} INFO - [2026-06-16T21:44:55.726+0000] {dag.py:4180} INFO - Setting next_dagrun for extract_raw_data_pipeline to 2026-06-16 07:58:00+00:00, run_after=2026-06-16 07:59:00+00:00
[2026-06-16T21:44:55.749+0000] {processor.py:208} INFO - Processing /opt/airflow/dags/batch_generator.py took 0.156 seconds
[2026-06-16T21:45:25.851+0000] {processor.py:186} INFO - Started process (PID=573) to work on /opt/airflow/dags/batch_generator.py
[2026-06-16T21:45:25.851+0000] {processor.py:914} INFO - Processing file /opt/airflow/dags/batch_generator.py for tasks to queue
[2026-06-16T21:45:25.853+0000] {logging_mixin.py:190} INFO - [2026-06-16T21:45:25.853+0000] {dagbag.py:588} INFO - Filling up the DagBag from /opt/airflow/dags/batch_generator.py
[2026-06-16T21:45:25.943+0000] {processor.py:925} INFO - DAG(s) 'extract_raw_data_pipeline' retrieved from /opt/airflow/dags/batch_generator.py
[2026-06-16T21:45:25.960+0000] {logging_mixin.py:190} INFO - [2026-06-16T21:45:25.960+0000] {dag.py:3239} INFO - Sync 1 DAGs
[2026-06-16T21:45:25.972+0000] {logging_mixin.py:190} INFO - [2026-06-16T21:45:25.972+0000] {dag.py:4180} INFO - Setting next_dagrun for extract_raw_data_pipeline to 2026-06-16 07:58:00+00:00, run_after=2026-06-16 07:59:00+00:00
[2026-06-16T21:45:25.995+0000] {processor.py:208} INFO - Processing /opt/airflow/dags/batch_generator.py took 0.148 seconds
[2026-06-16T21:45:56.179+0000] {processor.py:186} INFO - Started process (PID=580) to work on /opt/airflow/dags/batch_generator.py
[2026-06-16T21:45:56.180+0000] {processor.py:914} INFO - Processing file /opt/airflow/dags/batch_generator.py for tasks to queue
[2026-06-16T21:45:56.181+0000] {logging_mixin.py:190} INFO - [2026-06-16T21:45:56.181+0000] {dagbag.py:588} INFO - Filling up the DagBag from /opt/airflow/dags/batch_generator.py
[2026-06-16T21:45:56.267+0000] {processor.py:925} INFO - DAG(s) 'extract_raw_data_pipeline' retrieved from /opt/airflow/dags/batch_generator.py
[2026-06-16T21:45:56.282+0000] {logging_mixin.py:190} INFO - [2026-06-16T21:45:56.282+0000] {dag.py:3239} INFO - Sync 1 DAGs
[2026-06-16T21:45:56.295+0000] {logging_mixin.py:190} INFO - [2026-06-16T21:45:56.294+0000] {dag.py:4180} INFO - Setting next_dagrun for extract_raw_data_pipeline to 2026-06-16 07:58:00+00:00, run_after=2026-06-16 07:59:00+00:00
[2026-06-16T21:45:56.307+0000] {processor.py:208} INFO - Processing /opt/airflow/dags/batch_generator.py took 0.131 seconds
[2026-06-16T21:46:26.430+0000] {processor.py:186} INFO - Started process (PID=588) to work on /opt/airflow/dags/batch_generator.py
[2026-06-16T21:46:26.431+0000] {processor.py:914} INFO - Processing file /opt/airflow/dags/batch_generator.py for tasks to queue
[2026-06-16T21:46:26.433+0000] {logging_mixin.py:190} INFO - [2026-06-16T21:46:26.433+0000] {dagbag.py:588} INFO - Filling up the DagBag from /opt/airflow/dags/batch_generator.py
[2026-06-16T21:46:26.521+0000] {processor.py:925} INFO - DAG(s) 'extract_raw_data_pipeline' retrieved from /opt/airflow/dags/batch_generator.py
[2026-06-16T21:46:26.536+0000] {logging_mixin.py:190} INFO - [2026-06-16T21:46:26.536+0000] {dag.py:3239} INFO - Sync 1 DAGs
[2026-06-16T21:46:26.549+0000] {logging_mixin.py:190} INFO - [2026-06-16T21:46:26.548+0000] {dag.py:4180} INFO - Setting next_dagrun for extract_raw_data_pipeline to 2026-06-16 07:58:00+00:00, run_after=2026-06-16 07:59:00+00:00
[2026-06-16T21:46:26.563+0000] {processor.py:208} INFO - Processing /opt/airflow/dags/batch_generator.py took 0.136 seconds
[2026-06-16T21:46:56.741+0000] {processor.py:186} INFO - Started process (PID=596) to work on /opt/airflow/dags/batch_generator.py
[2026-06-16T21:46:56.741+0000] {processor.py:914} INFO - Processing file /opt/airflow/dags/batch_generator.py for tasks to queue
[2026-06-16T21:46:56.743+0000] {logging_mixin.py:190} INFO - [2026-06-16T21:46:56.743+0000] {dagbag.py:588} INFO - Filling up the DagBag from /opt/airflow/dags/batch_generator.py
[2026-06-16T21:46:56.831+0000] {processor.py:925} INFO - DAG(s) 'extract_raw_data_pipeline' retrieved from /opt/airflow/dags/batch_generator.py
[2026-06-16T21:46:56.847+0000] {logging_mixin.py:190} INFO - [2026-06-16T21:46:56.847+0000] {dag.py:3239} INFO - Sync 1 DAGs
[2026-06-16T21:46:56.860+0000] {logging_mixin.py:190} INFO - [2026-06-16T21:46:56.860+0000] {dag.py:4180} INFO - Setting next_dagrun for extract_raw_data_pipeline to 2026-06-16 07:58:00+00:00, run_after=2026-06-16 07:59:00+00:00
[2026-06-16T21:46:56.874+0000] {processor.py:208} INFO - Processing /opt/airflow/dags/batch_generator.py took 0.137 seconds
[2026-06-16T21:47:27.085+0000] {processor.py:186} INFO - Started process (PID=604) to work on /opt/airflow/dags/batch_generator.py
[2026-06-16T21:47:27.085+0000] {processor.py:914} INFO - Processing file /opt/airflow/dags/batch_generator.py for tasks to queue
[2026-06-16T21:47:27.087+0000] {logging_mixin.py:190} INFO - [2026-06-16T21:47:27.087+0000] {dagbag.py:588} INFO - Filling up the DagBag from /opt/airflow/dags/batch_generator.py
[2026-06-16T21:47:27.173+0000] {processor.py:925} INFO - DAG(s) 'extract_raw_data_pipeline' retrieved from /opt/airflow/dags/batch_generator.py
[2026-06-16T21:47:27.189+0000] {logging_mixin.py:190} INFO - [2026-06-16T21:47:27.189+0000] {dag.py:3239} INFO - Sync 1 DAGs
[2026-06-16T21:47:27.202+0000] {logging_mixin.py:190} INFO - [2026-06-16T21:47:27.202+0000] {dag.py:4180} INFO - Setting next_dagrun for extract_raw_data_pipeline to 2026-06-16 07:58:00+00:00, run_after=2026-06-16 07:59:00+00:00
[2026-06-16T21:47:27.219+0000] {processor.py:208} INFO - Processing /opt/airflow/dags/batch_generator.py took 0.138 seconds
[2026-06-16T21:47:57.341+0000] {processor.py:186} INFO - Started process (PID=612) to work on /opt/airflow/dags/batch_generator.py
[2026-06-16T21:47:57.342+0000] {processor.py:914} INFO - Processing file /opt/airflow/dags/batch_generator.py for tasks to queue
[2026-06-16T21:47:57.343+0000] {logging_mixin.py:190} INFO - [2026-06-16T21:47:57.343+0000] {dagbag.py:588} INFO - Filling up the DagBag from /opt/airflow/dags/batch_generator.py
[2026-06-16T21:47:57.441+0000] {processor.py:925} INFO - DAG(s) 'extract_raw_data_pipeline' retrieved from /opt/airflow/dags/batch_generator.py
[2026-06-16T21:47:57.458+0000] {logging_mixin.py:190} INFO - [2026-06-16T21:47:57.458+0000] {dag.py:3239} INFO - Sync 1 DAGs
[2026-06-16T21:47:57.472+0000] {logging_mixin.py:190} INFO - [2026-06-16T21:47:57.472+0000] {dag.py:4180} INFO - Setting next_dagrun for extract_raw_data_pipeline to 2026-06-16 07:58:00+00:00, run_after=2026-06-16 07:59:00+00:00
[2026-06-16T21:47:57.486+0000] {processor.py:208} INFO - Processing /opt/airflow/dags/batch_generator.py took 0.149 seconds
[2026-06-16T21:48:27.673+0000] {processor.py:186} INFO - Started process (PID=620) to work on /opt/airflow/dags/batch_generator.py
[2026-06-16T21:48:27.674+0000] {processor.py:914} INFO - Processing file /opt/airflow/dags/batch_generator.py for tasks to queue
[2026-06-16T21:48:27.676+0000] {logging_mixin.py:190} INFO - [2026-06-16T21:48:27.675+0000] {dagbag.py:588} INFO - Filling up the DagBag from /opt/airflow/dags/batch_generator.py
[2026-06-16T21:48:27.784+0000] {processor.py:925} INFO - DAG(s) 'extract_raw_data_pipeline' retrieved from /opt/airflow/dags/batch_generator.py
[2026-06-16T21:48:27.800+0000] {logging_mixin.py:190} INFO - [2026-06-16T21:48:27.800+0000] {dag.py:3239} INFO - Sync 1 DAGs
[2026-06-16T21:48:27.814+0000] {logging_mixin.py:190} INFO - [2026-06-16T21:48:27.814+0000] {dag.py:4180} INFO - Setting next_dagrun for extract_raw_data_pipeline to 2026-06-16 07:58:00+00:00, run_after=2026-06-16 07:59:00+00:00
[2026-06-16T21:48:27.830+0000] {processor.py:208} INFO - Processing /opt/airflow/dags/batch_generator.py took 0.161 seconds
[2026-06-16T21:48:57.973+0000] {processor.py:186} INFO - Started process (PID=628) to work on /opt/airflow/dags/batch_generator.py
[2026-06-16T21:48:57.974+0000] {processor.py:914} INFO - Processing file /opt/airflow/dags/batch_generator.py for tasks to queue
[2026-06-16T21:48:57.975+0000] {logging_mixin.py:190} INFO - [2026-06-16T21:48:57.975+0000] {dagbag.py:588} INFO - Filling up the DagBag from /opt/airflow/dags/batch_generator.py
[2026-06-16T21:48:58.061+0000] {processor.py:925} INFO - DAG(s) 'extract_raw_data_pipeline' retrieved from /opt/airflow/dags/batch_generator.py
[2026-06-16T21:48:58.080+0000] {logging_mixin.py:190} INFO - [2026-06-16T21:48:58.079+0000] {dag.py:3239} INFO - Sync 1 DAGs
[2026-06-16T21:48:58.136+0000] {logging_mixin.py:190} INFO - [2026-06-16T21:48:58.136+0000] {dag.py:4180} INFO - Setting next_dagrun for extract_raw_data_pipeline to 2026-06-16 07:58:00+00:00, run_after=2026-06-16 07:59:00+00:00
[2026-06-16T21:48:58.213+0000] {processor.py:208} INFO - Processing /opt/airflow/dags/batch_generator.py took 0.244 seconds
[2026-06-16T21:49:28.306+0000] {processor.py:186} INFO - Started process (PID=636) to work on /opt/airflow/dags/batch_generator.py
[2026-06-16T21:49:28.307+0000] {processor.py:914} INFO - Processing file /opt/airflow/dags/batch_generator.py for tasks to queue
[2026-06-16T21:49:28.308+0000] {logging_mixin.py:190} INFO - [2026-06-16T21:49:28.308+0000] {dagbag.py:588} INFO - Filling up the DagBag from /opt/airflow/dags/batch_generator.py
[2026-06-16T21:49:28.448+0000] {processor.py:925} INFO - DAG(s) 'extract_raw_data_pipeline' retrieved from /opt/airflow/dags/batch_generator.py
[2026-06-16T21:49:28.466+0000] {logging_mixin.py:190} INFO - [2026-06-16T21:49:28.466+0000] {dag.py:3239} INFO - Sync 1 DAGs
[2026-06-16T21:49:28.482+0000] {logging_mixin.py:190} INFO - [2026-06-16T21:49:28.482+0000] {dag.py:4180} INFO - Setting next_dagrun for extract_raw_data_pipeline to 2026-06-16 07:58:00+00:00, run_after=2026-06-16 07:59:00+00:00
[2026-06-16T21:49:28.496+0000] {processor.py:208} INFO - Processing /opt/airflow/dags/batch_generator.py took 0.194 seconds
[2026-06-16T21:49:58.746+0000] {processor.py:186} INFO - Started process (PID=644) to work on /opt/airflow/dags/batch_generator.py
[2026-06-16T21:49:58.747+0000] {processor.py:914} INFO - Processing file /opt/airflow/dags/batch_generator.py for tasks to queue
[2026-06-16T21:49:58.748+0000] {logging_mixin.py:190} INFO - [2026-06-16T21:49:58.748+0000] {dagbag.py:588} INFO - Filling up the DagBag from /opt/airflow/dags/batch_generator.py
[2026-06-16T21:49:58.838+0000] {processor.py:925} INFO - DAG(s) 'extract_raw_data_pipeline' retrieved from /opt/airflow/dags/batch_generator.py
[2026-06-16T21:49:58.853+0000] {logging_mixin.py:190} INFO - [2026-06-16T21:49:58.853+0000] {dag.py:3239} INFO - Sync 1 DAGs
[2026-06-16T21:49:58.866+0000] {logging_mixin.py:190} INFO - [2026-06-16T21:49:58.865+0000] {dag.py:4180} INFO - Setting next_dagrun for extract_raw_data_pipeline to 2026-06-16 07:58:00+00:00, run_after=2026-06-16 07:59:00+00:00
[2026-06-16T21:49:58.878+0000] {processor.py:208} INFO - Processing /opt/airflow/dags/batch_generator.py took 0.135 seconds
[2026-06-16T21:50:28.973+0000] {processor.py:186} INFO - Started process (PID=652) to work on /opt/airflow/dags/batch_generator.py
[2026-06-16T21:50:28.974+0000] {processor.py:914} INFO - Processing file /opt/airflow/dags/batch_generator.py for tasks to queue
[2026-06-16T21:50:28.977+0000] {logging_mixin.py:190} INFO - [2026-06-16T21:50:28.976+0000] {dagbag.py:588} INFO - Filling up the DagBag from /opt/airflow/dags/batch_generator.py
[2026-06-16T21:50:29.070+0000] {processor.py:925} INFO - DAG(s) 'extract_raw_data_pipeline' retrieved from /opt/airflow/dags/batch_generator.py
[2026-06-16T21:50:29.086+0000] {logging_mixin.py:190} INFO - [2026-06-16T21:50:29.086+0000] {dag.py:3239} INFO - Sync 1 DAGs
[2026-06-16T21:50:29.100+0000] {logging_mixin.py:190} INFO - [2026-06-16T21:50:29.100+0000] {dag.py:4180} INFO - Setting next_dagrun for extract_raw_data_pipeline to 2026-06-16 07:58:00+00:00, run_after=2026-06-16 07:59:00+00:00
[2026-06-16T21:50:29.113+0000] {processor.py:208} INFO - Processing /opt/airflow/dags/batch_generator.py took 0.145 seconds
[2026-06-16T21:50:59.248+0000] {processor.py:186} INFO - Started process (PID=660) to work on /opt/airflow/dags/batch_generator.py
[2026-06-16T21:50:59.248+0000] {processor.py:914} INFO - Processing file /opt/airflow/dags/batch_generator.py for tasks to queue
[2026-06-16T21:50:59.250+0000] {logging_mixin.py:190} INFO - [2026-06-16T21:50:59.250+0000] {dagbag.py:588} INFO - Filling up the DagBag from /opt/airflow/dags/batch_generator.py
[2026-06-16T21:50:59.335+0000] {processor.py:925} INFO - DAG(s) 'extract_raw_data_pipeline' retrieved from /opt/airflow/dags/batch_generator.py
[2026-06-16T21:50:59.350+0000] {logging_mixin.py:190} INFO - [2026-06-16T21:50:59.349+0000] {dag.py:3239} INFO - Sync 1 DAGs
[2026-06-16T21:50:59.363+0000] {logging_mixin.py:190} INFO - [2026-06-16T21:50:59.363+0000] {dag.py:4180} INFO - Setting next_dagrun for extract_raw_data_pipeline to 2026-06-16 07:58:00+00:00, run_after=2026-06-16 07:59:00+00:00
[2026-06-16T21:50:59.377+0000] {processor.py:208} INFO - Processing /opt/airflow/dags/batch_generator.py took 0.133 seconds
[2026-06-16T21:51:29.676+0000] {processor.py:186} INFO - Started process (PID=669) to work on /opt/airflow/dags/batch_generator.py
[2026-06-16T21:51:29.676+0000] {processor.py:914} INFO - Processing file /opt/airflow/dags/batch_generator.py for tasks to queue
[2026-06-16T21:51:29.678+0000] {logging_mixin.py:190} INFO - [2026-06-16T21:51:29.678+0000] {dagbag.py:588} INFO - Filling up the DagBag from /opt/airflow/dags/batch_generator.py
[2026-06-16T21:51:29.765+0000] {processor.py:925} INFO - DAG(s) 'extract_raw_data_pipeline' retrieved from /opt/airflow/dags/batch_generator.py
[2026-06-16T21:51:29.780+0000] {logging_mixin.py:190} INFO - [2026-06-16T21:51:29.780+0000] {dag.py:3239} INFO - Sync 1 DAGs
[2026-06-16T21:51:29.793+0000] {logging_mixin.py:190} INFO - [2026-06-16T21:51:29.793+0000] {dag.py:4180} INFO - Setting next_dagrun for extract_raw_data_pipeline to 2026-06-16 07:58:00+00:00, run_after=2026-06-16 07:59:00+00:00
[2026-06-16T21:51:29.809+0000] {processor.py:208} INFO - Processing /opt/airflow/dags/batch_generator.py took 0.137 seconds
[2026-06-16T21:51:59.963+0000] {processor.py:186} INFO - Started process (PID=676) to work on /opt/airflow/dags/batch_generator.py
[2026-06-16T21:51:59.964+0000] {processor.py:914} INFO - Processing file /opt/airflow/dags/batch_generator.py for tasks to queue
[2026-06-16T21:51:59.965+0000] {logging_mixin.py:190} INFO - [2026-06-16T21:51:59.965+0000] {dagbag.py:588} INFO - Filling up the DagBag from /opt/airflow/dags/batch_generator.py
[2026-06-16T21:52:00.054+0000] {processor.py:925} INFO - DAG(s) 'extract_raw_data_pipeline' retrieved from /opt/airflow/dags/batch_generator.py
[2026-06-16T21:52:00.071+0000] {logging_mixin.py:190} INFO - [2026-06-16T21:52:00.071+0000] {dag.py:3239} INFO - Sync 1 DAGs
[2026-06-16T21:52:00.085+0000] {logging_mixin.py:190} INFO - [2026-06-16T21:52:00.085+0000] {dag.py:4180} INFO - Setting next_dagrun for extract_raw_data_pipeline to 2026-06-16 07:58:00+00:00, run_after=2026-06-16 07:59:00+00:00
[2026-06-16T21:52:00.100+0000] {processor.py:208} INFO - Processing /opt/airflow/dags/batch_generator.py took 0.140 seconds
[2026-06-16T21:52:30.343+0000] {processor.py:186} INFO - Started process (PID=684) to work on /opt/airflow/dags/batch_generator.py
[2026-06-16T21:52:30.343+0000] {processor.py:914} INFO - Processing file /opt/airflow/dags/batch_generator.py for tasks to queue
[2026-06-16T21:52:30.345+0000] {logging_mixin.py:190} INFO - [2026-06-16T21:52:30.345+0000] {dagbag.py:588} INFO - Filling up the DagBag from /opt/airflow/dags/batch_generator.py
[2026-06-16T21:52:30.442+0000] {processor.py:925} INFO - DAG(s) 'extract_raw_data_pipeline' retrieved from /opt/airflow/dags/batch_generator.py
[2026-06-16T21:52:30.458+0000] {logging_mixin.py:190} INFO - [2026-06-16T21:52:30.458+0000] {dag.py:3239} INFO - Sync 1 DAGs
[2026-06-16T21:52:30.471+0000] {logging_mixin.py:190} INFO - [2026-06-16T21:52:30.471+0000] {dag.py:4180} INFO - Setting next_dagrun for extract_raw_data_pipeline to 2026-06-16 07:58:00+00:00, run_after=2026-06-16 07:59:00+00:00
[2026-06-16T21:52:30.485+0000] {processor.py:208} INFO - Processing /opt/airflow/dags/batch_generator.py took 0.146 seconds
[2026-06-16T21:53:00.588+0000] {processor.py:186} INFO - Started process (PID=692) to work on /opt/airflow/dags/batch_generator.py
[2026-06-16T21:53:00.589+0000] {processor.py:914} INFO - Processing file /opt/airflow/dags/batch_generator.py for tasks to queue
[2026-06-16T21:53:00.590+0000] {logging_mixin.py:190} INFO - [2026-06-16T21:53:00.590+0000] {dagbag.py:588} INFO - Filling up the DagBag from /opt/airflow/dags/batch_generator.py
[2026-06-16T21:53:00.684+0000] {processor.py:925} INFO - DAG(s) 'extract_raw_data_pipeline' retrieved from /opt/airflow/dags/batch_generator.py
[2026-06-16T21:53:00.700+0000] {logging_mixin.py:190} INFO - [2026-06-16T21:53:00.700+0000] {dag.py:3239} INFO - Sync 1 DAGs
[2026-06-16T21:53:00.715+0000] {logging_mixin.py:190} INFO - [2026-06-16T21:53:00.715+0000] {dag.py:4180} INFO - Setting next_dagrun for extract_raw_data_pipeline to 2026-06-16 07:58:00+00:00, run_after=2026-06-16 07:59:00+00:00
[2026-06-16T21:53:00.730+0000] {processor.py:208} INFO - Processing /opt/airflow/dags/batch_generator.py took 0.146 seconds
[2026-06-16T21:53:30.983+0000] {processor.py:186} INFO - Started process (PID=700) to work on /opt/airflow/dags/batch_generator.py
[2026-06-16T21:53:30.984+0000] {processor.py:914} INFO - Processing file /opt/airflow/dags/batch_generator.py for tasks to queue
[2026-06-16T21:53:30.985+0000] {logging_mixin.py:190} INFO - [2026-06-16T21:53:30.985+0000] {dagbag.py:588} INFO - Filling up the DagBag from /opt/airflow/dags/batch_generator.py
[2026-06-16T21:53:31.070+0000] {processor.py:925} INFO - DAG(s) 'extract_raw_data_pipeline' retrieved from /opt/airflow/dags/batch_generator.py
[2026-06-16T21:53:31.087+0000] {logging_mixin.py:190} INFO - [2026-06-16T21:53:31.087+0000] {dag.py:3239} INFO - Sync 1 DAGs
[2026-06-16T21:53:31.099+0000] {logging_mixin.py:190} INFO - [2026-06-16T21:53:31.099+0000] {dag.py:4180} INFO - Setting next_dagrun for extract_raw_data_pipeline to 2026-06-16 07:58:00+00:00, run_after=2026-06-16 07:59:00+00:00
[2026-06-16T21:53:31.113+0000] {processor.py:208} INFO - Processing /opt/airflow/dags/batch_generator.py took 0.134 seconds
[2026-06-16T21:54:01.222+0000] {processor.py:186} INFO - Started process (PID=708) to work on /opt/airflow/dags/batch_generator.py
[2026-06-16T21:54:01.223+0000] {processor.py:914} INFO - Processing file /opt/airflow/dags/batch_generator.py for tasks to queue
[2026-06-16T21:54:01.225+0000] {logging_mixin.py:190} INFO - [2026-06-16T21:54:01.224+0000] {dagbag.py:588} INFO - Filling up the DagBag from /opt/airflow/dags/batch_generator.py
[2026-06-16T21:54:01.318+0000] {processor.py:925} INFO - DAG(s) 'extract_raw_data_pipeline' retrieved from /opt/airflow/dags/batch_generator.py
[2026-06-16T21:54:01.333+0000] {logging_mixin.py:190} INFO - [2026-06-16T21:54:01.333+0000] {dag.py:3239} INFO - Sync 1 DAGs
[2026-06-16T21:54:01.346+0000] {logging_mixin.py:190} INFO - [2026-06-16T21:54:01.346+0000] {dag.py:4180} INFO - Setting next_dagrun for extract_raw_data_pipeline to 2026-06-16 07:58:00+00:00, run_after=2026-06-16 07:59:00+00:00
[2026-06-16T21:54:01.362+0000] {processor.py:208} INFO - Processing /opt/airflow/dags/batch_generator.py took 0.145 seconds
[2026-06-16T21:54:31.544+0000] {processor.py:186} INFO - Started process (PID=716) to work on /opt/airflow/dags/batch_generator.py
[2026-06-16T21:54:31.545+0000] {processor.py:914} INFO - Processing file /opt/airflow/dags/batch_generator.py for tasks to queue
[2026-06-16T21:54:31.546+0000] {logging_mixin.py:190} INFO - [2026-06-16T21:54:31.546+0000] {dagbag.py:588} INFO - Filling up the DagBag from /opt/airflow/dags/batch_generator.py
[2026-06-16T21:54:31.652+0000] {processor.py:925} INFO - DAG(s) 'extract_raw_data_pipeline' retrieved from /opt/airflow/dags/batch_generator.py
[2026-06-16T21:54:31.668+0000] {logging_mixin.py:190} INFO - [2026-06-16T21:54:31.668+0000] {dag.py:3239} INFO - Sync 1 DAGs
[2026-06-16T21:54:31.681+0000] {logging_mixin.py:190} INFO - [2026-06-16T21:54:31.680+0000] {dag.py:4180} INFO - Setting next_dagrun for extract_raw_data_pipeline to 2026-06-16 07:58:00+00:00, run_after=2026-06-16 07:59:00+00:00
[2026-06-16T21:54:31.695+0000] {processor.py:208} INFO - Processing /opt/airflow/dags/batch_generator.py took 0.155 seconds
[2026-06-16T21:55:01.833+0000] {processor.py:186} INFO - Started process (PID=724) to work on /opt/airflow/dags/batch_generator.py
[2026-06-16T21:55:01.834+0000] {processor.py:914} INFO - Processing file /opt/airflow/dags/batch_generator.py for tasks to queue
[2026-06-16T21:55:01.836+0000] {logging_mixin.py:190} INFO - [2026-06-16T21:55:01.836+0000] {dagbag.py:588} INFO - Filling up the DagBag from /opt/airflow/dags/batch_generator.py
[2026-06-16T21:55:01.919+0000] {processor.py:925} INFO - DAG(s) 'extract_raw_data_pipeline' retrieved from /opt/airflow/dags/batch_generator.py
[2026-06-16T21:55:01.933+0000] {logging_mixin.py:190} INFO - [2026-06-16T21:55:01.933+0000] {dag.py:3239} INFO - Sync 1 DAGs
[2026-06-16T21:55:01.946+0000] {logging_mixin.py:190} INFO - [2026-06-16T21:55:01.946+0000] {dag.py:4180} INFO - Setting next_dagrun for extract_raw_data_pipeline to 2026-06-16 07:58:00+00:00, run_after=2026-06-16 07:59:00+00:00
[2026-06-16T21:55:01.962+0000] {processor.py:208} INFO - Processing /opt/airflow/dags/batch_generator.py took 0.133 seconds
[2026-06-16T21:55:32.171+0000] {processor.py:186} INFO - Started process (PID=732) to work on /opt/airflow/dags/batch_generator.py
[2026-06-16T21:55:32.171+0000] {processor.py:914} INFO - Processing file /opt/airflow/dags/batch_generator.py for tasks to queue
[2026-06-16T21:55:32.174+0000] {logging_mixin.py:190} INFO - [2026-06-16T21:55:32.173+0000] {dagbag.py:588} INFO - Filling up the DagBag from /opt/airflow/dags/batch_generator.py
[2026-06-16T21:55:32.277+0000] {processor.py:925} INFO - DAG(s) 'extract_raw_data_pipeline' retrieved from /opt/airflow/dags/batch_generator.py
[2026-06-16T21:55:32.293+0000] {logging_mixin.py:190} INFO - [2026-06-16T21:55:32.293+0000] {dag.py:3239} INFO - Sync 1 DAGs
[2026-06-16T21:55:32.306+0000] {logging_mixin.py:190} INFO - [2026-06-16T21:55:32.306+0000] {dag.py:4180} INFO - Setting next_dagrun for extract_raw_data_pipeline to 2026-06-16 07:58:00+00:00, run_after=2026-06-16 07:59:00+00:00
[2026-06-16T21:55:32.318+0000] {processor.py:208} INFO - Processing /opt/airflow/dags/batch_generator.py took 0.152 seconds
[2026-06-16T21:56:02.474+0000] {processor.py:186} INFO - Started process (PID=740) to work on /opt/airflow/dags/batch_generator.py
[2026-06-16T21:56:02.475+0000] {processor.py:914} INFO - Processing file /opt/airflow/dags/batch_generator.py for tasks to queue
[2026-06-16T21:56:02.476+0000] {logging_mixin.py:190} INFO - [2026-06-16T21:56:02.476+0000] {dagbag.py:588} INFO - Filling up the DagBag from /opt/airflow/dags/batch_generator.py
[2026-06-16T21:56:02.562+0000] {processor.py:925} INFO - DAG(s) 'extract_raw_data_pipeline' retrieved from /opt/airflow/dags/batch_generator.py
[2026-06-16T21:56:02.576+0000] {logging_mixin.py:190} INFO - [2026-06-16T21:56:02.576+0000] {dag.py:3239} INFO - Sync 1 DAGs
[2026-06-16T21:56:02.589+0000] {logging_mixin.py:190} INFO - [2026-06-16T21:56:02.588+0000] {dag.py:4180} INFO - Setting next_dagrun for extract_raw_data_pipeline to 2026-06-16 07:58:00+00:00, run_after=2026-06-16 07:59:00+00:00
[2026-06-16T21:56:02.602+0000] {processor.py:208} INFO - Processing /opt/airflow/dags/batch_generator.py took 0.131 seconds
[2026-06-16T21:56:32.791+0000] {processor.py:186} INFO - Started process (PID=748) to work on /opt/airflow/dags/batch_generator.py
[2026-06-16T21:56:32.791+0000] {processor.py:914} INFO - Processing file /opt/airflow/dags/batch_generator.py for tasks to queue
[2026-06-16T21:56:32.793+0000] {logging_mixin.py:190} INFO - [2026-06-16T21:56:32.793+0000] {dagbag.py:588} INFO - Filling up the DagBag from /opt/airflow/dags/batch_generator.py
[2026-06-16T21:56:32.884+0000] {processor.py:925} INFO - DAG(s) 'extract_raw_data_pipeline' retrieved from /opt/airflow/dags/batch_generator.py
[2026-06-16T21:56:32.899+0000] {logging_mixin.py:190} INFO - [2026-06-16T21:56:32.899+0000] {dag.py:3239} INFO - Sync 1 DAGs
[2026-06-16T21:56:32.913+0000] {logging_mixin.py:190} INFO - [2026-06-16T21:56:32.912+0000] {dag.py:4180} INFO - Setting next_dagrun for extract_raw_data_pipeline to 2026-06-16 07:58:00+00:00, run_after=2026-06-16 07:59:00+00:00
[2026-06-16T21:56:32.926+0000] {processor.py:208} INFO - Processing /opt/airflow/dags/batch_generator.py took 0.140 seconds
[2026-06-16T21:57:03.109+0000] {processor.py:186} INFO - Started process (PID=756) to work on /opt/airflow/dags/batch_generator.py
[2026-06-16T21:57:03.110+0000] {processor.py:914} INFO - Processing file /opt/airflow/dags/batch_generator.py for tasks to queue
[2026-06-16T21:57:03.112+0000] {logging_mixin.py:190} INFO - [2026-06-16T21:57:03.111+0000] {dagbag.py:588} INFO - Filling up the DagBag from /opt/airflow/dags/batch_generator.py
[2026-06-16T21:57:03.214+0000] {processor.py:925} INFO - DAG(s) 'extract_raw_data_pipeline' retrieved from /opt/airflow/dags/batch_generator.py
[2026-06-16T21:57:03.230+0000] {logging_mixin.py:190} INFO - [2026-06-16T21:57:03.230+0000] {dag.py:3239} INFO - Sync 1 DAGs
[2026-06-16T21:57:03.247+0000] {logging_mixin.py:190} INFO - [2026-06-16T21:57:03.246+0000] {dag.py:4180} INFO - Setting next_dagrun for extract_raw_data_pipeline to 2026-06-16 07:58:00+00:00, run_after=2026-06-16 07:59:00+00:00
[2026-06-16T21:57:03.262+0000] {processor.py:208} INFO - Processing /opt/airflow/dags/batch_generator.py took 0.157 seconds
[2026-06-16T21:57:33.390+0000] {processor.py:186} INFO - Started process (PID=764) to work on /opt/airflow/dags/batch_generator.py
[2026-06-16T21:57:33.391+0000] {processor.py:914} INFO - Processing file /opt/airflow/dags/batch_generator.py for tasks to queue
[2026-06-16T21:57:33.393+0000] {logging_mixin.py:190} INFO - [2026-06-16T21:57:33.393+0000] {dagbag.py:588} INFO - Filling up the DagBag from /opt/airflow/dags/batch_generator.py
[2026-06-16T21:57:33.479+0000] {processor.py:925} INFO - DAG(s) 'extract_raw_data_pipeline' retrieved from /opt/airflow/dags/batch_generator.py
[2026-06-16T21:57:33.496+0000] {logging_mixin.py:190} INFO - [2026-06-16T21:57:33.496+0000] {dag.py:3239} INFO - Sync 1 DAGs
[2026-06-16T21:57:33.511+0000] {logging_mixin.py:190} INFO - [2026-06-16T21:57:33.510+0000] {dag.py:4180} INFO - Setting next_dagrun for extract_raw_data_pipeline to 2026-06-16 07:58:00+00:00, run_after=2026-06-16 07:59:00+00:00
[2026-06-16T21:57:33.528+0000] {processor.py:208} INFO - Processing /opt/airflow/dags/batch_generator.py took 0.142 seconds
[2026-06-16T21:58:03.671+0000] {processor.py:186} INFO - Started process (PID=772) to work on /opt/airflow/dags/batch_generator.py
[2026-06-16T21:58:03.672+0000] {processor.py:914} INFO - Processing file /opt/airflow/dags/batch_generator.py for tasks to queue
[2026-06-16T21:58:03.675+0000] {logging_mixin.py:190} INFO - [2026-06-16T21:58:03.674+0000] {dagbag.py:588} INFO - Filling up the DagBag from /opt/airflow/dags/batch_generator.py
[2026-06-16T21:58:03.783+0000] {processor.py:925} INFO - DAG(s) 'extract_raw_data_pipeline' retrieved from /opt/airflow/dags/batch_generator.py
[2026-06-16T21:58:03.800+0000] {logging_mixin.py:190} INFO - [2026-06-16T21:58:03.799+0000] {dag.py:3239} INFO - Sync 1 DAGs
[2026-06-16T21:58:03.813+0000] {logging_mixin.py:190} INFO - [2026-06-16T21:58:03.813+0000] {dag.py:4180} INFO - Setting next_dagrun for extract_raw_data_pipeline to 2026-06-16 07:58:00+00:00, run_after=2026-06-16 07:59:00+00:00
[2026-06-16T21:58:03.828+0000] {processor.py:208} INFO - Processing /opt/airflow/dags/batch_generator.py took 0.161 seconds
[2026-06-16T21:58:33.925+0000] {processor.py:186} INFO - Started process (PID=780) to work on /opt/airflow/dags/batch_generator.py
[2026-06-16T21:58:33.925+0000] {processor.py:914} INFO - Processing file /opt/airflow/dags/batch_generator.py for tasks to queue
[2026-06-16T21:58:33.927+0000] {logging_mixin.py:190} INFO - [2026-06-16T21:58:33.927+0000] {dagbag.py:588} INFO - Filling up the DagBag from /opt/airflow/dags/batch_generator.py
[2026-06-16T21:58:34.027+0000] {processor.py:925} INFO - DAG(s) 'extract_raw_data_pipeline' retrieved from /opt/airflow/dags/batch_generator.py
[2026-06-16T21:58:34.046+0000] {logging_mixin.py:190} INFO - [2026-06-16T21:58:34.045+0000] {dag.py:3239} INFO - Sync 1 DAGs
[2026-06-16T21:58:34.060+0000] {logging_mixin.py:190} INFO - [2026-06-16T21:58:34.060+0000] {dag.py:4180} INFO - Setting next_dagrun for extract_raw_data_pipeline to 2026-06-16 07:58:00+00:00, run_after=2026-06-16 07:59:00+00:00
[2026-06-16T21:58:34.074+0000] {processor.py:208} INFO - Processing /opt/airflow/dags/batch_generator.py took 0.153 seconds
[2026-06-16T21:59:04.345+0000] {processor.py:186} INFO - Started process (PID=788) to work on /opt/airflow/dags/batch_generator.py
[2026-06-16T21:59:04.345+0000] {processor.py:914} INFO - Processing file /opt/airflow/dags/batch_generator.py for tasks to queue
[2026-06-16T21:59:04.347+0000] {logging_mixin.py:190} INFO - [2026-06-16T21:59:04.347+0000] {dagbag.py:588} INFO - Filling up the DagBag from /opt/airflow/dags/batch_generator.py
[2026-06-16T21:59:04.431+0000] {processor.py:925} INFO - DAG(s) 'extract_raw_data_pipeline' retrieved from /opt/airflow/dags/batch_generator.py
[2026-06-16T21:59:04.447+0000] {logging_mixin.py:190} INFO - [2026-06-16T21:59:04.447+0000] {dag.py:3239} INFO - Sync 1 DAGs
[2026-06-16T21:59:04.461+0000] {logging_mixin.py:190} INFO - [2026-06-16T21:59:04.461+0000] {dag.py:4180} INFO - Setting next_dagrun for extract_raw_data_pipeline to 2026-06-16 07:58:00+00:00, run_after=2026-06-16 07:59:00+00:00
[2026-06-16T21:59:04.478+0000] {processor.py:208} INFO - Processing /opt/airflow/dags/batch_generator.py took 0.137 seconds
[2026-06-16T21:59:34.569+0000] {processor.py:186} INFO - Started process (PID=796) to work on /opt/airflow/dags/batch_generator.py
[2026-06-16T21:59:34.570+0000] {processor.py:914} INFO - Processing file /opt/airflow/dags/batch_generator.py for tasks to queue
[2026-06-16T21:59:34.571+0000] {logging_mixin.py:190} INFO - [2026-06-16T21:59:34.571+0000] {dagbag.py:588} INFO - Filling up the DagBag from /opt/airflow/dags/batch_generator.py
[2026-06-16T21:59:34.673+0000] {processor.py:925} INFO - DAG(s) 'extract_raw_data_pipeline' retrieved from /opt/airflow/dags/batch_generator.py
[2026-06-16T21:59:34.688+0000] {logging_mixin.py:190} INFO - [2026-06-16T21:59:34.688+0000] {dag.py:3239} INFO - Sync 1 DAGs
[2026-06-16T21:59:34.701+0000] {logging_mixin.py:190} INFO - [2026-06-16T21:59:34.701+0000] {dag.py:4180} INFO - Setting next_dagrun for extract_raw_data_pipeline to 2026-06-16 07:58:00+00:00, run_after=2026-06-16 07:59:00+00:00
[2026-06-16T21:59:34.715+0000] {processor.py:208} INFO - Processing /opt/airflow/dags/batch_generator.py took 0.149 seconds
[2026-06-16T22:00:04.894+0000] {processor.py:186} INFO - Started process (PID=804) to work on /opt/airflow/dags/batch_generator.py
[2026-06-16T22:00:04.894+0000] {processor.py:914} INFO - Processing file /opt/airflow/dags/batch_generator.py for tasks to queue
[2026-06-16T22:00:04.896+0000] {logging_mixin.py:190} INFO - [2026-06-16T22:00:04.896+0000] {dagbag.py:588} INFO - Filling up the DagBag from /opt/airflow/dags/batch_generator.py
[2026-06-16T22:00:04.984+0000] {processor.py:925} INFO - DAG(s) 'extract_raw_data_pipeline' retrieved from /opt/airflow/dags/batch_generator.py
[2026-06-16T22:00:05.000+0000] {logging_mixin.py:190} INFO - [2026-06-16T22:00:05.000+0000] {dag.py:3239} INFO - Sync 1 DAGs
[2026-06-16T22:00:05.013+0000] {logging_mixin.py:190} INFO - [2026-06-16T22:00:05.013+0000] {dag.py:4180} INFO - Setting next_dagrun for extract_raw_data_pipeline to 2026-06-16 07:58:00+00:00, run_after=2026-06-16 07:59:00+00:00
[2026-06-16T22:00:05.028+0000] {processor.py:208} INFO - Processing /opt/airflow/dags/batch_generator.py took 0.138 seconds
[2026-06-16T22:00:35.093+0000] {processor.py:186} INFO - Started process (PID=811) to work on /opt/airflow/dags/batch_generator.py
[2026-06-16T22:00:35.093+0000] {processor.py:914} INFO - Processing file /opt/airflow/dags/batch_generator.py for tasks to queue
[2026-06-16T22:00:35.095+0000] {logging_mixin.py:190} INFO - [2026-06-16T22:00:35.095+0000] {dagbag.py:588} INFO - Filling up the DagBag from /opt/airflow/dags/batch_generator.py
[2026-06-16T22:00:35.209+0000] {processor.py:925} INFO - DAG(s) 'extract_raw_data_pipeline' retrieved from /opt/airflow/dags/batch_generator.py
[2026-06-16T22:00:35.229+0000] {logging_mixin.py:190} INFO - [2026-06-16T22:00:35.228+0000] {dag.py:3239} INFO - Sync 1 DAGs
[2026-06-16T22:00:35.245+0000] {logging_mixin.py:190} INFO - [2026-06-16T22:00:35.245+0000] {dag.py:4180} INFO - Setting next_dagrun for extract_raw_data_pipeline to 2026-06-16 07:58:00+00:00, run_after=2026-06-16 07:59:00+00:00
[2026-06-16T22:00:35.264+0000] {processor.py:208} INFO - Processing /opt/airflow/dags/batch_generator.py took 0.175 seconds
[2026-06-16T22:01:05.495+0000] {processor.py:186} INFO - Started process (PID=819) to work on /opt/airflow/dags/batch_generator.py
[2026-06-16T22:01:05.496+0000] {processor.py:914} INFO - Processing file /opt/airflow/dags/batch_generator.py for tasks to queue
[2026-06-16T22:01:05.497+0000] {logging_mixin.py:190} INFO - [2026-06-16T22:01:05.497+0000] {dagbag.py:588} INFO - Filling up the DagBag from /opt/airflow/dags/batch_generator.py
[2026-06-16T22:01:05.610+0000] {processor.py:925} INFO - DAG(s) 'extract_raw_data_pipeline' retrieved from /opt/airflow/dags/batch_generator.py
[2026-06-16T22:01:05.627+0000] {logging_mixin.py:190} INFO - [2026-06-16T22:01:05.627+0000] {dag.py:3239} INFO - Sync 1 DAGs
[2026-06-16T22:01:05.642+0000] {logging_mixin.py:190} INFO - [2026-06-16T22:01:05.642+0000] {dag.py:4180} INFO - Setting next_dagrun for extract_raw_data_pipeline to 2026-06-16 07:58:00+00:00, run_after=2026-06-16 07:59:00+00:00
[2026-06-16T22:01:05.656+0000] {processor.py:208} INFO - Processing /opt/airflow/dags/batch_generator.py took 0.165 seconds
[2026-06-16T22:03:22.258+0000] {processor.py:186} INFO - Started process (PID=66) to work on /opt/airflow/dags/batch_generator.py
[2026-06-16T22:03:22.259+0000] {processor.py:914} INFO - Processing file /opt/airflow/dags/batch_generator.py for tasks to queue
[2026-06-16T22:03:22.260+0000] {logging_mixin.py:190} INFO - [2026-06-16T22:03:22.260+0000] {dagbag.py:588} INFO - Filling up the DagBag from /opt/airflow/dags/batch_generator.py
[2026-06-16T22:03:22.500+0000] {processor.py:925} INFO - DAG(s) 'extract_raw_data_pipeline' retrieved from /opt/airflow/dags/batch_generator.py
[2026-06-16T22:03:22.522+0000] {logging_mixin.py:190} INFO - [2026-06-16T22:03:22.522+0000] {dag.py:3239} INFO - Sync 1 DAGs
[2026-06-16T22:03:22.534+0000] {logging_mixin.py:190} INFO - [2026-06-16T22:03:22.534+0000] {dag.py:4180} INFO - Setting next_dagrun for extract_raw_data_pipeline to 2026-06-16 07:58:00+00:00, run_after=2026-06-16 07:59:00+00:00
[2026-06-16T22:03:22.548+0000] {processor.py:208} INFO - Processing /opt/airflow/dags/batch_generator.py took 0.293 seconds
[2026-06-16T22:03:52.835+0000] {processor.py:186} INFO - Started process (PID=74) to work on /opt/airflow/dags/batch_generator.py
[2026-06-16T22:03:52.836+0000] {processor.py:914} INFO - Processing file /opt/airflow/dags/batch_generator.py for tasks to queue
[2026-06-16T22:03:52.838+0000] {logging_mixin.py:190} INFO - [2026-06-16T22:03:52.837+0000] {dagbag.py:588} INFO - Filling up the DagBag from /opt/airflow/dags/batch_generator.py
[2026-06-16T22:03:53.056+0000] {processor.py:925} INFO - DAG(s) 'extract_raw_data_pipeline' retrieved from /opt/airflow/dags/batch_generator.py
[2026-06-16T22:03:53.070+0000] {logging_mixin.py:190} INFO - [2026-06-16T22:03:53.069+0000] {dag.py:3239} INFO - Sync 1 DAGs
[2026-06-16T22:03:53.081+0000] {logging_mixin.py:190} INFO - [2026-06-16T22:03:53.081+0000] {dag.py:4180} INFO - Setting next_dagrun for extract_raw_data_pipeline to 2026-06-16 07:58:00+00:00, run_after=2026-06-16 07:59:00+00:00
[2026-06-16T22:03:53.093+0000] {processor.py:208} INFO - Processing /opt/airflow/dags/batch_generator.py took 0.262 seconds
[2026-06-16T22:04:23.482+0000] {processor.py:186} INFO - Started process (PID=82) to work on /opt/airflow/dags/batch_generator.py
[2026-06-16T22:04:23.483+0000] {processor.py:914} INFO - Processing file /opt/airflow/dags/batch_generator.py for tasks to queue
[2026-06-16T22:04:23.485+0000] {logging_mixin.py:190} INFO - [2026-06-16T22:04:23.485+0000] {dagbag.py:588} INFO - Filling up the DagBag from /opt/airflow/dags/batch_generator.py
[2026-06-16T22:04:23.702+0000] {processor.py:925} INFO - DAG(s) 'extract_raw_data_pipeline' retrieved from /opt/airflow/dags/batch_generator.py
[2026-06-16T22:04:23.717+0000] {logging_mixin.py:190} INFO - [2026-06-16T22:04:23.717+0000] {dag.py:3239} INFO - Sync 1 DAGs
[2026-06-16T22:04:23.729+0000] {logging_mixin.py:190} INFO - [2026-06-16T22:04:23.729+0000] {dag.py:4180} INFO - Setting next_dagrun for extract_raw_data_pipeline to 2026-06-16 07:58:00+00:00, run_after=2026-06-16 07:59:00+00:00
[2026-06-16T22:04:23.740+0000] {processor.py:208} INFO - Processing /opt/airflow/dags/batch_generator.py took 0.263 seconds
[2026-06-16T22:04:54.132+0000] {processor.py:186} INFO - Started process (PID=90) to work on /opt/airflow/dags/batch_generator.py
[2026-06-16T22:04:54.133+0000] {processor.py:914} INFO - Processing file /opt/airflow/dags/batch_generator.py for tasks to queue
[2026-06-16T22:04:54.134+0000] {logging_mixin.py:190} INFO - [2026-06-16T22:04:54.134+0000] {dagbag.py:588} INFO - Filling up the DagBag from /opt/airflow/dags/batch_generator.py
[2026-06-16T22:04:54.331+0000] {processor.py:925} INFO - DAG(s) 'extract_raw_data_pipeline' retrieved from /opt/airflow/dags/batch_generator.py
[2026-06-16T22:04:54.345+0000] {logging_mixin.py:190} INFO - [2026-06-16T22:04:54.344+0000] {dag.py:3239} INFO - Sync 1 DAGs
[2026-06-16T22:04:54.356+0000] {logging_mixin.py:190} INFO - [2026-06-16T22:04:54.355+0000] {dag.py:4180} INFO - Setting next_dagrun for extract_raw_data_pipeline to 2026-06-16 07:58:00+00:00, run_after=2026-06-16 07:59:00+00:00
[2026-06-16T22:04:54.368+0000] {processor.py:208} INFO - Processing /opt/airflow/dags/batch_generator.py took 0.240 seconds
[2026-06-16T22:05:24.458+0000] {processor.py:186} INFO - Started process (PID=98) to work on /opt/airflow/dags/batch_generator.py
[2026-06-16T22:05:24.459+0000] {processor.py:914} INFO - Processing file /opt/airflow/dags/batch_generator.py for tasks to queue
[2026-06-16T22:05:24.460+0000] {logging_mixin.py:190} INFO - [2026-06-16T22:05:24.460+0000] {dagbag.py:588} INFO - Filling up the DagBag from /opt/airflow/dags/batch_generator.py
[2026-06-16T22:05:24.646+0000] {processor.py:925} INFO - DAG(s) 'extract_raw_data_pipeline' retrieved from /opt/airflow/dags/batch_generator.py
[2026-06-16T22:05:24.659+0000] {logging_mixin.py:190} INFO - [2026-06-16T22:05:24.659+0000] {dag.py:3239} INFO - Sync 1 DAGs
[2026-06-16T22:05:24.669+0000] {logging_mixin.py:190} INFO - [2026-06-16T22:05:24.669+0000] {dag.py:4180} INFO - Setting next_dagrun for extract_raw_data_pipeline to 2026-06-16 07:58:00+00:00, run_after=2026-06-16 07:59:00+00:00
[2026-06-16T22:05:24.685+0000] {processor.py:208} INFO - Processing /opt/airflow/dags/batch_generator.py took 0.231 seconds
[2026-06-16T22:05:54.944+0000] {processor.py:186} INFO - Started process (PID=106) to work on /opt/airflow/dags/batch_generator.py
[2026-06-16T22:05:54.945+0000] {processor.py:914} INFO - Processing file /opt/airflow/dags/batch_generator.py for tasks to queue
[2026-06-16T22:05:54.947+0000] {logging_mixin.py:190} INFO - [2026-06-16T22:05:54.947+0000] {dagbag.py:588} INFO - Filling up the DagBag from /opt/airflow/dags/batch_generator.py
[2026-06-16T22:05:55.152+0000] {processor.py:925} INFO - DAG(s) 'extract_raw_data_pipeline' retrieved from /opt/airflow/dags/batch_generator.py
[2026-06-16T22:05:55.165+0000] {logging_mixin.py:190} INFO - [2026-06-16T22:05:55.165+0000] {dag.py:3239} INFO - Sync 1 DAGs
[2026-06-16T22:05:55.177+0000] {logging_mixin.py:190} INFO - [2026-06-16T22:05:55.176+0000] {dag.py:4180} INFO - Setting next_dagrun for extract_raw_data_pipeline to 2026-06-16 07:58:00+00:00, run_after=2026-06-16 07:59:00+00:00
[2026-06-16T22:05:55.191+0000] {processor.py:208} INFO - Processing /opt/airflow/dags/batch_generator.py took 0.250 seconds
[2026-06-16T22:06:25.222+0000] {processor.py:186} INFO - Started process (PID=114) to work on /opt/airflow/dags/batch_generator.py
[2026-06-16T22:06:25.223+0000] {processor.py:914} INFO - Processing file /opt/airflow/dags/batch_generator.py for tasks to queue
[2026-06-16T22:06:25.225+0000] {logging_mixin.py:190} INFO - [2026-06-16T22:06:25.224+0000] {dagbag.py:588} INFO - Filling up the DagBag from /opt/airflow/dags/batch_generator.py
[2026-06-16T22:06:25.426+0000] {processor.py:925} INFO - DAG(s) 'extract_raw_data_pipeline' retrieved from /opt/airflow/dags/batch_generator.py
[2026-06-16T22:06:25.440+0000] {logging_mixin.py:190} INFO - [2026-06-16T22:06:25.440+0000] {dag.py:3239} INFO - Sync 1 DAGs
[2026-06-16T22:06:25.451+0000] {logging_mixin.py:190} INFO - [2026-06-16T22:06:25.451+0000] {dag.py:4180} INFO - Setting next_dagrun for extract_raw_data_pipeline to 2026-06-16 07:58:00+00:00, run_after=2026-06-16 07:59:00+00:00
[2026-06-16T22:06:25.466+0000] {processor.py:208} INFO - Processing /opt/airflow/dags/batch_generator.py took 0.247 seconds
[2026-06-16T22:06:55.505+0000] {processor.py:186} INFO - Started process (PID=122) to work on /opt/airflow/dags/batch_generator.py
[2026-06-16T22:06:55.505+0000] {processor.py:914} INFO - Processing file /opt/airflow/dags/batch_generator.py for tasks to queue
[2026-06-16T22:06:55.507+0000] {logging_mixin.py:190} INFO - [2026-06-16T22:06:55.507+0000] {dagbag.py:588} INFO - Filling up the DagBag from /opt/airflow/dags/batch_generator.py
[2026-06-16T22:06:55.701+0000] {processor.py:925} INFO - DAG(s) 'extract_raw_data_pipeline' retrieved from /opt/airflow/dags/batch_generator.py
[2026-06-16T22:06:55.714+0000] {logging_mixin.py:190} INFO - [2026-06-16T22:06:55.713+0000] {dag.py:3239} INFO - Sync 1 DAGs
[2026-06-16T22:06:55.725+0000] {logging_mixin.py:190} INFO - [2026-06-16T22:06:55.725+0000] {dag.py:4180} INFO - Setting next_dagrun for extract_raw_data_pipeline to 2026-06-16 07:58:00+00:00, run_after=2026-06-16 07:59:00+00:00
[2026-06-16T22:06:55.737+0000] {processor.py:208} INFO - Processing /opt/airflow/dags/batch_generator.py took 0.236 seconds
[2026-06-16T22:07:26.041+0000] {processor.py:186} INFO - Started process (PID=130) to work on /opt/airflow/dags/batch_generator.py
[2026-06-16T22:07:26.042+0000] {processor.py:914} INFO - Processing file /opt/airflow/dags/batch_generator.py for tasks to queue
[2026-06-16T22:07:26.044+0000] {logging_mixin.py:190} INFO - [2026-06-16T22:07:26.043+0000] {dagbag.py:588} INFO - Filling up the DagBag from /opt/airflow/dags/batch_generator.py
[2026-06-16T22:07:26.235+0000] {processor.py:925} INFO - DAG(s) 'extract_raw_data_pipeline' retrieved from /opt/airflow/dags/batch_generator.py
[2026-06-16T22:07:26.247+0000] {logging_mixin.py:190} INFO - [2026-06-16T22:07:26.247+0000] {dag.py:3239} INFO - Sync 1 DAGs
[2026-06-16T22:07:26.258+0000] {logging_mixin.py:190} INFO - [2026-06-16T22:07:26.258+0000] {dag.py:4180} INFO - Setting next_dagrun for extract_raw_data_pipeline to 2026-06-16 07:58:00+00:00, run_after=2026-06-16 07:59:00+00:00
[2026-06-16T22:07:26.270+0000] {processor.py:208} INFO - Processing /opt/airflow/dags/batch_generator.py took 0.232 seconds
[2026-06-16T22:07:56.533+0000] {processor.py:186} INFO - Started process (PID=138) to work on /opt/airflow/dags/batch_generator.py
[2026-06-16T22:07:56.535+0000] {processor.py:914} INFO - Processing file /opt/airflow/dags/batch_generator.py for tasks to queue
[2026-06-16T22:07:56.539+0000] {logging_mixin.py:190} INFO - [2026-06-16T22:07:56.539+0000] {dagbag.py:588} INFO - Filling up the DagBag from /opt/airflow/dags/batch_generator.py
[2026-06-16T22:07:56.867+0000] {processor.py:925} INFO - DAG(s) 'extract_raw_data_pipeline' retrieved from /opt/airflow/dags/batch_generator.py
[2026-06-16T22:07:56.880+0000] {logging_mixin.py:190} INFO - [2026-06-16T22:07:56.880+0000] {dag.py:3239} INFO - Sync 1 DAGs
[2026-06-16T22:07:56.893+0000] {logging_mixin.py:190} INFO - [2026-06-16T22:07:56.893+0000] {dag.py:4180} INFO - Setting next_dagrun for extract_raw_data_pipeline to 2026-06-16 07:58:00+00:00, run_after=2026-06-16 07:59:00+00:00
[2026-06-16T22:07:56.913+0000] {processor.py:208} INFO - Processing /opt/airflow/dags/batch_generator.py took 0.385 seconds
[2026-06-16T22:08:27.508+0000] {processor.py:186} INFO - Started process (PID=152) to work on /opt/airflow/dags/batch_generator.py
[2026-06-16T22:08:27.510+0000] {processor.py:914} INFO - Processing file /opt/airflow/dags/batch_generator.py for tasks to queue
[2026-06-16T22:08:27.512+0000] {logging_mixin.py:190} INFO - [2026-06-16T22:08:27.512+0000] {dagbag.py:588} INFO - Filling up the DagBag from /opt/airflow/dags/batch_generator.py
[2026-06-16T22:08:27.768+0000] {processor.py:925} INFO - DAG(s) 'extract_raw_data_pipeline' retrieved from /opt/airflow/dags/batch_generator.py
[2026-06-16T22:08:27.784+0000] {logging_mixin.py:190} INFO - [2026-06-16T22:08:27.784+0000] {dag.py:3239} INFO - Sync 1 DAGs
[2026-06-16T22:08:27.797+0000] {logging_mixin.py:190} INFO - [2026-06-16T22:08:27.797+0000] {dag.py:4180} INFO - Setting next_dagrun for extract_raw_data_pipeline to 2026-06-16 07:58:00+00:00, run_after=2026-06-16 07:59:00+00:00
[2026-06-16T22:08:27.819+0000] {processor.py:208} INFO - Processing /opt/airflow/dags/batch_generator.py took 0.319 seconds
[2026-06-16T22:08:58.310+0000] {processor.py:186} INFO - Started process (PID=160) to work on /opt/airflow/dags/batch_generator.py
[2026-06-16T22:08:58.311+0000] {processor.py:914} INFO - Processing file /opt/airflow/dags/batch_generator.py for tasks to queue
[2026-06-16T22:08:58.313+0000] {logging_mixin.py:190} INFO - [2026-06-16T22:08:58.313+0000] {dagbag.py:588} INFO - Filling up the DagBag from /opt/airflow/dags/batch_generator.py
[2026-06-16T22:08:58.526+0000] {processor.py:925} INFO - DAG(s) 'extract_raw_data_pipeline' retrieved from /opt/airflow/dags/batch_generator.py
[2026-06-16T22:08:58.540+0000] {logging_mixin.py:190} INFO - [2026-06-16T22:08:58.540+0000] {dag.py:3239} INFO - Sync 1 DAGs
[2026-06-16T22:08:58.552+0000] {logging_mixin.py:190} INFO - [2026-06-16T22:08:58.552+0000] {dag.py:4180} INFO - Setting next_dagrun for extract_raw_data_pipeline to 2026-06-16 07:58:00+00:00, run_after=2026-06-16 07:59:00+00:00
[2026-06-16T22:08:58.565+0000] {processor.py:208} INFO - Processing /opt/airflow/dags/batch_generator.py took 0.259 seconds
[2026-06-16T22:09:28.618+0000] {processor.py:186} INFO - Started process (PID=168) to work on /opt/airflow/dags/batch_generator.py
[2026-06-16T22:09:28.619+0000] {processor.py:914} INFO - Processing file /opt/airflow/dags/batch_generator.py for tasks to queue
[2026-06-16T22:09:28.621+0000] {logging_mixin.py:190} INFO - [2026-06-16T22:09:28.620+0000] {dagbag.py:588} INFO - Filling up the DagBag from /opt/airflow/dags/batch_generator.py
[2026-06-16T22:09:28.822+0000] {processor.py:925} INFO - DAG(s) 'extract_raw_data_pipeline' retrieved from /opt/airflow/dags/batch_generator.py
[2026-06-16T22:09:28.834+0000] {logging_mixin.py:190} INFO - [2026-06-16T22:09:28.834+0000] {dag.py:3239} INFO - Sync 1 DAGs
[2026-06-16T22:09:28.846+0000] {logging_mixin.py:190} INFO - [2026-06-16T22:09:28.846+0000] {dag.py:4180} INFO - Setting next_dagrun for extract_raw_data_pipeline to 2026-06-16 07:58:00+00:00, run_after=2026-06-16 07:59:00+00:00
[2026-06-16T22:09:28.859+0000] {processor.py:208} INFO - Processing /opt/airflow/dags/batch_generator.py took 0.244 seconds
[2026-06-16T22:09:59.129+0000] {processor.py:186} INFO - Started process (PID=176) to work on /opt/airflow/dags/batch_generator.py
[2026-06-16T22:09:59.129+0000] {processor.py:914} INFO - Processing file /opt/airflow/dags/batch_generator.py for tasks to queue
[2026-06-16T22:09:59.131+0000] {logging_mixin.py:190} INFO - [2026-06-16T22:09:59.131+0000] {dagbag.py:588} INFO - Filling up the DagBag from /opt/airflow/dags/batch_generator.py
[2026-06-16T22:09:59.337+0000] {processor.py:925} INFO - DAG(s) 'extract_raw_data_pipeline' retrieved from /opt/airflow/dags/batch_generator.py
[2026-06-16T22:09:59.352+0000] {logging_mixin.py:190} INFO - [2026-06-16T22:09:59.352+0000] {dag.py:3239} INFO - Sync 1 DAGs
[2026-06-16T22:09:59.365+0000] {logging_mixin.py:190} INFO - [2026-06-16T22:09:59.364+0000] {dag.py:4180} INFO - Setting next_dagrun for extract_raw_data_pipeline to 2026-06-16 07:58:00+00:00, run_after=2026-06-16 07:59:00+00:00
[2026-06-16T22:09:59.379+0000] {processor.py:208} INFO - Processing /opt/airflow/dags/batch_generator.py took 0.254 seconds
[2026-06-16T22:10:29.623+0000] {processor.py:186} INFO - Started process (PID=184) to work on /opt/airflow/dags/batch_generator.py
[2026-06-16T22:10:29.624+0000] {processor.py:914} INFO - Processing file /opt/airflow/dags/batch_generator.py for tasks to queue
[2026-06-16T22:10:29.628+0000] {logging_mixin.py:190} INFO - [2026-06-16T22:10:29.627+0000] {dagbag.py:588} INFO - Filling up the DagBag from /opt/airflow/dags/batch_generator.py
[2026-06-16T22:10:29.851+0000] {processor.py:925} INFO - DAG(s) 'extract_raw_data_pipeline' retrieved from /opt/airflow/dags/batch_generator.py
[2026-06-16T22:10:29.866+0000] {logging_mixin.py:190} INFO - [2026-06-16T22:10:29.866+0000] {dag.py:3239} INFO - Sync 1 DAGs
[2026-06-16T22:10:29.878+0000] {logging_mixin.py:190} INFO - [2026-06-16T22:10:29.878+0000] {dag.py:4180} INFO - Setting next_dagrun for extract_raw_data_pipeline to 2026-06-16 07:58:00+00:00, run_after=2026-06-16 07:59:00+00:00
[2026-06-16T22:10:29.890+0000] {processor.py:208} INFO - Processing /opt/airflow/dags/batch_generator.py took 0.271 seconds
[2026-06-16T22:11:00.095+0000] {processor.py:186} INFO - Started process (PID=192) to work on /opt/airflow/dags/batch_generator.py
[2026-06-16T22:11:00.096+0000] {processor.py:914} INFO - Processing file /opt/airflow/dags/batch_generator.py for tasks to queue
[2026-06-16T22:11:00.098+0000] {logging_mixin.py:190} INFO - [2026-06-16T22:11:00.098+0000] {dagbag.py:588} INFO - Filling up the DagBag from /opt/airflow/dags/batch_generator.py
[2026-06-16T22:11:00.347+0000] {processor.py:925} INFO - DAG(s) 'extract_raw_data_pipeline' retrieved from /opt/airflow/dags/batch_generator.py
[2026-06-16T22:11:00.362+0000] {logging_mixin.py:190} INFO - [2026-06-16T22:11:00.362+0000] {dag.py:3239} INFO - Sync 1 DAGs
[2026-06-16T22:11:00.375+0000] {logging_mixin.py:190} INFO - [2026-06-16T22:11:00.375+0000] {dag.py:4180} INFO - Setting next_dagrun for extract_raw_data_pipeline to 2026-06-16 07:58:00+00:00, run_after=2026-06-16 07:59:00+00:00
[2026-06-16T22:11:00.389+0000] {processor.py:208} INFO - Processing /opt/airflow/dags/batch_generator.py took 0.298 seconds
[2026-06-16T22:11:30.612+0000] {processor.py:186} INFO - Started process (PID=200) to work on /opt/airflow/dags/batch_generator.py
[2026-06-16T22:11:30.612+0000] {processor.py:914} INFO - Processing file /opt/airflow/dags/batch_generator.py for tasks to queue
[2026-06-16T22:11:30.614+0000] {logging_mixin.py:190} INFO - [2026-06-16T22:11:30.614+0000] {dagbag.py:588} INFO - Filling up the DagBag from /opt/airflow/dags/batch_generator.py
[2026-06-16T22:11:30.837+0000] {processor.py:925} INFO - DAG(s) 'extract_raw_data_pipeline' retrieved from /opt/airflow/dags/batch_generator.py
[2026-06-16T22:11:30.852+0000] {logging_mixin.py:190} INFO - [2026-06-16T22:11:30.852+0000] {dag.py:3239} INFO - Sync 1 DAGs
[2026-06-16T22:11:30.864+0000] {logging_mixin.py:190} INFO - [2026-06-16T22:11:30.863+0000] {dag.py:4180} INFO - Setting next_dagrun for extract_raw_data_pipeline to 2026-06-16 07:58:00+00:00, run_after=2026-06-16 07:59:00+00:00
[2026-06-16T22:11:30.877+0000] {processor.py:208} INFO - Processing /opt/airflow/dags/batch_generator.py took 0.269 seconds
[2026-06-16T22:12:00.950+0000] {processor.py:186} INFO - Started process (PID=208) to work on /opt/airflow/dags/batch_generator.py
[2026-06-16T22:12:00.951+0000] {processor.py:914} INFO - Processing file /opt/airflow/dags/batch_generator.py for tasks to queue
[2026-06-16T22:12:00.952+0000] {logging_mixin.py:190} INFO - [2026-06-16T22:12:00.952+0000] {dagbag.py:588} INFO - Filling up the DagBag from /opt/airflow/dags/batch_generator.py
[2026-06-16T22:12:01.172+0000] {processor.py:925} INFO - DAG(s) 'extract_raw_data_pipeline' retrieved from /opt/airflow/dags/batch_generator.py
[2026-06-16T22:12:01.187+0000] {logging_mixin.py:190} INFO - [2026-06-16T22:12:01.187+0000] {dag.py:3239} INFO - Sync 1 DAGs
[2026-06-16T22:12:01.199+0000] {logging_mixin.py:190} INFO - [2026-06-16T22:12:01.199+0000] {dag.py:4180} INFO - Setting next_dagrun for extract_raw_data_pipeline to 2026-06-16 07:58:00+00:00, run_after=2026-06-16 07:59:00+00:00
[2026-06-16T22:12:01.211+0000] {processor.py:208} INFO - Processing /opt/airflow/dags/batch_generator.py took 0.265 seconds
