[2026-06-18T00:00:10.513+0000] {processor.py:186} INFO - Started process (PID=5006) to work on /opt/airflow/dags/batch_generator.py
[2026-06-18T00:00:10.514+0000] {processor.py:914} INFO - Processing file /opt/airflow/dags/batch_generator.py for tasks to queue
[2026-06-18T00:00:10.515+0000] {logging_mixin.py:190} INFO - [2026-06-18T00:00:10.515+0000] {dagbag.py:588} INFO - Filling up the DagBag from /opt/airflow/dags/batch_generator.py
[2026-06-18T00:00:10.617+0000] {processor.py:925} INFO - DAG(s) 'extract_raw_data_pipeline' retrieved from /opt/airflow/dags/batch_generator.py
[2026-06-18T00:00:10.635+0000] {logging_mixin.py:190} INFO - [2026-06-18T00:00:10.635+0000] {dag.py:3239} INFO - Sync 1 DAGs
[2026-06-18T00:00:10.648+0000] {logging_mixin.py:190} INFO - [2026-06-18T00:00:10.648+0000] {dag.py:4180} INFO - Setting next_dagrun for extract_raw_data_pipeline to 2026-06-17 07:59:00+00:00, run_after=2026-06-18 07:00:00+00:00
[2026-06-18T00:00:10.662+0000] {processor.py:208} INFO - Processing /opt/airflow/dags/batch_generator.py took 0.153 seconds
[2026-06-18T00:00:40.776+0000] {processor.py:186} INFO - Started process (PID=5014) to work on /opt/airflow/dags/batch_generator.py
[2026-06-18T00:00:40.777+0000] {processor.py:914} INFO - Processing file /opt/airflow/dags/batch_generator.py for tasks to queue
[2026-06-18T00:00:40.778+0000] {logging_mixin.py:190} INFO - [2026-06-18T00:00:40.778+0000] {dagbag.py:588} INFO - Filling up the DagBag from /opt/airflow/dags/batch_generator.py
[2026-06-18T00:00:40.873+0000] {processor.py:925} INFO - DAG(s) 'extract_raw_data_pipeline' retrieved from /opt/airflow/dags/batch_generator.py
[2026-06-18T00:00:40.889+0000] {logging_mixin.py:190} INFO - [2026-06-18T00:00:40.889+0000] {dag.py:3239} INFO - Sync 1 DAGs
[2026-06-18T00:00:40.902+0000] {logging_mixin.py:190} INFO - [2026-06-18T00:00:40.902+0000] {dag.py:4180} INFO - Setting next_dagrun for extract_raw_data_pipeline to 2026-06-17 07:59:00+00:00, run_after=2026-06-18 07:00:00+00:00
[2026-06-18T00:00:40.914+0000] {processor.py:208} INFO - Processing /opt/airflow/dags/batch_generator.py took 0.142 seconds
[2026-06-18T00:01:11.198+0000] {processor.py:186} INFO - Started process (PID=5022) to work on /opt/airflow/dags/batch_generator.py
[2026-06-18T00:01:11.198+0000] {processor.py:914} INFO - Processing file /opt/airflow/dags/batch_generator.py for tasks to queue
[2026-06-18T00:01:11.200+0000] {logging_mixin.py:190} INFO - [2026-06-18T00:01:11.200+0000] {dagbag.py:588} INFO - Filling up the DagBag from /opt/airflow/dags/batch_generator.py
[2026-06-18T00:01:11.291+0000] {processor.py:925} INFO - DAG(s) 'extract_raw_data_pipeline' retrieved from /opt/airflow/dags/batch_generator.py
[2026-06-18T00:01:11.307+0000] {logging_mixin.py:190} INFO - [2026-06-18T00:01:11.306+0000] {dag.py:3239} INFO - Sync 1 DAGs
[2026-06-18T00:01:11.320+0000] {logging_mixin.py:190} INFO - [2026-06-18T00:01:11.320+0000] {dag.py:4180} INFO - Setting next_dagrun for extract_raw_data_pipeline to 2026-06-17 07:59:00+00:00, run_after=2026-06-18 07:00:00+00:00
[2026-06-18T00:01:11.338+0000] {processor.py:208} INFO - Processing /opt/airflow/dags/batch_generator.py took 0.143 seconds
[2026-06-18T00:01:41.506+0000] {processor.py:186} INFO - Started process (PID=5030) to work on /opt/airflow/dags/batch_generator.py
[2026-06-18T00:01:41.507+0000] {processor.py:914} INFO - Processing file /opt/airflow/dags/batch_generator.py for tasks to queue
[2026-06-18T00:01:41.511+0000] {logging_mixin.py:190} INFO - [2026-06-18T00:01:41.510+0000] {dagbag.py:588} INFO - Filling up the DagBag from /opt/airflow/dags/batch_generator.py
[2026-06-18T00:01:41.616+0000] {processor.py:925} INFO - DAG(s) 'extract_raw_data_pipeline' retrieved from /opt/airflow/dags/batch_generator.py
[2026-06-18T00:01:41.633+0000] {logging_mixin.py:190} INFO - [2026-06-18T00:01:41.633+0000] {dag.py:3239} INFO - Sync 1 DAGs
[2026-06-18T00:01:41.649+0000] {logging_mixin.py:190} INFO - [2026-06-18T00:01:41.649+0000] {dag.py:4180} INFO - Setting next_dagrun for extract_raw_data_pipeline to 2026-06-17 07:59:00+00:00, run_after=2026-06-18 07:00:00+00:00
[2026-06-18T00:01:41.662+0000] {processor.py:208} INFO - Processing /opt/airflow/dags/batch_generator.py took 0.160 seconds
[2026-06-18T00:02:11.853+0000] {processor.py:186} INFO - Started process (PID=5038) to work on /opt/airflow/dags/batch_generator.py
[2026-06-18T00:02:11.853+0000] {processor.py:914} INFO - Processing file /opt/airflow/dags/batch_generator.py for tasks to queue
[2026-06-18T00:02:11.855+0000] {logging_mixin.py:190} INFO - [2026-06-18T00:02:11.855+0000] {dagbag.py:588} INFO - Filling up the DagBag from /opt/airflow/dags/batch_generator.py
[2026-06-18T00:02:11.949+0000] {processor.py:925} INFO - DAG(s) 'extract_raw_data_pipeline' retrieved from /opt/airflow/dags/batch_generator.py
[2026-06-18T00:02:11.968+0000] {logging_mixin.py:190} INFO - [2026-06-18T00:02:11.968+0000] {dag.py:3239} INFO - Sync 1 DAGs
[2026-06-18T00:02:11.984+0000] {logging_mixin.py:190} INFO - [2026-06-18T00:02:11.984+0000] {dag.py:4180} INFO - Setting next_dagrun for extract_raw_data_pipeline to 2026-06-17 07:59:00+00:00, run_after=2026-06-18 07:00:00+00:00
[2026-06-18T00:02:11.997+0000] {processor.py:208} INFO - Processing /opt/airflow/dags/batch_generator.py took 0.148 seconds
[2026-06-18T00:02:42.164+0000] {processor.py:186} INFO - Started process (PID=5046) to work on /opt/airflow/dags/batch_generator.py
[2026-06-18T00:02:42.164+0000] {processor.py:914} INFO - Processing file /opt/airflow/dags/batch_generator.py for tasks to queue
[2026-06-18T00:02:42.166+0000] {logging_mixin.py:190} INFO - [2026-06-18T00:02:42.166+0000] {dagbag.py:588} INFO - Filling up the DagBag from /opt/airflow/dags/batch_generator.py
[2026-06-18T00:02:42.256+0000] {processor.py:925} INFO - DAG(s) 'extract_raw_data_pipeline' retrieved from /opt/airflow/dags/batch_generator.py
[2026-06-18T00:02:42.274+0000] {logging_mixin.py:190} INFO - [2026-06-18T00:02:42.274+0000] {dag.py:3239} INFO - Sync 1 DAGs
[2026-06-18T00:02:42.288+0000] {logging_mixin.py:190} INFO - [2026-06-18T00:02:42.288+0000] {dag.py:4180} INFO - Setting next_dagrun for extract_raw_data_pipeline to 2026-06-17 07:59:00+00:00, run_after=2026-06-18 07:00:00+00:00
[2026-06-18T00:02:42.302+0000] {processor.py:208} INFO - Processing /opt/airflow/dags/batch_generator.py took 0.142 seconds
[2026-06-18T00:03:12.540+0000] {processor.py:186} INFO - Started process (PID=5054) to work on /opt/airflow/dags/batch_generator.py
[2026-06-18T00:03:12.540+0000] {processor.py:914} INFO - Processing file /opt/airflow/dags/batch_generator.py for tasks to queue
[2026-06-18T00:03:12.542+0000] {logging_mixin.py:190} INFO - [2026-06-18T00:03:12.542+0000] {dagbag.py:588} INFO - Filling up the DagBag from /opt/airflow/dags/batch_generator.py
[2026-06-18T00:03:12.633+0000] {processor.py:925} INFO - DAG(s) 'extract_raw_data_pipeline' retrieved from /opt/airflow/dags/batch_generator.py
[2026-06-18T00:03:12.649+0000] {logging_mixin.py:190} INFO - [2026-06-18T00:03:12.649+0000] {dag.py:3239} INFO - Sync 1 DAGs
[2026-06-18T00:03:12.663+0000] {logging_mixin.py:190} INFO - [2026-06-18T00:03:12.663+0000] {dag.py:4180} INFO - Setting next_dagrun for extract_raw_data_pipeline to 2026-06-17 07:59:00+00:00, run_after=2026-06-18 07:00:00+00:00
[2026-06-18T00:03:12.687+0000] {processor.py:208} INFO - Processing /opt/airflow/dags/batch_generator.py took 0.151 seconds
[2026-06-18T00:03:42.816+0000] {processor.py:186} INFO - Started process (PID=5062) to work on /opt/airflow/dags/batch_generator.py
[2026-06-18T00:03:42.817+0000] {processor.py:914} INFO - Processing file /opt/airflow/dags/batch_generator.py for tasks to queue
[2026-06-18T00:03:42.819+0000] {logging_mixin.py:190} INFO - [2026-06-18T00:03:42.818+0000] {dagbag.py:588} INFO - Filling up the DagBag from /opt/airflow/dags/batch_generator.py
[2026-06-18T00:03:42.907+0000] {processor.py:925} INFO - DAG(s) 'extract_raw_data_pipeline' retrieved from /opt/airflow/dags/batch_generator.py
[2026-06-18T00:03:42.925+0000] {logging_mixin.py:190} INFO - [2026-06-18T00:03:42.925+0000] {dag.py:3239} INFO - Sync 1 DAGs
[2026-06-18T00:03:42.939+0000] {logging_mixin.py:190} INFO - [2026-06-18T00:03:42.939+0000] {dag.py:4180} INFO - Setting next_dagrun for extract_raw_data_pipeline to 2026-06-17 07:59:00+00:00, run_after=2026-06-18 07:00:00+00:00
[2026-06-18T00:03:42.954+0000] {processor.py:208} INFO - Processing /opt/airflow/dags/batch_generator.py took 0.141 seconds
[2026-06-18T00:04:13.253+0000] {processor.py:186} INFO - Started process (PID=5070) to work on /opt/airflow/dags/batch_generator.py
[2026-06-18T00:04:13.254+0000] {processor.py:914} INFO - Processing file /opt/airflow/dags/batch_generator.py for tasks to queue
[2026-06-18T00:04:13.255+0000] {logging_mixin.py:190} INFO - [2026-06-18T00:04:13.255+0000] {dagbag.py:588} INFO - Filling up the DagBag from /opt/airflow/dags/batch_generator.py
[2026-06-18T00:04:13.345+0000] {processor.py:925} INFO - DAG(s) 'extract_raw_data_pipeline' retrieved from /opt/airflow/dags/batch_generator.py
[2026-06-18T00:04:13.367+0000] {logging_mixin.py:190} INFO - [2026-06-18T00:04:13.367+0000] {dag.py:3239} INFO - Sync 1 DAGs
[2026-06-18T00:04:13.405+0000] {logging_mixin.py:190} INFO - [2026-06-18T00:04:13.405+0000] {dag.py:4180} INFO - Setting next_dagrun for extract_raw_data_pipeline to 2026-06-17 07:59:00+00:00, run_after=2026-06-18 07:00:00+00:00
[2026-06-18T00:04:13.462+0000] {processor.py:208} INFO - Processing /opt/airflow/dags/batch_generator.py took 0.212 seconds
[2026-06-18T00:04:43.546+0000] {processor.py:186} INFO - Started process (PID=5078) to work on /opt/airflow/dags/batch_generator.py
[2026-06-18T00:04:43.547+0000] {processor.py:914} INFO - Processing file /opt/airflow/dags/batch_generator.py for tasks to queue
[2026-06-18T00:04:43.548+0000] {logging_mixin.py:190} INFO - [2026-06-18T00:04:43.548+0000] {dagbag.py:588} INFO - Filling up the DagBag from /opt/airflow/dags/batch_generator.py
[2026-06-18T00:04:43.633+0000] {processor.py:925} INFO - DAG(s) 'extract_raw_data_pipeline' retrieved from /opt/airflow/dags/batch_generator.py
[2026-06-18T00:04:43.650+0000] {logging_mixin.py:190} INFO - [2026-06-18T00:04:43.649+0000] {dag.py:3239} INFO - Sync 1 DAGs
[2026-06-18T00:04:43.662+0000] {logging_mixin.py:190} INFO - [2026-06-18T00:04:43.662+0000] {dag.py:4180} INFO - Setting next_dagrun for extract_raw_data_pipeline to 2026-06-17 07:59:00+00:00, run_after=2026-06-18 07:00:00+00:00
[2026-06-18T00:04:43.676+0000] {processor.py:208} INFO - Processing /opt/airflow/dags/batch_generator.py took 0.133 seconds
[2026-06-18T00:05:13.815+0000] {processor.py:186} INFO - Started process (PID=5086) to work on /opt/airflow/dags/batch_generator.py
[2026-06-18T00:05:13.816+0000] {processor.py:914} INFO - Processing file /opt/airflow/dags/batch_generator.py for tasks to queue
[2026-06-18T00:05:13.818+0000] {logging_mixin.py:190} INFO - [2026-06-18T00:05:13.817+0000] {dagbag.py:588} INFO - Filling up the DagBag from /opt/airflow/dags/batch_generator.py
[2026-06-18T00:05:13.906+0000] {processor.py:925} INFO - DAG(s) 'extract_raw_data_pipeline' retrieved from /opt/airflow/dags/batch_generator.py
[2026-06-18T00:05:13.923+0000] {logging_mixin.py:190} INFO - [2026-06-18T00:05:13.923+0000] {dag.py:3239} INFO - Sync 1 DAGs
[2026-06-18T00:05:13.937+0000] {logging_mixin.py:190} INFO - [2026-06-18T00:05:13.937+0000] {dag.py:4180} INFO - Setting next_dagrun for extract_raw_data_pipeline to 2026-06-17 07:59:00+00:00, run_after=2026-06-18 07:00:00+00:00
[2026-06-18T00:05:13.954+0000] {processor.py:208} INFO - Processing /opt/airflow/dags/batch_generator.py took 0.143 seconds
[2026-06-18T00:05:44.241+0000] {processor.py:186} INFO - Started process (PID=5094) to work on /opt/airflow/dags/batch_generator.py
[2026-06-18T00:05:44.242+0000] {processor.py:914} INFO - Processing file /opt/airflow/dags/batch_generator.py for tasks to queue
[2026-06-18T00:05:44.244+0000] {logging_mixin.py:190} INFO - [2026-06-18T00:05:44.243+0000] {dagbag.py:588} INFO - Filling up the DagBag from /opt/airflow/dags/batch_generator.py
[2026-06-18T00:05:44.330+0000] {processor.py:925} INFO - DAG(s) 'extract_raw_data_pipeline' retrieved from /opt/airflow/dags/batch_generator.py
[2026-06-18T00:05:44.348+0000] {logging_mixin.py:190} INFO - [2026-06-18T00:05:44.348+0000] {dag.py:3239} INFO - Sync 1 DAGs
[2026-06-18T00:05:44.361+0000] {logging_mixin.py:190} INFO - [2026-06-18T00:05:44.361+0000] {dag.py:4180} INFO - Setting next_dagrun for extract_raw_data_pipeline to 2026-06-17 07:59:00+00:00, run_after=2026-06-18 07:00:00+00:00
[2026-06-18T00:05:44.372+0000] {processor.py:208} INFO - Processing /opt/airflow/dags/batch_generator.py took 0.134 seconds
[2026-06-18T00:06:14.571+0000] {processor.py:186} INFO - Started process (PID=5102) to work on /opt/airflow/dags/batch_generator.py
[2026-06-18T00:06:14.572+0000] {processor.py:914} INFO - Processing file /opt/airflow/dags/batch_generator.py for tasks to queue
[2026-06-18T00:06:14.575+0000] {logging_mixin.py:190} INFO - [2026-06-18T00:06:14.575+0000] {dagbag.py:588} INFO - Filling up the DagBag from /opt/airflow/dags/batch_generator.py
[2026-06-18T00:06:14.666+0000] {processor.py:925} INFO - DAG(s) 'extract_raw_data_pipeline' retrieved from /opt/airflow/dags/batch_generator.py
[2026-06-18T00:06:14.680+0000] {logging_mixin.py:190} INFO - [2026-06-18T00:06:14.679+0000] {dag.py:3239} INFO - Sync 1 DAGs
[2026-06-18T00:06:14.691+0000] {logging_mixin.py:190} INFO - [2026-06-18T00:06:14.691+0000] {dag.py:4180} INFO - Setting next_dagrun for extract_raw_data_pipeline to 2026-06-17 07:59:00+00:00, run_after=2026-06-18 07:00:00+00:00
[2026-06-18T00:06:14.703+0000] {processor.py:208} INFO - Processing /opt/airflow/dags/batch_generator.py took 0.139 seconds
[2026-06-18T00:06:44.886+0000] {processor.py:186} INFO - Started process (PID=5110) to work on /opt/airflow/dags/batch_generator.py
[2026-06-18T00:06:44.887+0000] {processor.py:914} INFO - Processing file /opt/airflow/dags/batch_generator.py for tasks to queue
[2026-06-18T00:06:44.889+0000] {logging_mixin.py:190} INFO - [2026-06-18T00:06:44.888+0000] {dagbag.py:588} INFO - Filling up the DagBag from /opt/airflow/dags/batch_generator.py
[2026-06-18T00:06:44.987+0000] {processor.py:925} INFO - DAG(s) 'extract_raw_data_pipeline' retrieved from /opt/airflow/dags/batch_generator.py
[2026-06-18T00:06:45.003+0000] {logging_mixin.py:190} INFO - [2026-06-18T00:06:45.003+0000] {dag.py:3239} INFO - Sync 1 DAGs
[2026-06-18T00:06:45.017+0000] {logging_mixin.py:190} INFO - [2026-06-18T00:06:45.017+0000] {dag.py:4180} INFO - Setting next_dagrun for extract_raw_data_pipeline to 2026-06-17 07:59:00+00:00, run_after=2026-06-18 07:00:00+00:00
[2026-06-18T00:06:45.031+0000] {processor.py:208} INFO - Processing /opt/airflow/dags/batch_generator.py took 0.149 seconds
[2026-06-18T00:07:15.275+0000] {processor.py:186} INFO - Started process (PID=5118) to work on /opt/airflow/dags/batch_generator.py
[2026-06-18T00:07:15.275+0000] {processor.py:914} INFO - Processing file /opt/airflow/dags/batch_generator.py for tasks to queue
[2026-06-18T00:07:15.277+0000] {logging_mixin.py:190} INFO - [2026-06-18T00:07:15.277+0000] {dagbag.py:588} INFO - Filling up the DagBag from /opt/airflow/dags/batch_generator.py
[2026-06-18T00:07:15.368+0000] {processor.py:925} INFO - DAG(s) 'extract_raw_data_pipeline' retrieved from /opt/airflow/dags/batch_generator.py
[2026-06-18T00:07:15.385+0000] {logging_mixin.py:190} INFO - [2026-06-18T00:07:15.385+0000] {dag.py:3239} INFO - Sync 1 DAGs
[2026-06-18T00:07:15.399+0000] {logging_mixin.py:190} INFO - [2026-06-18T00:07:15.399+0000] {dag.py:4180} INFO - Setting next_dagrun for extract_raw_data_pipeline to 2026-06-17 07:59:00+00:00, run_after=2026-06-18 07:00:00+00:00
[2026-06-18T00:07:15.415+0000] {processor.py:208} INFO - Processing /opt/airflow/dags/batch_generator.py took 0.144 seconds
[2026-06-18T00:07:45.621+0000] {processor.py:186} INFO - Started process (PID=5126) to work on /opt/airflow/dags/batch_generator.py
[2026-06-18T00:07:45.621+0000] {processor.py:914} INFO - Processing file /opt/airflow/dags/batch_generator.py for tasks to queue
[2026-06-18T00:07:45.623+0000] {logging_mixin.py:190} INFO - [2026-06-18T00:07:45.623+0000] {dagbag.py:588} INFO - Filling up the DagBag from /opt/airflow/dags/batch_generator.py
[2026-06-18T00:07:45.724+0000] {processor.py:925} INFO - DAG(s) 'extract_raw_data_pipeline' retrieved from /opt/airflow/dags/batch_generator.py
[2026-06-18T00:07:45.739+0000] {logging_mixin.py:190} INFO - [2026-06-18T00:07:45.738+0000] {dag.py:3239} INFO - Sync 1 DAGs
[2026-06-18T00:07:45.754+0000] {logging_mixin.py:190} INFO - [2026-06-18T00:07:45.754+0000] {dag.py:4180} INFO - Setting next_dagrun for extract_raw_data_pipeline to 2026-06-17 07:59:00+00:00, run_after=2026-06-18 07:00:00+00:00
[2026-06-18T00:07:45.781+0000] {processor.py:208} INFO - Processing /opt/airflow/dags/batch_generator.py took 0.165 seconds
[2026-06-18T00:08:15.912+0000] {processor.py:186} INFO - Started process (PID=5134) to work on /opt/airflow/dags/batch_generator.py
[2026-06-18T00:08:15.912+0000] {processor.py:914} INFO - Processing file /opt/airflow/dags/batch_generator.py for tasks to queue
[2026-06-18T00:08:15.914+0000] {logging_mixin.py:190} INFO - [2026-06-18T00:08:15.914+0000] {dagbag.py:588} INFO - Filling up the DagBag from /opt/airflow/dags/batch_generator.py
[2026-06-18T00:08:16.005+0000] {processor.py:925} INFO - DAG(s) 'extract_raw_data_pipeline' retrieved from /opt/airflow/dags/batch_generator.py
[2026-06-18T00:08:16.023+0000] {logging_mixin.py:190} INFO - [2026-06-18T00:08:16.023+0000] {dag.py:3239} INFO - Sync 1 DAGs
[2026-06-18T00:08:16.036+0000] {logging_mixin.py:190} INFO - [2026-06-18T00:08:16.036+0000] {dag.py:4180} INFO - Setting next_dagrun for extract_raw_data_pipeline to 2026-06-17 07:59:00+00:00, run_after=2026-06-18 07:00:00+00:00
[2026-06-18T00:08:16.051+0000] {processor.py:208} INFO - Processing /opt/airflow/dags/batch_generator.py took 0.142 seconds
[2026-06-18T00:08:46.204+0000] {processor.py:186} INFO - Started process (PID=5142) to work on /opt/airflow/dags/batch_generator.py
[2026-06-18T00:08:46.204+0000] {processor.py:914} INFO - Processing file /opt/airflow/dags/batch_generator.py for tasks to queue
[2026-06-18T00:08:46.206+0000] {logging_mixin.py:190} INFO - [2026-06-18T00:08:46.206+0000] {dagbag.py:588} INFO - Filling up the DagBag from /opt/airflow/dags/batch_generator.py
[2026-06-18T00:08:46.294+0000] {processor.py:925} INFO - DAG(s) 'extract_raw_data_pipeline' retrieved from /opt/airflow/dags/batch_generator.py
[2026-06-18T00:08:46.310+0000] {logging_mixin.py:190} INFO - [2026-06-18T00:08:46.310+0000] {dag.py:3239} INFO - Sync 1 DAGs
[2026-06-18T00:08:46.323+0000] {logging_mixin.py:190} INFO - [2026-06-18T00:08:46.323+0000] {dag.py:4180} INFO - Setting next_dagrun for extract_raw_data_pipeline to 2026-06-17 07:59:00+00:00, run_after=2026-06-18 07:00:00+00:00
[2026-06-18T00:08:46.335+0000] {processor.py:208} INFO - Processing /opt/airflow/dags/batch_generator.py took 0.135 seconds
[2026-06-18T00:09:16.658+0000] {processor.py:186} INFO - Started process (PID=5150) to work on /opt/airflow/dags/batch_generator.py
[2026-06-18T00:09:16.659+0000] {processor.py:914} INFO - Processing file /opt/airflow/dags/batch_generator.py for tasks to queue
[2026-06-18T00:09:16.661+0000] {logging_mixin.py:190} INFO - [2026-06-18T00:09:16.660+0000] {dagbag.py:588} INFO - Filling up the DagBag from /opt/airflow/dags/batch_generator.py
[2026-06-18T00:09:16.754+0000] {processor.py:925} INFO - DAG(s) 'extract_raw_data_pipeline' retrieved from /opt/airflow/dags/batch_generator.py
[2026-06-18T00:09:16.770+0000] {logging_mixin.py:190} INFO - [2026-06-18T00:09:16.769+0000] {dag.py:3239} INFO - Sync 1 DAGs
[2026-06-18T00:09:16.784+0000] {logging_mixin.py:190} INFO - [2026-06-18T00:09:16.784+0000] {dag.py:4180} INFO - Setting next_dagrun for extract_raw_data_pipeline to 2026-06-17 07:59:00+00:00, run_after=2026-06-18 07:00:00+00:00
[2026-06-18T00:09:16.801+0000] {processor.py:208} INFO - Processing /opt/airflow/dags/batch_generator.py took 0.146 seconds
[2026-06-18T00:09:46.966+0000] {processor.py:186} INFO - Started process (PID=5158) to work on /opt/airflow/dags/batch_generator.py
[2026-06-18T00:09:46.967+0000] {processor.py:914} INFO - Processing file /opt/airflow/dags/batch_generator.py for tasks to queue
[2026-06-18T00:09:46.968+0000] {logging_mixin.py:190} INFO - [2026-06-18T00:09:46.968+0000] {dagbag.py:588} INFO - Filling up the DagBag from /opt/airflow/dags/batch_generator.py
[2026-06-18T00:09:47.063+0000] {processor.py:925} INFO - DAG(s) 'extract_raw_data_pipeline' retrieved from /opt/airflow/dags/batch_generator.py
[2026-06-18T00:09:47.078+0000] {logging_mixin.py:190} INFO - [2026-06-18T00:09:47.078+0000] {dag.py:3239} INFO - Sync 1 DAGs
[2026-06-18T00:09:47.093+0000] {logging_mixin.py:190} INFO - [2026-06-18T00:09:47.093+0000] {dag.py:4180} INFO - Setting next_dagrun for extract_raw_data_pipeline to 2026-06-17 07:59:00+00:00, run_after=2026-06-18 07:00:00+00:00
[2026-06-18T00:09:47.115+0000] {processor.py:208} INFO - Processing /opt/airflow/dags/batch_generator.py took 0.153 seconds
[2026-06-18T00:10:17.368+0000] {processor.py:186} INFO - Started process (PID=5166) to work on /opt/airflow/dags/batch_generator.py
[2026-06-18T00:10:17.368+0000] {processor.py:914} INFO - Processing file /opt/airflow/dags/batch_generator.py for tasks to queue
[2026-06-18T00:10:17.370+0000] {logging_mixin.py:190} INFO - [2026-06-18T00:10:17.370+0000] {dagbag.py:588} INFO - Filling up the DagBag from /opt/airflow/dags/batch_generator.py
[2026-06-18T00:10:17.459+0000] {processor.py:925} INFO - DAG(s) 'extract_raw_data_pipeline' retrieved from /opt/airflow/dags/batch_generator.py
[2026-06-18T00:10:17.477+0000] {logging_mixin.py:190} INFO - [2026-06-18T00:10:17.476+0000] {dag.py:3239} INFO - Sync 1 DAGs
[2026-06-18T00:10:17.491+0000] {logging_mixin.py:190} INFO - [2026-06-18T00:10:17.491+0000] {dag.py:4180} INFO - Setting next_dagrun for extract_raw_data_pipeline to 2026-06-17 07:59:00+00:00, run_after=2026-06-18 07:00:00+00:00
[2026-06-18T00:10:17.506+0000] {processor.py:208} INFO - Processing /opt/airflow/dags/batch_generator.py took 0.142 seconds
[2026-06-18T00:10:47.636+0000] {processor.py:186} INFO - Started process (PID=5174) to work on /opt/airflow/dags/batch_generator.py
[2026-06-18T00:10:47.637+0000] {processor.py:914} INFO - Processing file /opt/airflow/dags/batch_generator.py for tasks to queue
[2026-06-18T00:10:47.638+0000] {logging_mixin.py:190} INFO - [2026-06-18T00:10:47.638+0000] {dagbag.py:588} INFO - Filling up the DagBag from /opt/airflow/dags/batch_generator.py
[2026-06-18T00:10:47.724+0000] {processor.py:925} INFO - DAG(s) 'extract_raw_data_pipeline' retrieved from /opt/airflow/dags/batch_generator.py
[2026-06-18T00:10:47.741+0000] {logging_mixin.py:190} INFO - [2026-06-18T00:10:47.741+0000] {dag.py:3239} INFO - Sync 1 DAGs
[2026-06-18T00:10:47.755+0000] {logging_mixin.py:190} INFO - [2026-06-18T00:10:47.754+0000] {dag.py:4180} INFO - Setting next_dagrun for extract_raw_data_pipeline to 2026-06-17 07:59:00+00:00, run_after=2026-06-18 07:00:00+00:00
[2026-06-18T00:10:47.767+0000] {processor.py:208} INFO - Processing /opt/airflow/dags/batch_generator.py took 0.135 seconds
[2026-06-18T00:11:17.914+0000] {processor.py:186} INFO - Started process (PID=5182) to work on /opt/airflow/dags/batch_generator.py
[2026-06-18T00:11:17.915+0000] {processor.py:914} INFO - Processing file /opt/airflow/dags/batch_generator.py for tasks to queue
[2026-06-18T00:11:17.916+0000] {logging_mixin.py:190} INFO - [2026-06-18T00:11:17.916+0000] {dagbag.py:588} INFO - Filling up the DagBag from /opt/airflow/dags/batch_generator.py
[2026-06-18T00:11:18.004+0000] {processor.py:925} INFO - DAG(s) 'extract_raw_data_pipeline' retrieved from /opt/airflow/dags/batch_generator.py
[2026-06-18T00:11:18.019+0000] {logging_mixin.py:190} INFO - [2026-06-18T00:11:18.019+0000] {dag.py:3239} INFO - Sync 1 DAGs
[2026-06-18T00:11:18.032+0000] {logging_mixin.py:190} INFO - [2026-06-18T00:11:18.032+0000] {dag.py:4180} INFO - Setting next_dagrun for extract_raw_data_pipeline to 2026-06-17 07:59:00+00:00, run_after=2026-06-18 07:00:00+00:00
[2026-06-18T00:11:18.047+0000] {processor.py:208} INFO - Processing /opt/airflow/dags/batch_generator.py took 0.137 seconds
[2026-06-18T00:11:48.328+0000] {processor.py:186} INFO - Started process (PID=5190) to work on /opt/airflow/dags/batch_generator.py
[2026-06-18T00:11:48.328+0000] {processor.py:914} INFO - Processing file /opt/airflow/dags/batch_generator.py for tasks to queue
[2026-06-18T00:11:48.330+0000] {logging_mixin.py:190} INFO - [2026-06-18T00:11:48.330+0000] {dagbag.py:588} INFO - Filling up the DagBag from /opt/airflow/dags/batch_generator.py
[2026-06-18T00:11:48.415+0000] {processor.py:925} INFO - DAG(s) 'extract_raw_data_pipeline' retrieved from /opt/airflow/dags/batch_generator.py
[2026-06-18T00:11:48.432+0000] {logging_mixin.py:190} INFO - [2026-06-18T00:11:48.431+0000] {dag.py:3239} INFO - Sync 1 DAGs
[2026-06-18T00:11:48.445+0000] {logging_mixin.py:190} INFO - [2026-06-18T00:11:48.445+0000] {dag.py:4180} INFO - Setting next_dagrun for extract_raw_data_pipeline to 2026-06-17 07:59:00+00:00, run_after=2026-06-18 07:00:00+00:00
[2026-06-18T00:11:48.458+0000] {processor.py:208} INFO - Processing /opt/airflow/dags/batch_generator.py took 0.134 seconds
[2026-06-18T00:12:18.642+0000] {processor.py:186} INFO - Started process (PID=5198) to work on /opt/airflow/dags/batch_generator.py
[2026-06-18T00:12:18.642+0000] {processor.py:914} INFO - Processing file /opt/airflow/dags/batch_generator.py for tasks to queue
[2026-06-18T00:12:18.644+0000] {logging_mixin.py:190} INFO - [2026-06-18T00:12:18.644+0000] {dagbag.py:588} INFO - Filling up the DagBag from /opt/airflow/dags/batch_generator.py
[2026-06-18T00:12:18.731+0000] {processor.py:925} INFO - DAG(s) 'extract_raw_data_pipeline' retrieved from /opt/airflow/dags/batch_generator.py
[2026-06-18T00:12:18.746+0000] {logging_mixin.py:190} INFO - [2026-06-18T00:12:18.745+0000] {dag.py:3239} INFO - Sync 1 DAGs
[2026-06-18T00:12:18.759+0000] {logging_mixin.py:190} INFO - [2026-06-18T00:12:18.759+0000] {dag.py:4180} INFO - Setting next_dagrun for extract_raw_data_pipeline to 2026-06-17 07:59:00+00:00, run_after=2026-06-18 07:00:00+00:00
[2026-06-18T00:12:18.772+0000] {processor.py:208} INFO - Processing /opt/airflow/dags/batch_generator.py took 0.134 seconds
[2026-06-18T00:12:49.043+0000] {processor.py:186} INFO - Started process (PID=5206) to work on /opt/airflow/dags/batch_generator.py
[2026-06-18T00:12:49.044+0000] {processor.py:914} INFO - Processing file /opt/airflow/dags/batch_generator.py for tasks to queue
[2026-06-18T00:12:49.046+0000] {logging_mixin.py:190} INFO - [2026-06-18T00:12:49.045+0000] {dagbag.py:588} INFO - Filling up the DagBag from /opt/airflow/dags/batch_generator.py
[2026-06-18T00:12:49.134+0000] {processor.py:925} INFO - DAG(s) 'extract_raw_data_pipeline' retrieved from /opt/airflow/dags/batch_generator.py
[2026-06-18T00:12:49.147+0000] {logging_mixin.py:190} INFO - [2026-06-18T00:12:49.147+0000] {dag.py:3239} INFO - Sync 1 DAGs
[2026-06-18T00:12:49.159+0000] {logging_mixin.py:190} INFO - [2026-06-18T00:12:49.159+0000] {dag.py:4180} INFO - Setting next_dagrun for extract_raw_data_pipeline to 2026-06-17 07:59:00+00:00, run_after=2026-06-18 07:00:00+00:00
[2026-06-18T00:12:49.171+0000] {processor.py:208} INFO - Processing /opt/airflow/dags/batch_generator.py took 0.132 seconds
[2026-06-18T00:13:19.310+0000] {processor.py:186} INFO - Started process (PID=5214) to work on /opt/airflow/dags/batch_generator.py
[2026-06-18T00:13:19.310+0000] {processor.py:914} INFO - Processing file /opt/airflow/dags/batch_generator.py for tasks to queue
[2026-06-18T00:13:19.312+0000] {logging_mixin.py:190} INFO - [2026-06-18T00:13:19.312+0000] {dagbag.py:588} INFO - Filling up the DagBag from /opt/airflow/dags/batch_generator.py
[2026-06-18T00:13:19.408+0000] {processor.py:925} INFO - DAG(s) 'extract_raw_data_pipeline' retrieved from /opt/airflow/dags/batch_generator.py
[2026-06-18T00:13:19.427+0000] {logging_mixin.py:190} INFO - [2026-06-18T00:13:19.427+0000] {dag.py:3239} INFO - Sync 1 DAGs
[2026-06-18T00:13:19.441+0000] {logging_mixin.py:190} INFO - [2026-06-18T00:13:19.441+0000] {dag.py:4180} INFO - Setting next_dagrun for extract_raw_data_pipeline to 2026-06-17 07:59:00+00:00, run_after=2026-06-18 07:00:00+00:00
[2026-06-18T00:13:19.455+0000] {processor.py:208} INFO - Processing /opt/airflow/dags/batch_generator.py took 0.150 seconds
[2026-06-18T00:13:49.736+0000] {processor.py:186} INFO - Started process (PID=5222) to work on /opt/airflow/dags/batch_generator.py
[2026-06-18T00:13:49.736+0000] {processor.py:914} INFO - Processing file /opt/airflow/dags/batch_generator.py for tasks to queue
[2026-06-18T00:13:49.738+0000] {logging_mixin.py:190} INFO - [2026-06-18T00:13:49.738+0000] {dagbag.py:588} INFO - Filling up the DagBag from /opt/airflow/dags/batch_generator.py
[2026-06-18T00:13:49.830+0000] {processor.py:925} INFO - DAG(s) 'extract_raw_data_pipeline' retrieved from /opt/airflow/dags/batch_generator.py
[2026-06-18T00:13:49.844+0000] {logging_mixin.py:190} INFO - [2026-06-18T00:13:49.844+0000] {dag.py:3239} INFO - Sync 1 DAGs
[2026-06-18T00:13:49.857+0000] {logging_mixin.py:190} INFO - [2026-06-18T00:13:49.857+0000] {dag.py:4180} INFO - Setting next_dagrun for extract_raw_data_pipeline to 2026-06-17 07:59:00+00:00, run_after=2026-06-18 07:00:00+00:00
[2026-06-18T00:13:49.871+0000] {processor.py:208} INFO - Processing /opt/airflow/dags/batch_generator.py took 0.139 seconds
[2026-06-18T00:14:20.030+0000] {processor.py:186} INFO - Started process (PID=5230) to work on /opt/airflow/dags/batch_generator.py
[2026-06-18T00:14:20.031+0000] {processor.py:914} INFO - Processing file /opt/airflow/dags/batch_generator.py for tasks to queue
[2026-06-18T00:14:20.033+0000] {logging_mixin.py:190} INFO - [2026-06-18T00:14:20.032+0000] {dagbag.py:588} INFO - Filling up the DagBag from /opt/airflow/dags/batch_generator.py
[2026-06-18T00:14:20.122+0000] {processor.py:925} INFO - DAG(s) 'extract_raw_data_pipeline' retrieved from /opt/airflow/dags/batch_generator.py
[2026-06-18T00:14:20.140+0000] {logging_mixin.py:190} INFO - [2026-06-18T00:14:20.140+0000] {dag.py:3239} INFO - Sync 1 DAGs
[2026-06-18T00:14:20.155+0000] {logging_mixin.py:190} INFO - [2026-06-18T00:14:20.155+0000] {dag.py:4180} INFO - Setting next_dagrun for extract_raw_data_pipeline to 2026-06-17 07:59:00+00:00, run_after=2026-06-18 07:00:00+00:00
[2026-06-18T00:14:20.169+0000] {processor.py:208} INFO - Processing /opt/airflow/dags/batch_generator.py took 0.142 seconds
[2026-06-18T00:14:50.509+0000] {processor.py:186} INFO - Started process (PID=5238) to work on /opt/airflow/dags/batch_generator.py
[2026-06-18T00:14:50.510+0000] {processor.py:914} INFO - Processing file /opt/airflow/dags/batch_generator.py for tasks to queue
[2026-06-18T00:14:50.511+0000] {logging_mixin.py:190} INFO - [2026-06-18T00:14:50.511+0000] {dagbag.py:588} INFO - Filling up the DagBag from /opt/airflow/dags/batch_generator.py
[2026-06-18T00:14:50.602+0000] {processor.py:925} INFO - DAG(s) 'extract_raw_data_pipeline' retrieved from /opt/airflow/dags/batch_generator.py
[2026-06-18T00:14:50.620+0000] {logging_mixin.py:190} INFO - [2026-06-18T00:14:50.620+0000] {dag.py:3239} INFO - Sync 1 DAGs
[2026-06-18T00:14:50.640+0000] {logging_mixin.py:190} INFO - [2026-06-18T00:14:50.640+0000] {dag.py:4180} INFO - Setting next_dagrun for extract_raw_data_pipeline to 2026-06-17 07:59:00+00:00, run_after=2026-06-18 07:00:00+00:00
[2026-06-18T00:14:50.655+0000] {processor.py:208} INFO - Processing /opt/airflow/dags/batch_generator.py took 0.149 seconds
[2026-06-18T00:15:20.819+0000] {processor.py:186} INFO - Started process (PID=5246) to work on /opt/airflow/dags/batch_generator.py
[2026-06-18T00:15:20.819+0000] {processor.py:914} INFO - Processing file /opt/airflow/dags/batch_generator.py for tasks to queue
[2026-06-18T00:15:20.821+0000] {logging_mixin.py:190} INFO - [2026-06-18T00:15:20.821+0000] {dagbag.py:588} INFO - Filling up the DagBag from /opt/airflow/dags/batch_generator.py
[2026-06-18T00:15:20.909+0000] {processor.py:925} INFO - DAG(s) 'extract_raw_data_pipeline' retrieved from /opt/airflow/dags/batch_generator.py
[2026-06-18T00:15:20.925+0000] {logging_mixin.py:190} INFO - [2026-06-18T00:15:20.925+0000] {dag.py:3239} INFO - Sync 1 DAGs
[2026-06-18T00:15:20.938+0000] {logging_mixin.py:190} INFO - [2026-06-18T00:15:20.938+0000] {dag.py:4180} INFO - Setting next_dagrun for extract_raw_data_pipeline to 2026-06-17 07:59:00+00:00, run_after=2026-06-18 07:00:00+00:00
[2026-06-18T00:15:20.952+0000] {processor.py:208} INFO - Processing /opt/airflow/dags/batch_generator.py took 0.137 seconds
[2026-06-18T00:15:51.217+0000] {processor.py:186} INFO - Started process (PID=5254) to work on /opt/airflow/dags/batch_generator.py
[2026-06-18T00:15:51.218+0000] {processor.py:914} INFO - Processing file /opt/airflow/dags/batch_generator.py for tasks to queue
[2026-06-18T00:15:51.219+0000] {logging_mixin.py:190} INFO - [2026-06-18T00:15:51.219+0000] {dagbag.py:588} INFO - Filling up the DagBag from /opt/airflow/dags/batch_generator.py
[2026-06-18T00:15:51.310+0000] {processor.py:925} INFO - DAG(s) 'extract_raw_data_pipeline' retrieved from /opt/airflow/dags/batch_generator.py
[2026-06-18T00:15:51.326+0000] {logging_mixin.py:190} INFO - [2026-06-18T00:15:51.326+0000] {dag.py:3239} INFO - Sync 1 DAGs
[2026-06-18T00:15:51.341+0000] {logging_mixin.py:190} INFO - [2026-06-18T00:15:51.340+0000] {dag.py:4180} INFO - Setting next_dagrun for extract_raw_data_pipeline to 2026-06-17 07:59:00+00:00, run_after=2026-06-18 07:00:00+00:00
[2026-06-18T00:15:51.354+0000] {processor.py:208} INFO - Processing /opt/airflow/dags/batch_generator.py took 0.140 seconds
[2026-06-18T00:16:21.619+0000] {processor.py:186} INFO - Started process (PID=5262) to work on /opt/airflow/dags/batch_generator.py
[2026-06-18T00:16:21.620+0000] {processor.py:914} INFO - Processing file /opt/airflow/dags/batch_generator.py for tasks to queue
[2026-06-18T00:16:21.621+0000] {logging_mixin.py:190} INFO - [2026-06-18T00:16:21.621+0000] {dagbag.py:588} INFO - Filling up the DagBag from /opt/airflow/dags/batch_generator.py
[2026-06-18T00:16:21.715+0000] {processor.py:925} INFO - DAG(s) 'extract_raw_data_pipeline' retrieved from /opt/airflow/dags/batch_generator.py
[2026-06-18T00:16:21.732+0000] {logging_mixin.py:190} INFO - [2026-06-18T00:16:21.732+0000] {dag.py:3239} INFO - Sync 1 DAGs
[2026-06-18T00:16:21.747+0000] {logging_mixin.py:190} INFO - [2026-06-18T00:16:21.746+0000] {dag.py:4180} INFO - Setting next_dagrun for extract_raw_data_pipeline to 2026-06-17 07:59:00+00:00, run_after=2026-06-18 07:00:00+00:00
[2026-06-18T00:16:21.760+0000] {processor.py:208} INFO - Processing /opt/airflow/dags/batch_generator.py took 0.144 seconds
[2026-06-18T00:16:51.907+0000] {processor.py:186} INFO - Started process (PID=5270) to work on /opt/airflow/dags/batch_generator.py
[2026-06-18T00:16:51.907+0000] {processor.py:914} INFO - Processing file /opt/airflow/dags/batch_generator.py for tasks to queue
[2026-06-18T00:16:51.909+0000] {logging_mixin.py:190} INFO - [2026-06-18T00:16:51.909+0000] {dagbag.py:588} INFO - Filling up the DagBag from /opt/airflow/dags/batch_generator.py
[2026-06-18T00:16:52.000+0000] {processor.py:925} INFO - DAG(s) 'extract_raw_data_pipeline' retrieved from /opt/airflow/dags/batch_generator.py
[2026-06-18T00:16:52.015+0000] {logging_mixin.py:190} INFO - [2026-06-18T00:16:52.015+0000] {dag.py:3239} INFO - Sync 1 DAGs
[2026-06-18T00:16:52.030+0000] {logging_mixin.py:190} INFO - [2026-06-18T00:16:52.030+0000] {dag.py:4180} INFO - Setting next_dagrun for extract_raw_data_pipeline to 2026-06-17 07:59:00+00:00, run_after=2026-06-18 07:00:00+00:00
[2026-06-18T00:16:52.043+0000] {processor.py:208} INFO - Processing /opt/airflow/dags/batch_generator.py took 0.140 seconds
[2026-06-18T00:17:22.261+0000] {processor.py:186} INFO - Started process (PID=5278) to work on /opt/airflow/dags/batch_generator.py
[2026-06-18T00:17:22.262+0000] {processor.py:914} INFO - Processing file /opt/airflow/dags/batch_generator.py for tasks to queue
[2026-06-18T00:17:22.264+0000] {logging_mixin.py:190} INFO - [2026-06-18T00:17:22.264+0000] {dagbag.py:588} INFO - Filling up the DagBag from /opt/airflow/dags/batch_generator.py
[2026-06-18T00:17:22.357+0000] {processor.py:925} INFO - DAG(s) 'extract_raw_data_pipeline' retrieved from /opt/airflow/dags/batch_generator.py
[2026-06-18T00:17:22.373+0000] {logging_mixin.py:190} INFO - [2026-06-18T00:17:22.372+0000] {dag.py:3239} INFO - Sync 1 DAGs
[2026-06-18T00:17:22.386+0000] {logging_mixin.py:190} INFO - [2026-06-18T00:17:22.386+0000] {dag.py:4180} INFO - Setting next_dagrun for extract_raw_data_pipeline to 2026-06-17 07:59:00+00:00, run_after=2026-06-18 07:00:00+00:00
[2026-06-18T00:17:22.400+0000] {processor.py:208} INFO - Processing /opt/airflow/dags/batch_generator.py took 0.141 seconds
[2026-06-18T00:17:52.674+0000] {processor.py:186} INFO - Started process (PID=5286) to work on /opt/airflow/dags/batch_generator.py
[2026-06-18T00:17:52.674+0000] {processor.py:914} INFO - Processing file /opt/airflow/dags/batch_generator.py for tasks to queue
[2026-06-18T00:17:52.676+0000] {logging_mixin.py:190} INFO - [2026-06-18T00:17:52.676+0000] {dagbag.py:588} INFO - Filling up the DagBag from /opt/airflow/dags/batch_generator.py
[2026-06-18T00:17:52.766+0000] {processor.py:925} INFO - DAG(s) 'extract_raw_data_pipeline' retrieved from /opt/airflow/dags/batch_generator.py
[2026-06-18T00:17:52.780+0000] {logging_mixin.py:190} INFO - [2026-06-18T00:17:52.780+0000] {dag.py:3239} INFO - Sync 1 DAGs
[2026-06-18T00:17:52.794+0000] {logging_mixin.py:190} INFO - [2026-06-18T00:17:52.793+0000] {dag.py:4180} INFO - Setting next_dagrun for extract_raw_data_pipeline to 2026-06-17 07:59:00+00:00, run_after=2026-06-18 07:00:00+00:00
[2026-06-18T00:17:52.807+0000] {processor.py:208} INFO - Processing /opt/airflow/dags/batch_generator.py took 0.138 seconds
[2026-06-18T00:18:22.895+0000] {processor.py:186} INFO - Started process (PID=5294) to work on /opt/airflow/dags/batch_generator.py
[2026-06-18T00:18:22.896+0000] {processor.py:914} INFO - Processing file /opt/airflow/dags/batch_generator.py for tasks to queue
[2026-06-18T00:18:22.897+0000] {logging_mixin.py:190} INFO - [2026-06-18T00:18:22.897+0000] {dagbag.py:588} INFO - Filling up the DagBag from /opt/airflow/dags/batch_generator.py
[2026-06-18T00:18:22.990+0000] {processor.py:925} INFO - DAG(s) 'extract_raw_data_pipeline' retrieved from /opt/airflow/dags/batch_generator.py
[2026-06-18T00:18:23.007+0000] {logging_mixin.py:190} INFO - [2026-06-18T00:18:23.007+0000] {dag.py:3239} INFO - Sync 1 DAGs
[2026-06-18T00:18:23.021+0000] {logging_mixin.py:190} INFO - [2026-06-18T00:18:23.021+0000] {dag.py:4180} INFO - Setting next_dagrun for extract_raw_data_pipeline to 2026-06-17 07:59:00+00:00, run_after=2026-06-18 07:00:00+00:00
[2026-06-18T00:18:23.036+0000] {processor.py:208} INFO - Processing /opt/airflow/dags/batch_generator.py took 0.145 seconds
[2026-06-18T00:18:53.193+0000] {processor.py:186} INFO - Started process (PID=5302) to work on /opt/airflow/dags/batch_generator.py
[2026-06-18T00:18:53.194+0000] {processor.py:914} INFO - Processing file /opt/airflow/dags/batch_generator.py for tasks to queue
[2026-06-18T00:18:53.195+0000] {logging_mixin.py:190} INFO - [2026-06-18T00:18:53.195+0000] {dagbag.py:588} INFO - Filling up the DagBag from /opt/airflow/dags/batch_generator.py
[2026-06-18T00:18:53.282+0000] {processor.py:925} INFO - DAG(s) 'extract_raw_data_pipeline' retrieved from /opt/airflow/dags/batch_generator.py
[2026-06-18T00:18:53.298+0000] {logging_mixin.py:190} INFO - [2026-06-18T00:18:53.298+0000] {dag.py:3239} INFO - Sync 1 DAGs
[2026-06-18T00:18:53.313+0000] {logging_mixin.py:190} INFO - [2026-06-18T00:18:53.313+0000] {dag.py:4180} INFO - Setting next_dagrun for extract_raw_data_pipeline to 2026-06-17 07:59:00+00:00, run_after=2026-06-18 07:00:00+00:00
[2026-06-18T00:18:53.327+0000] {processor.py:208} INFO - Processing /opt/airflow/dags/batch_generator.py took 0.137 seconds
[2026-06-18T00:19:23.539+0000] {processor.py:186} INFO - Started process (PID=5310) to work on /opt/airflow/dags/batch_generator.py
[2026-06-18T00:19:23.540+0000] {processor.py:914} INFO - Processing file /opt/airflow/dags/batch_generator.py for tasks to queue
[2026-06-18T00:19:23.542+0000] {logging_mixin.py:190} INFO - [2026-06-18T00:19:23.541+0000] {dagbag.py:588} INFO - Filling up the DagBag from /opt/airflow/dags/batch_generator.py
[2026-06-18T00:19:23.627+0000] {processor.py:925} INFO - DAG(s) 'extract_raw_data_pipeline' retrieved from /opt/airflow/dags/batch_generator.py
[2026-06-18T00:19:23.643+0000] {logging_mixin.py:190} INFO - [2026-06-18T00:19:23.643+0000] {dag.py:3239} INFO - Sync 1 DAGs
[2026-06-18T00:19:23.656+0000] {logging_mixin.py:190} INFO - [2026-06-18T00:19:23.656+0000] {dag.py:4180} INFO - Setting next_dagrun for extract_raw_data_pipeline to 2026-06-17 07:59:00+00:00, run_after=2026-06-18 07:00:00+00:00
[2026-06-18T00:19:23.671+0000] {processor.py:208} INFO - Processing /opt/airflow/dags/batch_generator.py took 0.135 seconds
[2026-06-18T00:19:53.847+0000] {processor.py:186} INFO - Started process (PID=5318) to work on /opt/airflow/dags/batch_generator.py
[2026-06-18T00:19:53.847+0000] {processor.py:914} INFO - Processing file /opt/airflow/dags/batch_generator.py for tasks to queue
[2026-06-18T00:19:53.849+0000] {logging_mixin.py:190} INFO - [2026-06-18T00:19:53.849+0000] {dagbag.py:588} INFO - Filling up the DagBag from /opt/airflow/dags/batch_generator.py
[2026-06-18T00:19:53.933+0000] {processor.py:925} INFO - DAG(s) 'extract_raw_data_pipeline' retrieved from /opt/airflow/dags/batch_generator.py
[2026-06-18T00:19:53.949+0000] {logging_mixin.py:190} INFO - [2026-06-18T00:19:53.949+0000] {dag.py:3239} INFO - Sync 1 DAGs
[2026-06-18T00:19:53.968+0000] {logging_mixin.py:190} INFO - [2026-06-18T00:19:53.968+0000] {dag.py:4180} INFO - Setting next_dagrun for extract_raw_data_pipeline to 2026-06-17 07:59:00+00:00, run_after=2026-06-18 07:00:00+00:00
[2026-06-18T00:19:53.982+0000] {processor.py:208} INFO - Processing /opt/airflow/dags/batch_generator.py took 0.139 seconds
[2026-06-18T00:20:24.220+0000] {processor.py:186} INFO - Started process (PID=5326) to work on /opt/airflow/dags/batch_generator.py
[2026-06-18T00:20:24.221+0000] {processor.py:914} INFO - Processing file /opt/airflow/dags/batch_generator.py for tasks to queue
[2026-06-18T00:20:24.222+0000] {logging_mixin.py:190} INFO - [2026-06-18T00:20:24.222+0000] {dagbag.py:588} INFO - Filling up the DagBag from /opt/airflow/dags/batch_generator.py
[2026-06-18T00:20:24.306+0000] {processor.py:925} INFO - DAG(s) 'extract_raw_data_pipeline' retrieved from /opt/airflow/dags/batch_generator.py
[2026-06-18T00:20:24.320+0000] {logging_mixin.py:190} INFO - [2026-06-18T00:20:24.320+0000] {dag.py:3239} INFO - Sync 1 DAGs
[2026-06-18T00:20:24.332+0000] {logging_mixin.py:190} INFO - [2026-06-18T00:20:24.332+0000] {dag.py:4180} INFO - Setting next_dagrun for extract_raw_data_pipeline to 2026-06-17 07:59:00+00:00, run_after=2026-06-18 07:00:00+00:00
[2026-06-18T00:20:24.346+0000] {processor.py:208} INFO - Processing /opt/airflow/dags/batch_generator.py took 0.130 seconds
[2026-06-18T00:20:54.569+0000] {processor.py:186} INFO - Started process (PID=5333) to work on /opt/airflow/dags/batch_generator.py
[2026-06-18T00:20:54.569+0000] {processor.py:914} INFO - Processing file /opt/airflow/dags/batch_generator.py for tasks to queue
[2026-06-18T00:20:54.571+0000] {logging_mixin.py:190} INFO - [2026-06-18T00:20:54.571+0000] {dagbag.py:588} INFO - Filling up the DagBag from /opt/airflow/dags/batch_generator.py
[2026-06-18T00:20:54.655+0000] {processor.py:925} INFO - DAG(s) 'extract_raw_data_pipeline' retrieved from /opt/airflow/dags/batch_generator.py
[2026-06-18T00:20:54.670+0000] {logging_mixin.py:190} INFO - [2026-06-18T00:20:54.670+0000] {dag.py:3239} INFO - Sync 1 DAGs
[2026-06-18T00:20:54.682+0000] {logging_mixin.py:190} INFO - [2026-06-18T00:20:54.682+0000] {dag.py:4180} INFO - Setting next_dagrun for extract_raw_data_pipeline to 2026-06-17 07:59:00+00:00, run_after=2026-06-18 07:00:00+00:00
[2026-06-18T00:20:54.706+0000] {processor.py:208} INFO - Processing /opt/airflow/dags/batch_generator.py took 0.141 seconds
[2026-06-18T00:21:24.926+0000] {processor.py:186} INFO - Started process (PID=5341) to work on /opt/airflow/dags/batch_generator.py
[2026-06-18T00:21:24.927+0000] {processor.py:914} INFO - Processing file /opt/airflow/dags/batch_generator.py for tasks to queue
[2026-06-18T00:21:24.929+0000] {logging_mixin.py:190} INFO - [2026-06-18T00:21:24.928+0000] {dagbag.py:588} INFO - Filling up the DagBag from /opt/airflow/dags/batch_generator.py
[2026-06-18T00:21:25.027+0000] {processor.py:925} INFO - DAG(s) 'extract_raw_data_pipeline' retrieved from /opt/airflow/dags/batch_generator.py
[2026-06-18T00:21:25.043+0000] {logging_mixin.py:190} INFO - [2026-06-18T00:21:25.043+0000] {dag.py:3239} INFO - Sync 1 DAGs
[2026-06-18T00:21:25.058+0000] {logging_mixin.py:190} INFO - [2026-06-18T00:21:25.058+0000] {dag.py:4180} INFO - Setting next_dagrun for extract_raw_data_pipeline to 2026-06-17 07:59:00+00:00, run_after=2026-06-18 07:00:00+00:00
[2026-06-18T00:21:25.072+0000] {processor.py:208} INFO - Processing /opt/airflow/dags/batch_generator.py took 0.151 seconds
[2026-06-18T00:21:55.287+0000] {processor.py:186} INFO - Started process (PID=5349) to work on /opt/airflow/dags/batch_generator.py
[2026-06-18T00:21:55.288+0000] {processor.py:914} INFO - Processing file /opt/airflow/dags/batch_generator.py for tasks to queue
[2026-06-18T00:21:55.289+0000] {logging_mixin.py:190} INFO - [2026-06-18T00:21:55.289+0000] {dagbag.py:588} INFO - Filling up the DagBag from /opt/airflow/dags/batch_generator.py
[2026-06-18T00:21:55.383+0000] {processor.py:925} INFO - DAG(s) 'extract_raw_data_pipeline' retrieved from /opt/airflow/dags/batch_generator.py
[2026-06-18T00:21:55.399+0000] {logging_mixin.py:190} INFO - [2026-06-18T00:21:55.399+0000] {dag.py:3239} INFO - Sync 1 DAGs
[2026-06-18T00:21:55.414+0000] {logging_mixin.py:190} INFO - [2026-06-18T00:21:55.414+0000] {dag.py:4180} INFO - Setting next_dagrun for extract_raw_data_pipeline to 2026-06-17 07:59:00+00:00, run_after=2026-06-18 07:00:00+00:00
[2026-06-18T00:21:55.427+0000] {processor.py:208} INFO - Processing /opt/airflow/dags/batch_generator.py took 0.144 seconds
[2026-06-18T00:22:25.623+0000] {processor.py:186} INFO - Started process (PID=5357) to work on /opt/airflow/dags/batch_generator.py
[2026-06-18T00:22:25.623+0000] {processor.py:914} INFO - Processing file /opt/airflow/dags/batch_generator.py for tasks to queue
[2026-06-18T00:22:25.625+0000] {logging_mixin.py:190} INFO - [2026-06-18T00:22:25.625+0000] {dagbag.py:588} INFO - Filling up the DagBag from /opt/airflow/dags/batch_generator.py
[2026-06-18T00:22:25.717+0000] {processor.py:925} INFO - DAG(s) 'extract_raw_data_pipeline' retrieved from /opt/airflow/dags/batch_generator.py
[2026-06-18T00:22:25.733+0000] {logging_mixin.py:190} INFO - [2026-06-18T00:22:25.733+0000] {dag.py:3239} INFO - Sync 1 DAGs
[2026-06-18T00:22:25.747+0000] {logging_mixin.py:190} INFO - [2026-06-18T00:22:25.747+0000] {dag.py:4180} INFO - Setting next_dagrun for extract_raw_data_pipeline to 2026-06-17 07:59:00+00:00, run_after=2026-06-18 07:00:00+00:00
[2026-06-18T00:22:25.761+0000] {processor.py:208} INFO - Processing /opt/airflow/dags/batch_generator.py took 0.142 seconds
[2026-06-18T00:22:56.002+0000] {processor.py:186} INFO - Started process (PID=5365) to work on /opt/airflow/dags/batch_generator.py
[2026-06-18T00:22:56.002+0000] {processor.py:914} INFO - Processing file /opt/airflow/dags/batch_generator.py for tasks to queue
[2026-06-18T00:22:56.004+0000] {logging_mixin.py:190} INFO - [2026-06-18T00:22:56.004+0000] {dagbag.py:588} INFO - Filling up the DagBag from /opt/airflow/dags/batch_generator.py
[2026-06-18T00:22:56.091+0000] {processor.py:925} INFO - DAG(s) 'extract_raw_data_pipeline' retrieved from /opt/airflow/dags/batch_generator.py
[2026-06-18T00:22:56.106+0000] {logging_mixin.py:190} INFO - [2026-06-18T00:22:56.106+0000] {dag.py:3239} INFO - Sync 1 DAGs
[2026-06-18T00:22:56.118+0000] {logging_mixin.py:190} INFO - [2026-06-18T00:22:56.118+0000] {dag.py:4180} INFO - Setting next_dagrun for extract_raw_data_pipeline to 2026-06-17 07:59:00+00:00, run_after=2026-06-18 07:00:00+00:00
[2026-06-18T00:22:56.130+0000] {processor.py:208} INFO - Processing /opt/airflow/dags/batch_generator.py took 0.132 seconds
[2026-06-18T00:23:26.390+0000] {processor.py:186} INFO - Started process (PID=5373) to work on /opt/airflow/dags/batch_generator.py
[2026-06-18T00:23:26.392+0000] {processor.py:914} INFO - Processing file /opt/airflow/dags/batch_generator.py for tasks to queue
[2026-06-18T00:23:26.395+0000] {logging_mixin.py:190} INFO - [2026-06-18T00:23:26.395+0000] {dagbag.py:588} INFO - Filling up the DagBag from /opt/airflow/dags/batch_generator.py
[2026-06-18T00:23:26.509+0000] {processor.py:925} INFO - DAG(s) 'extract_raw_data_pipeline' retrieved from /opt/airflow/dags/batch_generator.py
[2026-06-18T00:23:26.525+0000] {logging_mixin.py:190} INFO - [2026-06-18T00:23:26.525+0000] {dag.py:3239} INFO - Sync 1 DAGs
[2026-06-18T00:23:26.539+0000] {logging_mixin.py:190} INFO - [2026-06-18T00:23:26.539+0000] {dag.py:4180} INFO - Setting next_dagrun for extract_raw_data_pipeline to 2026-06-17 07:59:00+00:00, run_after=2026-06-18 07:00:00+00:00
[2026-06-18T00:23:26.556+0000] {processor.py:208} INFO - Processing /opt/airflow/dags/batch_generator.py took 0.169 seconds
[2026-06-18T00:23:56.785+0000] {processor.py:186} INFO - Started process (PID=5381) to work on /opt/airflow/dags/batch_generator.py
[2026-06-18T00:23:56.786+0000] {processor.py:914} INFO - Processing file /opt/airflow/dags/batch_generator.py for tasks to queue
[2026-06-18T00:23:56.788+0000] {logging_mixin.py:190} INFO - [2026-06-18T00:23:56.787+0000] {dagbag.py:588} INFO - Filling up the DagBag from /opt/airflow/dags/batch_generator.py
[2026-06-18T00:23:56.880+0000] {processor.py:925} INFO - DAG(s) 'extract_raw_data_pipeline' retrieved from /opt/airflow/dags/batch_generator.py
[2026-06-18T00:23:56.896+0000] {logging_mixin.py:190} INFO - [2026-06-18T00:23:56.896+0000] {dag.py:3239} INFO - Sync 1 DAGs
[2026-06-18T00:23:56.911+0000] {logging_mixin.py:190} INFO - [2026-06-18T00:23:56.911+0000] {dag.py:4180} INFO - Setting next_dagrun for extract_raw_data_pipeline to 2026-06-17 07:59:00+00:00, run_after=2026-06-18 07:00:00+00:00
[2026-06-18T00:23:56.924+0000] {processor.py:208} INFO - Processing /opt/airflow/dags/batch_generator.py took 0.142 seconds
[2026-06-18T00:24:27.106+0000] {processor.py:186} INFO - Started process (PID=5389) to work on /opt/airflow/dags/batch_generator.py
[2026-06-18T00:24:27.107+0000] {processor.py:914} INFO - Processing file /opt/airflow/dags/batch_generator.py for tasks to queue
[2026-06-18T00:24:27.108+0000] {logging_mixin.py:190} INFO - [2026-06-18T00:24:27.108+0000] {dagbag.py:588} INFO - Filling up the DagBag from /opt/airflow/dags/batch_generator.py
[2026-06-18T00:24:27.199+0000] {processor.py:925} INFO - DAG(s) 'extract_raw_data_pipeline' retrieved from /opt/airflow/dags/batch_generator.py
[2026-06-18T00:24:27.218+0000] {logging_mixin.py:190} INFO - [2026-06-18T00:24:27.218+0000] {dag.py:3239} INFO - Sync 1 DAGs
[2026-06-18T00:24:27.232+0000] {logging_mixin.py:190} INFO - [2026-06-18T00:24:27.232+0000] {dag.py:4180} INFO - Setting next_dagrun for extract_raw_data_pipeline to 2026-06-17 07:59:00+00:00, run_after=2026-06-18 07:00:00+00:00
[2026-06-18T00:24:27.246+0000] {processor.py:208} INFO - Processing /opt/airflow/dags/batch_generator.py took 0.143 seconds
[2026-06-18T00:24:57.569+0000] {processor.py:186} INFO - Started process (PID=5397) to work on /opt/airflow/dags/batch_generator.py
[2026-06-18T00:24:57.570+0000] {processor.py:914} INFO - Processing file /opt/airflow/dags/batch_generator.py for tasks to queue
[2026-06-18T00:24:57.572+0000] {logging_mixin.py:190} INFO - [2026-06-18T00:24:57.572+0000] {dagbag.py:588} INFO - Filling up the DagBag from /opt/airflow/dags/batch_generator.py
[2026-06-18T00:24:57.674+0000] {processor.py:925} INFO - DAG(s) 'extract_raw_data_pipeline' retrieved from /opt/airflow/dags/batch_generator.py
[2026-06-18T00:24:57.690+0000] {logging_mixin.py:190} INFO - [2026-06-18T00:24:57.690+0000] {dag.py:3239} INFO - Sync 1 DAGs
[2026-06-18T00:24:57.703+0000] {logging_mixin.py:190} INFO - [2026-06-18T00:24:57.703+0000] {dag.py:4180} INFO - Setting next_dagrun for extract_raw_data_pipeline to 2026-06-17 07:59:00+00:00, run_after=2026-06-18 07:00:00+00:00
[2026-06-18T00:24:57.717+0000] {processor.py:208} INFO - Processing /opt/airflow/dags/batch_generator.py took 0.151 seconds
[2026-06-18T00:25:27.836+0000] {processor.py:186} INFO - Started process (PID=5405) to work on /opt/airflow/dags/batch_generator.py
[2026-06-18T00:25:27.837+0000] {processor.py:914} INFO - Processing file /opt/airflow/dags/batch_generator.py for tasks to queue
[2026-06-18T00:25:27.839+0000] {logging_mixin.py:190} INFO - [2026-06-18T00:25:27.838+0000] {dagbag.py:588} INFO - Filling up the DagBag from /opt/airflow/dags/batch_generator.py
[2026-06-18T00:25:27.924+0000] {processor.py:925} INFO - DAG(s) 'extract_raw_data_pipeline' retrieved from /opt/airflow/dags/batch_generator.py
[2026-06-18T00:25:27.940+0000] {logging_mixin.py:190} INFO - [2026-06-18T00:25:27.940+0000] {dag.py:3239} INFO - Sync 1 DAGs
[2026-06-18T00:25:27.953+0000] {logging_mixin.py:190} INFO - [2026-06-18T00:25:27.953+0000] {dag.py:4180} INFO - Setting next_dagrun for extract_raw_data_pipeline to 2026-06-17 07:59:00+00:00, run_after=2026-06-18 07:00:00+00:00
[2026-06-18T00:25:27.967+0000] {processor.py:208} INFO - Processing /opt/airflow/dags/batch_generator.py took 0.134 seconds
[2026-06-18T00:25:58.264+0000] {processor.py:186} INFO - Started process (PID=5413) to work on /opt/airflow/dags/batch_generator.py
[2026-06-18T00:25:58.265+0000] {processor.py:914} INFO - Processing file /opt/airflow/dags/batch_generator.py for tasks to queue
[2026-06-18T00:25:58.267+0000] {logging_mixin.py:190} INFO - [2026-06-18T00:25:58.266+0000] {dagbag.py:588} INFO - Filling up the DagBag from /opt/airflow/dags/batch_generator.py
[2026-06-18T00:25:58.350+0000] {processor.py:925} INFO - DAG(s) 'extract_raw_data_pipeline' retrieved from /opt/airflow/dags/batch_generator.py
[2026-06-18T00:25:58.365+0000] {logging_mixin.py:190} INFO - [2026-06-18T00:25:58.365+0000] {dag.py:3239} INFO - Sync 1 DAGs
[2026-06-18T00:25:58.377+0000] {logging_mixin.py:190} INFO - [2026-06-18T00:25:58.377+0000] {dag.py:4180} INFO - Setting next_dagrun for extract_raw_data_pipeline to 2026-06-17 07:59:00+00:00, run_after=2026-06-18 07:00:00+00:00
[2026-06-18T00:25:58.389+0000] {processor.py:208} INFO - Processing /opt/airflow/dags/batch_generator.py took 0.128 seconds
[2026-06-18T00:26:28.626+0000] {processor.py:186} INFO - Started process (PID=5422) to work on /opt/airflow/dags/batch_generator.py
[2026-06-18T00:26:28.627+0000] {processor.py:914} INFO - Processing file /opt/airflow/dags/batch_generator.py for tasks to queue
[2026-06-18T00:26:28.628+0000] {logging_mixin.py:190} INFO - [2026-06-18T00:26:28.628+0000] {dagbag.py:588} INFO - Filling up the DagBag from /opt/airflow/dags/batch_generator.py
[2026-06-18T00:26:28.725+0000] {processor.py:925} INFO - DAG(s) 'extract_raw_data_pipeline' retrieved from /opt/airflow/dags/batch_generator.py
[2026-06-18T00:26:28.741+0000] {logging_mixin.py:190} INFO - [2026-06-18T00:26:28.741+0000] {dag.py:3239} INFO - Sync 1 DAGs
[2026-06-18T00:26:28.755+0000] {logging_mixin.py:190} INFO - [2026-06-18T00:26:28.754+0000] {dag.py:4180} INFO - Setting next_dagrun for extract_raw_data_pipeline to 2026-06-17 07:59:00+00:00, run_after=2026-06-18 07:00:00+00:00
[2026-06-18T00:26:28.769+0000] {processor.py:208} INFO - Processing /opt/airflow/dags/batch_generator.py took 0.147 seconds
[2026-06-18T00:26:58.841+0000] {processor.py:186} INFO - Started process (PID=5430) to work on /opt/airflow/dags/batch_generator.py
[2026-06-18T00:26:58.842+0000] {processor.py:914} INFO - Processing file /opt/airflow/dags/batch_generator.py for tasks to queue
[2026-06-18T00:26:58.844+0000] {logging_mixin.py:190} INFO - [2026-06-18T00:26:58.843+0000] {dagbag.py:588} INFO - Filling up the DagBag from /opt/airflow/dags/batch_generator.py
[2026-06-18T00:26:58.946+0000] {processor.py:925} INFO - DAG(s) 'extract_raw_data_pipeline' retrieved from /opt/airflow/dags/batch_generator.py
[2026-06-18T00:26:58.964+0000] {logging_mixin.py:190} INFO - [2026-06-18T00:26:58.963+0000] {dag.py:3239} INFO - Sync 1 DAGs
[2026-06-18T00:26:58.978+0000] {logging_mixin.py:190} INFO - [2026-06-18T00:26:58.978+0000] {dag.py:4180} INFO - Setting next_dagrun for extract_raw_data_pipeline to 2026-06-17 07:59:00+00:00, run_after=2026-06-18 07:00:00+00:00
[2026-06-18T00:26:58.992+0000] {processor.py:208} INFO - Processing /opt/airflow/dags/batch_generator.py took 0.156 seconds
[2026-06-18T00:27:29.351+0000] {processor.py:186} INFO - Started process (PID=5438) to work on /opt/airflow/dags/batch_generator.py
[2026-06-18T00:27:29.352+0000] {processor.py:914} INFO - Processing file /opt/airflow/dags/batch_generator.py for tasks to queue
[2026-06-18T00:27:29.354+0000] {logging_mixin.py:190} INFO - [2026-06-18T00:27:29.353+0000] {dagbag.py:588} INFO - Filling up the DagBag from /opt/airflow/dags/batch_generator.py
[2026-06-18T00:27:29.450+0000] {processor.py:925} INFO - DAG(s) 'extract_raw_data_pipeline' retrieved from /opt/airflow/dags/batch_generator.py
[2026-06-18T00:27:29.466+0000] {logging_mixin.py:190} INFO - [2026-06-18T00:27:29.466+0000] {dag.py:3239} INFO - Sync 1 DAGs
[2026-06-18T00:27:29.480+0000] {logging_mixin.py:190} INFO - [2026-06-18T00:27:29.480+0000] {dag.py:4180} INFO - Setting next_dagrun for extract_raw_data_pipeline to 2026-06-17 07:59:00+00:00, run_after=2026-06-18 07:00:00+00:00
[2026-06-18T00:27:29.494+0000] {processor.py:208} INFO - Processing /opt/airflow/dags/batch_generator.py took 0.146 seconds
[2026-06-18T00:27:59.599+0000] {processor.py:186} INFO - Started process (PID=5445) to work on /opt/airflow/dags/batch_generator.py
[2026-06-18T00:27:59.602+0000] {processor.py:914} INFO - Processing file /opt/airflow/dags/batch_generator.py for tasks to queue
[2026-06-18T00:27:59.604+0000] {logging_mixin.py:190} INFO - [2026-06-18T00:27:59.604+0000] {dagbag.py:588} INFO - Filling up the DagBag from /opt/airflow/dags/batch_generator.py
[2026-06-18T00:27:59.773+0000] {processor.py:925} INFO - DAG(s) 'extract_raw_data_pipeline' retrieved from /opt/airflow/dags/batch_generator.py
[2026-06-18T00:27:59.790+0000] {logging_mixin.py:190} INFO - [2026-06-18T00:27:59.790+0000] {dag.py:3239} INFO - Sync 1 DAGs
[2026-06-18T00:27:59.806+0000] {logging_mixin.py:190} INFO - [2026-06-18T00:27:59.805+0000] {dag.py:4180} INFO - Setting next_dagrun for extract_raw_data_pipeline to 2026-06-17 07:59:00+00:00, run_after=2026-06-18 07:00:00+00:00
[2026-06-18T00:27:59.823+0000] {processor.py:208} INFO - Processing /opt/airflow/dags/batch_generator.py took 0.227 seconds
[2026-06-18T00:28:30.073+0000] {processor.py:186} INFO - Started process (PID=5453) to work on /opt/airflow/dags/batch_generator.py
[2026-06-18T00:28:30.074+0000] {processor.py:914} INFO - Processing file /opt/airflow/dags/batch_generator.py for tasks to queue
[2026-06-18T00:28:30.075+0000] {logging_mixin.py:190} INFO - [2026-06-18T00:28:30.075+0000] {dagbag.py:588} INFO - Filling up the DagBag from /opt/airflow/dags/batch_generator.py
[2026-06-18T00:28:30.166+0000] {processor.py:925} INFO - DAG(s) 'extract_raw_data_pipeline' retrieved from /opt/airflow/dags/batch_generator.py
[2026-06-18T00:28:30.182+0000] {logging_mixin.py:190} INFO - [2026-06-18T00:28:30.182+0000] {dag.py:3239} INFO - Sync 1 DAGs
[2026-06-18T00:28:30.195+0000] {logging_mixin.py:190} INFO - [2026-06-18T00:28:30.195+0000] {dag.py:4180} INFO - Setting next_dagrun for extract_raw_data_pipeline to 2026-06-17 07:59:00+00:00, run_after=2026-06-18 07:00:00+00:00
[2026-06-18T00:28:30.208+0000] {processor.py:208} INFO - Processing /opt/airflow/dags/batch_generator.py took 0.139 seconds
[2026-06-18T00:29:00.365+0000] {processor.py:186} INFO - Started process (PID=5461) to work on /opt/airflow/dags/batch_generator.py
[2026-06-18T00:29:00.366+0000] {processor.py:914} INFO - Processing file /opt/airflow/dags/batch_generator.py for tasks to queue
[2026-06-18T00:29:00.368+0000] {logging_mixin.py:190} INFO - [2026-06-18T00:29:00.367+0000] {dagbag.py:588} INFO - Filling up the DagBag from /opt/airflow/dags/batch_generator.py
[2026-06-18T00:29:00.474+0000] {processor.py:925} INFO - DAG(s) 'extract_raw_data_pipeline' retrieved from /opt/airflow/dags/batch_generator.py
[2026-06-18T00:29:00.489+0000] {logging_mixin.py:190} INFO - [2026-06-18T00:29:00.489+0000] {dag.py:3239} INFO - Sync 1 DAGs
[2026-06-18T00:29:00.504+0000] {logging_mixin.py:190} INFO - [2026-06-18T00:29:00.504+0000] {dag.py:4180} INFO - Setting next_dagrun for extract_raw_data_pipeline to 2026-06-17 07:59:00+00:00, run_after=2026-06-18 07:00:00+00:00
[2026-06-18T00:29:00.518+0000] {processor.py:208} INFO - Processing /opt/airflow/dags/batch_generator.py took 0.157 seconds
[2026-06-18T00:29:30.745+0000] {processor.py:186} INFO - Started process (PID=5469) to work on /opt/airflow/dags/batch_generator.py
[2026-06-18T00:29:30.745+0000] {processor.py:914} INFO - Processing file /opt/airflow/dags/batch_generator.py for tasks to queue
[2026-06-18T00:29:30.747+0000] {logging_mixin.py:190} INFO - [2026-06-18T00:29:30.747+0000] {dagbag.py:588} INFO - Filling up the DagBag from /opt/airflow/dags/batch_generator.py
[2026-06-18T00:29:30.833+0000] {processor.py:925} INFO - DAG(s) 'extract_raw_data_pipeline' retrieved from /opt/airflow/dags/batch_generator.py
[2026-06-18T00:29:30.850+0000] {logging_mixin.py:190} INFO - [2026-06-18T00:29:30.850+0000] {dag.py:3239} INFO - Sync 1 DAGs
[2026-06-18T00:29:30.863+0000] {logging_mixin.py:190} INFO - [2026-06-18T00:29:30.863+0000] {dag.py:4180} INFO - Setting next_dagrun for extract_raw_data_pipeline to 2026-06-17 07:59:00+00:00, run_after=2026-06-18 07:00:00+00:00
[2026-06-18T00:29:31.016+0000] {processor.py:208} INFO - Processing /opt/airflow/dags/batch_generator.py took 0.275 seconds
[2026-06-18T00:30:01.125+0000] {processor.py:186} INFO - Started process (PID=5477) to work on /opt/airflow/dags/batch_generator.py
[2026-06-18T00:30:01.125+0000] {processor.py:914} INFO - Processing file /opt/airflow/dags/batch_generator.py for tasks to queue
[2026-06-18T00:30:01.127+0000] {logging_mixin.py:190} INFO - [2026-06-18T00:30:01.127+0000] {dagbag.py:588} INFO - Filling up the DagBag from /opt/airflow/dags/batch_generator.py
[2026-06-18T00:30:01.211+0000] {processor.py:925} INFO - DAG(s) 'extract_raw_data_pipeline' retrieved from /opt/airflow/dags/batch_generator.py
[2026-06-18T00:30:01.226+0000] {logging_mixin.py:190} INFO - [2026-06-18T00:30:01.226+0000] {dag.py:3239} INFO - Sync 1 DAGs
[2026-06-18T00:30:01.239+0000] {logging_mixin.py:190} INFO - [2026-06-18T00:30:01.239+0000] {dag.py:4180} INFO - Setting next_dagrun for extract_raw_data_pipeline to 2026-06-17 07:59:00+00:00, run_after=2026-06-18 07:00:00+00:00
[2026-06-18T00:30:01.252+0000] {processor.py:208} INFO - Processing /opt/airflow/dags/batch_generator.py took 0.131 seconds
[2026-06-18T00:30:31.398+0000] {processor.py:186} INFO - Started process (PID=5485) to work on /opt/airflow/dags/batch_generator.py
[2026-06-18T00:30:31.399+0000] {processor.py:914} INFO - Processing file /opt/airflow/dags/batch_generator.py for tasks to queue
[2026-06-18T00:30:31.400+0000] {logging_mixin.py:190} INFO - [2026-06-18T00:30:31.400+0000] {dagbag.py:588} INFO - Filling up the DagBag from /opt/airflow/dags/batch_generator.py
[2026-06-18T00:30:31.495+0000] {processor.py:925} INFO - DAG(s) 'extract_raw_data_pipeline' retrieved from /opt/airflow/dags/batch_generator.py
[2026-06-18T00:30:31.512+0000] {logging_mixin.py:190} INFO - [2026-06-18T00:30:31.512+0000] {dag.py:3239} INFO - Sync 1 DAGs
[2026-06-18T00:30:31.526+0000] {logging_mixin.py:190} INFO - [2026-06-18T00:30:31.526+0000] {dag.py:4180} INFO - Setting next_dagrun for extract_raw_data_pipeline to 2026-06-17 07:59:00+00:00, run_after=2026-06-18 07:00:00+00:00
[2026-06-18T00:30:31.539+0000] {processor.py:208} INFO - Processing /opt/airflow/dags/batch_generator.py took 0.145 seconds
[2026-06-18T00:31:01.802+0000] {processor.py:186} INFO - Started process (PID=5493) to work on /opt/airflow/dags/batch_generator.py
[2026-06-18T00:31:01.802+0000] {processor.py:914} INFO - Processing file /opt/airflow/dags/batch_generator.py for tasks to queue
[2026-06-18T00:31:01.804+0000] {logging_mixin.py:190} INFO - [2026-06-18T00:31:01.804+0000] {dagbag.py:588} INFO - Filling up the DagBag from /opt/airflow/dags/batch_generator.py
[2026-06-18T00:31:01.893+0000] {processor.py:925} INFO - DAG(s) 'extract_raw_data_pipeline' retrieved from /opt/airflow/dags/batch_generator.py
[2026-06-18T00:31:01.910+0000] {logging_mixin.py:190} INFO - [2026-06-18T00:31:01.909+0000] {dag.py:3239} INFO - Sync 1 DAGs
[2026-06-18T00:31:01.923+0000] {logging_mixin.py:190} INFO - [2026-06-18T00:31:01.923+0000] {dag.py:4180} INFO - Setting next_dagrun for extract_raw_data_pipeline to 2026-06-17 07:59:00+00:00, run_after=2026-06-18 07:00:00+00:00
[2026-06-18T00:31:01.937+0000] {processor.py:208} INFO - Processing /opt/airflow/dags/batch_generator.py took 0.138 seconds
[2026-06-18T00:31:32.029+0000] {processor.py:186} INFO - Started process (PID=5501) to work on /opt/airflow/dags/batch_generator.py
[2026-06-18T00:31:32.030+0000] {processor.py:914} INFO - Processing file /opt/airflow/dags/batch_generator.py for tasks to queue
[2026-06-18T00:31:32.031+0000] {logging_mixin.py:190} INFO - [2026-06-18T00:31:32.031+0000] {dagbag.py:588} INFO - Filling up the DagBag from /opt/airflow/dags/batch_generator.py
[2026-06-18T00:31:32.120+0000] {processor.py:925} INFO - DAG(s) 'extract_raw_data_pipeline' retrieved from /opt/airflow/dags/batch_generator.py
[2026-06-18T00:31:32.136+0000] {logging_mixin.py:190} INFO - [2026-06-18T00:31:32.136+0000] {dag.py:3239} INFO - Sync 1 DAGs
[2026-06-18T00:31:32.150+0000] {logging_mixin.py:190} INFO - [2026-06-18T00:31:32.150+0000] {dag.py:4180} INFO - Setting next_dagrun for extract_raw_data_pipeline to 2026-06-17 07:59:00+00:00, run_after=2026-06-18 07:00:00+00:00
[2026-06-18T00:31:32.164+0000] {processor.py:208} INFO - Processing /opt/airflow/dags/batch_generator.py took 0.139 seconds
[2026-06-18T00:32:02.354+0000] {processor.py:186} INFO - Started process (PID=5509) to work on /opt/airflow/dags/batch_generator.py
[2026-06-18T00:32:02.355+0000] {processor.py:914} INFO - Processing file /opt/airflow/dags/batch_generator.py for tasks to queue
[2026-06-18T00:32:02.356+0000] {logging_mixin.py:190} INFO - [2026-06-18T00:32:02.356+0000] {dagbag.py:588} INFO - Filling up the DagBag from /opt/airflow/dags/batch_generator.py
[2026-06-18T00:32:02.439+0000] {processor.py:925} INFO - DAG(s) 'extract_raw_data_pipeline' retrieved from /opt/airflow/dags/batch_generator.py
[2026-06-18T00:32:02.454+0000] {logging_mixin.py:190} INFO - [2026-06-18T00:32:02.454+0000] {dag.py:3239} INFO - Sync 1 DAGs
[2026-06-18T00:32:02.466+0000] {logging_mixin.py:190} INFO - [2026-06-18T00:32:02.466+0000] {dag.py:4180} INFO - Setting next_dagrun for extract_raw_data_pipeline to 2026-06-17 07:59:00+00:00, run_after=2026-06-18 07:00:00+00:00
[2026-06-18T00:32:02.479+0000] {processor.py:208} INFO - Processing /opt/airflow/dags/batch_generator.py took 0.128 seconds
[2026-06-18T00:32:32.650+0000] {processor.py:186} INFO - Started process (PID=5517) to work on /opt/airflow/dags/batch_generator.py
[2026-06-18T00:32:32.650+0000] {processor.py:914} INFO - Processing file /opt/airflow/dags/batch_generator.py for tasks to queue
[2026-06-18T00:32:32.652+0000] {logging_mixin.py:190} INFO - [2026-06-18T00:32:32.652+0000] {dagbag.py:588} INFO - Filling up the DagBag from /opt/airflow/dags/batch_generator.py
[2026-06-18T00:32:32.744+0000] {processor.py:925} INFO - DAG(s) 'extract_raw_data_pipeline' retrieved from /opt/airflow/dags/batch_generator.py
[2026-06-18T00:32:32.763+0000] {logging_mixin.py:190} INFO - [2026-06-18T00:32:32.762+0000] {dag.py:3239} INFO - Sync 1 DAGs
[2026-06-18T00:32:32.776+0000] {logging_mixin.py:190} INFO - [2026-06-18T00:32:32.776+0000] {dag.py:4180} INFO - Setting next_dagrun for extract_raw_data_pipeline to 2026-06-17 07:59:00+00:00, run_after=2026-06-18 07:00:00+00:00
[2026-06-18T00:32:32.789+0000] {processor.py:208} INFO - Processing /opt/airflow/dags/batch_generator.py took 0.143 seconds
[2026-06-18T00:33:02.957+0000] {processor.py:186} INFO - Started process (PID=5525) to work on /opt/airflow/dags/batch_generator.py
[2026-06-18T00:33:02.958+0000] {processor.py:914} INFO - Processing file /opt/airflow/dags/batch_generator.py for tasks to queue
[2026-06-18T00:33:02.960+0000] {logging_mixin.py:190} INFO - [2026-06-18T00:33:02.959+0000] {dagbag.py:588} INFO - Filling up the DagBag from /opt/airflow/dags/batch_generator.py
[2026-06-18T00:33:03.330+0000] {processor.py:925} INFO - DAG(s) 'extract_raw_data_pipeline' retrieved from /opt/airflow/dags/batch_generator.py
[2026-06-18T00:33:03.354+0000] {logging_mixin.py:190} INFO - [2026-06-18T00:33:03.354+0000] {dag.py:3239} INFO - Sync 1 DAGs
[2026-06-18T00:33:03.370+0000] {logging_mixin.py:190} INFO - [2026-06-18T00:33:03.370+0000] {dag.py:4180} INFO - Setting next_dagrun for extract_raw_data_pipeline to 2026-06-17 07:59:00+00:00, run_after=2026-06-18 07:00:00+00:00
[2026-06-18T00:33:03.384+0000] {processor.py:208} INFO - Processing /opt/airflow/dags/batch_generator.py took 0.431 seconds
[2026-06-18T00:33:33.664+0000] {processor.py:186} INFO - Started process (PID=5533) to work on /opt/airflow/dags/batch_generator.py
[2026-06-18T00:33:33.665+0000] {processor.py:914} INFO - Processing file /opt/airflow/dags/batch_generator.py for tasks to queue
[2026-06-18T00:33:33.667+0000] {logging_mixin.py:190} INFO - [2026-06-18T00:33:33.666+0000] {dagbag.py:588} INFO - Filling up the DagBag from /opt/airflow/dags/batch_generator.py
[2026-06-18T00:33:33.752+0000] {processor.py:925} INFO - DAG(s) 'extract_raw_data_pipeline' retrieved from /opt/airflow/dags/batch_generator.py
[2026-06-18T00:33:33.765+0000] {logging_mixin.py:190} INFO - [2026-06-18T00:33:33.765+0000] {dag.py:3239} INFO - Sync 1 DAGs
[2026-06-18T00:33:33.777+0000] {logging_mixin.py:190} INFO - [2026-06-18T00:33:33.777+0000] {dag.py:4180} INFO - Setting next_dagrun for extract_raw_data_pipeline to 2026-06-17 07:59:00+00:00, run_after=2026-06-18 07:00:00+00:00
[2026-06-18T00:33:33.789+0000] {processor.py:208} INFO - Processing /opt/airflow/dags/batch_generator.py took 0.128 seconds
[2026-06-18T00:34:03.935+0000] {processor.py:186} INFO - Started process (PID=5541) to work on /opt/airflow/dags/batch_generator.py
[2026-06-18T00:34:03.936+0000] {processor.py:914} INFO - Processing file /opt/airflow/dags/batch_generator.py for tasks to queue
[2026-06-18T00:34:03.940+0000] {logging_mixin.py:190} INFO - [2026-06-18T00:34:03.940+0000] {dagbag.py:588} INFO - Filling up the DagBag from /opt/airflow/dags/batch_generator.py
[2026-06-18T00:34:04.069+0000] {processor.py:925} INFO - DAG(s) 'extract_raw_data_pipeline' retrieved from /opt/airflow/dags/batch_generator.py
[2026-06-18T00:34:04.086+0000] {logging_mixin.py:190} INFO - [2026-06-18T00:34:04.086+0000] {dag.py:3239} INFO - Sync 1 DAGs
[2026-06-18T00:34:04.100+0000] {logging_mixin.py:190} INFO - [2026-06-18T00:34:04.100+0000] {dag.py:4180} INFO - Setting next_dagrun for extract_raw_data_pipeline to 2026-06-17 07:59:00+00:00, run_after=2026-06-18 07:00:00+00:00
[2026-06-18T00:34:04.113+0000] {processor.py:208} INFO - Processing /opt/airflow/dags/batch_generator.py took 0.182 seconds
[2026-06-18T00:34:34.206+0000] {processor.py:186} INFO - Started process (PID=5549) to work on /opt/airflow/dags/batch_generator.py
[2026-06-18T00:34:34.207+0000] {processor.py:914} INFO - Processing file /opt/airflow/dags/batch_generator.py for tasks to queue
[2026-06-18T00:34:34.209+0000] {logging_mixin.py:190} INFO - [2026-06-18T00:34:34.208+0000] {dagbag.py:588} INFO - Filling up the DagBag from /opt/airflow/dags/batch_generator.py
[2026-06-18T00:34:34.332+0000] {processor.py:925} INFO - DAG(s) 'extract_raw_data_pipeline' retrieved from /opt/airflow/dags/batch_generator.py
[2026-06-18T00:34:34.349+0000] {logging_mixin.py:190} INFO - [2026-06-18T00:34:34.348+0000] {dag.py:3239} INFO - Sync 1 DAGs
[2026-06-18T00:34:34.363+0000] {logging_mixin.py:190} INFO - [2026-06-18T00:34:34.363+0000] {dag.py:4180} INFO - Setting next_dagrun for extract_raw_data_pipeline to 2026-06-17 07:59:00+00:00, run_after=2026-06-18 07:00:00+00:00
[2026-06-18T00:34:34.377+0000] {processor.py:208} INFO - Processing /opt/airflow/dags/batch_generator.py took 0.174 seconds
[2026-06-18T00:35:04.620+0000] {processor.py:186} INFO - Started process (PID=5557) to work on /opt/airflow/dags/batch_generator.py
[2026-06-18T00:35:04.620+0000] {processor.py:914} INFO - Processing file /opt/airflow/dags/batch_generator.py for tasks to queue
[2026-06-18T00:35:04.622+0000] {logging_mixin.py:190} INFO - [2026-06-18T00:35:04.622+0000] {dagbag.py:588} INFO - Filling up the DagBag from /opt/airflow/dags/batch_generator.py
[2026-06-18T00:35:04.713+0000] {processor.py:925} INFO - DAG(s) 'extract_raw_data_pipeline' retrieved from /opt/airflow/dags/batch_generator.py
[2026-06-18T00:35:04.728+0000] {logging_mixin.py:190} INFO - [2026-06-18T00:35:04.728+0000] {dag.py:3239} INFO - Sync 1 DAGs
[2026-06-18T00:35:04.740+0000] {logging_mixin.py:190} INFO - [2026-06-18T00:35:04.740+0000] {dag.py:4180} INFO - Setting next_dagrun for extract_raw_data_pipeline to 2026-06-17 07:59:00+00:00, run_after=2026-06-18 07:00:00+00:00
[2026-06-18T00:35:04.754+0000] {processor.py:208} INFO - Processing /opt/airflow/dags/batch_generator.py took 0.138 seconds
[2026-06-18T00:35:34.904+0000] {processor.py:186} INFO - Started process (PID=5565) to work on /opt/airflow/dags/batch_generator.py
[2026-06-18T00:35:34.904+0000] {processor.py:914} INFO - Processing file /opt/airflow/dags/batch_generator.py for tasks to queue
[2026-06-18T00:35:34.906+0000] {logging_mixin.py:190} INFO - [2026-06-18T00:35:34.906+0000] {dagbag.py:588} INFO - Filling up the DagBag from /opt/airflow/dags/batch_generator.py
[2026-06-18T00:35:34.993+0000] {processor.py:925} INFO - DAG(s) 'extract_raw_data_pipeline' retrieved from /opt/airflow/dags/batch_generator.py
[2026-06-18T00:35:35.007+0000] {logging_mixin.py:190} INFO - [2026-06-18T00:35:35.007+0000] {dag.py:3239} INFO - Sync 1 DAGs
[2026-06-18T00:35:35.021+0000] {logging_mixin.py:190} INFO - [2026-06-18T00:35:35.021+0000] {dag.py:4180} INFO - Setting next_dagrun for extract_raw_data_pipeline to 2026-06-17 07:59:00+00:00, run_after=2026-06-18 07:00:00+00:00
[2026-06-18T00:35:35.038+0000] {processor.py:208} INFO - Processing /opt/airflow/dags/batch_generator.py took 0.138 seconds
[2026-06-18T00:36:05.286+0000] {processor.py:186} INFO - Started process (PID=5573) to work on /opt/airflow/dags/batch_generator.py
[2026-06-18T00:36:05.286+0000] {processor.py:914} INFO - Processing file /opt/airflow/dags/batch_generator.py for tasks to queue
[2026-06-18T00:36:05.288+0000] {logging_mixin.py:190} INFO - [2026-06-18T00:36:05.288+0000] {dagbag.py:588} INFO - Filling up the DagBag from /opt/airflow/dags/batch_generator.py
[2026-06-18T00:36:05.392+0000] {processor.py:925} INFO - DAG(s) 'extract_raw_data_pipeline' retrieved from /opt/airflow/dags/batch_generator.py
[2026-06-18T00:36:05.409+0000] {logging_mixin.py:190} INFO - [2026-06-18T00:36:05.408+0000] {dag.py:3239} INFO - Sync 1 DAGs
[2026-06-18T00:36:05.423+0000] {logging_mixin.py:190} INFO - [2026-06-18T00:36:05.423+0000] {dag.py:4180} INFO - Setting next_dagrun for extract_raw_data_pipeline to 2026-06-17 07:59:00+00:00, run_after=2026-06-18 07:00:00+00:00
[2026-06-18T00:36:05.436+0000] {processor.py:208} INFO - Processing /opt/airflow/dags/batch_generator.py took 0.155 seconds
[2026-06-18T00:36:35.594+0000] {processor.py:186} INFO - Started process (PID=5581) to work on /opt/airflow/dags/batch_generator.py
[2026-06-18T00:36:35.595+0000] {processor.py:914} INFO - Processing file /opt/airflow/dags/batch_generator.py for tasks to queue
[2026-06-18T00:36:35.597+0000] {logging_mixin.py:190} INFO - [2026-06-18T00:36:35.596+0000] {dagbag.py:588} INFO - Filling up the DagBag from /opt/airflow/dags/batch_generator.py
[2026-06-18T00:36:35.697+0000] {processor.py:925} INFO - DAG(s) 'extract_raw_data_pipeline' retrieved from /opt/airflow/dags/batch_generator.py
[2026-06-18T00:36:35.714+0000] {logging_mixin.py:190} INFO - [2026-06-18T00:36:35.714+0000] {dag.py:3239} INFO - Sync 1 DAGs
[2026-06-18T00:36:35.728+0000] {logging_mixin.py:190} INFO - [2026-06-18T00:36:35.728+0000] {dag.py:4180} INFO - Setting next_dagrun for extract_raw_data_pipeline to 2026-06-17 07:59:00+00:00, run_after=2026-06-18 07:00:00+00:00
[2026-06-18T00:36:35.742+0000] {processor.py:208} INFO - Processing /opt/airflow/dags/batch_generator.py took 0.151 seconds
[2026-06-18T00:37:05.957+0000] {processor.py:186} INFO - Started process (PID=5588) to work on /opt/airflow/dags/batch_generator.py
[2026-06-18T00:37:05.958+0000] {processor.py:914} INFO - Processing file /opt/airflow/dags/batch_generator.py for tasks to queue
[2026-06-18T00:37:05.959+0000] {logging_mixin.py:190} INFO - [2026-06-18T00:37:05.959+0000] {dagbag.py:588} INFO - Filling up the DagBag from /opt/airflow/dags/batch_generator.py
[2026-06-18T00:37:06.043+0000] {processor.py:925} INFO - DAG(s) 'extract_raw_data_pipeline' retrieved from /opt/airflow/dags/batch_generator.py
[2026-06-18T00:37:06.057+0000] {logging_mixin.py:190} INFO - [2026-06-18T00:37:06.057+0000] {dag.py:3239} INFO - Sync 1 DAGs
[2026-06-18T00:37:06.075+0000] {logging_mixin.py:190} INFO - [2026-06-18T00:37:06.075+0000] {dag.py:4180} INFO - Setting next_dagrun for extract_raw_data_pipeline to 2026-06-17 07:59:00+00:00, run_after=2026-06-18 07:00:00+00:00
[2026-06-18T00:37:06.088+0000] {processor.py:208} INFO - Processing /opt/airflow/dags/batch_generator.py took 0.135 seconds
[2026-06-18T00:37:36.281+0000] {processor.py:186} INFO - Started process (PID=5596) to work on /opt/airflow/dags/batch_generator.py
[2026-06-18T00:37:36.283+0000] {processor.py:914} INFO - Processing file /opt/airflow/dags/batch_generator.py for tasks to queue
[2026-06-18T00:37:36.285+0000] {logging_mixin.py:190} INFO - [2026-06-18T00:37:36.285+0000] {dagbag.py:588} INFO - Filling up the DagBag from /opt/airflow/dags/batch_generator.py
[2026-06-18T00:37:36.372+0000] {processor.py:925} INFO - DAG(s) 'extract_raw_data_pipeline' retrieved from /opt/airflow/dags/batch_generator.py
[2026-06-18T00:37:36.388+0000] {logging_mixin.py:190} INFO - [2026-06-18T00:37:36.388+0000] {dag.py:3239} INFO - Sync 1 DAGs
[2026-06-18T00:37:36.402+0000] {logging_mixin.py:190} INFO - [2026-06-18T00:37:36.402+0000] {dag.py:4180} INFO - Setting next_dagrun for extract_raw_data_pipeline to 2026-06-17 07:59:00+00:00, run_after=2026-06-18 07:00:00+00:00
[2026-06-18T00:37:36.424+0000] {processor.py:208} INFO - Processing /opt/airflow/dags/batch_generator.py took 0.147 seconds
[2026-06-18T00:38:06.675+0000] {processor.py:186} INFO - Started process (PID=5604) to work on /opt/airflow/dags/batch_generator.py
[2026-06-18T00:38:06.676+0000] {processor.py:914} INFO - Processing file /opt/airflow/dags/batch_generator.py for tasks to queue
[2026-06-18T00:38:06.677+0000] {logging_mixin.py:190} INFO - [2026-06-18T00:38:06.677+0000] {dagbag.py:588} INFO - Filling up the DagBag from /opt/airflow/dags/batch_generator.py
[2026-06-18T00:38:06.766+0000] {processor.py:925} INFO - DAG(s) 'extract_raw_data_pipeline' retrieved from /opt/airflow/dags/batch_generator.py
[2026-06-18T00:38:06.781+0000] {logging_mixin.py:190} INFO - [2026-06-18T00:38:06.781+0000] {dag.py:3239} INFO - Sync 1 DAGs
[2026-06-18T00:38:06.793+0000] {logging_mixin.py:190} INFO - [2026-06-18T00:38:06.793+0000] {dag.py:4180} INFO - Setting next_dagrun for extract_raw_data_pipeline to 2026-06-17 07:59:00+00:00, run_after=2026-06-18 07:00:00+00:00
[2026-06-18T00:38:06.814+0000] {processor.py:208} INFO - Processing /opt/airflow/dags/batch_generator.py took 0.143 seconds
[2026-06-18T00:38:36.969+0000] {processor.py:186} INFO - Started process (PID=5612) to work on /opt/airflow/dags/batch_generator.py
[2026-06-18T00:38:36.970+0000] {processor.py:914} INFO - Processing file /opt/airflow/dags/batch_generator.py for tasks to queue
[2026-06-18T00:38:36.971+0000] {logging_mixin.py:190} INFO - [2026-06-18T00:38:36.971+0000] {dagbag.py:588} INFO - Filling up the DagBag from /opt/airflow/dags/batch_generator.py
[2026-06-18T00:38:37.053+0000] {processor.py:925} INFO - DAG(s) 'extract_raw_data_pipeline' retrieved from /opt/airflow/dags/batch_generator.py
[2026-06-18T00:38:37.069+0000] {logging_mixin.py:190} INFO - [2026-06-18T00:38:37.069+0000] {dag.py:3239} INFO - Sync 1 DAGs
[2026-06-18T00:38:37.082+0000] {logging_mixin.py:190} INFO - [2026-06-18T00:38:37.082+0000] {dag.py:4180} INFO - Setting next_dagrun for extract_raw_data_pipeline to 2026-06-17 07:59:00+00:00, run_after=2026-06-18 07:00:00+00:00
[2026-06-18T00:38:37.095+0000] {processor.py:208} INFO - Processing /opt/airflow/dags/batch_generator.py took 0.130 seconds
[2026-06-18T00:39:07.356+0000] {processor.py:186} INFO - Started process (PID=5620) to work on /opt/airflow/dags/batch_generator.py
[2026-06-18T00:39:07.357+0000] {processor.py:914} INFO - Processing file /opt/airflow/dags/batch_generator.py for tasks to queue
[2026-06-18T00:39:07.358+0000] {logging_mixin.py:190} INFO - [2026-06-18T00:39:07.358+0000] {dagbag.py:588} INFO - Filling up the DagBag from /opt/airflow/dags/batch_generator.py
[2026-06-18T00:39:07.443+0000] {processor.py:925} INFO - DAG(s) 'extract_raw_data_pipeline' retrieved from /opt/airflow/dags/batch_generator.py
[2026-06-18T00:39:07.457+0000] {logging_mixin.py:190} INFO - [2026-06-18T00:39:07.457+0000] {dag.py:3239} INFO - Sync 1 DAGs
[2026-06-18T00:39:07.469+0000] {logging_mixin.py:190} INFO - [2026-06-18T00:39:07.469+0000] {dag.py:4180} INFO - Setting next_dagrun for extract_raw_data_pipeline to 2026-06-17 07:59:00+00:00, run_after=2026-06-18 07:00:00+00:00
[2026-06-18T00:39:07.484+0000] {processor.py:208} INFO - Processing /opt/airflow/dags/batch_generator.py took 0.131 seconds
[2026-06-18T00:39:37.663+0000] {processor.py:186} INFO - Started process (PID=5628) to work on /opt/airflow/dags/batch_generator.py
[2026-06-18T00:39:37.663+0000] {processor.py:914} INFO - Processing file /opt/airflow/dags/batch_generator.py for tasks to queue
[2026-06-18T00:39:37.665+0000] {logging_mixin.py:190} INFO - [2026-06-18T00:39:37.664+0000] {dagbag.py:588} INFO - Filling up the DagBag from /opt/airflow/dags/batch_generator.py
[2026-06-18T00:39:37.748+0000] {processor.py:925} INFO - DAG(s) 'extract_raw_data_pipeline' retrieved from /opt/airflow/dags/batch_generator.py
[2026-06-18T00:39:37.764+0000] {logging_mixin.py:190} INFO - [2026-06-18T00:39:37.764+0000] {dag.py:3239} INFO - Sync 1 DAGs
[2026-06-18T00:39:37.777+0000] {logging_mixin.py:190} INFO - [2026-06-18T00:39:37.777+0000] {dag.py:4180} INFO - Setting next_dagrun for extract_raw_data_pipeline to 2026-06-17 07:59:00+00:00, run_after=2026-06-18 07:00:00+00:00
[2026-06-18T00:39:37.791+0000] {processor.py:208} INFO - Processing /opt/airflow/dags/batch_generator.py took 0.132 seconds
[2026-06-18T00:40:08.095+0000] {processor.py:186} INFO - Started process (PID=5636) to work on /opt/airflow/dags/batch_generator.py
[2026-06-18T00:40:08.096+0000] {processor.py:914} INFO - Processing file /opt/airflow/dags/batch_generator.py for tasks to queue
[2026-06-18T00:40:08.098+0000] {logging_mixin.py:190} INFO - [2026-06-18T00:40:08.097+0000] {dagbag.py:588} INFO - Filling up the DagBag from /opt/airflow/dags/batch_generator.py
[2026-06-18T00:40:08.193+0000] {processor.py:925} INFO - DAG(s) 'extract_raw_data_pipeline' retrieved from /opt/airflow/dags/batch_generator.py
[2026-06-18T00:40:08.209+0000] {logging_mixin.py:190} INFO - [2026-06-18T00:40:08.209+0000] {dag.py:3239} INFO - Sync 1 DAGs
[2026-06-18T00:40:08.225+0000] {logging_mixin.py:190} INFO - [2026-06-18T00:40:08.225+0000] {dag.py:4180} INFO - Setting next_dagrun for extract_raw_data_pipeline to 2026-06-17 07:59:00+00:00, run_after=2026-06-18 07:00:00+00:00
[2026-06-18T00:40:08.240+0000] {processor.py:208} INFO - Processing /opt/airflow/dags/batch_generator.py took 0.149 seconds
[2026-06-18T00:40:38.393+0000] {processor.py:186} INFO - Started process (PID=5644) to work on /opt/airflow/dags/batch_generator.py
[2026-06-18T00:40:38.394+0000] {processor.py:914} INFO - Processing file /opt/airflow/dags/batch_generator.py for tasks to queue
[2026-06-18T00:40:38.396+0000] {logging_mixin.py:190} INFO - [2026-06-18T00:40:38.395+0000] {dagbag.py:588} INFO - Filling up the DagBag from /opt/airflow/dags/batch_generator.py
[2026-06-18T00:40:38.482+0000] {processor.py:925} INFO - DAG(s) 'extract_raw_data_pipeline' retrieved from /opt/airflow/dags/batch_generator.py
[2026-06-18T00:40:38.500+0000] {logging_mixin.py:190} INFO - [2026-06-18T00:40:38.500+0000] {dag.py:3239} INFO - Sync 1 DAGs
[2026-06-18T00:40:38.514+0000] {logging_mixin.py:190} INFO - [2026-06-18T00:40:38.514+0000] {dag.py:4180} INFO - Setting next_dagrun for extract_raw_data_pipeline to 2026-06-17 07:59:00+00:00, run_after=2026-06-18 07:00:00+00:00
[2026-06-18T00:40:38.528+0000] {processor.py:208} INFO - Processing /opt/airflow/dags/batch_generator.py took 0.141 seconds
[2026-06-18T00:41:08.794+0000] {processor.py:186} INFO - Started process (PID=5652) to work on /opt/airflow/dags/batch_generator.py
[2026-06-18T00:41:08.795+0000] {processor.py:914} INFO - Processing file /opt/airflow/dags/batch_generator.py for tasks to queue
[2026-06-18T00:41:08.796+0000] {logging_mixin.py:190} INFO - [2026-06-18T00:41:08.796+0000] {dagbag.py:588} INFO - Filling up the DagBag from /opt/airflow/dags/batch_generator.py
[2026-06-18T00:41:08.881+0000] {processor.py:925} INFO - DAG(s) 'extract_raw_data_pipeline' retrieved from /opt/airflow/dags/batch_generator.py
[2026-06-18T00:41:08.896+0000] {logging_mixin.py:190} INFO - [2026-06-18T00:41:08.896+0000] {dag.py:3239} INFO - Sync 1 DAGs
[2026-06-18T00:41:08.908+0000] {logging_mixin.py:190} INFO - [2026-06-18T00:41:08.908+0000] {dag.py:4180} INFO - Setting next_dagrun for extract_raw_data_pipeline to 2026-06-17 07:59:00+00:00, run_after=2026-06-18 07:00:00+00:00
[2026-06-18T00:41:08.922+0000] {processor.py:208} INFO - Processing /opt/airflow/dags/batch_generator.py took 0.132 seconds
[2026-06-18T00:41:39.127+0000] {processor.py:186} INFO - Started process (PID=5660) to work on /opt/airflow/dags/batch_generator.py
[2026-06-18T00:41:39.128+0000] {processor.py:914} INFO - Processing file /opt/airflow/dags/batch_generator.py for tasks to queue
[2026-06-18T00:41:39.130+0000] {logging_mixin.py:190} INFO - [2026-06-18T00:41:39.129+0000] {dagbag.py:588} INFO - Filling up the DagBag from /opt/airflow/dags/batch_generator.py
[2026-06-18T00:41:39.226+0000] {processor.py:925} INFO - DAG(s) 'extract_raw_data_pipeline' retrieved from /opt/airflow/dags/batch_generator.py
[2026-06-18T00:41:39.283+0000] {logging_mixin.py:190} INFO - [2026-06-18T00:41:39.283+0000] {dag.py:3239} INFO - Sync 1 DAGs
[2026-06-18T00:41:39.308+0000] {logging_mixin.py:190} INFO - [2026-06-18T00:41:39.308+0000] {dag.py:4180} INFO - Setting next_dagrun for extract_raw_data_pipeline to 2026-06-17 07:59:00+00:00, run_after=2026-06-18 07:00:00+00:00
[2026-06-18T00:41:39.391+0000] {processor.py:208} INFO - Processing /opt/airflow/dags/batch_generator.py took 0.267 seconds
[2026-06-18T00:42:09.592+0000] {processor.py:186} INFO - Started process (PID=5668) to work on /opt/airflow/dags/batch_generator.py
[2026-06-18T00:42:09.593+0000] {processor.py:914} INFO - Processing file /opt/airflow/dags/batch_generator.py for tasks to queue
[2026-06-18T00:42:09.595+0000] {logging_mixin.py:190} INFO - [2026-06-18T00:42:09.595+0000] {dagbag.py:588} INFO - Filling up the DagBag from /opt/airflow/dags/batch_generator.py
[2026-06-18T00:42:09.685+0000] {processor.py:925} INFO - DAG(s) 'extract_raw_data_pipeline' retrieved from /opt/airflow/dags/batch_generator.py
[2026-06-18T00:42:09.701+0000] {logging_mixin.py:190} INFO - [2026-06-18T00:42:09.700+0000] {dag.py:3239} INFO - Sync 1 DAGs
[2026-06-18T00:42:09.715+0000] {logging_mixin.py:190} INFO - [2026-06-18T00:42:09.715+0000] {dag.py:4180} INFO - Setting next_dagrun for extract_raw_data_pipeline to 2026-06-17 07:59:00+00:00, run_after=2026-06-18 07:00:00+00:00
[2026-06-18T00:42:09.728+0000] {processor.py:208} INFO - Processing /opt/airflow/dags/batch_generator.py took 0.140 seconds
[2026-06-18T00:42:39.934+0000] {processor.py:186} INFO - Started process (PID=5676) to work on /opt/airflow/dags/batch_generator.py
[2026-06-18T00:42:39.934+0000] {processor.py:914} INFO - Processing file /opt/airflow/dags/batch_generator.py for tasks to queue
[2026-06-18T00:42:39.936+0000] {logging_mixin.py:190} INFO - [2026-06-18T00:42:39.936+0000] {dagbag.py:588} INFO - Filling up the DagBag from /opt/airflow/dags/batch_generator.py
[2026-06-18T00:42:40.027+0000] {processor.py:925} INFO - DAG(s) 'extract_raw_data_pipeline' retrieved from /opt/airflow/dags/batch_generator.py
[2026-06-18T00:42:40.044+0000] {logging_mixin.py:190} INFO - [2026-06-18T00:42:40.043+0000] {dag.py:3239} INFO - Sync 1 DAGs
[2026-06-18T00:42:40.058+0000] {logging_mixin.py:190} INFO - [2026-06-18T00:42:40.058+0000] {dag.py:4180} INFO - Setting next_dagrun for extract_raw_data_pipeline to 2026-06-17 07:59:00+00:00, run_after=2026-06-18 07:00:00+00:00
[2026-06-18T00:42:40.071+0000] {processor.py:208} INFO - Processing /opt/airflow/dags/batch_generator.py took 0.141 seconds
[2026-06-18T00:43:10.238+0000] {processor.py:186} INFO - Started process (PID=5684) to work on /opt/airflow/dags/batch_generator.py
[2026-06-18T00:43:10.239+0000] {processor.py:914} INFO - Processing file /opt/airflow/dags/batch_generator.py for tasks to queue
[2026-06-18T00:43:10.241+0000] {logging_mixin.py:190} INFO - [2026-06-18T00:43:10.241+0000] {dagbag.py:588} INFO - Filling up the DagBag from /opt/airflow/dags/batch_generator.py
[2026-06-18T00:43:10.331+0000] {processor.py:925} INFO - DAG(s) 'extract_raw_data_pipeline' retrieved from /opt/airflow/dags/batch_generator.py
[2026-06-18T00:43:10.347+0000] {logging_mixin.py:190} INFO - [2026-06-18T00:43:10.347+0000] {dag.py:3239} INFO - Sync 1 DAGs
[2026-06-18T00:43:10.361+0000] {logging_mixin.py:190} INFO - [2026-06-18T00:43:10.361+0000] {dag.py:4180} INFO - Setting next_dagrun for extract_raw_data_pipeline to 2026-06-17 07:59:00+00:00, run_after=2026-06-18 07:00:00+00:00
[2026-06-18T00:43:10.374+0000] {processor.py:208} INFO - Processing /opt/airflow/dags/batch_generator.py took 0.140 seconds
[2026-06-18T00:43:40.525+0000] {processor.py:186} INFO - Started process (PID=5692) to work on /opt/airflow/dags/batch_generator.py
[2026-06-18T00:43:40.526+0000] {processor.py:914} INFO - Processing file /opt/airflow/dags/batch_generator.py for tasks to queue
[2026-06-18T00:43:40.528+0000] {logging_mixin.py:190} INFO - [2026-06-18T00:43:40.528+0000] {dagbag.py:588} INFO - Filling up the DagBag from /opt/airflow/dags/batch_generator.py
[2026-06-18T00:43:40.620+0000] {processor.py:925} INFO - DAG(s) 'extract_raw_data_pipeline' retrieved from /opt/airflow/dags/batch_generator.py
[2026-06-18T00:43:40.636+0000] {logging_mixin.py:190} INFO - [2026-06-18T00:43:40.636+0000] {dag.py:3239} INFO - Sync 1 DAGs
[2026-06-18T00:43:40.650+0000] {logging_mixin.py:190} INFO - [2026-06-18T00:43:40.650+0000] {dag.py:4180} INFO - Setting next_dagrun for extract_raw_data_pipeline to 2026-06-17 07:59:00+00:00, run_after=2026-06-18 07:00:00+00:00
[2026-06-18T00:43:40.667+0000] {processor.py:208} INFO - Processing /opt/airflow/dags/batch_generator.py took 0.145 seconds
[2026-06-18T00:44:10.938+0000] {processor.py:186} INFO - Started process (PID=5700) to work on /opt/airflow/dags/batch_generator.py
[2026-06-18T00:44:10.938+0000] {processor.py:914} INFO - Processing file /opt/airflow/dags/batch_generator.py for tasks to queue
[2026-06-18T00:44:10.940+0000] {logging_mixin.py:190} INFO - [2026-06-18T00:44:10.940+0000] {dagbag.py:588} INFO - Filling up the DagBag from /opt/airflow/dags/batch_generator.py
[2026-06-18T00:44:11.030+0000] {processor.py:925} INFO - DAG(s) 'extract_raw_data_pipeline' retrieved from /opt/airflow/dags/batch_generator.py
[2026-06-18T00:44:11.046+0000] {logging_mixin.py:190} INFO - [2026-06-18T00:44:11.046+0000] {dag.py:3239} INFO - Sync 1 DAGs
[2026-06-18T00:44:11.061+0000] {logging_mixin.py:190} INFO - [2026-06-18T00:44:11.060+0000] {dag.py:4180} INFO - Setting next_dagrun for extract_raw_data_pipeline to 2026-06-17 07:59:00+00:00, run_after=2026-06-18 07:00:00+00:00
[2026-06-18T00:44:11.073+0000] {processor.py:208} INFO - Processing /opt/airflow/dags/batch_generator.py took 0.139 seconds
[2026-06-18T00:44:41.281+0000] {processor.py:186} INFO - Started process (PID=5708) to work on /opt/airflow/dags/batch_generator.py
[2026-06-18T00:44:41.281+0000] {processor.py:914} INFO - Processing file /opt/airflow/dags/batch_generator.py for tasks to queue
[2026-06-18T00:44:41.283+0000] {logging_mixin.py:190} INFO - [2026-06-18T00:44:41.283+0000] {dagbag.py:588} INFO - Filling up the DagBag from /opt/airflow/dags/batch_generator.py
[2026-06-18T00:44:41.378+0000] {processor.py:925} INFO - DAG(s) 'extract_raw_data_pipeline' retrieved from /opt/airflow/dags/batch_generator.py
[2026-06-18T00:44:41.395+0000] {logging_mixin.py:190} INFO - [2026-06-18T00:44:41.395+0000] {dag.py:3239} INFO - Sync 1 DAGs
[2026-06-18T00:44:41.408+0000] {logging_mixin.py:190} INFO - [2026-06-18T00:44:41.408+0000] {dag.py:4180} INFO - Setting next_dagrun for extract_raw_data_pipeline to 2026-06-17 07:59:00+00:00, run_after=2026-06-18 07:00:00+00:00
[2026-06-18T00:44:41.422+0000] {processor.py:208} INFO - Processing /opt/airflow/dags/batch_generator.py took 0.145 seconds
[2026-06-18T00:45:11.699+0000] {processor.py:186} INFO - Started process (PID=5716) to work on /opt/airflow/dags/batch_generator.py
[2026-06-18T00:45:11.700+0000] {processor.py:914} INFO - Processing file /opt/airflow/dags/batch_generator.py for tasks to queue
[2026-06-18T00:45:11.701+0000] {logging_mixin.py:190} INFO - [2026-06-18T00:45:11.701+0000] {dagbag.py:588} INFO - Filling up the DagBag from /opt/airflow/dags/batch_generator.py
[2026-06-18T00:45:11.791+0000] {processor.py:925} INFO - DAG(s) 'extract_raw_data_pipeline' retrieved from /opt/airflow/dags/batch_generator.py
[2026-06-18T00:45:11.806+0000] {logging_mixin.py:190} INFO - [2026-06-18T00:45:11.806+0000] {dag.py:3239} INFO - Sync 1 DAGs
[2026-06-18T00:45:11.819+0000] {logging_mixin.py:190} INFO - [2026-06-18T00:45:11.819+0000] {dag.py:4180} INFO - Setting next_dagrun for extract_raw_data_pipeline to 2026-06-17 07:59:00+00:00, run_after=2026-06-18 07:00:00+00:00
[2026-06-18T00:45:11.841+0000] {processor.py:208} INFO - Processing /opt/airflow/dags/batch_generator.py took 0.145 seconds
[2026-06-18T00:45:42.011+0000] {processor.py:186} INFO - Started process (PID=5724) to work on /opt/airflow/dags/batch_generator.py
[2026-06-18T00:45:42.012+0000] {processor.py:914} INFO - Processing file /opt/airflow/dags/batch_generator.py for tasks to queue
[2026-06-18T00:45:42.014+0000] {logging_mixin.py:190} INFO - [2026-06-18T00:45:42.013+0000] {dagbag.py:588} INFO - Filling up the DagBag from /opt/airflow/dags/batch_generator.py
[2026-06-18T00:45:42.104+0000] {processor.py:925} INFO - DAG(s) 'extract_raw_data_pipeline' retrieved from /opt/airflow/dags/batch_generator.py
[2026-06-18T00:45:42.119+0000] {logging_mixin.py:190} INFO - [2026-06-18T00:45:42.119+0000] {dag.py:3239} INFO - Sync 1 DAGs
[2026-06-18T00:45:42.132+0000] {logging_mixin.py:190} INFO - [2026-06-18T00:45:42.132+0000] {dag.py:4180} INFO - Setting next_dagrun for extract_raw_data_pipeline to 2026-06-17 07:59:00+00:00, run_after=2026-06-18 07:00:00+00:00
[2026-06-18T00:45:42.149+0000] {processor.py:208} INFO - Processing /opt/airflow/dags/batch_generator.py took 0.141 seconds
[2026-06-18T00:46:12.482+0000] {processor.py:186} INFO - Started process (PID=5732) to work on /opt/airflow/dags/batch_generator.py
[2026-06-18T00:46:12.483+0000] {processor.py:914} INFO - Processing file /opt/airflow/dags/batch_generator.py for tasks to queue
[2026-06-18T00:46:12.485+0000] {logging_mixin.py:190} INFO - [2026-06-18T00:46:12.484+0000] {dagbag.py:588} INFO - Filling up the DagBag from /opt/airflow/dags/batch_generator.py
[2026-06-18T00:46:12.582+0000] {processor.py:925} INFO - DAG(s) 'extract_raw_data_pipeline' retrieved from /opt/airflow/dags/batch_generator.py
[2026-06-18T00:46:12.598+0000] {logging_mixin.py:190} INFO - [2026-06-18T00:46:12.598+0000] {dag.py:3239} INFO - Sync 1 DAGs
[2026-06-18T00:46:12.611+0000] {logging_mixin.py:190} INFO - [2026-06-18T00:46:12.611+0000] {dag.py:4180} INFO - Setting next_dagrun for extract_raw_data_pipeline to 2026-06-17 07:59:00+00:00, run_after=2026-06-18 07:00:00+00:00
[2026-06-18T00:46:12.629+0000] {processor.py:208} INFO - Processing /opt/airflow/dags/batch_generator.py took 0.150 seconds
[2026-06-18T00:46:42.744+0000] {processor.py:186} INFO - Started process (PID=5740) to work on /opt/airflow/dags/batch_generator.py
[2026-06-18T00:46:42.745+0000] {processor.py:914} INFO - Processing file /opt/airflow/dags/batch_generator.py for tasks to queue
[2026-06-18T00:46:42.746+0000] {logging_mixin.py:190} INFO - [2026-06-18T00:46:42.746+0000] {dagbag.py:588} INFO - Filling up the DagBag from /opt/airflow/dags/batch_generator.py
[2026-06-18T00:46:42.837+0000] {processor.py:925} INFO - DAG(s) 'extract_raw_data_pipeline' retrieved from /opt/airflow/dags/batch_generator.py
[2026-06-18T00:46:42.854+0000] {logging_mixin.py:190} INFO - [2026-06-18T00:46:42.854+0000] {dag.py:3239} INFO - Sync 1 DAGs
[2026-06-18T00:46:42.867+0000] {logging_mixin.py:190} INFO - [2026-06-18T00:46:42.867+0000] {dag.py:4180} INFO - Setting next_dagrun for extract_raw_data_pipeline to 2026-06-17 07:59:00+00:00, run_after=2026-06-18 07:00:00+00:00
[2026-06-18T00:46:42.880+0000] {processor.py:208} INFO - Processing /opt/airflow/dags/batch_generator.py took 0.139 seconds
[2026-06-18T00:47:13.333+0000] {processor.py:186} INFO - Started process (PID=5748) to work on /opt/airflow/dags/batch_generator.py
[2026-06-18T00:47:13.374+0000] {processor.py:914} INFO - Processing file /opt/airflow/dags/batch_generator.py for tasks to queue
[2026-06-18T00:47:13.376+0000] {logging_mixin.py:190} INFO - [2026-06-18T00:47:13.376+0000] {dagbag.py:588} INFO - Filling up the DagBag from /opt/airflow/dags/batch_generator.py
[2026-06-18T00:47:13.613+0000] {processor.py:925} INFO - DAG(s) 'extract_raw_data_pipeline' retrieved from /opt/airflow/dags/batch_generator.py
[2026-06-18T00:47:13.630+0000] {logging_mixin.py:190} INFO - [2026-06-18T00:47:13.630+0000] {dag.py:3239} INFO - Sync 1 DAGs
[2026-06-18T00:47:13.644+0000] {logging_mixin.py:190} INFO - [2026-06-18T00:47:13.644+0000] {dag.py:4180} INFO - Setting next_dagrun for extract_raw_data_pipeline to 2026-06-17 07:59:00+00:00, run_after=2026-06-18 07:00:00+00:00
[2026-06-18T00:47:13.656+0000] {processor.py:208} INFO - Processing /opt/airflow/dags/batch_generator.py took 0.332 seconds
[2026-06-18T00:47:43.924+0000] {processor.py:186} INFO - Started process (PID=5756) to work on /opt/airflow/dags/batch_generator.py
[2026-06-18T00:47:43.925+0000] {processor.py:914} INFO - Processing file /opt/airflow/dags/batch_generator.py for tasks to queue
[2026-06-18T00:47:43.927+0000] {logging_mixin.py:190} INFO - [2026-06-18T00:47:43.926+0000] {dagbag.py:588} INFO - Filling up the DagBag from /opt/airflow/dags/batch_generator.py
[2026-06-18T00:47:44.019+0000] {processor.py:925} INFO - DAG(s) 'extract_raw_data_pipeline' retrieved from /opt/airflow/dags/batch_generator.py
[2026-06-18T00:47:44.036+0000] {logging_mixin.py:190} INFO - [2026-06-18T00:47:44.036+0000] {dag.py:3239} INFO - Sync 1 DAGs
[2026-06-18T00:47:44.060+0000] {logging_mixin.py:190} INFO - [2026-06-18T00:47:44.060+0000] {dag.py:4180} INFO - Setting next_dagrun for extract_raw_data_pipeline to 2026-06-17 07:59:00+00:00, run_after=2026-06-18 07:00:00+00:00
[2026-06-18T00:47:44.170+0000] {processor.py:208} INFO - Processing /opt/airflow/dags/batch_generator.py took 0.250 seconds
[2026-06-18T00:48:14.233+0000] {processor.py:186} INFO - Started process (PID=5764) to work on /opt/airflow/dags/batch_generator.py
[2026-06-18T00:48:14.233+0000] {processor.py:914} INFO - Processing file /opt/airflow/dags/batch_generator.py for tasks to queue
[2026-06-18T00:48:14.235+0000] {logging_mixin.py:190} INFO - [2026-06-18T00:48:14.235+0000] {dagbag.py:588} INFO - Filling up the DagBag from /opt/airflow/dags/batch_generator.py
[2026-06-18T00:48:14.325+0000] {processor.py:925} INFO - DAG(s) 'extract_raw_data_pipeline' retrieved from /opt/airflow/dags/batch_generator.py
[2026-06-18T00:48:14.341+0000] {logging_mixin.py:190} INFO - [2026-06-18T00:48:14.341+0000] {dag.py:3239} INFO - Sync 1 DAGs
[2026-06-18T00:48:14.354+0000] {logging_mixin.py:190} INFO - [2026-06-18T00:48:14.354+0000] {dag.py:4180} INFO - Setting next_dagrun for extract_raw_data_pipeline to 2026-06-17 07:59:00+00:00, run_after=2026-06-18 07:00:00+00:00
[2026-06-18T00:48:14.367+0000] {processor.py:208} INFO - Processing /opt/airflow/dags/batch_generator.py took 0.138 seconds
[2026-06-18T00:48:44.604+0000] {processor.py:186} INFO - Started process (PID=5772) to work on /opt/airflow/dags/batch_generator.py
[2026-06-18T00:48:44.605+0000] {processor.py:914} INFO - Processing file /opt/airflow/dags/batch_generator.py for tasks to queue
[2026-06-18T00:48:44.607+0000] {logging_mixin.py:190} INFO - [2026-06-18T00:48:44.607+0000] {dagbag.py:588} INFO - Filling up the DagBag from /opt/airflow/dags/batch_generator.py
[2026-06-18T00:48:44.733+0000] {processor.py:925} INFO - DAG(s) 'extract_raw_data_pipeline' retrieved from /opt/airflow/dags/batch_generator.py
[2026-06-18T00:48:44.751+0000] {logging_mixin.py:190} INFO - [2026-06-18T00:48:44.751+0000] {dag.py:3239} INFO - Sync 1 DAGs
[2026-06-18T00:48:44.766+0000] {logging_mixin.py:190} INFO - [2026-06-18T00:48:44.766+0000] {dag.py:4180} INFO - Setting next_dagrun for extract_raw_data_pipeline to 2026-06-17 07:59:00+00:00, run_after=2026-06-18 07:00:00+00:00
[2026-06-18T00:48:44.784+0000] {processor.py:208} INFO - Processing /opt/airflow/dags/batch_generator.py took 0.183 seconds
[2026-06-18T00:49:14.948+0000] {processor.py:186} INFO - Started process (PID=5780) to work on /opt/airflow/dags/batch_generator.py
[2026-06-18T00:49:14.949+0000] {processor.py:914} INFO - Processing file /opt/airflow/dags/batch_generator.py for tasks to queue
[2026-06-18T00:49:14.950+0000] {logging_mixin.py:190} INFO - [2026-06-18T00:49:14.950+0000] {dagbag.py:588} INFO - Filling up the DagBag from /opt/airflow/dags/batch_generator.py
[2026-06-18T00:49:15.041+0000] {processor.py:925} INFO - DAG(s) 'extract_raw_data_pipeline' retrieved from /opt/airflow/dags/batch_generator.py
[2026-06-18T00:49:15.057+0000] {logging_mixin.py:190} INFO - [2026-06-18T00:49:15.056+0000] {dag.py:3239} INFO - Sync 1 DAGs
[2026-06-18T00:49:15.069+0000] {logging_mixin.py:190} INFO - [2026-06-18T00:49:15.069+0000] {dag.py:4180} INFO - Setting next_dagrun for extract_raw_data_pipeline to 2026-06-17 07:59:00+00:00, run_after=2026-06-18 07:00:00+00:00
[2026-06-18T00:49:15.091+0000] {processor.py:208} INFO - Processing /opt/airflow/dags/batch_generator.py took 0.146 seconds
[2026-06-18T00:49:45.343+0000] {processor.py:186} INFO - Started process (PID=5788) to work on /opt/airflow/dags/batch_generator.py
[2026-06-18T00:49:45.346+0000] {processor.py:914} INFO - Processing file /opt/airflow/dags/batch_generator.py for tasks to queue
[2026-06-18T00:49:45.348+0000] {logging_mixin.py:190} INFO - [2026-06-18T00:49:45.347+0000] {dagbag.py:588} INFO - Filling up the DagBag from /opt/airflow/dags/batch_generator.py
[2026-06-18T00:49:45.456+0000] {processor.py:925} INFO - DAG(s) 'extract_raw_data_pipeline' retrieved from /opt/airflow/dags/batch_generator.py
[2026-06-18T00:49:45.479+0000] {logging_mixin.py:190} INFO - [2026-06-18T00:49:45.478+0000] {dag.py:3239} INFO - Sync 1 DAGs
[2026-06-18T00:49:45.492+0000] {logging_mixin.py:190} INFO - [2026-06-18T00:49:45.492+0000] {dag.py:4180} INFO - Setting next_dagrun for extract_raw_data_pipeline to 2026-06-17 07:59:00+00:00, run_after=2026-06-18 07:00:00+00:00
[2026-06-18T00:49:45.505+0000] {processor.py:208} INFO - Processing /opt/airflow/dags/batch_generator.py took 0.166 seconds
[2026-06-18T00:50:15.594+0000] {processor.py:186} INFO - Started process (PID=5802) to work on /opt/airflow/dags/batch_generator.py
[2026-06-18T00:50:15.595+0000] {processor.py:914} INFO - Processing file /opt/airflow/dags/batch_generator.py for tasks to queue
[2026-06-18T00:50:15.596+0000] {logging_mixin.py:190} INFO - [2026-06-18T00:50:15.596+0000] {dagbag.py:588} INFO - Filling up the DagBag from /opt/airflow/dags/batch_generator.py
[2026-06-18T00:50:15.689+0000] {processor.py:925} INFO - DAG(s) 'extract_raw_data_pipeline' retrieved from /opt/airflow/dags/batch_generator.py
[2026-06-18T00:50:15.707+0000] {logging_mixin.py:190} INFO - [2026-06-18T00:50:15.706+0000] {dag.py:3239} INFO - Sync 1 DAGs
[2026-06-18T00:50:15.721+0000] {logging_mixin.py:190} INFO - [2026-06-18T00:50:15.721+0000] {dag.py:4180} INFO - Setting next_dagrun for extract_raw_data_pipeline to 2026-06-17 07:59:00+00:00, run_after=2026-06-18 07:00:00+00:00
[2026-06-18T00:50:15.734+0000] {processor.py:208} INFO - Processing /opt/airflow/dags/batch_generator.py took 0.143 seconds
[2026-06-18T00:50:45.830+0000] {processor.py:186} INFO - Started process (PID=5810) to work on /opt/airflow/dags/batch_generator.py
[2026-06-18T00:50:45.830+0000] {processor.py:914} INFO - Processing file /opt/airflow/dags/batch_generator.py for tasks to queue
[2026-06-18T00:50:45.832+0000] {logging_mixin.py:190} INFO - [2026-06-18T00:50:45.832+0000] {dagbag.py:588} INFO - Filling up the DagBag from /opt/airflow/dags/batch_generator.py
[2026-06-18T00:50:45.915+0000] {processor.py:925} INFO - DAG(s) 'extract_raw_data_pipeline' retrieved from /opt/airflow/dags/batch_generator.py
[2026-06-18T00:50:45.933+0000] {logging_mixin.py:190} INFO - [2026-06-18T00:50:45.933+0000] {dag.py:3239} INFO - Sync 1 DAGs
[2026-06-18T00:50:45.949+0000] {logging_mixin.py:190} INFO - [2026-06-18T00:50:45.949+0000] {dag.py:4180} INFO - Setting next_dagrun for extract_raw_data_pipeline to 2026-06-17 07:59:00+00:00, run_after=2026-06-18 07:00:00+00:00
[2026-06-18T00:50:45.963+0000] {processor.py:208} INFO - Processing /opt/airflow/dags/batch_generator.py took 0.137 seconds
[2026-06-18T00:51:16.074+0000] {processor.py:186} INFO - Started process (PID=5818) to work on /opt/airflow/dags/batch_generator.py
[2026-06-18T00:51:16.075+0000] {processor.py:914} INFO - Processing file /opt/airflow/dags/batch_generator.py for tasks to queue
[2026-06-18T00:51:16.077+0000] {logging_mixin.py:190} INFO - [2026-06-18T00:51:16.077+0000] {dagbag.py:588} INFO - Filling up the DagBag from /opt/airflow/dags/batch_generator.py
[2026-06-18T00:51:16.177+0000] {processor.py:925} INFO - DAG(s) 'extract_raw_data_pipeline' retrieved from /opt/airflow/dags/batch_generator.py
[2026-06-18T00:51:16.194+0000] {logging_mixin.py:190} INFO - [2026-06-18T00:51:16.194+0000] {dag.py:3239} INFO - Sync 1 DAGs
[2026-06-18T00:51:16.209+0000] {logging_mixin.py:190} INFO - [2026-06-18T00:51:16.208+0000] {dag.py:4180} INFO - Setting next_dagrun for extract_raw_data_pipeline to 2026-06-17 07:59:00+00:00, run_after=2026-06-18 07:00:00+00:00
[2026-06-18T00:51:16.223+0000] {processor.py:208} INFO - Processing /opt/airflow/dags/batch_generator.py took 0.152 seconds
[2026-06-18T00:51:46.317+0000] {processor.py:186} INFO - Started process (PID=5826) to work on /opt/airflow/dags/batch_generator.py
[2026-06-18T00:51:46.317+0000] {processor.py:914} INFO - Processing file /opt/airflow/dags/batch_generator.py for tasks to queue
[2026-06-18T00:51:46.319+0000] {logging_mixin.py:190} INFO - [2026-06-18T00:51:46.319+0000] {dagbag.py:588} INFO - Filling up the DagBag from /opt/airflow/dags/batch_generator.py
[2026-06-18T00:51:46.419+0000] {processor.py:925} INFO - DAG(s) 'extract_raw_data_pipeline' retrieved from /opt/airflow/dags/batch_generator.py
[2026-06-18T00:51:46.437+0000] {logging_mixin.py:190} INFO - [2026-06-18T00:51:46.437+0000] {dag.py:3239} INFO - Sync 1 DAGs
[2026-06-18T00:51:46.452+0000] {logging_mixin.py:190} INFO - [2026-06-18T00:51:46.452+0000] {dag.py:4180} INFO - Setting next_dagrun for extract_raw_data_pipeline to 2026-06-17 07:59:00+00:00, run_after=2026-06-18 07:00:00+00:00
[2026-06-18T00:51:46.467+0000] {processor.py:208} INFO - Processing /opt/airflow/dags/batch_generator.py took 0.154 seconds
[2026-06-18T00:52:16.731+0000] {processor.py:186} INFO - Started process (PID=5834) to work on /opt/airflow/dags/batch_generator.py
[2026-06-18T00:52:16.731+0000] {processor.py:914} INFO - Processing file /opt/airflow/dags/batch_generator.py for tasks to queue
[2026-06-18T00:52:16.733+0000] {logging_mixin.py:190} INFO - [2026-06-18T00:52:16.733+0000] {dagbag.py:588} INFO - Filling up the DagBag from /opt/airflow/dags/batch_generator.py
[2026-06-18T00:52:16.828+0000] {processor.py:925} INFO - DAG(s) 'extract_raw_data_pipeline' retrieved from /opt/airflow/dags/batch_generator.py
[2026-06-18T00:52:16.845+0000] {logging_mixin.py:190} INFO - [2026-06-18T00:52:16.844+0000] {dag.py:3239} INFO - Sync 1 DAGs
[2026-06-18T00:52:16.860+0000] {logging_mixin.py:190} INFO - [2026-06-18T00:52:16.860+0000] {dag.py:4180} INFO - Setting next_dagrun for extract_raw_data_pipeline to 2026-06-17 07:59:00+00:00, run_after=2026-06-18 07:00:00+00:00
[2026-06-18T00:52:16.873+0000] {processor.py:208} INFO - Processing /opt/airflow/dags/batch_generator.py took 0.146 seconds
[2026-06-18T00:52:47.043+0000] {processor.py:186} INFO - Started process (PID=5842) to work on /opt/airflow/dags/batch_generator.py
[2026-06-18T00:52:47.043+0000] {processor.py:914} INFO - Processing file /opt/airflow/dags/batch_generator.py for tasks to queue
[2026-06-18T00:52:47.045+0000] {logging_mixin.py:190} INFO - [2026-06-18T00:52:47.045+0000] {dagbag.py:588} INFO - Filling up the DagBag from /opt/airflow/dags/batch_generator.py
[2026-06-18T00:52:47.149+0000] {processor.py:925} INFO - DAG(s) 'extract_raw_data_pipeline' retrieved from /opt/airflow/dags/batch_generator.py
[2026-06-18T00:52:47.167+0000] {logging_mixin.py:190} INFO - [2026-06-18T00:52:47.167+0000] {dag.py:3239} INFO - Sync 1 DAGs
[2026-06-18T00:52:47.186+0000] {logging_mixin.py:190} INFO - [2026-06-18T00:52:47.186+0000] {dag.py:4180} INFO - Setting next_dagrun for extract_raw_data_pipeline to 2026-06-17 07:59:00+00:00, run_after=2026-06-18 07:00:00+00:00
[2026-06-18T00:52:47.214+0000] {processor.py:208} INFO - Processing /opt/airflow/dags/batch_generator.py took 0.175 seconds
[2026-06-18T00:53:17.367+0000] {processor.py:186} INFO - Started process (PID=5850) to work on /opt/airflow/dags/batch_generator.py
[2026-06-18T00:53:17.367+0000] {processor.py:914} INFO - Processing file /opt/airflow/dags/batch_generator.py for tasks to queue
[2026-06-18T00:53:17.369+0000] {logging_mixin.py:190} INFO - [2026-06-18T00:53:17.369+0000] {dagbag.py:588} INFO - Filling up the DagBag from /opt/airflow/dags/batch_generator.py
[2026-06-18T00:53:17.460+0000] {processor.py:925} INFO - DAG(s) 'extract_raw_data_pipeline' retrieved from /opt/airflow/dags/batch_generator.py
[2026-06-18T00:53:17.475+0000] {logging_mixin.py:190} INFO - [2026-06-18T00:53:17.475+0000] {dag.py:3239} INFO - Sync 1 DAGs
[2026-06-18T00:53:17.488+0000] {logging_mixin.py:190} INFO - [2026-06-18T00:53:17.487+0000] {dag.py:4180} INFO - Setting next_dagrun for extract_raw_data_pipeline to 2026-06-17 07:59:00+00:00, run_after=2026-06-18 07:00:00+00:00
[2026-06-18T00:53:17.501+0000] {processor.py:208} INFO - Processing /opt/airflow/dags/batch_generator.py took 0.138 seconds
[2026-06-18T00:53:47.668+0000] {processor.py:186} INFO - Started process (PID=5857) to work on /opt/airflow/dags/batch_generator.py
[2026-06-18T00:53:47.669+0000] {processor.py:914} INFO - Processing file /opt/airflow/dags/batch_generator.py for tasks to queue
[2026-06-18T00:53:47.671+0000] {logging_mixin.py:190} INFO - [2026-06-18T00:53:47.670+0000] {dagbag.py:588} INFO - Filling up the DagBag from /opt/airflow/dags/batch_generator.py
[2026-06-18T00:53:47.761+0000] {processor.py:925} INFO - DAG(s) 'extract_raw_data_pipeline' retrieved from /opt/airflow/dags/batch_generator.py
[2026-06-18T00:53:47.775+0000] {logging_mixin.py:190} INFO - [2026-06-18T00:53:47.775+0000] {dag.py:3239} INFO - Sync 1 DAGs
[2026-06-18T00:53:47.788+0000] {logging_mixin.py:190} INFO - [2026-06-18T00:53:47.788+0000] {dag.py:4180} INFO - Setting next_dagrun for extract_raw_data_pipeline to 2026-06-17 07:59:00+00:00, run_after=2026-06-18 07:00:00+00:00
[2026-06-18T00:53:47.801+0000] {processor.py:208} INFO - Processing /opt/airflow/dags/batch_generator.py took 0.138 seconds
[2026-06-18T00:54:17.987+0000] {processor.py:186} INFO - Started process (PID=5865) to work on /opt/airflow/dags/batch_generator.py
[2026-06-18T00:54:17.988+0000] {processor.py:914} INFO - Processing file /opt/airflow/dags/batch_generator.py for tasks to queue
[2026-06-18T00:54:17.990+0000] {logging_mixin.py:190} INFO - [2026-06-18T00:54:17.990+0000] {dagbag.py:588} INFO - Filling up the DagBag from /opt/airflow/dags/batch_generator.py
[2026-06-18T00:54:18.103+0000] {processor.py:925} INFO - DAG(s) 'extract_raw_data_pipeline' retrieved from /opt/airflow/dags/batch_generator.py
[2026-06-18T00:54:18.121+0000] {logging_mixin.py:190} INFO - [2026-06-18T00:54:18.120+0000] {dag.py:3239} INFO - Sync 1 DAGs
[2026-06-18T00:54:18.137+0000] {logging_mixin.py:190} INFO - [2026-06-18T00:54:18.137+0000] {dag.py:4180} INFO - Setting next_dagrun for extract_raw_data_pipeline to 2026-06-17 07:59:00+00:00, run_after=2026-06-18 07:00:00+00:00
[2026-06-18T00:54:18.150+0000] {processor.py:208} INFO - Processing /opt/airflow/dags/batch_generator.py took 0.167 seconds
[2026-06-18T00:54:48.456+0000] {processor.py:186} INFO - Started process (PID=5873) to work on /opt/airflow/dags/batch_generator.py
[2026-06-18T00:54:48.457+0000] {processor.py:914} INFO - Processing file /opt/airflow/dags/batch_generator.py for tasks to queue
[2026-06-18T00:54:48.459+0000] {logging_mixin.py:190} INFO - [2026-06-18T00:54:48.458+0000] {dagbag.py:588} INFO - Filling up the DagBag from /opt/airflow/dags/batch_generator.py
[2026-06-18T00:54:48.539+0000] {processor.py:925} INFO - DAG(s) 'extract_raw_data_pipeline' retrieved from /opt/airflow/dags/batch_generator.py
[2026-06-18T00:54:48.555+0000] {logging_mixin.py:190} INFO - [2026-06-18T00:54:48.555+0000] {dag.py:3239} INFO - Sync 1 DAGs
[2026-06-18T00:54:48.569+0000] {logging_mixin.py:190} INFO - [2026-06-18T00:54:48.569+0000] {dag.py:4180} INFO - Setting next_dagrun for extract_raw_data_pipeline to 2026-06-17 07:59:00+00:00, run_after=2026-06-18 07:00:00+00:00
[2026-06-18T00:54:48.581+0000] {processor.py:208} INFO - Processing /opt/airflow/dags/batch_generator.py took 0.128 seconds
[2026-06-18T00:55:18.691+0000] {processor.py:186} INFO - Started process (PID=5885) to work on /opt/airflow/dags/batch_generator.py
[2026-06-18T00:55:18.692+0000] {processor.py:914} INFO - Processing file /opt/airflow/dags/batch_generator.py for tasks to queue
[2026-06-18T00:55:18.694+0000] {logging_mixin.py:190} INFO - [2026-06-18T00:55:18.694+0000] {dagbag.py:588} INFO - Filling up the DagBag from /opt/airflow/dags/batch_generator.py
[2026-06-18T00:55:18.810+0000] {processor.py:925} INFO - DAG(s) 'extract_raw_data_pipeline' retrieved from /opt/airflow/dags/batch_generator.py
[2026-06-18T00:55:18.827+0000] {logging_mixin.py:190} INFO - [2026-06-18T00:55:18.827+0000] {dag.py:3239} INFO - Sync 1 DAGs
[2026-06-18T00:55:18.843+0000] {logging_mixin.py:190} INFO - [2026-06-18T00:55:18.843+0000] {dag.py:4180} INFO - Setting next_dagrun for extract_raw_data_pipeline to 2026-06-17 07:59:00+00:00, run_after=2026-06-18 07:00:00+00:00
[2026-06-18T00:55:18.856+0000] {processor.py:208} INFO - Processing /opt/airflow/dags/batch_generator.py took 0.169 seconds
[2026-06-18T00:55:49.079+0000] {processor.py:186} INFO - Started process (PID=5893) to work on /opt/airflow/dags/batch_generator.py
[2026-06-18T00:55:49.080+0000] {processor.py:914} INFO - Processing file /opt/airflow/dags/batch_generator.py for tasks to queue
[2026-06-18T00:55:49.082+0000] {logging_mixin.py:190} INFO - [2026-06-18T00:55:49.082+0000] {dagbag.py:588} INFO - Filling up the DagBag from /opt/airflow/dags/batch_generator.py
[2026-06-18T00:55:49.388+0000] {processor.py:925} INFO - DAG(s) 'extract_raw_data_pipeline' retrieved from /opt/airflow/dags/batch_generator.py
[2026-06-18T00:55:49.408+0000] {logging_mixin.py:190} INFO - [2026-06-18T00:55:49.407+0000] {dag.py:3239} INFO - Sync 1 DAGs
[2026-06-18T00:55:49.421+0000] {logging_mixin.py:190} INFO - [2026-06-18T00:55:49.421+0000] {dag.py:4180} INFO - Setting next_dagrun for extract_raw_data_pipeline to 2026-06-17 07:59:00+00:00, run_after=2026-06-18 07:00:00+00:00
[2026-06-18T00:55:49.434+0000] {processor.py:208} INFO - Processing /opt/airflow/dags/batch_generator.py took 0.360 seconds
[2026-06-18T00:56:19.681+0000] {processor.py:186} INFO - Started process (PID=5901) to work on /opt/airflow/dags/batch_generator.py
[2026-06-18T00:56:19.682+0000] {processor.py:914} INFO - Processing file /opt/airflow/dags/batch_generator.py for tasks to queue
[2026-06-18T00:56:19.684+0000] {logging_mixin.py:190} INFO - [2026-06-18T00:56:19.683+0000] {dagbag.py:588} INFO - Filling up the DagBag from /opt/airflow/dags/batch_generator.py
[2026-06-18T00:56:19.774+0000] {processor.py:925} INFO - DAG(s) 'extract_raw_data_pipeline' retrieved from /opt/airflow/dags/batch_generator.py
[2026-06-18T00:56:19.790+0000] {logging_mixin.py:190} INFO - [2026-06-18T00:56:19.790+0000] {dag.py:3239} INFO - Sync 1 DAGs
[2026-06-18T00:56:19.804+0000] {logging_mixin.py:190} INFO - [2026-06-18T00:56:19.804+0000] {dag.py:4180} INFO - Setting next_dagrun for extract_raw_data_pipeline to 2026-06-17 07:59:00+00:00, run_after=2026-06-18 07:00:00+00:00
[2026-06-18T00:56:19.819+0000] {processor.py:208} INFO - Processing /opt/airflow/dags/batch_generator.py took 0.142 seconds
[2026-06-18T00:56:50.020+0000] {processor.py:186} INFO - Started process (PID=5909) to work on /opt/airflow/dags/batch_generator.py
[2026-06-18T00:56:50.020+0000] {processor.py:914} INFO - Processing file /opt/airflow/dags/batch_generator.py for tasks to queue
[2026-06-18T00:56:50.022+0000] {logging_mixin.py:190} INFO - [2026-06-18T00:56:50.022+0000] {dagbag.py:588} INFO - Filling up the DagBag from /opt/airflow/dags/batch_generator.py
[2026-06-18T00:56:50.111+0000] {processor.py:925} INFO - DAG(s) 'extract_raw_data_pipeline' retrieved from /opt/airflow/dags/batch_generator.py
[2026-06-18T00:56:50.127+0000] {logging_mixin.py:190} INFO - [2026-06-18T00:56:50.126+0000] {dag.py:3239} INFO - Sync 1 DAGs
[2026-06-18T00:56:50.140+0000] {logging_mixin.py:190} INFO - [2026-06-18T00:56:50.140+0000] {dag.py:4180} INFO - Setting next_dagrun for extract_raw_data_pipeline to 2026-06-17 07:59:00+00:00, run_after=2026-06-18 07:00:00+00:00
[2026-06-18T00:56:50.154+0000] {processor.py:208} INFO - Processing /opt/airflow/dags/batch_generator.py took 0.138 seconds
[2026-06-18T00:57:20.312+0000] {processor.py:186} INFO - Started process (PID=5917) to work on /opt/airflow/dags/batch_generator.py
[2026-06-18T00:57:20.313+0000] {processor.py:914} INFO - Processing file /opt/airflow/dags/batch_generator.py for tasks to queue
[2026-06-18T00:57:20.315+0000] {logging_mixin.py:190} INFO - [2026-06-18T00:57:20.315+0000] {dagbag.py:588} INFO - Filling up the DagBag from /opt/airflow/dags/batch_generator.py
[2026-06-18T00:57:20.416+0000] {processor.py:925} INFO - DAG(s) 'extract_raw_data_pipeline' retrieved from /opt/airflow/dags/batch_generator.py
[2026-06-18T00:57:20.434+0000] {logging_mixin.py:190} INFO - [2026-06-18T00:57:20.434+0000] {dag.py:3239} INFO - Sync 1 DAGs
[2026-06-18T00:57:20.449+0000] {logging_mixin.py:190} INFO - [2026-06-18T00:57:20.449+0000] {dag.py:4180} INFO - Setting next_dagrun for extract_raw_data_pipeline to 2026-06-17 07:59:00+00:00, run_after=2026-06-18 07:00:00+00:00
[2026-06-18T00:57:20.464+0000] {processor.py:208} INFO - Processing /opt/airflow/dags/batch_generator.py took 0.156 seconds
[2026-06-18T00:58:06.573+0000] {processor.py:186} INFO - Started process (PID=66) to work on /opt/airflow/dags/batch_generator.py
[2026-06-18T00:58:06.574+0000] {processor.py:914} INFO - Processing file /opt/airflow/dags/batch_generator.py for tasks to queue
[2026-06-18T00:58:06.576+0000] {logging_mixin.py:190} INFO - [2026-06-18T00:58:06.575+0000] {dagbag.py:588} INFO - Filling up the DagBag from /opt/airflow/dags/batch_generator.py
[2026-06-18T00:58:06.815+0000] {processor.py:925} INFO - DAG(s) 'extract_raw_data_pipeline' retrieved from /opt/airflow/dags/batch_generator.py
[2026-06-18T00:58:06.940+0000] {logging_mixin.py:190} INFO - [2026-06-18T00:58:06.939+0000] {override.py:1900} INFO - Created Permission View: can edit on DAG:extract_raw_data_pipeline
[2026-06-18T00:58:06.948+0000] {logging_mixin.py:190} INFO - [2026-06-18T00:58:06.948+0000] {override.py:1900} INFO - Created Permission View: can delete on DAG:extract_raw_data_pipeline
[2026-06-18T00:58:06.954+0000] {logging_mixin.py:190} INFO - [2026-06-18T00:58:06.954+0000] {override.py:1900} INFO - Created Permission View: can read on DAG:extract_raw_data_pipeline
[2026-06-18T00:58:06.962+0000] {logging_mixin.py:190} INFO - [2026-06-18T00:58:06.962+0000] {override.py:1900} INFO - Created Permission View: can create on DAG Run:extract_raw_data_pipeline
[2026-06-18T00:58:06.968+0000] {logging_mixin.py:190} INFO - [2026-06-18T00:58:06.968+0000] {override.py:1900} INFO - Created Permission View: menu access on DAG Run:extract_raw_data_pipeline
[2026-06-18T00:58:06.973+0000] {logging_mixin.py:190} INFO - [2026-06-18T00:58:06.973+0000] {override.py:1900} INFO - Created Permission View: can delete on DAG Run:extract_raw_data_pipeline
[2026-06-18T00:58:06.978+0000] {logging_mixin.py:190} INFO - [2026-06-18T00:58:06.978+0000] {override.py:1900} INFO - Created Permission View: can read on DAG Run:extract_raw_data_pipeline
[2026-06-18T00:58:06.979+0000] {logging_mixin.py:190} INFO - [2026-06-18T00:58:06.979+0000] {dag.py:3239} INFO - Sync 1 DAGs
[2026-06-18T00:58:06.985+0000] {logging_mixin.py:190} INFO - [2026-06-18T00:58:06.985+0000] {dag.py:3262} INFO - Creating ORM DAG for extract_raw_data_pipeline
[2026-06-18T00:58:06.990+0000] {logging_mixin.py:190} INFO - [2026-06-18T00:58:06.990+0000] {dag.py:4180} INFO - Setting next_dagrun for extract_raw_data_pipeline to 2026-06-17 07:58:00+00:00, run_after=2026-06-17 07:59:00+00:00
[2026-06-18T00:58:07.003+0000] {processor.py:208} INFO - Processing /opt/airflow/dags/batch_generator.py took 0.434 seconds
[2026-06-18T00:58:37.237+0000] {processor.py:186} INFO - Started process (PID=74) to work on /opt/airflow/dags/batch_generator.py
[2026-06-18T00:58:37.237+0000] {processor.py:914} INFO - Processing file /opt/airflow/dags/batch_generator.py for tasks to queue
[2026-06-18T00:58:37.239+0000] {logging_mixin.py:190} INFO - [2026-06-18T00:58:37.239+0000] {dagbag.py:588} INFO - Filling up the DagBag from /opt/airflow/dags/batch_generator.py
[2026-06-18T00:58:37.450+0000] {processor.py:925} INFO - DAG(s) 'extract_raw_data_pipeline' retrieved from /opt/airflow/dags/batch_generator.py
[2026-06-18T00:58:37.463+0000] {logging_mixin.py:190} INFO - [2026-06-18T00:58:37.463+0000] {dag.py:3239} INFO - Sync 1 DAGs
[2026-06-18T00:58:37.475+0000] {logging_mixin.py:190} INFO - [2026-06-18T00:58:37.475+0000] {dag.py:4180} INFO - Setting next_dagrun for extract_raw_data_pipeline to 2026-06-17 07:58:00+00:00, run_after=2026-06-17 07:59:00+00:00
[2026-06-18T00:58:37.487+0000] {processor.py:208} INFO - Processing /opt/airflow/dags/batch_generator.py took 0.253 seconds
[2026-06-18T00:59:07.718+0000] {processor.py:186} INFO - Started process (PID=82) to work on /opt/airflow/dags/batch_generator.py
[2026-06-18T00:59:07.719+0000] {processor.py:914} INFO - Processing file /opt/airflow/dags/batch_generator.py for tasks to queue
[2026-06-18T00:59:07.721+0000] {logging_mixin.py:190} INFO - [2026-06-18T00:59:07.720+0000] {dagbag.py:588} INFO - Filling up the DagBag from /opt/airflow/dags/batch_generator.py
[2026-06-18T00:59:07.948+0000] {processor.py:925} INFO - DAG(s) 'extract_raw_data_pipeline' retrieved from /opt/airflow/dags/batch_generator.py
[2026-06-18T00:59:07.964+0000] {logging_mixin.py:190} INFO - [2026-06-18T00:59:07.964+0000] {dag.py:3239} INFO - Sync 1 DAGs
[2026-06-18T00:59:07.976+0000] {logging_mixin.py:190} INFO - [2026-06-18T00:59:07.976+0000] {dag.py:4180} INFO - Setting next_dagrun for extract_raw_data_pipeline to 2026-06-17 07:58:00+00:00, run_after=2026-06-17 07:59:00+00:00
[2026-06-18T00:59:07.988+0000] {processor.py:208} INFO - Processing /opt/airflow/dags/batch_generator.py took 0.275 seconds
[2026-06-18T00:59:38.235+0000] {processor.py:186} INFO - Started process (PID=90) to work on /opt/airflow/dags/batch_generator.py
[2026-06-18T00:59:38.236+0000] {processor.py:914} INFO - Processing file /opt/airflow/dags/batch_generator.py for tasks to queue
[2026-06-18T00:59:38.238+0000] {logging_mixin.py:190} INFO - [2026-06-18T00:59:38.238+0000] {dagbag.py:588} INFO - Filling up the DagBag from /opt/airflow/dags/batch_generator.py
[2026-06-18T00:59:38.450+0000] {processor.py:925} INFO - DAG(s) 'extract_raw_data_pipeline' retrieved from /opt/airflow/dags/batch_generator.py
[2026-06-18T00:59:38.464+0000] {logging_mixin.py:190} INFO - [2026-06-18T00:59:38.464+0000] {dag.py:3239} INFO - Sync 1 DAGs
[2026-06-18T00:59:38.475+0000] {logging_mixin.py:190} INFO - [2026-06-18T00:59:38.475+0000] {dag.py:4180} INFO - Setting next_dagrun for extract_raw_data_pipeline to 2026-06-17 07:58:00+00:00, run_after=2026-06-17 07:59:00+00:00
[2026-06-18T00:59:38.485+0000] {processor.py:208} INFO - Processing /opt/airflow/dags/batch_generator.py took 0.254 seconds
[2026-06-18T01:00:08.740+0000] {processor.py:186} INFO - Started process (PID=98) to work on /opt/airflow/dags/batch_generator.py
[2026-06-18T01:00:08.740+0000] {processor.py:914} INFO - Processing file /opt/airflow/dags/batch_generator.py for tasks to queue
[2026-06-18T01:00:08.742+0000] {logging_mixin.py:190} INFO - [2026-06-18T01:00:08.742+0000] {dagbag.py:588} INFO - Filling up the DagBag from /opt/airflow/dags/batch_generator.py
[2026-06-18T01:00:08.937+0000] {processor.py:925} INFO - DAG(s) 'extract_raw_data_pipeline' retrieved from /opt/airflow/dags/batch_generator.py
[2026-06-18T01:00:08.950+0000] {logging_mixin.py:190} INFO - [2026-06-18T01:00:08.950+0000] {dag.py:3239} INFO - Sync 1 DAGs
[2026-06-18T01:00:08.960+0000] {logging_mixin.py:190} INFO - [2026-06-18T01:00:08.960+0000] {dag.py:4180} INFO - Setting next_dagrun for extract_raw_data_pipeline to 2026-06-17 07:58:00+00:00, run_after=2026-06-17 07:59:00+00:00
[2026-06-18T01:00:08.984+0000] {processor.py:208} INFO - Processing /opt/airflow/dags/batch_generator.py took 0.248 seconds
[2026-06-18T01:00:39.242+0000] {processor.py:186} INFO - Started process (PID=107) to work on /opt/airflow/dags/batch_generator.py
[2026-06-18T01:00:39.243+0000] {processor.py:914} INFO - Processing file /opt/airflow/dags/batch_generator.py for tasks to queue
[2026-06-18T01:00:39.245+0000] {logging_mixin.py:190} INFO - [2026-06-18T01:00:39.245+0000] {dagbag.py:588} INFO - Filling up the DagBag from /opt/airflow/dags/batch_generator.py
[2026-06-18T01:00:39.462+0000] {processor.py:925} INFO - DAG(s) 'extract_raw_data_pipeline' retrieved from /opt/airflow/dags/batch_generator.py
[2026-06-18T01:00:39.476+0000] {logging_mixin.py:190} INFO - [2026-06-18T01:00:39.476+0000] {dag.py:3239} INFO - Sync 1 DAGs
[2026-06-18T01:00:39.487+0000] {logging_mixin.py:190} INFO - [2026-06-18T01:00:39.487+0000] {dag.py:4180} INFO - Setting next_dagrun for extract_raw_data_pipeline to 2026-06-17 07:58:00+00:00, run_after=2026-06-17 07:59:00+00:00
[2026-06-18T01:00:39.504+0000] {processor.py:208} INFO - Processing /opt/airflow/dags/batch_generator.py took 0.266 seconds
[2026-06-18T01:01:09.703+0000] {processor.py:186} INFO - Started process (PID=115) to work on /opt/airflow/dags/batch_generator.py
[2026-06-18T01:01:09.704+0000] {processor.py:914} INFO - Processing file /opt/airflow/dags/batch_generator.py for tasks to queue
[2026-06-18T01:01:09.706+0000] {logging_mixin.py:190} INFO - [2026-06-18T01:01:09.706+0000] {dagbag.py:588} INFO - Filling up the DagBag from /opt/airflow/dags/batch_generator.py
[2026-06-18T01:01:09.926+0000] {processor.py:925} INFO - DAG(s) 'extract_raw_data_pipeline' retrieved from /opt/airflow/dags/batch_generator.py
[2026-06-18T01:01:09.942+0000] {logging_mixin.py:190} INFO - [2026-06-18T01:01:09.942+0000] {dag.py:3239} INFO - Sync 1 DAGs
[2026-06-18T01:01:09.953+0000] {logging_mixin.py:190} INFO - [2026-06-18T01:01:09.953+0000] {dag.py:4180} INFO - Setting next_dagrun for extract_raw_data_pipeline to 2026-06-17 07:58:00+00:00, run_after=2026-06-17 07:59:00+00:00
[2026-06-18T01:01:09.966+0000] {processor.py:208} INFO - Processing /opt/airflow/dags/batch_generator.py took 0.268 seconds
[2026-06-18T01:01:40.320+0000] {processor.py:186} INFO - Started process (PID=123) to work on /opt/airflow/dags/batch_generator.py
[2026-06-18T01:01:40.321+0000] {processor.py:914} INFO - Processing file /opt/airflow/dags/batch_generator.py for tasks to queue
[2026-06-18T01:01:40.322+0000] {logging_mixin.py:190} INFO - [2026-06-18T01:01:40.322+0000] {dagbag.py:588} INFO - Filling up the DagBag from /opt/airflow/dags/batch_generator.py
[2026-06-18T01:01:40.508+0000] {processor.py:925} INFO - DAG(s) 'extract_raw_data_pipeline' retrieved from /opt/airflow/dags/batch_generator.py
[2026-06-18T01:01:40.521+0000] {logging_mixin.py:190} INFO - [2026-06-18T01:01:40.521+0000] {dag.py:3239} INFO - Sync 1 DAGs
[2026-06-18T01:01:40.532+0000] {logging_mixin.py:190} INFO - [2026-06-18T01:01:40.531+0000] {dag.py:4180} INFO - Setting next_dagrun for extract_raw_data_pipeline to 2026-06-17 07:58:00+00:00, run_after=2026-06-17 07:59:00+00:00
[2026-06-18T01:01:40.544+0000] {processor.py:208} INFO - Processing /opt/airflow/dags/batch_generator.py took 0.228 seconds
[2026-06-18T01:02:10.585+0000] {processor.py:186} INFO - Started process (PID=137) to work on /opt/airflow/dags/batch_generator.py
[2026-06-18T01:02:10.586+0000] {processor.py:914} INFO - Processing file /opt/airflow/dags/batch_generator.py for tasks to queue
[2026-06-18T01:02:10.587+0000] {logging_mixin.py:190} INFO - [2026-06-18T01:02:10.587+0000] {dagbag.py:588} INFO - Filling up the DagBag from /opt/airflow/dags/batch_generator.py
[2026-06-18T01:02:10.779+0000] {processor.py:925} INFO - DAG(s) 'extract_raw_data_pipeline' retrieved from /opt/airflow/dags/batch_generator.py
[2026-06-18T01:02:10.792+0000] {logging_mixin.py:190} INFO - [2026-06-18T01:02:10.792+0000] {dag.py:3239} INFO - Sync 1 DAGs
[2026-06-18T01:02:10.802+0000] {logging_mixin.py:190} INFO - [2026-06-18T01:02:10.802+0000] {dag.py:4180} INFO - Setting next_dagrun for extract_raw_data_pipeline to 2026-06-17 07:58:00+00:00, run_after=2026-06-17 07:59:00+00:00
[2026-06-18T01:02:10.814+0000] {processor.py:208} INFO - Processing /opt/airflow/dags/batch_generator.py took 0.233 seconds
[2026-06-18T01:02:41.040+0000] {processor.py:186} INFO - Started process (PID=145) to work on /opt/airflow/dags/batch_generator.py
[2026-06-18T01:02:41.040+0000] {processor.py:914} INFO - Processing file /opt/airflow/dags/batch_generator.py for tasks to queue
[2026-06-18T01:02:41.042+0000] {logging_mixin.py:190} INFO - [2026-06-18T01:02:41.042+0000] {dagbag.py:588} INFO - Filling up the DagBag from /opt/airflow/dags/batch_generator.py
[2026-06-18T01:02:41.262+0000] {processor.py:925} INFO - DAG(s) 'extract_raw_data_pipeline' retrieved from /opt/airflow/dags/batch_generator.py
[2026-06-18T01:02:41.276+0000] {logging_mixin.py:190} INFO - [2026-06-18T01:02:41.276+0000] {dag.py:3239} INFO - Sync 1 DAGs
[2026-06-18T01:02:41.288+0000] {logging_mixin.py:190} INFO - [2026-06-18T01:02:41.288+0000] {dag.py:4180} INFO - Setting next_dagrun for extract_raw_data_pipeline to 2026-06-17 07:58:00+00:00, run_after=2026-06-17 07:59:00+00:00
[2026-06-18T01:02:41.304+0000] {processor.py:208} INFO - Processing /opt/airflow/dags/batch_generator.py took 0.268 seconds
[2026-06-18T01:03:11.340+0000] {processor.py:186} INFO - Started process (PID=153) to work on /opt/airflow/dags/batch_generator.py
[2026-06-18T01:03:11.341+0000] {processor.py:914} INFO - Processing file /opt/airflow/dags/batch_generator.py for tasks to queue
[2026-06-18T01:03:11.343+0000] {logging_mixin.py:190} INFO - [2026-06-18T01:03:11.342+0000] {dagbag.py:588} INFO - Filling up the DagBag from /opt/airflow/dags/batch_generator.py
[2026-06-18T01:03:11.542+0000] {processor.py:925} INFO - DAG(s) 'extract_raw_data_pipeline' retrieved from /opt/airflow/dags/batch_generator.py
[2026-06-18T01:03:11.558+0000] {logging_mixin.py:190} INFO - [2026-06-18T01:03:11.558+0000] {dag.py:3239} INFO - Sync 1 DAGs
[2026-06-18T01:03:11.571+0000] {logging_mixin.py:190} INFO - [2026-06-18T01:03:11.571+0000] {dag.py:4180} INFO - Setting next_dagrun for extract_raw_data_pipeline to 2026-06-17 07:58:00+00:00, run_after=2026-06-17 07:59:00+00:00
[2026-06-18T01:03:11.583+0000] {processor.py:208} INFO - Processing /opt/airflow/dags/batch_generator.py took 0.246 seconds
[2026-06-18T01:03:41.808+0000] {processor.py:186} INFO - Started process (PID=161) to work on /opt/airflow/dags/batch_generator.py
[2026-06-18T01:03:41.809+0000] {processor.py:914} INFO - Processing file /opt/airflow/dags/batch_generator.py for tasks to queue
[2026-06-18T01:03:41.811+0000] {logging_mixin.py:190} INFO - [2026-06-18T01:03:41.810+0000] {dagbag.py:588} INFO - Filling up the DagBag from /opt/airflow/dags/batch_generator.py
[2026-06-18T01:03:42.010+0000] {processor.py:925} INFO - DAG(s) 'extract_raw_data_pipeline' retrieved from /opt/airflow/dags/batch_generator.py
[2026-06-18T01:03:42.034+0000] {logging_mixin.py:190} INFO - [2026-06-18T01:03:42.034+0000] {dag.py:3239} INFO - Sync 1 DAGs
[2026-06-18T01:03:42.050+0000] {logging_mixin.py:190} INFO - [2026-06-18T01:03:42.050+0000] {dag.py:4180} INFO - Setting next_dagrun for extract_raw_data_pipeline to 2026-06-17 07:58:00+00:00, run_after=2026-06-17 07:59:00+00:00
[2026-06-18T01:03:42.067+0000] {processor.py:208} INFO - Processing /opt/airflow/dags/batch_generator.py took 0.262 seconds
[2026-06-18T01:04:12.313+0000] {processor.py:186} INFO - Started process (PID=169) to work on /opt/airflow/dags/batch_generator.py
[2026-06-18T01:04:12.314+0000] {processor.py:914} INFO - Processing file /opt/airflow/dags/batch_generator.py for tasks to queue
[2026-06-18T01:04:12.315+0000] {logging_mixin.py:190} INFO - [2026-06-18T01:04:12.315+0000] {dagbag.py:588} INFO - Filling up the DagBag from /opt/airflow/dags/batch_generator.py
[2026-06-18T01:04:12.495+0000] {processor.py:925} INFO - DAG(s) 'extract_raw_data_pipeline' retrieved from /opt/airflow/dags/batch_generator.py
[2026-06-18T01:04:12.507+0000] {logging_mixin.py:190} INFO - [2026-06-18T01:04:12.507+0000] {dag.py:3239} INFO - Sync 1 DAGs
[2026-06-18T01:04:12.518+0000] {logging_mixin.py:190} INFO - [2026-06-18T01:04:12.518+0000] {dag.py:4180} INFO - Setting next_dagrun for extract_raw_data_pipeline to 2026-06-17 07:58:00+00:00, run_after=2026-06-17 07:59:00+00:00
[2026-06-18T01:04:12.531+0000] {processor.py:208} INFO - Processing /opt/airflow/dags/batch_generator.py took 0.222 seconds
[2026-06-18T01:04:42.574+0000] {processor.py:186} INFO - Started process (PID=177) to work on /opt/airflow/dags/batch_generator.py
[2026-06-18T01:04:42.575+0000] {processor.py:914} INFO - Processing file /opt/airflow/dags/batch_generator.py for tasks to queue
[2026-06-18T01:04:42.577+0000] {logging_mixin.py:190} INFO - [2026-06-18T01:04:42.577+0000] {dagbag.py:588} INFO - Filling up the DagBag from /opt/airflow/dags/batch_generator.py
[2026-06-18T01:04:42.773+0000] {processor.py:925} INFO - DAG(s) 'extract_raw_data_pipeline' retrieved from /opt/airflow/dags/batch_generator.py
[2026-06-18T01:04:42.785+0000] {logging_mixin.py:190} INFO - [2026-06-18T01:04:42.785+0000] {dag.py:3239} INFO - Sync 1 DAGs
[2026-06-18T01:04:42.796+0000] {logging_mixin.py:190} INFO - [2026-06-18T01:04:42.796+0000] {dag.py:4180} INFO - Setting next_dagrun for extract_raw_data_pipeline to 2026-06-17 07:58:00+00:00, run_after=2026-06-17 07:59:00+00:00
[2026-06-18T01:04:42.807+0000] {processor.py:208} INFO - Processing /opt/airflow/dags/batch_generator.py took 0.236 seconds
[2026-06-18T01:05:13.042+0000] {processor.py:186} INFO - Started process (PID=185) to work on /opt/airflow/dags/batch_generator.py
[2026-06-18T01:05:13.042+0000] {processor.py:914} INFO - Processing file /opt/airflow/dags/batch_generator.py for tasks to queue
[2026-06-18T01:05:13.044+0000] {logging_mixin.py:190} INFO - [2026-06-18T01:05:13.043+0000] {dagbag.py:588} INFO - Filling up the DagBag from /opt/airflow/dags/batch_generator.py
[2026-06-18T01:05:13.247+0000] {processor.py:925} INFO - DAG(s) 'extract_raw_data_pipeline' retrieved from /opt/airflow/dags/batch_generator.py
[2026-06-18T01:05:13.263+0000] {logging_mixin.py:190} INFO - [2026-06-18T01:05:13.263+0000] {dag.py:3239} INFO - Sync 1 DAGs
[2026-06-18T01:05:13.276+0000] {logging_mixin.py:190} INFO - [2026-06-18T01:05:13.276+0000] {dag.py:4180} INFO - Setting next_dagrun for extract_raw_data_pipeline to 2026-06-17 07:58:00+00:00, run_after=2026-06-17 07:59:00+00:00
[2026-06-18T01:05:13.294+0000] {processor.py:208} INFO - Processing /opt/airflow/dags/batch_generator.py took 0.256 seconds
[2026-06-18T01:05:43.565+0000] {processor.py:186} INFO - Started process (PID=193) to work on /opt/airflow/dags/batch_generator.py
[2026-06-18T01:05:43.566+0000] {processor.py:914} INFO - Processing file /opt/airflow/dags/batch_generator.py for tasks to queue
[2026-06-18T01:05:43.568+0000] {logging_mixin.py:190} INFO - [2026-06-18T01:05:43.567+0000] {dagbag.py:588} INFO - Filling up the DagBag from /opt/airflow/dags/batch_generator.py
[2026-06-18T01:05:43.777+0000] {processor.py:925} INFO - DAG(s) 'extract_raw_data_pipeline' retrieved from /opt/airflow/dags/batch_generator.py
[2026-06-18T01:05:43.790+0000] {logging_mixin.py:190} INFO - [2026-06-18T01:05:43.790+0000] {dag.py:3239} INFO - Sync 1 DAGs
[2026-06-18T01:05:43.800+0000] {logging_mixin.py:190} INFO - [2026-06-18T01:05:43.800+0000] {dag.py:4180} INFO - Setting next_dagrun for extract_raw_data_pipeline to 2026-06-17 07:58:00+00:00, run_after=2026-06-17 07:59:00+00:00
[2026-06-18T01:05:43.816+0000] {processor.py:208} INFO - Processing /opt/airflow/dags/batch_generator.py took 0.254 seconds
[2026-06-18T01:06:14.030+0000] {processor.py:186} INFO - Started process (PID=201) to work on /opt/airflow/dags/batch_generator.py
[2026-06-18T01:06:14.031+0000] {processor.py:914} INFO - Processing file /opt/airflow/dags/batch_generator.py for tasks to queue
[2026-06-18T01:06:14.035+0000] {logging_mixin.py:190} INFO - [2026-06-18T01:06:14.034+0000] {dagbag.py:588} INFO - Filling up the DagBag from /opt/airflow/dags/batch_generator.py
[2026-06-18T01:06:14.420+0000] {processor.py:925} INFO - DAG(s) 'extract_raw_data_pipeline' retrieved from /opt/airflow/dags/batch_generator.py
[2026-06-18T01:06:14.434+0000] {logging_mixin.py:190} INFO - [2026-06-18T01:06:14.434+0000] {dag.py:3239} INFO - Sync 1 DAGs
[2026-06-18T01:06:14.445+0000] {logging_mixin.py:190} INFO - [2026-06-18T01:06:14.445+0000] {dag.py:4180} INFO - Setting next_dagrun for extract_raw_data_pipeline to 2026-06-17 07:58:00+00:00, run_after=2026-06-17 07:59:00+00:00
[2026-06-18T01:06:14.458+0000] {processor.py:208} INFO - Processing /opt/airflow/dags/batch_generator.py took 0.432 seconds
[2026-06-18T01:06:44.708+0000] {processor.py:186} INFO - Started process (PID=209) to work on /opt/airflow/dags/batch_generator.py
[2026-06-18T01:06:44.709+0000] {processor.py:914} INFO - Processing file /opt/airflow/dags/batch_generator.py for tasks to queue
[2026-06-18T01:06:44.710+0000] {logging_mixin.py:190} INFO - [2026-06-18T01:06:44.710+0000] {dagbag.py:588} INFO - Filling up the DagBag from /opt/airflow/dags/batch_generator.py
[2026-06-18T01:06:44.911+0000] {processor.py:925} INFO - DAG(s) 'extract_raw_data_pipeline' retrieved from /opt/airflow/dags/batch_generator.py
[2026-06-18T01:06:44.924+0000] {logging_mixin.py:190} INFO - [2026-06-18T01:06:44.923+0000] {dag.py:3239} INFO - Sync 1 DAGs
[2026-06-18T01:06:44.934+0000] {logging_mixin.py:190} INFO - [2026-06-18T01:06:44.934+0000] {dag.py:4180} INFO - Setting next_dagrun for extract_raw_data_pipeline to 2026-06-17 07:58:00+00:00, run_after=2026-06-17 07:59:00+00:00
[2026-06-18T01:06:44.946+0000] {processor.py:208} INFO - Processing /opt/airflow/dags/batch_generator.py took 0.242 seconds
[2026-06-18T01:07:15.251+0000] {processor.py:186} INFO - Started process (PID=217) to work on /opt/airflow/dags/batch_generator.py
[2026-06-18T01:07:15.252+0000] {processor.py:914} INFO - Processing file /opt/airflow/dags/batch_generator.py for tasks to queue
[2026-06-18T01:07:15.253+0000] {logging_mixin.py:190} INFO - [2026-06-18T01:07:15.253+0000] {dagbag.py:588} INFO - Filling up the DagBag from /opt/airflow/dags/batch_generator.py
[2026-06-18T01:07:15.451+0000] {processor.py:925} INFO - DAG(s) 'extract_raw_data_pipeline' retrieved from /opt/airflow/dags/batch_generator.py
[2026-06-18T01:07:15.465+0000] {logging_mixin.py:190} INFO - [2026-06-18T01:07:15.465+0000] {dag.py:3239} INFO - Sync 1 DAGs
[2026-06-18T01:07:15.476+0000] {logging_mixin.py:190} INFO - [2026-06-18T01:07:15.476+0000] {dag.py:4180} INFO - Setting next_dagrun for extract_raw_data_pipeline to 2026-06-17 07:58:00+00:00, run_after=2026-06-17 07:59:00+00:00
[2026-06-18T01:07:15.487+0000] {processor.py:208} INFO - Processing /opt/airflow/dags/batch_generator.py took 0.239 seconds
[2026-06-18T01:07:45.696+0000] {processor.py:186} INFO - Started process (PID=225) to work on /opt/airflow/dags/batch_generator.py
[2026-06-18T01:07:45.697+0000] {processor.py:914} INFO - Processing file /opt/airflow/dags/batch_generator.py for tasks to queue
[2026-06-18T01:07:45.699+0000] {logging_mixin.py:190} INFO - [2026-06-18T01:07:45.699+0000] {dagbag.py:588} INFO - Filling up the DagBag from /opt/airflow/dags/batch_generator.py
[2026-06-18T01:07:45.908+0000] {processor.py:925} INFO - DAG(s) 'extract_raw_data_pipeline' retrieved from /opt/airflow/dags/batch_generator.py
[2026-06-18T01:07:45.922+0000] {logging_mixin.py:190} INFO - [2026-06-18T01:07:45.922+0000] {dag.py:3239} INFO - Sync 1 DAGs
[2026-06-18T01:07:45.933+0000] {logging_mixin.py:190} INFO - [2026-06-18T01:07:45.933+0000] {dag.py:4180} INFO - Setting next_dagrun for extract_raw_data_pipeline to 2026-06-17 07:58:00+00:00, run_after=2026-06-17 07:59:00+00:00
[2026-06-18T01:07:45.946+0000] {processor.py:208} INFO - Processing /opt/airflow/dags/batch_generator.py took 0.253 seconds
[2026-06-18T01:08:16.249+0000] {processor.py:186} INFO - Started process (PID=233) to work on /opt/airflow/dags/batch_generator.py
[2026-06-18T01:08:16.250+0000] {processor.py:914} INFO - Processing file /opt/airflow/dags/batch_generator.py for tasks to queue
[2026-06-18T01:08:16.251+0000] {logging_mixin.py:190} INFO - [2026-06-18T01:08:16.251+0000] {dagbag.py:588} INFO - Filling up the DagBag from /opt/airflow/dags/batch_generator.py
[2026-06-18T01:08:16.446+0000] {processor.py:925} INFO - DAG(s) 'extract_raw_data_pipeline' retrieved from /opt/airflow/dags/batch_generator.py
[2026-06-18T01:08:16.459+0000] {logging_mixin.py:190} INFO - [2026-06-18T01:08:16.458+0000] {dag.py:3239} INFO - Sync 1 DAGs
[2026-06-18T01:08:16.469+0000] {logging_mixin.py:190} INFO - [2026-06-18T01:08:16.469+0000] {dag.py:4180} INFO - Setting next_dagrun for extract_raw_data_pipeline to 2026-06-17 07:58:00+00:00, run_after=2026-06-17 07:59:00+00:00
[2026-06-18T01:08:16.484+0000] {processor.py:208} INFO - Processing /opt/airflow/dags/batch_generator.py took 0.238 seconds
[2026-06-18T01:08:46.534+0000] {processor.py:186} INFO - Started process (PID=241) to work on /opt/airflow/dags/batch_generator.py
[2026-06-18T01:08:46.535+0000] {processor.py:914} INFO - Processing file /opt/airflow/dags/batch_generator.py for tasks to queue
[2026-06-18T01:08:46.537+0000] {logging_mixin.py:190} INFO - [2026-06-18T01:08:46.536+0000] {dagbag.py:588} INFO - Filling up the DagBag from /opt/airflow/dags/batch_generator.py
[2026-06-18T01:08:46.824+0000] {processor.py:925} INFO - DAG(s) 'extract_raw_data_pipeline' retrieved from /opt/airflow/dags/batch_generator.py
[2026-06-18T01:08:46.847+0000] {logging_mixin.py:190} INFO - [2026-06-18T01:08:46.847+0000] {dag.py:3239} INFO - Sync 1 DAGs
[2026-06-18T01:08:46.862+0000] {logging_mixin.py:190} INFO - [2026-06-18T01:08:46.862+0000] {dag.py:4180} INFO - Setting next_dagrun for extract_raw_data_pipeline to 2026-06-17 07:58:00+00:00, run_after=2026-06-17 07:59:00+00:00
[2026-06-18T01:08:46.875+0000] {processor.py:208} INFO - Processing /opt/airflow/dags/batch_generator.py took 0.345 seconds
[2026-06-18T01:09:16.983+0000] {processor.py:186} INFO - Started process (PID=249) to work on /opt/airflow/dags/batch_generator.py
[2026-06-18T01:09:16.984+0000] {processor.py:914} INFO - Processing file /opt/airflow/dags/batch_generator.py for tasks to queue
[2026-06-18T01:09:16.986+0000] {logging_mixin.py:190} INFO - [2026-06-18T01:09:16.986+0000] {dagbag.py:588} INFO - Filling up the DagBag from /opt/airflow/dags/batch_generator.py
[2026-06-18T01:09:17.090+0000] {processor.py:925} INFO - DAG(s) 'extract_raw_data_pipeline' retrieved from /opt/airflow/dags/batch_generator.py
[2026-06-18T01:09:17.106+0000] {logging_mixin.py:190} INFO - [2026-06-18T01:09:17.106+0000] {dag.py:3239} INFO - Sync 1 DAGs
[2026-06-18T01:09:17.120+0000] {logging_mixin.py:190} INFO - [2026-06-18T01:09:17.120+0000] {dag.py:4180} INFO - Setting next_dagrun for extract_raw_data_pipeline to 2026-06-17 07:58:00+00:00, run_after=2026-06-17 07:59:00+00:00
[2026-06-18T01:09:17.143+0000] {processor.py:208} INFO - Processing /opt/airflow/dags/batch_generator.py took 0.164 seconds
[2026-06-18T01:09:47.345+0000] {processor.py:186} INFO - Started process (PID=257) to work on /opt/airflow/dags/batch_generator.py
[2026-06-18T01:09:47.345+0000] {processor.py:914} INFO - Processing file /opt/airflow/dags/batch_generator.py for tasks to queue
[2026-06-18T01:09:47.347+0000] {logging_mixin.py:190} INFO - [2026-06-18T01:09:47.347+0000] {dagbag.py:588} INFO - Filling up the DagBag from /opt/airflow/dags/batch_generator.py
[2026-06-18T01:09:47.436+0000] {processor.py:925} INFO - DAG(s) 'extract_raw_data_pipeline' retrieved from /opt/airflow/dags/batch_generator.py
[2026-06-18T01:09:47.451+0000] {logging_mixin.py:190} INFO - [2026-06-18T01:09:47.451+0000] {dag.py:3239} INFO - Sync 1 DAGs
[2026-06-18T01:09:47.465+0000] {logging_mixin.py:190} INFO - [2026-06-18T01:09:47.465+0000] {dag.py:4180} INFO - Setting next_dagrun for extract_raw_data_pipeline to 2026-06-17 07:58:00+00:00, run_after=2026-06-17 07:59:00+00:00
[2026-06-18T01:09:47.480+0000] {processor.py:208} INFO - Processing /opt/airflow/dags/batch_generator.py took 0.139 seconds
[2026-06-18T01:10:17.614+0000] {processor.py:186} INFO - Started process (PID=265) to work on /opt/airflow/dags/batch_generator.py
[2026-06-18T01:10:17.615+0000] {processor.py:914} INFO - Processing file /opt/airflow/dags/batch_generator.py for tasks to queue
[2026-06-18T01:10:17.617+0000] {logging_mixin.py:190} INFO - [2026-06-18T01:10:17.617+0000] {dagbag.py:588} INFO - Filling up the DagBag from /opt/airflow/dags/batch_generator.py
[2026-06-18T01:10:17.722+0000] {processor.py:925} INFO - DAG(s) 'extract_raw_data_pipeline' retrieved from /opt/airflow/dags/batch_generator.py
[2026-06-18T01:10:17.738+0000] {logging_mixin.py:190} INFO - [2026-06-18T01:10:17.738+0000] {dag.py:3239} INFO - Sync 1 DAGs
[2026-06-18T01:10:17.751+0000] {logging_mixin.py:190} INFO - [2026-06-18T01:10:17.751+0000] {dag.py:4180} INFO - Setting next_dagrun for extract_raw_data_pipeline to 2026-06-17 07:58:00+00:00, run_after=2026-06-17 07:59:00+00:00
[2026-06-18T01:10:17.766+0000] {processor.py:208} INFO - Processing /opt/airflow/dags/batch_generator.py took 0.155 seconds
[2026-06-18T01:10:47.900+0000] {processor.py:186} INFO - Started process (PID=273) to work on /opt/airflow/dags/batch_generator.py
[2026-06-18T01:10:47.901+0000] {processor.py:914} INFO - Processing file /opt/airflow/dags/batch_generator.py for tasks to queue
[2026-06-18T01:10:47.902+0000] {logging_mixin.py:190} INFO - [2026-06-18T01:10:47.902+0000] {dagbag.py:588} INFO - Filling up the DagBag from /opt/airflow/dags/batch_generator.py
[2026-06-18T01:10:47.995+0000] {processor.py:925} INFO - DAG(s) 'extract_raw_data_pipeline' retrieved from /opt/airflow/dags/batch_generator.py
[2026-06-18T01:10:48.010+0000] {logging_mixin.py:190} INFO - [2026-06-18T01:10:48.009+0000] {dag.py:3239} INFO - Sync 1 DAGs
[2026-06-18T01:10:48.023+0000] {logging_mixin.py:190} INFO - [2026-06-18T01:10:48.023+0000] {dag.py:4180} INFO - Setting next_dagrun for extract_raw_data_pipeline to 2026-06-17 07:58:00+00:00, run_after=2026-06-17 07:59:00+00:00
[2026-06-18T01:10:48.037+0000] {processor.py:208} INFO - Processing /opt/airflow/dags/batch_generator.py took 0.141 seconds
[2026-06-18T01:11:18.210+0000] {processor.py:186} INFO - Started process (PID=285) to work on /opt/airflow/dags/batch_generator.py
[2026-06-18T01:11:18.211+0000] {processor.py:914} INFO - Processing file /opt/airflow/dags/batch_generator.py for tasks to queue
[2026-06-18T01:11:18.213+0000] {logging_mixin.py:190} INFO - [2026-06-18T01:11:18.213+0000] {dagbag.py:588} INFO - Filling up the DagBag from /opt/airflow/dags/batch_generator.py
[2026-06-18T01:11:18.326+0000] {processor.py:925} INFO - DAG(s) 'extract_raw_data_pipeline' retrieved from /opt/airflow/dags/batch_generator.py
[2026-06-18T01:11:18.355+0000] {logging_mixin.py:190} INFO - [2026-06-18T01:11:18.355+0000] {dag.py:3239} INFO - Sync 1 DAGs
[2026-06-18T01:11:18.406+0000] {logging_mixin.py:190} INFO - [2026-06-18T01:11:18.406+0000] {dag.py:4180} INFO - Setting next_dagrun for extract_raw_data_pipeline to 2026-06-17 07:59:00+00:00, run_after=2026-06-18 07:00:00+00:00
[2026-06-18T01:11:18.437+0000] {processor.py:208} INFO - Processing /opt/airflow/dags/batch_generator.py took 0.232 seconds
[2026-06-18T01:11:48.526+0000] {processor.py:186} INFO - Started process (PID=297) to work on /opt/airflow/dags/batch_generator.py
[2026-06-18T01:11:48.526+0000] {processor.py:914} INFO - Processing file /opt/airflow/dags/batch_generator.py for tasks to queue
[2026-06-18T01:11:48.528+0000] {logging_mixin.py:190} INFO - [2026-06-18T01:11:48.528+0000] {dagbag.py:588} INFO - Filling up the DagBag from /opt/airflow/dags/batch_generator.py
[2026-06-18T01:11:48.630+0000] {processor.py:925} INFO - DAG(s) 'extract_raw_data_pipeline' retrieved from /opt/airflow/dags/batch_generator.py
[2026-06-18T01:11:48.649+0000] {logging_mixin.py:190} INFO - [2026-06-18T01:11:48.649+0000] {dag.py:3239} INFO - Sync 1 DAGs
[2026-06-18T01:11:48.664+0000] {logging_mixin.py:190} INFO - [2026-06-18T01:11:48.664+0000] {dag.py:4180} INFO - Setting next_dagrun for extract_raw_data_pipeline to 2026-06-17 07:59:00+00:00, run_after=2026-06-18 07:00:00+00:00
[2026-06-18T01:11:48.678+0000] {processor.py:208} INFO - Processing /opt/airflow/dags/batch_generator.py took 0.156 seconds
[2026-06-18T01:12:18.910+0000] {processor.py:186} INFO - Started process (PID=305) to work on /opt/airflow/dags/batch_generator.py
[2026-06-18T01:12:18.911+0000] {processor.py:914} INFO - Processing file /opt/airflow/dags/batch_generator.py for tasks to queue
[2026-06-18T01:12:18.913+0000] {logging_mixin.py:190} INFO - [2026-06-18T01:12:18.913+0000] {dagbag.py:588} INFO - Filling up the DagBag from /opt/airflow/dags/batch_generator.py
[2026-06-18T01:12:19.278+0000] {processor.py:925} INFO - DAG(s) 'extract_raw_data_pipeline' retrieved from /opt/airflow/dags/batch_generator.py
[2026-06-18T01:12:19.301+0000] {logging_mixin.py:190} INFO - [2026-06-18T01:12:19.301+0000] {dag.py:3239} INFO - Sync 1 DAGs
[2026-06-18T01:12:19.315+0000] {logging_mixin.py:190} INFO - [2026-06-18T01:12:19.315+0000] {dag.py:4180} INFO - Setting next_dagrun for extract_raw_data_pipeline to 2026-06-17 07:59:00+00:00, run_after=2026-06-18 07:00:00+00:00
[2026-06-18T01:12:19.329+0000] {processor.py:208} INFO - Processing /opt/airflow/dags/batch_generator.py took 0.422 seconds
[2026-06-18T01:12:49.549+0000] {processor.py:186} INFO - Started process (PID=313) to work on /opt/airflow/dags/batch_generator.py
[2026-06-18T01:12:49.550+0000] {processor.py:914} INFO - Processing file /opt/airflow/dags/batch_generator.py for tasks to queue
[2026-06-18T01:12:49.551+0000] {logging_mixin.py:190} INFO - [2026-06-18T01:12:49.551+0000] {dagbag.py:588} INFO - Filling up the DagBag from /opt/airflow/dags/batch_generator.py
[2026-06-18T01:12:49.638+0000] {processor.py:925} INFO - DAG(s) 'extract_raw_data_pipeline' retrieved from /opt/airflow/dags/batch_generator.py
[2026-06-18T01:12:49.653+0000] {logging_mixin.py:190} INFO - [2026-06-18T01:12:49.653+0000] {dag.py:3239} INFO - Sync 1 DAGs
[2026-06-18T01:12:49.665+0000] {logging_mixin.py:190} INFO - [2026-06-18T01:12:49.665+0000] {dag.py:4180} INFO - Setting next_dagrun for extract_raw_data_pipeline to 2026-06-17 07:59:00+00:00, run_after=2026-06-18 07:00:00+00:00
[2026-06-18T01:12:49.677+0000] {processor.py:208} INFO - Processing /opt/airflow/dags/batch_generator.py took 0.132 seconds
[2026-06-18T01:13:19.822+0000] {processor.py:186} INFO - Started process (PID=321) to work on /opt/airflow/dags/batch_generator.py
[2026-06-18T01:13:19.823+0000] {processor.py:914} INFO - Processing file /opt/airflow/dags/batch_generator.py for tasks to queue
[2026-06-18T01:13:19.825+0000] {logging_mixin.py:190} INFO - [2026-06-18T01:13:19.825+0000] {dagbag.py:588} INFO - Filling up the DagBag from /opt/airflow/dags/batch_generator.py
[2026-06-18T01:13:19.943+0000] {processor.py:925} INFO - DAG(s) 'extract_raw_data_pipeline' retrieved from /opt/airflow/dags/batch_generator.py
[2026-06-18T01:13:19.959+0000] {logging_mixin.py:190} INFO - [2026-06-18T01:13:19.959+0000] {dag.py:3239} INFO - Sync 1 DAGs
[2026-06-18T01:13:19.971+0000] {logging_mixin.py:190} INFO - [2026-06-18T01:13:19.971+0000] {dag.py:4180} INFO - Setting next_dagrun for extract_raw_data_pipeline to 2026-06-17 07:59:00+00:00, run_after=2026-06-18 07:00:00+00:00
[2026-06-18T01:13:19.983+0000] {processor.py:208} INFO - Processing /opt/airflow/dags/batch_generator.py took 0.167 seconds
[2026-06-18T01:13:50.234+0000] {processor.py:186} INFO - Started process (PID=329) to work on /opt/airflow/dags/batch_generator.py
[2026-06-18T01:13:50.234+0000] {processor.py:914} INFO - Processing file /opt/airflow/dags/batch_generator.py for tasks to queue
[2026-06-18T01:13:50.236+0000] {logging_mixin.py:190} INFO - [2026-06-18T01:13:50.236+0000] {dagbag.py:588} INFO - Filling up the DagBag from /opt/airflow/dags/batch_generator.py
[2026-06-18T01:13:50.323+0000] {processor.py:925} INFO - DAG(s) 'extract_raw_data_pipeline' retrieved from /opt/airflow/dags/batch_generator.py
[2026-06-18T01:13:50.338+0000] {logging_mixin.py:190} INFO - [2026-06-18T01:13:50.338+0000] {dag.py:3239} INFO - Sync 1 DAGs
[2026-06-18T01:13:50.351+0000] {logging_mixin.py:190} INFO - [2026-06-18T01:13:50.350+0000] {dag.py:4180} INFO - Setting next_dagrun for extract_raw_data_pipeline to 2026-06-17 07:59:00+00:00, run_after=2026-06-18 07:00:00+00:00
[2026-06-18T01:13:50.365+0000] {processor.py:208} INFO - Processing /opt/airflow/dags/batch_generator.py took 0.135 seconds
[2026-06-18T01:14:20.496+0000] {processor.py:186} INFO - Started process (PID=337) to work on /opt/airflow/dags/batch_generator.py
[2026-06-18T01:14:20.497+0000] {processor.py:914} INFO - Processing file /opt/airflow/dags/batch_generator.py for tasks to queue
[2026-06-18T01:14:20.499+0000] {logging_mixin.py:190} INFO - [2026-06-18T01:14:20.499+0000] {dagbag.py:588} INFO - Filling up the DagBag from /opt/airflow/dags/batch_generator.py
[2026-06-18T01:14:20.590+0000] {processor.py:925} INFO - DAG(s) 'extract_raw_data_pipeline' retrieved from /opt/airflow/dags/batch_generator.py
[2026-06-18T01:14:20.603+0000] {logging_mixin.py:190} INFO - [2026-06-18T01:14:20.603+0000] {dag.py:3239} INFO - Sync 1 DAGs
[2026-06-18T01:14:20.615+0000] {logging_mixin.py:190} INFO - [2026-06-18T01:14:20.615+0000] {dag.py:4180} INFO - Setting next_dagrun for extract_raw_data_pipeline to 2026-06-17 07:59:00+00:00, run_after=2026-06-18 07:00:00+00:00
[2026-06-18T01:14:20.631+0000] {processor.py:208} INFO - Processing /opt/airflow/dags/batch_generator.py took 0.140 seconds
[2026-06-18T01:15:05.179+0000] {processor.py:186} INFO - Started process (PID=66) to work on /opt/airflow/dags/batch_generator.py
[2026-06-18T01:15:05.179+0000] {processor.py:914} INFO - Processing file /opt/airflow/dags/batch_generator.py for tasks to queue
[2026-06-18T01:15:05.181+0000] {logging_mixin.py:190} INFO - [2026-06-18T01:15:05.181+0000] {dagbag.py:588} INFO - Filling up the DagBag from /opt/airflow/dags/batch_generator.py
[2026-06-18T01:15:05.453+0000] {processor.py:925} INFO - DAG(s) 'extract_raw_data_pipeline' retrieved from /opt/airflow/dags/batch_generator.py
[2026-06-18T01:15:05.590+0000] {logging_mixin.py:190} INFO - [2026-06-18T01:15:05.589+0000] {override.py:1900} INFO - Created Permission View: can delete on DAG:extract_raw_data_pipeline
[2026-06-18T01:15:05.598+0000] {logging_mixin.py:190} INFO - [2026-06-18T01:15:05.598+0000] {override.py:1900} INFO - Created Permission View: can edit on DAG:extract_raw_data_pipeline
[2026-06-18T01:15:05.605+0000] {logging_mixin.py:190} INFO - [2026-06-18T01:15:05.605+0000] {override.py:1900} INFO - Created Permission View: can read on DAG:extract_raw_data_pipeline
[2026-06-18T01:15:05.613+0000] {logging_mixin.py:190} INFO - [2026-06-18T01:15:05.613+0000] {override.py:1900} INFO - Created Permission View: can delete on DAG Run:extract_raw_data_pipeline
[2026-06-18T01:15:05.619+0000] {logging_mixin.py:190} INFO - [2026-06-18T01:15:05.619+0000] {override.py:1900} INFO - Created Permission View: menu access on DAG Run:extract_raw_data_pipeline
[2026-06-18T01:15:05.625+0000] {logging_mixin.py:190} INFO - [2026-06-18T01:15:05.625+0000] {override.py:1900} INFO - Created Permission View: can read on DAG Run:extract_raw_data_pipeline
[2026-06-18T01:15:05.632+0000] {logging_mixin.py:190} INFO - [2026-06-18T01:15:05.632+0000] {override.py:1900} INFO - Created Permission View: can create on DAG Run:extract_raw_data_pipeline
[2026-06-18T01:15:05.633+0000] {logging_mixin.py:190} INFO - [2026-06-18T01:15:05.632+0000] {dag.py:3239} INFO - Sync 1 DAGs
[2026-06-18T01:15:05.640+0000] {logging_mixin.py:190} INFO - [2026-06-18T01:15:05.640+0000] {dag.py:3262} INFO - Creating ORM DAG for extract_raw_data_pipeline
[2026-06-18T01:15:05.646+0000] {logging_mixin.py:190} INFO - [2026-06-18T01:15:05.646+0000] {dag.py:4180} INFO - Setting next_dagrun for extract_raw_data_pipeline to 2026-06-17 07:58:00+00:00, run_after=2026-06-17 07:59:00+00:00
[2026-06-18T01:15:05.663+0000] {processor.py:208} INFO - Processing /opt/airflow/dags/batch_generator.py took 0.488 seconds
[2026-06-18T01:15:35.932+0000] {processor.py:186} INFO - Started process (PID=74) to work on /opt/airflow/dags/batch_generator.py
[2026-06-18T01:15:35.933+0000] {processor.py:914} INFO - Processing file /opt/airflow/dags/batch_generator.py for tasks to queue
[2026-06-18T01:15:35.936+0000] {logging_mixin.py:190} INFO - [2026-06-18T01:15:35.935+0000] {dagbag.py:588} INFO - Filling up the DagBag from /opt/airflow/dags/batch_generator.py
[2026-06-18T01:15:36.158+0000] {processor.py:925} INFO - DAG(s) 'extract_raw_data_pipeline' retrieved from /opt/airflow/dags/batch_generator.py
[2026-06-18T01:15:36.172+0000] {logging_mixin.py:190} INFO - [2026-06-18T01:15:36.172+0000] {dag.py:3239} INFO - Sync 1 DAGs
[2026-06-18T01:15:36.184+0000] {logging_mixin.py:190} INFO - [2026-06-18T01:15:36.184+0000] {dag.py:4180} INFO - Setting next_dagrun for extract_raw_data_pipeline to 2026-06-17 07:58:00+00:00, run_after=2026-06-17 07:59:00+00:00
[2026-06-18T01:15:36.196+0000] {processor.py:208} INFO - Processing /opt/airflow/dags/batch_generator.py took 0.268 seconds
[2026-06-18T01:16:06.227+0000] {processor.py:186} INFO - Started process (PID=82) to work on /opt/airflow/dags/batch_generator.py
[2026-06-18T01:16:06.228+0000] {processor.py:914} INFO - Processing file /opt/airflow/dags/batch_generator.py for tasks to queue
[2026-06-18T01:16:06.230+0000] {logging_mixin.py:190} INFO - [2026-06-18T01:16:06.230+0000] {dagbag.py:588} INFO - Filling up the DagBag from /opt/airflow/dags/batch_generator.py
[2026-06-18T01:16:06.451+0000] {processor.py:925} INFO - DAG(s) 'extract_raw_data_pipeline' retrieved from /opt/airflow/dags/batch_generator.py
[2026-06-18T01:16:06.465+0000] {logging_mixin.py:190} INFO - [2026-06-18T01:16:06.465+0000] {dag.py:3239} INFO - Sync 1 DAGs
[2026-06-18T01:16:06.476+0000] {logging_mixin.py:190} INFO - [2026-06-18T01:16:06.476+0000] {dag.py:4180} INFO - Setting next_dagrun for extract_raw_data_pipeline to 2026-06-17 07:58:00+00:00, run_after=2026-06-17 07:59:00+00:00
[2026-06-18T01:16:06.488+0000] {processor.py:208} INFO - Processing /opt/airflow/dags/batch_generator.py took 0.266 seconds
[2026-06-18T01:16:36.636+0000] {processor.py:186} INFO - Started process (PID=90) to work on /opt/airflow/dags/batch_generator.py
[2026-06-18T01:16:36.637+0000] {processor.py:914} INFO - Processing file /opt/airflow/dags/batch_generator.py for tasks to queue
[2026-06-18T01:16:36.639+0000] {logging_mixin.py:190} INFO - [2026-06-18T01:16:36.639+0000] {dagbag.py:588} INFO - Filling up the DagBag from /opt/airflow/dags/batch_generator.py
[2026-06-18T01:16:36.848+0000] {processor.py:925} INFO - DAG(s) 'extract_raw_data_pipeline' retrieved from /opt/airflow/dags/batch_generator.py
[2026-06-18T01:16:36.860+0000] {logging_mixin.py:190} INFO - [2026-06-18T01:16:36.860+0000] {dag.py:3239} INFO - Sync 1 DAGs
[2026-06-18T01:16:36.872+0000] {logging_mixin.py:190} INFO - [2026-06-18T01:16:36.872+0000] {dag.py:4180} INFO - Setting next_dagrun for extract_raw_data_pipeline to 2026-06-17 07:58:00+00:00, run_after=2026-06-17 07:59:00+00:00
[2026-06-18T01:16:36.885+0000] {processor.py:208} INFO - Processing /opt/airflow/dags/batch_generator.py took 0.253 seconds
[2026-06-18T01:17:07.099+0000] {processor.py:186} INFO - Started process (PID=98) to work on /opt/airflow/dags/batch_generator.py
[2026-06-18T01:17:07.101+0000] {processor.py:914} INFO - Processing file /opt/airflow/dags/batch_generator.py for tasks to queue
[2026-06-18T01:17:07.103+0000] {logging_mixin.py:190} INFO - [2026-06-18T01:17:07.103+0000] {dagbag.py:588} INFO - Filling up the DagBag from /opt/airflow/dags/batch_generator.py
[2026-06-18T01:17:07.433+0000] {processor.py:925} INFO - DAG(s) 'extract_raw_data_pipeline' retrieved from /opt/airflow/dags/batch_generator.py
[2026-06-18T01:17:07.447+0000] {logging_mixin.py:190} INFO - [2026-06-18T01:17:07.447+0000] {dag.py:3239} INFO - Sync 1 DAGs
[2026-06-18T01:17:07.459+0000] {logging_mixin.py:190} INFO - [2026-06-18T01:17:07.458+0000] {dag.py:4180} INFO - Setting next_dagrun for extract_raw_data_pipeline to 2026-06-17 07:58:00+00:00, run_after=2026-06-17 07:59:00+00:00
[2026-06-18T01:17:07.470+0000] {processor.py:208} INFO - Processing /opt/airflow/dags/batch_generator.py took 0.377 seconds
[2026-06-18T01:17:37.723+0000] {processor.py:186} INFO - Started process (PID=106) to work on /opt/airflow/dags/batch_generator.py
[2026-06-18T01:17:37.724+0000] {processor.py:914} INFO - Processing file /opt/airflow/dags/batch_generator.py for tasks to queue
[2026-06-18T01:17:37.726+0000] {logging_mixin.py:190} INFO - [2026-06-18T01:17:37.726+0000] {dagbag.py:588} INFO - Filling up the DagBag from /opt/airflow/dags/batch_generator.py
[2026-06-18T01:17:37.964+0000] {processor.py:925} INFO - DAG(s) 'extract_raw_data_pipeline' retrieved from /opt/airflow/dags/batch_generator.py
[2026-06-18T01:17:37.982+0000] {logging_mixin.py:190} INFO - [2026-06-18T01:17:37.982+0000] {dag.py:3239} INFO - Sync 1 DAGs
[2026-06-18T01:17:37.995+0000] {logging_mixin.py:190} INFO - [2026-06-18T01:17:37.995+0000] {dag.py:4180} INFO - Setting next_dagrun for extract_raw_data_pipeline to 2026-06-17 07:58:00+00:00, run_after=2026-06-17 07:59:00+00:00
[2026-06-18T01:17:38.009+0000] {processor.py:208} INFO - Processing /opt/airflow/dags/batch_generator.py took 0.290 seconds
[2026-06-18T01:18:08.296+0000] {processor.py:186} INFO - Started process (PID=113) to work on /opt/airflow/dags/batch_generator.py
[2026-06-18T01:18:08.297+0000] {processor.py:914} INFO - Processing file /opt/airflow/dags/batch_generator.py for tasks to queue
[2026-06-18T01:18:08.299+0000] {logging_mixin.py:190} INFO - [2026-06-18T01:18:08.299+0000] {dagbag.py:588} INFO - Filling up the DagBag from /opt/airflow/dags/batch_generator.py
[2026-06-18T01:18:08.504+0000] {processor.py:925} INFO - DAG(s) 'extract_raw_data_pipeline' retrieved from /opt/airflow/dags/batch_generator.py
[2026-06-18T01:18:08.518+0000] {logging_mixin.py:190} INFO - [2026-06-18T01:18:08.518+0000] {dag.py:3239} INFO - Sync 1 DAGs
[2026-06-18T01:18:08.528+0000] {logging_mixin.py:190} INFO - [2026-06-18T01:18:08.528+0000] {dag.py:4180} INFO - Setting next_dagrun for extract_raw_data_pipeline to 2026-06-17 07:58:00+00:00, run_after=2026-06-17 07:59:00+00:00
[2026-06-18T01:18:08.540+0000] {processor.py:208} INFO - Processing /opt/airflow/dags/batch_generator.py took 0.247 seconds
[2026-06-18T01:18:38.761+0000] {processor.py:186} INFO - Started process (PID=121) to work on /opt/airflow/dags/batch_generator.py
[2026-06-18T01:18:38.762+0000] {processor.py:914} INFO - Processing file /opt/airflow/dags/batch_generator.py for tasks to queue
[2026-06-18T01:18:38.763+0000] {logging_mixin.py:190} INFO - [2026-06-18T01:18:38.763+0000] {dagbag.py:588} INFO - Filling up the DagBag from /opt/airflow/dags/batch_generator.py
[2026-06-18T01:18:38.965+0000] {processor.py:925} INFO - DAG(s) 'extract_raw_data_pipeline' retrieved from /opt/airflow/dags/batch_generator.py
[2026-06-18T01:18:38.979+0000] {logging_mixin.py:190} INFO - [2026-06-18T01:18:38.978+0000] {dag.py:3239} INFO - Sync 1 DAGs
[2026-06-18T01:18:38.991+0000] {logging_mixin.py:190} INFO - [2026-06-18T01:18:38.991+0000] {dag.py:4180} INFO - Setting next_dagrun for extract_raw_data_pipeline to 2026-06-17 07:58:00+00:00, run_after=2026-06-17 07:59:00+00:00
[2026-06-18T01:18:39.008+0000] {processor.py:208} INFO - Processing /opt/airflow/dags/batch_generator.py took 0.250 seconds
[2026-06-18T01:19:09.230+0000] {processor.py:186} INFO - Started process (PID=133) to work on /opt/airflow/dags/batch_generator.py
[2026-06-18T01:19:09.231+0000] {processor.py:914} INFO - Processing file /opt/airflow/dags/batch_generator.py for tasks to queue
[2026-06-18T01:19:09.233+0000] {logging_mixin.py:190} INFO - [2026-06-18T01:19:09.233+0000] {dagbag.py:588} INFO - Filling up the DagBag from /opt/airflow/dags/batch_generator.py
[2026-06-18T01:19:09.467+0000] {processor.py:925} INFO - DAG(s) 'extract_raw_data_pipeline' retrieved from /opt/airflow/dags/batch_generator.py
[2026-06-18T01:19:09.482+0000] {logging_mixin.py:190} INFO - [2026-06-18T01:19:09.482+0000] {dag.py:3239} INFO - Sync 1 DAGs
[2026-06-18T01:19:09.495+0000] {logging_mixin.py:190} INFO - [2026-06-18T01:19:09.495+0000] {dag.py:4180} INFO - Setting next_dagrun for extract_raw_data_pipeline to 2026-06-17 07:59:00+00:00, run_after=2026-06-18 07:00:00+00:00
[2026-06-18T01:19:09.513+0000] {processor.py:208} INFO - Processing /opt/airflow/dags/batch_generator.py took 0.288 seconds
[2026-06-18T01:19:39.745+0000] {processor.py:186} INFO - Started process (PID=141) to work on /opt/airflow/dags/batch_generator.py
[2026-06-18T01:19:39.746+0000] {processor.py:914} INFO - Processing file /opt/airflow/dags/batch_generator.py for tasks to queue
[2026-06-18T01:19:39.747+0000] {logging_mixin.py:190} INFO - [2026-06-18T01:19:39.747+0000] {dagbag.py:588} INFO - Filling up the DagBag from /opt/airflow/dags/batch_generator.py
[2026-06-18T01:19:39.941+0000] {processor.py:925} INFO - DAG(s) 'extract_raw_data_pipeline' retrieved from /opt/airflow/dags/batch_generator.py
[2026-06-18T01:19:39.954+0000] {logging_mixin.py:190} INFO - [2026-06-18T01:19:39.954+0000] {dag.py:3239} INFO - Sync 1 DAGs
[2026-06-18T01:19:39.965+0000] {logging_mixin.py:190} INFO - [2026-06-18T01:19:39.965+0000] {dag.py:4180} INFO - Setting next_dagrun for extract_raw_data_pipeline to 2026-06-17 07:59:00+00:00, run_after=2026-06-18 07:00:00+00:00
[2026-06-18T01:19:39.977+0000] {processor.py:208} INFO - Processing /opt/airflow/dags/batch_generator.py took 0.235 seconds
[2026-06-18T01:20:10.257+0000] {processor.py:186} INFO - Started process (PID=155) to work on /opt/airflow/dags/batch_generator.py
[2026-06-18T01:20:10.258+0000] {processor.py:914} INFO - Processing file /opt/airflow/dags/batch_generator.py for tasks to queue
[2026-06-18T01:20:10.260+0000] {logging_mixin.py:190} INFO - [2026-06-18T01:20:10.259+0000] {dagbag.py:588} INFO - Filling up the DagBag from /opt/airflow/dags/batch_generator.py
[2026-06-18T01:20:10.510+0000] {processor.py:925} INFO - DAG(s) 'extract_raw_data_pipeline' retrieved from /opt/airflow/dags/batch_generator.py
[2026-06-18T01:20:10.523+0000] {logging_mixin.py:190} INFO - [2026-06-18T01:20:10.523+0000] {dag.py:3239} INFO - Sync 1 DAGs
[2026-06-18T01:20:10.535+0000] {logging_mixin.py:190} INFO - [2026-06-18T01:20:10.535+0000] {dag.py:4180} INFO - Setting next_dagrun for extract_raw_data_pipeline to 2026-06-17 07:59:00+00:00, run_after=2026-06-18 07:00:00+00:00
[2026-06-18T01:20:10.549+0000] {processor.py:208} INFO - Processing /opt/airflow/dags/batch_generator.py took 0.296 seconds
[2026-06-18T01:20:40.786+0000] {processor.py:186} INFO - Started process (PID=163) to work on /opt/airflow/dags/batch_generator.py
[2026-06-18T01:20:40.787+0000] {processor.py:914} INFO - Processing file /opt/airflow/dags/batch_generator.py for tasks to queue
[2026-06-18T01:20:40.789+0000] {logging_mixin.py:190} INFO - [2026-06-18T01:20:40.789+0000] {dagbag.py:588} INFO - Filling up the DagBag from /opt/airflow/dags/batch_generator.py
[2026-06-18T01:20:40.993+0000] {processor.py:925} INFO - DAG(s) 'extract_raw_data_pipeline' retrieved from /opt/airflow/dags/batch_generator.py
[2026-06-18T01:20:41.008+0000] {logging_mixin.py:190} INFO - [2026-06-18T01:20:41.008+0000] {dag.py:3239} INFO - Sync 1 DAGs
[2026-06-18T01:20:41.019+0000] {logging_mixin.py:190} INFO - [2026-06-18T01:20:41.019+0000] {dag.py:4180} INFO - Setting next_dagrun for extract_raw_data_pipeline to 2026-06-17 07:59:00+00:00, run_after=2026-06-18 07:00:00+00:00
[2026-06-18T01:20:41.034+0000] {processor.py:208} INFO - Processing /opt/airflow/dags/batch_generator.py took 0.252 seconds
[2026-06-18T01:21:11.403+0000] {processor.py:186} INFO - Started process (PID=171) to work on /opt/airflow/dags/batch_generator.py
[2026-06-18T01:21:11.404+0000] {processor.py:914} INFO - Processing file /opt/airflow/dags/batch_generator.py for tasks to queue
[2026-06-18T01:21:11.406+0000] {logging_mixin.py:190} INFO - [2026-06-18T01:21:11.406+0000] {dagbag.py:588} INFO - Filling up the DagBag from /opt/airflow/dags/batch_generator.py
[2026-06-18T01:21:11.609+0000] {processor.py:925} INFO - DAG(s) 'extract_raw_data_pipeline' retrieved from /opt/airflow/dags/batch_generator.py
[2026-06-18T01:21:11.625+0000] {logging_mixin.py:190} INFO - [2026-06-18T01:21:11.625+0000] {dag.py:3239} INFO - Sync 1 DAGs
[2026-06-18T01:21:11.637+0000] {logging_mixin.py:190} INFO - [2026-06-18T01:21:11.637+0000] {dag.py:4180} INFO - Setting next_dagrun for extract_raw_data_pipeline to 2026-06-17 07:59:00+00:00, run_after=2026-06-18 07:00:00+00:00
[2026-06-18T01:21:11.674+0000] {processor.py:208} INFO - Processing /opt/airflow/dags/batch_generator.py took 0.276 seconds
[2026-06-18T01:21:41.899+0000] {processor.py:186} INFO - Started process (PID=179) to work on /opt/airflow/dags/batch_generator.py
[2026-06-18T01:21:41.899+0000] {processor.py:914} INFO - Processing file /opt/airflow/dags/batch_generator.py for tasks to queue
[2026-06-18T01:21:41.901+0000] {logging_mixin.py:190} INFO - [2026-06-18T01:21:41.901+0000] {dagbag.py:588} INFO - Filling up the DagBag from /opt/airflow/dags/batch_generator.py
[2026-06-18T01:21:42.096+0000] {processor.py:925} INFO - DAG(s) 'extract_raw_data_pipeline' retrieved from /opt/airflow/dags/batch_generator.py
[2026-06-18T01:21:42.109+0000] {logging_mixin.py:190} INFO - [2026-06-18T01:21:42.109+0000] {dag.py:3239} INFO - Sync 1 DAGs
[2026-06-18T01:21:42.120+0000] {logging_mixin.py:190} INFO - [2026-06-18T01:21:42.120+0000] {dag.py:4180} INFO - Setting next_dagrun for extract_raw_data_pipeline to 2026-06-17 07:59:00+00:00, run_after=2026-06-18 07:00:00+00:00
[2026-06-18T01:21:42.131+0000] {processor.py:208} INFO - Processing /opt/airflow/dags/batch_generator.py took 0.236 seconds
[2026-06-18T01:22:12.416+0000] {processor.py:186} INFO - Started process (PID=187) to work on /opt/airflow/dags/batch_generator.py
[2026-06-18T01:22:12.416+0000] {processor.py:914} INFO - Processing file /opt/airflow/dags/batch_generator.py for tasks to queue
[2026-06-18T01:22:12.418+0000] {logging_mixin.py:190} INFO - [2026-06-18T01:22:12.418+0000] {dagbag.py:588} INFO - Filling up the DagBag from /opt/airflow/dags/batch_generator.py
[2026-06-18T01:22:12.613+0000] {processor.py:925} INFO - DAG(s) 'extract_raw_data_pipeline' retrieved from /opt/airflow/dags/batch_generator.py
[2026-06-18T01:22:12.626+0000] {logging_mixin.py:190} INFO - [2026-06-18T01:22:12.626+0000] {dag.py:3239} INFO - Sync 1 DAGs
[2026-06-18T01:22:12.636+0000] {logging_mixin.py:190} INFO - [2026-06-18T01:22:12.636+0000] {dag.py:4180} INFO - Setting next_dagrun for extract_raw_data_pipeline to 2026-06-17 07:59:00+00:00, run_after=2026-06-18 07:00:00+00:00
[2026-06-18T01:22:12.649+0000] {processor.py:208} INFO - Processing /opt/airflow/dags/batch_generator.py took 0.237 seconds
[2026-06-18T01:22:42.878+0000] {processor.py:186} INFO - Started process (PID=195) to work on /opt/airflow/dags/batch_generator.py
[2026-06-18T01:22:42.879+0000] {processor.py:914} INFO - Processing file /opt/airflow/dags/batch_generator.py for tasks to queue
[2026-06-18T01:22:42.881+0000] {logging_mixin.py:190} INFO - [2026-06-18T01:22:42.880+0000] {dagbag.py:588} INFO - Filling up the DagBag from /opt/airflow/dags/batch_generator.py
[2026-06-18T01:22:43.113+0000] {processor.py:925} INFO - DAG(s) 'extract_raw_data_pipeline' retrieved from /opt/airflow/dags/batch_generator.py
[2026-06-18T01:22:43.127+0000] {logging_mixin.py:190} INFO - [2026-06-18T01:22:43.127+0000] {dag.py:3239} INFO - Sync 1 DAGs
[2026-06-18T01:22:43.138+0000] {logging_mixin.py:190} INFO - [2026-06-18T01:22:43.138+0000] {dag.py:4180} INFO - Setting next_dagrun for extract_raw_data_pipeline to 2026-06-17 07:59:00+00:00, run_after=2026-06-18 07:00:00+00:00
[2026-06-18T01:22:43.150+0000] {processor.py:208} INFO - Processing /opt/airflow/dags/batch_generator.py took 0.277 seconds
[2026-06-18T01:23:13.596+0000] {processor.py:186} INFO - Started process (PID=203) to work on /opt/airflow/dags/batch_generator.py
[2026-06-18T01:23:13.597+0000] {processor.py:914} INFO - Processing file /opt/airflow/dags/batch_generator.py for tasks to queue
[2026-06-18T01:23:13.598+0000] {logging_mixin.py:190} INFO - [2026-06-18T01:23:13.598+0000] {dagbag.py:588} INFO - Filling up the DagBag from /opt/airflow/dags/batch_generator.py
[2026-06-18T01:23:13.795+0000] {processor.py:925} INFO - DAG(s) 'extract_raw_data_pipeline' retrieved from /opt/airflow/dags/batch_generator.py
[2026-06-18T01:23:13.807+0000] {logging_mixin.py:190} INFO - [2026-06-18T01:23:13.807+0000] {dag.py:3239} INFO - Sync 1 DAGs
[2026-06-18T01:23:13.817+0000] {logging_mixin.py:190} INFO - [2026-06-18T01:23:13.817+0000] {dag.py:4180} INFO - Setting next_dagrun for extract_raw_data_pipeline to 2026-06-17 07:59:00+00:00, run_after=2026-06-18 07:00:00+00:00
[2026-06-18T01:23:13.829+0000] {processor.py:208} INFO - Processing /opt/airflow/dags/batch_generator.py took 0.238 seconds
[2026-06-18T01:23:44.251+0000] {processor.py:186} INFO - Started process (PID=211) to work on /opt/airflow/dags/batch_generator.py
[2026-06-18T01:23:44.252+0000] {processor.py:914} INFO - Processing file /opt/airflow/dags/batch_generator.py for tasks to queue
[2026-06-18T01:23:44.254+0000] {logging_mixin.py:190} INFO - [2026-06-18T01:23:44.254+0000] {dagbag.py:588} INFO - Filling up the DagBag from /opt/airflow/dags/batch_generator.py
[2026-06-18T01:23:44.452+0000] {processor.py:925} INFO - DAG(s) 'extract_raw_data_pipeline' retrieved from /opt/airflow/dags/batch_generator.py
[2026-06-18T01:23:44.464+0000] {logging_mixin.py:190} INFO - [2026-06-18T01:23:44.464+0000] {dag.py:3239} INFO - Sync 1 DAGs
[2026-06-18T01:23:44.475+0000] {logging_mixin.py:190} INFO - [2026-06-18T01:23:44.475+0000] {dag.py:4180} INFO - Setting next_dagrun for extract_raw_data_pipeline to 2026-06-17 07:59:00+00:00, run_after=2026-06-18 07:00:00+00:00
[2026-06-18T01:23:44.486+0000] {processor.py:208} INFO - Processing /opt/airflow/dags/batch_generator.py took 0.239 seconds
[2026-06-18T01:24:14.696+0000] {processor.py:186} INFO - Started process (PID=218) to work on /opt/airflow/dags/batch_generator.py
[2026-06-18T01:24:14.697+0000] {processor.py:914} INFO - Processing file /opt/airflow/dags/batch_generator.py for tasks to queue
[2026-06-18T01:24:14.700+0000] {logging_mixin.py:190} INFO - [2026-06-18T01:24:14.700+0000] {dagbag.py:588} INFO - Filling up the DagBag from /opt/airflow/dags/batch_generator.py
[2026-06-18T01:24:14.939+0000] {processor.py:925} INFO - DAG(s) 'extract_raw_data_pipeline' retrieved from /opt/airflow/dags/batch_generator.py
[2026-06-18T01:24:14.954+0000] {logging_mixin.py:190} INFO - [2026-06-18T01:24:14.954+0000] {dag.py:3239} INFO - Sync 1 DAGs
[2026-06-18T01:24:14.966+0000] {logging_mixin.py:190} INFO - [2026-06-18T01:24:14.966+0000] {dag.py:4180} INFO - Setting next_dagrun for extract_raw_data_pipeline to 2026-06-17 07:59:00+00:00, run_after=2026-06-18 07:00:00+00:00
[2026-06-18T01:24:14.980+0000] {processor.py:208} INFO - Processing /opt/airflow/dags/batch_generator.py took 0.289 seconds
[2026-06-18T01:24:45.236+0000] {processor.py:186} INFO - Started process (PID=226) to work on /opt/airflow/dags/batch_generator.py
[2026-06-18T01:24:45.236+0000] {processor.py:914} INFO - Processing file /opt/airflow/dags/batch_generator.py for tasks to queue
[2026-06-18T01:24:45.238+0000] {logging_mixin.py:190} INFO - [2026-06-18T01:24:45.238+0000] {dagbag.py:588} INFO - Filling up the DagBag from /opt/airflow/dags/batch_generator.py
[2026-06-18T01:24:45.425+0000] {processor.py:925} INFO - DAG(s) 'extract_raw_data_pipeline' retrieved from /opt/airflow/dags/batch_generator.py
[2026-06-18T01:24:45.437+0000] {logging_mixin.py:190} INFO - [2026-06-18T01:24:45.437+0000] {dag.py:3239} INFO - Sync 1 DAGs
[2026-06-18T01:24:45.447+0000] {logging_mixin.py:190} INFO - [2026-06-18T01:24:45.447+0000] {dag.py:4180} INFO - Setting next_dagrun for extract_raw_data_pipeline to 2026-06-17 07:59:00+00:00, run_after=2026-06-18 07:00:00+00:00
[2026-06-18T01:24:45.457+0000] {processor.py:208} INFO - Processing /opt/airflow/dags/batch_generator.py took 0.225 seconds
[2026-06-18T01:25:15.499+0000] {processor.py:186} INFO - Started process (PID=234) to work on /opt/airflow/dags/batch_generator.py
[2026-06-18T01:25:15.500+0000] {processor.py:914} INFO - Processing file /opt/airflow/dags/batch_generator.py for tasks to queue
[2026-06-18T01:25:15.502+0000] {logging_mixin.py:190} INFO - [2026-06-18T01:25:15.501+0000] {dagbag.py:588} INFO - Filling up the DagBag from /opt/airflow/dags/batch_generator.py
[2026-06-18T01:25:15.722+0000] {processor.py:925} INFO - DAG(s) 'extract_raw_data_pipeline' retrieved from /opt/airflow/dags/batch_generator.py
[2026-06-18T01:25:15.736+0000] {logging_mixin.py:190} INFO - [2026-06-18T01:25:15.736+0000] {dag.py:3239} INFO - Sync 1 DAGs
[2026-06-18T01:25:15.748+0000] {logging_mixin.py:190} INFO - [2026-06-18T01:25:15.748+0000] {dag.py:4180} INFO - Setting next_dagrun for extract_raw_data_pipeline to 2026-06-17 07:59:00+00:00, run_after=2026-06-18 07:00:00+00:00
[2026-06-18T01:25:15.761+0000] {processor.py:208} INFO - Processing /opt/airflow/dags/batch_generator.py took 0.266 seconds
[2026-06-18T01:25:45.974+0000] {processor.py:186} INFO - Started process (PID=242) to work on /opt/airflow/dags/batch_generator.py
[2026-06-18T01:25:45.975+0000] {processor.py:914} INFO - Processing file /opt/airflow/dags/batch_generator.py for tasks to queue
[2026-06-18T01:25:45.977+0000] {logging_mixin.py:190} INFO - [2026-06-18T01:25:45.977+0000] {dagbag.py:588} INFO - Filling up the DagBag from /opt/airflow/dags/batch_generator.py
[2026-06-18T01:25:46.318+0000] {processor.py:925} INFO - DAG(s) 'extract_raw_data_pipeline' retrieved from /opt/airflow/dags/batch_generator.py
[2026-06-18T01:25:46.340+0000] {logging_mixin.py:190} INFO - [2026-06-18T01:25:46.340+0000] {dag.py:3239} INFO - Sync 1 DAGs
[2026-06-18T01:25:46.353+0000] {logging_mixin.py:190} INFO - [2026-06-18T01:25:46.353+0000] {dag.py:4180} INFO - Setting next_dagrun for extract_raw_data_pipeline to 2026-06-17 07:59:00+00:00, run_after=2026-06-18 07:00:00+00:00
[2026-06-18T01:25:46.364+0000] {processor.py:208} INFO - Processing /opt/airflow/dags/batch_generator.py took 0.394 seconds
[2026-06-18T01:26:16.634+0000] {processor.py:186} INFO - Started process (PID=250) to work on /opt/airflow/dags/batch_generator.py
[2026-06-18T01:26:16.635+0000] {processor.py:914} INFO - Processing file /opt/airflow/dags/batch_generator.py for tasks to queue
[2026-06-18T01:26:16.637+0000] {logging_mixin.py:190} INFO - [2026-06-18T01:26:16.636+0000] {dagbag.py:588} INFO - Filling up the DagBag from /opt/airflow/dags/batch_generator.py
[2026-06-18T01:26:16.723+0000] {processor.py:925} INFO - DAG(s) 'extract_raw_data_pipeline' retrieved from /opt/airflow/dags/batch_generator.py
[2026-06-18T01:26:16.739+0000] {logging_mixin.py:190} INFO - [2026-06-18T01:26:16.739+0000] {dag.py:3239} INFO - Sync 1 DAGs
[2026-06-18T01:26:16.753+0000] {logging_mixin.py:190} INFO - [2026-06-18T01:26:16.752+0000] {dag.py:4180} INFO - Setting next_dagrun for extract_raw_data_pipeline to 2026-06-17 07:59:00+00:00, run_after=2026-06-18 07:00:00+00:00
[2026-06-18T01:26:16.775+0000] {processor.py:208} INFO - Processing /opt/airflow/dags/batch_generator.py took 0.144 seconds
[2026-06-18T01:26:46.864+0000] {processor.py:186} INFO - Started process (PID=258) to work on /opt/airflow/dags/batch_generator.py
[2026-06-18T01:26:46.865+0000] {processor.py:914} INFO - Processing file /opt/airflow/dags/batch_generator.py for tasks to queue
[2026-06-18T01:26:46.867+0000] {logging_mixin.py:190} INFO - [2026-06-18T01:26:46.866+0000] {dagbag.py:588} INFO - Filling up the DagBag from /opt/airflow/dags/batch_generator.py
[2026-06-18T01:26:46.955+0000] {processor.py:925} INFO - DAG(s) 'extract_raw_data_pipeline' retrieved from /opt/airflow/dags/batch_generator.py
[2026-06-18T01:26:46.973+0000] {logging_mixin.py:190} INFO - [2026-06-18T01:26:46.973+0000] {dag.py:3239} INFO - Sync 1 DAGs
[2026-06-18T01:26:46.988+0000] {logging_mixin.py:190} INFO - [2026-06-18T01:26:46.988+0000] {dag.py:4180} INFO - Setting next_dagrun for extract_raw_data_pipeline to 2026-06-17 07:59:00+00:00, run_after=2026-06-18 07:00:00+00:00
[2026-06-18T01:26:47.005+0000] {processor.py:208} INFO - Processing /opt/airflow/dags/batch_generator.py took 0.145 seconds
[2026-06-18T01:27:17.345+0000] {processor.py:186} INFO - Started process (PID=266) to work on /opt/airflow/dags/batch_generator.py
[2026-06-18T01:27:17.346+0000] {processor.py:914} INFO - Processing file /opt/airflow/dags/batch_generator.py for tasks to queue
[2026-06-18T01:27:17.347+0000] {logging_mixin.py:190} INFO - [2026-06-18T01:27:17.347+0000] {dagbag.py:588} INFO - Filling up the DagBag from /opt/airflow/dags/batch_generator.py
[2026-06-18T01:27:17.434+0000] {processor.py:925} INFO - DAG(s) 'extract_raw_data_pipeline' retrieved from /opt/airflow/dags/batch_generator.py
[2026-06-18T01:27:17.449+0000] {logging_mixin.py:190} INFO - [2026-06-18T01:27:17.449+0000] {dag.py:3239} INFO - Sync 1 DAGs
[2026-06-18T01:27:17.463+0000] {logging_mixin.py:190} INFO - [2026-06-18T01:27:17.463+0000] {dag.py:4180} INFO - Setting next_dagrun for extract_raw_data_pipeline to 2026-06-17 07:59:00+00:00, run_after=2026-06-18 07:00:00+00:00
[2026-06-18T01:27:17.486+0000] {processor.py:208} INFO - Processing /opt/airflow/dags/batch_generator.py took 0.144 seconds
[2026-06-18T01:27:47.583+0000] {processor.py:186} INFO - Started process (PID=274) to work on /opt/airflow/dags/batch_generator.py
[2026-06-18T01:27:47.584+0000] {processor.py:914} INFO - Processing file /opt/airflow/dags/batch_generator.py for tasks to queue
[2026-06-18T01:27:47.585+0000] {logging_mixin.py:190} INFO - [2026-06-18T01:27:47.585+0000] {dagbag.py:588} INFO - Filling up the DagBag from /opt/airflow/dags/batch_generator.py
[2026-06-18T01:27:47.680+0000] {processor.py:925} INFO - DAG(s) 'extract_raw_data_pipeline' retrieved from /opt/airflow/dags/batch_generator.py
[2026-06-18T01:27:47.696+0000] {logging_mixin.py:190} INFO - [2026-06-18T01:27:47.696+0000] {dag.py:3239} INFO - Sync 1 DAGs
[2026-06-18T01:27:47.710+0000] {logging_mixin.py:190} INFO - [2026-06-18T01:27:47.710+0000] {dag.py:4180} INFO - Setting next_dagrun for extract_raw_data_pipeline to 2026-06-17 07:59:00+00:00, run_after=2026-06-18 07:00:00+00:00
[2026-06-18T01:27:47.724+0000] {processor.py:208} INFO - Processing /opt/airflow/dags/batch_generator.py took 0.146 seconds
[2026-06-18T01:28:17.906+0000] {processor.py:186} INFO - Started process (PID=282) to work on /opt/airflow/dags/batch_generator.py
[2026-06-18T01:28:17.907+0000] {processor.py:914} INFO - Processing file /opt/airflow/dags/batch_generator.py for tasks to queue
[2026-06-18T01:28:17.909+0000] {logging_mixin.py:190} INFO - [2026-06-18T01:28:17.909+0000] {dagbag.py:588} INFO - Filling up the DagBag from /opt/airflow/dags/batch_generator.py
[2026-06-18T01:28:18.015+0000] {processor.py:925} INFO - DAG(s) 'extract_raw_data_pipeline' retrieved from /opt/airflow/dags/batch_generator.py
[2026-06-18T01:28:18.032+0000] {logging_mixin.py:190} INFO - [2026-06-18T01:28:18.032+0000] {dag.py:3239} INFO - Sync 1 DAGs
[2026-06-18T01:28:18.046+0000] {logging_mixin.py:190} INFO - [2026-06-18T01:28:18.046+0000] {dag.py:4180} INFO - Setting next_dagrun for extract_raw_data_pipeline to 2026-06-17 07:59:00+00:00, run_after=2026-06-18 07:00:00+00:00
[2026-06-18T01:28:18.059+0000] {processor.py:208} INFO - Processing /opt/airflow/dags/batch_generator.py took 0.157 seconds
[2026-06-18T01:28:48.143+0000] {processor.py:186} INFO - Started process (PID=290) to work on /opt/airflow/dags/batch_generator.py
[2026-06-18T01:28:48.144+0000] {processor.py:914} INFO - Processing file /opt/airflow/dags/batch_generator.py for tasks to queue
[2026-06-18T01:28:48.146+0000] {logging_mixin.py:190} INFO - [2026-06-18T01:28:48.145+0000] {dagbag.py:588} INFO - Filling up the DagBag from /opt/airflow/dags/batch_generator.py
[2026-06-18T01:28:48.253+0000] {processor.py:925} INFO - DAG(s) 'extract_raw_data_pipeline' retrieved from /opt/airflow/dags/batch_generator.py
[2026-06-18T01:28:48.271+0000] {logging_mixin.py:190} INFO - [2026-06-18T01:28:48.271+0000] {dag.py:3239} INFO - Sync 1 DAGs
[2026-06-18T01:28:48.288+0000] {logging_mixin.py:190} INFO - [2026-06-18T01:28:48.288+0000] {dag.py:4180} INFO - Setting next_dagrun for extract_raw_data_pipeline to 2026-06-17 07:59:00+00:00, run_after=2026-06-18 07:00:00+00:00
[2026-06-18T01:28:48.303+0000] {processor.py:208} INFO - Processing /opt/airflow/dags/batch_generator.py took 0.164 seconds
[2026-06-18T01:29:18.486+0000] {processor.py:186} INFO - Started process (PID=298) to work on /opt/airflow/dags/batch_generator.py
[2026-06-18T01:29:18.487+0000] {processor.py:914} INFO - Processing file /opt/airflow/dags/batch_generator.py for tasks to queue
[2026-06-18T01:29:18.488+0000] {logging_mixin.py:190} INFO - [2026-06-18T01:29:18.488+0000] {dagbag.py:588} INFO - Filling up the DagBag from /opt/airflow/dags/batch_generator.py
[2026-06-18T01:29:18.579+0000] {processor.py:925} INFO - DAG(s) 'extract_raw_data_pipeline' retrieved from /opt/airflow/dags/batch_generator.py
[2026-06-18T01:29:18.595+0000] {logging_mixin.py:190} INFO - [2026-06-18T01:29:18.595+0000] {dag.py:3239} INFO - Sync 1 DAGs
[2026-06-18T01:29:18.610+0000] {logging_mixin.py:190} INFO - [2026-06-18T01:29:18.610+0000] {dag.py:4180} INFO - Setting next_dagrun for extract_raw_data_pipeline to 2026-06-17 07:59:00+00:00, run_after=2026-06-18 07:00:00+00:00
[2026-06-18T01:29:18.623+0000] {processor.py:208} INFO - Processing /opt/airflow/dags/batch_generator.py took 0.141 seconds
[2026-06-18T01:29:48.776+0000] {processor.py:186} INFO - Started process (PID=306) to work on /opt/airflow/dags/batch_generator.py
[2026-06-18T01:29:48.776+0000] {processor.py:914} INFO - Processing file /opt/airflow/dags/batch_generator.py for tasks to queue
[2026-06-18T01:29:48.778+0000] {logging_mixin.py:190} INFO - [2026-06-18T01:29:48.778+0000] {dagbag.py:588} INFO - Filling up the DagBag from /opt/airflow/dags/batch_generator.py
[2026-06-18T01:29:48.869+0000] {processor.py:925} INFO - DAG(s) 'extract_raw_data_pipeline' retrieved from /opt/airflow/dags/batch_generator.py
[2026-06-18T01:29:48.886+0000] {logging_mixin.py:190} INFO - [2026-06-18T01:29:48.886+0000] {dag.py:3239} INFO - Sync 1 DAGs
[2026-06-18T01:29:48.901+0000] {logging_mixin.py:190} INFO - [2026-06-18T01:29:48.900+0000] {dag.py:4180} INFO - Setting next_dagrun for extract_raw_data_pipeline to 2026-06-17 07:59:00+00:00, run_after=2026-06-18 07:00:00+00:00
[2026-06-18T01:29:48.913+0000] {processor.py:208} INFO - Processing /opt/airflow/dags/batch_generator.py took 0.141 seconds
[2026-06-18T01:30:19.187+0000] {processor.py:186} INFO - Started process (PID=314) to work on /opt/airflow/dags/batch_generator.py
[2026-06-18T01:30:19.187+0000] {processor.py:914} INFO - Processing file /opt/airflow/dags/batch_generator.py for tasks to queue
[2026-06-18T01:30:19.189+0000] {logging_mixin.py:190} INFO - [2026-06-18T01:30:19.189+0000] {dagbag.py:588} INFO - Filling up the DagBag from /opt/airflow/dags/batch_generator.py
[2026-06-18T01:30:19.275+0000] {processor.py:925} INFO - DAG(s) 'extract_raw_data_pipeline' retrieved from /opt/airflow/dags/batch_generator.py
[2026-06-18T01:30:19.292+0000] {logging_mixin.py:190} INFO - [2026-06-18T01:30:19.292+0000] {dag.py:3239} INFO - Sync 1 DAGs
[2026-06-18T01:30:19.305+0000] {logging_mixin.py:190} INFO - [2026-06-18T01:30:19.305+0000] {dag.py:4180} INFO - Setting next_dagrun for extract_raw_data_pipeline to 2026-06-17 07:59:00+00:00, run_after=2026-06-18 07:00:00+00:00
[2026-06-18T01:30:19.317+0000] {processor.py:208} INFO - Processing /opt/airflow/dags/batch_generator.py took 0.134 seconds
[2026-06-18T01:30:49.582+0000] {processor.py:186} INFO - Started process (PID=322) to work on /opt/airflow/dags/batch_generator.py
[2026-06-18T01:30:49.582+0000] {processor.py:914} INFO - Processing file /opt/airflow/dags/batch_generator.py for tasks to queue
[2026-06-18T01:30:49.584+0000] {logging_mixin.py:190} INFO - [2026-06-18T01:30:49.584+0000] {dagbag.py:588} INFO - Filling up the DagBag from /opt/airflow/dags/batch_generator.py
[2026-06-18T01:30:49.670+0000] {processor.py:925} INFO - DAG(s) 'extract_raw_data_pipeline' retrieved from /opt/airflow/dags/batch_generator.py
[2026-06-18T01:30:49.684+0000] {logging_mixin.py:190} INFO - [2026-06-18T01:30:49.684+0000] {dag.py:3239} INFO - Sync 1 DAGs
[2026-06-18T01:30:49.698+0000] {logging_mixin.py:190} INFO - [2026-06-18T01:30:49.697+0000] {dag.py:4180} INFO - Setting next_dagrun for extract_raw_data_pipeline to 2026-06-17 07:59:00+00:00, run_after=2026-06-18 07:00:00+00:00
[2026-06-18T01:30:49.709+0000] {processor.py:208} INFO - Processing /opt/airflow/dags/batch_generator.py took 0.131 seconds
[2026-06-18T01:31:19.933+0000] {processor.py:186} INFO - Started process (PID=330) to work on /opt/airflow/dags/batch_generator.py
[2026-06-18T01:31:19.934+0000] {processor.py:914} INFO - Processing file /opt/airflow/dags/batch_generator.py for tasks to queue
[2026-06-18T01:31:19.936+0000] {logging_mixin.py:190} INFO - [2026-06-18T01:31:19.935+0000] {dagbag.py:588} INFO - Filling up the DagBag from /opt/airflow/dags/batch_generator.py
[2026-06-18T01:31:20.021+0000] {processor.py:925} INFO - DAG(s) 'extract_raw_data_pipeline' retrieved from /opt/airflow/dags/batch_generator.py
[2026-06-18T01:31:20.038+0000] {logging_mixin.py:190} INFO - [2026-06-18T01:31:20.037+0000] {dag.py:3239} INFO - Sync 1 DAGs
[2026-06-18T01:31:20.050+0000] {logging_mixin.py:190} INFO - [2026-06-18T01:31:20.050+0000] {dag.py:4180} INFO - Setting next_dagrun for extract_raw_data_pipeline to 2026-06-17 07:59:00+00:00, run_after=2026-06-18 07:00:00+00:00
[2026-06-18T01:31:20.065+0000] {processor.py:208} INFO - Processing /opt/airflow/dags/batch_generator.py took 0.135 seconds
[2026-06-18T01:31:50.201+0000] {processor.py:186} INFO - Started process (PID=338) to work on /opt/airflow/dags/batch_generator.py
[2026-06-18T01:31:50.202+0000] {processor.py:914} INFO - Processing file /opt/airflow/dags/batch_generator.py for tasks to queue
[2026-06-18T01:31:50.204+0000] {logging_mixin.py:190} INFO - [2026-06-18T01:31:50.204+0000] {dagbag.py:588} INFO - Filling up the DagBag from /opt/airflow/dags/batch_generator.py
[2026-06-18T01:31:50.299+0000] {processor.py:925} INFO - DAG(s) 'extract_raw_data_pipeline' retrieved from /opt/airflow/dags/batch_generator.py
[2026-06-18T01:31:50.316+0000] {logging_mixin.py:190} INFO - [2026-06-18T01:31:50.316+0000] {dag.py:3239} INFO - Sync 1 DAGs
[2026-06-18T01:31:50.331+0000] {logging_mixin.py:190} INFO - [2026-06-18T01:31:50.331+0000] {dag.py:4180} INFO - Setting next_dagrun for extract_raw_data_pipeline to 2026-06-17 07:59:00+00:00, run_after=2026-06-18 07:00:00+00:00
[2026-06-18T01:31:50.343+0000] {processor.py:208} INFO - Processing /opt/airflow/dags/batch_generator.py took 0.147 seconds
[2026-06-18T01:32:20.473+0000] {processor.py:186} INFO - Started process (PID=346) to work on /opt/airflow/dags/batch_generator.py
[2026-06-18T01:32:20.473+0000] {processor.py:914} INFO - Processing file /opt/airflow/dags/batch_generator.py for tasks to queue
[2026-06-18T01:32:20.475+0000] {logging_mixin.py:190} INFO - [2026-06-18T01:32:20.475+0000] {dagbag.py:588} INFO - Filling up the DagBag from /opt/airflow/dags/batch_generator.py
[2026-06-18T01:32:20.562+0000] {processor.py:925} INFO - DAG(s) 'extract_raw_data_pipeline' retrieved from /opt/airflow/dags/batch_generator.py
[2026-06-18T01:32:20.578+0000] {logging_mixin.py:190} INFO - [2026-06-18T01:32:20.578+0000] {dag.py:3239} INFO - Sync 1 DAGs
[2026-06-18T01:32:20.592+0000] {logging_mixin.py:190} INFO - [2026-06-18T01:32:20.592+0000] {dag.py:4180} INFO - Setting next_dagrun for extract_raw_data_pipeline to 2026-06-17 07:59:00+00:00, run_after=2026-06-18 07:00:00+00:00
[2026-06-18T01:32:20.606+0000] {processor.py:208} INFO - Processing /opt/airflow/dags/batch_generator.py took 0.137 seconds
[2026-06-18T01:32:50.773+0000] {processor.py:186} INFO - Started process (PID=354) to work on /opt/airflow/dags/batch_generator.py
[2026-06-18T01:32:50.773+0000] {processor.py:914} INFO - Processing file /opt/airflow/dags/batch_generator.py for tasks to queue
[2026-06-18T01:32:50.775+0000] {logging_mixin.py:190} INFO - [2026-06-18T01:32:50.775+0000] {dagbag.py:588} INFO - Filling up the DagBag from /opt/airflow/dags/batch_generator.py
[2026-06-18T01:32:50.872+0000] {processor.py:925} INFO - DAG(s) 'extract_raw_data_pipeline' retrieved from /opt/airflow/dags/batch_generator.py
[2026-06-18T01:32:50.890+0000] {logging_mixin.py:190} INFO - [2026-06-18T01:32:50.889+0000] {dag.py:3239} INFO - Sync 1 DAGs
[2026-06-18T01:32:50.904+0000] {logging_mixin.py:190} INFO - [2026-06-18T01:32:50.903+0000] {dag.py:4180} INFO - Setting next_dagrun for extract_raw_data_pipeline to 2026-06-17 07:59:00+00:00, run_after=2026-06-18 07:00:00+00:00
[2026-06-18T01:32:50.921+0000] {processor.py:208} INFO - Processing /opt/airflow/dags/batch_generator.py took 0.152 seconds
[2026-06-18T01:33:21.130+0000] {processor.py:186} INFO - Started process (PID=362) to work on /opt/airflow/dags/batch_generator.py
[2026-06-18T01:33:21.131+0000] {processor.py:914} INFO - Processing file /opt/airflow/dags/batch_generator.py for tasks to queue
[2026-06-18T01:33:21.133+0000] {logging_mixin.py:190} INFO - [2026-06-18T01:33:21.133+0000] {dagbag.py:588} INFO - Filling up the DagBag from /opt/airflow/dags/batch_generator.py
[2026-06-18T01:33:21.228+0000] {processor.py:925} INFO - DAG(s) 'extract_raw_data_pipeline' retrieved from /opt/airflow/dags/batch_generator.py
[2026-06-18T01:33:21.246+0000] {logging_mixin.py:190} INFO - [2026-06-18T01:33:21.246+0000] {dag.py:3239} INFO - Sync 1 DAGs
[2026-06-18T01:33:21.260+0000] {logging_mixin.py:190} INFO - [2026-06-18T01:33:21.260+0000] {dag.py:4180} INFO - Setting next_dagrun for extract_raw_data_pipeline to 2026-06-17 07:59:00+00:00, run_after=2026-06-18 07:00:00+00:00
[2026-06-18T01:33:21.273+0000] {processor.py:208} INFO - Processing /opt/airflow/dags/batch_generator.py took 0.147 seconds
[2026-06-18T01:33:51.513+0000] {processor.py:186} INFO - Started process (PID=370) to work on /opt/airflow/dags/batch_generator.py
[2026-06-18T01:33:51.514+0000] {processor.py:914} INFO - Processing file /opt/airflow/dags/batch_generator.py for tasks to queue
[2026-06-18T01:33:51.515+0000] {logging_mixin.py:190} INFO - [2026-06-18T01:33:51.515+0000] {dagbag.py:588} INFO - Filling up the DagBag from /opt/airflow/dags/batch_generator.py
[2026-06-18T01:33:51.604+0000] {processor.py:925} INFO - DAG(s) 'extract_raw_data_pipeline' retrieved from /opt/airflow/dags/batch_generator.py
[2026-06-18T01:33:51.620+0000] {logging_mixin.py:190} INFO - [2026-06-18T01:33:51.620+0000] {dag.py:3239} INFO - Sync 1 DAGs
[2026-06-18T01:33:51.634+0000] {logging_mixin.py:190} INFO - [2026-06-18T01:33:51.634+0000] {dag.py:4180} INFO - Setting next_dagrun for extract_raw_data_pipeline to 2026-06-17 07:59:00+00:00, run_after=2026-06-18 07:00:00+00:00
[2026-06-18T01:33:51.646+0000] {processor.py:208} INFO - Processing /opt/airflow/dags/batch_generator.py took 0.137 seconds
[2026-06-18T01:34:21.781+0000] {processor.py:186} INFO - Started process (PID=378) to work on /opt/airflow/dags/batch_generator.py
[2026-06-18T01:34:21.782+0000] {processor.py:914} INFO - Processing file /opt/airflow/dags/batch_generator.py for tasks to queue
[2026-06-18T01:34:21.784+0000] {logging_mixin.py:190} INFO - [2026-06-18T01:34:21.783+0000] {dagbag.py:588} INFO - Filling up the DagBag from /opt/airflow/dags/batch_generator.py
[2026-06-18T01:34:21.873+0000] {processor.py:925} INFO - DAG(s) 'extract_raw_data_pipeline' retrieved from /opt/airflow/dags/batch_generator.py
[2026-06-18T01:34:21.890+0000] {logging_mixin.py:190} INFO - [2026-06-18T01:34:21.889+0000] {dag.py:3239} INFO - Sync 1 DAGs
[2026-06-18T01:34:21.902+0000] {logging_mixin.py:190} INFO - [2026-06-18T01:34:21.902+0000] {dag.py:4180} INFO - Setting next_dagrun for extract_raw_data_pipeline to 2026-06-17 07:59:00+00:00, run_after=2026-06-18 07:00:00+00:00
[2026-06-18T01:34:21.916+0000] {processor.py:208} INFO - Processing /opt/airflow/dags/batch_generator.py took 0.138 seconds
[2026-06-18T01:34:52.190+0000] {processor.py:186} INFO - Started process (PID=386) to work on /opt/airflow/dags/batch_generator.py
[2026-06-18T01:34:52.191+0000] {processor.py:914} INFO - Processing file /opt/airflow/dags/batch_generator.py for tasks to queue
[2026-06-18T01:34:52.192+0000] {logging_mixin.py:190} INFO - [2026-06-18T01:34:52.192+0000] {dagbag.py:588} INFO - Filling up the DagBag from /opt/airflow/dags/batch_generator.py
[2026-06-18T01:34:52.279+0000] {processor.py:925} INFO - DAG(s) 'extract_raw_data_pipeline' retrieved from /opt/airflow/dags/batch_generator.py
[2026-06-18T01:34:52.294+0000] {logging_mixin.py:190} INFO - [2026-06-18T01:34:52.294+0000] {dag.py:3239} INFO - Sync 1 DAGs
[2026-06-18T01:34:52.308+0000] {logging_mixin.py:190} INFO - [2026-06-18T01:34:52.308+0000] {dag.py:4180} INFO - Setting next_dagrun for extract_raw_data_pipeline to 2026-06-17 07:59:00+00:00, run_after=2026-06-18 07:00:00+00:00
[2026-06-18T01:34:52.322+0000] {processor.py:208} INFO - Processing /opt/airflow/dags/batch_generator.py took 0.136 seconds
[2026-06-18T01:35:22.536+0000] {processor.py:186} INFO - Started process (PID=394) to work on /opt/airflow/dags/batch_generator.py
[2026-06-18T01:35:22.538+0000] {processor.py:914} INFO - Processing file /opt/airflow/dags/batch_generator.py for tasks to queue
[2026-06-18T01:35:22.539+0000] {logging_mixin.py:190} INFO - [2026-06-18T01:35:22.539+0000] {dagbag.py:588} INFO - Filling up the DagBag from /opt/airflow/dags/batch_generator.py
[2026-06-18T01:35:22.638+0000] {processor.py:925} INFO - DAG(s) 'extract_raw_data_pipeline' retrieved from /opt/airflow/dags/batch_generator.py
[2026-06-18T01:35:22.655+0000] {logging_mixin.py:190} INFO - [2026-06-18T01:35:22.655+0000] {dag.py:3239} INFO - Sync 1 DAGs
[2026-06-18T01:35:22.667+0000] {logging_mixin.py:190} INFO - [2026-06-18T01:35:22.667+0000] {dag.py:4180} INFO - Setting next_dagrun for extract_raw_data_pipeline to 2026-06-17 07:59:00+00:00, run_after=2026-06-18 07:00:00+00:00
[2026-06-18T01:35:22.680+0000] {processor.py:208} INFO - Processing /opt/airflow/dags/batch_generator.py took 0.148 seconds
[2026-06-18T01:35:52.859+0000] {processor.py:186} INFO - Started process (PID=402) to work on /opt/airflow/dags/batch_generator.py
[2026-06-18T01:35:52.860+0000] {processor.py:914} INFO - Processing file /opt/airflow/dags/batch_generator.py for tasks to queue
[2026-06-18T01:35:52.862+0000] {logging_mixin.py:190} INFO - [2026-06-18T01:35:52.862+0000] {dagbag.py:588} INFO - Filling up the DagBag from /opt/airflow/dags/batch_generator.py
[2026-06-18T01:35:52.951+0000] {processor.py:925} INFO - DAG(s) 'extract_raw_data_pipeline' retrieved from /opt/airflow/dags/batch_generator.py
[2026-06-18T01:35:52.969+0000] {logging_mixin.py:190} INFO - [2026-06-18T01:35:52.969+0000] {dag.py:3239} INFO - Sync 1 DAGs
[2026-06-18T01:35:52.984+0000] {logging_mixin.py:190} INFO - [2026-06-18T01:35:52.984+0000] {dag.py:4180} INFO - Setting next_dagrun for extract_raw_data_pipeline to 2026-06-17 07:59:00+00:00, run_after=2026-06-18 07:00:00+00:00
[2026-06-18T01:35:52.999+0000] {processor.py:208} INFO - Processing /opt/airflow/dags/batch_generator.py took 0.143 seconds
[2026-06-18T01:36:23.276+0000] {processor.py:186} INFO - Started process (PID=410) to work on /opt/airflow/dags/batch_generator.py
[2026-06-18T01:36:23.277+0000] {processor.py:914} INFO - Processing file /opt/airflow/dags/batch_generator.py for tasks to queue
[2026-06-18T01:36:23.279+0000] {logging_mixin.py:190} INFO - [2026-06-18T01:36:23.279+0000] {dagbag.py:588} INFO - Filling up the DagBag from /opt/airflow/dags/batch_generator.py
[2026-06-18T01:36:23.375+0000] {processor.py:925} INFO - DAG(s) 'extract_raw_data_pipeline' retrieved from /opt/airflow/dags/batch_generator.py
[2026-06-18T01:36:23.391+0000] {logging_mixin.py:190} INFO - [2026-06-18T01:36:23.391+0000] {dag.py:3239} INFO - Sync 1 DAGs
[2026-06-18T01:36:23.404+0000] {logging_mixin.py:190} INFO - [2026-06-18T01:36:23.404+0000] {dag.py:4180} INFO - Setting next_dagrun for extract_raw_data_pipeline to 2026-06-17 07:59:00+00:00, run_after=2026-06-18 07:00:00+00:00
[2026-06-18T01:36:23.422+0000] {processor.py:208} INFO - Processing /opt/airflow/dags/batch_generator.py took 0.149 seconds
[2026-06-18T01:36:53.572+0000] {processor.py:186} INFO - Started process (PID=418) to work on /opt/airflow/dags/batch_generator.py
[2026-06-18T01:36:53.572+0000] {processor.py:914} INFO - Processing file /opt/airflow/dags/batch_generator.py for tasks to queue
[2026-06-18T01:36:53.574+0000] {logging_mixin.py:190} INFO - [2026-06-18T01:36:53.574+0000] {dagbag.py:588} INFO - Filling up the DagBag from /opt/airflow/dags/batch_generator.py
[2026-06-18T01:36:53.682+0000] {processor.py:925} INFO - DAG(s) 'extract_raw_data_pipeline' retrieved from /opt/airflow/dags/batch_generator.py
[2026-06-18T01:36:53.697+0000] {logging_mixin.py:190} INFO - [2026-06-18T01:36:53.697+0000] {dag.py:3239} INFO - Sync 1 DAGs
[2026-06-18T01:36:53.711+0000] {logging_mixin.py:190} INFO - [2026-06-18T01:36:53.711+0000] {dag.py:4180} INFO - Setting next_dagrun for extract_raw_data_pipeline to 2026-06-17 07:59:00+00:00, run_after=2026-06-18 07:00:00+00:00
[2026-06-18T01:36:53.724+0000] {processor.py:208} INFO - Processing /opt/airflow/dags/batch_generator.py took 0.156 seconds
[2026-06-18T01:37:23.871+0000] {processor.py:186} INFO - Started process (PID=426) to work on /opt/airflow/dags/batch_generator.py
[2026-06-18T01:37:23.872+0000] {processor.py:914} INFO - Processing file /opt/airflow/dags/batch_generator.py for tasks to queue
[2026-06-18T01:37:23.874+0000] {logging_mixin.py:190} INFO - [2026-06-18T01:37:23.873+0000] {dagbag.py:588} INFO - Filling up the DagBag from /opt/airflow/dags/batch_generator.py
[2026-06-18T01:37:23.961+0000] {processor.py:925} INFO - DAG(s) 'extract_raw_data_pipeline' retrieved from /opt/airflow/dags/batch_generator.py
[2026-06-18T01:37:23.977+0000] {logging_mixin.py:190} INFO - [2026-06-18T01:37:23.977+0000] {dag.py:3239} INFO - Sync 1 DAGs
[2026-06-18T01:37:23.990+0000] {logging_mixin.py:190} INFO - [2026-06-18T01:37:23.989+0000] {dag.py:4180} INFO - Setting next_dagrun for extract_raw_data_pipeline to 2026-06-17 07:59:00+00:00, run_after=2026-06-18 07:00:00+00:00
[2026-06-18T01:37:24.003+0000] {processor.py:208} INFO - Processing /opt/airflow/dags/batch_generator.py took 0.135 seconds
[2026-06-18T01:37:54.224+0000] {processor.py:186} INFO - Started process (PID=434) to work on /opt/airflow/dags/batch_generator.py
[2026-06-18T01:37:54.224+0000] {processor.py:914} INFO - Processing file /opt/airflow/dags/batch_generator.py for tasks to queue
[2026-06-18T01:37:54.226+0000] {logging_mixin.py:190} INFO - [2026-06-18T01:37:54.226+0000] {dagbag.py:588} INFO - Filling up the DagBag from /opt/airflow/dags/batch_generator.py
[2026-06-18T01:37:54.316+0000] {processor.py:925} INFO - DAG(s) 'extract_raw_data_pipeline' retrieved from /opt/airflow/dags/batch_generator.py
[2026-06-18T01:37:54.331+0000] {logging_mixin.py:190} INFO - [2026-06-18T01:37:54.331+0000] {dag.py:3239} INFO - Sync 1 DAGs
[2026-06-18T01:37:54.344+0000] {logging_mixin.py:190} INFO - [2026-06-18T01:37:54.344+0000] {dag.py:4180} INFO - Setting next_dagrun for extract_raw_data_pipeline to 2026-06-17 07:59:00+00:00, run_after=2026-06-18 07:00:00+00:00
[2026-06-18T01:37:54.356+0000] {processor.py:208} INFO - Processing /opt/airflow/dags/batch_generator.py took 0.136 seconds
[2026-06-18T01:38:24.567+0000] {processor.py:186} INFO - Started process (PID=442) to work on /opt/airflow/dags/batch_generator.py
[2026-06-18T01:38:24.568+0000] {processor.py:914} INFO - Processing file /opt/airflow/dags/batch_generator.py for tasks to queue
[2026-06-18T01:38:24.569+0000] {logging_mixin.py:190} INFO - [2026-06-18T01:38:24.569+0000] {dagbag.py:588} INFO - Filling up the DagBag from /opt/airflow/dags/batch_generator.py
[2026-06-18T01:38:24.658+0000] {processor.py:925} INFO - DAG(s) 'extract_raw_data_pipeline' retrieved from /opt/airflow/dags/batch_generator.py
[2026-06-18T01:38:24.673+0000] {logging_mixin.py:190} INFO - [2026-06-18T01:38:24.673+0000] {dag.py:3239} INFO - Sync 1 DAGs
[2026-06-18T01:38:24.686+0000] {logging_mixin.py:190} INFO - [2026-06-18T01:38:24.686+0000] {dag.py:4180} INFO - Setting next_dagrun for extract_raw_data_pipeline to 2026-06-17 07:59:00+00:00, run_after=2026-06-18 07:00:00+00:00
[2026-06-18T01:38:24.701+0000] {processor.py:208} INFO - Processing /opt/airflow/dags/batch_generator.py took 0.138 seconds
[2026-06-18T01:38:54.952+0000] {processor.py:186} INFO - Started process (PID=450) to work on /opt/airflow/dags/batch_generator.py
[2026-06-18T01:38:54.953+0000] {processor.py:914} INFO - Processing file /opt/airflow/dags/batch_generator.py for tasks to queue
[2026-06-18T01:38:54.954+0000] {logging_mixin.py:190} INFO - [2026-06-18T01:38:54.954+0000] {dagbag.py:588} INFO - Filling up the DagBag from /opt/airflow/dags/batch_generator.py
[2026-06-18T01:38:55.044+0000] {processor.py:925} INFO - DAG(s) 'extract_raw_data_pipeline' retrieved from /opt/airflow/dags/batch_generator.py
[2026-06-18T01:38:55.061+0000] {logging_mixin.py:190} INFO - [2026-06-18T01:38:55.060+0000] {dag.py:3239} INFO - Sync 1 DAGs
[2026-06-18T01:38:55.074+0000] {logging_mixin.py:190} INFO - [2026-06-18T01:38:55.074+0000] {dag.py:4180} INFO - Setting next_dagrun for extract_raw_data_pipeline to 2026-06-17 07:59:00+00:00, run_after=2026-06-18 07:00:00+00:00
[2026-06-18T01:38:55.087+0000] {processor.py:208} INFO - Processing /opt/airflow/dags/batch_generator.py took 0.139 seconds
[2026-06-18T01:39:25.289+0000] {processor.py:186} INFO - Started process (PID=458) to work on /opt/airflow/dags/batch_generator.py
[2026-06-18T01:39:25.289+0000] {processor.py:914} INFO - Processing file /opt/airflow/dags/batch_generator.py for tasks to queue
[2026-06-18T01:39:25.291+0000] {logging_mixin.py:190} INFO - [2026-06-18T01:39:25.291+0000] {dagbag.py:588} INFO - Filling up the DagBag from /opt/airflow/dags/batch_generator.py
[2026-06-18T01:39:25.378+0000] {processor.py:925} INFO - DAG(s) 'extract_raw_data_pipeline' retrieved from /opt/airflow/dags/batch_generator.py
[2026-06-18T01:39:25.393+0000] {logging_mixin.py:190} INFO - [2026-06-18T01:39:25.392+0000] {dag.py:3239} INFO - Sync 1 DAGs
[2026-06-18T01:39:25.405+0000] {logging_mixin.py:190} INFO - [2026-06-18T01:39:25.405+0000] {dag.py:4180} INFO - Setting next_dagrun for extract_raw_data_pipeline to 2026-06-17 07:59:00+00:00, run_after=2026-06-18 07:00:00+00:00
[2026-06-18T01:39:25.417+0000] {processor.py:208} INFO - Processing /opt/airflow/dags/batch_generator.py took 0.132 seconds
[2026-06-18T01:39:55.644+0000] {processor.py:186} INFO - Started process (PID=466) to work on /opt/airflow/dags/batch_generator.py
[2026-06-18T01:39:55.644+0000] {processor.py:914} INFO - Processing file /opt/airflow/dags/batch_generator.py for tasks to queue
[2026-06-18T01:39:55.646+0000] {logging_mixin.py:190} INFO - [2026-06-18T01:39:55.646+0000] {dagbag.py:588} INFO - Filling up the DagBag from /opt/airflow/dags/batch_generator.py
[2026-06-18T01:39:55.731+0000] {processor.py:925} INFO - DAG(s) 'extract_raw_data_pipeline' retrieved from /opt/airflow/dags/batch_generator.py
[2026-06-18T01:39:55.747+0000] {logging_mixin.py:190} INFO - [2026-06-18T01:39:55.747+0000] {dag.py:3239} INFO - Sync 1 DAGs
[2026-06-18T01:39:55.762+0000] {logging_mixin.py:190} INFO - [2026-06-18T01:39:55.762+0000] {dag.py:4180} INFO - Setting next_dagrun for extract_raw_data_pipeline to 2026-06-17 07:59:00+00:00, run_after=2026-06-18 07:00:00+00:00
[2026-06-18T01:39:55.777+0000] {processor.py:208} INFO - Processing /opt/airflow/dags/batch_generator.py took 0.136 seconds
[2026-06-18T01:40:25.939+0000] {processor.py:186} INFO - Started process (PID=474) to work on /opt/airflow/dags/batch_generator.py
[2026-06-18T01:40:25.940+0000] {processor.py:914} INFO - Processing file /opt/airflow/dags/batch_generator.py for tasks to queue
[2026-06-18T01:40:25.941+0000] {logging_mixin.py:190} INFO - [2026-06-18T01:40:25.941+0000] {dagbag.py:588} INFO - Filling up the DagBag from /opt/airflow/dags/batch_generator.py
[2026-06-18T01:40:26.039+0000] {processor.py:925} INFO - DAG(s) 'extract_raw_data_pipeline' retrieved from /opt/airflow/dags/batch_generator.py
[2026-06-18T01:40:26.055+0000] {logging_mixin.py:190} INFO - [2026-06-18T01:40:26.055+0000] {dag.py:3239} INFO - Sync 1 DAGs
[2026-06-18T01:40:26.069+0000] {logging_mixin.py:190} INFO - [2026-06-18T01:40:26.069+0000] {dag.py:4180} INFO - Setting next_dagrun for extract_raw_data_pipeline to 2026-06-17 07:59:00+00:00, run_after=2026-06-18 07:00:00+00:00
[2026-06-18T01:40:26.085+0000] {processor.py:208} INFO - Processing /opt/airflow/dags/batch_generator.py took 0.150 seconds
[2026-06-18T01:40:56.329+0000] {processor.py:186} INFO - Started process (PID=482) to work on /opt/airflow/dags/batch_generator.py
[2026-06-18T01:40:56.330+0000] {processor.py:914} INFO - Processing file /opt/airflow/dags/batch_generator.py for tasks to queue
[2026-06-18T01:40:56.331+0000] {logging_mixin.py:190} INFO - [2026-06-18T01:40:56.331+0000] {dagbag.py:588} INFO - Filling up the DagBag from /opt/airflow/dags/batch_generator.py
[2026-06-18T01:40:56.415+0000] {processor.py:925} INFO - DAG(s) 'extract_raw_data_pipeline' retrieved from /opt/airflow/dags/batch_generator.py
[2026-06-18T01:40:56.431+0000] {logging_mixin.py:190} INFO - [2026-06-18T01:40:56.431+0000] {dag.py:3239} INFO - Sync 1 DAGs
[2026-06-18T01:40:56.445+0000] {logging_mixin.py:190} INFO - [2026-06-18T01:40:56.445+0000] {dag.py:4180} INFO - Setting next_dagrun for extract_raw_data_pipeline to 2026-06-17 07:59:00+00:00, run_after=2026-06-18 07:00:00+00:00
[2026-06-18T01:40:56.459+0000] {processor.py:208} INFO - Processing /opt/airflow/dags/batch_generator.py took 0.133 seconds
[2026-06-18T01:41:26.646+0000] {processor.py:186} INFO - Started process (PID=490) to work on /opt/airflow/dags/batch_generator.py
[2026-06-18T01:41:26.647+0000] {processor.py:914} INFO - Processing file /opt/airflow/dags/batch_generator.py for tasks to queue
[2026-06-18T01:41:26.648+0000] {logging_mixin.py:190} INFO - [2026-06-18T01:41:26.648+0000] {dagbag.py:588} INFO - Filling up the DagBag from /opt/airflow/dags/batch_generator.py
[2026-06-18T01:41:26.768+0000] {processor.py:925} INFO - DAG(s) 'extract_raw_data_pipeline' retrieved from /opt/airflow/dags/batch_generator.py
[2026-06-18T01:41:26.784+0000] {logging_mixin.py:190} INFO - [2026-06-18T01:41:26.784+0000] {dag.py:3239} INFO - Sync 1 DAGs
[2026-06-18T01:41:26.798+0000] {logging_mixin.py:190} INFO - [2026-06-18T01:41:26.798+0000] {dag.py:4180} INFO - Setting next_dagrun for extract_raw_data_pipeline to 2026-06-17 07:59:00+00:00, run_after=2026-06-18 07:00:00+00:00
[2026-06-18T01:41:26.811+0000] {processor.py:208} INFO - Processing /opt/airflow/dags/batch_generator.py took 0.176 seconds
[2026-06-18T01:41:56.981+0000] {processor.py:186} INFO - Started process (PID=498) to work on /opt/airflow/dags/batch_generator.py
[2026-06-18T01:41:56.982+0000] {processor.py:914} INFO - Processing file /opt/airflow/dags/batch_generator.py for tasks to queue
[2026-06-18T01:41:56.983+0000] {logging_mixin.py:190} INFO - [2026-06-18T01:41:56.983+0000] {dagbag.py:588} INFO - Filling up the DagBag from /opt/airflow/dags/batch_generator.py
[2026-06-18T01:41:57.070+0000] {processor.py:925} INFO - DAG(s) 'extract_raw_data_pipeline' retrieved from /opt/airflow/dags/batch_generator.py
[2026-06-18T01:41:57.086+0000] {logging_mixin.py:190} INFO - [2026-06-18T01:41:57.086+0000] {dag.py:3239} INFO - Sync 1 DAGs
[2026-06-18T01:41:57.100+0000] {logging_mixin.py:190} INFO - [2026-06-18T01:41:57.100+0000] {dag.py:4180} INFO - Setting next_dagrun for extract_raw_data_pipeline to 2026-06-17 07:59:00+00:00, run_after=2026-06-18 07:00:00+00:00
[2026-06-18T01:41:57.113+0000] {processor.py:208} INFO - Processing /opt/airflow/dags/batch_generator.py took 0.136 seconds
[2026-06-18T01:42:27.410+0000] {processor.py:186} INFO - Started process (PID=506) to work on /opt/airflow/dags/batch_generator.py
[2026-06-18T01:42:27.410+0000] {processor.py:914} INFO - Processing file /opt/airflow/dags/batch_generator.py for tasks to queue
[2026-06-18T01:42:27.412+0000] {logging_mixin.py:190} INFO - [2026-06-18T01:42:27.412+0000] {dagbag.py:588} INFO - Filling up the DagBag from /opt/airflow/dags/batch_generator.py
[2026-06-18T01:42:27.497+0000] {processor.py:925} INFO - DAG(s) 'extract_raw_data_pipeline' retrieved from /opt/airflow/dags/batch_generator.py
[2026-06-18T01:42:27.514+0000] {logging_mixin.py:190} INFO - [2026-06-18T01:42:27.514+0000] {dag.py:3239} INFO - Sync 1 DAGs
[2026-06-18T01:42:27.527+0000] {logging_mixin.py:190} INFO - [2026-06-18T01:42:27.527+0000] {dag.py:4180} INFO - Setting next_dagrun for extract_raw_data_pipeline to 2026-06-17 07:59:00+00:00, run_after=2026-06-18 07:00:00+00:00
[2026-06-18T01:42:27.540+0000] {processor.py:208} INFO - Processing /opt/airflow/dags/batch_generator.py took 0.134 seconds
[2026-06-18T01:42:57.706+0000] {processor.py:186} INFO - Started process (PID=514) to work on /opt/airflow/dags/batch_generator.py
[2026-06-18T01:42:57.706+0000] {processor.py:914} INFO - Processing file /opt/airflow/dags/batch_generator.py for tasks to queue
[2026-06-18T01:42:57.708+0000] {logging_mixin.py:190} INFO - [2026-06-18T01:42:57.708+0000] {dagbag.py:588} INFO - Filling up the DagBag from /opt/airflow/dags/batch_generator.py
[2026-06-18T01:42:57.793+0000] {processor.py:925} INFO - DAG(s) 'extract_raw_data_pipeline' retrieved from /opt/airflow/dags/batch_generator.py
[2026-06-18T01:42:57.807+0000] {logging_mixin.py:190} INFO - [2026-06-18T01:42:57.807+0000] {dag.py:3239} INFO - Sync 1 DAGs
[2026-06-18T01:42:57.819+0000] {logging_mixin.py:190} INFO - [2026-06-18T01:42:57.819+0000] {dag.py:4180} INFO - Setting next_dagrun for extract_raw_data_pipeline to 2026-06-17 07:59:00+00:00, run_after=2026-06-18 07:00:00+00:00
[2026-06-18T01:42:57.832+0000] {processor.py:208} INFO - Processing /opt/airflow/dags/batch_generator.py took 0.130 seconds
[2026-06-18T01:43:28.043+0000] {processor.py:186} INFO - Started process (PID=522) to work on /opt/airflow/dags/batch_generator.py
[2026-06-18T01:43:28.043+0000] {processor.py:914} INFO - Processing file /opt/airflow/dags/batch_generator.py for tasks to queue
[2026-06-18T01:43:28.045+0000] {logging_mixin.py:190} INFO - [2026-06-18T01:43:28.045+0000] {dagbag.py:588} INFO - Filling up the DagBag from /opt/airflow/dags/batch_generator.py
[2026-06-18T01:43:28.143+0000] {processor.py:925} INFO - DAG(s) 'extract_raw_data_pipeline' retrieved from /opt/airflow/dags/batch_generator.py
[2026-06-18T01:43:28.158+0000] {logging_mixin.py:190} INFO - [2026-06-18T01:43:28.158+0000] {dag.py:3239} INFO - Sync 1 DAGs
[2026-06-18T01:43:28.172+0000] {logging_mixin.py:190} INFO - [2026-06-18T01:43:28.172+0000] {dag.py:4180} INFO - Setting next_dagrun for extract_raw_data_pipeline to 2026-06-17 07:59:00+00:00, run_after=2026-06-18 07:00:00+00:00
[2026-06-18T01:43:28.190+0000] {processor.py:208} INFO - Processing /opt/airflow/dags/batch_generator.py took 0.151 seconds
[2026-06-18T01:43:58.320+0000] {processor.py:186} INFO - Started process (PID=530) to work on /opt/airflow/dags/batch_generator.py
[2026-06-18T01:43:58.321+0000] {processor.py:914} INFO - Processing file /opt/airflow/dags/batch_generator.py for tasks to queue
[2026-06-18T01:43:58.323+0000] {logging_mixin.py:190} INFO - [2026-06-18T01:43:58.322+0000] {dagbag.py:588} INFO - Filling up the DagBag from /opt/airflow/dags/batch_generator.py
[2026-06-18T01:43:58.416+0000] {processor.py:925} INFO - DAG(s) 'extract_raw_data_pipeline' retrieved from /opt/airflow/dags/batch_generator.py
[2026-06-18T01:43:58.435+0000] {logging_mixin.py:190} INFO - [2026-06-18T01:43:58.435+0000] {dag.py:3239} INFO - Sync 1 DAGs
[2026-06-18T01:43:58.450+0000] {logging_mixin.py:190} INFO - [2026-06-18T01:43:58.450+0000] {dag.py:4180} INFO - Setting next_dagrun for extract_raw_data_pipeline to 2026-06-17 07:59:00+00:00, run_after=2026-06-18 07:00:00+00:00
[2026-06-18T01:43:58.467+0000] {processor.py:208} INFO - Processing /opt/airflow/dags/batch_generator.py took 0.151 seconds
[2026-06-18T01:44:28.745+0000] {processor.py:186} INFO - Started process (PID=538) to work on /opt/airflow/dags/batch_generator.py
[2026-06-18T01:44:28.746+0000] {processor.py:914} INFO - Processing file /opt/airflow/dags/batch_generator.py for tasks to queue
[2026-06-18T01:44:28.748+0000] {logging_mixin.py:190} INFO - [2026-06-18T01:44:28.748+0000] {dagbag.py:588} INFO - Filling up the DagBag from /opt/airflow/dags/batch_generator.py
[2026-06-18T01:44:28.849+0000] {processor.py:925} INFO - DAG(s) 'extract_raw_data_pipeline' retrieved from /opt/airflow/dags/batch_generator.py
[2026-06-18T01:44:28.865+0000] {logging_mixin.py:190} INFO - [2026-06-18T01:44:28.865+0000] {dag.py:3239} INFO - Sync 1 DAGs
[2026-06-18T01:44:28.879+0000] {logging_mixin.py:190} INFO - [2026-06-18T01:44:28.879+0000] {dag.py:4180} INFO - Setting next_dagrun for extract_raw_data_pipeline to 2026-06-17 07:59:00+00:00, run_after=2026-06-18 07:00:00+00:00
[2026-06-18T01:44:28.901+0000] {processor.py:208} INFO - Processing /opt/airflow/dags/batch_generator.py took 0.161 seconds
[2026-06-18T01:44:58.994+0000] {processor.py:186} INFO - Started process (PID=545) to work on /opt/airflow/dags/batch_generator.py
[2026-06-18T01:44:58.995+0000] {processor.py:914} INFO - Processing file /opt/airflow/dags/batch_generator.py for tasks to queue
[2026-06-18T01:44:58.997+0000] {logging_mixin.py:190} INFO - [2026-06-18T01:44:58.997+0000] {dagbag.py:588} INFO - Filling up the DagBag from /opt/airflow/dags/batch_generator.py
[2026-06-18T01:44:59.097+0000] {processor.py:925} INFO - DAG(s) 'extract_raw_data_pipeline' retrieved from /opt/airflow/dags/batch_generator.py
[2026-06-18T01:44:59.114+0000] {logging_mixin.py:190} INFO - [2026-06-18T01:44:59.114+0000] {dag.py:3239} INFO - Sync 1 DAGs
[2026-06-18T01:44:59.132+0000] {logging_mixin.py:190} INFO - [2026-06-18T01:44:59.131+0000] {dag.py:4180} INFO - Setting next_dagrun for extract_raw_data_pipeline to 2026-06-17 07:59:00+00:00, run_after=2026-06-18 07:00:00+00:00
[2026-06-18T01:44:59.147+0000] {processor.py:208} INFO - Processing /opt/airflow/dags/batch_generator.py took 0.158 seconds
[2026-06-18T01:45:29.394+0000] {processor.py:186} INFO - Started process (PID=553) to work on /opt/airflow/dags/batch_generator.py
[2026-06-18T01:45:29.395+0000] {processor.py:914} INFO - Processing file /opt/airflow/dags/batch_generator.py for tasks to queue
[2026-06-18T01:45:29.397+0000] {logging_mixin.py:190} INFO - [2026-06-18T01:45:29.396+0000] {dagbag.py:588} INFO - Filling up the DagBag from /opt/airflow/dags/batch_generator.py
[2026-06-18T01:45:29.501+0000] {processor.py:925} INFO - DAG(s) 'extract_raw_data_pipeline' retrieved from /opt/airflow/dags/batch_generator.py
[2026-06-18T01:45:29.517+0000] {logging_mixin.py:190} INFO - [2026-06-18T01:45:29.516+0000] {dag.py:3239} INFO - Sync 1 DAGs
[2026-06-18T01:45:29.531+0000] {logging_mixin.py:190} INFO - [2026-06-18T01:45:29.531+0000] {dag.py:4180} INFO - Setting next_dagrun for extract_raw_data_pipeline to 2026-06-17 07:59:00+00:00, run_after=2026-06-18 07:00:00+00:00
[2026-06-18T01:45:29.544+0000] {processor.py:208} INFO - Processing /opt/airflow/dags/batch_generator.py took 0.154 seconds
[2026-06-18T01:45:59.606+0000] {processor.py:186} INFO - Started process (PID=561) to work on /opt/airflow/dags/batch_generator.py
[2026-06-18T01:45:59.607+0000] {processor.py:914} INFO - Processing file /opt/airflow/dags/batch_generator.py for tasks to queue
[2026-06-18T01:45:59.610+0000] {logging_mixin.py:190} INFO - [2026-06-18T01:45:59.609+0000] {dagbag.py:588} INFO - Filling up the DagBag from /opt/airflow/dags/batch_generator.py
[2026-06-18T01:45:59.719+0000] {processor.py:925} INFO - DAG(s) 'extract_raw_data_pipeline' retrieved from /opt/airflow/dags/batch_generator.py
[2026-06-18T01:45:59.736+0000] {logging_mixin.py:190} INFO - [2026-06-18T01:45:59.736+0000] {dag.py:3239} INFO - Sync 1 DAGs
[2026-06-18T01:45:59.752+0000] {logging_mixin.py:190} INFO - [2026-06-18T01:45:59.752+0000] {dag.py:4180} INFO - Setting next_dagrun for extract_raw_data_pipeline to 2026-06-17 07:59:00+00:00, run_after=2026-06-18 07:00:00+00:00
[2026-06-18T01:45:59.765+0000] {processor.py:208} INFO - Processing /opt/airflow/dags/batch_generator.py took 0.163 seconds
[2026-06-18T01:46:29.808+0000] {processor.py:186} INFO - Started process (PID=569) to work on /opt/airflow/dags/batch_generator.py
[2026-06-18T01:46:29.809+0000] {processor.py:914} INFO - Processing file /opt/airflow/dags/batch_generator.py for tasks to queue
[2026-06-18T01:46:29.811+0000] {logging_mixin.py:190} INFO - [2026-06-18T01:46:29.810+0000] {dagbag.py:588} INFO - Filling up the DagBag from /opt/airflow/dags/batch_generator.py
[2026-06-18T01:46:29.897+0000] {processor.py:925} INFO - DAG(s) 'extract_raw_data_pipeline' retrieved from /opt/airflow/dags/batch_generator.py
[2026-06-18T01:46:29.915+0000] {logging_mixin.py:190} INFO - [2026-06-18T01:46:29.915+0000] {dag.py:3239} INFO - Sync 1 DAGs
[2026-06-18T01:46:29.929+0000] {logging_mixin.py:190} INFO - [2026-06-18T01:46:29.929+0000] {dag.py:4180} INFO - Setting next_dagrun for extract_raw_data_pipeline to 2026-06-17 07:59:00+00:00, run_after=2026-06-18 07:00:00+00:00
[2026-06-18T01:46:29.942+0000] {processor.py:208} INFO - Processing /opt/airflow/dags/batch_generator.py took 0.138 seconds
[2026-06-18T01:47:00.109+0000] {processor.py:186} INFO - Started process (PID=577) to work on /opt/airflow/dags/batch_generator.py
[2026-06-18T01:47:00.110+0000] {processor.py:914} INFO - Processing file /opt/airflow/dags/batch_generator.py for tasks to queue
[2026-06-18T01:47:00.112+0000] {logging_mixin.py:190} INFO - [2026-06-18T01:47:00.111+0000] {dagbag.py:588} INFO - Filling up the DagBag from /opt/airflow/dags/batch_generator.py
[2026-06-18T01:47:00.209+0000] {processor.py:925} INFO - DAG(s) 'extract_raw_data_pipeline' retrieved from /opt/airflow/dags/batch_generator.py
[2026-06-18T01:47:00.226+0000] {logging_mixin.py:190} INFO - [2026-06-18T01:47:00.226+0000] {dag.py:3239} INFO - Sync 1 DAGs
[2026-06-18T01:47:00.241+0000] {logging_mixin.py:190} INFO - [2026-06-18T01:47:00.241+0000] {dag.py:4180} INFO - Setting next_dagrun for extract_raw_data_pipeline to 2026-06-17 07:59:00+00:00, run_after=2026-06-18 07:00:00+00:00
[2026-06-18T01:47:00.255+0000] {processor.py:208} INFO - Processing /opt/airflow/dags/batch_generator.py took 0.150 seconds
[2026-06-18T01:47:30.413+0000] {processor.py:186} INFO - Started process (PID=585) to work on /opt/airflow/dags/batch_generator.py
[2026-06-18T01:47:30.414+0000] {processor.py:914} INFO - Processing file /opt/airflow/dags/batch_generator.py for tasks to queue
[2026-06-18T01:47:30.415+0000] {logging_mixin.py:190} INFO - [2026-06-18T01:47:30.415+0000] {dagbag.py:588} INFO - Filling up the DagBag from /opt/airflow/dags/batch_generator.py
[2026-06-18T01:47:30.499+0000] {processor.py:925} INFO - DAG(s) 'extract_raw_data_pipeline' retrieved from /opt/airflow/dags/batch_generator.py
[2026-06-18T01:47:30.515+0000] {logging_mixin.py:190} INFO - [2026-06-18T01:47:30.515+0000] {dag.py:3239} INFO - Sync 1 DAGs
[2026-06-18T01:47:30.528+0000] {logging_mixin.py:190} INFO - [2026-06-18T01:47:30.528+0000] {dag.py:4180} INFO - Setting next_dagrun for extract_raw_data_pipeline to 2026-06-17 07:59:00+00:00, run_after=2026-06-18 07:00:00+00:00
[2026-06-18T01:47:30.542+0000] {processor.py:208} INFO - Processing /opt/airflow/dags/batch_generator.py took 0.132 seconds
[2026-06-18T01:48:00.652+0000] {processor.py:186} INFO - Started process (PID=593) to work on /opt/airflow/dags/batch_generator.py
[2026-06-18T01:48:00.653+0000] {processor.py:914} INFO - Processing file /opt/airflow/dags/batch_generator.py for tasks to queue
[2026-06-18T01:48:00.655+0000] {logging_mixin.py:190} INFO - [2026-06-18T01:48:00.655+0000] {dagbag.py:588} INFO - Filling up the DagBag from /opt/airflow/dags/batch_generator.py
[2026-06-18T01:48:00.752+0000] {processor.py:925} INFO - DAG(s) 'extract_raw_data_pipeline' retrieved from /opt/airflow/dags/batch_generator.py
[2026-06-18T01:48:00.771+0000] {logging_mixin.py:190} INFO - [2026-06-18T01:48:00.770+0000] {dag.py:3239} INFO - Sync 1 DAGs
[2026-06-18T01:48:00.796+0000] {logging_mixin.py:190} INFO - [2026-06-18T01:48:00.795+0000] {dag.py:4180} INFO - Setting next_dagrun for extract_raw_data_pipeline to 2026-06-17 07:59:00+00:00, run_after=2026-06-18 07:00:00+00:00
[2026-06-18T01:48:00.808+0000] {processor.py:208} INFO - Processing /opt/airflow/dags/batch_generator.py took 0.160 seconds
[2026-06-18T01:48:30.919+0000] {processor.py:186} INFO - Started process (PID=601) to work on /opt/airflow/dags/batch_generator.py
[2026-06-18T01:48:30.919+0000] {processor.py:914} INFO - Processing file /opt/airflow/dags/batch_generator.py for tasks to queue
[2026-06-18T01:48:30.921+0000] {logging_mixin.py:190} INFO - [2026-06-18T01:48:30.921+0000] {dagbag.py:588} INFO - Filling up the DagBag from /opt/airflow/dags/batch_generator.py
[2026-06-18T01:48:31.011+0000] {processor.py:925} INFO - DAG(s) 'extract_raw_data_pipeline' retrieved from /opt/airflow/dags/batch_generator.py
[2026-06-18T01:48:31.045+0000] {logging_mixin.py:190} INFO - [2026-06-18T01:48:31.045+0000] {dag.py:3239} INFO - Sync 1 DAGs
[2026-06-18T01:48:31.059+0000] {logging_mixin.py:190} INFO - [2026-06-18T01:48:31.059+0000] {dag.py:4180} INFO - Setting next_dagrun for extract_raw_data_pipeline to 2026-06-17 07:59:00+00:00, run_after=2026-06-18 07:00:00+00:00
[2026-06-18T01:48:31.073+0000] {processor.py:208} INFO - Processing /opt/airflow/dags/batch_generator.py took 0.159 seconds
[2026-06-18T01:49:01.279+0000] {processor.py:186} INFO - Started process (PID=609) to work on /opt/airflow/dags/batch_generator.py
[2026-06-18T01:49:01.280+0000] {processor.py:914} INFO - Processing file /opt/airflow/dags/batch_generator.py for tasks to queue
[2026-06-18T01:49:01.281+0000] {logging_mixin.py:190} INFO - [2026-06-18T01:49:01.281+0000] {dagbag.py:588} INFO - Filling up the DagBag from /opt/airflow/dags/batch_generator.py
[2026-06-18T01:49:01.373+0000] {processor.py:925} INFO - DAG(s) 'extract_raw_data_pipeline' retrieved from /opt/airflow/dags/batch_generator.py
[2026-06-18T01:49:01.391+0000] {logging_mixin.py:190} INFO - [2026-06-18T01:49:01.391+0000] {dag.py:3239} INFO - Sync 1 DAGs
[2026-06-18T01:49:01.405+0000] {logging_mixin.py:190} INFO - [2026-06-18T01:49:01.405+0000] {dag.py:4180} INFO - Setting next_dagrun for extract_raw_data_pipeline to 2026-06-17 07:59:00+00:00, run_after=2026-06-18 07:00:00+00:00
[2026-06-18T01:49:01.421+0000] {processor.py:208} INFO - Processing /opt/airflow/dags/batch_generator.py took 0.146 seconds
[2026-06-18T01:49:31.591+0000] {processor.py:186} INFO - Started process (PID=617) to work on /opt/airflow/dags/batch_generator.py
[2026-06-18T01:49:31.592+0000] {processor.py:914} INFO - Processing file /opt/airflow/dags/batch_generator.py for tasks to queue
[2026-06-18T01:49:31.593+0000] {logging_mixin.py:190} INFO - [2026-06-18T01:49:31.593+0000] {dagbag.py:588} INFO - Filling up the DagBag from /opt/airflow/dags/batch_generator.py
[2026-06-18T01:49:31.693+0000] {processor.py:925} INFO - DAG(s) 'extract_raw_data_pipeline' retrieved from /opt/airflow/dags/batch_generator.py
[2026-06-18T01:49:31.713+0000] {logging_mixin.py:190} INFO - [2026-06-18T01:49:31.713+0000] {dag.py:3239} INFO - Sync 1 DAGs
[2026-06-18T01:49:31.734+0000] {logging_mixin.py:190} INFO - [2026-06-18T01:49:31.734+0000] {dag.py:4180} INFO - Setting next_dagrun for extract_raw_data_pipeline to 2026-06-17 07:59:00+00:00, run_after=2026-06-18 07:00:00+00:00
[2026-06-18T01:49:31.753+0000] {processor.py:208} INFO - Processing /opt/airflow/dags/batch_generator.py took 0.167 seconds
[2026-06-18T01:50:01.844+0000] {processor.py:186} INFO - Started process (PID=625) to work on /opt/airflow/dags/batch_generator.py
[2026-06-18T01:50:01.845+0000] {processor.py:914} INFO - Processing file /opt/airflow/dags/batch_generator.py for tasks to queue
[2026-06-18T01:50:01.847+0000] {logging_mixin.py:190} INFO - [2026-06-18T01:50:01.846+0000] {dagbag.py:588} INFO - Filling up the DagBag from /opt/airflow/dags/batch_generator.py
[2026-06-18T01:50:01.959+0000] {processor.py:925} INFO - DAG(s) 'extract_raw_data_pipeline' retrieved from /opt/airflow/dags/batch_generator.py
[2026-06-18T01:50:01.976+0000] {logging_mixin.py:190} INFO - [2026-06-18T01:50:01.976+0000] {dag.py:3239} INFO - Sync 1 DAGs
[2026-06-18T01:50:01.995+0000] {logging_mixin.py:190} INFO - [2026-06-18T01:50:01.995+0000] {dag.py:4180} INFO - Setting next_dagrun for extract_raw_data_pipeline to 2026-06-17 07:59:00+00:00, run_after=2026-06-18 07:00:00+00:00
[2026-06-18T01:50:02.009+0000] {processor.py:208} INFO - Processing /opt/airflow/dags/batch_generator.py took 0.170 seconds
[2026-06-18T01:50:32.188+0000] {processor.py:186} INFO - Started process (PID=633) to work on /opt/airflow/dags/batch_generator.py
[2026-06-18T01:50:32.188+0000] {processor.py:914} INFO - Processing file /opt/airflow/dags/batch_generator.py for tasks to queue
[2026-06-18T01:50:32.191+0000] {logging_mixin.py:190} INFO - [2026-06-18T01:50:32.191+0000] {dagbag.py:588} INFO - Filling up the DagBag from /opt/airflow/dags/batch_generator.py
[2026-06-18T01:50:32.294+0000] {processor.py:925} INFO - DAG(s) 'extract_raw_data_pipeline' retrieved from /opt/airflow/dags/batch_generator.py
[2026-06-18T01:50:32.311+0000] {logging_mixin.py:190} INFO - [2026-06-18T01:50:32.311+0000] {dag.py:3239} INFO - Sync 1 DAGs
[2026-06-18T01:50:32.327+0000] {logging_mixin.py:190} INFO - [2026-06-18T01:50:32.327+0000] {dag.py:4180} INFO - Setting next_dagrun for extract_raw_data_pipeline to 2026-06-17 07:59:00+00:00, run_after=2026-06-18 07:00:00+00:00
[2026-06-18T01:50:32.344+0000] {processor.py:208} INFO - Processing /opt/airflow/dags/batch_generator.py took 0.161 seconds
[2026-06-18T01:51:02.423+0000] {processor.py:186} INFO - Started process (PID=641) to work on /opt/airflow/dags/batch_generator.py
[2026-06-18T01:51:02.424+0000] {processor.py:914} INFO - Processing file /opt/airflow/dags/batch_generator.py for tasks to queue
[2026-06-18T01:51:02.425+0000] {logging_mixin.py:190} INFO - [2026-06-18T01:51:02.425+0000] {dagbag.py:588} INFO - Filling up the DagBag from /opt/airflow/dags/batch_generator.py
[2026-06-18T01:51:02.512+0000] {processor.py:925} INFO - DAG(s) 'extract_raw_data_pipeline' retrieved from /opt/airflow/dags/batch_generator.py
[2026-06-18T01:51:02.528+0000] {logging_mixin.py:190} INFO - [2026-06-18T01:51:02.528+0000] {dag.py:3239} INFO - Sync 1 DAGs
[2026-06-18T01:51:02.542+0000] {logging_mixin.py:190} INFO - [2026-06-18T01:51:02.541+0000] {dag.py:4180} INFO - Setting next_dagrun for extract_raw_data_pipeline to 2026-06-17 07:59:00+00:00, run_after=2026-06-18 07:00:00+00:00
[2026-06-18T01:51:02.561+0000] {processor.py:208} INFO - Processing /opt/airflow/dags/batch_generator.py took 0.142 seconds
[2026-06-18T01:51:32.696+0000] {processor.py:186} INFO - Started process (PID=649) to work on /opt/airflow/dags/batch_generator.py
[2026-06-18T01:51:32.696+0000] {processor.py:914} INFO - Processing file /opt/airflow/dags/batch_generator.py for tasks to queue
[2026-06-18T01:51:32.698+0000] {logging_mixin.py:190} INFO - [2026-06-18T01:51:32.698+0000] {dagbag.py:588} INFO - Filling up the DagBag from /opt/airflow/dags/batch_generator.py
[2026-06-18T01:51:32.790+0000] {processor.py:925} INFO - DAG(s) 'extract_raw_data_pipeline' retrieved from /opt/airflow/dags/batch_generator.py
[2026-06-18T01:51:32.806+0000] {logging_mixin.py:190} INFO - [2026-06-18T01:51:32.806+0000] {dag.py:3239} INFO - Sync 1 DAGs
[2026-06-18T01:51:32.822+0000] {logging_mixin.py:190} INFO - [2026-06-18T01:51:32.822+0000] {dag.py:4180} INFO - Setting next_dagrun for extract_raw_data_pipeline to 2026-06-17 07:59:00+00:00, run_after=2026-06-18 07:00:00+00:00
[2026-06-18T01:51:32.838+0000] {processor.py:208} INFO - Processing /opt/airflow/dags/batch_generator.py took 0.146 seconds
[2026-06-18T01:52:02.992+0000] {processor.py:186} INFO - Started process (PID=657) to work on /opt/airflow/dags/batch_generator.py
[2026-06-18T01:52:02.993+0000] {processor.py:914} INFO - Processing file /opt/airflow/dags/batch_generator.py for tasks to queue
[2026-06-18T01:52:02.994+0000] {logging_mixin.py:190} INFO - [2026-06-18T01:52:02.994+0000] {dagbag.py:588} INFO - Filling up the DagBag from /opt/airflow/dags/batch_generator.py
[2026-06-18T01:52:03.083+0000] {processor.py:925} INFO - DAG(s) 'extract_raw_data_pipeline' retrieved from /opt/airflow/dags/batch_generator.py
[2026-06-18T01:52:03.099+0000] {logging_mixin.py:190} INFO - [2026-06-18T01:52:03.099+0000] {dag.py:3239} INFO - Sync 1 DAGs
[2026-06-18T01:52:03.114+0000] {logging_mixin.py:190} INFO - [2026-06-18T01:52:03.114+0000] {dag.py:4180} INFO - Setting next_dagrun for extract_raw_data_pipeline to 2026-06-17 07:59:00+00:00, run_after=2026-06-18 07:00:00+00:00
[2026-06-18T01:52:03.128+0000] {processor.py:208} INFO - Processing /opt/airflow/dags/batch_generator.py took 0.140 seconds
[2026-06-18T01:52:33.286+0000] {processor.py:186} INFO - Started process (PID=665) to work on /opt/airflow/dags/batch_generator.py
[2026-06-18T01:52:33.286+0000] {processor.py:914} INFO - Processing file /opt/airflow/dags/batch_generator.py for tasks to queue
[2026-06-18T01:52:33.288+0000] {logging_mixin.py:190} INFO - [2026-06-18T01:52:33.288+0000] {dagbag.py:588} INFO - Filling up the DagBag from /opt/airflow/dags/batch_generator.py
[2026-06-18T01:52:33.377+0000] {processor.py:925} INFO - DAG(s) 'extract_raw_data_pipeline' retrieved from /opt/airflow/dags/batch_generator.py
[2026-06-18T01:52:33.394+0000] {logging_mixin.py:190} INFO - [2026-06-18T01:52:33.394+0000] {dag.py:3239} INFO - Sync 1 DAGs
[2026-06-18T01:52:33.407+0000] {logging_mixin.py:190} INFO - [2026-06-18T01:52:33.407+0000] {dag.py:4180} INFO - Setting next_dagrun for extract_raw_data_pipeline to 2026-06-17 07:59:00+00:00, run_after=2026-06-18 07:00:00+00:00
[2026-06-18T01:52:33.420+0000] {processor.py:208} INFO - Processing /opt/airflow/dags/batch_generator.py took 0.138 seconds
[2026-06-18T01:53:03.616+0000] {processor.py:186} INFO - Started process (PID=673) to work on /opt/airflow/dags/batch_generator.py
[2026-06-18T01:53:03.617+0000] {processor.py:914} INFO - Processing file /opt/airflow/dags/batch_generator.py for tasks to queue
[2026-06-18T01:53:03.619+0000] {logging_mixin.py:190} INFO - [2026-06-18T01:53:03.618+0000] {dagbag.py:588} INFO - Filling up the DagBag from /opt/airflow/dags/batch_generator.py
[2026-06-18T01:53:03.719+0000] {processor.py:925} INFO - DAG(s) 'extract_raw_data_pipeline' retrieved from /opt/airflow/dags/batch_generator.py
[2026-06-18T01:53:03.738+0000] {logging_mixin.py:190} INFO - [2026-06-18T01:53:03.738+0000] {dag.py:3239} INFO - Sync 1 DAGs
[2026-06-18T01:53:03.756+0000] {logging_mixin.py:190} INFO - [2026-06-18T01:53:03.756+0000] {dag.py:4180} INFO - Setting next_dagrun for extract_raw_data_pipeline to 2026-06-17 07:59:00+00:00, run_after=2026-06-18 07:00:00+00:00
[2026-06-18T01:53:03.770+0000] {processor.py:208} INFO - Processing /opt/airflow/dags/batch_generator.py took 0.158 seconds
[2026-06-18T01:53:33.829+0000] {processor.py:186} INFO - Started process (PID=681) to work on /opt/airflow/dags/batch_generator.py
[2026-06-18T01:53:33.829+0000] {processor.py:914} INFO - Processing file /opt/airflow/dags/batch_generator.py for tasks to queue
[2026-06-18T01:53:33.831+0000] {logging_mixin.py:190} INFO - [2026-06-18T01:53:33.831+0000] {dagbag.py:588} INFO - Filling up the DagBag from /opt/airflow/dags/batch_generator.py
[2026-06-18T01:53:33.920+0000] {processor.py:925} INFO - DAG(s) 'extract_raw_data_pipeline' retrieved from /opt/airflow/dags/batch_generator.py
[2026-06-18T01:53:33.938+0000] {logging_mixin.py:190} INFO - [2026-06-18T01:53:33.938+0000] {dag.py:3239} INFO - Sync 1 DAGs
[2026-06-18T01:53:33.951+0000] {logging_mixin.py:190} INFO - [2026-06-18T01:53:33.950+0000] {dag.py:4180} INFO - Setting next_dagrun for extract_raw_data_pipeline to 2026-06-17 07:59:00+00:00, run_after=2026-06-18 07:00:00+00:00
[2026-06-18T01:53:33.969+0000] {processor.py:208} INFO - Processing /opt/airflow/dags/batch_generator.py took 0.145 seconds
[2026-06-18T01:54:04.196+0000] {processor.py:186} INFO - Started process (PID=689) to work on /opt/airflow/dags/batch_generator.py
[2026-06-18T01:54:04.197+0000] {processor.py:914} INFO - Processing file /opt/airflow/dags/batch_generator.py for tasks to queue
[2026-06-18T01:54:04.199+0000] {logging_mixin.py:190} INFO - [2026-06-18T01:54:04.199+0000] {dagbag.py:588} INFO - Filling up the DagBag from /opt/airflow/dags/batch_generator.py
[2026-06-18T01:54:04.296+0000] {processor.py:925} INFO - DAG(s) 'extract_raw_data_pipeline' retrieved from /opt/airflow/dags/batch_generator.py
[2026-06-18T01:54:04.311+0000] {logging_mixin.py:190} INFO - [2026-06-18T01:54:04.311+0000] {dag.py:3239} INFO - Sync 1 DAGs
[2026-06-18T01:54:04.326+0000] {logging_mixin.py:190} INFO - [2026-06-18T01:54:04.326+0000] {dag.py:4180} INFO - Setting next_dagrun for extract_raw_data_pipeline to 2026-06-17 07:59:00+00:00, run_after=2026-06-18 07:00:00+00:00
[2026-06-18T01:54:04.341+0000] {processor.py:208} INFO - Processing /opt/airflow/dags/batch_generator.py took 0.149 seconds
[2026-06-18T01:54:34.482+0000] {processor.py:186} INFO - Started process (PID=697) to work on /opt/airflow/dags/batch_generator.py
[2026-06-18T01:54:34.483+0000] {processor.py:914} INFO - Processing file /opt/airflow/dags/batch_generator.py for tasks to queue
[2026-06-18T01:54:34.485+0000] {logging_mixin.py:190} INFO - [2026-06-18T01:54:34.484+0000] {dagbag.py:588} INFO - Filling up the DagBag from /opt/airflow/dags/batch_generator.py
[2026-06-18T01:54:34.584+0000] {processor.py:925} INFO - DAG(s) 'extract_raw_data_pipeline' retrieved from /opt/airflow/dags/batch_generator.py
[2026-06-18T01:54:34.603+0000] {logging_mixin.py:190} INFO - [2026-06-18T01:54:34.603+0000] {dag.py:3239} INFO - Sync 1 DAGs
[2026-06-18T01:54:34.617+0000] {logging_mixin.py:190} INFO - [2026-06-18T01:54:34.617+0000] {dag.py:4180} INFO - Setting next_dagrun for extract_raw_data_pipeline to 2026-06-17 07:59:00+00:00, run_after=2026-06-18 07:00:00+00:00
[2026-06-18T01:54:34.631+0000] {processor.py:208} INFO - Processing /opt/airflow/dags/batch_generator.py took 0.153 seconds
[2026-06-18T01:55:04.877+0000] {processor.py:186} INFO - Started process (PID=705) to work on /opt/airflow/dags/batch_generator.py
[2026-06-18T01:55:04.878+0000] {processor.py:914} INFO - Processing file /opt/airflow/dags/batch_generator.py for tasks to queue
[2026-06-18T01:55:04.880+0000] {logging_mixin.py:190} INFO - [2026-06-18T01:55:04.879+0000] {dagbag.py:588} INFO - Filling up the DagBag from /opt/airflow/dags/batch_generator.py
[2026-06-18T01:55:04.971+0000] {processor.py:925} INFO - DAG(s) 'extract_raw_data_pipeline' retrieved from /opt/airflow/dags/batch_generator.py
[2026-06-18T01:55:04.987+0000] {logging_mixin.py:190} INFO - [2026-06-18T01:55:04.987+0000] {dag.py:3239} INFO - Sync 1 DAGs
[2026-06-18T01:55:05.002+0000] {logging_mixin.py:190} INFO - [2026-06-18T01:55:05.002+0000] {dag.py:4180} INFO - Setting next_dagrun for extract_raw_data_pipeline to 2026-06-17 07:59:00+00:00, run_after=2026-06-18 07:00:00+00:00
[2026-06-18T01:55:05.147+0000] {processor.py:208} INFO - Processing /opt/airflow/dags/batch_generator.py took 0.273 seconds
[2026-06-18T01:55:35.450+0000] {processor.py:186} INFO - Started process (PID=713) to work on /opt/airflow/dags/batch_generator.py
[2026-06-18T01:55:35.451+0000] {processor.py:914} INFO - Processing file /opt/airflow/dags/batch_generator.py for tasks to queue
[2026-06-18T01:55:35.453+0000] {logging_mixin.py:190} INFO - [2026-06-18T01:55:35.453+0000] {dagbag.py:588} INFO - Filling up the DagBag from /opt/airflow/dags/batch_generator.py
[2026-06-18T01:55:35.542+0000] {processor.py:925} INFO - DAG(s) 'extract_raw_data_pipeline' retrieved from /opt/airflow/dags/batch_generator.py
[2026-06-18T01:55:35.560+0000] {logging_mixin.py:190} INFO - [2026-06-18T01:55:35.559+0000] {dag.py:3239} INFO - Sync 1 DAGs
[2026-06-18T01:55:35.573+0000] {logging_mixin.py:190} INFO - [2026-06-18T01:55:35.573+0000] {dag.py:4180} INFO - Setting next_dagrun for extract_raw_data_pipeline to 2026-06-17 07:59:00+00:00, run_after=2026-06-18 07:00:00+00:00
[2026-06-18T01:55:35.586+0000] {processor.py:208} INFO - Processing /opt/airflow/dags/batch_generator.py took 0.140 seconds
[2026-06-18T01:56:05.666+0000] {processor.py:186} INFO - Started process (PID=721) to work on /opt/airflow/dags/batch_generator.py
[2026-06-18T01:56:05.667+0000] {processor.py:914} INFO - Processing file /opt/airflow/dags/batch_generator.py for tasks to queue
[2026-06-18T01:56:05.669+0000] {logging_mixin.py:190} INFO - [2026-06-18T01:56:05.668+0000] {dagbag.py:588} INFO - Filling up the DagBag from /opt/airflow/dags/batch_generator.py
[2026-06-18T01:56:05.782+0000] {processor.py:925} INFO - DAG(s) 'extract_raw_data_pipeline' retrieved from /opt/airflow/dags/batch_generator.py
[2026-06-18T01:56:05.800+0000] {logging_mixin.py:190} INFO - [2026-06-18T01:56:05.799+0000] {dag.py:3239} INFO - Sync 1 DAGs
[2026-06-18T01:56:05.815+0000] {logging_mixin.py:190} INFO - [2026-06-18T01:56:05.815+0000] {dag.py:4180} INFO - Setting next_dagrun for extract_raw_data_pipeline to 2026-06-17 07:59:00+00:00, run_after=2026-06-18 07:00:00+00:00
[2026-06-18T01:56:05.828+0000] {processor.py:208} INFO - Processing /opt/airflow/dags/batch_generator.py took 0.167 seconds
[2026-06-18T01:56:35.999+0000] {processor.py:186} INFO - Started process (PID=729) to work on /opt/airflow/dags/batch_generator.py
[2026-06-18T01:56:36.000+0000] {processor.py:914} INFO - Processing file /opt/airflow/dags/batch_generator.py for tasks to queue
[2026-06-18T01:56:36.002+0000] {logging_mixin.py:190} INFO - [2026-06-18T01:56:36.002+0000] {dagbag.py:588} INFO - Filling up the DagBag from /opt/airflow/dags/batch_generator.py
[2026-06-18T01:56:36.118+0000] {processor.py:925} INFO - DAG(s) 'extract_raw_data_pipeline' retrieved from /opt/airflow/dags/batch_generator.py
[2026-06-18T01:56:36.136+0000] {logging_mixin.py:190} INFO - [2026-06-18T01:56:36.136+0000] {dag.py:3239} INFO - Sync 1 DAGs
[2026-06-18T01:56:36.153+0000] {logging_mixin.py:190} INFO - [2026-06-18T01:56:36.153+0000] {dag.py:4180} INFO - Setting next_dagrun for extract_raw_data_pipeline to 2026-06-17 07:59:00+00:00, run_after=2026-06-18 07:00:00+00:00
[2026-06-18T01:56:36.168+0000] {processor.py:208} INFO - Processing /opt/airflow/dags/batch_generator.py took 0.173 seconds
[2026-06-18T01:57:06.271+0000] {processor.py:186} INFO - Started process (PID=737) to work on /opt/airflow/dags/batch_generator.py
[2026-06-18T01:57:06.272+0000] {processor.py:914} INFO - Processing file /opt/airflow/dags/batch_generator.py for tasks to queue
[2026-06-18T01:57:06.274+0000] {logging_mixin.py:190} INFO - [2026-06-18T01:57:06.274+0000] {dagbag.py:588} INFO - Filling up the DagBag from /opt/airflow/dags/batch_generator.py
[2026-06-18T01:57:06.365+0000] {processor.py:925} INFO - DAG(s) 'extract_raw_data_pipeline' retrieved from /opt/airflow/dags/batch_generator.py
[2026-06-18T01:57:06.379+0000] {logging_mixin.py:190} INFO - [2026-06-18T01:57:06.379+0000] {dag.py:3239} INFO - Sync 1 DAGs
[2026-06-18T01:57:06.392+0000] {logging_mixin.py:190} INFO - [2026-06-18T01:57:06.392+0000] {dag.py:4180} INFO - Setting next_dagrun for extract_raw_data_pipeline to 2026-06-17 07:59:00+00:00, run_after=2026-06-18 07:00:00+00:00
[2026-06-18T01:57:06.406+0000] {processor.py:208} INFO - Processing /opt/airflow/dags/batch_generator.py took 0.139 seconds
[2026-06-18T01:57:36.598+0000] {processor.py:186} INFO - Started process (PID=745) to work on /opt/airflow/dags/batch_generator.py
[2026-06-18T01:57:36.599+0000] {processor.py:914} INFO - Processing file /opt/airflow/dags/batch_generator.py for tasks to queue
[2026-06-18T01:57:36.601+0000] {logging_mixin.py:190} INFO - [2026-06-18T01:57:36.601+0000] {dagbag.py:588} INFO - Filling up the DagBag from /opt/airflow/dags/batch_generator.py
[2026-06-18T01:57:36.696+0000] {processor.py:925} INFO - DAG(s) 'extract_raw_data_pipeline' retrieved from /opt/airflow/dags/batch_generator.py
[2026-06-18T01:57:36.712+0000] {logging_mixin.py:190} INFO - [2026-06-18T01:57:36.712+0000] {dag.py:3239} INFO - Sync 1 DAGs
[2026-06-18T01:57:36.728+0000] {logging_mixin.py:190} INFO - [2026-06-18T01:57:36.728+0000] {dag.py:4180} INFO - Setting next_dagrun for extract_raw_data_pipeline to 2026-06-17 07:59:00+00:00, run_after=2026-06-18 07:00:00+00:00
[2026-06-18T01:57:36.741+0000] {processor.py:208} INFO - Processing /opt/airflow/dags/batch_generator.py took 0.147 seconds
[2026-06-18T01:58:06.994+0000] {processor.py:186} INFO - Started process (PID=753) to work on /opt/airflow/dags/batch_generator.py
[2026-06-18T01:58:06.994+0000] {processor.py:914} INFO - Processing file /opt/airflow/dags/batch_generator.py for tasks to queue
[2026-06-18T01:58:06.996+0000] {logging_mixin.py:190} INFO - [2026-06-18T01:58:06.996+0000] {dagbag.py:588} INFO - Filling up the DagBag from /opt/airflow/dags/batch_generator.py
[2026-06-18T01:58:07.084+0000] {processor.py:925} INFO - DAG(s) 'extract_raw_data_pipeline' retrieved from /opt/airflow/dags/batch_generator.py
[2026-06-18T01:58:07.099+0000] {logging_mixin.py:190} INFO - [2026-06-18T01:58:07.098+0000] {dag.py:3239} INFO - Sync 1 DAGs
[2026-06-18T01:58:07.112+0000] {logging_mixin.py:190} INFO - [2026-06-18T01:58:07.112+0000] {dag.py:4180} INFO - Setting next_dagrun for extract_raw_data_pipeline to 2026-06-17 07:59:00+00:00, run_after=2026-06-18 07:00:00+00:00
[2026-06-18T01:58:07.126+0000] {processor.py:208} INFO - Processing /opt/airflow/dags/batch_generator.py took 0.135 seconds
[2026-06-18T01:58:37.265+0000] {processor.py:186} INFO - Started process (PID=761) to work on /opt/airflow/dags/batch_generator.py
[2026-06-18T01:58:37.266+0000] {processor.py:914} INFO - Processing file /opt/airflow/dags/batch_generator.py for tasks to queue
[2026-06-18T01:58:37.268+0000] {logging_mixin.py:190} INFO - [2026-06-18T01:58:37.268+0000] {dagbag.py:588} INFO - Filling up the DagBag from /opt/airflow/dags/batch_generator.py
[2026-06-18T01:58:37.386+0000] {processor.py:925} INFO - DAG(s) 'extract_raw_data_pipeline' retrieved from /opt/airflow/dags/batch_generator.py
[2026-06-18T01:58:37.408+0000] {logging_mixin.py:190} INFO - [2026-06-18T01:58:37.408+0000] {dag.py:3239} INFO - Sync 1 DAGs
[2026-06-18T01:58:37.424+0000] {logging_mixin.py:190} INFO - [2026-06-18T01:58:37.424+0000] {dag.py:4180} INFO - Setting next_dagrun for extract_raw_data_pipeline to 2026-06-17 07:59:00+00:00, run_after=2026-06-18 07:00:00+00:00
[2026-06-18T01:58:37.442+0000] {processor.py:208} INFO - Processing /opt/airflow/dags/batch_generator.py took 0.183 seconds
[2026-06-18T01:59:07.763+0000] {processor.py:186} INFO - Started process (PID=769) to work on /opt/airflow/dags/batch_generator.py
[2026-06-18T01:59:07.764+0000] {processor.py:914} INFO - Processing file /opt/airflow/dags/batch_generator.py for tasks to queue
[2026-06-18T01:59:07.766+0000] {logging_mixin.py:190} INFO - [2026-06-18T01:59:07.765+0000] {dagbag.py:588} INFO - Filling up the DagBag from /opt/airflow/dags/batch_generator.py
[2026-06-18T01:59:07.876+0000] {processor.py:925} INFO - DAG(s) 'extract_raw_data_pipeline' retrieved from /opt/airflow/dags/batch_generator.py
[2026-06-18T01:59:07.894+0000] {logging_mixin.py:190} INFO - [2026-06-18T01:59:07.894+0000] {dag.py:3239} INFO - Sync 1 DAGs
[2026-06-18T01:59:07.911+0000] {logging_mixin.py:190} INFO - [2026-06-18T01:59:07.910+0000] {dag.py:4180} INFO - Setting next_dagrun for extract_raw_data_pipeline to 2026-06-17 07:59:00+00:00, run_after=2026-06-18 07:00:00+00:00
[2026-06-18T01:59:07.924+0000] {processor.py:208} INFO - Processing /opt/airflow/dags/batch_generator.py took 0.166 seconds
[2026-06-18T01:59:38.018+0000] {processor.py:186} INFO - Started process (PID=777) to work on /opt/airflow/dags/batch_generator.py
[2026-06-18T01:59:38.019+0000] {processor.py:914} INFO - Processing file /opt/airflow/dags/batch_generator.py for tasks to queue
[2026-06-18T01:59:38.020+0000] {logging_mixin.py:190} INFO - [2026-06-18T01:59:38.020+0000] {dagbag.py:588} INFO - Filling up the DagBag from /opt/airflow/dags/batch_generator.py
[2026-06-18T01:59:38.107+0000] {processor.py:925} INFO - DAG(s) 'extract_raw_data_pipeline' retrieved from /opt/airflow/dags/batch_generator.py
[2026-06-18T01:59:38.122+0000] {logging_mixin.py:190} INFO - [2026-06-18T01:59:38.122+0000] {dag.py:3239} INFO - Sync 1 DAGs
[2026-06-18T01:59:38.136+0000] {logging_mixin.py:190} INFO - [2026-06-18T01:59:38.136+0000] {dag.py:4180} INFO - Setting next_dagrun for extract_raw_data_pipeline to 2026-06-17 07:59:00+00:00, run_after=2026-06-18 07:00:00+00:00
[2026-06-18T01:59:38.151+0000] {processor.py:208} INFO - Processing /opt/airflow/dags/batch_generator.py took 0.137 seconds
[2026-06-18T02:00:08.360+0000] {processor.py:186} INFO - Started process (PID=785) to work on /opt/airflow/dags/batch_generator.py
[2026-06-18T02:00:08.360+0000] {processor.py:914} INFO - Processing file /opt/airflow/dags/batch_generator.py for tasks to queue
[2026-06-18T02:00:08.363+0000] {logging_mixin.py:190} INFO - [2026-06-18T02:00:08.362+0000] {dagbag.py:588} INFO - Filling up the DagBag from /opt/airflow/dags/batch_generator.py
[2026-06-18T02:00:08.503+0000] {processor.py:925} INFO - DAG(s) 'extract_raw_data_pipeline' retrieved from /opt/airflow/dags/batch_generator.py
[2026-06-18T02:00:08.521+0000] {logging_mixin.py:190} INFO - [2026-06-18T02:00:08.521+0000] {dag.py:3239} INFO - Sync 1 DAGs
[2026-06-18T02:00:08.537+0000] {logging_mixin.py:190} INFO - [2026-06-18T02:00:08.537+0000] {dag.py:4180} INFO - Setting next_dagrun for extract_raw_data_pipeline to 2026-06-17 07:59:00+00:00, run_after=2026-06-18 07:00:00+00:00
[2026-06-18T02:00:08.552+0000] {processor.py:208} INFO - Processing /opt/airflow/dags/batch_generator.py took 0.197 seconds
[2026-06-18T02:00:38.741+0000] {processor.py:186} INFO - Started process (PID=793) to work on /opt/airflow/dags/batch_generator.py
[2026-06-18T02:00:38.742+0000] {processor.py:914} INFO - Processing file /opt/airflow/dags/batch_generator.py for tasks to queue
[2026-06-18T02:00:38.744+0000] {logging_mixin.py:190} INFO - [2026-06-18T02:00:38.744+0000] {dagbag.py:588} INFO - Filling up the DagBag from /opt/airflow/dags/batch_generator.py
[2026-06-18T02:00:38.881+0000] {processor.py:925} INFO - DAG(s) 'extract_raw_data_pipeline' retrieved from /opt/airflow/dags/batch_generator.py
[2026-06-18T02:00:38.909+0000] {logging_mixin.py:190} INFO - [2026-06-18T02:00:38.909+0000] {dag.py:3239} INFO - Sync 1 DAGs
[2026-06-18T02:00:38.930+0000] {logging_mixin.py:190} INFO - [2026-06-18T02:00:38.930+0000] {dag.py:4180} INFO - Setting next_dagrun for extract_raw_data_pipeline to 2026-06-17 07:59:00+00:00, run_after=2026-06-18 07:00:00+00:00
[2026-06-18T02:00:38.952+0000] {processor.py:208} INFO - Processing /opt/airflow/dags/batch_generator.py took 0.219 seconds
[2026-06-18T02:01:08.998+0000] {processor.py:186} INFO - Started process (PID=801) to work on /opt/airflow/dags/batch_generator.py
[2026-06-18T02:01:08.999+0000] {processor.py:914} INFO - Processing file /opt/airflow/dags/batch_generator.py for tasks to queue
[2026-06-18T02:01:09.000+0000] {logging_mixin.py:190} INFO - [2026-06-18T02:01:09.000+0000] {dagbag.py:588} INFO - Filling up the DagBag from /opt/airflow/dags/batch_generator.py
[2026-06-18T02:01:09.088+0000] {processor.py:925} INFO - DAG(s) 'extract_raw_data_pipeline' retrieved from /opt/airflow/dags/batch_generator.py
[2026-06-18T02:01:09.106+0000] {logging_mixin.py:190} INFO - [2026-06-18T02:01:09.106+0000] {dag.py:3239} INFO - Sync 1 DAGs
[2026-06-18T02:01:09.120+0000] {logging_mixin.py:190} INFO - [2026-06-18T02:01:09.120+0000] {dag.py:4180} INFO - Setting next_dagrun for extract_raw_data_pipeline to 2026-06-17 07:59:00+00:00, run_after=2026-06-18 07:00:00+00:00
[2026-06-18T02:01:09.145+0000] {processor.py:208} INFO - Processing /opt/airflow/dags/batch_generator.py took 0.151 seconds
[2026-06-18T02:01:39.258+0000] {processor.py:186} INFO - Started process (PID=809) to work on /opt/airflow/dags/batch_generator.py
[2026-06-18T02:01:39.258+0000] {processor.py:914} INFO - Processing file /opt/airflow/dags/batch_generator.py for tasks to queue
[2026-06-18T02:01:39.260+0000] {logging_mixin.py:190} INFO - [2026-06-18T02:01:39.260+0000] {dagbag.py:588} INFO - Filling up the DagBag from /opt/airflow/dags/batch_generator.py
[2026-06-18T02:01:39.346+0000] {processor.py:925} INFO - DAG(s) 'extract_raw_data_pipeline' retrieved from /opt/airflow/dags/batch_generator.py
[2026-06-18T02:01:39.362+0000] {logging_mixin.py:190} INFO - [2026-06-18T02:01:39.362+0000] {dag.py:3239} INFO - Sync 1 DAGs
[2026-06-18T02:01:39.375+0000] {logging_mixin.py:190} INFO - [2026-06-18T02:01:39.375+0000] {dag.py:4180} INFO - Setting next_dagrun for extract_raw_data_pipeline to 2026-06-17 07:59:00+00:00, run_after=2026-06-18 07:00:00+00:00
[2026-06-18T02:01:39.390+0000] {processor.py:208} INFO - Processing /opt/airflow/dags/batch_generator.py took 0.136 seconds
[2026-06-18T02:02:09.522+0000] {processor.py:186} INFO - Started process (PID=817) to work on /opt/airflow/dags/batch_generator.py
[2026-06-18T02:02:09.523+0000] {processor.py:914} INFO - Processing file /opt/airflow/dags/batch_generator.py for tasks to queue
[2026-06-18T02:02:09.525+0000] {logging_mixin.py:190} INFO - [2026-06-18T02:02:09.525+0000] {dagbag.py:588} INFO - Filling up the DagBag from /opt/airflow/dags/batch_generator.py
[2026-06-18T02:02:09.623+0000] {processor.py:925} INFO - DAG(s) 'extract_raw_data_pipeline' retrieved from /opt/airflow/dags/batch_generator.py
[2026-06-18T02:02:09.637+0000] {logging_mixin.py:190} INFO - [2026-06-18T02:02:09.637+0000] {dag.py:3239} INFO - Sync 1 DAGs
[2026-06-18T02:02:09.651+0000] {logging_mixin.py:190} INFO - [2026-06-18T02:02:09.651+0000] {dag.py:4180} INFO - Setting next_dagrun for extract_raw_data_pipeline to 2026-06-17 07:59:00+00:00, run_after=2026-06-18 07:00:00+00:00
[2026-06-18T02:02:09.663+0000] {processor.py:208} INFO - Processing /opt/airflow/dags/batch_generator.py took 0.145 seconds
[2026-06-18T02:02:39.892+0000] {processor.py:186} INFO - Started process (PID=825) to work on /opt/airflow/dags/batch_generator.py
[2026-06-18T02:02:39.892+0000] {processor.py:914} INFO - Processing file /opt/airflow/dags/batch_generator.py for tasks to queue
[2026-06-18T02:02:39.894+0000] {logging_mixin.py:190} INFO - [2026-06-18T02:02:39.894+0000] {dagbag.py:588} INFO - Filling up the DagBag from /opt/airflow/dags/batch_generator.py
[2026-06-18T02:02:39.980+0000] {processor.py:925} INFO - DAG(s) 'extract_raw_data_pipeline' retrieved from /opt/airflow/dags/batch_generator.py
[2026-06-18T02:02:39.998+0000] {logging_mixin.py:190} INFO - [2026-06-18T02:02:39.997+0000] {dag.py:3239} INFO - Sync 1 DAGs
[2026-06-18T02:02:40.012+0000] {logging_mixin.py:190} INFO - [2026-06-18T02:02:40.011+0000] {dag.py:4180} INFO - Setting next_dagrun for extract_raw_data_pipeline to 2026-06-17 07:59:00+00:00, run_after=2026-06-18 07:00:00+00:00
[2026-06-18T02:02:40.026+0000] {processor.py:208} INFO - Processing /opt/airflow/dags/batch_generator.py took 0.138 seconds
[2026-06-18T02:03:10.149+0000] {processor.py:186} INFO - Started process (PID=833) to work on /opt/airflow/dags/batch_generator.py
[2026-06-18T02:03:10.150+0000] {processor.py:914} INFO - Processing file /opt/airflow/dags/batch_generator.py for tasks to queue
[2026-06-18T02:03:10.152+0000] {logging_mixin.py:190} INFO - [2026-06-18T02:03:10.152+0000] {dagbag.py:588} INFO - Filling up the DagBag from /opt/airflow/dags/batch_generator.py
[2026-06-18T02:03:10.260+0000] {processor.py:925} INFO - DAG(s) 'extract_raw_data_pipeline' retrieved from /opt/airflow/dags/batch_generator.py
[2026-06-18T02:03:10.279+0000] {logging_mixin.py:190} INFO - [2026-06-18T02:03:10.279+0000] {dag.py:3239} INFO - Sync 1 DAGs
[2026-06-18T02:03:10.294+0000] {logging_mixin.py:190} INFO - [2026-06-18T02:03:10.294+0000] {dag.py:4180} INFO - Setting next_dagrun for extract_raw_data_pipeline to 2026-06-17 07:59:00+00:00, run_after=2026-06-18 07:00:00+00:00
[2026-06-18T02:03:10.319+0000] {processor.py:208} INFO - Processing /opt/airflow/dags/batch_generator.py took 0.174 seconds
[2026-06-18T02:03:40.517+0000] {processor.py:186} INFO - Started process (PID=841) to work on /opt/airflow/dags/batch_generator.py
[2026-06-18T02:03:40.518+0000] {processor.py:914} INFO - Processing file /opt/airflow/dags/batch_generator.py for tasks to queue
[2026-06-18T02:03:40.520+0000] {logging_mixin.py:190} INFO - [2026-06-18T02:03:40.519+0000] {dagbag.py:588} INFO - Filling up the DagBag from /opt/airflow/dags/batch_generator.py
[2026-06-18T02:03:40.619+0000] {processor.py:925} INFO - DAG(s) 'extract_raw_data_pipeline' retrieved from /opt/airflow/dags/batch_generator.py
[2026-06-18T02:03:40.636+0000] {logging_mixin.py:190} INFO - [2026-06-18T02:03:40.636+0000] {dag.py:3239} INFO - Sync 1 DAGs
[2026-06-18T02:03:40.651+0000] {logging_mixin.py:190} INFO - [2026-06-18T02:03:40.651+0000] {dag.py:4180} INFO - Setting next_dagrun for extract_raw_data_pipeline to 2026-06-17 07:59:00+00:00, run_after=2026-06-18 07:00:00+00:00
[2026-06-18T02:03:40.666+0000] {processor.py:208} INFO - Processing /opt/airflow/dags/batch_generator.py took 0.154 seconds
[2026-06-18T02:04:10.823+0000] {processor.py:186} INFO - Started process (PID=849) to work on /opt/airflow/dags/batch_generator.py
[2026-06-18T02:04:10.824+0000] {processor.py:914} INFO - Processing file /opt/airflow/dags/batch_generator.py for tasks to queue
[2026-06-18T02:04:10.826+0000] {logging_mixin.py:190} INFO - [2026-06-18T02:04:10.825+0000] {dagbag.py:588} INFO - Filling up the DagBag from /opt/airflow/dags/batch_generator.py
[2026-06-18T02:04:10.920+0000] {processor.py:925} INFO - DAG(s) 'extract_raw_data_pipeline' retrieved from /opt/airflow/dags/batch_generator.py
[2026-06-18T02:04:10.938+0000] {logging_mixin.py:190} INFO - [2026-06-18T02:04:10.938+0000] {dag.py:3239} INFO - Sync 1 DAGs
[2026-06-18T02:04:10.955+0000] {logging_mixin.py:190} INFO - [2026-06-18T02:04:10.955+0000] {dag.py:4180} INFO - Setting next_dagrun for extract_raw_data_pipeline to 2026-06-17 07:59:00+00:00, run_after=2026-06-18 07:00:00+00:00
[2026-06-18T02:04:10.968+0000] {processor.py:208} INFO - Processing /opt/airflow/dags/batch_generator.py took 0.149 seconds
[2026-06-18T02:04:41.174+0000] {processor.py:186} INFO - Started process (PID=857) to work on /opt/airflow/dags/batch_generator.py
[2026-06-18T02:04:41.175+0000] {processor.py:914} INFO - Processing file /opt/airflow/dags/batch_generator.py for tasks to queue
[2026-06-18T02:04:41.177+0000] {logging_mixin.py:190} INFO - [2026-06-18T02:04:41.176+0000] {dagbag.py:588} INFO - Filling up the DagBag from /opt/airflow/dags/batch_generator.py
[2026-06-18T02:04:41.274+0000] {processor.py:925} INFO - DAG(s) 'extract_raw_data_pipeline' retrieved from /opt/airflow/dags/batch_generator.py
[2026-06-18T02:04:41.294+0000] {logging_mixin.py:190} INFO - [2026-06-18T02:04:41.293+0000] {dag.py:3239} INFO - Sync 1 DAGs
[2026-06-18T02:04:41.308+0000] {logging_mixin.py:190} INFO - [2026-06-18T02:04:41.308+0000] {dag.py:4180} INFO - Setting next_dagrun for extract_raw_data_pipeline to 2026-06-17 07:59:00+00:00, run_after=2026-06-18 07:00:00+00:00
[2026-06-18T02:04:41.321+0000] {processor.py:208} INFO - Processing /opt/airflow/dags/batch_generator.py took 0.151 seconds
[2026-06-18T02:05:11.481+0000] {processor.py:186} INFO - Started process (PID=865) to work on /opt/airflow/dags/batch_generator.py
[2026-06-18T02:05:11.482+0000] {processor.py:914} INFO - Processing file /opt/airflow/dags/batch_generator.py for tasks to queue
[2026-06-18T02:05:11.484+0000] {logging_mixin.py:190} INFO - [2026-06-18T02:05:11.484+0000] {dagbag.py:588} INFO - Filling up the DagBag from /opt/airflow/dags/batch_generator.py
[2026-06-18T02:05:11.604+0000] {processor.py:925} INFO - DAG(s) 'extract_raw_data_pipeline' retrieved from /opt/airflow/dags/batch_generator.py
[2026-06-18T02:05:11.625+0000] {logging_mixin.py:190} INFO - [2026-06-18T02:05:11.624+0000] {dag.py:3239} INFO - Sync 1 DAGs
[2026-06-18T02:05:11.643+0000] {logging_mixin.py:190} INFO - [2026-06-18T02:05:11.642+0000] {dag.py:4180} INFO - Setting next_dagrun for extract_raw_data_pipeline to 2026-06-17 07:59:00+00:00, run_after=2026-06-18 07:00:00+00:00
[2026-06-18T02:05:11.658+0000] {processor.py:208} INFO - Processing /opt/airflow/dags/batch_generator.py took 0.184 seconds
[2026-06-18T02:05:41.763+0000] {processor.py:186} INFO - Started process (PID=873) to work on /opt/airflow/dags/batch_generator.py
[2026-06-18T02:05:41.763+0000] {processor.py:914} INFO - Processing file /opt/airflow/dags/batch_generator.py for tasks to queue
[2026-06-18T02:05:41.766+0000] {logging_mixin.py:190} INFO - [2026-06-18T02:05:41.765+0000] {dagbag.py:588} INFO - Filling up the DagBag from /opt/airflow/dags/batch_generator.py
[2026-06-18T02:05:41.865+0000] {processor.py:925} INFO - DAG(s) 'extract_raw_data_pipeline' retrieved from /opt/airflow/dags/batch_generator.py
[2026-06-18T02:05:41.881+0000] {logging_mixin.py:190} INFO - [2026-06-18T02:05:41.881+0000] {dag.py:3239} INFO - Sync 1 DAGs
[2026-06-18T02:05:41.898+0000] {logging_mixin.py:190} INFO - [2026-06-18T02:05:41.897+0000] {dag.py:4180} INFO - Setting next_dagrun for extract_raw_data_pipeline to 2026-06-17 07:59:00+00:00, run_after=2026-06-18 07:00:00+00:00
[2026-06-18T02:05:41.911+0000] {processor.py:208} INFO - Processing /opt/airflow/dags/batch_generator.py took 0.154 seconds
[2026-06-18T02:06:12.064+0000] {processor.py:186} INFO - Started process (PID=881) to work on /opt/airflow/dags/batch_generator.py
[2026-06-18T02:06:12.065+0000] {processor.py:914} INFO - Processing file /opt/airflow/dags/batch_generator.py for tasks to queue
[2026-06-18T02:06:12.066+0000] {logging_mixin.py:190} INFO - [2026-06-18T02:06:12.066+0000] {dagbag.py:588} INFO - Filling up the DagBag from /opt/airflow/dags/batch_generator.py
[2026-06-18T02:06:12.159+0000] {processor.py:925} INFO - DAG(s) 'extract_raw_data_pipeline' retrieved from /opt/airflow/dags/batch_generator.py
[2026-06-18T02:06:12.177+0000] {logging_mixin.py:190} INFO - [2026-06-18T02:06:12.176+0000] {dag.py:3239} INFO - Sync 1 DAGs
[2026-06-18T02:06:12.192+0000] {logging_mixin.py:190} INFO - [2026-06-18T02:06:12.192+0000] {dag.py:4180} INFO - Setting next_dagrun for extract_raw_data_pipeline to 2026-06-17 07:59:00+00:00, run_after=2026-06-18 07:00:00+00:00
[2026-06-18T02:06:12.206+0000] {processor.py:208} INFO - Processing /opt/airflow/dags/batch_generator.py took 0.146 seconds
[2026-06-18T02:06:42.314+0000] {processor.py:186} INFO - Started process (PID=889) to work on /opt/airflow/dags/batch_generator.py
[2026-06-18T02:06:42.315+0000] {processor.py:914} INFO - Processing file /opt/airflow/dags/batch_generator.py for tasks to queue
[2026-06-18T02:06:42.317+0000] {logging_mixin.py:190} INFO - [2026-06-18T02:06:42.317+0000] {dagbag.py:588} INFO - Filling up the DagBag from /opt/airflow/dags/batch_generator.py
[2026-06-18T02:06:42.428+0000] {processor.py:925} INFO - DAG(s) 'extract_raw_data_pipeline' retrieved from /opt/airflow/dags/batch_generator.py
[2026-06-18T02:06:42.445+0000] {logging_mixin.py:190} INFO - [2026-06-18T02:06:42.445+0000] {dag.py:3239} INFO - Sync 1 DAGs
[2026-06-18T02:06:42.459+0000] {logging_mixin.py:190} INFO - [2026-06-18T02:06:42.459+0000] {dag.py:4180} INFO - Setting next_dagrun for extract_raw_data_pipeline to 2026-06-17 07:59:00+00:00, run_after=2026-06-18 07:00:00+00:00
[2026-06-18T02:06:42.474+0000] {processor.py:208} INFO - Processing /opt/airflow/dags/batch_generator.py took 0.164 seconds
[2026-06-18T02:07:12.652+0000] {processor.py:186} INFO - Started process (PID=897) to work on /opt/airflow/dags/batch_generator.py
[2026-06-18T02:07:12.653+0000] {processor.py:914} INFO - Processing file /opt/airflow/dags/batch_generator.py for tasks to queue
[2026-06-18T02:07:12.655+0000] {logging_mixin.py:190} INFO - [2026-06-18T02:07:12.655+0000] {dagbag.py:588} INFO - Filling up the DagBag from /opt/airflow/dags/batch_generator.py
[2026-06-18T02:07:12.748+0000] {processor.py:925} INFO - DAG(s) 'extract_raw_data_pipeline' retrieved from /opt/airflow/dags/batch_generator.py
[2026-06-18T02:07:12.763+0000] {logging_mixin.py:190} INFO - [2026-06-18T02:07:12.763+0000] {dag.py:3239} INFO - Sync 1 DAGs
[2026-06-18T02:07:12.776+0000] {logging_mixin.py:190} INFO - [2026-06-18T02:07:12.776+0000] {dag.py:4180} INFO - Setting next_dagrun for extract_raw_data_pipeline to 2026-06-17 07:59:00+00:00, run_after=2026-06-18 07:00:00+00:00
[2026-06-18T02:07:12.789+0000] {processor.py:208} INFO - Processing /opt/airflow/dags/batch_generator.py took 0.141 seconds
[2026-06-18T02:07:42.948+0000] {processor.py:186} INFO - Started process (PID=905) to work on /opt/airflow/dags/batch_generator.py
[2026-06-18T02:07:42.948+0000] {processor.py:914} INFO - Processing file /opt/airflow/dags/batch_generator.py for tasks to queue
[2026-06-18T02:07:42.950+0000] {logging_mixin.py:190} INFO - [2026-06-18T02:07:42.950+0000] {dagbag.py:588} INFO - Filling up the DagBag from /opt/airflow/dags/batch_generator.py
[2026-06-18T02:07:43.314+0000] {processor.py:925} INFO - DAG(s) 'extract_raw_data_pipeline' retrieved from /opt/airflow/dags/batch_generator.py
[2026-06-18T02:07:43.336+0000] {logging_mixin.py:190} INFO - [2026-06-18T02:07:43.335+0000] {dag.py:3239} INFO - Sync 1 DAGs
[2026-06-18T02:07:43.350+0000] {logging_mixin.py:190} INFO - [2026-06-18T02:07:43.350+0000] {dag.py:4180} INFO - Setting next_dagrun for extract_raw_data_pipeline to 2026-06-17 07:59:00+00:00, run_after=2026-06-18 07:00:00+00:00
[2026-06-18T02:07:43.363+0000] {processor.py:208} INFO - Processing /opt/airflow/dags/batch_generator.py took 0.419 seconds
[2026-06-18T02:08:13.625+0000] {processor.py:186} INFO - Started process (PID=913) to work on /opt/airflow/dags/batch_generator.py
[2026-06-18T02:08:13.625+0000] {processor.py:914} INFO - Processing file /opt/airflow/dags/batch_generator.py for tasks to queue
[2026-06-18T02:08:13.627+0000] {logging_mixin.py:190} INFO - [2026-06-18T02:08:13.627+0000] {dagbag.py:588} INFO - Filling up the DagBag from /opt/airflow/dags/batch_generator.py
[2026-06-18T02:08:13.711+0000] {processor.py:925} INFO - DAG(s) 'extract_raw_data_pipeline' retrieved from /opt/airflow/dags/batch_generator.py
[2026-06-18T02:08:13.726+0000] {logging_mixin.py:190} INFO - [2026-06-18T02:08:13.725+0000] {dag.py:3239} INFO - Sync 1 DAGs
[2026-06-18T02:08:13.739+0000] {logging_mixin.py:190} INFO - [2026-06-18T02:08:13.739+0000] {dag.py:4180} INFO - Setting next_dagrun for extract_raw_data_pipeline to 2026-06-17 07:59:00+00:00, run_after=2026-06-18 07:00:00+00:00
[2026-06-18T02:08:13.752+0000] {processor.py:208} INFO - Processing /opt/airflow/dags/batch_generator.py took 0.132 seconds
[2026-06-18T02:08:43.891+0000] {processor.py:186} INFO - Started process (PID=921) to work on /opt/airflow/dags/batch_generator.py
[2026-06-18T02:08:43.892+0000] {processor.py:914} INFO - Processing file /opt/airflow/dags/batch_generator.py for tasks to queue
[2026-06-18T02:08:43.893+0000] {logging_mixin.py:190} INFO - [2026-06-18T02:08:43.893+0000] {dagbag.py:588} INFO - Filling up the DagBag from /opt/airflow/dags/batch_generator.py
[2026-06-18T02:08:43.987+0000] {processor.py:925} INFO - DAG(s) 'extract_raw_data_pipeline' retrieved from /opt/airflow/dags/batch_generator.py
[2026-06-18T02:08:44.003+0000] {logging_mixin.py:190} INFO - [2026-06-18T02:08:44.003+0000] {dag.py:3239} INFO - Sync 1 DAGs
[2026-06-18T02:08:44.016+0000] {logging_mixin.py:190} INFO - [2026-06-18T02:08:44.016+0000] {dag.py:4180} INFO - Setting next_dagrun for extract_raw_data_pipeline to 2026-06-17 07:59:00+00:00, run_after=2026-06-18 07:00:00+00:00
[2026-06-18T02:08:44.031+0000] {processor.py:208} INFO - Processing /opt/airflow/dags/batch_generator.py took 0.144 seconds
[2026-06-18T02:09:14.272+0000] {processor.py:186} INFO - Started process (PID=929) to work on /opt/airflow/dags/batch_generator.py
[2026-06-18T02:09:14.273+0000] {processor.py:914} INFO - Processing file /opt/airflow/dags/batch_generator.py for tasks to queue
[2026-06-18T02:09:14.275+0000] {logging_mixin.py:190} INFO - [2026-06-18T02:09:14.275+0000] {dagbag.py:588} INFO - Filling up the DagBag from /opt/airflow/dags/batch_generator.py
[2026-06-18T02:09:14.382+0000] {processor.py:925} INFO - DAG(s) 'extract_raw_data_pipeline' retrieved from /opt/airflow/dags/batch_generator.py
[2026-06-18T02:09:14.399+0000] {logging_mixin.py:190} INFO - [2026-06-18T02:09:14.399+0000] {dag.py:3239} INFO - Sync 1 DAGs
[2026-06-18T02:09:14.414+0000] {logging_mixin.py:190} INFO - [2026-06-18T02:09:14.414+0000] {dag.py:4180} INFO - Setting next_dagrun for extract_raw_data_pipeline to 2026-06-17 07:59:00+00:00, run_after=2026-06-18 07:00:00+00:00
[2026-06-18T02:09:14.428+0000] {processor.py:208} INFO - Processing /opt/airflow/dags/batch_generator.py took 0.160 seconds
[2026-06-18T02:09:44.632+0000] {processor.py:186} INFO - Started process (PID=937) to work on /opt/airflow/dags/batch_generator.py
[2026-06-18T02:09:44.633+0000] {processor.py:914} INFO - Processing file /opt/airflow/dags/batch_generator.py for tasks to queue
[2026-06-18T02:09:44.635+0000] {logging_mixin.py:190} INFO - [2026-06-18T02:09:44.634+0000] {dagbag.py:588} INFO - Filling up the DagBag from /opt/airflow/dags/batch_generator.py
[2026-06-18T02:09:44.727+0000] {processor.py:925} INFO - DAG(s) 'extract_raw_data_pipeline' retrieved from /opt/airflow/dags/batch_generator.py
[2026-06-18T02:09:44.742+0000] {logging_mixin.py:190} INFO - [2026-06-18T02:09:44.742+0000] {dag.py:3239} INFO - Sync 1 DAGs
[2026-06-18T02:09:44.755+0000] {logging_mixin.py:190} INFO - [2026-06-18T02:09:44.755+0000] {dag.py:4180} INFO - Setting next_dagrun for extract_raw_data_pipeline to 2026-06-17 07:59:00+00:00, run_after=2026-06-18 07:00:00+00:00
[2026-06-18T02:09:44.768+0000] {processor.py:208} INFO - Processing /opt/airflow/dags/batch_generator.py took 0.140 seconds
[2026-06-18T02:10:14.961+0000] {processor.py:186} INFO - Started process (PID=945) to work on /opt/airflow/dags/batch_generator.py
[2026-06-18T02:10:14.962+0000] {processor.py:914} INFO - Processing file /opt/airflow/dags/batch_generator.py for tasks to queue
[2026-06-18T02:10:14.964+0000] {logging_mixin.py:190} INFO - [2026-06-18T02:10:14.964+0000] {dagbag.py:588} INFO - Filling up the DagBag from /opt/airflow/dags/batch_generator.py
[2026-06-18T02:10:15.060+0000] {processor.py:925} INFO - DAG(s) 'extract_raw_data_pipeline' retrieved from /opt/airflow/dags/batch_generator.py
[2026-06-18T02:10:15.074+0000] {logging_mixin.py:190} INFO - [2026-06-18T02:10:15.074+0000] {dag.py:3239} INFO - Sync 1 DAGs
[2026-06-18T02:10:15.087+0000] {logging_mixin.py:190} INFO - [2026-06-18T02:10:15.087+0000] {dag.py:4180} INFO - Setting next_dagrun for extract_raw_data_pipeline to 2026-06-17 07:59:00+00:00, run_after=2026-06-18 07:00:00+00:00
[2026-06-18T02:10:15.100+0000] {processor.py:208} INFO - Processing /opt/airflow/dags/batch_generator.py took 0.143 seconds
[2026-06-18T02:10:45.284+0000] {processor.py:186} INFO - Started process (PID=953) to work on /opt/airflow/dags/batch_generator.py
[2026-06-18T02:10:45.284+0000] {processor.py:914} INFO - Processing file /opt/airflow/dags/batch_generator.py for tasks to queue
[2026-06-18T02:10:45.286+0000] {logging_mixin.py:190} INFO - [2026-06-18T02:10:45.286+0000] {dagbag.py:588} INFO - Filling up the DagBag from /opt/airflow/dags/batch_generator.py
[2026-06-18T02:10:45.386+0000] {processor.py:925} INFO - DAG(s) 'extract_raw_data_pipeline' retrieved from /opt/airflow/dags/batch_generator.py
[2026-06-18T02:10:45.403+0000] {logging_mixin.py:190} INFO - [2026-06-18T02:10:45.402+0000] {dag.py:3239} INFO - Sync 1 DAGs
[2026-06-18T02:10:45.417+0000] {logging_mixin.py:190} INFO - [2026-06-18T02:10:45.417+0000] {dag.py:4180} INFO - Setting next_dagrun for extract_raw_data_pipeline to 2026-06-17 07:59:00+00:00, run_after=2026-06-18 07:00:00+00:00
[2026-06-18T02:10:45.430+0000] {processor.py:208} INFO - Processing /opt/airflow/dags/batch_generator.py took 0.151 seconds
[2026-06-18T02:11:15.631+0000] {processor.py:186} INFO - Started process (PID=961) to work on /opt/airflow/dags/batch_generator.py
[2026-06-18T02:11:15.633+0000] {processor.py:914} INFO - Processing file /opt/airflow/dags/batch_generator.py for tasks to queue
[2026-06-18T02:11:15.636+0000] {logging_mixin.py:190} INFO - [2026-06-18T02:11:15.636+0000] {dagbag.py:588} INFO - Filling up the DagBag from /opt/airflow/dags/batch_generator.py
[2026-06-18T02:11:15.756+0000] {processor.py:925} INFO - DAG(s) 'extract_raw_data_pipeline' retrieved from /opt/airflow/dags/batch_generator.py
[2026-06-18T02:11:15.775+0000] {logging_mixin.py:190} INFO - [2026-06-18T02:11:15.775+0000] {dag.py:3239} INFO - Sync 1 DAGs
[2026-06-18T02:11:15.791+0000] {logging_mixin.py:190} INFO - [2026-06-18T02:11:15.791+0000] {dag.py:4180} INFO - Setting next_dagrun for extract_raw_data_pipeline to 2026-06-17 07:59:00+00:00, run_after=2026-06-18 07:00:00+00:00
[2026-06-18T02:11:15.805+0000] {processor.py:208} INFO - Processing /opt/airflow/dags/batch_generator.py took 0.183 seconds
[2026-06-18T02:11:45.865+0000] {processor.py:186} INFO - Started process (PID=969) to work on /opt/airflow/dags/batch_generator.py
[2026-06-18T02:11:45.866+0000] {processor.py:914} INFO - Processing file /opt/airflow/dags/batch_generator.py for tasks to queue
[2026-06-18T02:11:45.868+0000] {logging_mixin.py:190} INFO - [2026-06-18T02:11:45.868+0000] {dagbag.py:588} INFO - Filling up the DagBag from /opt/airflow/dags/batch_generator.py
[2026-06-18T02:11:45.958+0000] {processor.py:925} INFO - DAG(s) 'extract_raw_data_pipeline' retrieved from /opt/airflow/dags/batch_generator.py
[2026-06-18T02:11:45.976+0000] {logging_mixin.py:190} INFO - [2026-06-18T02:11:45.976+0000] {dag.py:3239} INFO - Sync 1 DAGs
[2026-06-18T02:11:45.990+0000] {logging_mixin.py:190} INFO - [2026-06-18T02:11:45.990+0000] {dag.py:4180} INFO - Setting next_dagrun for extract_raw_data_pipeline to 2026-06-17 07:59:00+00:00, run_after=2026-06-18 07:00:00+00:00
[2026-06-18T02:11:46.007+0000] {processor.py:208} INFO - Processing /opt/airflow/dags/batch_generator.py took 0.146 seconds
[2026-06-18T02:12:16.131+0000] {processor.py:186} INFO - Started process (PID=977) to work on /opt/airflow/dags/batch_generator.py
[2026-06-18T02:12:16.131+0000] {processor.py:914} INFO - Processing file /opt/airflow/dags/batch_generator.py for tasks to queue
[2026-06-18T02:12:16.133+0000] {logging_mixin.py:190} INFO - [2026-06-18T02:12:16.133+0000] {dagbag.py:588} INFO - Filling up the DagBag from /opt/airflow/dags/batch_generator.py
[2026-06-18T02:12:16.229+0000] {processor.py:925} INFO - DAG(s) 'extract_raw_data_pipeline' retrieved from /opt/airflow/dags/batch_generator.py
[2026-06-18T02:12:16.244+0000] {logging_mixin.py:190} INFO - [2026-06-18T02:12:16.244+0000] {dag.py:3239} INFO - Sync 1 DAGs
[2026-06-18T02:12:16.259+0000] {logging_mixin.py:190} INFO - [2026-06-18T02:12:16.258+0000] {dag.py:4180} INFO - Setting next_dagrun for extract_raw_data_pipeline to 2026-06-17 07:59:00+00:00, run_after=2026-06-18 07:00:00+00:00
[2026-06-18T02:12:16.271+0000] {processor.py:208} INFO - Processing /opt/airflow/dags/batch_generator.py took 0.144 seconds
[2026-06-18T02:12:46.445+0000] {processor.py:186} INFO - Started process (PID=991) to work on /opt/airflow/dags/batch_generator.py
[2026-06-18T02:12:46.446+0000] {processor.py:914} INFO - Processing file /opt/airflow/dags/batch_generator.py for tasks to queue
[2026-06-18T02:12:46.447+0000] {logging_mixin.py:190} INFO - [2026-06-18T02:12:46.447+0000] {dagbag.py:588} INFO - Filling up the DagBag from /opt/airflow/dags/batch_generator.py
[2026-06-18T02:12:46.548+0000] {processor.py:925} INFO - DAG(s) 'extract_raw_data_pipeline' retrieved from /opt/airflow/dags/batch_generator.py
[2026-06-18T02:12:46.565+0000] {logging_mixin.py:190} INFO - [2026-06-18T02:12:46.565+0000] {dag.py:3239} INFO - Sync 1 DAGs
[2026-06-18T02:12:46.580+0000] {logging_mixin.py:190} INFO - [2026-06-18T02:12:46.580+0000] {dag.py:4180} INFO - Setting next_dagrun for extract_raw_data_pipeline to 2026-06-17 07:59:00+00:00, run_after=2026-06-18 07:00:00+00:00
[2026-06-18T02:12:46.597+0000] {processor.py:208} INFO - Processing /opt/airflow/dags/batch_generator.py took 0.156 seconds
[2026-06-18T02:13:16.647+0000] {processor.py:186} INFO - Started process (PID=999) to work on /opt/airflow/dags/batch_generator.py
[2026-06-18T02:13:16.648+0000] {processor.py:914} INFO - Processing file /opt/airflow/dags/batch_generator.py for tasks to queue
[2026-06-18T02:13:16.651+0000] {logging_mixin.py:190} INFO - [2026-06-18T02:13:16.651+0000] {dagbag.py:588} INFO - Filling up the DagBag from /opt/airflow/dags/batch_generator.py
[2026-06-18T02:13:16.758+0000] {processor.py:925} INFO - DAG(s) 'extract_raw_data_pipeline' retrieved from /opt/airflow/dags/batch_generator.py
[2026-06-18T02:13:16.776+0000] {logging_mixin.py:190} INFO - [2026-06-18T02:13:16.776+0000] {dag.py:3239} INFO - Sync 1 DAGs
[2026-06-18T02:13:16.791+0000] {logging_mixin.py:190} INFO - [2026-06-18T02:13:16.791+0000] {dag.py:4180} INFO - Setting next_dagrun for extract_raw_data_pipeline to 2026-06-17 07:59:00+00:00, run_after=2026-06-18 07:00:00+00:00
[2026-06-18T02:13:16.814+0000] {processor.py:208} INFO - Processing /opt/airflow/dags/batch_generator.py took 0.171 seconds
[2026-06-18T02:13:47.046+0000] {processor.py:186} INFO - Started process (PID=1007) to work on /opt/airflow/dags/batch_generator.py
[2026-06-18T02:13:47.047+0000] {processor.py:914} INFO - Processing file /opt/airflow/dags/batch_generator.py for tasks to queue
[2026-06-18T02:13:47.049+0000] {logging_mixin.py:190} INFO - [2026-06-18T02:13:47.048+0000] {dagbag.py:588} INFO - Filling up the DagBag from /opt/airflow/dags/batch_generator.py
[2026-06-18T02:13:47.140+0000] {processor.py:925} INFO - DAG(s) 'extract_raw_data_pipeline' retrieved from /opt/airflow/dags/batch_generator.py
[2026-06-18T02:13:47.156+0000] {logging_mixin.py:190} INFO - [2026-06-18T02:13:47.156+0000] {dag.py:3239} INFO - Sync 1 DAGs
[2026-06-18T02:13:47.170+0000] {logging_mixin.py:190} INFO - [2026-06-18T02:13:47.170+0000] {dag.py:4180} INFO - Setting next_dagrun for extract_raw_data_pipeline to 2026-06-17 07:59:00+00:00, run_after=2026-06-18 07:00:00+00:00
[2026-06-18T02:13:47.183+0000] {processor.py:208} INFO - Processing /opt/airflow/dags/batch_generator.py took 0.141 seconds
[2026-06-18T02:14:17.369+0000] {processor.py:186} INFO - Started process (PID=1015) to work on /opt/airflow/dags/batch_generator.py
[2026-06-18T02:14:17.370+0000] {processor.py:914} INFO - Processing file /opt/airflow/dags/batch_generator.py for tasks to queue
[2026-06-18T02:14:17.371+0000] {logging_mixin.py:190} INFO - [2026-06-18T02:14:17.371+0000] {dagbag.py:588} INFO - Filling up the DagBag from /opt/airflow/dags/batch_generator.py
[2026-06-18T02:14:17.471+0000] {processor.py:925} INFO - DAG(s) 'extract_raw_data_pipeline' retrieved from /opt/airflow/dags/batch_generator.py
[2026-06-18T02:14:17.487+0000] {logging_mixin.py:190} INFO - [2026-06-18T02:14:17.487+0000] {dag.py:3239} INFO - Sync 1 DAGs
[2026-06-18T02:14:17.502+0000] {logging_mixin.py:190} INFO - [2026-06-18T02:14:17.501+0000] {dag.py:4180} INFO - Setting next_dagrun for extract_raw_data_pipeline to 2026-06-17 07:59:00+00:00, run_after=2026-06-18 07:00:00+00:00
[2026-06-18T02:14:17.515+0000] {processor.py:208} INFO - Processing /opt/airflow/dags/batch_generator.py took 0.151 seconds
[2026-06-18T02:14:47.747+0000] {processor.py:186} INFO - Started process (PID=1023) to work on /opt/airflow/dags/batch_generator.py
[2026-06-18T02:14:47.748+0000] {processor.py:914} INFO - Processing file /opt/airflow/dags/batch_generator.py for tasks to queue
[2026-06-18T02:14:47.750+0000] {logging_mixin.py:190} INFO - [2026-06-18T02:14:47.750+0000] {dagbag.py:588} INFO - Filling up the DagBag from /opt/airflow/dags/batch_generator.py
[2026-06-18T02:14:47.840+0000] {processor.py:925} INFO - DAG(s) 'extract_raw_data_pipeline' retrieved from /opt/airflow/dags/batch_generator.py
[2026-06-18T02:14:47.858+0000] {logging_mixin.py:190} INFO - [2026-06-18T02:14:47.858+0000] {dag.py:3239} INFO - Sync 1 DAGs
[2026-06-18T02:14:47.872+0000] {logging_mixin.py:190} INFO - [2026-06-18T02:14:47.872+0000] {dag.py:4180} INFO - Setting next_dagrun for extract_raw_data_pipeline to 2026-06-17 07:59:00+00:00, run_after=2026-06-18 07:00:00+00:00
[2026-06-18T02:14:47.885+0000] {processor.py:208} INFO - Processing /opt/airflow/dags/batch_generator.py took 0.141 seconds
[2026-06-18T02:15:18.017+0000] {processor.py:186} INFO - Started process (PID=1031) to work on /opt/airflow/dags/batch_generator.py
[2026-06-18T02:15:18.017+0000] {processor.py:914} INFO - Processing file /opt/airflow/dags/batch_generator.py for tasks to queue
[2026-06-18T02:15:18.020+0000] {logging_mixin.py:190} INFO - [2026-06-18T02:15:18.020+0000] {dagbag.py:588} INFO - Filling up the DagBag from /opt/airflow/dags/batch_generator.py
[2026-06-18T02:15:18.135+0000] {processor.py:925} INFO - DAG(s) 'extract_raw_data_pipeline' retrieved from /opt/airflow/dags/batch_generator.py
[2026-06-18T02:15:18.151+0000] {logging_mixin.py:190} INFO - [2026-06-18T02:15:18.151+0000] {dag.py:3239} INFO - Sync 1 DAGs
[2026-06-18T02:15:18.164+0000] {logging_mixin.py:190} INFO - [2026-06-18T02:15:18.164+0000] {dag.py:4180} INFO - Setting next_dagrun for extract_raw_data_pipeline to 2026-06-17 07:59:00+00:00, run_after=2026-06-18 07:00:00+00:00
[2026-06-18T02:15:18.179+0000] {processor.py:208} INFO - Processing /opt/airflow/dags/batch_generator.py took 0.166 seconds
[2026-06-18T02:15:48.434+0000] {processor.py:186} INFO - Started process (PID=1039) to work on /opt/airflow/dags/batch_generator.py
[2026-06-18T02:15:48.434+0000] {processor.py:914} INFO - Processing file /opt/airflow/dags/batch_generator.py for tasks to queue
[2026-06-18T02:15:48.436+0000] {logging_mixin.py:190} INFO - [2026-06-18T02:15:48.436+0000] {dagbag.py:588} INFO - Filling up the DagBag from /opt/airflow/dags/batch_generator.py
[2026-06-18T02:15:48.527+0000] {processor.py:925} INFO - DAG(s) 'extract_raw_data_pipeline' retrieved from /opt/airflow/dags/batch_generator.py
[2026-06-18T02:15:48.544+0000] {logging_mixin.py:190} INFO - [2026-06-18T02:15:48.544+0000] {dag.py:3239} INFO - Sync 1 DAGs
[2026-06-18T02:15:48.557+0000] {logging_mixin.py:190} INFO - [2026-06-18T02:15:48.557+0000] {dag.py:4180} INFO - Setting next_dagrun for extract_raw_data_pipeline to 2026-06-17 07:59:00+00:00, run_after=2026-06-18 07:00:00+00:00
[2026-06-18T02:15:48.572+0000] {processor.py:208} INFO - Processing /opt/airflow/dags/batch_generator.py took 0.142 seconds
[2026-06-18T02:16:18.741+0000] {processor.py:186} INFO - Started process (PID=1047) to work on /opt/airflow/dags/batch_generator.py
[2026-06-18T02:16:18.742+0000] {processor.py:914} INFO - Processing file /opt/airflow/dags/batch_generator.py for tasks to queue
[2026-06-18T02:16:18.744+0000] {logging_mixin.py:190} INFO - [2026-06-18T02:16:18.744+0000] {dagbag.py:588} INFO - Filling up the DagBag from /opt/airflow/dags/batch_generator.py
[2026-06-18T02:16:18.840+0000] {processor.py:925} INFO - DAG(s) 'extract_raw_data_pipeline' retrieved from /opt/airflow/dags/batch_generator.py
[2026-06-18T02:16:18.856+0000] {logging_mixin.py:190} INFO - [2026-06-18T02:16:18.856+0000] {dag.py:3239} INFO - Sync 1 DAGs
[2026-06-18T02:16:18.871+0000] {logging_mixin.py:190} INFO - [2026-06-18T02:16:18.871+0000] {dag.py:4180} INFO - Setting next_dagrun for extract_raw_data_pipeline to 2026-06-17 07:59:00+00:00, run_after=2026-06-18 07:00:00+00:00
[2026-06-18T02:16:18.886+0000] {processor.py:208} INFO - Processing /opt/airflow/dags/batch_generator.py took 0.149 seconds
[2026-06-18T02:16:49.080+0000] {processor.py:186} INFO - Started process (PID=1055) to work on /opt/airflow/dags/batch_generator.py
[2026-06-18T02:16:49.081+0000] {processor.py:914} INFO - Processing file /opt/airflow/dags/batch_generator.py for tasks to queue
[2026-06-18T02:16:49.083+0000] {logging_mixin.py:190} INFO - [2026-06-18T02:16:49.083+0000] {dagbag.py:588} INFO - Filling up the DagBag from /opt/airflow/dags/batch_generator.py
[2026-06-18T02:16:49.172+0000] {processor.py:925} INFO - DAG(s) 'extract_raw_data_pipeline' retrieved from /opt/airflow/dags/batch_generator.py
[2026-06-18T02:16:49.191+0000] {logging_mixin.py:190} INFO - [2026-06-18T02:16:49.190+0000] {dag.py:3239} INFO - Sync 1 DAGs
[2026-06-18T02:16:49.204+0000] {logging_mixin.py:190} INFO - [2026-06-18T02:16:49.204+0000] {dag.py:4180} INFO - Setting next_dagrun for extract_raw_data_pipeline to 2026-06-17 07:59:00+00:00, run_after=2026-06-18 07:00:00+00:00
[2026-06-18T02:16:49.219+0000] {processor.py:208} INFO - Processing /opt/airflow/dags/batch_generator.py took 0.142 seconds
[2026-06-18T02:17:19.495+0000] {processor.py:186} INFO - Started process (PID=1063) to work on /opt/airflow/dags/batch_generator.py
[2026-06-18T02:17:19.496+0000] {processor.py:914} INFO - Processing file /opt/airflow/dags/batch_generator.py for tasks to queue
[2026-06-18T02:17:19.498+0000] {logging_mixin.py:190} INFO - [2026-06-18T02:17:19.498+0000] {dagbag.py:588} INFO - Filling up the DagBag from /opt/airflow/dags/batch_generator.py
[2026-06-18T02:17:19.590+0000] {processor.py:925} INFO - DAG(s) 'extract_raw_data_pipeline' retrieved from /opt/airflow/dags/batch_generator.py
[2026-06-18T02:17:19.608+0000] {logging_mixin.py:190} INFO - [2026-06-18T02:17:19.608+0000] {dag.py:3239} INFO - Sync 1 DAGs
[2026-06-18T02:17:19.623+0000] {logging_mixin.py:190} INFO - [2026-06-18T02:17:19.623+0000] {dag.py:4180} INFO - Setting next_dagrun for extract_raw_data_pipeline to 2026-06-17 07:59:00+00:00, run_after=2026-06-18 07:00:00+00:00
[2026-06-18T02:17:19.636+0000] {processor.py:208} INFO - Processing /opt/airflow/dags/batch_generator.py took 0.144 seconds
[2026-06-18T02:17:49.770+0000] {processor.py:186} INFO - Started process (PID=1071) to work on /opt/airflow/dags/batch_generator.py
[2026-06-18T02:17:49.770+0000] {processor.py:914} INFO - Processing file /opt/airflow/dags/batch_generator.py for tasks to queue
[2026-06-18T02:17:49.772+0000] {logging_mixin.py:190} INFO - [2026-06-18T02:17:49.772+0000] {dagbag.py:588} INFO - Filling up the DagBag from /opt/airflow/dags/batch_generator.py
[2026-06-18T02:17:49.866+0000] {processor.py:925} INFO - DAG(s) 'extract_raw_data_pipeline' retrieved from /opt/airflow/dags/batch_generator.py
[2026-06-18T02:17:49.882+0000] {logging_mixin.py:190} INFO - [2026-06-18T02:17:49.882+0000] {dag.py:3239} INFO - Sync 1 DAGs
[2026-06-18T02:17:49.896+0000] {logging_mixin.py:190} INFO - [2026-06-18T02:17:49.896+0000] {dag.py:4180} INFO - Setting next_dagrun for extract_raw_data_pipeline to 2026-06-17 07:59:00+00:00, run_after=2026-06-18 07:00:00+00:00
[2026-06-18T02:17:49.910+0000] {processor.py:208} INFO - Processing /opt/airflow/dags/batch_generator.py took 0.145 seconds
[2026-06-18T02:18:20.147+0000] {processor.py:186} INFO - Started process (PID=1079) to work on /opt/airflow/dags/batch_generator.py
[2026-06-18T02:18:20.148+0000] {processor.py:914} INFO - Processing file /opt/airflow/dags/batch_generator.py for tasks to queue
[2026-06-18T02:18:20.150+0000] {logging_mixin.py:190} INFO - [2026-06-18T02:18:20.150+0000] {dagbag.py:588} INFO - Filling up the DagBag from /opt/airflow/dags/batch_generator.py
[2026-06-18T02:18:20.245+0000] {processor.py:925} INFO - DAG(s) 'extract_raw_data_pipeline' retrieved from /opt/airflow/dags/batch_generator.py
[2026-06-18T02:18:20.262+0000] {logging_mixin.py:190} INFO - [2026-06-18T02:18:20.261+0000] {dag.py:3239} INFO - Sync 1 DAGs
[2026-06-18T02:18:20.277+0000] {logging_mixin.py:190} INFO - [2026-06-18T02:18:20.277+0000] {dag.py:4180} INFO - Setting next_dagrun for extract_raw_data_pipeline to 2026-06-17 07:59:00+00:00, run_after=2026-06-18 07:00:00+00:00
[2026-06-18T02:18:20.290+0000] {processor.py:208} INFO - Processing /opt/airflow/dags/batch_generator.py took 0.147 seconds
[2026-06-18T02:18:50.494+0000] {processor.py:186} INFO - Started process (PID=1087) to work on /opt/airflow/dags/batch_generator.py
[2026-06-18T02:18:50.495+0000] {processor.py:914} INFO - Processing file /opt/airflow/dags/batch_generator.py for tasks to queue
[2026-06-18T02:18:50.497+0000] {logging_mixin.py:190} INFO - [2026-06-18T02:18:50.497+0000] {dagbag.py:588} INFO - Filling up the DagBag from /opt/airflow/dags/batch_generator.py
[2026-06-18T02:18:50.585+0000] {processor.py:925} INFO - DAG(s) 'extract_raw_data_pipeline' retrieved from /opt/airflow/dags/batch_generator.py
[2026-06-18T02:18:50.603+0000] {logging_mixin.py:190} INFO - [2026-06-18T02:18:50.603+0000] {dag.py:3239} INFO - Sync 1 DAGs
[2026-06-18T02:18:50.617+0000] {logging_mixin.py:190} INFO - [2026-06-18T02:18:50.617+0000] {dag.py:4180} INFO - Setting next_dagrun for extract_raw_data_pipeline to 2026-06-17 07:59:00+00:00, run_after=2026-06-18 07:00:00+00:00
[2026-06-18T02:18:50.634+0000] {processor.py:208} INFO - Processing /opt/airflow/dags/batch_generator.py took 0.144 seconds
[2026-06-18T02:19:20.830+0000] {processor.py:186} INFO - Started process (PID=1095) to work on /opt/airflow/dags/batch_generator.py
[2026-06-18T02:19:20.831+0000] {processor.py:914} INFO - Processing file /opt/airflow/dags/batch_generator.py for tasks to queue
[2026-06-18T02:19:20.833+0000] {logging_mixin.py:190} INFO - [2026-06-18T02:19:20.833+0000] {dagbag.py:588} INFO - Filling up the DagBag from /opt/airflow/dags/batch_generator.py
[2026-06-18T02:19:20.926+0000] {processor.py:925} INFO - DAG(s) 'extract_raw_data_pipeline' retrieved from /opt/airflow/dags/batch_generator.py
[2026-06-18T02:19:20.942+0000] {logging_mixin.py:190} INFO - [2026-06-18T02:19:20.942+0000] {dag.py:3239} INFO - Sync 1 DAGs
[2026-06-18T02:19:20.957+0000] {logging_mixin.py:190} INFO - [2026-06-18T02:19:20.957+0000] {dag.py:4180} INFO - Setting next_dagrun for extract_raw_data_pipeline to 2026-06-17 07:59:00+00:00, run_after=2026-06-18 07:00:00+00:00
[2026-06-18T02:19:20.970+0000] {processor.py:208} INFO - Processing /opt/airflow/dags/batch_generator.py took 0.144 seconds
[2026-06-18T02:19:51.106+0000] {processor.py:186} INFO - Started process (PID=1103) to work on /opt/airflow/dags/batch_generator.py
[2026-06-18T02:19:51.107+0000] {processor.py:914} INFO - Processing file /opt/airflow/dags/batch_generator.py for tasks to queue
[2026-06-18T02:19:51.108+0000] {logging_mixin.py:190} INFO - [2026-06-18T02:19:51.108+0000] {dagbag.py:588} INFO - Filling up the DagBag from /opt/airflow/dags/batch_generator.py
[2026-06-18T02:19:51.199+0000] {processor.py:925} INFO - DAG(s) 'extract_raw_data_pipeline' retrieved from /opt/airflow/dags/batch_generator.py
[2026-06-18T02:19:51.216+0000] {logging_mixin.py:190} INFO - [2026-06-18T02:19:51.216+0000] {dag.py:3239} INFO - Sync 1 DAGs
[2026-06-18T02:19:51.232+0000] {logging_mixin.py:190} INFO - [2026-06-18T02:19:51.232+0000] {dag.py:4180} INFO - Setting next_dagrun for extract_raw_data_pipeline to 2026-06-17 07:59:00+00:00, run_after=2026-06-18 07:00:00+00:00
[2026-06-18T02:19:51.247+0000] {processor.py:208} INFO - Processing /opt/airflow/dags/batch_generator.py took 0.145 seconds
[2026-06-18T02:20:21.439+0000] {processor.py:186} INFO - Started process (PID=1111) to work on /opt/airflow/dags/batch_generator.py
[2026-06-18T02:20:21.440+0000] {processor.py:914} INFO - Processing file /opt/airflow/dags/batch_generator.py for tasks to queue
[2026-06-18T02:20:21.442+0000] {logging_mixin.py:190} INFO - [2026-06-18T02:20:21.442+0000] {dagbag.py:588} INFO - Filling up the DagBag from /opt/airflow/dags/batch_generator.py
[2026-06-18T02:20:21.531+0000] {processor.py:925} INFO - DAG(s) 'extract_raw_data_pipeline' retrieved from /opt/airflow/dags/batch_generator.py
[2026-06-18T02:20:21.547+0000] {logging_mixin.py:190} INFO - [2026-06-18T02:20:21.547+0000] {dag.py:3239} INFO - Sync 1 DAGs
[2026-06-18T02:20:21.562+0000] {logging_mixin.py:190} INFO - [2026-06-18T02:20:21.561+0000] {dag.py:4180} INFO - Setting next_dagrun for extract_raw_data_pipeline to 2026-06-17 07:59:00+00:00, run_after=2026-06-18 07:00:00+00:00
[2026-06-18T02:20:21.575+0000] {processor.py:208} INFO - Processing /opt/airflow/dags/batch_generator.py took 0.139 seconds
[2026-06-18T02:20:51.756+0000] {processor.py:186} INFO - Started process (PID=1119) to work on /opt/airflow/dags/batch_generator.py
[2026-06-18T02:20:51.757+0000] {processor.py:914} INFO - Processing file /opt/airflow/dags/batch_generator.py for tasks to queue
[2026-06-18T02:20:51.758+0000] {logging_mixin.py:190} INFO - [2026-06-18T02:20:51.758+0000] {dagbag.py:588} INFO - Filling up the DagBag from /opt/airflow/dags/batch_generator.py
[2026-06-18T02:20:51.849+0000] {processor.py:925} INFO - DAG(s) 'extract_raw_data_pipeline' retrieved from /opt/airflow/dags/batch_generator.py
[2026-06-18T02:20:51.867+0000] {logging_mixin.py:190} INFO - [2026-06-18T02:20:51.866+0000] {dag.py:3239} INFO - Sync 1 DAGs
[2026-06-18T02:20:51.880+0000] {logging_mixin.py:190} INFO - [2026-06-18T02:20:51.880+0000] {dag.py:4180} INFO - Setting next_dagrun for extract_raw_data_pipeline to 2026-06-17 07:59:00+00:00, run_after=2026-06-18 07:00:00+00:00
[2026-06-18T02:20:51.894+0000] {processor.py:208} INFO - Processing /opt/airflow/dags/batch_generator.py took 0.143 seconds
[2026-06-18T02:21:22.162+0000] {processor.py:186} INFO - Started process (PID=1127) to work on /opt/airflow/dags/batch_generator.py
[2026-06-18T02:21:22.163+0000] {processor.py:914} INFO - Processing file /opt/airflow/dags/batch_generator.py for tasks to queue
[2026-06-18T02:21:22.165+0000] {logging_mixin.py:190} INFO - [2026-06-18T02:21:22.165+0000] {dagbag.py:588} INFO - Filling up the DagBag from /opt/airflow/dags/batch_generator.py
[2026-06-18T02:21:22.256+0000] {processor.py:925} INFO - DAG(s) 'extract_raw_data_pipeline' retrieved from /opt/airflow/dags/batch_generator.py
[2026-06-18T02:21:22.271+0000] {logging_mixin.py:190} INFO - [2026-06-18T02:21:22.271+0000] {dag.py:3239} INFO - Sync 1 DAGs
[2026-06-18T02:21:22.284+0000] {logging_mixin.py:190} INFO - [2026-06-18T02:21:22.284+0000] {dag.py:4180} INFO - Setting next_dagrun for extract_raw_data_pipeline to 2026-06-17 07:59:00+00:00, run_after=2026-06-18 07:00:00+00:00
[2026-06-18T02:21:22.298+0000] {processor.py:208} INFO - Processing /opt/airflow/dags/batch_generator.py took 0.140 seconds
[2026-06-18T02:21:52.455+0000] {processor.py:186} INFO - Started process (PID=1135) to work on /opt/airflow/dags/batch_generator.py
[2026-06-18T02:21:52.456+0000] {processor.py:914} INFO - Processing file /opt/airflow/dags/batch_generator.py for tasks to queue
[2026-06-18T02:21:52.457+0000] {logging_mixin.py:190} INFO - [2026-06-18T02:21:52.457+0000] {dagbag.py:588} INFO - Filling up the DagBag from /opt/airflow/dags/batch_generator.py
[2026-06-18T02:21:52.548+0000] {processor.py:925} INFO - DAG(s) 'extract_raw_data_pipeline' retrieved from /opt/airflow/dags/batch_generator.py
[2026-06-18T02:21:52.566+0000] {logging_mixin.py:190} INFO - [2026-06-18T02:21:52.565+0000] {dag.py:3239} INFO - Sync 1 DAGs
[2026-06-18T02:21:52.580+0000] {logging_mixin.py:190} INFO - [2026-06-18T02:21:52.580+0000] {dag.py:4180} INFO - Setting next_dagrun for extract_raw_data_pipeline to 2026-06-17 07:59:00+00:00, run_after=2026-06-18 07:00:00+00:00
[2026-06-18T02:21:52.637+0000] {processor.py:208} INFO - Processing /opt/airflow/dags/batch_generator.py took 0.186 seconds
[2026-06-18T02:22:22.804+0000] {processor.py:186} INFO - Started process (PID=1143) to work on /opt/airflow/dags/batch_generator.py
[2026-06-18T02:22:22.805+0000] {processor.py:914} INFO - Processing file /opt/airflow/dags/batch_generator.py for tasks to queue
[2026-06-18T02:22:22.806+0000] {logging_mixin.py:190} INFO - [2026-06-18T02:22:22.806+0000] {dagbag.py:588} INFO - Filling up the DagBag from /opt/airflow/dags/batch_generator.py
[2026-06-18T02:22:22.895+0000] {processor.py:925} INFO - DAG(s) 'extract_raw_data_pipeline' retrieved from /opt/airflow/dags/batch_generator.py
[2026-06-18T02:22:22.909+0000] {logging_mixin.py:190} INFO - [2026-06-18T02:22:22.909+0000] {dag.py:3239} INFO - Sync 1 DAGs
[2026-06-18T02:22:22.923+0000] {logging_mixin.py:190} INFO - [2026-06-18T02:22:22.923+0000] {dag.py:4180} INFO - Setting next_dagrun for extract_raw_data_pipeline to 2026-06-17 07:59:00+00:00, run_after=2026-06-18 07:00:00+00:00
[2026-06-18T02:22:22.936+0000] {processor.py:208} INFO - Processing /opt/airflow/dags/batch_generator.py took 0.136 seconds
[2026-06-18T02:22:53.146+0000] {processor.py:186} INFO - Started process (PID=1151) to work on /opt/airflow/dags/batch_generator.py
[2026-06-18T02:22:53.147+0000] {processor.py:914} INFO - Processing file /opt/airflow/dags/batch_generator.py for tasks to queue
[2026-06-18T02:22:53.149+0000] {logging_mixin.py:190} INFO - [2026-06-18T02:22:53.149+0000] {dagbag.py:588} INFO - Filling up the DagBag from /opt/airflow/dags/batch_generator.py
[2026-06-18T02:22:53.237+0000] {processor.py:925} INFO - DAG(s) 'extract_raw_data_pipeline' retrieved from /opt/airflow/dags/batch_generator.py
[2026-06-18T02:22:53.253+0000] {logging_mixin.py:190} INFO - [2026-06-18T02:22:53.253+0000] {dag.py:3239} INFO - Sync 1 DAGs
[2026-06-18T02:22:53.267+0000] {logging_mixin.py:190} INFO - [2026-06-18T02:22:53.267+0000] {dag.py:4180} INFO - Setting next_dagrun for extract_raw_data_pipeline to 2026-06-17 07:59:00+00:00, run_after=2026-06-18 07:00:00+00:00
[2026-06-18T02:22:53.283+0000] {processor.py:208} INFO - Processing /opt/airflow/dags/batch_generator.py took 0.141 seconds
[2026-06-18T02:23:23.539+0000] {processor.py:186} INFO - Started process (PID=1159) to work on /opt/airflow/dags/batch_generator.py
[2026-06-18T02:23:23.540+0000] {processor.py:914} INFO - Processing file /opt/airflow/dags/batch_generator.py for tasks to queue
[2026-06-18T02:23:23.542+0000] {logging_mixin.py:190} INFO - [2026-06-18T02:23:23.541+0000] {dagbag.py:588} INFO - Filling up the DagBag from /opt/airflow/dags/batch_generator.py
[2026-06-18T02:23:23.631+0000] {processor.py:925} INFO - DAG(s) 'extract_raw_data_pipeline' retrieved from /opt/airflow/dags/batch_generator.py
[2026-06-18T02:23:23.645+0000] {logging_mixin.py:190} INFO - [2026-06-18T02:23:23.645+0000] {dag.py:3239} INFO - Sync 1 DAGs
[2026-06-18T02:23:23.659+0000] {logging_mixin.py:190} INFO - [2026-06-18T02:23:23.659+0000] {dag.py:4180} INFO - Setting next_dagrun for extract_raw_data_pipeline to 2026-06-17 07:59:00+00:00, run_after=2026-06-18 07:00:00+00:00
[2026-06-18T02:23:23.671+0000] {processor.py:208} INFO - Processing /opt/airflow/dags/batch_generator.py took 0.135 seconds
[2026-06-18T02:23:53.773+0000] {processor.py:186} INFO - Started process (PID=1167) to work on /opt/airflow/dags/batch_generator.py
[2026-06-18T02:23:53.774+0000] {processor.py:914} INFO - Processing file /opt/airflow/dags/batch_generator.py for tasks to queue
[2026-06-18T02:23:53.777+0000] {logging_mixin.py:190} INFO - [2026-06-18T02:23:53.776+0000] {dagbag.py:588} INFO - Filling up the DagBag from /opt/airflow/dags/batch_generator.py
[2026-06-18T02:23:53.882+0000] {processor.py:925} INFO - DAG(s) 'extract_raw_data_pipeline' retrieved from /opt/airflow/dags/batch_generator.py
[2026-06-18T02:23:53.897+0000] {logging_mixin.py:190} INFO - [2026-06-18T02:23:53.897+0000] {dag.py:3239} INFO - Sync 1 DAGs
[2026-06-18T02:23:53.909+0000] {logging_mixin.py:190} INFO - [2026-06-18T02:23:53.908+0000] {dag.py:4180} INFO - Setting next_dagrun for extract_raw_data_pipeline to 2026-06-17 07:59:00+00:00, run_after=2026-06-18 07:00:00+00:00
[2026-06-18T02:23:53.922+0000] {processor.py:208} INFO - Processing /opt/airflow/dags/batch_generator.py took 0.153 seconds
[2026-06-18T02:24:24.276+0000] {processor.py:186} INFO - Started process (PID=1175) to work on /opt/airflow/dags/batch_generator.py
[2026-06-18T02:24:24.276+0000] {processor.py:914} INFO - Processing file /opt/airflow/dags/batch_generator.py for tasks to queue
[2026-06-18T02:24:24.278+0000] {logging_mixin.py:190} INFO - [2026-06-18T02:24:24.278+0000] {dagbag.py:588} INFO - Filling up the DagBag from /opt/airflow/dags/batch_generator.py
[2026-06-18T02:24:24.367+0000] {processor.py:925} INFO - DAG(s) 'extract_raw_data_pipeline' retrieved from /opt/airflow/dags/batch_generator.py
[2026-06-18T02:24:24.381+0000] {logging_mixin.py:190} INFO - [2026-06-18T02:24:24.381+0000] {dag.py:3239} INFO - Sync 1 DAGs
[2026-06-18T02:24:24.395+0000] {logging_mixin.py:190} INFO - [2026-06-18T02:24:24.395+0000] {dag.py:4180} INFO - Setting next_dagrun for extract_raw_data_pipeline to 2026-06-17 07:59:00+00:00, run_after=2026-06-18 07:00:00+00:00
[2026-06-18T02:24:24.408+0000] {processor.py:208} INFO - Processing /opt/airflow/dags/batch_generator.py took 0.135 seconds
[2026-06-18T02:24:54.575+0000] {processor.py:186} INFO - Started process (PID=1183) to work on /opt/airflow/dags/batch_generator.py
[2026-06-18T02:24:54.576+0000] {processor.py:914} INFO - Processing file /opt/airflow/dags/batch_generator.py for tasks to queue
[2026-06-18T02:24:54.578+0000] {logging_mixin.py:190} INFO - [2026-06-18T02:24:54.578+0000] {dagbag.py:588} INFO - Filling up the DagBag from /opt/airflow/dags/batch_generator.py
[2026-06-18T02:24:54.679+0000] {processor.py:925} INFO - DAG(s) 'extract_raw_data_pipeline' retrieved from /opt/airflow/dags/batch_generator.py
[2026-06-18T02:24:54.695+0000] {logging_mixin.py:190} INFO - [2026-06-18T02:24:54.695+0000] {dag.py:3239} INFO - Sync 1 DAGs
[2026-06-18T02:24:54.709+0000] {logging_mixin.py:190} INFO - [2026-06-18T02:24:54.709+0000] {dag.py:4180} INFO - Setting next_dagrun for extract_raw_data_pipeline to 2026-06-17 07:59:00+00:00, run_after=2026-06-18 07:00:00+00:00
[2026-06-18T02:24:54.722+0000] {processor.py:208} INFO - Processing /opt/airflow/dags/batch_generator.py took 0.151 seconds
[2026-06-18T02:25:24.924+0000] {processor.py:186} INFO - Started process (PID=1191) to work on /opt/airflow/dags/batch_generator.py
[2026-06-18T02:25:24.925+0000] {processor.py:914} INFO - Processing file /opt/airflow/dags/batch_generator.py for tasks to queue
[2026-06-18T02:25:24.927+0000] {logging_mixin.py:190} INFO - [2026-06-18T02:25:24.927+0000] {dagbag.py:588} INFO - Filling up the DagBag from /opt/airflow/dags/batch_generator.py
[2026-06-18T02:25:25.017+0000] {processor.py:925} INFO - DAG(s) 'extract_raw_data_pipeline' retrieved from /opt/airflow/dags/batch_generator.py
[2026-06-18T02:25:25.033+0000] {logging_mixin.py:190} INFO - [2026-06-18T02:25:25.033+0000] {dag.py:3239} INFO - Sync 1 DAGs
[2026-06-18T02:25:25.046+0000] {logging_mixin.py:190} INFO - [2026-06-18T02:25:25.046+0000] {dag.py:4180} INFO - Setting next_dagrun for extract_raw_data_pipeline to 2026-06-17 07:59:00+00:00, run_after=2026-06-18 07:00:00+00:00
[2026-06-18T02:25:25.062+0000] {processor.py:208} INFO - Processing /opt/airflow/dags/batch_generator.py took 0.141 seconds
[2026-06-18T02:25:55.279+0000] {processor.py:186} INFO - Started process (PID=1199) to work on /opt/airflow/dags/batch_generator.py
[2026-06-18T02:25:55.280+0000] {processor.py:914} INFO - Processing file /opt/airflow/dags/batch_generator.py for tasks to queue
[2026-06-18T02:25:55.282+0000] {logging_mixin.py:190} INFO - [2026-06-18T02:25:55.281+0000] {dagbag.py:588} INFO - Filling up the DagBag from /opt/airflow/dags/batch_generator.py
[2026-06-18T02:25:55.380+0000] {processor.py:925} INFO - DAG(s) 'extract_raw_data_pipeline' retrieved from /opt/airflow/dags/batch_generator.py
[2026-06-18T02:25:55.397+0000] {logging_mixin.py:190} INFO - [2026-06-18T02:25:55.397+0000] {dag.py:3239} INFO - Sync 1 DAGs
[2026-06-18T02:25:55.413+0000] {logging_mixin.py:190} INFO - [2026-06-18T02:25:55.413+0000] {dag.py:4180} INFO - Setting next_dagrun for extract_raw_data_pipeline to 2026-06-17 07:59:00+00:00, run_after=2026-06-18 07:00:00+00:00
[2026-06-18T02:25:55.429+0000] {processor.py:208} INFO - Processing /opt/airflow/dags/batch_generator.py took 0.154 seconds
[2026-06-18T02:26:25.622+0000] {processor.py:186} INFO - Started process (PID=1207) to work on /opt/airflow/dags/batch_generator.py
[2026-06-18T02:26:25.623+0000] {processor.py:914} INFO - Processing file /opt/airflow/dags/batch_generator.py for tasks to queue
[2026-06-18T02:26:25.624+0000] {logging_mixin.py:190} INFO - [2026-06-18T02:26:25.624+0000] {dagbag.py:588} INFO - Filling up the DagBag from /opt/airflow/dags/batch_generator.py
[2026-06-18T02:26:25.729+0000] {processor.py:925} INFO - DAG(s) 'extract_raw_data_pipeline' retrieved from /opt/airflow/dags/batch_generator.py
[2026-06-18T02:26:25.745+0000] {logging_mixin.py:190} INFO - [2026-06-18T02:26:25.745+0000] {dag.py:3239} INFO - Sync 1 DAGs
[2026-06-18T02:26:25.761+0000] {logging_mixin.py:190} INFO - [2026-06-18T02:26:25.761+0000] {dag.py:4180} INFO - Setting next_dagrun for extract_raw_data_pipeline to 2026-06-17 07:59:00+00:00, run_after=2026-06-18 07:00:00+00:00
[2026-06-18T02:26:25.777+0000] {processor.py:208} INFO - Processing /opt/airflow/dags/batch_generator.py took 0.160 seconds
[2026-06-18T02:26:55.999+0000] {processor.py:186} INFO - Started process (PID=1215) to work on /opt/airflow/dags/batch_generator.py
[2026-06-18T02:26:56.000+0000] {processor.py:914} INFO - Processing file /opt/airflow/dags/batch_generator.py for tasks to queue
[2026-06-18T02:26:56.002+0000] {logging_mixin.py:190} INFO - [2026-06-18T02:26:56.002+0000] {dagbag.py:588} INFO - Filling up the DagBag from /opt/airflow/dags/batch_generator.py
[2026-06-18T02:26:56.102+0000] {processor.py:925} INFO - DAG(s) 'extract_raw_data_pipeline' retrieved from /opt/airflow/dags/batch_generator.py
[2026-06-18T02:26:56.119+0000] {logging_mixin.py:190} INFO - [2026-06-18T02:26:56.119+0000] {dag.py:3239} INFO - Sync 1 DAGs
[2026-06-18T02:26:56.134+0000] {logging_mixin.py:190} INFO - [2026-06-18T02:26:56.133+0000] {dag.py:4180} INFO - Setting next_dagrun for extract_raw_data_pipeline to 2026-06-17 07:59:00+00:00, run_after=2026-06-18 07:00:00+00:00
[2026-06-18T02:26:56.159+0000] {processor.py:208} INFO - Processing /opt/airflow/dags/batch_generator.py took 0.163 seconds
[2026-06-18T02:27:26.313+0000] {processor.py:186} INFO - Started process (PID=1223) to work on /opt/airflow/dags/batch_generator.py
[2026-06-18T02:27:26.314+0000] {processor.py:914} INFO - Processing file /opt/airflow/dags/batch_generator.py for tasks to queue
[2026-06-18T02:27:26.315+0000] {logging_mixin.py:190} INFO - [2026-06-18T02:27:26.315+0000] {dagbag.py:588} INFO - Filling up the DagBag from /opt/airflow/dags/batch_generator.py
[2026-06-18T02:27:26.408+0000] {processor.py:925} INFO - DAG(s) 'extract_raw_data_pipeline' retrieved from /opt/airflow/dags/batch_generator.py
[2026-06-18T02:27:26.423+0000] {logging_mixin.py:190} INFO - [2026-06-18T02:27:26.423+0000] {dag.py:3239} INFO - Sync 1 DAGs
[2026-06-18T02:27:26.437+0000] {logging_mixin.py:190} INFO - [2026-06-18T02:27:26.437+0000] {dag.py:4180} INFO - Setting next_dagrun for extract_raw_data_pipeline to 2026-06-17 07:59:00+00:00, run_after=2026-06-18 07:00:00+00:00
[2026-06-18T02:27:26.450+0000] {processor.py:208} INFO - Processing /opt/airflow/dags/batch_generator.py took 0.141 seconds
[2026-06-18T02:27:56.688+0000] {processor.py:186} INFO - Started process (PID=1231) to work on /opt/airflow/dags/batch_generator.py
[2026-06-18T02:27:56.688+0000] {processor.py:914} INFO - Processing file /opt/airflow/dags/batch_generator.py for tasks to queue
[2026-06-18T02:27:56.690+0000] {logging_mixin.py:190} INFO - [2026-06-18T02:27:56.690+0000] {dagbag.py:588} INFO - Filling up the DagBag from /opt/airflow/dags/batch_generator.py
[2026-06-18T02:27:56.781+0000] {processor.py:925} INFO - DAG(s) 'extract_raw_data_pipeline' retrieved from /opt/airflow/dags/batch_generator.py
[2026-06-18T02:27:56.798+0000] {logging_mixin.py:190} INFO - [2026-06-18T02:27:56.798+0000] {dag.py:3239} INFO - Sync 1 DAGs
[2026-06-18T02:27:56.814+0000] {logging_mixin.py:190} INFO - [2026-06-18T02:27:56.814+0000] {dag.py:4180} INFO - Setting next_dagrun for extract_raw_data_pipeline to 2026-06-17 07:59:00+00:00, run_after=2026-06-18 07:00:00+00:00
[2026-06-18T02:27:56.830+0000] {processor.py:208} INFO - Processing /opt/airflow/dags/batch_generator.py took 0.146 seconds
[2026-06-18T02:28:27.014+0000] {processor.py:186} INFO - Started process (PID=1239) to work on /opt/airflow/dags/batch_generator.py
[2026-06-18T02:28:27.015+0000] {processor.py:914} INFO - Processing file /opt/airflow/dags/batch_generator.py for tasks to queue
[2026-06-18T02:28:27.017+0000] {logging_mixin.py:190} INFO - [2026-06-18T02:28:27.017+0000] {dagbag.py:588} INFO - Filling up the DagBag from /opt/airflow/dags/batch_generator.py
[2026-06-18T02:28:27.107+0000] {processor.py:925} INFO - DAG(s) 'extract_raw_data_pipeline' retrieved from /opt/airflow/dags/batch_generator.py
[2026-06-18T02:28:27.123+0000] {logging_mixin.py:190} INFO - [2026-06-18T02:28:27.123+0000] {dag.py:3239} INFO - Sync 1 DAGs
[2026-06-18T02:28:27.137+0000] {logging_mixin.py:190} INFO - [2026-06-18T02:28:27.137+0000] {dag.py:4180} INFO - Setting next_dagrun for extract_raw_data_pipeline to 2026-06-17 07:59:00+00:00, run_after=2026-06-18 07:00:00+00:00
[2026-06-18T02:28:27.151+0000] {processor.py:208} INFO - Processing /opt/airflow/dags/batch_generator.py took 0.142 seconds
[2026-06-18T02:28:57.313+0000] {processor.py:186} INFO - Started process (PID=1247) to work on /opt/airflow/dags/batch_generator.py
[2026-06-18T02:28:57.314+0000] {processor.py:914} INFO - Processing file /opt/airflow/dags/batch_generator.py for tasks to queue
[2026-06-18T02:28:57.316+0000] {logging_mixin.py:190} INFO - [2026-06-18T02:28:57.316+0000] {dagbag.py:588} INFO - Filling up the DagBag from /opt/airflow/dags/batch_generator.py
[2026-06-18T02:28:57.419+0000] {processor.py:925} INFO - DAG(s) 'extract_raw_data_pipeline' retrieved from /opt/airflow/dags/batch_generator.py
[2026-06-18T02:28:57.437+0000] {logging_mixin.py:190} INFO - [2026-06-18T02:28:57.437+0000] {dag.py:3239} INFO - Sync 1 DAGs
[2026-06-18T02:28:57.452+0000] {logging_mixin.py:190} INFO - [2026-06-18T02:28:57.452+0000] {dag.py:4180} INFO - Setting next_dagrun for extract_raw_data_pipeline to 2026-06-17 07:59:00+00:00, run_after=2026-06-18 07:00:00+00:00
[2026-06-18T02:28:57.467+0000] {processor.py:208} INFO - Processing /opt/airflow/dags/batch_generator.py took 0.158 seconds
[2026-06-18T02:29:27.725+0000] {processor.py:186} INFO - Started process (PID=1255) to work on /opt/airflow/dags/batch_generator.py
[2026-06-18T02:29:27.726+0000] {processor.py:914} INFO - Processing file /opt/airflow/dags/batch_generator.py for tasks to queue
[2026-06-18T02:29:27.728+0000] {logging_mixin.py:190} INFO - [2026-06-18T02:29:27.727+0000] {dagbag.py:588} INFO - Filling up the DagBag from /opt/airflow/dags/batch_generator.py
[2026-06-18T02:29:27.841+0000] {processor.py:925} INFO - DAG(s) 'extract_raw_data_pipeline' retrieved from /opt/airflow/dags/batch_generator.py
[2026-06-18T02:29:27.858+0000] {logging_mixin.py:190} INFO - [2026-06-18T02:29:27.858+0000] {dag.py:3239} INFO - Sync 1 DAGs
[2026-06-18T02:29:27.877+0000] {logging_mixin.py:190} INFO - [2026-06-18T02:29:27.877+0000] {dag.py:4180} INFO - Setting next_dagrun for extract_raw_data_pipeline to 2026-06-17 07:59:00+00:00, run_after=2026-06-18 07:00:00+00:00
[2026-06-18T02:29:27.892+0000] {processor.py:208} INFO - Processing /opt/airflow/dags/batch_generator.py took 0.172 seconds
[2026-06-18T02:29:57.943+0000] {processor.py:186} INFO - Started process (PID=1263) to work on /opt/airflow/dags/batch_generator.py
[2026-06-18T02:29:57.944+0000] {processor.py:914} INFO - Processing file /opt/airflow/dags/batch_generator.py for tasks to queue
[2026-06-18T02:29:57.946+0000] {logging_mixin.py:190} INFO - [2026-06-18T02:29:57.946+0000] {dagbag.py:588} INFO - Filling up the DagBag from /opt/airflow/dags/batch_generator.py
[2026-06-18T02:29:58.038+0000] {processor.py:925} INFO - DAG(s) 'extract_raw_data_pipeline' retrieved from /opt/airflow/dags/batch_generator.py
[2026-06-18T02:29:58.056+0000] {logging_mixin.py:190} INFO - [2026-06-18T02:29:58.056+0000] {dag.py:3239} INFO - Sync 1 DAGs
[2026-06-18T02:29:58.071+0000] {logging_mixin.py:190} INFO - [2026-06-18T02:29:58.071+0000] {dag.py:4180} INFO - Setting next_dagrun for extract_raw_data_pipeline to 2026-06-17 07:59:00+00:00, run_after=2026-06-18 07:00:00+00:00
[2026-06-18T02:29:58.086+0000] {processor.py:208} INFO - Processing /opt/airflow/dags/batch_generator.py took 0.147 seconds
[2026-06-18T02:30:28.200+0000] {processor.py:186} INFO - Started process (PID=1271) to work on /opt/airflow/dags/batch_generator.py
[2026-06-18T02:30:28.200+0000] {processor.py:914} INFO - Processing file /opt/airflow/dags/batch_generator.py for tasks to queue
[2026-06-18T02:30:28.202+0000] {logging_mixin.py:190} INFO - [2026-06-18T02:30:28.202+0000] {dagbag.py:588} INFO - Filling up the DagBag from /opt/airflow/dags/batch_generator.py
[2026-06-18T02:30:28.292+0000] {processor.py:925} INFO - DAG(s) 'extract_raw_data_pipeline' retrieved from /opt/airflow/dags/batch_generator.py
[2026-06-18T02:30:28.309+0000] {logging_mixin.py:190} INFO - [2026-06-18T02:30:28.309+0000] {dag.py:3239} INFO - Sync 1 DAGs
[2026-06-18T02:30:28.325+0000] {logging_mixin.py:190} INFO - [2026-06-18T02:30:28.325+0000] {dag.py:4180} INFO - Setting next_dagrun for extract_raw_data_pipeline to 2026-06-17 07:59:00+00:00, run_after=2026-06-18 07:00:00+00:00
[2026-06-18T02:30:28.340+0000] {processor.py:208} INFO - Processing /opt/airflow/dags/batch_generator.py took 0.145 seconds
[2026-06-18T02:30:58.557+0000] {processor.py:186} INFO - Started process (PID=1279) to work on /opt/airflow/dags/batch_generator.py
[2026-06-18T02:30:58.558+0000] {processor.py:914} INFO - Processing file /opt/airflow/dags/batch_generator.py for tasks to queue
[2026-06-18T02:30:58.559+0000] {logging_mixin.py:190} INFO - [2026-06-18T02:30:58.559+0000] {dagbag.py:588} INFO - Filling up the DagBag from /opt/airflow/dags/batch_generator.py
[2026-06-18T02:30:58.668+0000] {processor.py:925} INFO - DAG(s) 'extract_raw_data_pipeline' retrieved from /opt/airflow/dags/batch_generator.py
[2026-06-18T02:30:58.690+0000] {logging_mixin.py:190} INFO - [2026-06-18T02:30:58.690+0000] {dag.py:3239} INFO - Sync 1 DAGs
[2026-06-18T02:30:58.708+0000] {logging_mixin.py:190} INFO - [2026-06-18T02:30:58.708+0000] {dag.py:4180} INFO - Setting next_dagrun for extract_raw_data_pipeline to 2026-06-17 07:59:00+00:00, run_after=2026-06-18 07:00:00+00:00
[2026-06-18T02:30:58.732+0000] {processor.py:208} INFO - Processing /opt/airflow/dags/batch_generator.py took 0.179 seconds
[2026-06-18T02:31:28.811+0000] {processor.py:186} INFO - Started process (PID=1287) to work on /opt/airflow/dags/batch_generator.py
[2026-06-18T02:31:28.811+0000] {processor.py:914} INFO - Processing file /opt/airflow/dags/batch_generator.py for tasks to queue
[2026-06-18T02:31:28.813+0000] {logging_mixin.py:190} INFO - [2026-06-18T02:31:28.813+0000] {dagbag.py:588} INFO - Filling up the DagBag from /opt/airflow/dags/batch_generator.py
[2026-06-18T02:31:28.901+0000] {processor.py:925} INFO - DAG(s) 'extract_raw_data_pipeline' retrieved from /opt/airflow/dags/batch_generator.py
[2026-06-18T02:31:28.916+0000] {logging_mixin.py:190} INFO - [2026-06-18T02:31:28.916+0000] {dag.py:3239} INFO - Sync 1 DAGs
[2026-06-18T02:31:28.929+0000] {logging_mixin.py:190} INFO - [2026-06-18T02:31:28.929+0000] {dag.py:4180} INFO - Setting next_dagrun for extract_raw_data_pipeline to 2026-06-17 07:59:00+00:00, run_after=2026-06-18 07:00:00+00:00
[2026-06-18T02:31:28.942+0000] {processor.py:208} INFO - Processing /opt/airflow/dags/batch_generator.py took 0.135 seconds
[2026-06-18T02:31:59.180+0000] {processor.py:186} INFO - Started process (PID=1295) to work on /opt/airflow/dags/batch_generator.py
[2026-06-18T02:31:59.181+0000] {processor.py:914} INFO - Processing file /opt/airflow/dags/batch_generator.py for tasks to queue
[2026-06-18T02:31:59.183+0000] {logging_mixin.py:190} INFO - [2026-06-18T02:31:59.183+0000] {dagbag.py:588} INFO - Filling up the DagBag from /opt/airflow/dags/batch_generator.py
[2026-06-18T02:31:59.273+0000] {processor.py:925} INFO - DAG(s) 'extract_raw_data_pipeline' retrieved from /opt/airflow/dags/batch_generator.py
[2026-06-18T02:31:59.290+0000] {logging_mixin.py:190} INFO - [2026-06-18T02:31:59.289+0000] {dag.py:3239} INFO - Sync 1 DAGs
[2026-06-18T02:31:59.304+0000] {logging_mixin.py:190} INFO - [2026-06-18T02:31:59.303+0000] {dag.py:4180} INFO - Setting next_dagrun for extract_raw_data_pipeline to 2026-06-17 07:59:00+00:00, run_after=2026-06-18 07:00:00+00:00
[2026-06-18T02:31:59.318+0000] {processor.py:208} INFO - Processing /opt/airflow/dags/batch_generator.py took 0.142 seconds
[2026-06-18T02:32:29.448+0000] {processor.py:186} INFO - Started process (PID=1303) to work on /opt/airflow/dags/batch_generator.py
[2026-06-18T02:32:29.449+0000] {processor.py:914} INFO - Processing file /opt/airflow/dags/batch_generator.py for tasks to queue
[2026-06-18T02:32:29.451+0000] {logging_mixin.py:190} INFO - [2026-06-18T02:32:29.450+0000] {dagbag.py:588} INFO - Filling up the DagBag from /opt/airflow/dags/batch_generator.py
[2026-06-18T02:32:29.553+0000] {processor.py:925} INFO - DAG(s) 'extract_raw_data_pipeline' retrieved from /opt/airflow/dags/batch_generator.py
[2026-06-18T02:32:29.569+0000] {logging_mixin.py:190} INFO - [2026-06-18T02:32:29.569+0000] {dag.py:3239} INFO - Sync 1 DAGs
[2026-06-18T02:32:29.583+0000] {logging_mixin.py:190} INFO - [2026-06-18T02:32:29.583+0000] {dag.py:4180} INFO - Setting next_dagrun for extract_raw_data_pipeline to 2026-06-17 07:59:00+00:00, run_after=2026-06-18 07:00:00+00:00
[2026-06-18T02:32:29.595+0000] {processor.py:208} INFO - Processing /opt/airflow/dags/batch_generator.py took 0.151 seconds
[2026-06-18T02:32:59.852+0000] {processor.py:186} INFO - Started process (PID=1311) to work on /opt/airflow/dags/batch_generator.py
[2026-06-18T02:32:59.853+0000] {processor.py:914} INFO - Processing file /opt/airflow/dags/batch_generator.py for tasks to queue
[2026-06-18T02:32:59.855+0000] {logging_mixin.py:190} INFO - [2026-06-18T02:32:59.855+0000] {dagbag.py:588} INFO - Filling up the DagBag from /opt/airflow/dags/batch_generator.py
[2026-06-18T02:32:59.948+0000] {processor.py:925} INFO - DAG(s) 'extract_raw_data_pipeline' retrieved from /opt/airflow/dags/batch_generator.py
[2026-06-18T02:32:59.964+0000] {logging_mixin.py:190} INFO - [2026-06-18T02:32:59.964+0000] {dag.py:3239} INFO - Sync 1 DAGs
[2026-06-18T02:32:59.978+0000] {logging_mixin.py:190} INFO - [2026-06-18T02:32:59.978+0000] {dag.py:4180} INFO - Setting next_dagrun for extract_raw_data_pipeline to 2026-06-17 07:59:00+00:00, run_after=2026-06-18 07:00:00+00:00
[2026-06-18T02:32:59.991+0000] {processor.py:208} INFO - Processing /opt/airflow/dags/batch_generator.py took 0.143 seconds
[2026-06-18T02:33:30.104+0000] {processor.py:186} INFO - Started process (PID=1319) to work on /opt/airflow/dags/batch_generator.py
[2026-06-18T02:33:30.105+0000] {processor.py:914} INFO - Processing file /opt/airflow/dags/batch_generator.py for tasks to queue
[2026-06-18T02:33:30.107+0000] {logging_mixin.py:190} INFO - [2026-06-18T02:33:30.107+0000] {dagbag.py:588} INFO - Filling up the DagBag from /opt/airflow/dags/batch_generator.py
[2026-06-18T02:33:30.198+0000] {processor.py:925} INFO - DAG(s) 'extract_raw_data_pipeline' retrieved from /opt/airflow/dags/batch_generator.py
[2026-06-18T02:33:30.216+0000] {logging_mixin.py:190} INFO - [2026-06-18T02:33:30.215+0000] {dag.py:3239} INFO - Sync 1 DAGs
[2026-06-18T02:33:30.229+0000] {logging_mixin.py:190} INFO - [2026-06-18T02:33:30.229+0000] {dag.py:4180} INFO - Setting next_dagrun for extract_raw_data_pipeline to 2026-06-17 07:59:00+00:00, run_after=2026-06-18 07:00:00+00:00
[2026-06-18T02:33:30.246+0000] {processor.py:208} INFO - Processing /opt/airflow/dags/batch_generator.py took 0.146 seconds
[2026-06-18T02:34:00.499+0000] {processor.py:186} INFO - Started process (PID=1327) to work on /opt/airflow/dags/batch_generator.py
[2026-06-18T02:34:00.500+0000] {processor.py:914} INFO - Processing file /opt/airflow/dags/batch_generator.py for tasks to queue
[2026-06-18T02:34:00.501+0000] {logging_mixin.py:190} INFO - [2026-06-18T02:34:00.501+0000] {dagbag.py:588} INFO - Filling up the DagBag from /opt/airflow/dags/batch_generator.py
[2026-06-18T02:34:00.594+0000] {processor.py:925} INFO - DAG(s) 'extract_raw_data_pipeline' retrieved from /opt/airflow/dags/batch_generator.py
[2026-06-18T02:34:00.610+0000] {logging_mixin.py:190} INFO - [2026-06-18T02:34:00.610+0000] {dag.py:3239} INFO - Sync 1 DAGs
[2026-06-18T02:34:00.624+0000] {logging_mixin.py:190} INFO - [2026-06-18T02:34:00.624+0000] {dag.py:4180} INFO - Setting next_dagrun for extract_raw_data_pipeline to 2026-06-17 07:59:00+00:00, run_after=2026-06-18 07:00:00+00:00
[2026-06-18T02:34:00.648+0000] {processor.py:208} INFO - Processing /opt/airflow/dags/batch_generator.py took 0.153 seconds
[2026-06-18T02:34:30.798+0000] {processor.py:186} INFO - Started process (PID=1335) to work on /opt/airflow/dags/batch_generator.py
[2026-06-18T02:34:30.801+0000] {processor.py:914} INFO - Processing file /opt/airflow/dags/batch_generator.py for tasks to queue
[2026-06-18T02:34:30.804+0000] {logging_mixin.py:190} INFO - [2026-06-18T02:34:30.804+0000] {dagbag.py:588} INFO - Filling up the DagBag from /opt/airflow/dags/batch_generator.py
[2026-06-18T02:34:30.922+0000] {processor.py:925} INFO - DAG(s) 'extract_raw_data_pipeline' retrieved from /opt/airflow/dags/batch_generator.py
[2026-06-18T02:34:30.939+0000] {logging_mixin.py:190} INFO - [2026-06-18T02:34:30.938+0000] {dag.py:3239} INFO - Sync 1 DAGs
[2026-06-18T02:34:30.953+0000] {logging_mixin.py:190} INFO - [2026-06-18T02:34:30.953+0000] {dag.py:4180} INFO - Setting next_dagrun for extract_raw_data_pipeline to 2026-06-17 07:59:00+00:00, run_after=2026-06-18 07:00:00+00:00
[2026-06-18T02:34:30.969+0000] {processor.py:208} INFO - Processing /opt/airflow/dags/batch_generator.py took 0.175 seconds
[2026-06-18T02:35:01.122+0000] {processor.py:186} INFO - Started process (PID=1343) to work on /opt/airflow/dags/batch_generator.py
[2026-06-18T02:35:01.123+0000] {processor.py:914} INFO - Processing file /opt/airflow/dags/batch_generator.py for tasks to queue
[2026-06-18T02:35:01.124+0000] {logging_mixin.py:190} INFO - [2026-06-18T02:35:01.124+0000] {dagbag.py:588} INFO - Filling up the DagBag from /opt/airflow/dags/batch_generator.py
[2026-06-18T02:35:01.228+0000] {processor.py:925} INFO - DAG(s) 'extract_raw_data_pipeline' retrieved from /opt/airflow/dags/batch_generator.py
[2026-06-18T02:35:01.246+0000] {logging_mixin.py:190} INFO - [2026-06-18T02:35:01.246+0000] {dag.py:3239} INFO - Sync 1 DAGs
[2026-06-18T02:35:01.263+0000] {logging_mixin.py:190} INFO - [2026-06-18T02:35:01.262+0000] {dag.py:4180} INFO - Setting next_dagrun for extract_raw_data_pipeline to 2026-06-17 07:59:00+00:00, run_after=2026-06-18 07:00:00+00:00
[2026-06-18T02:35:01.279+0000] {processor.py:208} INFO - Processing /opt/airflow/dags/batch_generator.py took 0.161 seconds
[2026-06-18T02:35:31.472+0000] {processor.py:186} INFO - Started process (PID=1351) to work on /opt/airflow/dags/batch_generator.py
[2026-06-18T02:35:31.473+0000] {processor.py:914} INFO - Processing file /opt/airflow/dags/batch_generator.py for tasks to queue
[2026-06-18T02:35:31.474+0000] {logging_mixin.py:190} INFO - [2026-06-18T02:35:31.474+0000] {dagbag.py:588} INFO - Filling up the DagBag from /opt/airflow/dags/batch_generator.py
[2026-06-18T02:35:31.567+0000] {processor.py:925} INFO - DAG(s) 'extract_raw_data_pipeline' retrieved from /opt/airflow/dags/batch_generator.py
[2026-06-18T02:35:31.583+0000] {logging_mixin.py:190} INFO - [2026-06-18T02:35:31.582+0000] {dag.py:3239} INFO - Sync 1 DAGs
[2026-06-18T02:35:31.596+0000] {logging_mixin.py:190} INFO - [2026-06-18T02:35:31.596+0000] {dag.py:4180} INFO - Setting next_dagrun for extract_raw_data_pipeline to 2026-06-17 07:59:00+00:00, run_after=2026-06-18 07:00:00+00:00
[2026-06-18T02:35:31.611+0000] {processor.py:208} INFO - Processing /opt/airflow/dags/batch_generator.py took 0.143 seconds
[2026-06-18T02:36:01.792+0000] {processor.py:186} INFO - Started process (PID=1359) to work on /opt/airflow/dags/batch_generator.py
[2026-06-18T02:36:01.793+0000] {processor.py:914} INFO - Processing file /opt/airflow/dags/batch_generator.py for tasks to queue
[2026-06-18T02:36:01.795+0000] {logging_mixin.py:190} INFO - [2026-06-18T02:36:01.795+0000] {dagbag.py:588} INFO - Filling up the DagBag from /opt/airflow/dags/batch_generator.py
[2026-06-18T02:36:01.887+0000] {processor.py:925} INFO - DAG(s) 'extract_raw_data_pipeline' retrieved from /opt/airflow/dags/batch_generator.py
[2026-06-18T02:36:01.903+0000] {logging_mixin.py:190} INFO - [2026-06-18T02:36:01.903+0000] {dag.py:3239} INFO - Sync 1 DAGs
[2026-06-18T02:36:01.916+0000] {logging_mixin.py:190} INFO - [2026-06-18T02:36:01.916+0000] {dag.py:4180} INFO - Setting next_dagrun for extract_raw_data_pipeline to 2026-06-17 07:59:00+00:00, run_after=2026-06-18 07:00:00+00:00
[2026-06-18T02:36:01.938+0000] {processor.py:208} INFO - Processing /opt/airflow/dags/batch_generator.py took 0.150 seconds
[2026-06-18T02:36:31.986+0000] {processor.py:186} INFO - Started process (PID=1367) to work on /opt/airflow/dags/batch_generator.py
[2026-06-18T02:36:31.987+0000] {processor.py:914} INFO - Processing file /opt/airflow/dags/batch_generator.py for tasks to queue
[2026-06-18T02:36:31.989+0000] {logging_mixin.py:190} INFO - [2026-06-18T02:36:31.989+0000] {dagbag.py:588} INFO - Filling up the DagBag from /opt/airflow/dags/batch_generator.py
[2026-06-18T02:36:32.089+0000] {processor.py:925} INFO - DAG(s) 'extract_raw_data_pipeline' retrieved from /opt/airflow/dags/batch_generator.py
[2026-06-18T02:36:32.107+0000] {logging_mixin.py:190} INFO - [2026-06-18T02:36:32.107+0000] {dag.py:3239} INFO - Sync 1 DAGs
[2026-06-18T02:36:32.124+0000] {logging_mixin.py:190} INFO - [2026-06-18T02:36:32.124+0000] {dag.py:4180} INFO - Setting next_dagrun for extract_raw_data_pipeline to 2026-06-17 07:59:00+00:00, run_after=2026-06-18 07:00:00+00:00
[2026-06-18T02:36:32.137+0000] {processor.py:208} INFO - Processing /opt/airflow/dags/batch_generator.py took 0.155 seconds
[2026-06-18T02:37:02.355+0000] {processor.py:186} INFO - Started process (PID=1375) to work on /opt/airflow/dags/batch_generator.py
[2026-06-18T02:37:02.355+0000] {processor.py:914} INFO - Processing file /opt/airflow/dags/batch_generator.py for tasks to queue
[2026-06-18T02:37:02.357+0000] {logging_mixin.py:190} INFO - [2026-06-18T02:37:02.357+0000] {dagbag.py:588} INFO - Filling up the DagBag from /opt/airflow/dags/batch_generator.py
[2026-06-18T02:37:02.447+0000] {processor.py:925} INFO - DAG(s) 'extract_raw_data_pipeline' retrieved from /opt/airflow/dags/batch_generator.py
[2026-06-18T02:37:02.467+0000] {logging_mixin.py:190} INFO - [2026-06-18T02:37:02.467+0000] {dag.py:3239} INFO - Sync 1 DAGs
[2026-06-18T02:37:02.480+0000] {logging_mixin.py:190} INFO - [2026-06-18T02:37:02.480+0000] {dag.py:4180} INFO - Setting next_dagrun for extract_raw_data_pipeline to 2026-06-17 07:59:00+00:00, run_after=2026-06-18 07:00:00+00:00
[2026-06-18T02:37:02.492+0000] {processor.py:208} INFO - Processing /opt/airflow/dags/batch_generator.py took 0.141 seconds
[2026-06-18T02:37:32.626+0000] {processor.py:186} INFO - Started process (PID=1383) to work on /opt/airflow/dags/batch_generator.py
[2026-06-18T02:37:32.629+0000] {processor.py:914} INFO - Processing file /opt/airflow/dags/batch_generator.py for tasks to queue
[2026-06-18T02:37:32.631+0000] {logging_mixin.py:190} INFO - [2026-06-18T02:37:32.631+0000] {dagbag.py:588} INFO - Filling up the DagBag from /opt/airflow/dags/batch_generator.py
[2026-06-18T02:37:32.805+0000] {processor.py:925} INFO - DAG(s) 'extract_raw_data_pipeline' retrieved from /opt/airflow/dags/batch_generator.py
[2026-06-18T02:37:32.821+0000] {logging_mixin.py:190} INFO - [2026-06-18T02:37:32.821+0000] {dag.py:3239} INFO - Sync 1 DAGs
[2026-06-18T02:37:32.836+0000] {logging_mixin.py:190} INFO - [2026-06-18T02:37:32.836+0000] {dag.py:4180} INFO - Setting next_dagrun for extract_raw_data_pipeline to 2026-06-17 07:59:00+00:00, run_after=2026-06-18 07:00:00+00:00
[2026-06-18T02:37:32.859+0000] {processor.py:208} INFO - Processing /opt/airflow/dags/batch_generator.py took 0.238 seconds
[2026-06-18T02:38:02.909+0000] {processor.py:186} INFO - Started process (PID=1391) to work on /opt/airflow/dags/batch_generator.py
[2026-06-18T02:38:02.910+0000] {processor.py:914} INFO - Processing file /opt/airflow/dags/batch_generator.py for tasks to queue
[2026-06-18T02:38:02.912+0000] {logging_mixin.py:190} INFO - [2026-06-18T02:38:02.911+0000] {dagbag.py:588} INFO - Filling up the DagBag from /opt/airflow/dags/batch_generator.py
[2026-06-18T02:38:03.018+0000] {processor.py:925} INFO - DAG(s) 'extract_raw_data_pipeline' retrieved from /opt/airflow/dags/batch_generator.py
[2026-06-18T02:38:03.035+0000] {logging_mixin.py:190} INFO - [2026-06-18T02:38:03.035+0000] {dag.py:3239} INFO - Sync 1 DAGs
[2026-06-18T02:38:03.049+0000] {logging_mixin.py:190} INFO - [2026-06-18T02:38:03.049+0000] {dag.py:4180} INFO - Setting next_dagrun for extract_raw_data_pipeline to 2026-06-17 07:59:00+00:00, run_after=2026-06-18 07:00:00+00:00
[2026-06-18T02:38:03.062+0000] {processor.py:208} INFO - Processing /opt/airflow/dags/batch_generator.py took 0.159 seconds
[2026-06-18T02:38:33.118+0000] {processor.py:186} INFO - Started process (PID=1399) to work on /opt/airflow/dags/batch_generator.py
[2026-06-18T02:38:33.119+0000] {processor.py:914} INFO - Processing file /opt/airflow/dags/batch_generator.py for tasks to queue
[2026-06-18T02:38:33.121+0000] {logging_mixin.py:190} INFO - [2026-06-18T02:38:33.120+0000] {dagbag.py:588} INFO - Filling up the DagBag from /opt/airflow/dags/batch_generator.py
[2026-06-18T02:38:33.482+0000] {processor.py:925} INFO - DAG(s) 'extract_raw_data_pipeline' retrieved from /opt/airflow/dags/batch_generator.py
[2026-06-18T02:38:33.505+0000] {logging_mixin.py:190} INFO - [2026-06-18T02:38:33.505+0000] {dag.py:3239} INFO - Sync 1 DAGs
[2026-06-18T02:38:33.521+0000] {logging_mixin.py:190} INFO - [2026-06-18T02:38:33.521+0000] {dag.py:4180} INFO - Setting next_dagrun for extract_raw_data_pipeline to 2026-06-17 07:59:00+00:00, run_after=2026-06-18 07:00:00+00:00
[2026-06-18T02:38:33.534+0000] {processor.py:208} INFO - Processing /opt/airflow/dags/batch_generator.py took 0.421 seconds
[2026-06-18T02:39:03.759+0000] {processor.py:186} INFO - Started process (PID=1407) to work on /opt/airflow/dags/batch_generator.py
[2026-06-18T02:39:03.760+0000] {processor.py:914} INFO - Processing file /opt/airflow/dags/batch_generator.py for tasks to queue
[2026-06-18T02:39:03.762+0000] {logging_mixin.py:190} INFO - [2026-06-18T02:39:03.762+0000] {dagbag.py:588} INFO - Filling up the DagBag from /opt/airflow/dags/batch_generator.py
[2026-06-18T02:39:03.866+0000] {processor.py:925} INFO - DAG(s) 'extract_raw_data_pipeline' retrieved from /opt/airflow/dags/batch_generator.py
[2026-06-18T02:39:03.888+0000] {logging_mixin.py:190} INFO - [2026-06-18T02:39:03.888+0000] {dag.py:3239} INFO - Sync 1 DAGs
[2026-06-18T02:39:03.907+0000] {logging_mixin.py:190} INFO - [2026-06-18T02:39:03.907+0000] {dag.py:4180} INFO - Setting next_dagrun for extract_raw_data_pipeline to 2026-06-17 07:59:00+00:00, run_after=2026-06-18 07:00:00+00:00
[2026-06-18T02:39:03.926+0000] {processor.py:208} INFO - Processing /opt/airflow/dags/batch_generator.py took 0.170 seconds
[2026-06-18T02:39:34.015+0000] {processor.py:186} INFO - Started process (PID=1415) to work on /opt/airflow/dags/batch_generator.py
[2026-06-18T02:39:34.016+0000] {processor.py:914} INFO - Processing file /opt/airflow/dags/batch_generator.py for tasks to queue
[2026-06-18T02:39:34.018+0000] {logging_mixin.py:190} INFO - [2026-06-18T02:39:34.018+0000] {dagbag.py:588} INFO - Filling up the DagBag from /opt/airflow/dags/batch_generator.py
[2026-06-18T02:39:34.334+0000] {processor.py:925} INFO - DAG(s) 'extract_raw_data_pipeline' retrieved from /opt/airflow/dags/batch_generator.py
[2026-06-18T02:39:34.355+0000] {logging_mixin.py:190} INFO - [2026-06-18T02:39:34.355+0000] {dag.py:3239} INFO - Sync 1 DAGs
[2026-06-18T02:39:34.368+0000] {logging_mixin.py:190} INFO - [2026-06-18T02:39:34.368+0000] {dag.py:4180} INFO - Setting next_dagrun for extract_raw_data_pipeline to 2026-06-17 07:59:00+00:00, run_after=2026-06-18 07:00:00+00:00
[2026-06-18T02:39:34.380+0000] {processor.py:208} INFO - Processing /opt/airflow/dags/batch_generator.py took 0.371 seconds
[2026-06-18T02:40:04.633+0000] {processor.py:186} INFO - Started process (PID=1423) to work on /opt/airflow/dags/batch_generator.py
[2026-06-18T02:40:04.634+0000] {processor.py:914} INFO - Processing file /opt/airflow/dags/batch_generator.py for tasks to queue
[2026-06-18T02:40:04.636+0000] {logging_mixin.py:190} INFO - [2026-06-18T02:40:04.635+0000] {dagbag.py:588} INFO - Filling up the DagBag from /opt/airflow/dags/batch_generator.py
[2026-06-18T02:40:04.739+0000] {processor.py:925} INFO - DAG(s) 'extract_raw_data_pipeline' retrieved from /opt/airflow/dags/batch_generator.py
[2026-06-18T02:40:04.758+0000] {logging_mixin.py:190} INFO - [2026-06-18T02:40:04.758+0000] {dag.py:3239} INFO - Sync 1 DAGs
[2026-06-18T02:40:04.774+0000] {logging_mixin.py:190} INFO - [2026-06-18T02:40:04.774+0000] {dag.py:4180} INFO - Setting next_dagrun for extract_raw_data_pipeline to 2026-06-17 07:59:00+00:00, run_after=2026-06-18 07:00:00+00:00
[2026-06-18T02:40:04.792+0000] {processor.py:208} INFO - Processing /opt/airflow/dags/batch_generator.py took 0.164 seconds
[2026-06-18T02:40:34.846+0000] {processor.py:186} INFO - Started process (PID=1431) to work on /opt/airflow/dags/batch_generator.py
[2026-06-18T02:40:34.847+0000] {processor.py:914} INFO - Processing file /opt/airflow/dags/batch_generator.py for tasks to queue
[2026-06-18T02:40:34.849+0000] {logging_mixin.py:190} INFO - [2026-06-18T02:40:34.848+0000] {dagbag.py:588} INFO - Filling up the DagBag from /opt/airflow/dags/batch_generator.py
[2026-06-18T02:40:34.943+0000] {processor.py:925} INFO - DAG(s) 'extract_raw_data_pipeline' retrieved from /opt/airflow/dags/batch_generator.py
[2026-06-18T02:40:34.959+0000] {logging_mixin.py:190} INFO - [2026-06-18T02:40:34.959+0000] {dag.py:3239} INFO - Sync 1 DAGs
[2026-06-18T02:40:34.973+0000] {logging_mixin.py:190} INFO - [2026-06-18T02:40:34.973+0000] {dag.py:4180} INFO - Setting next_dagrun for extract_raw_data_pipeline to 2026-06-17 07:59:00+00:00, run_after=2026-06-18 07:00:00+00:00
[2026-06-18T02:40:35.121+0000] {processor.py:208} INFO - Processing /opt/airflow/dags/batch_generator.py took 0.279 seconds
[2026-06-18T02:41:05.356+0000] {processor.py:186} INFO - Started process (PID=1439) to work on /opt/airflow/dags/batch_generator.py
[2026-06-18T02:41:05.357+0000] {processor.py:914} INFO - Processing file /opt/airflow/dags/batch_generator.py for tasks to queue
[2026-06-18T02:41:05.358+0000] {logging_mixin.py:190} INFO - [2026-06-18T02:41:05.358+0000] {dagbag.py:588} INFO - Filling up the DagBag from /opt/airflow/dags/batch_generator.py
[2026-06-18T02:41:05.455+0000] {processor.py:925} INFO - DAG(s) 'extract_raw_data_pipeline' retrieved from /opt/airflow/dags/batch_generator.py
[2026-06-18T02:41:05.473+0000] {logging_mixin.py:190} INFO - [2026-06-18T02:41:05.472+0000] {dag.py:3239} INFO - Sync 1 DAGs
[2026-06-18T02:41:05.487+0000] {logging_mixin.py:190} INFO - [2026-06-18T02:41:05.487+0000] {dag.py:4180} INFO - Setting next_dagrun for extract_raw_data_pipeline to 2026-06-17 07:59:00+00:00, run_after=2026-06-18 07:00:00+00:00
[2026-06-18T02:41:05.500+0000] {processor.py:208} INFO - Processing /opt/airflow/dags/batch_generator.py took 0.148 seconds
[2026-06-18T02:41:35.590+0000] {processor.py:186} INFO - Started process (PID=1447) to work on /opt/airflow/dags/batch_generator.py
[2026-06-18T02:41:35.591+0000] {processor.py:914} INFO - Processing file /opt/airflow/dags/batch_generator.py for tasks to queue
[2026-06-18T02:41:35.593+0000] {logging_mixin.py:190} INFO - [2026-06-18T02:41:35.592+0000] {dagbag.py:588} INFO - Filling up the DagBag from /opt/airflow/dags/batch_generator.py
[2026-06-18T02:41:35.691+0000] {processor.py:925} INFO - DAG(s) 'extract_raw_data_pipeline' retrieved from /opt/airflow/dags/batch_generator.py
[2026-06-18T02:41:35.708+0000] {logging_mixin.py:190} INFO - [2026-06-18T02:41:35.708+0000] {dag.py:3239} INFO - Sync 1 DAGs
[2026-06-18T02:41:35.721+0000] {logging_mixin.py:190} INFO - [2026-06-18T02:41:35.721+0000] {dag.py:4180} INFO - Setting next_dagrun for extract_raw_data_pipeline to 2026-06-17 07:59:00+00:00, run_after=2026-06-18 07:00:00+00:00
[2026-06-18T02:41:35.734+0000] {processor.py:208} INFO - Processing /opt/airflow/dags/batch_generator.py took 0.148 seconds
[2026-06-18T02:42:05.831+0000] {processor.py:186} INFO - Started process (PID=1455) to work on /opt/airflow/dags/batch_generator.py
[2026-06-18T02:42:05.832+0000] {processor.py:914} INFO - Processing file /opt/airflow/dags/batch_generator.py for tasks to queue
[2026-06-18T02:42:05.834+0000] {logging_mixin.py:190} INFO - [2026-06-18T02:42:05.833+0000] {dagbag.py:588} INFO - Filling up the DagBag from /opt/airflow/dags/batch_generator.py
[2026-06-18T02:42:05.927+0000] {processor.py:925} INFO - DAG(s) 'extract_raw_data_pipeline' retrieved from /opt/airflow/dags/batch_generator.py
[2026-06-18T02:42:05.944+0000] {logging_mixin.py:190} INFO - [2026-06-18T02:42:05.944+0000] {dag.py:3239} INFO - Sync 1 DAGs
[2026-06-18T02:42:05.958+0000] {logging_mixin.py:190} INFO - [2026-06-18T02:42:05.958+0000] {dag.py:4180} INFO - Setting next_dagrun for extract_raw_data_pipeline to 2026-06-17 07:59:00+00:00, run_after=2026-06-18 07:00:00+00:00
[2026-06-18T02:42:05.971+0000] {processor.py:208} INFO - Processing /opt/airflow/dags/batch_generator.py took 0.144 seconds
[2026-06-18T02:42:36.253+0000] {processor.py:186} INFO - Started process (PID=1463) to work on /opt/airflow/dags/batch_generator.py
[2026-06-18T02:42:36.254+0000] {processor.py:914} INFO - Processing file /opt/airflow/dags/batch_generator.py for tasks to queue
[2026-06-18T02:42:36.256+0000] {logging_mixin.py:190} INFO - [2026-06-18T02:42:36.255+0000] {dagbag.py:588} INFO - Filling up the DagBag from /opt/airflow/dags/batch_generator.py
[2026-06-18T02:42:36.352+0000] {processor.py:925} INFO - DAG(s) 'extract_raw_data_pipeline' retrieved from /opt/airflow/dags/batch_generator.py
[2026-06-18T02:42:36.376+0000] {logging_mixin.py:190} INFO - [2026-06-18T02:42:36.376+0000] {dag.py:3239} INFO - Sync 1 DAGs
[2026-06-18T02:42:36.394+0000] {logging_mixin.py:190} INFO - [2026-06-18T02:42:36.394+0000] {dag.py:4180} INFO - Setting next_dagrun for extract_raw_data_pipeline to 2026-06-17 07:59:00+00:00, run_after=2026-06-18 07:00:00+00:00
[2026-06-18T02:42:36.414+0000] {processor.py:208} INFO - Processing /opt/airflow/dags/batch_generator.py took 0.165 seconds
[2026-06-18T02:43:06.702+0000] {processor.py:186} INFO - Started process (PID=1471) to work on /opt/airflow/dags/batch_generator.py
[2026-06-18T02:43:06.703+0000] {processor.py:914} INFO - Processing file /opt/airflow/dags/batch_generator.py for tasks to queue
[2026-06-18T02:43:06.705+0000] {logging_mixin.py:190} INFO - [2026-06-18T02:43:06.704+0000] {dagbag.py:588} INFO - Filling up the DagBag from /opt/airflow/dags/batch_generator.py
[2026-06-18T02:43:06.818+0000] {processor.py:925} INFO - DAG(s) 'extract_raw_data_pipeline' retrieved from /opt/airflow/dags/batch_generator.py
[2026-06-18T02:43:06.837+0000] {logging_mixin.py:190} INFO - [2026-06-18T02:43:06.837+0000] {dag.py:3239} INFO - Sync 1 DAGs
[2026-06-18T02:43:06.854+0000] {logging_mixin.py:190} INFO - [2026-06-18T02:43:06.854+0000] {dag.py:4180} INFO - Setting next_dagrun for extract_raw_data_pipeline to 2026-06-17 07:59:00+00:00, run_after=2026-06-18 07:00:00+00:00
[2026-06-18T02:43:06.881+0000] {processor.py:208} INFO - Processing /opt/airflow/dags/batch_generator.py took 0.183 seconds
[2026-06-18T02:43:36.955+0000] {processor.py:186} INFO - Started process (PID=1479) to work on /opt/airflow/dags/batch_generator.py
[2026-06-18T02:43:36.956+0000] {processor.py:914} INFO - Processing file /opt/airflow/dags/batch_generator.py for tasks to queue
[2026-06-18T02:43:36.958+0000] {logging_mixin.py:190} INFO - [2026-06-18T02:43:36.958+0000] {dagbag.py:588} INFO - Filling up the DagBag from /opt/airflow/dags/batch_generator.py
[2026-06-18T02:43:37.053+0000] {processor.py:925} INFO - DAG(s) 'extract_raw_data_pipeline' retrieved from /opt/airflow/dags/batch_generator.py
[2026-06-18T02:43:37.072+0000] {logging_mixin.py:190} INFO - [2026-06-18T02:43:37.072+0000] {dag.py:3239} INFO - Sync 1 DAGs
[2026-06-18T02:43:37.088+0000] {logging_mixin.py:190} INFO - [2026-06-18T02:43:37.088+0000] {dag.py:4180} INFO - Setting next_dagrun for extract_raw_data_pipeline to 2026-06-17 07:59:00+00:00, run_after=2026-06-18 07:00:00+00:00
[2026-06-18T02:43:37.103+0000] {processor.py:208} INFO - Processing /opt/airflow/dags/batch_generator.py took 0.152 seconds
[2026-06-18T02:44:07.384+0000] {processor.py:186} INFO - Started process (PID=1487) to work on /opt/airflow/dags/batch_generator.py
[2026-06-18T02:44:07.385+0000] {processor.py:914} INFO - Processing file /opt/airflow/dags/batch_generator.py for tasks to queue
[2026-06-18T02:44:07.387+0000] {logging_mixin.py:190} INFO - [2026-06-18T02:44:07.386+0000] {dagbag.py:588} INFO - Filling up the DagBag from /opt/airflow/dags/batch_generator.py
[2026-06-18T02:44:07.481+0000] {processor.py:925} INFO - DAG(s) 'extract_raw_data_pipeline' retrieved from /opt/airflow/dags/batch_generator.py
[2026-06-18T02:44:07.497+0000] {logging_mixin.py:190} INFO - [2026-06-18T02:44:07.497+0000] {dag.py:3239} INFO - Sync 1 DAGs
[2026-06-18T02:44:07.511+0000] {logging_mixin.py:190} INFO - [2026-06-18T02:44:07.511+0000] {dag.py:4180} INFO - Setting next_dagrun for extract_raw_data_pipeline to 2026-06-17 07:59:00+00:00, run_after=2026-06-18 07:00:00+00:00
[2026-06-18T02:44:07.525+0000] {processor.py:208} INFO - Processing /opt/airflow/dags/batch_generator.py took 0.145 seconds
[2026-06-18T02:44:37.643+0000] {processor.py:186} INFO - Started process (PID=1495) to work on /opt/airflow/dags/batch_generator.py
[2026-06-18T02:44:37.643+0000] {processor.py:914} INFO - Processing file /opt/airflow/dags/batch_generator.py for tasks to queue
[2026-06-18T02:44:37.645+0000] {logging_mixin.py:190} INFO - [2026-06-18T02:44:37.645+0000] {dagbag.py:588} INFO - Filling up the DagBag from /opt/airflow/dags/batch_generator.py
[2026-06-18T02:44:37.736+0000] {processor.py:925} INFO - DAG(s) 'extract_raw_data_pipeline' retrieved from /opt/airflow/dags/batch_generator.py
[2026-06-18T02:44:37.753+0000] {logging_mixin.py:190} INFO - [2026-06-18T02:44:37.753+0000] {dag.py:3239} INFO - Sync 1 DAGs
[2026-06-18T02:44:37.768+0000] {logging_mixin.py:190} INFO - [2026-06-18T02:44:37.768+0000] {dag.py:4180} INFO - Setting next_dagrun for extract_raw_data_pipeline to 2026-06-17 07:59:00+00:00, run_after=2026-06-18 07:00:00+00:00
[2026-06-18T02:44:37.782+0000] {processor.py:208} INFO - Processing /opt/airflow/dags/batch_generator.py took 0.144 seconds
[2026-06-18T02:45:08.097+0000] {processor.py:186} INFO - Started process (PID=1503) to work on /opt/airflow/dags/batch_generator.py
[2026-06-18T02:45:08.098+0000] {processor.py:914} INFO - Processing file /opt/airflow/dags/batch_generator.py for tasks to queue
[2026-06-18T02:45:08.100+0000] {logging_mixin.py:190} INFO - [2026-06-18T02:45:08.099+0000] {dagbag.py:588} INFO - Filling up the DagBag from /opt/airflow/dags/batch_generator.py
[2026-06-18T02:45:08.192+0000] {processor.py:925} INFO - DAG(s) 'extract_raw_data_pipeline' retrieved from /opt/airflow/dags/batch_generator.py
[2026-06-18T02:45:08.209+0000] {logging_mixin.py:190} INFO - [2026-06-18T02:45:08.208+0000] {dag.py:3239} INFO - Sync 1 DAGs
[2026-06-18T02:45:08.222+0000] {logging_mixin.py:190} INFO - [2026-06-18T02:45:08.221+0000] {dag.py:4180} INFO - Setting next_dagrun for extract_raw_data_pipeline to 2026-06-17 07:59:00+00:00, run_after=2026-06-18 07:00:00+00:00
[2026-06-18T02:45:08.234+0000] {processor.py:208} INFO - Processing /opt/airflow/dags/batch_generator.py took 0.140 seconds
[2026-06-18T02:45:38.378+0000] {processor.py:186} INFO - Started process (PID=1511) to work on /opt/airflow/dags/batch_generator.py
[2026-06-18T02:45:38.379+0000] {processor.py:914} INFO - Processing file /opt/airflow/dags/batch_generator.py for tasks to queue
[2026-06-18T02:45:38.381+0000] {logging_mixin.py:190} INFO - [2026-06-18T02:45:38.381+0000] {dagbag.py:588} INFO - Filling up the DagBag from /opt/airflow/dags/batch_generator.py
[2026-06-18T02:45:38.474+0000] {processor.py:925} INFO - DAG(s) 'extract_raw_data_pipeline' retrieved from /opt/airflow/dags/batch_generator.py
[2026-06-18T02:45:38.492+0000] {logging_mixin.py:190} INFO - [2026-06-18T02:45:38.492+0000] {dag.py:3239} INFO - Sync 1 DAGs
[2026-06-18T02:45:38.506+0000] {logging_mixin.py:190} INFO - [2026-06-18T02:45:38.506+0000] {dag.py:4180} INFO - Setting next_dagrun for extract_raw_data_pipeline to 2026-06-17 07:59:00+00:00, run_after=2026-06-18 07:00:00+00:00
[2026-06-18T02:45:38.519+0000] {processor.py:208} INFO - Processing /opt/airflow/dags/batch_generator.py took 0.144 seconds
[2026-06-18T02:46:08.604+0000] {processor.py:186} INFO - Started process (PID=1519) to work on /opt/airflow/dags/batch_generator.py
[2026-06-18T02:46:08.605+0000] {processor.py:914} INFO - Processing file /opt/airflow/dags/batch_generator.py for tasks to queue
[2026-06-18T02:46:08.608+0000] {logging_mixin.py:190} INFO - [2026-06-18T02:46:08.607+0000] {dagbag.py:588} INFO - Filling up the DagBag from /opt/airflow/dags/batch_generator.py
[2026-06-18T02:46:08.723+0000] {processor.py:925} INFO - DAG(s) 'extract_raw_data_pipeline' retrieved from /opt/airflow/dags/batch_generator.py
[2026-06-18T02:46:08.741+0000] {logging_mixin.py:190} INFO - [2026-06-18T02:46:08.741+0000] {dag.py:3239} INFO - Sync 1 DAGs
[2026-06-18T02:46:08.755+0000] {logging_mixin.py:190} INFO - [2026-06-18T02:46:08.755+0000] {dag.py:4180} INFO - Setting next_dagrun for extract_raw_data_pipeline to 2026-06-17 07:59:00+00:00, run_after=2026-06-18 07:00:00+00:00
[2026-06-18T02:46:08.772+0000] {processor.py:208} INFO - Processing /opt/airflow/dags/batch_generator.py took 0.172 seconds
[2026-06-18T02:46:39.026+0000] {processor.py:186} INFO - Started process (PID=1527) to work on /opt/airflow/dags/batch_generator.py
[2026-06-18T02:46:39.027+0000] {processor.py:914} INFO - Processing file /opt/airflow/dags/batch_generator.py for tasks to queue
[2026-06-18T02:46:39.029+0000] {logging_mixin.py:190} INFO - [2026-06-18T02:46:39.029+0000] {dagbag.py:588} INFO - Filling up the DagBag from /opt/airflow/dags/batch_generator.py
[2026-06-18T02:46:39.127+0000] {processor.py:925} INFO - DAG(s) 'extract_raw_data_pipeline' retrieved from /opt/airflow/dags/batch_generator.py
[2026-06-18T02:46:39.144+0000] {logging_mixin.py:190} INFO - [2026-06-18T02:46:39.144+0000] {dag.py:3239} INFO - Sync 1 DAGs
[2026-06-18T02:46:39.159+0000] {logging_mixin.py:190} INFO - [2026-06-18T02:46:39.159+0000] {dag.py:4180} INFO - Setting next_dagrun for extract_raw_data_pipeline to 2026-06-17 07:59:00+00:00, run_after=2026-06-18 07:00:00+00:00
[2026-06-18T02:46:39.174+0000] {processor.py:208} INFO - Processing /opt/airflow/dags/batch_generator.py took 0.152 seconds
[2026-06-18T02:47:09.278+0000] {processor.py:186} INFO - Started process (PID=1535) to work on /opt/airflow/dags/batch_generator.py
[2026-06-18T02:47:09.279+0000] {processor.py:914} INFO - Processing file /opt/airflow/dags/batch_generator.py for tasks to queue
[2026-06-18T02:47:09.281+0000] {logging_mixin.py:190} INFO - [2026-06-18T02:47:09.281+0000] {dagbag.py:588} INFO - Filling up the DagBag from /opt/airflow/dags/batch_generator.py
[2026-06-18T02:47:09.378+0000] {processor.py:925} INFO - DAG(s) 'extract_raw_data_pipeline' retrieved from /opt/airflow/dags/batch_generator.py
[2026-06-18T02:47:09.399+0000] {logging_mixin.py:190} INFO - [2026-06-18T02:47:09.399+0000] {dag.py:3239} INFO - Sync 1 DAGs
[2026-06-18T02:47:09.414+0000] {logging_mixin.py:190} INFO - [2026-06-18T02:47:09.414+0000] {dag.py:4180} INFO - Setting next_dagrun for extract_raw_data_pipeline to 2026-06-17 07:59:00+00:00, run_after=2026-06-18 07:00:00+00:00
[2026-06-18T02:47:09.428+0000] {processor.py:208} INFO - Processing /opt/airflow/dags/batch_generator.py took 0.154 seconds
[2026-06-18T02:47:39.666+0000] {processor.py:186} INFO - Started process (PID=1543) to work on /opt/airflow/dags/batch_generator.py
[2026-06-18T02:47:39.667+0000] {processor.py:914} INFO - Processing file /opt/airflow/dags/batch_generator.py for tasks to queue
[2026-06-18T02:47:39.669+0000] {logging_mixin.py:190} INFO - [2026-06-18T02:47:39.669+0000] {dagbag.py:588} INFO - Filling up the DagBag from /opt/airflow/dags/batch_generator.py
[2026-06-18T02:47:39.773+0000] {processor.py:925} INFO - DAG(s) 'extract_raw_data_pipeline' retrieved from /opt/airflow/dags/batch_generator.py
[2026-06-18T02:47:39.790+0000] {logging_mixin.py:190} INFO - [2026-06-18T02:47:39.790+0000] {dag.py:3239} INFO - Sync 1 DAGs
[2026-06-18T02:47:39.809+0000] {logging_mixin.py:190} INFO - [2026-06-18T02:47:39.809+0000] {dag.py:4180} INFO - Setting next_dagrun for extract_raw_data_pipeline to 2026-06-17 07:59:00+00:00, run_after=2026-06-18 07:00:00+00:00
[2026-06-18T02:47:39.826+0000] {processor.py:208} INFO - Processing /opt/airflow/dags/batch_generator.py took 0.163 seconds
[2026-06-18T02:48:09.980+0000] {processor.py:186} INFO - Started process (PID=1551) to work on /opt/airflow/dags/batch_generator.py
[2026-06-18T02:48:09.980+0000] {processor.py:914} INFO - Processing file /opt/airflow/dags/batch_generator.py for tasks to queue
[2026-06-18T02:48:09.982+0000] {logging_mixin.py:190} INFO - [2026-06-18T02:48:09.982+0000] {dagbag.py:588} INFO - Filling up the DagBag from /opt/airflow/dags/batch_generator.py
[2026-06-18T02:48:10.082+0000] {processor.py:925} INFO - DAG(s) 'extract_raw_data_pipeline' retrieved from /opt/airflow/dags/batch_generator.py
[2026-06-18T02:48:10.100+0000] {logging_mixin.py:190} INFO - [2026-06-18T02:48:10.099+0000] {dag.py:3239} INFO - Sync 1 DAGs
[2026-06-18T02:48:10.114+0000] {logging_mixin.py:190} INFO - [2026-06-18T02:48:10.114+0000] {dag.py:4180} INFO - Setting next_dagrun for extract_raw_data_pipeline to 2026-06-17 07:59:00+00:00, run_after=2026-06-18 07:00:00+00:00
[2026-06-18T02:48:10.130+0000] {processor.py:208} INFO - Processing /opt/airflow/dags/batch_generator.py took 0.154 seconds
[2026-06-18T02:48:40.413+0000] {processor.py:186} INFO - Started process (PID=1559) to work on /opt/airflow/dags/batch_generator.py
[2026-06-18T02:48:40.414+0000] {processor.py:914} INFO - Processing file /opt/airflow/dags/batch_generator.py for tasks to queue
[2026-06-18T02:48:40.415+0000] {logging_mixin.py:190} INFO - [2026-06-18T02:48:40.415+0000] {dagbag.py:588} INFO - Filling up the DagBag from /opt/airflow/dags/batch_generator.py
[2026-06-18T02:48:40.503+0000] {processor.py:925} INFO - DAG(s) 'extract_raw_data_pipeline' retrieved from /opt/airflow/dags/batch_generator.py
[2026-06-18T02:48:40.520+0000] {logging_mixin.py:190} INFO - [2026-06-18T02:48:40.520+0000] {dag.py:3239} INFO - Sync 1 DAGs
[2026-06-18T02:48:40.535+0000] {logging_mixin.py:190} INFO - [2026-06-18T02:48:40.535+0000] {dag.py:4180} INFO - Setting next_dagrun for extract_raw_data_pipeline to 2026-06-17 07:59:00+00:00, run_after=2026-06-18 07:00:00+00:00
[2026-06-18T02:48:40.547+0000] {processor.py:208} INFO - Processing /opt/airflow/dags/batch_generator.py took 0.138 seconds
[2026-06-18T02:49:10.672+0000] {processor.py:186} INFO - Started process (PID=1567) to work on /opt/airflow/dags/batch_generator.py
[2026-06-18T02:49:10.673+0000] {processor.py:914} INFO - Processing file /opt/airflow/dags/batch_generator.py for tasks to queue
[2026-06-18T02:49:10.675+0000] {logging_mixin.py:190} INFO - [2026-06-18T02:49:10.675+0000] {dagbag.py:588} INFO - Filling up the DagBag from /opt/airflow/dags/batch_generator.py
[2026-06-18T02:49:10.760+0000] {processor.py:925} INFO - DAG(s) 'extract_raw_data_pipeline' retrieved from /opt/airflow/dags/batch_generator.py
[2026-06-18T02:49:10.778+0000] {logging_mixin.py:190} INFO - [2026-06-18T02:49:10.777+0000] {dag.py:3239} INFO - Sync 1 DAGs
[2026-06-18T02:49:10.791+0000] {logging_mixin.py:190} INFO - [2026-06-18T02:49:10.791+0000] {dag.py:4180} INFO - Setting next_dagrun for extract_raw_data_pipeline to 2026-06-17 07:59:00+00:00, run_after=2026-06-18 07:00:00+00:00
[2026-06-18T02:49:10.804+0000] {processor.py:208} INFO - Processing /opt/airflow/dags/batch_generator.py took 0.136 seconds
[2026-06-18T02:49:41.038+0000] {processor.py:186} INFO - Started process (PID=1575) to work on /opt/airflow/dags/batch_generator.py
[2026-06-18T02:49:41.039+0000] {processor.py:914} INFO - Processing file /opt/airflow/dags/batch_generator.py for tasks to queue
[2026-06-18T02:49:41.040+0000] {logging_mixin.py:190} INFO - [2026-06-18T02:49:41.040+0000] {dagbag.py:588} INFO - Filling up the DagBag from /opt/airflow/dags/batch_generator.py
[2026-06-18T02:49:41.126+0000] {processor.py:925} INFO - DAG(s) 'extract_raw_data_pipeline' retrieved from /opt/airflow/dags/batch_generator.py
[2026-06-18T02:49:41.140+0000] {logging_mixin.py:190} INFO - [2026-06-18T02:49:41.140+0000] {dag.py:3239} INFO - Sync 1 DAGs
[2026-06-18T02:49:41.153+0000] {logging_mixin.py:190} INFO - [2026-06-18T02:49:41.153+0000] {dag.py:4180} INFO - Setting next_dagrun for extract_raw_data_pipeline to 2026-06-17 07:59:00+00:00, run_after=2026-06-18 07:00:00+00:00
[2026-06-18T02:49:41.166+0000] {processor.py:208} INFO - Processing /opt/airflow/dags/batch_generator.py took 0.132 seconds
[2026-06-18T02:50:11.465+0000] {processor.py:186} INFO - Started process (PID=1583) to work on /opt/airflow/dags/batch_generator.py
[2026-06-18T02:50:11.466+0000] {processor.py:914} INFO - Processing file /opt/airflow/dags/batch_generator.py for tasks to queue
[2026-06-18T02:50:11.468+0000] {logging_mixin.py:190} INFO - [2026-06-18T02:50:11.468+0000] {dagbag.py:588} INFO - Filling up the DagBag from /opt/airflow/dags/batch_generator.py
[2026-06-18T02:50:11.572+0000] {processor.py:925} INFO - DAG(s) 'extract_raw_data_pipeline' retrieved from /opt/airflow/dags/batch_generator.py
[2026-06-18T02:50:11.589+0000] {logging_mixin.py:190} INFO - [2026-06-18T02:50:11.588+0000] {dag.py:3239} INFO - Sync 1 DAGs
[2026-06-18T02:50:11.602+0000] {logging_mixin.py:190} INFO - [2026-06-18T02:50:11.602+0000] {dag.py:4180} INFO - Setting next_dagrun for extract_raw_data_pipeline to 2026-06-17 07:59:00+00:00, run_after=2026-06-18 07:00:00+00:00
[2026-06-18T02:50:11.616+0000] {processor.py:208} INFO - Processing /opt/airflow/dags/batch_generator.py took 0.155 seconds
[2026-06-18T02:50:41.765+0000] {processor.py:186} INFO - Started process (PID=1591) to work on /opt/airflow/dags/batch_generator.py
[2026-06-18T02:50:41.766+0000] {processor.py:914} INFO - Processing file /opt/airflow/dags/batch_generator.py for tasks to queue
[2026-06-18T02:50:41.768+0000] {logging_mixin.py:190} INFO - [2026-06-18T02:50:41.768+0000] {dagbag.py:588} INFO - Filling up the DagBag from /opt/airflow/dags/batch_generator.py
[2026-06-18T02:50:42.194+0000] {processor.py:925} INFO - DAG(s) 'extract_raw_data_pipeline' retrieved from /opt/airflow/dags/batch_generator.py
[2026-06-18T02:50:42.221+0000] {logging_mixin.py:190} INFO - [2026-06-18T02:50:42.220+0000] {dag.py:3239} INFO - Sync 1 DAGs
[2026-06-18T02:50:42.238+0000] {logging_mixin.py:190} INFO - [2026-06-18T02:50:42.238+0000] {dag.py:4180} INFO - Setting next_dagrun for extract_raw_data_pipeline to 2026-06-17 07:59:00+00:00, run_after=2026-06-18 07:00:00+00:00
[2026-06-18T02:50:42.256+0000] {processor.py:208} INFO - Processing /opt/airflow/dags/batch_generator.py took 0.495 seconds
[2026-06-18T02:51:12.544+0000] {processor.py:186} INFO - Started process (PID=1599) to work on /opt/airflow/dags/batch_generator.py
[2026-06-18T02:51:12.546+0000] {processor.py:914} INFO - Processing file /opt/airflow/dags/batch_generator.py for tasks to queue
[2026-06-18T02:51:12.547+0000] {logging_mixin.py:190} INFO - [2026-06-18T02:51:12.547+0000] {dagbag.py:588} INFO - Filling up the DagBag from /opt/airflow/dags/batch_generator.py
[2026-06-18T02:51:12.643+0000] {processor.py:925} INFO - DAG(s) 'extract_raw_data_pipeline' retrieved from /opt/airflow/dags/batch_generator.py
[2026-06-18T02:51:12.659+0000] {logging_mixin.py:190} INFO - [2026-06-18T02:51:12.659+0000] {dag.py:3239} INFO - Sync 1 DAGs
[2026-06-18T02:51:12.673+0000] {logging_mixin.py:190} INFO - [2026-06-18T02:51:12.673+0000] {dag.py:4180} INFO - Setting next_dagrun for extract_raw_data_pipeline to 2026-06-17 07:59:00+00:00, run_after=2026-06-18 07:00:00+00:00
[2026-06-18T02:51:12.686+0000] {processor.py:208} INFO - Processing /opt/airflow/dags/batch_generator.py took 0.145 seconds
[2026-06-18T02:51:42.783+0000] {processor.py:186} INFO - Started process (PID=1607) to work on /opt/airflow/dags/batch_generator.py
[2026-06-18T02:51:42.784+0000] {processor.py:914} INFO - Processing file /opt/airflow/dags/batch_generator.py for tasks to queue
[2026-06-18T02:51:42.786+0000] {logging_mixin.py:190} INFO - [2026-06-18T02:51:42.786+0000] {dagbag.py:588} INFO - Filling up the DagBag from /opt/airflow/dags/batch_generator.py
[2026-06-18T02:51:42.884+0000] {processor.py:925} INFO - DAG(s) 'extract_raw_data_pipeline' retrieved from /opt/airflow/dags/batch_generator.py
[2026-06-18T02:51:42.903+0000] {logging_mixin.py:190} INFO - [2026-06-18T02:51:42.903+0000] {dag.py:3239} INFO - Sync 1 DAGs
[2026-06-18T02:51:42.920+0000] {logging_mixin.py:190} INFO - [2026-06-18T02:51:42.920+0000] {dag.py:4180} INFO - Setting next_dagrun for extract_raw_data_pipeline to 2026-06-17 07:59:00+00:00, run_after=2026-06-18 07:00:00+00:00
[2026-06-18T02:51:42.936+0000] {processor.py:208} INFO - Processing /opt/airflow/dags/batch_generator.py took 0.157 seconds
[2026-06-18T02:52:13.252+0000] {processor.py:186} INFO - Started process (PID=1615) to work on /opt/airflow/dags/batch_generator.py
[2026-06-18T02:52:13.253+0000] {processor.py:914} INFO - Processing file /opt/airflow/dags/batch_generator.py for tasks to queue
[2026-06-18T02:52:13.255+0000] {logging_mixin.py:190} INFO - [2026-06-18T02:52:13.255+0000] {dagbag.py:588} INFO - Filling up the DagBag from /opt/airflow/dags/batch_generator.py
[2026-06-18T02:52:13.363+0000] {processor.py:925} INFO - DAG(s) 'extract_raw_data_pipeline' retrieved from /opt/airflow/dags/batch_generator.py
[2026-06-18T02:52:13.381+0000] {logging_mixin.py:190} INFO - [2026-06-18T02:52:13.381+0000] {dag.py:3239} INFO - Sync 1 DAGs
[2026-06-18T02:52:13.396+0000] {logging_mixin.py:190} INFO - [2026-06-18T02:52:13.396+0000] {dag.py:4180} INFO - Setting next_dagrun for extract_raw_data_pipeline to 2026-06-17 07:59:00+00:00, run_after=2026-06-18 07:00:00+00:00
[2026-06-18T02:52:13.413+0000] {processor.py:208} INFO - Processing /opt/airflow/dags/batch_generator.py took 0.165 seconds
[2026-06-18T02:52:43.495+0000] {processor.py:186} INFO - Started process (PID=1623) to work on /opt/airflow/dags/batch_generator.py
[2026-06-18T02:52:43.496+0000] {processor.py:914} INFO - Processing file /opt/airflow/dags/batch_generator.py for tasks to queue
[2026-06-18T02:52:43.498+0000] {logging_mixin.py:190} INFO - [2026-06-18T02:52:43.497+0000] {dagbag.py:588} INFO - Filling up the DagBag from /opt/airflow/dags/batch_generator.py
[2026-06-18T02:52:43.592+0000] {processor.py:925} INFO - DAG(s) 'extract_raw_data_pipeline' retrieved from /opt/airflow/dags/batch_generator.py
[2026-06-18T02:52:43.608+0000] {logging_mixin.py:190} INFO - [2026-06-18T02:52:43.608+0000] {dag.py:3239} INFO - Sync 1 DAGs
[2026-06-18T02:52:43.622+0000] {logging_mixin.py:190} INFO - [2026-06-18T02:52:43.622+0000] {dag.py:4180} INFO - Setting next_dagrun for extract_raw_data_pipeline to 2026-06-17 07:59:00+00:00, run_after=2026-06-18 07:00:00+00:00
[2026-06-18T02:52:43.634+0000] {processor.py:208} INFO - Processing /opt/airflow/dags/batch_generator.py took 0.143 seconds
[2026-06-18T02:53:13.739+0000] {processor.py:186} INFO - Started process (PID=1631) to work on /opt/airflow/dags/batch_generator.py
[2026-06-18T02:53:13.740+0000] {processor.py:914} INFO - Processing file /opt/airflow/dags/batch_generator.py for tasks to queue
[2026-06-18T02:53:13.742+0000] {logging_mixin.py:190} INFO - [2026-06-18T02:53:13.742+0000] {dagbag.py:588} INFO - Filling up the DagBag from /opt/airflow/dags/batch_generator.py
[2026-06-18T02:53:13.830+0000] {processor.py:925} INFO - DAG(s) 'extract_raw_data_pipeline' retrieved from /opt/airflow/dags/batch_generator.py
[2026-06-18T02:53:13.847+0000] {logging_mixin.py:190} INFO - [2026-06-18T02:53:13.847+0000] {dag.py:3239} INFO - Sync 1 DAGs
[2026-06-18T02:53:13.861+0000] {logging_mixin.py:190} INFO - [2026-06-18T02:53:13.861+0000] {dag.py:4180} INFO - Setting next_dagrun for extract_raw_data_pipeline to 2026-06-17 07:59:00+00:00, run_after=2026-06-18 07:00:00+00:00
[2026-06-18T02:53:13.873+0000] {processor.py:208} INFO - Processing /opt/airflow/dags/batch_generator.py took 0.138 seconds
[2026-06-18T02:53:44.264+0000] {processor.py:186} INFO - Started process (PID=1639) to work on /opt/airflow/dags/batch_generator.py
[2026-06-18T02:53:44.266+0000] {processor.py:914} INFO - Processing file /opt/airflow/dags/batch_generator.py for tasks to queue
[2026-06-18T02:53:44.269+0000] {logging_mixin.py:190} INFO - [2026-06-18T02:53:44.268+0000] {dagbag.py:588} INFO - Filling up the DagBag from /opt/airflow/dags/batch_generator.py
[2026-06-18T02:53:44.383+0000] {processor.py:925} INFO - DAG(s) 'extract_raw_data_pipeline' retrieved from /opt/airflow/dags/batch_generator.py
[2026-06-18T02:53:44.398+0000] {logging_mixin.py:190} INFO - [2026-06-18T02:53:44.397+0000] {dag.py:3239} INFO - Sync 1 DAGs
[2026-06-18T02:53:44.412+0000] {logging_mixin.py:190} INFO - [2026-06-18T02:53:44.412+0000] {dag.py:4180} INFO - Setting next_dagrun for extract_raw_data_pipeline to 2026-06-17 07:59:00+00:00, run_after=2026-06-18 07:00:00+00:00
[2026-06-18T02:53:44.425+0000] {processor.py:208} INFO - Processing /opt/airflow/dags/batch_generator.py took 0.167 seconds
[2026-06-18T02:54:14.500+0000] {processor.py:186} INFO - Started process (PID=1647) to work on /opt/airflow/dags/batch_generator.py
[2026-06-18T02:54:14.501+0000] {processor.py:914} INFO - Processing file /opt/airflow/dags/batch_generator.py for tasks to queue
[2026-06-18T02:54:14.502+0000] {logging_mixin.py:190} INFO - [2026-06-18T02:54:14.502+0000] {dagbag.py:588} INFO - Filling up the DagBag from /opt/airflow/dags/batch_generator.py
[2026-06-18T02:54:14.601+0000] {processor.py:925} INFO - DAG(s) 'extract_raw_data_pipeline' retrieved from /opt/airflow/dags/batch_generator.py
[2026-06-18T02:54:14.621+0000] {logging_mixin.py:190} INFO - [2026-06-18T02:54:14.621+0000] {dag.py:3239} INFO - Sync 1 DAGs
[2026-06-18T02:54:14.637+0000] {logging_mixin.py:190} INFO - [2026-06-18T02:54:14.637+0000] {dag.py:4180} INFO - Setting next_dagrun for extract_raw_data_pipeline to 2026-06-17 07:59:00+00:00, run_after=2026-06-18 07:00:00+00:00
[2026-06-18T02:54:14.655+0000] {processor.py:208} INFO - Processing /opt/airflow/dags/batch_generator.py took 0.159 seconds
[2026-06-18T02:54:44.862+0000] {processor.py:186} INFO - Started process (PID=1655) to work on /opt/airflow/dags/batch_generator.py
[2026-06-18T02:54:44.863+0000] {processor.py:914} INFO - Processing file /opt/airflow/dags/batch_generator.py for tasks to queue
[2026-06-18T02:54:44.865+0000] {logging_mixin.py:190} INFO - [2026-06-18T02:54:44.864+0000] {dagbag.py:588} INFO - Filling up the DagBag from /opt/airflow/dags/batch_generator.py
[2026-06-18T02:54:44.966+0000] {processor.py:925} INFO - DAG(s) 'extract_raw_data_pipeline' retrieved from /opt/airflow/dags/batch_generator.py
[2026-06-18T02:54:44.981+0000] {logging_mixin.py:190} INFO - [2026-06-18T02:54:44.981+0000] {dag.py:3239} INFO - Sync 1 DAGs
[2026-06-18T02:54:44.996+0000] {logging_mixin.py:190} INFO - [2026-06-18T02:54:44.996+0000] {dag.py:4180} INFO - Setting next_dagrun for extract_raw_data_pipeline to 2026-06-17 07:59:00+00:00, run_after=2026-06-18 07:00:00+00:00
[2026-06-18T02:54:45.015+0000] {processor.py:208} INFO - Processing /opt/airflow/dags/batch_generator.py took 0.158 seconds
[2026-06-18T02:55:15.261+0000] {processor.py:186} INFO - Started process (PID=1662) to work on /opt/airflow/dags/batch_generator.py
[2026-06-18T02:55:15.262+0000] {processor.py:914} INFO - Processing file /opt/airflow/dags/batch_generator.py for tasks to queue
[2026-06-18T02:55:15.264+0000] {logging_mixin.py:190} INFO - [2026-06-18T02:55:15.263+0000] {dagbag.py:588} INFO - Filling up the DagBag from /opt/airflow/dags/batch_generator.py
[2026-06-18T02:55:15.348+0000] {processor.py:925} INFO - DAG(s) 'extract_raw_data_pipeline' retrieved from /opt/airflow/dags/batch_generator.py
[2026-06-18T02:55:15.362+0000] {logging_mixin.py:190} INFO - [2026-06-18T02:55:15.362+0000] {dag.py:3239} INFO - Sync 1 DAGs
[2026-06-18T02:55:15.374+0000] {logging_mixin.py:190} INFO - [2026-06-18T02:55:15.374+0000] {dag.py:4180} INFO - Setting next_dagrun for extract_raw_data_pipeline to 2026-06-17 07:59:00+00:00, run_after=2026-06-18 07:00:00+00:00
[2026-06-18T02:55:15.387+0000] {processor.py:208} INFO - Processing /opt/airflow/dags/batch_generator.py took 0.129 seconds
[2026-06-18T02:55:45.466+0000] {processor.py:186} INFO - Started process (PID=1670) to work on /opt/airflow/dags/batch_generator.py
[2026-06-18T02:55:45.466+0000] {processor.py:914} INFO - Processing file /opt/airflow/dags/batch_generator.py for tasks to queue
[2026-06-18T02:55:45.468+0000] {logging_mixin.py:190} INFO - [2026-06-18T02:55:45.468+0000] {dagbag.py:588} INFO - Filling up the DagBag from /opt/airflow/dags/batch_generator.py
[2026-06-18T02:55:45.554+0000] {processor.py:925} INFO - DAG(s) 'extract_raw_data_pipeline' retrieved from /opt/airflow/dags/batch_generator.py
[2026-06-18T02:55:45.569+0000] {logging_mixin.py:190} INFO - [2026-06-18T02:55:45.569+0000] {dag.py:3239} INFO - Sync 1 DAGs
[2026-06-18T02:55:45.582+0000] {logging_mixin.py:190} INFO - [2026-06-18T02:55:45.582+0000] {dag.py:4180} INFO - Setting next_dagrun for extract_raw_data_pipeline to 2026-06-17 07:59:00+00:00, run_after=2026-06-18 07:00:00+00:00
[2026-06-18T02:55:45.596+0000] {processor.py:208} INFO - Processing /opt/airflow/dags/batch_generator.py took 0.134 seconds
[2026-06-18T02:56:15.832+0000] {processor.py:186} INFO - Started process (PID=1678) to work on /opt/airflow/dags/batch_generator.py
[2026-06-18T02:56:15.832+0000] {processor.py:914} INFO - Processing file /opt/airflow/dags/batch_generator.py for tasks to queue
[2026-06-18T02:56:15.834+0000] {logging_mixin.py:190} INFO - [2026-06-18T02:56:15.834+0000] {dagbag.py:588} INFO - Filling up the DagBag from /opt/airflow/dags/batch_generator.py
[2026-06-18T02:56:15.934+0000] {processor.py:925} INFO - DAG(s) 'extract_raw_data_pipeline' retrieved from /opt/airflow/dags/batch_generator.py
[2026-06-18T02:56:15.950+0000] {logging_mixin.py:190} INFO - [2026-06-18T02:56:15.950+0000] {dag.py:3239} INFO - Sync 1 DAGs
[2026-06-18T02:56:15.964+0000] {logging_mixin.py:190} INFO - [2026-06-18T02:56:15.963+0000] {dag.py:4180} INFO - Setting next_dagrun for extract_raw_data_pipeline to 2026-06-17 07:59:00+00:00, run_after=2026-06-18 07:00:00+00:00
[2026-06-18T02:56:15.979+0000] {processor.py:208} INFO - Processing /opt/airflow/dags/batch_generator.py took 0.151 seconds
[2026-06-18T02:56:46.048+0000] {processor.py:186} INFO - Started process (PID=1686) to work on /opt/airflow/dags/batch_generator.py
[2026-06-18T02:56:46.049+0000] {processor.py:914} INFO - Processing file /opt/airflow/dags/batch_generator.py for tasks to queue
[2026-06-18T02:56:46.051+0000] {logging_mixin.py:190} INFO - [2026-06-18T02:56:46.051+0000] {dagbag.py:588} INFO - Filling up the DagBag from /opt/airflow/dags/batch_generator.py
[2026-06-18T02:56:46.464+0000] {processor.py:925} INFO - DAG(s) 'extract_raw_data_pipeline' retrieved from /opt/airflow/dags/batch_generator.py
[2026-06-18T02:56:46.488+0000] {logging_mixin.py:190} INFO - [2026-06-18T02:56:46.488+0000] {dag.py:3239} INFO - Sync 1 DAGs
[2026-06-18T02:56:46.501+0000] {logging_mixin.py:190} INFO - [2026-06-18T02:56:46.501+0000] {dag.py:4180} INFO - Setting next_dagrun for extract_raw_data_pipeline to 2026-06-17 07:59:00+00:00, run_after=2026-06-18 07:00:00+00:00
[2026-06-18T02:56:46.516+0000] {processor.py:208} INFO - Processing /opt/airflow/dags/batch_generator.py took 0.474 seconds
[2026-06-18T02:57:16.819+0000] {processor.py:186} INFO - Started process (PID=1694) to work on /opt/airflow/dags/batch_generator.py
[2026-06-18T02:57:16.820+0000] {processor.py:914} INFO - Processing file /opt/airflow/dags/batch_generator.py for tasks to queue
[2026-06-18T02:57:16.821+0000] {logging_mixin.py:190} INFO - [2026-06-18T02:57:16.821+0000] {dagbag.py:588} INFO - Filling up the DagBag from /opt/airflow/dags/batch_generator.py
[2026-06-18T02:57:16.913+0000] {processor.py:925} INFO - DAG(s) 'extract_raw_data_pipeline' retrieved from /opt/airflow/dags/batch_generator.py
[2026-06-18T02:57:16.931+0000] {logging_mixin.py:190} INFO - [2026-06-18T02:57:16.931+0000] {dag.py:3239} INFO - Sync 1 DAGs
[2026-06-18T02:57:16.945+0000] {logging_mixin.py:190} INFO - [2026-06-18T02:57:16.945+0000] {dag.py:4180} INFO - Setting next_dagrun for extract_raw_data_pipeline to 2026-06-17 07:59:00+00:00, run_after=2026-06-18 07:00:00+00:00
[2026-06-18T02:57:16.958+0000] {processor.py:208} INFO - Processing /opt/airflow/dags/batch_generator.py took 0.144 seconds
[2026-06-18T02:57:47.210+0000] {processor.py:186} INFO - Started process (PID=1702) to work on /opt/airflow/dags/batch_generator.py
[2026-06-18T02:57:47.211+0000] {processor.py:914} INFO - Processing file /opt/airflow/dags/batch_generator.py for tasks to queue
[2026-06-18T02:57:47.214+0000] {logging_mixin.py:190} INFO - [2026-06-18T02:57:47.213+0000] {dagbag.py:588} INFO - Filling up the DagBag from /opt/airflow/dags/batch_generator.py
[2026-06-18T02:57:47.329+0000] {processor.py:925} INFO - DAG(s) 'extract_raw_data_pipeline' retrieved from /opt/airflow/dags/batch_generator.py
[2026-06-18T02:57:47.346+0000] {logging_mixin.py:190} INFO - [2026-06-18T02:57:47.346+0000] {dag.py:3239} INFO - Sync 1 DAGs
[2026-06-18T02:57:47.358+0000] {logging_mixin.py:190} INFO - [2026-06-18T02:57:47.358+0000] {dag.py:4180} INFO - Setting next_dagrun for extract_raw_data_pipeline to 2026-06-17 07:59:00+00:00, run_after=2026-06-18 07:00:00+00:00
[2026-06-18T02:57:47.376+0000] {processor.py:208} INFO - Processing /opt/airflow/dags/batch_generator.py took 0.171 seconds
[2026-06-18T02:58:17.489+0000] {processor.py:186} INFO - Started process (PID=1710) to work on /opt/airflow/dags/batch_generator.py
[2026-06-18T02:58:17.490+0000] {processor.py:914} INFO - Processing file /opt/airflow/dags/batch_generator.py for tasks to queue
[2026-06-18T02:58:17.492+0000] {logging_mixin.py:190} INFO - [2026-06-18T02:58:17.492+0000] {dagbag.py:588} INFO - Filling up the DagBag from /opt/airflow/dags/batch_generator.py
[2026-06-18T02:58:17.590+0000] {processor.py:925} INFO - DAG(s) 'extract_raw_data_pipeline' retrieved from /opt/airflow/dags/batch_generator.py
[2026-06-18T02:58:17.605+0000] {logging_mixin.py:190} INFO - [2026-06-18T02:58:17.605+0000] {dag.py:3239} INFO - Sync 1 DAGs
[2026-06-18T02:58:17.618+0000] {logging_mixin.py:190} INFO - [2026-06-18T02:58:17.618+0000] {dag.py:4180} INFO - Setting next_dagrun for extract_raw_data_pipeline to 2026-06-17 07:59:00+00:00, run_after=2026-06-18 07:00:00+00:00
[2026-06-18T02:58:17.633+0000] {processor.py:208} INFO - Processing /opt/airflow/dags/batch_generator.py took 0.148 seconds
[2026-06-18T02:58:47.725+0000] {processor.py:186} INFO - Started process (PID=1718) to work on /opt/airflow/dags/batch_generator.py
[2026-06-18T02:58:47.726+0000] {processor.py:914} INFO - Processing file /opt/airflow/dags/batch_generator.py for tasks to queue
[2026-06-18T02:58:47.728+0000] {logging_mixin.py:190} INFO - [2026-06-18T02:58:47.728+0000] {dagbag.py:588} INFO - Filling up the DagBag from /opt/airflow/dags/batch_generator.py
[2026-06-18T02:58:47.827+0000] {processor.py:925} INFO - DAG(s) 'extract_raw_data_pipeline' retrieved from /opt/airflow/dags/batch_generator.py
[2026-06-18T02:58:47.843+0000] {logging_mixin.py:190} INFO - [2026-06-18T02:58:47.843+0000] {dag.py:3239} INFO - Sync 1 DAGs
[2026-06-18T02:58:47.858+0000] {logging_mixin.py:190} INFO - [2026-06-18T02:58:47.858+0000] {dag.py:4180} INFO - Setting next_dagrun for extract_raw_data_pipeline to 2026-06-17 07:59:00+00:00, run_after=2026-06-18 07:00:00+00:00
[2026-06-18T02:58:47.872+0000] {processor.py:208} INFO - Processing /opt/airflow/dags/batch_generator.py took 0.152 seconds
[2026-06-18T02:59:18.035+0000] {processor.py:186} INFO - Started process (PID=1726) to work on /opt/airflow/dags/batch_generator.py
[2026-06-18T02:59:18.035+0000] {processor.py:914} INFO - Processing file /opt/airflow/dags/batch_generator.py for tasks to queue
[2026-06-18T02:59:18.037+0000] {logging_mixin.py:190} INFO - [2026-06-18T02:59:18.037+0000] {dagbag.py:588} INFO - Filling up the DagBag from /opt/airflow/dags/batch_generator.py
[2026-06-18T02:59:18.317+0000] {processor.py:925} INFO - DAG(s) 'extract_raw_data_pipeline' retrieved from /opt/airflow/dags/batch_generator.py
[2026-06-18T02:59:18.338+0000] {logging_mixin.py:190} INFO - [2026-06-18T02:59:18.338+0000] {dag.py:3239} INFO - Sync 1 DAGs
[2026-06-18T02:59:18.351+0000] {logging_mixin.py:190} INFO - [2026-06-18T02:59:18.351+0000] {dag.py:4180} INFO - Setting next_dagrun for extract_raw_data_pipeline to 2026-06-17 07:59:00+00:00, run_after=2026-06-18 07:00:00+00:00
[2026-06-18T02:59:18.364+0000] {processor.py:208} INFO - Processing /opt/airflow/dags/batch_generator.py took 0.334 seconds
[2026-06-18T02:59:48.627+0000] {processor.py:186} INFO - Started process (PID=1734) to work on /opt/airflow/dags/batch_generator.py
[2026-06-18T02:59:48.627+0000] {processor.py:914} INFO - Processing file /opt/airflow/dags/batch_generator.py for tasks to queue
[2026-06-18T02:59:48.629+0000] {logging_mixin.py:190} INFO - [2026-06-18T02:59:48.629+0000] {dagbag.py:588} INFO - Filling up the DagBag from /opt/airflow/dags/batch_generator.py
[2026-06-18T02:59:48.719+0000] {processor.py:925} INFO - DAG(s) 'extract_raw_data_pipeline' retrieved from /opt/airflow/dags/batch_generator.py
[2026-06-18T02:59:48.736+0000] {logging_mixin.py:190} INFO - [2026-06-18T02:59:48.735+0000] {dag.py:3239} INFO - Sync 1 DAGs
[2026-06-18T02:59:48.748+0000] {logging_mixin.py:190} INFO - [2026-06-18T02:59:48.748+0000] {dag.py:4180} INFO - Setting next_dagrun for extract_raw_data_pipeline to 2026-06-17 07:59:00+00:00, run_after=2026-06-18 07:00:00+00:00
[2026-06-18T02:59:48.760+0000] {processor.py:208} INFO - Processing /opt/airflow/dags/batch_generator.py took 0.137 seconds
[2026-06-18T03:00:18.897+0000] {processor.py:186} INFO - Started process (PID=1742) to work on /opt/airflow/dags/batch_generator.py
[2026-06-18T03:00:18.898+0000] {processor.py:914} INFO - Processing file /opt/airflow/dags/batch_generator.py for tasks to queue
[2026-06-18T03:00:18.900+0000] {logging_mixin.py:190} INFO - [2026-06-18T03:00:18.900+0000] {dagbag.py:588} INFO - Filling up the DagBag from /opt/airflow/dags/batch_generator.py
[2026-06-18T03:00:19.168+0000] {processor.py:925} INFO - DAG(s) 'extract_raw_data_pipeline' retrieved from /opt/airflow/dags/batch_generator.py
[2026-06-18T03:00:19.187+0000] {logging_mixin.py:190} INFO - [2026-06-18T03:00:19.186+0000] {dag.py:3239} INFO - Sync 1 DAGs
[2026-06-18T03:00:19.198+0000] {logging_mixin.py:190} INFO - [2026-06-18T03:00:19.198+0000] {dag.py:4180} INFO - Setting next_dagrun for extract_raw_data_pipeline to 2026-06-17 07:59:00+00:00, run_after=2026-06-18 07:00:00+00:00
[2026-06-18T03:00:19.210+0000] {processor.py:208} INFO - Processing /opt/airflow/dags/batch_generator.py took 0.319 seconds
[2026-06-18T03:00:49.272+0000] {processor.py:186} INFO - Started process (PID=1750) to work on /opt/airflow/dags/batch_generator.py
[2026-06-18T03:00:49.272+0000] {processor.py:914} INFO - Processing file /opt/airflow/dags/batch_generator.py for tasks to queue
[2026-06-18T03:00:49.274+0000] {logging_mixin.py:190} INFO - [2026-06-18T03:00:49.274+0000] {dagbag.py:588} INFO - Filling up the DagBag from /opt/airflow/dags/batch_generator.py
[2026-06-18T03:00:49.359+0000] {processor.py:925} INFO - DAG(s) 'extract_raw_data_pipeline' retrieved from /opt/airflow/dags/batch_generator.py
[2026-06-18T03:00:49.375+0000] {logging_mixin.py:190} INFO - [2026-06-18T03:00:49.375+0000] {dag.py:3239} INFO - Sync 1 DAGs
[2026-06-18T03:00:49.388+0000] {logging_mixin.py:190} INFO - [2026-06-18T03:00:49.388+0000] {dag.py:4180} INFO - Setting next_dagrun for extract_raw_data_pipeline to 2026-06-17 07:59:00+00:00, run_after=2026-06-18 07:00:00+00:00
[2026-06-18T03:00:49.401+0000] {processor.py:208} INFO - Processing /opt/airflow/dags/batch_generator.py took 0.133 seconds
[2026-06-18T03:01:19.518+0000] {processor.py:186} INFO - Started process (PID=1758) to work on /opt/airflow/dags/batch_generator.py
[2026-06-18T03:01:19.519+0000] {processor.py:914} INFO - Processing file /opt/airflow/dags/batch_generator.py for tasks to queue
[2026-06-18T03:01:19.520+0000] {logging_mixin.py:190} INFO - [2026-06-18T03:01:19.520+0000] {dagbag.py:588} INFO - Filling up the DagBag from /opt/airflow/dags/batch_generator.py
[2026-06-18T03:01:19.604+0000] {processor.py:925} INFO - DAG(s) 'extract_raw_data_pipeline' retrieved from /opt/airflow/dags/batch_generator.py
[2026-06-18T03:01:19.619+0000] {logging_mixin.py:190} INFO - [2026-06-18T03:01:19.619+0000] {dag.py:3239} INFO - Sync 1 DAGs
[2026-06-18T03:01:19.631+0000] {logging_mixin.py:190} INFO - [2026-06-18T03:01:19.631+0000] {dag.py:4180} INFO - Setting next_dagrun for extract_raw_data_pipeline to 2026-06-17 07:59:00+00:00, run_after=2026-06-18 07:00:00+00:00
[2026-06-18T03:01:19.646+0000] {processor.py:208} INFO - Processing /opt/airflow/dags/batch_generator.py took 0.132 seconds
[2026-06-18T03:01:49.861+0000] {processor.py:186} INFO - Started process (PID=1766) to work on /opt/airflow/dags/batch_generator.py
[2026-06-18T03:01:49.861+0000] {processor.py:914} INFO - Processing file /opt/airflow/dags/batch_generator.py for tasks to queue
[2026-06-18T03:01:49.863+0000] {logging_mixin.py:190} INFO - [2026-06-18T03:01:49.863+0000] {dagbag.py:588} INFO - Filling up the DagBag from /opt/airflow/dags/batch_generator.py
[2026-06-18T03:01:49.951+0000] {processor.py:925} INFO - DAG(s) 'extract_raw_data_pipeline' retrieved from /opt/airflow/dags/batch_generator.py
[2026-06-18T03:01:49.966+0000] {logging_mixin.py:190} INFO - [2026-06-18T03:01:49.966+0000] {dag.py:3239} INFO - Sync 1 DAGs
[2026-06-18T03:01:49.979+0000] {logging_mixin.py:190} INFO - [2026-06-18T03:01:49.979+0000] {dag.py:4180} INFO - Setting next_dagrun for extract_raw_data_pipeline to 2026-06-17 07:59:00+00:00, run_after=2026-06-18 07:00:00+00:00
[2026-06-18T03:01:49.991+0000] {processor.py:208} INFO - Processing /opt/airflow/dags/batch_generator.py took 0.134 seconds
[2026-06-18T03:02:20.221+0000] {processor.py:186} INFO - Started process (PID=1774) to work on /opt/airflow/dags/batch_generator.py
[2026-06-18T03:02:20.222+0000] {processor.py:914} INFO - Processing file /opt/airflow/dags/batch_generator.py for tasks to queue
[2026-06-18T03:02:20.225+0000] {logging_mixin.py:190} INFO - [2026-06-18T03:02:20.225+0000] {dagbag.py:588} INFO - Filling up the DagBag from /opt/airflow/dags/batch_generator.py
[2026-06-18T03:02:20.345+0000] {processor.py:925} INFO - DAG(s) 'extract_raw_data_pipeline' retrieved from /opt/airflow/dags/batch_generator.py
[2026-06-18T03:02:20.365+0000] {logging_mixin.py:190} INFO - [2026-06-18T03:02:20.365+0000] {dag.py:3239} INFO - Sync 1 DAGs
[2026-06-18T03:02:20.380+0000] {logging_mixin.py:190} INFO - [2026-06-18T03:02:20.380+0000] {dag.py:4180} INFO - Setting next_dagrun for extract_raw_data_pipeline to 2026-06-17 07:59:00+00:00, run_after=2026-06-18 07:00:00+00:00
[2026-06-18T03:02:20.397+0000] {processor.py:208} INFO - Processing /opt/airflow/dags/batch_generator.py took 0.181 seconds
[2026-06-18T03:02:50.517+0000] {processor.py:186} INFO - Started process (PID=1782) to work on /opt/airflow/dags/batch_generator.py
[2026-06-18T03:02:50.518+0000] {processor.py:914} INFO - Processing file /opt/airflow/dags/batch_generator.py for tasks to queue
[2026-06-18T03:02:50.519+0000] {logging_mixin.py:190} INFO - [2026-06-18T03:02:50.519+0000] {dagbag.py:588} INFO - Filling up the DagBag from /opt/airflow/dags/batch_generator.py
[2026-06-18T03:02:50.605+0000] {processor.py:925} INFO - DAG(s) 'extract_raw_data_pipeline' retrieved from /opt/airflow/dags/batch_generator.py
[2026-06-18T03:02:50.622+0000] {logging_mixin.py:190} INFO - [2026-06-18T03:02:50.621+0000] {dag.py:3239} INFO - Sync 1 DAGs
[2026-06-18T03:02:50.637+0000] {logging_mixin.py:190} INFO - [2026-06-18T03:02:50.637+0000] {dag.py:4180} INFO - Setting next_dagrun for extract_raw_data_pipeline to 2026-06-17 07:59:00+00:00, run_after=2026-06-18 07:00:00+00:00
[2026-06-18T03:02:50.651+0000] {processor.py:208} INFO - Processing /opt/airflow/dags/batch_generator.py took 0.138 seconds
[2026-06-18T03:03:20.741+0000] {processor.py:186} INFO - Started process (PID=1790) to work on /opt/airflow/dags/batch_generator.py
[2026-06-18T03:03:20.741+0000] {processor.py:914} INFO - Processing file /opt/airflow/dags/batch_generator.py for tasks to queue
[2026-06-18T03:03:20.743+0000] {logging_mixin.py:190} INFO - [2026-06-18T03:03:20.743+0000] {dagbag.py:588} INFO - Filling up the DagBag from /opt/airflow/dags/batch_generator.py
[2026-06-18T03:03:20.828+0000] {processor.py:925} INFO - DAG(s) 'extract_raw_data_pipeline' retrieved from /opt/airflow/dags/batch_generator.py
[2026-06-18T03:03:20.844+0000] {logging_mixin.py:190} INFO - [2026-06-18T03:03:20.844+0000] {dag.py:3239} INFO - Sync 1 DAGs
[2026-06-18T03:03:20.856+0000] {logging_mixin.py:190} INFO - [2026-06-18T03:03:20.856+0000] {dag.py:4180} INFO - Setting next_dagrun for extract_raw_data_pipeline to 2026-06-17 07:59:00+00:00, run_after=2026-06-18 07:00:00+00:00
[2026-06-18T03:03:20.869+0000] {processor.py:208} INFO - Processing /opt/airflow/dags/batch_generator.py took 0.132 seconds
[2026-06-18T03:03:51.145+0000] {processor.py:186} INFO - Started process (PID=1798) to work on /opt/airflow/dags/batch_generator.py
[2026-06-18T03:03:51.145+0000] {processor.py:914} INFO - Processing file /opt/airflow/dags/batch_generator.py for tasks to queue
[2026-06-18T03:03:51.147+0000] {logging_mixin.py:190} INFO - [2026-06-18T03:03:51.147+0000] {dagbag.py:588} INFO - Filling up the DagBag from /opt/airflow/dags/batch_generator.py
[2026-06-18T03:03:51.237+0000] {processor.py:925} INFO - DAG(s) 'extract_raw_data_pipeline' retrieved from /opt/airflow/dags/batch_generator.py
[2026-06-18T03:03:51.253+0000] {logging_mixin.py:190} INFO - [2026-06-18T03:03:51.252+0000] {dag.py:3239} INFO - Sync 1 DAGs
[2026-06-18T03:03:51.265+0000] {logging_mixin.py:190} INFO - [2026-06-18T03:03:51.265+0000] {dag.py:4180} INFO - Setting next_dagrun for extract_raw_data_pipeline to 2026-06-17 07:59:00+00:00, run_after=2026-06-18 07:00:00+00:00
[2026-06-18T03:03:51.280+0000] {processor.py:208} INFO - Processing /opt/airflow/dags/batch_generator.py took 0.139 seconds
[2026-06-18T03:04:21.463+0000] {processor.py:186} INFO - Started process (PID=1806) to work on /opt/airflow/dags/batch_generator.py
[2026-06-18T03:04:21.464+0000] {processor.py:914} INFO - Processing file /opt/airflow/dags/batch_generator.py for tasks to queue
[2026-06-18T03:04:21.466+0000] {logging_mixin.py:190} INFO - [2026-06-18T03:04:21.466+0000] {dagbag.py:588} INFO - Filling up the DagBag from /opt/airflow/dags/batch_generator.py
[2026-06-18T03:04:21.591+0000] {processor.py:925} INFO - DAG(s) 'extract_raw_data_pipeline' retrieved from /opt/airflow/dags/batch_generator.py
[2026-06-18T03:04:21.609+0000] {logging_mixin.py:190} INFO - [2026-06-18T03:04:21.609+0000] {dag.py:3239} INFO - Sync 1 DAGs
[2026-06-18T03:04:21.623+0000] {logging_mixin.py:190} INFO - [2026-06-18T03:04:21.623+0000] {dag.py:4180} INFO - Setting next_dagrun for extract_raw_data_pipeline to 2026-06-17 07:59:00+00:00, run_after=2026-06-18 07:00:00+00:00
[2026-06-18T03:04:21.638+0000] {processor.py:208} INFO - Processing /opt/airflow/dags/batch_generator.py took 0.181 seconds
[2026-06-18T03:04:51.700+0000] {processor.py:186} INFO - Started process (PID=1814) to work on /opt/airflow/dags/batch_generator.py
[2026-06-18T03:04:51.701+0000] {processor.py:914} INFO - Processing file /opt/airflow/dags/batch_generator.py for tasks to queue
[2026-06-18T03:04:51.702+0000] {logging_mixin.py:190} INFO - [2026-06-18T03:04:51.702+0000] {dagbag.py:588} INFO - Filling up the DagBag from /opt/airflow/dags/batch_generator.py
[2026-06-18T03:04:51.787+0000] {processor.py:925} INFO - DAG(s) 'extract_raw_data_pipeline' retrieved from /opt/airflow/dags/batch_generator.py
[2026-06-18T03:04:51.803+0000] {logging_mixin.py:190} INFO - [2026-06-18T03:04:51.803+0000] {dag.py:3239} INFO - Sync 1 DAGs
[2026-06-18T03:04:51.816+0000] {logging_mixin.py:190} INFO - [2026-06-18T03:04:51.816+0000] {dag.py:4180} INFO - Setting next_dagrun for extract_raw_data_pipeline to 2026-06-17 07:59:00+00:00, run_after=2026-06-18 07:00:00+00:00
[2026-06-18T03:04:51.831+0000] {processor.py:208} INFO - Processing /opt/airflow/dags/batch_generator.py took 0.135 seconds
[2026-06-18T03:05:21.984+0000] {processor.py:186} INFO - Started process (PID=1822) to work on /opt/airflow/dags/batch_generator.py
[2026-06-18T03:05:21.985+0000] {processor.py:914} INFO - Processing file /opt/airflow/dags/batch_generator.py for tasks to queue
[2026-06-18T03:05:21.987+0000] {logging_mixin.py:190} INFO - [2026-06-18T03:05:21.987+0000] {dagbag.py:588} INFO - Filling up the DagBag from /opt/airflow/dags/batch_generator.py
[2026-06-18T03:05:22.097+0000] {processor.py:925} INFO - DAG(s) 'extract_raw_data_pipeline' retrieved from /opt/airflow/dags/batch_generator.py
[2026-06-18T03:05:22.115+0000] {logging_mixin.py:190} INFO - [2026-06-18T03:05:22.115+0000] {dag.py:3239} INFO - Sync 1 DAGs
[2026-06-18T03:05:22.131+0000] {logging_mixin.py:190} INFO - [2026-06-18T03:05:22.131+0000] {dag.py:4180} INFO - Setting next_dagrun for extract_raw_data_pipeline to 2026-06-17 07:59:00+00:00, run_after=2026-06-18 07:00:00+00:00
[2026-06-18T03:05:22.146+0000] {processor.py:208} INFO - Processing /opt/airflow/dags/batch_generator.py took 0.167 seconds
[2026-06-18T03:05:52.392+0000] {processor.py:186} INFO - Started process (PID=1830) to work on /opt/airflow/dags/batch_generator.py
[2026-06-18T03:05:52.393+0000] {processor.py:914} INFO - Processing file /opt/airflow/dags/batch_generator.py for tasks to queue
[2026-06-18T03:05:52.395+0000] {logging_mixin.py:190} INFO - [2026-06-18T03:05:52.395+0000] {dagbag.py:588} INFO - Filling up the DagBag from /opt/airflow/dags/batch_generator.py
[2026-06-18T03:05:52.491+0000] {processor.py:925} INFO - DAG(s) 'extract_raw_data_pipeline' retrieved from /opt/airflow/dags/batch_generator.py
[2026-06-18T03:05:52.562+0000] {logging_mixin.py:190} INFO - [2026-06-18T03:05:52.562+0000] {dag.py:3239} INFO - Sync 1 DAGs
[2026-06-18T03:05:52.577+0000] {logging_mixin.py:190} INFO - [2026-06-18T03:05:52.577+0000] {dag.py:4180} INFO - Setting next_dagrun for extract_raw_data_pipeline to 2026-06-17 07:59:00+00:00, run_after=2026-06-18 07:00:00+00:00
[2026-06-18T03:05:52.592+0000] {processor.py:208} INFO - Processing /opt/airflow/dags/batch_generator.py took 0.204 seconds
[2026-06-18T03:06:22.723+0000] {processor.py:186} INFO - Started process (PID=1838) to work on /opt/airflow/dags/batch_generator.py
[2026-06-18T03:06:22.724+0000] {processor.py:914} INFO - Processing file /opt/airflow/dags/batch_generator.py for tasks to queue
[2026-06-18T03:06:22.726+0000] {logging_mixin.py:190} INFO - [2026-06-18T03:06:22.726+0000] {dagbag.py:588} INFO - Filling up the DagBag from /opt/airflow/dags/batch_generator.py
[2026-06-18T03:06:22.822+0000] {processor.py:925} INFO - DAG(s) 'extract_raw_data_pipeline' retrieved from /opt/airflow/dags/batch_generator.py
[2026-06-18T03:06:22.837+0000] {logging_mixin.py:190} INFO - [2026-06-18T03:06:22.837+0000] {dag.py:3239} INFO - Sync 1 DAGs
[2026-06-18T03:06:22.853+0000] {logging_mixin.py:190} INFO - [2026-06-18T03:06:22.853+0000] {dag.py:4180} INFO - Setting next_dagrun for extract_raw_data_pipeline to 2026-06-17 07:59:00+00:00, run_after=2026-06-18 07:00:00+00:00
[2026-06-18T03:06:22.867+0000] {processor.py:208} INFO - Processing /opt/airflow/dags/batch_generator.py took 0.148 seconds
[2026-06-18T03:06:53.109+0000] {processor.py:186} INFO - Started process (PID=1851) to work on /opt/airflow/dags/batch_generator.py
[2026-06-18T03:06:53.110+0000] {processor.py:914} INFO - Processing file /opt/airflow/dags/batch_generator.py for tasks to queue
[2026-06-18T03:06:53.112+0000] {logging_mixin.py:190} INFO - [2026-06-18T03:06:53.112+0000] {dagbag.py:588} INFO - Filling up the DagBag from /opt/airflow/dags/batch_generator.py
[2026-06-18T03:06:53.207+0000] {processor.py:925} INFO - DAG(s) 'extract_raw_data_pipeline' retrieved from /opt/airflow/dags/batch_generator.py
[2026-06-18T03:06:53.223+0000] {logging_mixin.py:190} INFO - [2026-06-18T03:06:53.223+0000] {dag.py:3239} INFO - Sync 1 DAGs
[2026-06-18T03:06:53.237+0000] {logging_mixin.py:190} INFO - [2026-06-18T03:06:53.237+0000] {dag.py:4180} INFO - Setting next_dagrun for extract_raw_data_pipeline to 2026-06-17 07:59:00+00:00, run_after=2026-06-18 07:00:00+00:00
[2026-06-18T03:06:53.250+0000] {processor.py:208} INFO - Processing /opt/airflow/dags/batch_generator.py took 0.144 seconds
[2026-06-18T03:07:23.386+0000] {processor.py:186} INFO - Started process (PID=1859) to work on /opt/airflow/dags/batch_generator.py
[2026-06-18T03:07:23.387+0000] {processor.py:914} INFO - Processing file /opt/airflow/dags/batch_generator.py for tasks to queue
[2026-06-18T03:07:23.389+0000] {logging_mixin.py:190} INFO - [2026-06-18T03:07:23.389+0000] {dagbag.py:588} INFO - Filling up the DagBag from /opt/airflow/dags/batch_generator.py
[2026-06-18T03:07:23.487+0000] {processor.py:925} INFO - DAG(s) 'extract_raw_data_pipeline' retrieved from /opt/airflow/dags/batch_generator.py
[2026-06-18T03:07:23.505+0000] {logging_mixin.py:190} INFO - [2026-06-18T03:07:23.505+0000] {dag.py:3239} INFO - Sync 1 DAGs
[2026-06-18T03:07:23.520+0000] {logging_mixin.py:190} INFO - [2026-06-18T03:07:23.519+0000] {dag.py:4180} INFO - Setting next_dagrun for extract_raw_data_pipeline to 2026-06-17 07:59:00+00:00, run_after=2026-06-18 07:00:00+00:00
[2026-06-18T03:07:23.532+0000] {processor.py:208} INFO - Processing /opt/airflow/dags/batch_generator.py took 0.150 seconds
[2026-06-18T03:07:53.858+0000] {processor.py:186} INFO - Started process (PID=1867) to work on /opt/airflow/dags/batch_generator.py
[2026-06-18T03:07:53.859+0000] {processor.py:914} INFO - Processing file /opt/airflow/dags/batch_generator.py for tasks to queue
[2026-06-18T03:07:53.860+0000] {logging_mixin.py:190} INFO - [2026-06-18T03:07:53.860+0000] {dagbag.py:588} INFO - Filling up the DagBag from /opt/airflow/dags/batch_generator.py
[2026-06-18T03:07:53.952+0000] {processor.py:925} INFO - DAG(s) 'extract_raw_data_pipeline' retrieved from /opt/airflow/dags/batch_generator.py
[2026-06-18T03:07:53.966+0000] {logging_mixin.py:190} INFO - [2026-06-18T03:07:53.966+0000] {dag.py:3239} INFO - Sync 1 DAGs
[2026-06-18T03:07:53.979+0000] {logging_mixin.py:190} INFO - [2026-06-18T03:07:53.979+0000] {dag.py:4180} INFO - Setting next_dagrun for extract_raw_data_pipeline to 2026-06-17 07:59:00+00:00, run_after=2026-06-18 07:00:00+00:00
[2026-06-18T03:07:53.990+0000] {processor.py:208} INFO - Processing /opt/airflow/dags/batch_generator.py took 0.136 seconds
[2026-06-18T03:08:24.173+0000] {processor.py:186} INFO - Started process (PID=1875) to work on /opt/airflow/dags/batch_generator.py
[2026-06-18T03:08:24.173+0000] {processor.py:914} INFO - Processing file /opt/airflow/dags/batch_generator.py for tasks to queue
[2026-06-18T03:08:24.175+0000] {logging_mixin.py:190} INFO - [2026-06-18T03:08:24.175+0000] {dagbag.py:588} INFO - Filling up the DagBag from /opt/airflow/dags/batch_generator.py
[2026-06-18T03:08:24.263+0000] {processor.py:925} INFO - DAG(s) 'extract_raw_data_pipeline' retrieved from /opt/airflow/dags/batch_generator.py
[2026-06-18T03:08:24.279+0000] {logging_mixin.py:190} INFO - [2026-06-18T03:08:24.279+0000] {dag.py:3239} INFO - Sync 1 DAGs
[2026-06-18T03:08:24.292+0000] {logging_mixin.py:190} INFO - [2026-06-18T03:08:24.292+0000] {dag.py:4180} INFO - Setting next_dagrun for extract_raw_data_pipeline to 2026-06-17 07:59:00+00:00, run_after=2026-06-18 07:00:00+00:00
[2026-06-18T03:08:24.306+0000] {processor.py:208} INFO - Processing /opt/airflow/dags/batch_generator.py took 0.137 seconds
[2026-06-18T03:08:54.565+0000] {processor.py:186} INFO - Started process (PID=1883) to work on /opt/airflow/dags/batch_generator.py
[2026-06-18T03:08:54.566+0000] {processor.py:914} INFO - Processing file /opt/airflow/dags/batch_generator.py for tasks to queue
[2026-06-18T03:08:54.568+0000] {logging_mixin.py:190} INFO - [2026-06-18T03:08:54.568+0000] {dagbag.py:588} INFO - Filling up the DagBag from /opt/airflow/dags/batch_generator.py
[2026-06-18T03:08:54.670+0000] {processor.py:925} INFO - DAG(s) 'extract_raw_data_pipeline' retrieved from /opt/airflow/dags/batch_generator.py
[2026-06-18T03:08:54.685+0000] {logging_mixin.py:190} INFO - [2026-06-18T03:08:54.685+0000] {dag.py:3239} INFO - Sync 1 DAGs
[2026-06-18T03:08:54.698+0000] {logging_mixin.py:190} INFO - [2026-06-18T03:08:54.698+0000] {dag.py:4180} INFO - Setting next_dagrun for extract_raw_data_pipeline to 2026-06-17 07:59:00+00:00, run_after=2026-06-18 07:00:00+00:00
[2026-06-18T03:08:54.710+0000] {processor.py:208} INFO - Processing /opt/airflow/dags/batch_generator.py took 0.150 seconds
[2026-06-18T03:09:24.795+0000] {processor.py:186} INFO - Started process (PID=1891) to work on /opt/airflow/dags/batch_generator.py
[2026-06-18T03:09:24.796+0000] {processor.py:914} INFO - Processing file /opt/airflow/dags/batch_generator.py for tasks to queue
[2026-06-18T03:09:24.798+0000] {logging_mixin.py:190} INFO - [2026-06-18T03:09:24.798+0000] {dagbag.py:588} INFO - Filling up the DagBag from /opt/airflow/dags/batch_generator.py
[2026-06-18T03:09:24.911+0000] {processor.py:925} INFO - DAG(s) 'extract_raw_data_pipeline' retrieved from /opt/airflow/dags/batch_generator.py
[2026-06-18T03:09:24.930+0000] {logging_mixin.py:190} INFO - [2026-06-18T03:09:24.930+0000] {dag.py:3239} INFO - Sync 1 DAGs
[2026-06-18T03:09:24.946+0000] {logging_mixin.py:190} INFO - [2026-06-18T03:09:24.946+0000] {dag.py:4180} INFO - Setting next_dagrun for extract_raw_data_pipeline to 2026-06-17 07:59:00+00:00, run_after=2026-06-18 07:00:00+00:00
[2026-06-18T03:09:24.960+0000] {processor.py:208} INFO - Processing /opt/airflow/dags/batch_generator.py took 0.169 seconds
[2026-06-18T03:09:55.048+0000] {processor.py:186} INFO - Started process (PID=1899) to work on /opt/airflow/dags/batch_generator.py
[2026-06-18T03:09:55.049+0000] {processor.py:914} INFO - Processing file /opt/airflow/dags/batch_generator.py for tasks to queue
[2026-06-18T03:09:55.050+0000] {logging_mixin.py:190} INFO - [2026-06-18T03:09:55.050+0000] {dagbag.py:588} INFO - Filling up the DagBag from /opt/airflow/dags/batch_generator.py
[2026-06-18T03:09:55.150+0000] {processor.py:925} INFO - DAG(s) 'extract_raw_data_pipeline' retrieved from /opt/airflow/dags/batch_generator.py
[2026-06-18T03:09:55.167+0000] {logging_mixin.py:190} INFO - [2026-06-18T03:09:55.167+0000] {dag.py:3239} INFO - Sync 1 DAGs
[2026-06-18T03:09:55.183+0000] {logging_mixin.py:190} INFO - [2026-06-18T03:09:55.183+0000] {dag.py:4180} INFO - Setting next_dagrun for extract_raw_data_pipeline to 2026-06-17 07:59:00+00:00, run_after=2026-06-18 07:00:00+00:00
[2026-06-18T03:09:55.202+0000] {processor.py:208} INFO - Processing /opt/airflow/dags/batch_generator.py took 0.158 seconds
[2026-06-18T03:10:25.335+0000] {processor.py:186} INFO - Started process (PID=1907) to work on /opt/airflow/dags/batch_generator.py
[2026-06-18T03:10:25.336+0000] {processor.py:914} INFO - Processing file /opt/airflow/dags/batch_generator.py for tasks to queue
[2026-06-18T03:10:25.338+0000] {logging_mixin.py:190} INFO - [2026-06-18T03:10:25.338+0000] {dagbag.py:588} INFO - Filling up the DagBag from /opt/airflow/dags/batch_generator.py
[2026-06-18T03:10:25.438+0000] {processor.py:925} INFO - DAG(s) 'extract_raw_data_pipeline' retrieved from /opt/airflow/dags/batch_generator.py
[2026-06-18T03:10:25.454+0000] {logging_mixin.py:190} INFO - [2026-06-18T03:10:25.454+0000] {dag.py:3239} INFO - Sync 1 DAGs
[2026-06-18T03:10:25.467+0000] {logging_mixin.py:190} INFO - [2026-06-18T03:10:25.467+0000] {dag.py:4180} INFO - Setting next_dagrun for extract_raw_data_pipeline to 2026-06-17 07:59:00+00:00, run_after=2026-06-18 07:00:00+00:00
[2026-06-18T03:10:25.481+0000] {processor.py:208} INFO - Processing /opt/airflow/dags/batch_generator.py took 0.150 seconds
[2026-06-18T03:10:55.711+0000] {processor.py:186} INFO - Started process (PID=1915) to work on /opt/airflow/dags/batch_generator.py
[2026-06-18T03:10:55.712+0000] {processor.py:914} INFO - Processing file /opt/airflow/dags/batch_generator.py for tasks to queue
[2026-06-18T03:10:55.714+0000] {logging_mixin.py:190} INFO - [2026-06-18T03:10:55.714+0000] {dagbag.py:588} INFO - Filling up the DagBag from /opt/airflow/dags/batch_generator.py
[2026-06-18T03:10:55.821+0000] {processor.py:925} INFO - DAG(s) 'extract_raw_data_pipeline' retrieved from /opt/airflow/dags/batch_generator.py
[2026-06-18T03:10:55.836+0000] {logging_mixin.py:190} INFO - [2026-06-18T03:10:55.835+0000] {dag.py:3239} INFO - Sync 1 DAGs
[2026-06-18T03:10:55.849+0000] {logging_mixin.py:190} INFO - [2026-06-18T03:10:55.849+0000] {dag.py:4180} INFO - Setting next_dagrun for extract_raw_data_pipeline to 2026-06-17 07:59:00+00:00, run_after=2026-06-18 07:00:00+00:00
[2026-06-18T03:10:55.861+0000] {processor.py:208} INFO - Processing /opt/airflow/dags/batch_generator.py took 0.155 seconds
[2026-06-18T03:11:25.992+0000] {processor.py:186} INFO - Started process (PID=1923) to work on /opt/airflow/dags/batch_generator.py
[2026-06-18T03:11:25.993+0000] {processor.py:914} INFO - Processing file /opt/airflow/dags/batch_generator.py for tasks to queue
[2026-06-18T03:11:25.995+0000] {logging_mixin.py:190} INFO - [2026-06-18T03:11:25.995+0000] {dagbag.py:588} INFO - Filling up the DagBag from /opt/airflow/dags/batch_generator.py
[2026-06-18T03:11:26.093+0000] {processor.py:925} INFO - DAG(s) 'extract_raw_data_pipeline' retrieved from /opt/airflow/dags/batch_generator.py
[2026-06-18T03:11:26.108+0000] {logging_mixin.py:190} INFO - [2026-06-18T03:11:26.108+0000] {dag.py:3239} INFO - Sync 1 DAGs
[2026-06-18T03:11:26.123+0000] {logging_mixin.py:190} INFO - [2026-06-18T03:11:26.123+0000] {dag.py:4180} INFO - Setting next_dagrun for extract_raw_data_pipeline to 2026-06-17 07:59:00+00:00, run_after=2026-06-18 07:00:00+00:00
[2026-06-18T03:11:26.139+0000] {processor.py:208} INFO - Processing /opt/airflow/dags/batch_generator.py took 0.151 seconds
[2026-06-18T03:11:56.373+0000] {processor.py:186} INFO - Started process (PID=1931) to work on /opt/airflow/dags/batch_generator.py
[2026-06-18T03:11:56.374+0000] {processor.py:914} INFO - Processing file /opt/airflow/dags/batch_generator.py for tasks to queue
[2026-06-18T03:11:56.376+0000] {logging_mixin.py:190} INFO - [2026-06-18T03:11:56.375+0000] {dagbag.py:588} INFO - Filling up the DagBag from /opt/airflow/dags/batch_generator.py
[2026-06-18T03:11:56.476+0000] {processor.py:925} INFO - DAG(s) 'extract_raw_data_pipeline' retrieved from /opt/airflow/dags/batch_generator.py
[2026-06-18T03:11:56.492+0000] {logging_mixin.py:190} INFO - [2026-06-18T03:11:56.492+0000] {dag.py:3239} INFO - Sync 1 DAGs
[2026-06-18T03:11:56.506+0000] {logging_mixin.py:190} INFO - [2026-06-18T03:11:56.506+0000] {dag.py:4180} INFO - Setting next_dagrun for extract_raw_data_pipeline to 2026-06-17 07:59:00+00:00, run_after=2026-06-18 07:00:00+00:00
[2026-06-18T03:11:56.519+0000] {processor.py:208} INFO - Processing /opt/airflow/dags/batch_generator.py took 0.150 seconds
[2026-06-18T03:12:26.820+0000] {processor.py:186} INFO - Started process (PID=1939) to work on /opt/airflow/dags/batch_generator.py
[2026-06-18T03:12:26.821+0000] {processor.py:914} INFO - Processing file /opt/airflow/dags/batch_generator.py for tasks to queue
[2026-06-18T03:12:26.823+0000] {logging_mixin.py:190} INFO - [2026-06-18T03:12:26.823+0000] {dagbag.py:588} INFO - Filling up the DagBag from /opt/airflow/dags/batch_generator.py
[2026-06-18T03:12:27.222+0000] {processor.py:925} INFO - DAG(s) 'extract_raw_data_pipeline' retrieved from /opt/airflow/dags/batch_generator.py
[2026-06-18T03:12:27.245+0000] {logging_mixin.py:190} INFO - [2026-06-18T03:12:27.244+0000] {dag.py:3239} INFO - Sync 1 DAGs
[2026-06-18T03:12:27.256+0000] {logging_mixin.py:190} INFO - [2026-06-18T03:12:27.256+0000] {dag.py:4180} INFO - Setting next_dagrun for extract_raw_data_pipeline to 2026-06-17 07:59:00+00:00, run_after=2026-06-18 07:00:00+00:00
[2026-06-18T03:12:27.271+0000] {processor.py:208} INFO - Processing /opt/airflow/dags/batch_generator.py took 0.454 seconds
[2026-06-18T03:12:57.581+0000] {processor.py:186} INFO - Started process (PID=1947) to work on /opt/airflow/dags/batch_generator.py
[2026-06-18T03:12:57.581+0000] {processor.py:914} INFO - Processing file /opt/airflow/dags/batch_generator.py for tasks to queue
[2026-06-18T03:12:57.583+0000] {logging_mixin.py:190} INFO - [2026-06-18T03:12:57.583+0000] {dagbag.py:588} INFO - Filling up the DagBag from /opt/airflow/dags/batch_generator.py
[2026-06-18T03:12:57.699+0000] {processor.py:925} INFO - DAG(s) 'extract_raw_data_pipeline' retrieved from /opt/airflow/dags/batch_generator.py
[2026-06-18T03:12:57.713+0000] {logging_mixin.py:190} INFO - [2026-06-18T03:12:57.713+0000] {dag.py:3239} INFO - Sync 1 DAGs
[2026-06-18T03:12:57.725+0000] {logging_mixin.py:190} INFO - [2026-06-18T03:12:57.725+0000] {dag.py:4180} INFO - Setting next_dagrun for extract_raw_data_pipeline to 2026-06-17 07:59:00+00:00, run_after=2026-06-18 07:00:00+00:00
[2026-06-18T03:12:57.741+0000] {processor.py:208} INFO - Processing /opt/airflow/dags/batch_generator.py took 0.164 seconds
[2026-06-18T03:13:27.825+0000] {processor.py:186} INFO - Started process (PID=1955) to work on /opt/airflow/dags/batch_generator.py
[2026-06-18T03:13:27.826+0000] {processor.py:914} INFO - Processing file /opt/airflow/dags/batch_generator.py for tasks to queue
[2026-06-18T03:13:27.828+0000] {logging_mixin.py:190} INFO - [2026-06-18T03:13:27.828+0000] {dagbag.py:588} INFO - Filling up the DagBag from /opt/airflow/dags/batch_generator.py
[2026-06-18T03:13:27.920+0000] {processor.py:925} INFO - DAG(s) 'extract_raw_data_pipeline' retrieved from /opt/airflow/dags/batch_generator.py
[2026-06-18T03:13:27.937+0000] {logging_mixin.py:190} INFO - [2026-06-18T03:13:27.937+0000] {dag.py:3239} INFO - Sync 1 DAGs
[2026-06-18T03:13:27.951+0000] {logging_mixin.py:190} INFO - [2026-06-18T03:13:27.951+0000] {dag.py:4180} INFO - Setting next_dagrun for extract_raw_data_pipeline to 2026-06-17 07:59:00+00:00, run_after=2026-06-18 07:00:00+00:00
[2026-06-18T03:13:27.975+0000] {processor.py:208} INFO - Processing /opt/airflow/dags/batch_generator.py took 0.154 seconds
[2026-06-18T03:13:58.288+0000] {processor.py:186} INFO - Started process (PID=1963) to work on /opt/airflow/dags/batch_generator.py
[2026-06-18T03:13:58.289+0000] {processor.py:914} INFO - Processing file /opt/airflow/dags/batch_generator.py for tasks to queue
[2026-06-18T03:13:58.291+0000] {logging_mixin.py:190} INFO - [2026-06-18T03:13:58.291+0000] {dagbag.py:588} INFO - Filling up the DagBag from /opt/airflow/dags/batch_generator.py
[2026-06-18T03:13:58.389+0000] {processor.py:925} INFO - DAG(s) 'extract_raw_data_pipeline' retrieved from /opt/airflow/dags/batch_generator.py
[2026-06-18T03:13:58.405+0000] {logging_mixin.py:190} INFO - [2026-06-18T03:13:58.405+0000] {dag.py:3239} INFO - Sync 1 DAGs
[2026-06-18T03:13:58.420+0000] {logging_mixin.py:190} INFO - [2026-06-18T03:13:58.420+0000] {dag.py:4180} INFO - Setting next_dagrun for extract_raw_data_pipeline to 2026-06-17 07:59:00+00:00, run_after=2026-06-18 07:00:00+00:00
[2026-06-18T03:13:58.433+0000] {processor.py:208} INFO - Processing /opt/airflow/dags/batch_generator.py took 0.148 seconds
[2026-06-18T03:14:28.515+0000] {processor.py:186} INFO - Started process (PID=1971) to work on /opt/airflow/dags/batch_generator.py
[2026-06-18T03:14:28.516+0000] {processor.py:914} INFO - Processing file /opt/airflow/dags/batch_generator.py for tasks to queue
[2026-06-18T03:14:28.518+0000] {logging_mixin.py:190} INFO - [2026-06-18T03:14:28.517+0000] {dagbag.py:588} INFO - Filling up the DagBag from /opt/airflow/dags/batch_generator.py
[2026-06-18T03:14:28.618+0000] {processor.py:925} INFO - DAG(s) 'extract_raw_data_pipeline' retrieved from /opt/airflow/dags/batch_generator.py
[2026-06-18T03:14:28.636+0000] {logging_mixin.py:190} INFO - [2026-06-18T03:14:28.636+0000] {dag.py:3239} INFO - Sync 1 DAGs
[2026-06-18T03:14:28.651+0000] {logging_mixin.py:190} INFO - [2026-06-18T03:14:28.651+0000] {dag.py:4180} INFO - Setting next_dagrun for extract_raw_data_pipeline to 2026-06-17 07:59:00+00:00, run_after=2026-06-18 07:00:00+00:00
[2026-06-18T03:14:28.665+0000] {processor.py:208} INFO - Processing /opt/airflow/dags/batch_generator.py took 0.155 seconds
[2026-06-18T03:14:58.913+0000] {processor.py:186} INFO - Started process (PID=1979) to work on /opt/airflow/dags/batch_generator.py
[2026-06-18T03:14:58.914+0000] {processor.py:914} INFO - Processing file /opt/airflow/dags/batch_generator.py for tasks to queue
[2026-06-18T03:14:58.916+0000] {logging_mixin.py:190} INFO - [2026-06-18T03:14:58.916+0000] {dagbag.py:588} INFO - Filling up the DagBag from /opt/airflow/dags/batch_generator.py
[2026-06-18T03:14:59.006+0000] {processor.py:925} INFO - DAG(s) 'extract_raw_data_pipeline' retrieved from /opt/airflow/dags/batch_generator.py
[2026-06-18T03:14:59.022+0000] {logging_mixin.py:190} INFO - [2026-06-18T03:14:59.022+0000] {dag.py:3239} INFO - Sync 1 DAGs
[2026-06-18T03:14:59.041+0000] {logging_mixin.py:190} INFO - [2026-06-18T03:14:59.040+0000] {dag.py:4180} INFO - Setting next_dagrun for extract_raw_data_pipeline to 2026-06-17 07:59:00+00:00, run_after=2026-06-18 07:00:00+00:00
[2026-06-18T03:14:59.058+0000] {processor.py:208} INFO - Processing /opt/airflow/dags/batch_generator.py took 0.149 seconds
[2026-06-18T03:15:29.173+0000] {processor.py:186} INFO - Started process (PID=1988) to work on /opt/airflow/dags/batch_generator.py
[2026-06-18T03:15:29.174+0000] {processor.py:914} INFO - Processing file /opt/airflow/dags/batch_generator.py for tasks to queue
[2026-06-18T03:15:29.176+0000] {logging_mixin.py:190} INFO - [2026-06-18T03:15:29.176+0000] {dagbag.py:588} INFO - Filling up the DagBag from /opt/airflow/dags/batch_generator.py
[2026-06-18T03:15:29.274+0000] {processor.py:925} INFO - DAG(s) 'extract_raw_data_pipeline' retrieved from /opt/airflow/dags/batch_generator.py
[2026-06-18T03:15:29.292+0000] {logging_mixin.py:190} INFO - [2026-06-18T03:15:29.292+0000] {dag.py:3239} INFO - Sync 1 DAGs
[2026-06-18T03:15:29.307+0000] {logging_mixin.py:190} INFO - [2026-06-18T03:15:29.306+0000] {dag.py:4180} INFO - Setting next_dagrun for extract_raw_data_pipeline to 2026-06-17 07:59:00+00:00, run_after=2026-06-18 07:00:00+00:00
[2026-06-18T03:15:29.329+0000] {processor.py:208} INFO - Processing /opt/airflow/dags/batch_generator.py took 0.161 seconds
[2026-06-18T03:15:59.610+0000] {processor.py:186} INFO - Started process (PID=1996) to work on /opt/airflow/dags/batch_generator.py
[2026-06-18T03:15:59.610+0000] {processor.py:914} INFO - Processing file /opt/airflow/dags/batch_generator.py for tasks to queue
[2026-06-18T03:15:59.612+0000] {logging_mixin.py:190} INFO - [2026-06-18T03:15:59.612+0000] {dagbag.py:588} INFO - Filling up the DagBag from /opt/airflow/dags/batch_generator.py
[2026-06-18T03:15:59.709+0000] {processor.py:925} INFO - DAG(s) 'extract_raw_data_pipeline' retrieved from /opt/airflow/dags/batch_generator.py
[2026-06-18T03:15:59.725+0000] {logging_mixin.py:190} INFO - [2026-06-18T03:15:59.725+0000] {dag.py:3239} INFO - Sync 1 DAGs
[2026-06-18T03:15:59.739+0000] {logging_mixin.py:190} INFO - [2026-06-18T03:15:59.739+0000] {dag.py:4180} INFO - Setting next_dagrun for extract_raw_data_pipeline to 2026-06-17 07:59:00+00:00, run_after=2026-06-18 07:00:00+00:00
[2026-06-18T03:15:59.759+0000] {processor.py:208} INFO - Processing /opt/airflow/dags/batch_generator.py took 0.153 seconds
[2026-06-18T03:16:29.885+0000] {processor.py:186} INFO - Started process (PID=2004) to work on /opt/airflow/dags/batch_generator.py
[2026-06-18T03:16:29.886+0000] {processor.py:914} INFO - Processing file /opt/airflow/dags/batch_generator.py for tasks to queue
[2026-06-18T03:16:29.888+0000] {logging_mixin.py:190} INFO - [2026-06-18T03:16:29.888+0000] {dagbag.py:588} INFO - Filling up the DagBag from /opt/airflow/dags/batch_generator.py
[2026-06-18T03:16:29.977+0000] {processor.py:925} INFO - DAG(s) 'extract_raw_data_pipeline' retrieved from /opt/airflow/dags/batch_generator.py
[2026-06-18T03:16:29.994+0000] {logging_mixin.py:190} INFO - [2026-06-18T03:16:29.994+0000] {dag.py:3239} INFO - Sync 1 DAGs
[2026-06-18T03:16:30.007+0000] {logging_mixin.py:190} INFO - [2026-06-18T03:16:30.007+0000] {dag.py:4180} INFO - Setting next_dagrun for extract_raw_data_pipeline to 2026-06-17 07:59:00+00:00, run_after=2026-06-18 07:00:00+00:00
[2026-06-18T03:16:30.021+0000] {processor.py:208} INFO - Processing /opt/airflow/dags/batch_generator.py took 0.139 seconds
[2026-06-18T03:17:00.330+0000] {processor.py:186} INFO - Started process (PID=2012) to work on /opt/airflow/dags/batch_generator.py
[2026-06-18T03:17:00.331+0000] {processor.py:914} INFO - Processing file /opt/airflow/dags/batch_generator.py for tasks to queue
[2026-06-18T03:17:00.333+0000] {logging_mixin.py:190} INFO - [2026-06-18T03:17:00.333+0000] {dagbag.py:588} INFO - Filling up the DagBag from /opt/airflow/dags/batch_generator.py
[2026-06-18T03:17:00.423+0000] {processor.py:925} INFO - DAG(s) 'extract_raw_data_pipeline' retrieved from /opt/airflow/dags/batch_generator.py
[2026-06-18T03:17:00.438+0000] {logging_mixin.py:190} INFO - [2026-06-18T03:17:00.438+0000] {dag.py:3239} INFO - Sync 1 DAGs
[2026-06-18T03:17:00.452+0000] {logging_mixin.py:190} INFO - [2026-06-18T03:17:00.452+0000] {dag.py:4180} INFO - Setting next_dagrun for extract_raw_data_pipeline to 2026-06-17 07:59:00+00:00, run_after=2026-06-18 07:00:00+00:00
[2026-06-18T03:17:00.467+0000] {processor.py:208} INFO - Processing /opt/airflow/dags/batch_generator.py took 0.140 seconds
[2026-06-18T03:17:30.593+0000] {processor.py:186} INFO - Started process (PID=2020) to work on /opt/airflow/dags/batch_generator.py
[2026-06-18T03:17:30.594+0000] {processor.py:914} INFO - Processing file /opt/airflow/dags/batch_generator.py for tasks to queue
[2026-06-18T03:17:30.595+0000] {logging_mixin.py:190} INFO - [2026-06-18T03:17:30.595+0000] {dagbag.py:588} INFO - Filling up the DagBag from /opt/airflow/dags/batch_generator.py
[2026-06-18T03:17:30.703+0000] {processor.py:925} INFO - DAG(s) 'extract_raw_data_pipeline' retrieved from /opt/airflow/dags/batch_generator.py
[2026-06-18T03:17:30.720+0000] {logging_mixin.py:190} INFO - [2026-06-18T03:17:30.720+0000] {dag.py:3239} INFO - Sync 1 DAGs
[2026-06-18T03:17:30.736+0000] {logging_mixin.py:190} INFO - [2026-06-18T03:17:30.735+0000] {dag.py:4180} INFO - Setting next_dagrun for extract_raw_data_pipeline to 2026-06-17 07:59:00+00:00, run_after=2026-06-18 07:00:00+00:00
[2026-06-18T03:17:30.757+0000] {processor.py:208} INFO - Processing /opt/airflow/dags/batch_generator.py took 0.168 seconds
[2026-06-18T03:18:00.973+0000] {processor.py:186} INFO - Started process (PID=2028) to work on /opt/airflow/dags/batch_generator.py
[2026-06-18T03:18:00.974+0000] {processor.py:914} INFO - Processing file /opt/airflow/dags/batch_generator.py for tasks to queue
[2026-06-18T03:18:00.976+0000] {logging_mixin.py:190} INFO - [2026-06-18T03:18:00.976+0000] {dagbag.py:588} INFO - Filling up the DagBag from /opt/airflow/dags/batch_generator.py
[2026-06-18T03:18:01.067+0000] {processor.py:925} INFO - DAG(s) 'extract_raw_data_pipeline' retrieved from /opt/airflow/dags/batch_generator.py
[2026-06-18T03:18:01.084+0000] {logging_mixin.py:190} INFO - [2026-06-18T03:18:01.083+0000] {dag.py:3239} INFO - Sync 1 DAGs
[2026-06-18T03:18:01.098+0000] {logging_mixin.py:190} INFO - [2026-06-18T03:18:01.098+0000] {dag.py:4180} INFO - Setting next_dagrun for extract_raw_data_pipeline to 2026-06-17 07:59:00+00:00, run_after=2026-06-18 07:00:00+00:00
[2026-06-18T03:18:01.112+0000] {processor.py:208} INFO - Processing /opt/airflow/dags/batch_generator.py took 0.142 seconds
[2026-06-18T03:18:31.271+0000] {processor.py:186} INFO - Started process (PID=2036) to work on /opt/airflow/dags/batch_generator.py
[2026-06-18T03:18:31.272+0000] {processor.py:914} INFO - Processing file /opt/airflow/dags/batch_generator.py for tasks to queue
[2026-06-18T03:18:31.274+0000] {logging_mixin.py:190} INFO - [2026-06-18T03:18:31.274+0000] {dagbag.py:588} INFO - Filling up the DagBag from /opt/airflow/dags/batch_generator.py
[2026-06-18T03:18:31.379+0000] {processor.py:925} INFO - DAG(s) 'extract_raw_data_pipeline' retrieved from /opt/airflow/dags/batch_generator.py
[2026-06-18T03:18:31.397+0000] {logging_mixin.py:190} INFO - [2026-06-18T03:18:31.397+0000] {dag.py:3239} INFO - Sync 1 DAGs
[2026-06-18T03:18:31.414+0000] {logging_mixin.py:190} INFO - [2026-06-18T03:18:31.414+0000] {dag.py:4180} INFO - Setting next_dagrun for extract_raw_data_pipeline to 2026-06-17 07:59:00+00:00, run_after=2026-06-18 07:00:00+00:00
[2026-06-18T03:18:31.431+0000] {processor.py:208} INFO - Processing /opt/airflow/dags/batch_generator.py took 0.164 seconds
[2026-06-18T03:19:01.584+0000] {processor.py:186} INFO - Started process (PID=2044) to work on /opt/airflow/dags/batch_generator.py
[2026-06-18T03:19:01.585+0000] {processor.py:914} INFO - Processing file /opt/airflow/dags/batch_generator.py for tasks to queue
[2026-06-18T03:19:01.587+0000] {logging_mixin.py:190} INFO - [2026-06-18T03:19:01.586+0000] {dagbag.py:588} INFO - Filling up the DagBag from /opt/airflow/dags/batch_generator.py
[2026-06-18T03:19:01.674+0000] {processor.py:925} INFO - DAG(s) 'extract_raw_data_pipeline' retrieved from /opt/airflow/dags/batch_generator.py
[2026-06-18T03:19:01.692+0000] {logging_mixin.py:190} INFO - [2026-06-18T03:19:01.692+0000] {dag.py:3239} INFO - Sync 1 DAGs
[2026-06-18T03:19:01.708+0000] {logging_mixin.py:190} INFO - [2026-06-18T03:19:01.708+0000] {dag.py:4180} INFO - Setting next_dagrun for extract_raw_data_pipeline to 2026-06-17 07:59:00+00:00, run_after=2026-06-18 07:00:00+00:00
[2026-06-18T03:19:01.724+0000] {processor.py:208} INFO - Processing /opt/airflow/dags/batch_generator.py took 0.145 seconds
[2026-06-18T03:19:32.014+0000] {processor.py:186} INFO - Started process (PID=2052) to work on /opt/airflow/dags/batch_generator.py
[2026-06-18T03:19:32.015+0000] {processor.py:914} INFO - Processing file /opt/airflow/dags/batch_generator.py for tasks to queue
[2026-06-18T03:19:32.017+0000] {logging_mixin.py:190} INFO - [2026-06-18T03:19:32.017+0000] {dagbag.py:588} INFO - Filling up the DagBag from /opt/airflow/dags/batch_generator.py
[2026-06-18T03:19:32.117+0000] {processor.py:925} INFO - DAG(s) 'extract_raw_data_pipeline' retrieved from /opt/airflow/dags/batch_generator.py
[2026-06-18T03:19:32.134+0000] {logging_mixin.py:190} INFO - [2026-06-18T03:19:32.134+0000] {dag.py:3239} INFO - Sync 1 DAGs
[2026-06-18T03:19:32.148+0000] {logging_mixin.py:190} INFO - [2026-06-18T03:19:32.148+0000] {dag.py:4180} INFO - Setting next_dagrun for extract_raw_data_pipeline to 2026-06-17 07:59:00+00:00, run_after=2026-06-18 07:00:00+00:00
[2026-06-18T03:19:32.161+0000] {processor.py:208} INFO - Processing /opt/airflow/dags/batch_generator.py took 0.151 seconds
[2026-06-18T03:20:02.274+0000] {processor.py:186} INFO - Started process (PID=2060) to work on /opt/airflow/dags/batch_generator.py
[2026-06-18T03:20:02.275+0000] {processor.py:914} INFO - Processing file /opt/airflow/dags/batch_generator.py for tasks to queue
[2026-06-18T03:20:02.277+0000] {logging_mixin.py:190} INFO - [2026-06-18T03:20:02.277+0000] {dagbag.py:588} INFO - Filling up the DagBag from /opt/airflow/dags/batch_generator.py
[2026-06-18T03:20:02.373+0000] {processor.py:925} INFO - DAG(s) 'extract_raw_data_pipeline' retrieved from /opt/airflow/dags/batch_generator.py
[2026-06-18T03:20:02.390+0000] {logging_mixin.py:190} INFO - [2026-06-18T03:20:02.389+0000] {dag.py:3239} INFO - Sync 1 DAGs
[2026-06-18T03:20:02.403+0000] {logging_mixin.py:190} INFO - [2026-06-18T03:20:02.403+0000] {dag.py:4180} INFO - Setting next_dagrun for extract_raw_data_pipeline to 2026-06-17 07:59:00+00:00, run_after=2026-06-18 07:00:00+00:00
[2026-06-18T03:20:02.417+0000] {processor.py:208} INFO - Processing /opt/airflow/dags/batch_generator.py took 0.146 seconds
[2026-06-18T03:20:32.704+0000] {processor.py:186} INFO - Started process (PID=2068) to work on /opt/airflow/dags/batch_generator.py
[2026-06-18T03:20:32.705+0000] {processor.py:914} INFO - Processing file /opt/airflow/dags/batch_generator.py for tasks to queue
[2026-06-18T03:20:32.707+0000] {logging_mixin.py:190} INFO - [2026-06-18T03:20:32.707+0000] {dagbag.py:588} INFO - Filling up the DagBag from /opt/airflow/dags/batch_generator.py
[2026-06-18T03:20:32.794+0000] {processor.py:925} INFO - DAG(s) 'extract_raw_data_pipeline' retrieved from /opt/airflow/dags/batch_generator.py
[2026-06-18T03:20:32.809+0000] {logging_mixin.py:190} INFO - [2026-06-18T03:20:32.809+0000] {dag.py:3239} INFO - Sync 1 DAGs
[2026-06-18T03:20:32.823+0000] {logging_mixin.py:190} INFO - [2026-06-18T03:20:32.823+0000] {dag.py:4180} INFO - Setting next_dagrun for extract_raw_data_pipeline to 2026-06-17 07:59:00+00:00, run_after=2026-06-18 07:00:00+00:00
[2026-06-18T03:20:32.838+0000] {processor.py:208} INFO - Processing /opt/airflow/dags/batch_generator.py took 0.137 seconds
[2026-06-18T03:21:02.939+0000] {processor.py:186} INFO - Started process (PID=2076) to work on /opt/airflow/dags/batch_generator.py
[2026-06-18T03:21:02.940+0000] {processor.py:914} INFO - Processing file /opt/airflow/dags/batch_generator.py for tasks to queue
[2026-06-18T03:21:02.942+0000] {logging_mixin.py:190} INFO - [2026-06-18T03:21:02.941+0000] {dagbag.py:588} INFO - Filling up the DagBag from /opt/airflow/dags/batch_generator.py
[2026-06-18T03:21:03.035+0000] {processor.py:925} INFO - DAG(s) 'extract_raw_data_pipeline' retrieved from /opt/airflow/dags/batch_generator.py
[2026-06-18T03:21:03.052+0000] {logging_mixin.py:190} INFO - [2026-06-18T03:21:03.052+0000] {dag.py:3239} INFO - Sync 1 DAGs
[2026-06-18T03:21:03.066+0000] {logging_mixin.py:190} INFO - [2026-06-18T03:21:03.065+0000] {dag.py:4180} INFO - Setting next_dagrun for extract_raw_data_pipeline to 2026-06-17 07:59:00+00:00, run_after=2026-06-18 07:00:00+00:00
[2026-06-18T03:21:03.081+0000] {processor.py:208} INFO - Processing /opt/airflow/dags/batch_generator.py took 0.146 seconds
[2026-06-18T03:21:33.312+0000] {processor.py:186} INFO - Started process (PID=2084) to work on /opt/airflow/dags/batch_generator.py
[2026-06-18T03:21:33.313+0000] {processor.py:914} INFO - Processing file /opt/airflow/dags/batch_generator.py for tasks to queue
[2026-06-18T03:21:33.315+0000] {logging_mixin.py:190} INFO - [2026-06-18T03:21:33.314+0000] {dagbag.py:588} INFO - Filling up the DagBag from /opt/airflow/dags/batch_generator.py
[2026-06-18T03:21:33.415+0000] {processor.py:925} INFO - DAG(s) 'extract_raw_data_pipeline' retrieved from /opt/airflow/dags/batch_generator.py
[2026-06-18T03:21:33.431+0000] {logging_mixin.py:190} INFO - [2026-06-18T03:21:33.431+0000] {dag.py:3239} INFO - Sync 1 DAGs
[2026-06-18T03:21:33.445+0000] {logging_mixin.py:190} INFO - [2026-06-18T03:21:33.445+0000] {dag.py:4180} INFO - Setting next_dagrun for extract_raw_data_pipeline to 2026-06-17 07:59:00+00:00, run_after=2026-06-18 07:00:00+00:00
[2026-06-18T03:21:33.459+0000] {processor.py:208} INFO - Processing /opt/airflow/dags/batch_generator.py took 0.151 seconds
[2026-06-18T03:22:03.551+0000] {processor.py:186} INFO - Started process (PID=2092) to work on /opt/airflow/dags/batch_generator.py
[2026-06-18T03:22:03.551+0000] {processor.py:914} INFO - Processing file /opt/airflow/dags/batch_generator.py for tasks to queue
[2026-06-18T03:22:03.553+0000] {logging_mixin.py:190} INFO - [2026-06-18T03:22:03.553+0000] {dagbag.py:588} INFO - Filling up the DagBag from /opt/airflow/dags/batch_generator.py
[2026-06-18T03:22:03.642+0000] {processor.py:925} INFO - DAG(s) 'extract_raw_data_pipeline' retrieved from /opt/airflow/dags/batch_generator.py
[2026-06-18T03:22:03.659+0000] {logging_mixin.py:190} INFO - [2026-06-18T03:22:03.659+0000] {dag.py:3239} INFO - Sync 1 DAGs
[2026-06-18T03:22:03.674+0000] {logging_mixin.py:190} INFO - [2026-06-18T03:22:03.674+0000] {dag.py:4180} INFO - Setting next_dagrun for extract_raw_data_pipeline to 2026-06-17 07:59:00+00:00, run_after=2026-06-18 07:00:00+00:00
[2026-06-18T03:22:03.688+0000] {processor.py:208} INFO - Processing /opt/airflow/dags/batch_generator.py took 0.142 seconds
[2026-06-18T03:22:33.810+0000] {processor.py:186} INFO - Started process (PID=2100) to work on /opt/airflow/dags/batch_generator.py
[2026-06-18T03:22:33.811+0000] {processor.py:914} INFO - Processing file /opt/airflow/dags/batch_generator.py for tasks to queue
[2026-06-18T03:22:33.813+0000] {logging_mixin.py:190} INFO - [2026-06-18T03:22:33.813+0000] {dagbag.py:588} INFO - Filling up the DagBag from /opt/airflow/dags/batch_generator.py
[2026-06-18T03:22:33.902+0000] {processor.py:925} INFO - DAG(s) 'extract_raw_data_pipeline' retrieved from /opt/airflow/dags/batch_generator.py
[2026-06-18T03:22:33.920+0000] {logging_mixin.py:190} INFO - [2026-06-18T03:22:33.920+0000] {dag.py:3239} INFO - Sync 1 DAGs
[2026-06-18T03:22:33.934+0000] {logging_mixin.py:190} INFO - [2026-06-18T03:22:33.934+0000] {dag.py:4180} INFO - Setting next_dagrun for extract_raw_data_pipeline to 2026-06-17 07:59:00+00:00, run_after=2026-06-18 07:00:00+00:00
[2026-06-18T03:22:33.949+0000] {processor.py:208} INFO - Processing /opt/airflow/dags/batch_generator.py took 0.142 seconds
[2026-06-18T03:23:04.171+0000] {processor.py:186} INFO - Started process (PID=2108) to work on /opt/airflow/dags/batch_generator.py
[2026-06-18T03:23:04.172+0000] {processor.py:914} INFO - Processing file /opt/airflow/dags/batch_generator.py for tasks to queue
[2026-06-18T03:23:04.173+0000] {logging_mixin.py:190} INFO - [2026-06-18T03:23:04.173+0000] {dagbag.py:588} INFO - Filling up the DagBag from /opt/airflow/dags/batch_generator.py
[2026-06-18T03:23:04.262+0000] {processor.py:925} INFO - DAG(s) 'extract_raw_data_pipeline' retrieved from /opt/airflow/dags/batch_generator.py
[2026-06-18T03:23:04.279+0000] {logging_mixin.py:190} INFO - [2026-06-18T03:23:04.279+0000] {dag.py:3239} INFO - Sync 1 DAGs
[2026-06-18T03:23:04.293+0000] {logging_mixin.py:190} INFO - [2026-06-18T03:23:04.293+0000] {dag.py:4180} INFO - Setting next_dagrun for extract_raw_data_pipeline to 2026-06-17 07:59:00+00:00, run_after=2026-06-18 07:00:00+00:00
[2026-06-18T03:23:04.309+0000] {processor.py:208} INFO - Processing /opt/airflow/dags/batch_generator.py took 0.142 seconds
[2026-06-18T03:23:34.463+0000] {processor.py:186} INFO - Started process (PID=2116) to work on /opt/airflow/dags/batch_generator.py
[2026-06-18T03:23:34.464+0000] {processor.py:914} INFO - Processing file /opt/airflow/dags/batch_generator.py for tasks to queue
[2026-06-18T03:23:34.466+0000] {logging_mixin.py:190} INFO - [2026-06-18T03:23:34.466+0000] {dagbag.py:588} INFO - Filling up the DagBag from /opt/airflow/dags/batch_generator.py
[2026-06-18T03:23:34.554+0000] {processor.py:925} INFO - DAG(s) 'extract_raw_data_pipeline' retrieved from /opt/airflow/dags/batch_generator.py
[2026-06-18T03:23:34.570+0000] {logging_mixin.py:190} INFO - [2026-06-18T03:23:34.570+0000] {dag.py:3239} INFO - Sync 1 DAGs
[2026-06-18T03:23:34.583+0000] {logging_mixin.py:190} INFO - [2026-06-18T03:23:34.583+0000] {dag.py:4180} INFO - Setting next_dagrun for extract_raw_data_pipeline to 2026-06-17 07:59:00+00:00, run_after=2026-06-18 07:00:00+00:00
[2026-06-18T03:23:34.596+0000] {processor.py:208} INFO - Processing /opt/airflow/dags/batch_generator.py took 0.137 seconds
[2026-06-18T03:24:04.880+0000] {processor.py:186} INFO - Started process (PID=2124) to work on /opt/airflow/dags/batch_generator.py
[2026-06-18T03:24:04.881+0000] {processor.py:914} INFO - Processing file /opt/airflow/dags/batch_generator.py for tasks to queue
[2026-06-18T03:24:04.883+0000] {logging_mixin.py:190} INFO - [2026-06-18T03:24:04.882+0000] {dagbag.py:588} INFO - Filling up the DagBag from /opt/airflow/dags/batch_generator.py
[2026-06-18T03:24:04.979+0000] {processor.py:925} INFO - DAG(s) 'extract_raw_data_pipeline' retrieved from /opt/airflow/dags/batch_generator.py
[2026-06-18T03:24:04.994+0000] {logging_mixin.py:190} INFO - [2026-06-18T03:24:04.993+0000] {dag.py:3239} INFO - Sync 1 DAGs
[2026-06-18T03:24:05.006+0000] {logging_mixin.py:190} INFO - [2026-06-18T03:24:05.006+0000] {dag.py:4180} INFO - Setting next_dagrun for extract_raw_data_pipeline to 2026-06-17 07:59:00+00:00, run_after=2026-06-18 07:00:00+00:00
[2026-06-18T03:24:05.019+0000] {processor.py:208} INFO - Processing /opt/airflow/dags/batch_generator.py took 0.143 seconds
[2026-06-18T03:24:35.140+0000] {processor.py:186} INFO - Started process (PID=2132) to work on /opt/airflow/dags/batch_generator.py
[2026-06-18T03:24:35.141+0000] {processor.py:914} INFO - Processing file /opt/airflow/dags/batch_generator.py for tasks to queue
[2026-06-18T03:24:35.143+0000] {logging_mixin.py:190} INFO - [2026-06-18T03:24:35.142+0000] {dagbag.py:588} INFO - Filling up the DagBag from /opt/airflow/dags/batch_generator.py
[2026-06-18T03:24:35.229+0000] {processor.py:925} INFO - DAG(s) 'extract_raw_data_pipeline' retrieved from /opt/airflow/dags/batch_generator.py
[2026-06-18T03:24:35.244+0000] {logging_mixin.py:190} INFO - [2026-06-18T03:24:35.244+0000] {dag.py:3239} INFO - Sync 1 DAGs
[2026-06-18T03:24:35.258+0000] {logging_mixin.py:190} INFO - [2026-06-18T03:24:35.258+0000] {dag.py:4180} INFO - Setting next_dagrun for extract_raw_data_pipeline to 2026-06-17 07:59:00+00:00, run_after=2026-06-18 07:00:00+00:00
[2026-06-18T03:24:35.271+0000] {processor.py:208} INFO - Processing /opt/airflow/dags/batch_generator.py took 0.135 seconds
[2026-06-18T03:25:05.539+0000] {processor.py:186} INFO - Started process (PID=2140) to work on /opt/airflow/dags/batch_generator.py
[2026-06-18T03:25:05.540+0000] {processor.py:914} INFO - Processing file /opt/airflow/dags/batch_generator.py for tasks to queue
[2026-06-18T03:25:05.542+0000] {logging_mixin.py:190} INFO - [2026-06-18T03:25:05.542+0000] {dagbag.py:588} INFO - Filling up the DagBag from /opt/airflow/dags/batch_generator.py
[2026-06-18T03:25:05.629+0000] {processor.py:925} INFO - DAG(s) 'extract_raw_data_pipeline' retrieved from /opt/airflow/dags/batch_generator.py
[2026-06-18T03:25:05.646+0000] {logging_mixin.py:190} INFO - [2026-06-18T03:25:05.646+0000] {dag.py:3239} INFO - Sync 1 DAGs
[2026-06-18T03:25:05.661+0000] {logging_mixin.py:190} INFO - [2026-06-18T03:25:05.661+0000] {dag.py:4180} INFO - Setting next_dagrun for extract_raw_data_pipeline to 2026-06-17 07:59:00+00:00, run_after=2026-06-18 07:00:00+00:00
[2026-06-18T03:25:05.674+0000] {processor.py:208} INFO - Processing /opt/airflow/dags/batch_generator.py took 0.139 seconds
[2026-06-18T03:25:35.812+0000] {processor.py:186} INFO - Started process (PID=2148) to work on /opt/airflow/dags/batch_generator.py
[2026-06-18T03:25:35.813+0000] {processor.py:914} INFO - Processing file /opt/airflow/dags/batch_generator.py for tasks to queue
[2026-06-18T03:25:35.815+0000] {logging_mixin.py:190} INFO - [2026-06-18T03:25:35.814+0000] {dagbag.py:588} INFO - Filling up the DagBag from /opt/airflow/dags/batch_generator.py
[2026-06-18T03:25:35.907+0000] {processor.py:925} INFO - DAG(s) 'extract_raw_data_pipeline' retrieved from /opt/airflow/dags/batch_generator.py
[2026-06-18T03:25:35.923+0000] {logging_mixin.py:190} INFO - [2026-06-18T03:25:35.923+0000] {dag.py:3239} INFO - Sync 1 DAGs
[2026-06-18T03:25:35.938+0000] {logging_mixin.py:190} INFO - [2026-06-18T03:25:35.937+0000] {dag.py:4180} INFO - Setting next_dagrun for extract_raw_data_pipeline to 2026-06-17 07:59:00+00:00, run_after=2026-06-18 07:00:00+00:00
[2026-06-18T03:25:35.950+0000] {processor.py:208} INFO - Processing /opt/airflow/dags/batch_generator.py took 0.143 seconds
[2026-06-18T03:26:06.148+0000] {processor.py:186} INFO - Started process (PID=2156) to work on /opt/airflow/dags/batch_generator.py
[2026-06-18T03:26:06.149+0000] {processor.py:914} INFO - Processing file /opt/airflow/dags/batch_generator.py for tasks to queue
[2026-06-18T03:26:06.151+0000] {logging_mixin.py:190} INFO - [2026-06-18T03:26:06.151+0000] {dagbag.py:588} INFO - Filling up the DagBag from /opt/airflow/dags/batch_generator.py
[2026-06-18T03:26:06.243+0000] {processor.py:925} INFO - DAG(s) 'extract_raw_data_pipeline' retrieved from /opt/airflow/dags/batch_generator.py
[2026-06-18T03:26:06.260+0000] {logging_mixin.py:190} INFO - [2026-06-18T03:26:06.260+0000] {dag.py:3239} INFO - Sync 1 DAGs
[2026-06-18T03:26:06.277+0000] {logging_mixin.py:190} INFO - [2026-06-18T03:26:06.276+0000] {dag.py:4180} INFO - Setting next_dagrun for extract_raw_data_pipeline to 2026-06-17 07:59:00+00:00, run_after=2026-06-18 07:00:00+00:00
[2026-06-18T03:26:06.300+0000] {processor.py:208} INFO - Processing /opt/airflow/dags/batch_generator.py took 0.156 seconds
[2026-06-18T03:26:36.446+0000] {processor.py:186} INFO - Started process (PID=2164) to work on /opt/airflow/dags/batch_generator.py
[2026-06-18T03:26:36.447+0000] {processor.py:914} INFO - Processing file /opt/airflow/dags/batch_generator.py for tasks to queue
[2026-06-18T03:26:36.450+0000] {logging_mixin.py:190} INFO - [2026-06-18T03:26:36.449+0000] {dagbag.py:588} INFO - Filling up the DagBag from /opt/airflow/dags/batch_generator.py
[2026-06-18T03:26:36.560+0000] {processor.py:925} INFO - DAG(s) 'extract_raw_data_pipeline' retrieved from /opt/airflow/dags/batch_generator.py
[2026-06-18T03:26:36.575+0000] {logging_mixin.py:190} INFO - [2026-06-18T03:26:36.575+0000] {dag.py:3239} INFO - Sync 1 DAGs
[2026-06-18T03:26:36.589+0000] {logging_mixin.py:190} INFO - [2026-06-18T03:26:36.589+0000] {dag.py:4180} INFO - Setting next_dagrun for extract_raw_data_pipeline to 2026-06-17 07:59:00+00:00, run_after=2026-06-18 07:00:00+00:00
[2026-06-18T03:26:36.603+0000] {processor.py:208} INFO - Processing /opt/airflow/dags/batch_generator.py took 0.162 seconds
[2026-06-18T03:27:06.771+0000] {processor.py:186} INFO - Started process (PID=2171) to work on /opt/airflow/dags/batch_generator.py
[2026-06-18T03:27:06.772+0000] {processor.py:914} INFO - Processing file /opt/airflow/dags/batch_generator.py for tasks to queue
[2026-06-18T03:27:06.774+0000] {logging_mixin.py:190} INFO - [2026-06-18T03:27:06.774+0000] {dagbag.py:588} INFO - Filling up the DagBag from /opt/airflow/dags/batch_generator.py
[2026-06-18T03:27:06.865+0000] {processor.py:925} INFO - DAG(s) 'extract_raw_data_pipeline' retrieved from /opt/airflow/dags/batch_generator.py
[2026-06-18T03:27:06.882+0000] {logging_mixin.py:190} INFO - [2026-06-18T03:27:06.881+0000] {dag.py:3239} INFO - Sync 1 DAGs
[2026-06-18T03:27:06.896+0000] {logging_mixin.py:190} INFO - [2026-06-18T03:27:06.896+0000] {dag.py:4180} INFO - Setting next_dagrun for extract_raw_data_pipeline to 2026-06-17 07:59:00+00:00, run_after=2026-06-18 07:00:00+00:00
[2026-06-18T03:27:06.909+0000] {processor.py:208} INFO - Processing /opt/airflow/dags/batch_generator.py took 0.142 seconds
[2026-06-18T03:27:37.178+0000] {processor.py:186} INFO - Started process (PID=2179) to work on /opt/airflow/dags/batch_generator.py
[2026-06-18T03:27:37.178+0000] {processor.py:914} INFO - Processing file /opt/airflow/dags/batch_generator.py for tasks to queue
[2026-06-18T03:27:37.180+0000] {logging_mixin.py:190} INFO - [2026-06-18T03:27:37.180+0000] {dagbag.py:588} INFO - Filling up the DagBag from /opt/airflow/dags/batch_generator.py
[2026-06-18T03:27:37.290+0000] {processor.py:925} INFO - DAG(s) 'extract_raw_data_pipeline' retrieved from /opt/airflow/dags/batch_generator.py
[2026-06-18T03:27:37.307+0000] {logging_mixin.py:190} INFO - [2026-06-18T03:27:37.307+0000] {dag.py:3239} INFO - Sync 1 DAGs
[2026-06-18T03:27:37.323+0000] {logging_mixin.py:190} INFO - [2026-06-18T03:27:37.323+0000] {dag.py:4180} INFO - Setting next_dagrun for extract_raw_data_pipeline to 2026-06-17 07:59:00+00:00, run_after=2026-06-18 07:00:00+00:00
[2026-06-18T03:27:37.336+0000] {processor.py:208} INFO - Processing /opt/airflow/dags/batch_generator.py took 0.163 seconds
[2026-06-18T03:28:07.403+0000] {processor.py:186} INFO - Started process (PID=2187) to work on /opt/airflow/dags/batch_generator.py
[2026-06-18T03:28:07.403+0000] {processor.py:914} INFO - Processing file /opt/airflow/dags/batch_generator.py for tasks to queue
[2026-06-18T03:28:07.405+0000] {logging_mixin.py:190} INFO - [2026-06-18T03:28:07.405+0000] {dagbag.py:588} INFO - Filling up the DagBag from /opt/airflow/dags/batch_generator.py
[2026-06-18T03:28:07.502+0000] {processor.py:925} INFO - DAG(s) 'extract_raw_data_pipeline' retrieved from /opt/airflow/dags/batch_generator.py
[2026-06-18T03:28:07.520+0000] {logging_mixin.py:190} INFO - [2026-06-18T03:28:07.520+0000] {dag.py:3239} INFO - Sync 1 DAGs
[2026-06-18T03:28:07.535+0000] {logging_mixin.py:190} INFO - [2026-06-18T03:28:07.534+0000] {dag.py:4180} INFO - Setting next_dagrun for extract_raw_data_pipeline to 2026-06-17 07:59:00+00:00, run_after=2026-06-18 07:00:00+00:00
[2026-06-18T03:28:07.551+0000] {processor.py:208} INFO - Processing /opt/airflow/dags/batch_generator.py took 0.152 seconds
[2026-06-18T03:28:37.720+0000] {processor.py:186} INFO - Started process (PID=2195) to work on /opt/airflow/dags/batch_generator.py
[2026-06-18T03:28:37.722+0000] {processor.py:914} INFO - Processing file /opt/airflow/dags/batch_generator.py for tasks to queue
[2026-06-18T03:28:37.724+0000] {logging_mixin.py:190} INFO - [2026-06-18T03:28:37.724+0000] {dagbag.py:588} INFO - Filling up the DagBag from /opt/airflow/dags/batch_generator.py
[2026-06-18T03:28:37.826+0000] {processor.py:925} INFO - DAG(s) 'extract_raw_data_pipeline' retrieved from /opt/airflow/dags/batch_generator.py
[2026-06-18T03:28:37.843+0000] {logging_mixin.py:190} INFO - [2026-06-18T03:28:37.843+0000] {dag.py:3239} INFO - Sync 1 DAGs
[2026-06-18T03:28:37.857+0000] {logging_mixin.py:190} INFO - [2026-06-18T03:28:37.857+0000] {dag.py:4180} INFO - Setting next_dagrun for extract_raw_data_pipeline to 2026-06-17 07:59:00+00:00, run_after=2026-06-18 07:00:00+00:00
[2026-06-18T03:28:37.871+0000] {processor.py:208} INFO - Processing /opt/airflow/dags/batch_generator.py took 0.156 seconds
[2026-06-18T03:29:08.035+0000] {processor.py:186} INFO - Started process (PID=2202) to work on /opt/airflow/dags/batch_generator.py
[2026-06-18T03:29:08.036+0000] {processor.py:914} INFO - Processing file /opt/airflow/dags/batch_generator.py for tasks to queue
[2026-06-18T03:29:08.037+0000] {logging_mixin.py:190} INFO - [2026-06-18T03:29:08.037+0000] {dagbag.py:588} INFO - Filling up the DagBag from /opt/airflow/dags/batch_generator.py
[2026-06-18T03:29:08.138+0000] {processor.py:925} INFO - DAG(s) 'extract_raw_data_pipeline' retrieved from /opt/airflow/dags/batch_generator.py
[2026-06-18T03:29:08.155+0000] {logging_mixin.py:190} INFO - [2026-06-18T03:29:08.154+0000] {dag.py:3239} INFO - Sync 1 DAGs
[2026-06-18T03:29:08.169+0000] {logging_mixin.py:190} INFO - [2026-06-18T03:29:08.169+0000] {dag.py:4180} INFO - Setting next_dagrun for extract_raw_data_pipeline to 2026-06-17 07:59:00+00:00, run_after=2026-06-18 07:00:00+00:00
[2026-06-18T03:29:08.185+0000] {processor.py:208} INFO - Processing /opt/airflow/dags/batch_generator.py took 0.154 seconds
[2026-06-18T03:29:38.441+0000] {processor.py:186} INFO - Started process (PID=2210) to work on /opt/airflow/dags/batch_generator.py
[2026-06-18T03:29:38.442+0000] {processor.py:914} INFO - Processing file /opt/airflow/dags/batch_generator.py for tasks to queue
[2026-06-18T03:29:38.444+0000] {logging_mixin.py:190} INFO - [2026-06-18T03:29:38.444+0000] {dagbag.py:588} INFO - Filling up the DagBag from /opt/airflow/dags/batch_generator.py
[2026-06-18T03:29:38.541+0000] {processor.py:925} INFO - DAG(s) 'extract_raw_data_pipeline' retrieved from /opt/airflow/dags/batch_generator.py
[2026-06-18T03:29:38.558+0000] {logging_mixin.py:190} INFO - [2026-06-18T03:29:38.558+0000] {dag.py:3239} INFO - Sync 1 DAGs
[2026-06-18T03:29:38.573+0000] {logging_mixin.py:190} INFO - [2026-06-18T03:29:38.573+0000] {dag.py:4180} INFO - Setting next_dagrun for extract_raw_data_pipeline to 2026-06-17 07:59:00+00:00, run_after=2026-06-18 07:00:00+00:00
[2026-06-18T03:29:38.595+0000] {processor.py:208} INFO - Processing /opt/airflow/dags/batch_generator.py took 0.158 seconds
[2026-06-18T03:30:08.809+0000] {processor.py:186} INFO - Started process (PID=2218) to work on /opt/airflow/dags/batch_generator.py
[2026-06-18T03:30:08.810+0000] {processor.py:914} INFO - Processing file /opt/airflow/dags/batch_generator.py for tasks to queue
[2026-06-18T03:30:08.812+0000] {logging_mixin.py:190} INFO - [2026-06-18T03:30:08.812+0000] {dagbag.py:588} INFO - Filling up the DagBag from /opt/airflow/dags/batch_generator.py
[2026-06-18T03:30:08.922+0000] {processor.py:925} INFO - DAG(s) 'extract_raw_data_pipeline' retrieved from /opt/airflow/dags/batch_generator.py
[2026-06-18T03:30:08.939+0000] {logging_mixin.py:190} INFO - [2026-06-18T03:30:08.939+0000] {dag.py:3239} INFO - Sync 1 DAGs
[2026-06-18T03:30:08.953+0000] {logging_mixin.py:190} INFO - [2026-06-18T03:30:08.953+0000] {dag.py:4180} INFO - Setting next_dagrun for extract_raw_data_pipeline to 2026-06-17 07:59:00+00:00, run_after=2026-06-18 07:00:00+00:00
[2026-06-18T03:30:08.968+0000] {processor.py:208} INFO - Processing /opt/airflow/dags/batch_generator.py took 0.163 seconds
[2026-06-18T03:30:39.196+0000] {processor.py:186} INFO - Started process (PID=2226) to work on /opt/airflow/dags/batch_generator.py
[2026-06-18T03:30:39.196+0000] {processor.py:914} INFO - Processing file /opt/airflow/dags/batch_generator.py for tasks to queue
[2026-06-18T03:30:39.198+0000] {logging_mixin.py:190} INFO - [2026-06-18T03:30:39.198+0000] {dagbag.py:588} INFO - Filling up the DagBag from /opt/airflow/dags/batch_generator.py
[2026-06-18T03:30:39.297+0000] {processor.py:925} INFO - DAG(s) 'extract_raw_data_pipeline' retrieved from /opt/airflow/dags/batch_generator.py
[2026-06-18T03:30:39.313+0000] {logging_mixin.py:190} INFO - [2026-06-18T03:30:39.313+0000] {dag.py:3239} INFO - Sync 1 DAGs
[2026-06-18T03:30:39.327+0000] {logging_mixin.py:190} INFO - [2026-06-18T03:30:39.327+0000] {dag.py:4180} INFO - Setting next_dagrun for extract_raw_data_pipeline to 2026-06-17 07:59:00+00:00, run_after=2026-06-18 07:00:00+00:00
[2026-06-18T03:30:39.342+0000] {processor.py:208} INFO - Processing /opt/airflow/dags/batch_generator.py took 0.150 seconds
[2026-06-18T03:31:09.400+0000] {processor.py:186} INFO - Started process (PID=2234) to work on /opt/airflow/dags/batch_generator.py
[2026-06-18T03:31:09.400+0000] {processor.py:914} INFO - Processing file /opt/airflow/dags/batch_generator.py for tasks to queue
[2026-06-18T03:31:09.402+0000] {logging_mixin.py:190} INFO - [2026-06-18T03:31:09.402+0000] {dagbag.py:588} INFO - Filling up the DagBag from /opt/airflow/dags/batch_generator.py
[2026-06-18T03:31:09.494+0000] {processor.py:925} INFO - DAG(s) 'extract_raw_data_pipeline' retrieved from /opt/airflow/dags/batch_generator.py
[2026-06-18T03:31:09.510+0000] {logging_mixin.py:190} INFO - [2026-06-18T03:31:09.510+0000] {dag.py:3239} INFO - Sync 1 DAGs
[2026-06-18T03:31:09.524+0000] {logging_mixin.py:190} INFO - [2026-06-18T03:31:09.524+0000] {dag.py:4180} INFO - Setting next_dagrun for extract_raw_data_pipeline to 2026-06-17 07:59:00+00:00, run_after=2026-06-18 07:00:00+00:00
[2026-06-18T03:31:09.536+0000] {processor.py:208} INFO - Processing /opt/airflow/dags/batch_generator.py took 0.140 seconds
[2026-06-18T03:31:39.653+0000] {processor.py:186} INFO - Started process (PID=2242) to work on /opt/airflow/dags/batch_generator.py
[2026-06-18T03:31:39.653+0000] {processor.py:914} INFO - Processing file /opt/airflow/dags/batch_generator.py for tasks to queue
[2026-06-18T03:31:39.655+0000] {logging_mixin.py:190} INFO - [2026-06-18T03:31:39.655+0000] {dagbag.py:588} INFO - Filling up the DagBag from /opt/airflow/dags/batch_generator.py
[2026-06-18T03:31:39.751+0000] {processor.py:925} INFO - DAG(s) 'extract_raw_data_pipeline' retrieved from /opt/airflow/dags/batch_generator.py
[2026-06-18T03:31:39.766+0000] {logging_mixin.py:190} INFO - [2026-06-18T03:31:39.766+0000] {dag.py:3239} INFO - Sync 1 DAGs
[2026-06-18T03:31:39.779+0000] {logging_mixin.py:190} INFO - [2026-06-18T03:31:39.779+0000] {dag.py:4180} INFO - Setting next_dagrun for extract_raw_data_pipeline to 2026-06-17 07:59:00+00:00, run_after=2026-06-18 07:00:00+00:00
[2026-06-18T03:31:39.792+0000] {processor.py:208} INFO - Processing /opt/airflow/dags/batch_generator.py took 0.143 seconds
[2026-06-18T03:32:09.985+0000] {processor.py:186} INFO - Started process (PID=2250) to work on /opt/airflow/dags/batch_generator.py
[2026-06-18T03:32:09.986+0000] {processor.py:914} INFO - Processing file /opt/airflow/dags/batch_generator.py for tasks to queue
[2026-06-18T03:32:09.988+0000] {logging_mixin.py:190} INFO - [2026-06-18T03:32:09.987+0000] {dagbag.py:588} INFO - Filling up the DagBag from /opt/airflow/dags/batch_generator.py
[2026-06-18T03:32:10.083+0000] {processor.py:925} INFO - DAG(s) 'extract_raw_data_pipeline' retrieved from /opt/airflow/dags/batch_generator.py
[2026-06-18T03:32:10.099+0000] {logging_mixin.py:190} INFO - [2026-06-18T03:32:10.099+0000] {dag.py:3239} INFO - Sync 1 DAGs
[2026-06-18T03:32:10.114+0000] {logging_mixin.py:190} INFO - [2026-06-18T03:32:10.114+0000] {dag.py:4180} INFO - Setting next_dagrun for extract_raw_data_pipeline to 2026-06-17 07:59:00+00:00, run_after=2026-06-18 07:00:00+00:00
[2026-06-18T03:32:10.128+0000] {processor.py:208} INFO - Processing /opt/airflow/dags/batch_generator.py took 0.147 seconds
[2026-06-18T03:32:40.240+0000] {processor.py:186} INFO - Started process (PID=2258) to work on /opt/airflow/dags/batch_generator.py
[2026-06-18T03:32:40.241+0000] {processor.py:914} INFO - Processing file /opt/airflow/dags/batch_generator.py for tasks to queue
[2026-06-18T03:32:40.243+0000] {logging_mixin.py:190} INFO - [2026-06-18T03:32:40.243+0000] {dagbag.py:588} INFO - Filling up the DagBag from /opt/airflow/dags/batch_generator.py
[2026-06-18T03:32:40.334+0000] {processor.py:925} INFO - DAG(s) 'extract_raw_data_pipeline' retrieved from /opt/airflow/dags/batch_generator.py
[2026-06-18T03:32:40.349+0000] {logging_mixin.py:190} INFO - [2026-06-18T03:32:40.349+0000] {dag.py:3239} INFO - Sync 1 DAGs
[2026-06-18T03:32:40.362+0000] {logging_mixin.py:190} INFO - [2026-06-18T03:32:40.362+0000] {dag.py:4180} INFO - Setting next_dagrun for extract_raw_data_pipeline to 2026-06-17 07:59:00+00:00, run_after=2026-06-18 07:00:00+00:00
[2026-06-18T03:32:40.376+0000] {processor.py:208} INFO - Processing /opt/airflow/dags/batch_generator.py took 0.140 seconds
[2026-06-18T03:33:10.656+0000] {processor.py:186} INFO - Started process (PID=2266) to work on /opt/airflow/dags/batch_generator.py
[2026-06-18T03:33:10.657+0000] {processor.py:914} INFO - Processing file /opt/airflow/dags/batch_generator.py for tasks to queue
[2026-06-18T03:33:10.659+0000] {logging_mixin.py:190} INFO - [2026-06-18T03:33:10.658+0000] {dagbag.py:588} INFO - Filling up the DagBag from /opt/airflow/dags/batch_generator.py
[2026-06-18T03:33:10.745+0000] {processor.py:925} INFO - DAG(s) 'extract_raw_data_pipeline' retrieved from /opt/airflow/dags/batch_generator.py
[2026-06-18T03:33:10.759+0000] {logging_mixin.py:190} INFO - [2026-06-18T03:33:10.759+0000] {dag.py:3239} INFO - Sync 1 DAGs
[2026-06-18T03:33:10.772+0000] {logging_mixin.py:190} INFO - [2026-06-18T03:33:10.772+0000] {dag.py:4180} INFO - Setting next_dagrun for extract_raw_data_pipeline to 2026-06-17 07:59:00+00:00, run_after=2026-06-18 07:00:00+00:00
[2026-06-18T03:33:10.784+0000] {processor.py:208} INFO - Processing /opt/airflow/dags/batch_generator.py took 0.131 seconds
[2026-06-18T03:33:40.921+0000] {processor.py:186} INFO - Started process (PID=2274) to work on /opt/airflow/dags/batch_generator.py
[2026-06-18T03:33:40.922+0000] {processor.py:914} INFO - Processing file /opt/airflow/dags/batch_generator.py for tasks to queue
[2026-06-18T03:33:40.923+0000] {logging_mixin.py:190} INFO - [2026-06-18T03:33:40.923+0000] {dagbag.py:588} INFO - Filling up the DagBag from /opt/airflow/dags/batch_generator.py
[2026-06-18T03:33:41.006+0000] {processor.py:925} INFO - DAG(s) 'extract_raw_data_pipeline' retrieved from /opt/airflow/dags/batch_generator.py
[2026-06-18T03:33:41.022+0000] {logging_mixin.py:190} INFO - [2026-06-18T03:33:41.021+0000] {dag.py:3239} INFO - Sync 1 DAGs
[2026-06-18T03:33:41.035+0000] {logging_mixin.py:190} INFO - [2026-06-18T03:33:41.035+0000] {dag.py:4180} INFO - Setting next_dagrun for extract_raw_data_pipeline to 2026-06-17 07:59:00+00:00, run_after=2026-06-18 07:00:00+00:00
[2026-06-18T03:33:41.048+0000] {processor.py:208} INFO - Processing /opt/airflow/dags/batch_generator.py took 0.130 seconds
[2026-06-18T03:34:11.327+0000] {processor.py:186} INFO - Started process (PID=2282) to work on /opt/airflow/dags/batch_generator.py
[2026-06-18T03:34:11.328+0000] {processor.py:914} INFO - Processing file /opt/airflow/dags/batch_generator.py for tasks to queue
[2026-06-18T03:34:11.330+0000] {logging_mixin.py:190} INFO - [2026-06-18T03:34:11.330+0000] {dagbag.py:588} INFO - Filling up the DagBag from /opt/airflow/dags/batch_generator.py
[2026-06-18T03:34:11.430+0000] {processor.py:925} INFO - DAG(s) 'extract_raw_data_pipeline' retrieved from /opt/airflow/dags/batch_generator.py
[2026-06-18T03:34:11.447+0000] {logging_mixin.py:190} INFO - [2026-06-18T03:34:11.447+0000] {dag.py:3239} INFO - Sync 1 DAGs
[2026-06-18T03:34:11.460+0000] {logging_mixin.py:190} INFO - [2026-06-18T03:34:11.460+0000] {dag.py:4180} INFO - Setting next_dagrun for extract_raw_data_pipeline to 2026-06-17 07:59:00+00:00, run_after=2026-06-18 07:00:00+00:00
[2026-06-18T03:34:11.473+0000] {processor.py:208} INFO - Processing /opt/airflow/dags/batch_generator.py took 0.150 seconds
[2026-06-18T03:34:41.603+0000] {processor.py:186} INFO - Started process (PID=2290) to work on /opt/airflow/dags/batch_generator.py
[2026-06-18T03:34:41.603+0000] {processor.py:914} INFO - Processing file /opt/airflow/dags/batch_generator.py for tasks to queue
[2026-06-18T03:34:41.605+0000] {logging_mixin.py:190} INFO - [2026-06-18T03:34:41.605+0000] {dagbag.py:588} INFO - Filling up the DagBag from /opt/airflow/dags/batch_generator.py
[2026-06-18T03:34:41.696+0000] {processor.py:925} INFO - DAG(s) 'extract_raw_data_pipeline' retrieved from /opt/airflow/dags/batch_generator.py
[2026-06-18T03:34:41.713+0000] {logging_mixin.py:190} INFO - [2026-06-18T03:34:41.713+0000] {dag.py:3239} INFO - Sync 1 DAGs
[2026-06-18T03:34:41.726+0000] {logging_mixin.py:190} INFO - [2026-06-18T03:34:41.726+0000] {dag.py:4180} INFO - Setting next_dagrun for extract_raw_data_pipeline to 2026-06-17 07:59:00+00:00, run_after=2026-06-18 07:00:00+00:00
[2026-06-18T03:34:41.740+0000] {processor.py:208} INFO - Processing /opt/airflow/dags/batch_generator.py took 0.141 seconds
[2026-06-18T03:35:12.053+0000] {processor.py:186} INFO - Started process (PID=2298) to work on /opt/airflow/dags/batch_generator.py
[2026-06-18T03:35:12.054+0000] {processor.py:914} INFO - Processing file /opt/airflow/dags/batch_generator.py for tasks to queue
[2026-06-18T03:35:12.055+0000] {logging_mixin.py:190} INFO - [2026-06-18T03:35:12.055+0000] {dagbag.py:588} INFO - Filling up the DagBag from /opt/airflow/dags/batch_generator.py
[2026-06-18T03:35:12.153+0000] {processor.py:925} INFO - DAG(s) 'extract_raw_data_pipeline' retrieved from /opt/airflow/dags/batch_generator.py
[2026-06-18T03:35:12.168+0000] {logging_mixin.py:190} INFO - [2026-06-18T03:35:12.168+0000] {dag.py:3239} INFO - Sync 1 DAGs
[2026-06-18T03:35:12.182+0000] {logging_mixin.py:190} INFO - [2026-06-18T03:35:12.182+0000] {dag.py:4180} INFO - Setting next_dagrun for extract_raw_data_pipeline to 2026-06-17 07:59:00+00:00, run_after=2026-06-18 07:00:00+00:00
[2026-06-18T03:35:12.196+0000] {processor.py:208} INFO - Processing /opt/airflow/dags/batch_generator.py took 0.147 seconds
[2026-06-18T03:35:42.366+0000] {processor.py:186} INFO - Started process (PID=2306) to work on /opt/airflow/dags/batch_generator.py
[2026-06-18T03:35:42.366+0000] {processor.py:914} INFO - Processing file /opt/airflow/dags/batch_generator.py for tasks to queue
[2026-06-18T03:35:42.368+0000] {logging_mixin.py:190} INFO - [2026-06-18T03:35:42.368+0000] {dagbag.py:588} INFO - Filling up the DagBag from /opt/airflow/dags/batch_generator.py
[2026-06-18T03:35:42.465+0000] {processor.py:925} INFO - DAG(s) 'extract_raw_data_pipeline' retrieved from /opt/airflow/dags/batch_generator.py
[2026-06-18T03:35:42.486+0000] {logging_mixin.py:190} INFO - [2026-06-18T03:35:42.486+0000] {dag.py:3239} INFO - Sync 1 DAGs
[2026-06-18T03:35:42.501+0000] {logging_mixin.py:190} INFO - [2026-06-18T03:35:42.500+0000] {dag.py:4180} INFO - Setting next_dagrun for extract_raw_data_pipeline to 2026-06-17 07:59:00+00:00, run_after=2026-06-18 07:00:00+00:00
[2026-06-18T03:35:42.515+0000] {processor.py:208} INFO - Processing /opt/airflow/dags/batch_generator.py took 0.153 seconds
[2026-06-18T03:36:12.679+0000] {processor.py:186} INFO - Started process (PID=2314) to work on /opt/airflow/dags/batch_generator.py
[2026-06-18T03:36:12.680+0000] {processor.py:914} INFO - Processing file /opt/airflow/dags/batch_generator.py for tasks to queue
[2026-06-18T03:36:12.682+0000] {logging_mixin.py:190} INFO - [2026-06-18T03:36:12.682+0000] {dagbag.py:588} INFO - Filling up the DagBag from /opt/airflow/dags/batch_generator.py
[2026-06-18T03:36:12.795+0000] {processor.py:925} INFO - DAG(s) 'extract_raw_data_pipeline' retrieved from /opt/airflow/dags/batch_generator.py
[2026-06-18T03:36:12.814+0000] {logging_mixin.py:190} INFO - [2026-06-18T03:36:12.813+0000] {dag.py:3239} INFO - Sync 1 DAGs
[2026-06-18T03:36:12.828+0000] {logging_mixin.py:190} INFO - [2026-06-18T03:36:12.828+0000] {dag.py:4180} INFO - Setting next_dagrun for extract_raw_data_pipeline to 2026-06-17 07:59:00+00:00, run_after=2026-06-18 07:00:00+00:00
[2026-06-18T03:36:12.843+0000] {processor.py:208} INFO - Processing /opt/airflow/dags/batch_generator.py took 0.167 seconds
[2026-06-18T03:36:43.022+0000] {processor.py:186} INFO - Started process (PID=2322) to work on /opt/airflow/dags/batch_generator.py
[2026-06-18T03:36:43.023+0000] {processor.py:914} INFO - Processing file /opt/airflow/dags/batch_generator.py for tasks to queue
[2026-06-18T03:36:43.025+0000] {logging_mixin.py:190} INFO - [2026-06-18T03:36:43.025+0000] {dagbag.py:588} INFO - Filling up the DagBag from /opt/airflow/dags/batch_generator.py
[2026-06-18T03:36:43.117+0000] {processor.py:925} INFO - DAG(s) 'extract_raw_data_pipeline' retrieved from /opt/airflow/dags/batch_generator.py
[2026-06-18T03:36:43.134+0000] {logging_mixin.py:190} INFO - [2026-06-18T03:36:43.134+0000] {dag.py:3239} INFO - Sync 1 DAGs
[2026-06-18T03:36:43.149+0000] {logging_mixin.py:190} INFO - [2026-06-18T03:36:43.149+0000] {dag.py:4180} INFO - Setting next_dagrun for extract_raw_data_pipeline to 2026-06-17 07:59:00+00:00, run_after=2026-06-18 07:00:00+00:00
[2026-06-18T03:36:43.163+0000] {processor.py:208} INFO - Processing /opt/airflow/dags/batch_generator.py took 0.145 seconds
[2026-06-18T03:37:13.301+0000] {processor.py:186} INFO - Started process (PID=2330) to work on /opt/airflow/dags/batch_generator.py
[2026-06-18T03:37:13.302+0000] {processor.py:914} INFO - Processing file /opt/airflow/dags/batch_generator.py for tasks to queue
[2026-06-18T03:37:13.304+0000] {logging_mixin.py:190} INFO - [2026-06-18T03:37:13.303+0000] {dagbag.py:588} INFO - Filling up the DagBag from /opt/airflow/dags/batch_generator.py
[2026-06-18T03:37:13.597+0000] {processor.py:925} INFO - DAG(s) 'extract_raw_data_pipeline' retrieved from /opt/airflow/dags/batch_generator.py
[2026-06-18T03:37:13.615+0000] {logging_mixin.py:190} INFO - [2026-06-18T03:37:13.615+0000] {dag.py:3239} INFO - Sync 1 DAGs
[2026-06-18T03:37:13.630+0000] {logging_mixin.py:190} INFO - [2026-06-18T03:37:13.630+0000] {dag.py:4180} INFO - Setting next_dagrun for extract_raw_data_pipeline to 2026-06-17 07:59:00+00:00, run_after=2026-06-18 07:00:00+00:00
[2026-06-18T03:37:13.643+0000] {processor.py:208} INFO - Processing /opt/airflow/dags/batch_generator.py took 0.346 seconds
[2026-06-18T03:37:43.675+0000] {processor.py:186} INFO - Started process (PID=2338) to work on /opt/airflow/dags/batch_generator.py
[2026-06-18T03:37:43.676+0000] {processor.py:914} INFO - Processing file /opt/airflow/dags/batch_generator.py for tasks to queue
[2026-06-18T03:37:43.678+0000] {logging_mixin.py:190} INFO - [2026-06-18T03:37:43.677+0000] {dagbag.py:588} INFO - Filling up the DagBag from /opt/airflow/dags/batch_generator.py
[2026-06-18T03:37:43.776+0000] {processor.py:925} INFO - DAG(s) 'extract_raw_data_pipeline' retrieved from /opt/airflow/dags/batch_generator.py
[2026-06-18T03:37:43.794+0000] {logging_mixin.py:190} INFO - [2026-06-18T03:37:43.794+0000] {dag.py:3239} INFO - Sync 1 DAGs
[2026-06-18T03:37:43.808+0000] {logging_mixin.py:190} INFO - [2026-06-18T03:37:43.807+0000] {dag.py:4180} INFO - Setting next_dagrun for extract_raw_data_pipeline to 2026-06-17 07:59:00+00:00, run_after=2026-06-18 07:00:00+00:00
[2026-06-18T03:37:43.820+0000] {processor.py:208} INFO - Processing /opt/airflow/dags/batch_generator.py took 0.149 seconds
[2026-06-18T03:38:13.921+0000] {processor.py:186} INFO - Started process (PID=2346) to work on /opt/airflow/dags/batch_generator.py
[2026-06-18T03:38:13.922+0000] {processor.py:914} INFO - Processing file /opt/airflow/dags/batch_generator.py for tasks to queue
[2026-06-18T03:38:13.924+0000] {logging_mixin.py:190} INFO - [2026-06-18T03:38:13.924+0000] {dagbag.py:588} INFO - Filling up the DagBag from /opt/airflow/dags/batch_generator.py
[2026-06-18T03:38:14.027+0000] {processor.py:925} INFO - DAG(s) 'extract_raw_data_pipeline' retrieved from /opt/airflow/dags/batch_generator.py
[2026-06-18T03:38:14.047+0000] {logging_mixin.py:190} INFO - [2026-06-18T03:38:14.047+0000] {dag.py:3239} INFO - Sync 1 DAGs
[2026-06-18T03:38:14.125+0000] {logging_mixin.py:190} INFO - [2026-06-18T03:38:14.125+0000] {dag.py:4180} INFO - Setting next_dagrun for extract_raw_data_pipeline to 2026-06-17 07:59:00+00:00, run_after=2026-06-18 07:00:00+00:00
[2026-06-18T03:38:14.204+0000] {processor.py:208} INFO - Processing /opt/airflow/dags/batch_generator.py took 0.286 seconds
[2026-06-18T03:38:44.388+0000] {processor.py:186} INFO - Started process (PID=2354) to work on /opt/airflow/dags/batch_generator.py
[2026-06-18T03:38:44.389+0000] {processor.py:914} INFO - Processing file /opt/airflow/dags/batch_generator.py for tasks to queue
[2026-06-18T03:38:44.391+0000] {logging_mixin.py:190} INFO - [2026-06-18T03:38:44.391+0000] {dagbag.py:588} INFO - Filling up the DagBag from /opt/airflow/dags/batch_generator.py
[2026-06-18T03:38:44.498+0000] {processor.py:925} INFO - DAG(s) 'extract_raw_data_pipeline' retrieved from /opt/airflow/dags/batch_generator.py
[2026-06-18T03:38:44.515+0000] {logging_mixin.py:190} INFO - [2026-06-18T03:38:44.515+0000] {dag.py:3239} INFO - Sync 1 DAGs
[2026-06-18T03:38:44.530+0000] {logging_mixin.py:190} INFO - [2026-06-18T03:38:44.530+0000] {dag.py:4180} INFO - Setting next_dagrun for extract_raw_data_pipeline to 2026-06-17 07:59:00+00:00, run_after=2026-06-18 07:00:00+00:00
[2026-06-18T03:38:44.546+0000] {processor.py:208} INFO - Processing /opt/airflow/dags/batch_generator.py took 0.161 seconds
[2026-06-18T03:39:14.658+0000] {processor.py:186} INFO - Started process (PID=2362) to work on /opt/airflow/dags/batch_generator.py
[2026-06-18T03:39:14.659+0000] {processor.py:914} INFO - Processing file /opt/airflow/dags/batch_generator.py for tasks to queue
[2026-06-18T03:39:14.660+0000] {logging_mixin.py:190} INFO - [2026-06-18T03:39:14.660+0000] {dagbag.py:588} INFO - Filling up the DagBag from /opt/airflow/dags/batch_generator.py
[2026-06-18T03:39:14.759+0000] {processor.py:925} INFO - DAG(s) 'extract_raw_data_pipeline' retrieved from /opt/airflow/dags/batch_generator.py
[2026-06-18T03:39:14.777+0000] {logging_mixin.py:190} INFO - [2026-06-18T03:39:14.776+0000] {dag.py:3239} INFO - Sync 1 DAGs
[2026-06-18T03:39:14.792+0000] {logging_mixin.py:190} INFO - [2026-06-18T03:39:14.792+0000] {dag.py:4180} INFO - Setting next_dagrun for extract_raw_data_pipeline to 2026-06-17 07:59:00+00:00, run_after=2026-06-18 07:00:00+00:00
[2026-06-18T03:39:14.808+0000] {processor.py:208} INFO - Processing /opt/airflow/dags/batch_generator.py took 0.153 seconds
[2026-06-18T03:39:45.210+0000] {processor.py:186} INFO - Started process (PID=2374) to work on /opt/airflow/dags/batch_generator.py
[2026-06-18T03:39:45.211+0000] {processor.py:914} INFO - Processing file /opt/airflow/dags/batch_generator.py for tasks to queue
[2026-06-18T03:39:45.213+0000] {logging_mixin.py:190} INFO - [2026-06-18T03:39:45.213+0000] {dagbag.py:588} INFO - Filling up the DagBag from /opt/airflow/dags/batch_generator.py
[2026-06-18T03:39:45.321+0000] {processor.py:925} INFO - DAG(s) 'extract_raw_data_pipeline' retrieved from /opt/airflow/dags/batch_generator.py
[2026-06-18T03:39:45.340+0000] {logging_mixin.py:190} INFO - [2026-06-18T03:39:45.340+0000] {dag.py:3239} INFO - Sync 1 DAGs
[2026-06-18T03:39:45.355+0000] {logging_mixin.py:190} INFO - [2026-06-18T03:39:45.355+0000] {dag.py:4180} INFO - Setting next_dagrun for extract_raw_data_pipeline to 2026-06-17 07:59:00+00:00, run_after=2026-06-18 07:00:00+00:00
[2026-06-18T03:39:45.369+0000] {processor.py:208} INFO - Processing /opt/airflow/dags/batch_generator.py took 0.164 seconds
[2026-06-18T03:40:15.493+0000] {processor.py:186} INFO - Started process (PID=2382) to work on /opt/airflow/dags/batch_generator.py
[2026-06-18T03:40:15.494+0000] {processor.py:914} INFO - Processing file /opt/airflow/dags/batch_generator.py for tasks to queue
[2026-06-18T03:40:15.496+0000] {logging_mixin.py:190} INFO - [2026-06-18T03:40:15.495+0000] {dagbag.py:588} INFO - Filling up the DagBag from /opt/airflow/dags/batch_generator.py
[2026-06-18T03:40:15.587+0000] {processor.py:925} INFO - DAG(s) 'extract_raw_data_pipeline' retrieved from /opt/airflow/dags/batch_generator.py
[2026-06-18T03:40:15.608+0000] {logging_mixin.py:190} INFO - [2026-06-18T03:40:15.608+0000] {dag.py:3239} INFO - Sync 1 DAGs
[2026-06-18T03:40:15.621+0000] {logging_mixin.py:190} INFO - [2026-06-18T03:40:15.621+0000] {dag.py:4180} INFO - Setting next_dagrun for extract_raw_data_pipeline to 2026-06-17 07:59:00+00:00, run_after=2026-06-18 07:00:00+00:00
[2026-06-18T03:40:15.632+0000] {processor.py:208} INFO - Processing /opt/airflow/dags/batch_generator.py took 0.143 seconds
[2026-06-18T03:40:45.980+0000] {processor.py:186} INFO - Started process (PID=2390) to work on /opt/airflow/dags/batch_generator.py
[2026-06-18T03:40:45.981+0000] {processor.py:914} INFO - Processing file /opt/airflow/dags/batch_generator.py for tasks to queue
[2026-06-18T03:40:45.982+0000] {logging_mixin.py:190} INFO - [2026-06-18T03:40:45.982+0000] {dagbag.py:588} INFO - Filling up the DagBag from /opt/airflow/dags/batch_generator.py
[2026-06-18T03:40:46.259+0000] {processor.py:925} INFO - DAG(s) 'extract_raw_data_pipeline' retrieved from /opt/airflow/dags/batch_generator.py
[2026-06-18T03:40:46.276+0000] {logging_mixin.py:190} INFO - [2026-06-18T03:40:46.275+0000] {dag.py:3239} INFO - Sync 1 DAGs
[2026-06-18T03:40:46.288+0000] {logging_mixin.py:190} INFO - [2026-06-18T03:40:46.288+0000] {dag.py:4180} INFO - Setting next_dagrun for extract_raw_data_pipeline to 2026-06-17 07:59:00+00:00, run_after=2026-06-18 07:00:00+00:00
[2026-06-18T03:40:46.300+0000] {processor.py:208} INFO - Processing /opt/airflow/dags/batch_generator.py took 0.324 seconds
[2026-06-18T03:41:16.582+0000] {processor.py:186} INFO - Started process (PID=2398) to work on /opt/airflow/dags/batch_generator.py
[2026-06-18T03:41:16.583+0000] {processor.py:914} INFO - Processing file /opt/airflow/dags/batch_generator.py for tasks to queue
[2026-06-18T03:41:16.585+0000] {logging_mixin.py:190} INFO - [2026-06-18T03:41:16.584+0000] {dagbag.py:588} INFO - Filling up the DagBag from /opt/airflow/dags/batch_generator.py
[2026-06-18T03:41:16.672+0000] {processor.py:925} INFO - DAG(s) 'extract_raw_data_pipeline' retrieved from /opt/airflow/dags/batch_generator.py
[2026-06-18T03:41:16.687+0000] {logging_mixin.py:190} INFO - [2026-06-18T03:41:16.687+0000] {dag.py:3239} INFO - Sync 1 DAGs
[2026-06-18T03:41:16.699+0000] {logging_mixin.py:190} INFO - [2026-06-18T03:41:16.699+0000] {dag.py:4180} INFO - Setting next_dagrun for extract_raw_data_pipeline to 2026-06-17 07:59:00+00:00, run_after=2026-06-18 07:00:00+00:00
[2026-06-18T03:41:16.721+0000] {processor.py:208} INFO - Processing /opt/airflow/dags/batch_generator.py took 0.142 seconds
