[2026-06-18T03:45:15.211+0000] {processor.py:186} INFO - Started process (PID=2448) to work on /opt/airflow/dags/driven_data_pipeline.py
[2026-06-18T03:45:15.211+0000] {processor.py:914} INFO - Processing file /opt/airflow/dags/driven_data_pipeline.py for tasks to queue
[2026-06-18T03:45:15.212+0000] {logging_mixin.py:190} INFO - [2026-06-18T03:45:15.212+0000] {dagbag.py:588} INFO - Filling up the DagBag from /opt/airflow/dags/driven_data_pipeline.py
[2026-06-18T03:45:15.565+0000] {processor.py:925} INFO - DAG(s) 'extract_raw_data_pipeline' retrieved from /opt/airflow/dags/driven_data_pipeline.py
[2026-06-18T03:45:15.698+0000] {logging_mixin.py:190} INFO - [2026-06-18T03:45:15.698+0000] {dag.py:3239} INFO - Sync 1 DAGs
[2026-06-18T03:45:15.710+0000] {logging_mixin.py:190} INFO - [2026-06-18T03:45:15.710+0000] {dag.py:4180} INFO - Setting next_dagrun for extract_raw_data_pipeline to 2026-06-17 07:59:00+00:00, run_after=2026-06-18 07:00:00+00:00
[2026-06-18T03:45:15.725+0000] {processor.py:208} INFO - Processing /opt/airflow/dags/driven_data_pipeline.py took 0.518 seconds
[2026-06-18T03:45:45.958+0000] {processor.py:186} INFO - Started process (PID=2456) to work on /opt/airflow/dags/driven_data_pipeline.py
[2026-06-18T03:45:45.959+0000] {processor.py:914} INFO - Processing file /opt/airflow/dags/driven_data_pipeline.py for tasks to queue
[2026-06-18T03:45:45.960+0000] {logging_mixin.py:190} INFO - [2026-06-18T03:45:45.960+0000] {dagbag.py:588} INFO - Filling up the DagBag from /opt/airflow/dags/driven_data_pipeline.py
[2026-06-18T03:45:46.062+0000] {processor.py:925} INFO - DAG(s) 'extract_raw_data_pipeline' retrieved from /opt/airflow/dags/driven_data_pipeline.py
[2026-06-18T03:45:46.077+0000] {logging_mixin.py:190} INFO - [2026-06-18T03:45:46.077+0000] {dag.py:3239} INFO - Sync 1 DAGs
[2026-06-18T03:45:46.089+0000] {logging_mixin.py:190} INFO - [2026-06-18T03:45:46.088+0000] {dag.py:4180} INFO - Setting next_dagrun for extract_raw_data_pipeline to 2026-06-17 07:59:00+00:00, run_after=2026-06-18 07:00:00+00:00
[2026-06-18T03:45:46.100+0000] {processor.py:208} INFO - Processing /opt/airflow/dags/driven_data_pipeline.py took 0.146 seconds
[2026-06-18T03:46:16.228+0000] {processor.py:186} INFO - Started process (PID=2464) to work on /opt/airflow/dags/driven_data_pipeline.py
[2026-06-18T03:46:16.229+0000] {processor.py:914} INFO - Processing file /opt/airflow/dags/driven_data_pipeline.py for tasks to queue
[2026-06-18T03:46:16.230+0000] {logging_mixin.py:190} INFO - [2026-06-18T03:46:16.230+0000] {dagbag.py:588} INFO - Filling up the DagBag from /opt/airflow/dags/driven_data_pipeline.py
[2026-06-18T03:46:16.349+0000] {processor.py:925} INFO - DAG(s) 'extract_raw_data_pipeline' retrieved from /opt/airflow/dags/driven_data_pipeline.py
[2026-06-18T03:46:16.367+0000] {logging_mixin.py:190} INFO - [2026-06-18T03:46:16.367+0000] {dag.py:3239} INFO - Sync 1 DAGs
[2026-06-18T03:46:16.386+0000] {logging_mixin.py:190} INFO - [2026-06-18T03:46:16.385+0000] {dag.py:4180} INFO - Setting next_dagrun for extract_raw_data_pipeline to 2026-06-17 07:59:00+00:00, run_after=2026-06-18 07:00:00+00:00
[2026-06-18T03:46:16.400+0000] {processor.py:208} INFO - Processing /opt/airflow/dags/driven_data_pipeline.py took 0.176 seconds
[2026-06-18T03:46:46.640+0000] {processor.py:186} INFO - Started process (PID=2472) to work on /opt/airflow/dags/driven_data_pipeline.py
[2026-06-18T03:46:46.641+0000] {processor.py:914} INFO - Processing file /opt/airflow/dags/driven_data_pipeline.py for tasks to queue
[2026-06-18T03:46:46.642+0000] {logging_mixin.py:190} INFO - [2026-06-18T03:46:46.641+0000] {dagbag.py:588} INFO - Filling up the DagBag from /opt/airflow/dags/driven_data_pipeline.py
[2026-06-18T03:46:46.752+0000] {processor.py:925} INFO - DAG(s) 'extract_raw_data_pipeline' retrieved from /opt/airflow/dags/driven_data_pipeline.py
[2026-06-18T03:46:46.768+0000] {logging_mixin.py:190} INFO - [2026-06-18T03:46:46.768+0000] {dag.py:3239} INFO - Sync 1 DAGs
[2026-06-18T03:46:46.783+0000] {logging_mixin.py:190} INFO - [2026-06-18T03:46:46.783+0000] {dag.py:4180} INFO - Setting next_dagrun for extract_raw_data_pipeline to 2026-06-17 07:59:00+00:00, run_after=2026-06-18 07:00:00+00:00
[2026-06-18T03:46:46.796+0000] {processor.py:208} INFO - Processing /opt/airflow/dags/driven_data_pipeline.py took 0.160 seconds
[2026-06-18T03:47:16.895+0000] {processor.py:186} INFO - Started process (PID=2480) to work on /opt/airflow/dags/driven_data_pipeline.py
[2026-06-18T03:47:16.896+0000] {processor.py:914} INFO - Processing file /opt/airflow/dags/driven_data_pipeline.py for tasks to queue
[2026-06-18T03:47:16.896+0000] {logging_mixin.py:190} INFO - [2026-06-18T03:47:16.896+0000] {dagbag.py:588} INFO - Filling up the DagBag from /opt/airflow/dags/driven_data_pipeline.py
[2026-06-18T03:47:16.996+0000] {processor.py:925} INFO - DAG(s) 'extract_raw_data_pipeline' retrieved from /opt/airflow/dags/driven_data_pipeline.py
[2026-06-18T03:47:17.017+0000] {logging_mixin.py:190} INFO - [2026-06-18T03:47:17.016+0000] {dag.py:3239} INFO - Sync 1 DAGs
[2026-06-18T03:47:17.035+0000] {logging_mixin.py:190} INFO - [2026-06-18T03:47:17.035+0000] {dag.py:4180} INFO - Setting next_dagrun for extract_raw_data_pipeline to 2026-06-17 07:59:00+00:00, run_after=2026-06-18 07:00:00+00:00
[2026-06-18T03:47:17.049+0000] {processor.py:208} INFO - Processing /opt/airflow/dags/driven_data_pipeline.py took 0.158 seconds
[2026-06-18T03:47:47.278+0000] {processor.py:186} INFO - Started process (PID=2488) to work on /opt/airflow/dags/driven_data_pipeline.py
[2026-06-18T03:47:47.279+0000] {processor.py:914} INFO - Processing file /opt/airflow/dags/driven_data_pipeline.py for tasks to queue
[2026-06-18T03:47:47.280+0000] {logging_mixin.py:190} INFO - [2026-06-18T03:47:47.280+0000] {dagbag.py:588} INFO - Filling up the DagBag from /opt/airflow/dags/driven_data_pipeline.py
[2026-06-18T03:47:47.393+0000] {processor.py:925} INFO - DAG(s) 'extract_raw_data_pipeline' retrieved from /opt/airflow/dags/driven_data_pipeline.py
[2026-06-18T03:47:47.411+0000] {logging_mixin.py:190} INFO - [2026-06-18T03:47:47.411+0000] {dag.py:3239} INFO - Sync 1 DAGs
[2026-06-18T03:47:47.427+0000] {logging_mixin.py:190} INFO - [2026-06-18T03:47:47.427+0000] {dag.py:4180} INFO - Setting next_dagrun for extract_raw_data_pipeline to 2026-06-17 07:59:00+00:00, run_after=2026-06-18 07:00:00+00:00
[2026-06-18T03:47:47.440+0000] {processor.py:208} INFO - Processing /opt/airflow/dags/driven_data_pipeline.py took 0.166 seconds
[2026-06-18T03:48:17.548+0000] {processor.py:186} INFO - Started process (PID=2496) to work on /opt/airflow/dags/driven_data_pipeline.py
[2026-06-18T03:48:17.549+0000] {processor.py:914} INFO - Processing file /opt/airflow/dags/driven_data_pipeline.py for tasks to queue
[2026-06-18T03:48:17.550+0000] {logging_mixin.py:190} INFO - [2026-06-18T03:48:17.550+0000] {dagbag.py:588} INFO - Filling up the DagBag from /opt/airflow/dags/driven_data_pipeline.py
[2026-06-18T03:48:17.650+0000] {processor.py:925} INFO - DAG(s) 'extract_raw_data_pipeline' retrieved from /opt/airflow/dags/driven_data_pipeline.py
[2026-06-18T03:48:17.667+0000] {logging_mixin.py:190} INFO - [2026-06-18T03:48:17.667+0000] {dag.py:3239} INFO - Sync 1 DAGs
[2026-06-18T03:48:17.682+0000] {logging_mixin.py:190} INFO - [2026-06-18T03:48:17.682+0000] {dag.py:4180} INFO - Setting next_dagrun for extract_raw_data_pipeline to 2026-06-17 07:59:00+00:00, run_after=2026-06-18 07:00:00+00:00
[2026-06-18T03:48:17.695+0000] {processor.py:208} INFO - Processing /opt/airflow/dags/driven_data_pipeline.py took 0.151 seconds
[2026-06-18T03:48:47.949+0000] {processor.py:186} INFO - Started process (PID=2504) to work on /opt/airflow/dags/driven_data_pipeline.py
[2026-06-18T03:48:47.950+0000] {processor.py:914} INFO - Processing file /opt/airflow/dags/driven_data_pipeline.py for tasks to queue
[2026-06-18T03:48:47.951+0000] {logging_mixin.py:190} INFO - [2026-06-18T03:48:47.951+0000] {dagbag.py:588} INFO - Filling up the DagBag from /opt/airflow/dags/driven_data_pipeline.py
[2026-06-18T03:48:48.041+0000] {processor.py:925} INFO - DAG(s) 'extract_raw_data_pipeline' retrieved from /opt/airflow/dags/driven_data_pipeline.py
[2026-06-18T03:48:48.057+0000] {logging_mixin.py:190} INFO - [2026-06-18T03:48:48.057+0000] {dag.py:3239} INFO - Sync 1 DAGs
[2026-06-18T03:48:48.072+0000] {logging_mixin.py:190} INFO - [2026-06-18T03:48:48.072+0000] {dag.py:4180} INFO - Setting next_dagrun for extract_raw_data_pipeline to 2026-06-17 07:59:00+00:00, run_after=2026-06-18 07:00:00+00:00
[2026-06-18T03:48:48.086+0000] {processor.py:208} INFO - Processing /opt/airflow/dags/driven_data_pipeline.py took 0.140 seconds
[2026-06-18T03:49:18.318+0000] {processor.py:186} INFO - Started process (PID=2512) to work on /opt/airflow/dags/driven_data_pipeline.py
[2026-06-18T03:49:18.319+0000] {processor.py:914} INFO - Processing file /opt/airflow/dags/driven_data_pipeline.py for tasks to queue
[2026-06-18T03:49:18.320+0000] {logging_mixin.py:190} INFO - [2026-06-18T03:49:18.320+0000] {dagbag.py:588} INFO - Filling up the DagBag from /opt/airflow/dags/driven_data_pipeline.py
[2026-06-18T03:49:18.431+0000] {processor.py:925} INFO - DAG(s) 'extract_raw_data_pipeline' retrieved from /opt/airflow/dags/driven_data_pipeline.py
[2026-06-18T03:49:18.448+0000] {logging_mixin.py:190} INFO - [2026-06-18T03:49:18.448+0000] {dag.py:3239} INFO - Sync 1 DAGs
[2026-06-18T03:49:18.462+0000] {logging_mixin.py:190} INFO - [2026-06-18T03:49:18.462+0000] {dag.py:4180} INFO - Setting next_dagrun for extract_raw_data_pipeline to 2026-06-17 07:59:00+00:00, run_after=2026-06-18 07:00:00+00:00
[2026-06-18T03:49:18.475+0000] {processor.py:208} INFO - Processing /opt/airflow/dags/driven_data_pipeline.py took 0.161 seconds
[2026-06-18T03:49:48.575+0000] {processor.py:186} INFO - Started process (PID=2520) to work on /opt/airflow/dags/driven_data_pipeline.py
[2026-06-18T03:49:48.576+0000] {processor.py:914} INFO - Processing file /opt/airflow/dags/driven_data_pipeline.py for tasks to queue
[2026-06-18T03:49:48.577+0000] {logging_mixin.py:190} INFO - [2026-06-18T03:49:48.577+0000] {dagbag.py:588} INFO - Filling up the DagBag from /opt/airflow/dags/driven_data_pipeline.py
[2026-06-18T03:49:48.667+0000] {processor.py:925} INFO - DAG(s) 'extract_raw_data_pipeline' retrieved from /opt/airflow/dags/driven_data_pipeline.py
[2026-06-18T03:49:48.688+0000] {logging_mixin.py:190} INFO - [2026-06-18T03:49:48.687+0000] {dag.py:3239} INFO - Sync 1 DAGs
[2026-06-18T03:49:48.701+0000] {logging_mixin.py:190} INFO - [2026-06-18T03:49:48.701+0000] {dag.py:4180} INFO - Setting next_dagrun for extract_raw_data_pipeline to 2026-06-17 07:59:00+00:00, run_after=2026-06-18 07:00:00+00:00
[2026-06-18T03:49:48.714+0000] {processor.py:208} INFO - Processing /opt/airflow/dags/driven_data_pipeline.py took 0.142 seconds
[2026-06-18T03:50:18.971+0000] {processor.py:186} INFO - Started process (PID=2528) to work on /opt/airflow/dags/driven_data_pipeline.py
[2026-06-18T03:50:18.972+0000] {processor.py:914} INFO - Processing file /opt/airflow/dags/driven_data_pipeline.py for tasks to queue
[2026-06-18T03:50:18.973+0000] {logging_mixin.py:190} INFO - [2026-06-18T03:50:18.973+0000] {dagbag.py:588} INFO - Filling up the DagBag from /opt/airflow/dags/driven_data_pipeline.py
[2026-06-18T03:50:19.063+0000] {processor.py:925} INFO - DAG(s) 'extract_raw_data_pipeline' retrieved from /opt/airflow/dags/driven_data_pipeline.py
[2026-06-18T03:50:19.079+0000] {logging_mixin.py:190} INFO - [2026-06-18T03:50:19.079+0000] {dag.py:3239} INFO - Sync 1 DAGs
[2026-06-18T03:50:19.095+0000] {logging_mixin.py:190} INFO - [2026-06-18T03:50:19.095+0000] {dag.py:4180} INFO - Setting next_dagrun for extract_raw_data_pipeline to 2026-06-17 07:59:00+00:00, run_after=2026-06-18 07:00:00+00:00
[2026-06-18T03:50:19.110+0000] {processor.py:208} INFO - Processing /opt/airflow/dags/driven_data_pipeline.py took 0.143 seconds
[2026-06-18T03:50:49.280+0000] {processor.py:186} INFO - Started process (PID=2536) to work on /opt/airflow/dags/driven_data_pipeline.py
[2026-06-18T03:50:49.281+0000] {processor.py:914} INFO - Processing file /opt/airflow/dags/driven_data_pipeline.py for tasks to queue
[2026-06-18T03:50:49.282+0000] {logging_mixin.py:190} INFO - [2026-06-18T03:50:49.281+0000] {dagbag.py:588} INFO - Filling up the DagBag from /opt/airflow/dags/driven_data_pipeline.py
[2026-06-18T03:50:49.381+0000] {processor.py:925} INFO - DAG(s) 'extract_raw_data_pipeline' retrieved from /opt/airflow/dags/driven_data_pipeline.py
[2026-06-18T03:50:49.398+0000] {logging_mixin.py:190} INFO - [2026-06-18T03:50:49.398+0000] {dag.py:3239} INFO - Sync 1 DAGs
[2026-06-18T03:50:49.413+0000] {logging_mixin.py:190} INFO - [2026-06-18T03:50:49.413+0000] {dag.py:4180} INFO - Setting next_dagrun for extract_raw_data_pipeline to 2026-06-17 07:59:00+00:00, run_after=2026-06-18 07:00:00+00:00
[2026-06-18T03:50:49.425+0000] {processor.py:208} INFO - Processing /opt/airflow/dags/driven_data_pipeline.py took 0.149 seconds
[2026-06-18T03:51:19.597+0000] {processor.py:186} INFO - Started process (PID=2544) to work on /opt/airflow/dags/driven_data_pipeline.py
[2026-06-18T03:51:19.598+0000] {processor.py:914} INFO - Processing file /opt/airflow/dags/driven_data_pipeline.py for tasks to queue
[2026-06-18T03:51:19.599+0000] {logging_mixin.py:190} INFO - [2026-06-18T03:51:19.599+0000] {dagbag.py:588} INFO - Filling up the DagBag from /opt/airflow/dags/driven_data_pipeline.py
[2026-06-18T03:51:19.695+0000] {processor.py:925} INFO - DAG(s) 'extract_raw_data_pipeline' retrieved from /opt/airflow/dags/driven_data_pipeline.py
[2026-06-18T03:51:19.709+0000] {logging_mixin.py:190} INFO - [2026-06-18T03:51:19.709+0000] {dag.py:3239} INFO - Sync 1 DAGs
[2026-06-18T03:51:19.722+0000] {logging_mixin.py:190} INFO - [2026-06-18T03:51:19.722+0000] {dag.py:4180} INFO - Setting next_dagrun for extract_raw_data_pipeline to 2026-06-17 07:59:00+00:00, run_after=2026-06-18 07:00:00+00:00
[2026-06-18T03:51:19.735+0000] {processor.py:208} INFO - Processing /opt/airflow/dags/driven_data_pipeline.py took 0.142 seconds
[2026-06-18T03:51:49.904+0000] {processor.py:186} INFO - Started process (PID=2552) to work on /opt/airflow/dags/driven_data_pipeline.py
[2026-06-18T03:51:49.905+0000] {processor.py:914} INFO - Processing file /opt/airflow/dags/driven_data_pipeline.py for tasks to queue
[2026-06-18T03:51:49.906+0000] {logging_mixin.py:190} INFO - [2026-06-18T03:51:49.906+0000] {dagbag.py:588} INFO - Filling up the DagBag from /opt/airflow/dags/driven_data_pipeline.py
[2026-06-18T03:51:50.011+0000] {processor.py:925} INFO - DAG(s) 'extract_raw_data_pipeline' retrieved from /opt/airflow/dags/driven_data_pipeline.py
[2026-06-18T03:51:50.030+0000] {logging_mixin.py:190} INFO - [2026-06-18T03:51:50.029+0000] {dag.py:3239} INFO - Sync 1 DAGs
[2026-06-18T03:51:50.046+0000] {logging_mixin.py:190} INFO - [2026-06-18T03:51:50.046+0000] {dag.py:4180} INFO - Setting next_dagrun for extract_raw_data_pipeline to 2026-06-17 07:59:00+00:00, run_after=2026-06-18 07:00:00+00:00
[2026-06-18T03:51:50.061+0000] {processor.py:208} INFO - Processing /opt/airflow/dags/driven_data_pipeline.py took 0.161 seconds
[2026-06-18T03:52:20.257+0000] {processor.py:186} INFO - Started process (PID=2560) to work on /opt/airflow/dags/driven_data_pipeline.py
[2026-06-18T03:52:20.257+0000] {processor.py:914} INFO - Processing file /opt/airflow/dags/driven_data_pipeline.py for tasks to queue
[2026-06-18T03:52:20.258+0000] {logging_mixin.py:190} INFO - [2026-06-18T03:52:20.258+0000] {dagbag.py:588} INFO - Filling up the DagBag from /opt/airflow/dags/driven_data_pipeline.py
[2026-06-18T03:52:20.348+0000] {processor.py:925} INFO - DAG(s) 'extract_raw_data_pipeline' retrieved from /opt/airflow/dags/driven_data_pipeline.py
[2026-06-18T03:52:20.362+0000] {logging_mixin.py:190} INFO - [2026-06-18T03:52:20.362+0000] {dag.py:3239} INFO - Sync 1 DAGs
[2026-06-18T03:52:20.377+0000] {logging_mixin.py:190} INFO - [2026-06-18T03:52:20.376+0000] {dag.py:4180} INFO - Setting next_dagrun for extract_raw_data_pipeline to 2026-06-17 07:59:00+00:00, run_after=2026-06-18 07:00:00+00:00
[2026-06-18T03:52:20.388+0000] {processor.py:208} INFO - Processing /opt/airflow/dags/driven_data_pipeline.py took 0.136 seconds
[2026-06-18T03:52:50.547+0000] {processor.py:186} INFO - Started process (PID=2568) to work on /opt/airflow/dags/driven_data_pipeline.py
[2026-06-18T03:52:50.549+0000] {processor.py:914} INFO - Processing file /opt/airflow/dags/driven_data_pipeline.py for tasks to queue
[2026-06-18T03:52:50.550+0000] {logging_mixin.py:190} INFO - [2026-06-18T03:52:50.550+0000] {dagbag.py:588} INFO - Filling up the DagBag from /opt/airflow/dags/driven_data_pipeline.py
[2026-06-18T03:52:50.651+0000] {processor.py:925} INFO - DAG(s) 'extract_raw_data_pipeline' retrieved from /opt/airflow/dags/driven_data_pipeline.py
[2026-06-18T03:52:50.667+0000] {logging_mixin.py:190} INFO - [2026-06-18T03:52:50.667+0000] {dag.py:3239} INFO - Sync 1 DAGs
[2026-06-18T03:52:50.683+0000] {logging_mixin.py:190} INFO - [2026-06-18T03:52:50.683+0000] {dag.py:4180} INFO - Setting next_dagrun for extract_raw_data_pipeline to 2026-06-17 07:59:00+00:00, run_after=2026-06-18 07:00:00+00:00
[2026-06-18T03:52:50.695+0000] {processor.py:208} INFO - Processing /opt/airflow/dags/driven_data_pipeline.py took 0.157 seconds
[2026-06-18T03:53:20.814+0000] {processor.py:186} INFO - Started process (PID=2576) to work on /opt/airflow/dags/driven_data_pipeline.py
[2026-06-18T03:53:20.814+0000] {processor.py:914} INFO - Processing file /opt/airflow/dags/driven_data_pipeline.py for tasks to queue
[2026-06-18T03:53:20.815+0000] {logging_mixin.py:190} INFO - [2026-06-18T03:53:20.815+0000] {dagbag.py:588} INFO - Filling up the DagBag from /opt/airflow/dags/driven_data_pipeline.py
[2026-06-18T03:53:20.904+0000] {processor.py:925} INFO - DAG(s) 'extract_raw_data_pipeline' retrieved from /opt/airflow/dags/driven_data_pipeline.py
[2026-06-18T03:53:20.922+0000] {logging_mixin.py:190} INFO - [2026-06-18T03:53:20.922+0000] {dag.py:3239} INFO - Sync 1 DAGs
[2026-06-18T03:53:20.939+0000] {logging_mixin.py:190} INFO - [2026-06-18T03:53:20.939+0000] {dag.py:4180} INFO - Setting next_dagrun for extract_raw_data_pipeline to 2026-06-17 07:59:00+00:00, run_after=2026-06-18 07:00:00+00:00
[2026-06-18T03:53:20.954+0000] {processor.py:208} INFO - Processing /opt/airflow/dags/driven_data_pipeline.py took 0.144 seconds
[2026-06-18T03:53:51.177+0000] {processor.py:186} INFO - Started process (PID=2584) to work on /opt/airflow/dags/driven_data_pipeline.py
[2026-06-18T03:53:51.178+0000] {processor.py:914} INFO - Processing file /opt/airflow/dags/driven_data_pipeline.py for tasks to queue
[2026-06-18T03:53:51.179+0000] {logging_mixin.py:190} INFO - [2026-06-18T03:53:51.179+0000] {dagbag.py:588} INFO - Filling up the DagBag from /opt/airflow/dags/driven_data_pipeline.py
[2026-06-18T03:53:51.268+0000] {processor.py:925} INFO - DAG(s) 'extract_raw_data_pipeline' retrieved from /opt/airflow/dags/driven_data_pipeline.py
[2026-06-18T03:53:51.284+0000] {logging_mixin.py:190} INFO - [2026-06-18T03:53:51.284+0000] {dag.py:3239} INFO - Sync 1 DAGs
[2026-06-18T03:53:51.300+0000] {logging_mixin.py:190} INFO - [2026-06-18T03:53:51.299+0000] {dag.py:4180} INFO - Setting next_dagrun for extract_raw_data_pipeline to 2026-06-17 07:59:00+00:00, run_after=2026-06-18 07:00:00+00:00
[2026-06-18T03:53:51.313+0000] {processor.py:208} INFO - Processing /opt/airflow/dags/driven_data_pipeline.py took 0.139 seconds
[2026-06-18T03:54:21.525+0000] {processor.py:186} INFO - Started process (PID=2592) to work on /opt/airflow/dags/driven_data_pipeline.py
[2026-06-18T03:54:21.526+0000] {processor.py:914} INFO - Processing file /opt/airflow/dags/driven_data_pipeline.py for tasks to queue
[2026-06-18T03:54:21.527+0000] {logging_mixin.py:190} INFO - [2026-06-18T03:54:21.526+0000] {dagbag.py:588} INFO - Filling up the DagBag from /opt/airflow/dags/driven_data_pipeline.py
[2026-06-18T03:54:21.616+0000] {processor.py:925} INFO - DAG(s) 'extract_raw_data_pipeline' retrieved from /opt/airflow/dags/driven_data_pipeline.py
[2026-06-18T03:54:21.633+0000] {logging_mixin.py:190} INFO - [2026-06-18T03:54:21.633+0000] {dag.py:3239} INFO - Sync 1 DAGs
[2026-06-18T03:54:21.648+0000] {logging_mixin.py:190} INFO - [2026-06-18T03:54:21.648+0000] {dag.py:4180} INFO - Setting next_dagrun for extract_raw_data_pipeline to 2026-06-17 07:59:00+00:00, run_after=2026-06-18 07:00:00+00:00
[2026-06-18T03:54:21.678+0000] {processor.py:208} INFO - Processing /opt/airflow/dags/driven_data_pipeline.py took 0.157 seconds
[2026-06-18T03:54:51.780+0000] {processor.py:186} INFO - Started process (PID=2600) to work on /opt/airflow/dags/driven_data_pipeline.py
[2026-06-18T03:54:51.780+0000] {processor.py:914} INFO - Processing file /opt/airflow/dags/driven_data_pipeline.py for tasks to queue
[2026-06-18T03:54:51.781+0000] {logging_mixin.py:190} INFO - [2026-06-18T03:54:51.781+0000] {dagbag.py:588} INFO - Filling up the DagBag from /opt/airflow/dags/driven_data_pipeline.py
[2026-06-18T03:54:51.877+0000] {processor.py:925} INFO - DAG(s) 'extract_raw_data_pipeline' retrieved from /opt/airflow/dags/driven_data_pipeline.py
[2026-06-18T03:54:51.892+0000] {logging_mixin.py:190} INFO - [2026-06-18T03:54:51.892+0000] {dag.py:3239} INFO - Sync 1 DAGs
[2026-06-18T03:54:51.907+0000] {logging_mixin.py:190} INFO - [2026-06-18T03:54:51.907+0000] {dag.py:4180} INFO - Setting next_dagrun for extract_raw_data_pipeline to 2026-06-17 07:59:00+00:00, run_after=2026-06-18 07:00:00+00:00
[2026-06-18T03:54:51.919+0000] {processor.py:208} INFO - Processing /opt/airflow/dags/driven_data_pipeline.py took 0.143 seconds
[2026-06-18T03:55:22.162+0000] {processor.py:186} INFO - Started process (PID=2608) to work on /opt/airflow/dags/driven_data_pipeline.py
[2026-06-18T03:55:22.163+0000] {processor.py:914} INFO - Processing file /opt/airflow/dags/driven_data_pipeline.py for tasks to queue
[2026-06-18T03:55:22.163+0000] {logging_mixin.py:190} INFO - [2026-06-18T03:55:22.163+0000] {dagbag.py:588} INFO - Filling up the DagBag from /opt/airflow/dags/driven_data_pipeline.py
[2026-06-18T03:55:22.254+0000] {processor.py:925} INFO - DAG(s) 'extract_raw_data_pipeline' retrieved from /opt/airflow/dags/driven_data_pipeline.py
[2026-06-18T03:55:22.271+0000] {logging_mixin.py:190} INFO - [2026-06-18T03:55:22.271+0000] {dag.py:3239} INFO - Sync 1 DAGs
[2026-06-18T03:55:22.287+0000] {logging_mixin.py:190} INFO - [2026-06-18T03:55:22.287+0000] {dag.py:4180} INFO - Setting next_dagrun for extract_raw_data_pipeline to 2026-06-17 07:59:00+00:00, run_after=2026-06-18 07:00:00+00:00
[2026-06-18T03:55:22.301+0000] {processor.py:208} INFO - Processing /opt/airflow/dags/driven_data_pipeline.py took 0.143 seconds
[2026-06-18T03:55:52.443+0000] {processor.py:186} INFO - Started process (PID=2616) to work on /opt/airflow/dags/driven_data_pipeline.py
[2026-06-18T03:55:52.444+0000] {processor.py:914} INFO - Processing file /opt/airflow/dags/driven_data_pipeline.py for tasks to queue
[2026-06-18T03:55:52.447+0000] {logging_mixin.py:190} INFO - [2026-06-18T03:55:52.447+0000] {dagbag.py:588} INFO - Filling up the DagBag from /opt/airflow/dags/driven_data_pipeline.py
[2026-06-18T03:55:52.696+0000] {processor.py:925} INFO - DAG(s) 'extract_raw_data_pipeline' retrieved from /opt/airflow/dags/driven_data_pipeline.py
[2026-06-18T03:55:52.713+0000] {logging_mixin.py:190} INFO - [2026-06-18T03:55:52.713+0000] {dag.py:3239} INFO - Sync 1 DAGs
[2026-06-18T03:55:52.727+0000] {logging_mixin.py:190} INFO - [2026-06-18T03:55:52.727+0000] {dag.py:4180} INFO - Setting next_dagrun for extract_raw_data_pipeline to 2026-06-17 07:59:00+00:00, run_after=2026-06-18 07:00:00+00:00
[2026-06-18T03:55:52.739+0000] {processor.py:208} INFO - Processing /opt/airflow/dags/driven_data_pipeline.py took 0.300 seconds
[2026-06-18T03:56:22.808+0000] {processor.py:186} INFO - Started process (PID=2624) to work on /opt/airflow/dags/driven_data_pipeline.py
[2026-06-18T03:56:22.809+0000] {processor.py:914} INFO - Processing file /opt/airflow/dags/driven_data_pipeline.py for tasks to queue
[2026-06-18T03:56:22.810+0000] {logging_mixin.py:190} INFO - [2026-06-18T03:56:22.810+0000] {dagbag.py:588} INFO - Filling up the DagBag from /opt/airflow/dags/driven_data_pipeline.py
[2026-06-18T03:56:22.909+0000] {processor.py:925} INFO - DAG(s) 'extract_raw_data_pipeline' retrieved from /opt/airflow/dags/driven_data_pipeline.py
[2026-06-18T03:56:22.926+0000] {logging_mixin.py:190} INFO - [2026-06-18T03:56:22.926+0000] {dag.py:3239} INFO - Sync 1 DAGs
[2026-06-18T03:56:22.942+0000] {logging_mixin.py:190} INFO - [2026-06-18T03:56:22.942+0000] {dag.py:4180} INFO - Setting next_dagrun for extract_raw_data_pipeline to 2026-06-17 07:59:00+00:00, run_after=2026-06-18 07:00:00+00:00
[2026-06-18T03:56:22.954+0000] {processor.py:208} INFO - Processing /opt/airflow/dags/driven_data_pipeline.py took 0.150 seconds
[2026-06-18T03:56:53.052+0000] {processor.py:186} INFO - Started process (PID=2632) to work on /opt/airflow/dags/driven_data_pipeline.py
[2026-06-18T03:56:53.053+0000] {processor.py:914} INFO - Processing file /opt/airflow/dags/driven_data_pipeline.py for tasks to queue
[2026-06-18T03:56:53.054+0000] {logging_mixin.py:190} INFO - [2026-06-18T03:56:53.054+0000] {dagbag.py:588} INFO - Filling up the DagBag from /opt/airflow/dags/driven_data_pipeline.py
[2026-06-18T03:56:53.150+0000] {processor.py:925} INFO - DAG(s) 'extract_raw_data_pipeline' retrieved from /opt/airflow/dags/driven_data_pipeline.py
[2026-06-18T03:56:53.168+0000] {logging_mixin.py:190} INFO - [2026-06-18T03:56:53.168+0000] {dag.py:3239} INFO - Sync 1 DAGs
[2026-06-18T03:56:53.184+0000] {logging_mixin.py:190} INFO - [2026-06-18T03:56:53.184+0000] {dag.py:4180} INFO - Setting next_dagrun for extract_raw_data_pipeline to 2026-06-17 07:59:00+00:00, run_after=2026-06-18 07:00:00+00:00
[2026-06-18T03:56:53.198+0000] {processor.py:208} INFO - Processing /opt/airflow/dags/driven_data_pipeline.py took 0.150 seconds
[2026-06-18T03:57:23.281+0000] {processor.py:186} INFO - Started process (PID=2640) to work on /opt/airflow/dags/driven_data_pipeline.py
[2026-06-18T03:57:23.282+0000] {processor.py:914} INFO - Processing file /opt/airflow/dags/driven_data_pipeline.py for tasks to queue
[2026-06-18T03:57:23.283+0000] {logging_mixin.py:190} INFO - [2026-06-18T03:57:23.283+0000] {dagbag.py:588} INFO - Filling up the DagBag from /opt/airflow/dags/driven_data_pipeline.py
[2026-06-18T03:57:23.399+0000] {processor.py:925} INFO - DAG(s) 'extract_raw_data_pipeline' retrieved from /opt/airflow/dags/driven_data_pipeline.py
[2026-06-18T03:57:23.414+0000] {logging_mixin.py:190} INFO - [2026-06-18T03:57:23.414+0000] {dag.py:3239} INFO - Sync 1 DAGs
[2026-06-18T03:57:23.429+0000] {logging_mixin.py:190} INFO - [2026-06-18T03:57:23.428+0000] {dag.py:4180} INFO - Setting next_dagrun for extract_raw_data_pipeline to 2026-06-17 07:59:00+00:00, run_after=2026-06-18 07:00:00+00:00
[2026-06-18T03:57:23.442+0000] {processor.py:208} INFO - Processing /opt/airflow/dags/driven_data_pipeline.py took 0.165 seconds
[2026-06-18T03:57:53.697+0000] {processor.py:186} INFO - Started process (PID=2648) to work on /opt/airflow/dags/driven_data_pipeline.py
[2026-06-18T03:57:53.698+0000] {processor.py:914} INFO - Processing file /opt/airflow/dags/driven_data_pipeline.py for tasks to queue
[2026-06-18T03:57:53.699+0000] {logging_mixin.py:190} INFO - [2026-06-18T03:57:53.699+0000] {dagbag.py:588} INFO - Filling up the DagBag from /opt/airflow/dags/driven_data_pipeline.py
[2026-06-18T03:57:53.793+0000] {processor.py:925} INFO - DAG(s) 'extract_raw_data_pipeline' retrieved from /opt/airflow/dags/driven_data_pipeline.py
[2026-06-18T03:57:53.809+0000] {logging_mixin.py:190} INFO - [2026-06-18T03:57:53.808+0000] {dag.py:3239} INFO - Sync 1 DAGs
[2026-06-18T03:57:53.822+0000] {logging_mixin.py:190} INFO - [2026-06-18T03:57:53.822+0000] {dag.py:4180} INFO - Setting next_dagrun for extract_raw_data_pipeline to 2026-06-17 07:59:00+00:00, run_after=2026-06-18 07:00:00+00:00
[2026-06-18T03:57:53.834+0000] {processor.py:208} INFO - Processing /opt/airflow/dags/driven_data_pipeline.py took 0.140 seconds
[2026-06-18T03:58:23.960+0000] {processor.py:186} INFO - Started process (PID=2656) to work on /opt/airflow/dags/driven_data_pipeline.py
[2026-06-18T03:58:23.960+0000] {processor.py:914} INFO - Processing file /opt/airflow/dags/driven_data_pipeline.py for tasks to queue
[2026-06-18T03:58:23.962+0000] {logging_mixin.py:190} INFO - [2026-06-18T03:58:23.961+0000] {dagbag.py:588} INFO - Filling up the DagBag from /opt/airflow/dags/driven_data_pipeline.py
[2026-06-18T03:58:24.061+0000] {processor.py:925} INFO - DAG(s) 'extract_raw_data_pipeline' retrieved from /opt/airflow/dags/driven_data_pipeline.py
[2026-06-18T03:58:24.077+0000] {logging_mixin.py:190} INFO - [2026-06-18T03:58:24.076+0000] {dag.py:3239} INFO - Sync 1 DAGs
[2026-06-18T03:58:24.092+0000] {logging_mixin.py:190} INFO - [2026-06-18T03:58:24.091+0000] {dag.py:4180} INFO - Setting next_dagrun for extract_raw_data_pipeline to 2026-06-17 07:59:00+00:00, run_after=2026-06-18 07:00:00+00:00
[2026-06-18T03:58:24.104+0000] {processor.py:208} INFO - Processing /opt/airflow/dags/driven_data_pipeline.py took 0.149 seconds
[2026-06-18T03:58:54.313+0000] {processor.py:186} INFO - Started process (PID=2664) to work on /opt/airflow/dags/driven_data_pipeline.py
[2026-06-18T03:58:54.314+0000] {processor.py:914} INFO - Processing file /opt/airflow/dags/driven_data_pipeline.py for tasks to queue
[2026-06-18T03:58:54.315+0000] {logging_mixin.py:190} INFO - [2026-06-18T03:58:54.315+0000] {dagbag.py:588} INFO - Filling up the DagBag from /opt/airflow/dags/driven_data_pipeline.py
[2026-06-18T03:58:54.414+0000] {processor.py:925} INFO - DAG(s) 'extract_raw_data_pipeline' retrieved from /opt/airflow/dags/driven_data_pipeline.py
[2026-06-18T03:58:54.429+0000] {logging_mixin.py:190} INFO - [2026-06-18T03:58:54.429+0000] {dag.py:3239} INFO - Sync 1 DAGs
[2026-06-18T03:58:54.444+0000] {logging_mixin.py:190} INFO - [2026-06-18T03:58:54.444+0000] {dag.py:4180} INFO - Setting next_dagrun for extract_raw_data_pipeline to 2026-06-17 07:59:00+00:00, run_after=2026-06-18 07:00:00+00:00
[2026-06-18T03:58:54.465+0000] {processor.py:208} INFO - Processing /opt/airflow/dags/driven_data_pipeline.py took 0.156 seconds
[2026-06-18T03:59:24.538+0000] {processor.py:186} INFO - Started process (PID=2672) to work on /opt/airflow/dags/driven_data_pipeline.py
[2026-06-18T03:59:24.539+0000] {processor.py:914} INFO - Processing file /opt/airflow/dags/driven_data_pipeline.py for tasks to queue
[2026-06-18T03:59:24.541+0000] {logging_mixin.py:190} INFO - [2026-06-18T03:59:24.540+0000] {dagbag.py:588} INFO - Filling up the DagBag from /opt/airflow/dags/driven_data_pipeline.py
[2026-06-18T03:59:24.649+0000] {processor.py:925} INFO - DAG(s) 'extract_raw_data_pipeline' retrieved from /opt/airflow/dags/driven_data_pipeline.py
[2026-06-18T03:59:24.667+0000] {logging_mixin.py:190} INFO - [2026-06-18T03:59:24.667+0000] {dag.py:3239} INFO - Sync 1 DAGs
[2026-06-18T03:59:24.682+0000] {logging_mixin.py:190} INFO - [2026-06-18T03:59:24.682+0000] {dag.py:4180} INFO - Setting next_dagrun for extract_raw_data_pipeline to 2026-06-17 07:59:00+00:00, run_after=2026-06-18 07:00:00+00:00
[2026-06-18T03:59:24.704+0000] {processor.py:208} INFO - Processing /opt/airflow/dags/driven_data_pipeline.py took 0.172 seconds
[2026-06-18T03:59:54.936+0000] {processor.py:186} INFO - Started process (PID=2680) to work on /opt/airflow/dags/driven_data_pipeline.py
[2026-06-18T03:59:54.937+0000] {processor.py:914} INFO - Processing file /opt/airflow/dags/driven_data_pipeline.py for tasks to queue
[2026-06-18T03:59:54.938+0000] {logging_mixin.py:190} INFO - [2026-06-18T03:59:54.938+0000] {dagbag.py:588} INFO - Filling up the DagBag from /opt/airflow/dags/driven_data_pipeline.py
[2026-06-18T03:59:55.231+0000] {processor.py:925} INFO - DAG(s) 'extract_raw_data_pipeline' retrieved from /opt/airflow/dags/driven_data_pipeline.py
[2026-06-18T03:59:55.254+0000] {logging_mixin.py:190} INFO - [2026-06-18T03:59:55.253+0000] {dag.py:3239} INFO - Sync 1 DAGs
[2026-06-18T03:59:55.270+0000] {logging_mixin.py:190} INFO - [2026-06-18T03:59:55.270+0000] {dag.py:4180} INFO - Setting next_dagrun for extract_raw_data_pipeline to 2026-06-17 07:59:00+00:00, run_after=2026-06-18 07:00:00+00:00
[2026-06-18T03:59:55.285+0000] {processor.py:208} INFO - Processing /opt/airflow/dags/driven_data_pipeline.py took 0.354 seconds
[2026-06-18T04:00:25.573+0000] {processor.py:186} INFO - Started process (PID=2688) to work on /opt/airflow/dags/driven_data_pipeline.py
[2026-06-18T04:00:25.574+0000] {processor.py:914} INFO - Processing file /opt/airflow/dags/driven_data_pipeline.py for tasks to queue
[2026-06-18T04:00:25.575+0000] {logging_mixin.py:190} INFO - [2026-06-18T04:00:25.575+0000] {dagbag.py:588} INFO - Filling up the DagBag from /opt/airflow/dags/driven_data_pipeline.py
[2026-06-18T04:00:25.658+0000] {processor.py:925} INFO - DAG(s) 'extract_raw_data_pipeline' retrieved from /opt/airflow/dags/driven_data_pipeline.py
[2026-06-18T04:00:25.672+0000] {logging_mixin.py:190} INFO - [2026-06-18T04:00:25.672+0000] {dag.py:3239} INFO - Sync 1 DAGs
[2026-06-18T04:00:25.685+0000] {logging_mixin.py:190} INFO - [2026-06-18T04:00:25.685+0000] {dag.py:4180} INFO - Setting next_dagrun for extract_raw_data_pipeline to 2026-06-17 07:59:00+00:00, run_after=2026-06-18 07:00:00+00:00
[2026-06-18T04:00:25.698+0000] {processor.py:208} INFO - Processing /opt/airflow/dags/driven_data_pipeline.py took 0.129 seconds
[2026-06-18T04:00:55.809+0000] {processor.py:186} INFO - Started process (PID=2696) to work on /opt/airflow/dags/driven_data_pipeline.py
[2026-06-18T04:00:55.809+0000] {processor.py:914} INFO - Processing file /opt/airflow/dags/driven_data_pipeline.py for tasks to queue
[2026-06-18T04:00:55.810+0000] {logging_mixin.py:190} INFO - [2026-06-18T04:00:55.810+0000] {dagbag.py:588} INFO - Filling up the DagBag from /opt/airflow/dags/driven_data_pipeline.py
[2026-06-18T04:00:55.920+0000] {processor.py:925} INFO - DAG(s) 'extract_raw_data_pipeline' retrieved from /opt/airflow/dags/driven_data_pipeline.py
[2026-06-18T04:00:55.937+0000] {logging_mixin.py:190} INFO - [2026-06-18T04:00:55.937+0000] {dag.py:3239} INFO - Sync 1 DAGs
[2026-06-18T04:00:55.954+0000] {logging_mixin.py:190} INFO - [2026-06-18T04:00:55.953+0000] {dag.py:4180} INFO - Setting next_dagrun for extract_raw_data_pipeline to 2026-06-17 07:59:00+00:00, run_after=2026-06-18 07:00:00+00:00
[2026-06-18T04:00:55.966+0000] {processor.py:208} INFO - Processing /opt/airflow/dags/driven_data_pipeline.py took 0.161 seconds
[2026-06-18T04:01:26.178+0000] {processor.py:186} INFO - Started process (PID=2704) to work on /opt/airflow/dags/driven_data_pipeline.py
[2026-06-18T04:01:26.179+0000] {processor.py:914} INFO - Processing file /opt/airflow/dags/driven_data_pipeline.py for tasks to queue
[2026-06-18T04:01:26.179+0000] {logging_mixin.py:190} INFO - [2026-06-18T04:01:26.179+0000] {dagbag.py:588} INFO - Filling up the DagBag from /opt/airflow/dags/driven_data_pipeline.py
[2026-06-18T04:01:26.267+0000] {processor.py:925} INFO - DAG(s) 'extract_raw_data_pipeline' retrieved from /opt/airflow/dags/driven_data_pipeline.py
[2026-06-18T04:01:26.281+0000] {logging_mixin.py:190} INFO - [2026-06-18T04:01:26.281+0000] {dag.py:3239} INFO - Sync 1 DAGs
[2026-06-18T04:01:26.294+0000] {logging_mixin.py:190} INFO - [2026-06-18T04:01:26.294+0000] {dag.py:4180} INFO - Setting next_dagrun for extract_raw_data_pipeline to 2026-06-17 07:59:00+00:00, run_after=2026-06-18 07:00:00+00:00
[2026-06-18T04:01:26.306+0000] {processor.py:208} INFO - Processing /opt/airflow/dags/driven_data_pipeline.py took 0.133 seconds
[2026-06-18T04:01:56.511+0000] {processor.py:186} INFO - Started process (PID=2712) to work on /opt/airflow/dags/driven_data_pipeline.py
[2026-06-18T04:01:56.512+0000] {processor.py:914} INFO - Processing file /opt/airflow/dags/driven_data_pipeline.py for tasks to queue
[2026-06-18T04:01:56.513+0000] {logging_mixin.py:190} INFO - [2026-06-18T04:01:56.512+0000] {dagbag.py:588} INFO - Filling up the DagBag from /opt/airflow/dags/driven_data_pipeline.py
[2026-06-18T04:01:56.605+0000] {processor.py:925} INFO - DAG(s) 'extract_raw_data_pipeline' retrieved from /opt/airflow/dags/driven_data_pipeline.py
[2026-06-18T04:01:56.618+0000] {logging_mixin.py:190} INFO - [2026-06-18T04:01:56.618+0000] {dag.py:3239} INFO - Sync 1 DAGs
[2026-06-18T04:01:56.631+0000] {logging_mixin.py:190} INFO - [2026-06-18T04:01:56.631+0000] {dag.py:4180} INFO - Setting next_dagrun for extract_raw_data_pipeline to 2026-06-17 07:59:00+00:00, run_after=2026-06-18 07:00:00+00:00
[2026-06-18T04:01:56.643+0000] {processor.py:208} INFO - Processing /opt/airflow/dags/driven_data_pipeline.py took 0.137 seconds
[2026-06-18T04:02:26.835+0000] {processor.py:186} INFO - Started process (PID=2720) to work on /opt/airflow/dags/driven_data_pipeline.py
[2026-06-18T04:02:26.835+0000] {processor.py:914} INFO - Processing file /opt/airflow/dags/driven_data_pipeline.py for tasks to queue
[2026-06-18T04:02:26.836+0000] {logging_mixin.py:190} INFO - [2026-06-18T04:02:26.836+0000] {dagbag.py:588} INFO - Filling up the DagBag from /opt/airflow/dags/driven_data_pipeline.py
[2026-06-18T04:02:26.933+0000] {processor.py:925} INFO - DAG(s) 'extract_raw_data_pipeline' retrieved from /opt/airflow/dags/driven_data_pipeline.py
[2026-06-18T04:02:26.947+0000] {logging_mixin.py:190} INFO - [2026-06-18T04:02:26.947+0000] {dag.py:3239} INFO - Sync 1 DAGs
[2026-06-18T04:02:26.962+0000] {logging_mixin.py:190} INFO - [2026-06-18T04:02:26.962+0000] {dag.py:4180} INFO - Setting next_dagrun for extract_raw_data_pipeline to 2026-06-17 07:59:00+00:00, run_after=2026-06-18 07:00:00+00:00
[2026-06-18T04:02:26.974+0000] {processor.py:208} INFO - Processing /opt/airflow/dags/driven_data_pipeline.py took 0.143 seconds
[2026-06-18T04:02:57.188+0000] {processor.py:186} INFO - Started process (PID=2728) to work on /opt/airflow/dags/driven_data_pipeline.py
[2026-06-18T04:02:57.190+0000] {processor.py:914} INFO - Processing file /opt/airflow/dags/driven_data_pipeline.py for tasks to queue
[2026-06-18T04:02:57.191+0000] {logging_mixin.py:190} INFO - [2026-06-18T04:02:57.191+0000] {dagbag.py:588} INFO - Filling up the DagBag from /opt/airflow/dags/driven_data_pipeline.py
[2026-06-18T04:02:57.316+0000] {processor.py:925} INFO - DAG(s) 'extract_raw_data_pipeline' retrieved from /opt/airflow/dags/driven_data_pipeline.py
[2026-06-18T04:02:57.335+0000] {logging_mixin.py:190} INFO - [2026-06-18T04:02:57.335+0000] {dag.py:3239} INFO - Sync 1 DAGs
[2026-06-18T04:02:57.352+0000] {logging_mixin.py:190} INFO - [2026-06-18T04:02:57.352+0000] {dag.py:4180} INFO - Setting next_dagrun for extract_raw_data_pipeline to 2026-06-17 07:59:00+00:00, run_after=2026-06-18 07:00:00+00:00
[2026-06-18T04:02:57.367+0000] {processor.py:208} INFO - Processing /opt/airflow/dags/driven_data_pipeline.py took 0.183 seconds
[2026-06-18T04:03:27.455+0000] {processor.py:186} INFO - Started process (PID=2736) to work on /opt/airflow/dags/driven_data_pipeline.py
[2026-06-18T04:03:27.456+0000] {processor.py:914} INFO - Processing file /opt/airflow/dags/driven_data_pipeline.py for tasks to queue
[2026-06-18T04:03:27.457+0000] {logging_mixin.py:190} INFO - [2026-06-18T04:03:27.457+0000] {dagbag.py:588} INFO - Filling up the DagBag from /opt/airflow/dags/driven_data_pipeline.py
[2026-06-18T04:03:27.553+0000] {processor.py:925} INFO - DAG(s) 'extract_raw_data_pipeline' retrieved from /opt/airflow/dags/driven_data_pipeline.py
[2026-06-18T04:03:27.572+0000] {logging_mixin.py:190} INFO - [2026-06-18T04:03:27.572+0000] {dag.py:3239} INFO - Sync 1 DAGs
[2026-06-18T04:03:27.587+0000] {logging_mixin.py:190} INFO - [2026-06-18T04:03:27.587+0000] {dag.py:4180} INFO - Setting next_dagrun for extract_raw_data_pipeline to 2026-06-17 07:59:00+00:00, run_after=2026-06-18 07:00:00+00:00
[2026-06-18T04:03:27.601+0000] {processor.py:208} INFO - Processing /opt/airflow/dags/driven_data_pipeline.py took 0.151 seconds
[2026-06-18T04:03:57.648+0000] {processor.py:186} INFO - Started process (PID=2744) to work on /opt/airflow/dags/driven_data_pipeline.py
[2026-06-18T04:03:57.649+0000] {processor.py:914} INFO - Processing file /opt/airflow/dags/driven_data_pipeline.py for tasks to queue
[2026-06-18T04:03:57.650+0000] {logging_mixin.py:190} INFO - [2026-06-18T04:03:57.650+0000] {dagbag.py:588} INFO - Filling up the DagBag from /opt/airflow/dags/driven_data_pipeline.py
[2026-06-18T04:03:57.750+0000] {processor.py:925} INFO - DAG(s) 'extract_raw_data_pipeline' retrieved from /opt/airflow/dags/driven_data_pipeline.py
[2026-06-18T04:03:57.767+0000] {logging_mixin.py:190} INFO - [2026-06-18T04:03:57.767+0000] {dag.py:3239} INFO - Sync 1 DAGs
[2026-06-18T04:03:57.781+0000] {logging_mixin.py:190} INFO - [2026-06-18T04:03:57.781+0000] {dag.py:4180} INFO - Setting next_dagrun for extract_raw_data_pipeline to 2026-06-17 07:59:00+00:00, run_after=2026-06-18 07:00:00+00:00
[2026-06-18T04:03:57.794+0000] {processor.py:208} INFO - Processing /opt/airflow/dags/driven_data_pipeline.py took 0.150 seconds
[2026-06-18T20:05:44.367+0000] {processor.py:186} INFO - Started process (PID=70) to work on /opt/airflow/dags/driven_data_pipeline.py
[2026-06-18T20:05:44.370+0000] {processor.py:914} INFO - Processing file /opt/airflow/dags/driven_data_pipeline.py for tasks to queue
[2026-06-18T20:05:44.373+0000] {logging_mixin.py:190} INFO - [2026-06-18T20:05:44.372+0000] {dagbag.py:588} INFO - Filling up the DagBag from /opt/airflow/dags/driven_data_pipeline.py
[2026-06-18T20:05:44.888+0000] {processor.py:925} INFO - DAG(s) 'extract_raw_data_pipeline' retrieved from /opt/airflow/dags/driven_data_pipeline.py
[2026-06-18T20:05:44.911+0000] {logging_mixin.py:190} INFO - [2026-06-18T20:05:44.911+0000] {dag.py:3239} INFO - Sync 1 DAGs
[2026-06-18T20:05:44.927+0000] {logging_mixin.py:190} INFO - [2026-06-18T20:05:44.927+0000] {dag.py:4180} INFO - Setting next_dagrun for extract_raw_data_pipeline to 2026-06-18 07:59:00+00:00, run_after=2026-06-19 07:00:00+00:00
[2026-06-18T20:05:44.965+0000] {processor.py:208} INFO - Processing /opt/airflow/dags/driven_data_pipeline.py took 0.602 seconds
[2026-06-18T20:06:15.362+0000] {processor.py:186} INFO - Started process (PID=82) to work on /opt/airflow/dags/driven_data_pipeline.py
[2026-06-18T20:06:15.363+0000] {processor.py:914} INFO - Processing file /opt/airflow/dags/driven_data_pipeline.py for tasks to queue
[2026-06-18T20:06:15.365+0000] {logging_mixin.py:190} INFO - [2026-06-18T20:06:15.365+0000] {dagbag.py:588} INFO - Filling up the DagBag from /opt/airflow/dags/driven_data_pipeline.py
[2026-06-18T20:06:15.677+0000] {processor.py:925} INFO - DAG(s) 'extract_raw_data_pipeline' retrieved from /opt/airflow/dags/driven_data_pipeline.py
[2026-06-18T20:06:15.690+0000] {logging_mixin.py:190} INFO - [2026-06-18T20:06:15.690+0000] {dag.py:3239} INFO - Sync 1 DAGs
[2026-06-18T20:06:15.719+0000] {logging_mixin.py:190} INFO - [2026-06-18T20:06:15.719+0000] {dag.py:4180} INFO - Setting next_dagrun for extract_raw_data_pipeline to 2026-06-18 07:59:00+00:00, run_after=2026-06-19 07:00:00+00:00
[2026-06-18T20:06:15.732+0000] {processor.py:208} INFO - Processing /opt/airflow/dags/driven_data_pipeline.py took 0.374 seconds
[2026-06-18T20:06:46.250+0000] {processor.py:186} INFO - Started process (PID=90) to work on /opt/airflow/dags/driven_data_pipeline.py
[2026-06-18T20:06:46.251+0000] {processor.py:914} INFO - Processing file /opt/airflow/dags/driven_data_pipeline.py for tasks to queue
[2026-06-18T20:06:46.253+0000] {logging_mixin.py:190} INFO - [2026-06-18T20:06:46.253+0000] {dagbag.py:588} INFO - Filling up the DagBag from /opt/airflow/dags/driven_data_pipeline.py
[2026-06-18T20:06:46.454+0000] {processor.py:925} INFO - DAG(s) 'extract_raw_data_pipeline' retrieved from /opt/airflow/dags/driven_data_pipeline.py
[2026-06-18T20:06:46.468+0000] {logging_mixin.py:190} INFO - [2026-06-18T20:06:46.468+0000] {dag.py:3239} INFO - Sync 1 DAGs
[2026-06-18T20:06:46.480+0000] {logging_mixin.py:190} INFO - [2026-06-18T20:06:46.480+0000] {dag.py:4180} INFO - Setting next_dagrun for extract_raw_data_pipeline to 2026-06-18 07:59:00+00:00, run_after=2026-06-19 07:00:00+00:00
[2026-06-18T20:06:46.493+0000] {processor.py:208} INFO - Processing /opt/airflow/dags/driven_data_pipeline.py took 0.247 seconds
[2026-06-18T20:07:17.087+0000] {processor.py:186} INFO - Started process (PID=98) to work on /opt/airflow/dags/driven_data_pipeline.py
[2026-06-18T20:07:17.088+0000] {processor.py:914} INFO - Processing file /opt/airflow/dags/driven_data_pipeline.py for tasks to queue
[2026-06-18T20:07:17.090+0000] {logging_mixin.py:190} INFO - [2026-06-18T20:07:17.090+0000] {dagbag.py:588} INFO - Filling up the DagBag from /opt/airflow/dags/driven_data_pipeline.py
[2026-06-18T20:07:17.290+0000] {processor.py:925} INFO - DAG(s) 'extract_raw_data_pipeline' retrieved from /opt/airflow/dags/driven_data_pipeline.py
[2026-06-18T20:07:17.339+0000] {logging_mixin.py:190} INFO - [2026-06-18T20:07:17.339+0000] {dag.py:3239} INFO - Sync 1 DAGs
[2026-06-18T20:07:17.389+0000] {logging_mixin.py:190} INFO - [2026-06-18T20:07:17.389+0000] {dag.py:4180} INFO - Setting next_dagrun for extract_raw_data_pipeline to 2026-06-18 07:59:00+00:00, run_after=2026-06-19 07:00:00+00:00
[2026-06-18T20:07:17.434+0000] {processor.py:208} INFO - Processing /opt/airflow/dags/driven_data_pipeline.py took 0.351 seconds
[2026-06-18T20:07:47.895+0000] {processor.py:186} INFO - Started process (PID=106) to work on /opt/airflow/dags/driven_data_pipeline.py
[2026-06-18T20:07:47.896+0000] {processor.py:914} INFO - Processing file /opt/airflow/dags/driven_data_pipeline.py for tasks to queue
[2026-06-18T20:07:47.897+0000] {logging_mixin.py:190} INFO - [2026-06-18T20:07:47.897+0000] {dagbag.py:588} INFO - Filling up the DagBag from /opt/airflow/dags/driven_data_pipeline.py
[2026-06-18T20:07:48.072+0000] {processor.py:925} INFO - DAG(s) 'extract_raw_data_pipeline' retrieved from /opt/airflow/dags/driven_data_pipeline.py
[2026-06-18T20:07:48.084+0000] {logging_mixin.py:190} INFO - [2026-06-18T20:07:48.084+0000] {dag.py:3239} INFO - Sync 1 DAGs
[2026-06-18T20:07:48.095+0000] {logging_mixin.py:190} INFO - [2026-06-18T20:07:48.095+0000] {dag.py:4180} INFO - Setting next_dagrun for extract_raw_data_pipeline to 2026-06-18 07:59:00+00:00, run_after=2026-06-19 07:00:00+00:00
[2026-06-18T20:07:48.108+0000] {processor.py:208} INFO - Processing /opt/airflow/dags/driven_data_pipeline.py took 0.216 seconds
[2026-06-18T20:08:18.210+0000] {processor.py:186} INFO - Started process (PID=114) to work on /opt/airflow/dags/driven_data_pipeline.py
[2026-06-18T20:08:18.211+0000] {processor.py:914} INFO - Processing file /opt/airflow/dags/driven_data_pipeline.py for tasks to queue
[2026-06-18T20:08:18.213+0000] {logging_mixin.py:190} INFO - [2026-06-18T20:08:18.213+0000] {dagbag.py:588} INFO - Filling up the DagBag from /opt/airflow/dags/driven_data_pipeline.py
[2026-06-18T20:08:18.418+0000] {processor.py:925} INFO - DAG(s) 'extract_raw_data_pipeline' retrieved from /opt/airflow/dags/driven_data_pipeline.py
[2026-06-18T20:08:18.430+0000] {logging_mixin.py:190} INFO - [2026-06-18T20:08:18.430+0000] {dag.py:3239} INFO - Sync 1 DAGs
[2026-06-18T20:08:18.442+0000] {logging_mixin.py:190} INFO - [2026-06-18T20:08:18.442+0000] {dag.py:4180} INFO - Setting next_dagrun for extract_raw_data_pipeline to 2026-06-18 07:59:00+00:00, run_after=2026-06-19 07:00:00+00:00
[2026-06-18T20:08:18.453+0000] {processor.py:208} INFO - Processing /opt/airflow/dags/driven_data_pipeline.py took 0.247 seconds
[2026-06-18T20:08:48.705+0000] {processor.py:186} INFO - Started process (PID=122) to work on /opt/airflow/dags/driven_data_pipeline.py
[2026-06-18T20:08:48.706+0000] {processor.py:914} INFO - Processing file /opt/airflow/dags/driven_data_pipeline.py for tasks to queue
[2026-06-18T20:08:48.708+0000] {logging_mixin.py:190} INFO - [2026-06-18T20:08:48.707+0000] {dagbag.py:588} INFO - Filling up the DagBag from /opt/airflow/dags/driven_data_pipeline.py
[2026-06-18T20:08:48.802+0000] {processor.py:925} INFO - DAG(s) 'extract_raw_data_pipeline' retrieved from /opt/airflow/dags/driven_data_pipeline.py
[2026-06-18T20:08:48.818+0000] {logging_mixin.py:190} INFO - [2026-06-18T20:08:48.818+0000] {dag.py:3239} INFO - Sync 1 DAGs
[2026-06-18T20:08:48.833+0000] {logging_mixin.py:190} INFO - [2026-06-18T20:08:48.833+0000] {dag.py:4180} INFO - Setting next_dagrun for extract_raw_data_pipeline to 2026-06-18 07:59:00+00:00, run_after=2026-06-19 07:00:00+00:00
[2026-06-18T20:08:48.847+0000] {processor.py:208} INFO - Processing /opt/airflow/dags/driven_data_pipeline.py took 0.147 seconds
[2026-06-18T20:09:18.980+0000] {processor.py:186} INFO - Started process (PID=129) to work on /opt/airflow/dags/driven_data_pipeline.py
[2026-06-18T20:09:18.981+0000] {processor.py:914} INFO - Processing file /opt/airflow/dags/driven_data_pipeline.py for tasks to queue
[2026-06-18T20:09:18.982+0000] {logging_mixin.py:190} INFO - [2026-06-18T20:09:18.982+0000] {dagbag.py:588} INFO - Filling up the DagBag from /opt/airflow/dags/driven_data_pipeline.py
[2026-06-18T20:09:19.086+0000] {processor.py:925} INFO - DAG(s) 'extract_raw_data_pipeline' retrieved from /opt/airflow/dags/driven_data_pipeline.py
[2026-06-18T20:09:19.102+0000] {logging_mixin.py:190} INFO - [2026-06-18T20:09:19.102+0000] {dag.py:3239} INFO - Sync 1 DAGs
[2026-06-18T20:09:19.116+0000] {logging_mixin.py:190} INFO - [2026-06-18T20:09:19.116+0000] {dag.py:4180} INFO - Setting next_dagrun for extract_raw_data_pipeline to 2026-06-18 07:59:00+00:00, run_after=2026-06-19 07:00:00+00:00
[2026-06-18T20:09:19.131+0000] {processor.py:208} INFO - Processing /opt/airflow/dags/driven_data_pipeline.py took 0.154 seconds
[2026-06-18T20:09:49.296+0000] {processor.py:186} INFO - Started process (PID=137) to work on /opt/airflow/dags/driven_data_pipeline.py
[2026-06-18T20:09:49.297+0000] {processor.py:914} INFO - Processing file /opt/airflow/dags/driven_data_pipeline.py for tasks to queue
[2026-06-18T20:09:49.299+0000] {logging_mixin.py:190} INFO - [2026-06-18T20:09:49.299+0000] {dagbag.py:588} INFO - Filling up the DagBag from /opt/airflow/dags/driven_data_pipeline.py
[2026-06-18T20:09:49.413+0000] {processor.py:925} INFO - DAG(s) 'extract_raw_data_pipeline' retrieved from /opt/airflow/dags/driven_data_pipeline.py
[2026-06-18T20:09:49.429+0000] {logging_mixin.py:190} INFO - [2026-06-18T20:09:49.429+0000] {dag.py:3239} INFO - Sync 1 DAGs
[2026-06-18T20:09:49.442+0000] {logging_mixin.py:190} INFO - [2026-06-18T20:09:49.442+0000] {dag.py:4180} INFO - Setting next_dagrun for extract_raw_data_pipeline to 2026-06-18 07:59:00+00:00, run_after=2026-06-19 07:00:00+00:00
[2026-06-18T20:09:49.455+0000] {processor.py:208} INFO - Processing /opt/airflow/dags/driven_data_pipeline.py took 0.164 seconds
[2026-06-18T20:10:19.546+0000] {processor.py:186} INFO - Started process (PID=151) to work on /opt/airflow/dags/driven_data_pipeline.py
[2026-06-18T20:10:19.547+0000] {processor.py:914} INFO - Processing file /opt/airflow/dags/driven_data_pipeline.py for tasks to queue
[2026-06-18T20:10:19.548+0000] {logging_mixin.py:190} INFO - [2026-06-18T20:10:19.548+0000] {dagbag.py:588} INFO - Filling up the DagBag from /opt/airflow/dags/driven_data_pipeline.py
[2026-06-18T20:10:19.645+0000] {processor.py:925} INFO - DAG(s) 'extract_raw_data_pipeline' retrieved from /opt/airflow/dags/driven_data_pipeline.py
[2026-06-18T20:10:19.662+0000] {logging_mixin.py:190} INFO - [2026-06-18T20:10:19.662+0000] {dag.py:3239} INFO - Sync 1 DAGs
[2026-06-18T20:10:19.676+0000] {logging_mixin.py:190} INFO - [2026-06-18T20:10:19.676+0000] {dag.py:4180} INFO - Setting next_dagrun for extract_raw_data_pipeline to 2026-06-18 07:59:00+00:00, run_after=2026-06-19 07:00:00+00:00
[2026-06-18T20:10:19.691+0000] {processor.py:208} INFO - Processing /opt/airflow/dags/driven_data_pipeline.py took 0.149 seconds
[2026-06-18T20:10:49.898+0000] {processor.py:186} INFO - Started process (PID=159) to work on /opt/airflow/dags/driven_data_pipeline.py
[2026-06-18T20:10:49.981+0000] {processor.py:914} INFO - Processing file /opt/airflow/dags/driven_data_pipeline.py for tasks to queue
[2026-06-18T20:10:49.989+0000] {logging_mixin.py:190} INFO - [2026-06-18T20:10:49.989+0000] {dagbag.py:588} INFO - Filling up the DagBag from /opt/airflow/dags/driven_data_pipeline.py
[2026-06-18T20:10:50.164+0000] {processor.py:925} INFO - DAG(s) 'extract_raw_data_pipeline' retrieved from /opt/airflow/dags/driven_data_pipeline.py
[2026-06-18T20:10:50.181+0000] {logging_mixin.py:190} INFO - [2026-06-18T20:10:50.180+0000] {dag.py:3239} INFO - Sync 1 DAGs
[2026-06-18T20:10:50.200+0000] {logging_mixin.py:190} INFO - [2026-06-18T20:10:50.200+0000] {dag.py:4180} INFO - Setting next_dagrun for extract_raw_data_pipeline to 2026-06-18 07:59:00+00:00, run_after=2026-06-19 07:00:00+00:00
[2026-06-18T20:10:50.215+0000] {processor.py:208} INFO - Processing /opt/airflow/dags/driven_data_pipeline.py took 0.321 seconds
[2026-06-18T20:11:20.417+0000] {processor.py:186} INFO - Started process (PID=167) to work on /opt/airflow/dags/driven_data_pipeline.py
[2026-06-18T20:11:20.418+0000] {processor.py:914} INFO - Processing file /opt/airflow/dags/driven_data_pipeline.py for tasks to queue
[2026-06-18T20:11:20.420+0000] {logging_mixin.py:190} INFO - [2026-06-18T20:11:20.420+0000] {dagbag.py:588} INFO - Filling up the DagBag from /opt/airflow/dags/driven_data_pipeline.py
[2026-06-18T20:11:20.533+0000] {processor.py:925} INFO - DAG(s) 'extract_raw_data_pipeline' retrieved from /opt/airflow/dags/driven_data_pipeline.py
[2026-06-18T20:11:20.551+0000] {logging_mixin.py:190} INFO - [2026-06-18T20:11:20.551+0000] {dag.py:3239} INFO - Sync 1 DAGs
[2026-06-18T20:11:20.565+0000] {logging_mixin.py:190} INFO - [2026-06-18T20:11:20.565+0000] {dag.py:4180} INFO - Setting next_dagrun for extract_raw_data_pipeline to 2026-06-18 07:59:00+00:00, run_after=2026-06-19 07:00:00+00:00
[2026-06-18T20:11:20.578+0000] {processor.py:208} INFO - Processing /opt/airflow/dags/driven_data_pipeline.py took 0.166 seconds
[2026-06-18T20:11:50.601+0000] {processor.py:186} INFO - Started process (PID=175) to work on /opt/airflow/dags/driven_data_pipeline.py
[2026-06-18T20:11:50.601+0000] {processor.py:914} INFO - Processing file /opt/airflow/dags/driven_data_pipeline.py for tasks to queue
[2026-06-18T20:11:50.603+0000] {logging_mixin.py:190} INFO - [2026-06-18T20:11:50.603+0000] {dagbag.py:588} INFO - Filling up the DagBag from /opt/airflow/dags/driven_data_pipeline.py
[2026-06-18T20:11:50.696+0000] {processor.py:925} INFO - DAG(s) 'extract_raw_data_pipeline' retrieved from /opt/airflow/dags/driven_data_pipeline.py
[2026-06-18T20:11:50.713+0000] {logging_mixin.py:190} INFO - [2026-06-18T20:11:50.713+0000] {dag.py:3239} INFO - Sync 1 DAGs
[2026-06-18T20:11:50.727+0000] {logging_mixin.py:190} INFO - [2026-06-18T20:11:50.727+0000] {dag.py:4180} INFO - Setting next_dagrun for extract_raw_data_pipeline to 2026-06-18 07:59:00+00:00, run_after=2026-06-19 07:00:00+00:00
[2026-06-18T20:11:50.740+0000] {processor.py:208} INFO - Processing /opt/airflow/dags/driven_data_pipeline.py took 0.142 seconds
[2026-06-18T20:12:20.899+0000] {processor.py:186} INFO - Started process (PID=183) to work on /opt/airflow/dags/driven_data_pipeline.py
[2026-06-18T20:12:20.900+0000] {processor.py:914} INFO - Processing file /opt/airflow/dags/driven_data_pipeline.py for tasks to queue
[2026-06-18T20:12:20.901+0000] {logging_mixin.py:190} INFO - [2026-06-18T20:12:20.901+0000] {dagbag.py:588} INFO - Filling up the DagBag from /opt/airflow/dags/driven_data_pipeline.py
[2026-06-18T20:12:21.005+0000] {processor.py:925} INFO - DAG(s) 'extract_raw_data_pipeline' retrieved from /opt/airflow/dags/driven_data_pipeline.py
[2026-06-18T20:12:21.022+0000] {logging_mixin.py:190} INFO - [2026-06-18T20:12:21.022+0000] {dag.py:3239} INFO - Sync 1 DAGs
[2026-06-18T20:12:21.037+0000] {logging_mixin.py:190} INFO - [2026-06-18T20:12:21.037+0000] {dag.py:4180} INFO - Setting next_dagrun for extract_raw_data_pipeline to 2026-06-18 07:59:00+00:00, run_after=2026-06-19 07:00:00+00:00
[2026-06-18T20:12:21.053+0000] {processor.py:208} INFO - Processing /opt/airflow/dags/driven_data_pipeline.py took 0.158 seconds
[2026-06-18T20:12:51.142+0000] {processor.py:186} INFO - Started process (PID=190) to work on /opt/airflow/dags/driven_data_pipeline.py
[2026-06-18T20:12:51.145+0000] {processor.py:914} INFO - Processing file /opt/airflow/dags/driven_data_pipeline.py for tasks to queue
[2026-06-18T20:12:51.147+0000] {logging_mixin.py:190} INFO - [2026-06-18T20:12:51.147+0000] {dagbag.py:588} INFO - Filling up the DagBag from /opt/airflow/dags/driven_data_pipeline.py
[2026-06-18T20:12:51.259+0000] {processor.py:925} INFO - DAG(s) 'extract_raw_data_pipeline' retrieved from /opt/airflow/dags/driven_data_pipeline.py
[2026-06-18T20:12:51.277+0000] {logging_mixin.py:190} INFO - [2026-06-18T20:12:51.277+0000] {dag.py:3239} INFO - Sync 1 DAGs
[2026-06-18T20:12:51.293+0000] {logging_mixin.py:190} INFO - [2026-06-18T20:12:51.293+0000] {dag.py:4180} INFO - Setting next_dagrun for extract_raw_data_pipeline to 2026-06-18 07:59:00+00:00, run_after=2026-06-19 07:00:00+00:00
[2026-06-18T20:12:51.306+0000] {processor.py:208} INFO - Processing /opt/airflow/dags/driven_data_pipeline.py took 0.168 seconds
[2026-06-18T20:13:21.510+0000] {processor.py:186} INFO - Started process (PID=198) to work on /opt/airflow/dags/driven_data_pipeline.py
[2026-06-18T20:13:21.510+0000] {processor.py:914} INFO - Processing file /opt/airflow/dags/driven_data_pipeline.py for tasks to queue
[2026-06-18T20:13:21.512+0000] {logging_mixin.py:190} INFO - [2026-06-18T20:13:21.512+0000] {dagbag.py:588} INFO - Filling up the DagBag from /opt/airflow/dags/driven_data_pipeline.py
[2026-06-18T20:13:21.604+0000] {processor.py:925} INFO - DAG(s) 'extract_raw_data_pipeline' retrieved from /opt/airflow/dags/driven_data_pipeline.py
[2026-06-18T20:13:21.620+0000] {logging_mixin.py:190} INFO - [2026-06-18T20:13:21.620+0000] {dag.py:3239} INFO - Sync 1 DAGs
[2026-06-18T20:13:21.634+0000] {logging_mixin.py:190} INFO - [2026-06-18T20:13:21.634+0000] {dag.py:4180} INFO - Setting next_dagrun for extract_raw_data_pipeline to 2026-06-18 07:59:00+00:00, run_after=2026-06-19 07:00:00+00:00
[2026-06-18T20:13:21.649+0000] {processor.py:208} INFO - Processing /opt/airflow/dags/driven_data_pipeline.py took 0.143 seconds
[2026-06-18T20:13:51.802+0000] {processor.py:186} INFO - Started process (PID=206) to work on /opt/airflow/dags/driven_data_pipeline.py
[2026-06-18T20:13:51.803+0000] {processor.py:914} INFO - Processing file /opt/airflow/dags/driven_data_pipeline.py for tasks to queue
[2026-06-18T20:13:51.805+0000] {logging_mixin.py:190} INFO - [2026-06-18T20:13:51.804+0000] {dagbag.py:588} INFO - Filling up the DagBag from /opt/airflow/dags/driven_data_pipeline.py
[2026-06-18T20:13:51.937+0000] {processor.py:925} INFO - DAG(s) 'extract_raw_data_pipeline' retrieved from /opt/airflow/dags/driven_data_pipeline.py
[2026-06-18T20:13:51.954+0000] {logging_mixin.py:190} INFO - [2026-06-18T20:13:51.953+0000] {dag.py:3239} INFO - Sync 1 DAGs
[2026-06-18T20:13:51.968+0000] {logging_mixin.py:190} INFO - [2026-06-18T20:13:51.968+0000] {dag.py:4180} INFO - Setting next_dagrun for extract_raw_data_pipeline to 2026-06-18 07:59:00+00:00, run_after=2026-06-19 07:00:00+00:00
[2026-06-18T20:13:51.981+0000] {processor.py:208} INFO - Processing /opt/airflow/dags/driven_data_pipeline.py took 0.183 seconds
[2026-06-18T20:14:22.259+0000] {processor.py:186} INFO - Started process (PID=214) to work on /opt/airflow/dags/driven_data_pipeline.py
[2026-06-18T20:14:22.260+0000] {processor.py:914} INFO - Processing file /opt/airflow/dags/driven_data_pipeline.py for tasks to queue
[2026-06-18T20:14:22.262+0000] {logging_mixin.py:190} INFO - [2026-06-18T20:14:22.261+0000] {dagbag.py:588} INFO - Filling up the DagBag from /opt/airflow/dags/driven_data_pipeline.py
[2026-06-18T20:14:22.363+0000] {processor.py:925} INFO - DAG(s) 'extract_raw_data_pipeline' retrieved from /opt/airflow/dags/driven_data_pipeline.py
[2026-06-18T20:14:22.379+0000] {logging_mixin.py:190} INFO - [2026-06-18T20:14:22.379+0000] {dag.py:3239} INFO - Sync 1 DAGs
[2026-06-18T20:14:22.393+0000] {logging_mixin.py:190} INFO - [2026-06-18T20:14:22.393+0000] {dag.py:4180} INFO - Setting next_dagrun for extract_raw_data_pipeline to 2026-06-18 07:59:00+00:00, run_after=2026-06-19 07:00:00+00:00
[2026-06-18T20:14:22.407+0000] {processor.py:208} INFO - Processing /opt/airflow/dags/driven_data_pipeline.py took 0.151 seconds
[2026-06-18T20:14:52.513+0000] {processor.py:186} INFO - Started process (PID=222) to work on /opt/airflow/dags/driven_data_pipeline.py
[2026-06-18T20:14:52.514+0000] {processor.py:914} INFO - Processing file /opt/airflow/dags/driven_data_pipeline.py for tasks to queue
[2026-06-18T20:14:52.515+0000] {logging_mixin.py:190} INFO - [2026-06-18T20:14:52.515+0000] {dagbag.py:588} INFO - Filling up the DagBag from /opt/airflow/dags/driven_data_pipeline.py
[2026-06-18T20:14:52.611+0000] {processor.py:925} INFO - DAG(s) 'extract_raw_data_pipeline' retrieved from /opt/airflow/dags/driven_data_pipeline.py
[2026-06-18T20:14:52.630+0000] {logging_mixin.py:190} INFO - [2026-06-18T20:14:52.630+0000] {dag.py:3239} INFO - Sync 1 DAGs
[2026-06-18T20:14:52.647+0000] {logging_mixin.py:190} INFO - [2026-06-18T20:14:52.646+0000] {dag.py:4180} INFO - Setting next_dagrun for extract_raw_data_pipeline to 2026-06-18 07:59:00+00:00, run_after=2026-06-19 07:00:00+00:00
[2026-06-18T20:14:52.661+0000] {processor.py:208} INFO - Processing /opt/airflow/dags/driven_data_pipeline.py took 0.152 seconds
[2026-06-18T20:15:22.936+0000] {processor.py:186} INFO - Started process (PID=230) to work on /opt/airflow/dags/driven_data_pipeline.py
[2026-06-18T20:15:22.937+0000] {processor.py:914} INFO - Processing file /opt/airflow/dags/driven_data_pipeline.py for tasks to queue
[2026-06-18T20:15:22.938+0000] {logging_mixin.py:190} INFO - [2026-06-18T20:15:22.938+0000] {dagbag.py:588} INFO - Filling up the DagBag from /opt/airflow/dags/driven_data_pipeline.py
[2026-06-18T20:15:23.032+0000] {processor.py:925} INFO - DAG(s) 'extract_raw_data_pipeline' retrieved from /opt/airflow/dags/driven_data_pipeline.py
[2026-06-18T20:15:23.049+0000] {logging_mixin.py:190} INFO - [2026-06-18T20:15:23.049+0000] {dag.py:3239} INFO - Sync 1 DAGs
[2026-06-18T20:15:23.063+0000] {logging_mixin.py:190} INFO - [2026-06-18T20:15:23.063+0000] {dag.py:4180} INFO - Setting next_dagrun for extract_raw_data_pipeline to 2026-06-18 07:59:00+00:00, run_after=2026-06-19 07:00:00+00:00
[2026-06-18T20:15:23.079+0000] {processor.py:208} INFO - Processing /opt/airflow/dags/driven_data_pipeline.py took 0.146 seconds
[2026-06-18T20:15:53.241+0000] {processor.py:186} INFO - Started process (PID=238) to work on /opt/airflow/dags/driven_data_pipeline.py
[2026-06-18T20:15:53.242+0000] {processor.py:914} INFO - Processing file /opt/airflow/dags/driven_data_pipeline.py for tasks to queue
[2026-06-18T20:15:53.244+0000] {logging_mixin.py:190} INFO - [2026-06-18T20:15:53.243+0000] {dagbag.py:588} INFO - Filling up the DagBag from /opt/airflow/dags/driven_data_pipeline.py
[2026-06-18T20:15:53.339+0000] {processor.py:925} INFO - DAG(s) 'extract_raw_data_pipeline' retrieved from /opt/airflow/dags/driven_data_pipeline.py
[2026-06-18T20:15:53.355+0000] {logging_mixin.py:190} INFO - [2026-06-18T20:15:53.355+0000] {dag.py:3239} INFO - Sync 1 DAGs
[2026-06-18T20:15:53.370+0000] {logging_mixin.py:190} INFO - [2026-06-18T20:15:53.369+0000] {dag.py:4180} INFO - Setting next_dagrun for extract_raw_data_pipeline to 2026-06-18 07:59:00+00:00, run_after=2026-06-19 07:00:00+00:00
[2026-06-18T20:15:53.383+0000] {processor.py:208} INFO - Processing /opt/airflow/dags/driven_data_pipeline.py took 0.145 seconds
[2026-06-18T20:16:23.529+0000] {processor.py:186} INFO - Started process (PID=246) to work on /opt/airflow/dags/driven_data_pipeline.py
[2026-06-18T20:16:23.530+0000] {processor.py:914} INFO - Processing file /opt/airflow/dags/driven_data_pipeline.py for tasks to queue
[2026-06-18T20:16:23.532+0000] {logging_mixin.py:190} INFO - [2026-06-18T20:16:23.532+0000] {dagbag.py:588} INFO - Filling up the DagBag from /opt/airflow/dags/driven_data_pipeline.py
[2026-06-18T20:16:23.904+0000] {processor.py:925} INFO - DAG(s) 'extract_raw_data_pipeline' retrieved from /opt/airflow/dags/driven_data_pipeline.py
[2026-06-18T20:16:23.926+0000] {logging_mixin.py:190} INFO - [2026-06-18T20:16:23.926+0000] {dag.py:3239} INFO - Sync 1 DAGs
[2026-06-18T20:16:23.939+0000] {logging_mixin.py:190} INFO - [2026-06-18T20:16:23.939+0000] {dag.py:4180} INFO - Setting next_dagrun for extract_raw_data_pipeline to 2026-06-18 07:59:00+00:00, run_after=2026-06-19 07:00:00+00:00
[2026-06-18T20:16:23.953+0000] {processor.py:208} INFO - Processing /opt/airflow/dags/driven_data_pipeline.py took 0.428 seconds
[2026-06-18T20:16:54.272+0000] {processor.py:186} INFO - Started process (PID=254) to work on /opt/airflow/dags/driven_data_pipeline.py
[2026-06-18T20:16:54.273+0000] {processor.py:914} INFO - Processing file /opt/airflow/dags/driven_data_pipeline.py for tasks to queue
[2026-06-18T20:16:54.275+0000] {logging_mixin.py:190} INFO - [2026-06-18T20:16:54.275+0000] {dagbag.py:588} INFO - Filling up the DagBag from /opt/airflow/dags/driven_data_pipeline.py
[2026-06-18T20:16:54.389+0000] {processor.py:925} INFO - DAG(s) 'extract_raw_data_pipeline' retrieved from /opt/airflow/dags/driven_data_pipeline.py
[2026-06-18T20:16:54.405+0000] {logging_mixin.py:190} INFO - [2026-06-18T20:16:54.405+0000] {dag.py:3239} INFO - Sync 1 DAGs
[2026-06-18T20:16:54.420+0000] {logging_mixin.py:190} INFO - [2026-06-18T20:16:54.420+0000] {dag.py:4180} INFO - Setting next_dagrun for extract_raw_data_pipeline to 2026-06-18 07:59:00+00:00, run_after=2026-06-19 07:00:00+00:00
[2026-06-18T20:16:54.432+0000] {processor.py:208} INFO - Processing /opt/airflow/dags/driven_data_pipeline.py took 0.166 seconds
[2026-06-18T20:17:24.660+0000] {processor.py:186} INFO - Started process (PID=262) to work on /opt/airflow/dags/driven_data_pipeline.py
[2026-06-18T20:17:24.662+0000] {processor.py:914} INFO - Processing file /opt/airflow/dags/driven_data_pipeline.py for tasks to queue
[2026-06-18T20:17:24.664+0000] {logging_mixin.py:190} INFO - [2026-06-18T20:17:24.664+0000] {dagbag.py:588} INFO - Filling up the DagBag from /opt/airflow/dags/driven_data_pipeline.py
[2026-06-18T20:17:24.783+0000] {processor.py:925} INFO - DAG(s) 'extract_raw_data_pipeline' retrieved from /opt/airflow/dags/driven_data_pipeline.py
[2026-06-18T20:17:24.798+0000] {logging_mixin.py:190} INFO - [2026-06-18T20:17:24.798+0000] {dag.py:3239} INFO - Sync 1 DAGs
[2026-06-18T20:17:24.811+0000] {logging_mixin.py:190} INFO - [2026-06-18T20:17:24.811+0000] {dag.py:4180} INFO - Setting next_dagrun for extract_raw_data_pipeline to 2026-06-18 07:59:00+00:00, run_after=2026-06-19 07:00:00+00:00
[2026-06-18T20:17:24.823+0000] {processor.py:208} INFO - Processing /opt/airflow/dags/driven_data_pipeline.py took 0.167 seconds
[2026-06-18T20:17:54.893+0000] {processor.py:186} INFO - Started process (PID=270) to work on /opt/airflow/dags/driven_data_pipeline.py
[2026-06-18T20:17:54.893+0000] {processor.py:914} INFO - Processing file /opt/airflow/dags/driven_data_pipeline.py for tasks to queue
[2026-06-18T20:17:54.895+0000] {logging_mixin.py:190} INFO - [2026-06-18T20:17:54.895+0000] {dagbag.py:588} INFO - Filling up the DagBag from /opt/airflow/dags/driven_data_pipeline.py
[2026-06-18T20:17:54.994+0000] {processor.py:925} INFO - DAG(s) 'extract_raw_data_pipeline' retrieved from /opt/airflow/dags/driven_data_pipeline.py
[2026-06-18T20:17:55.009+0000] {logging_mixin.py:190} INFO - [2026-06-18T20:17:55.009+0000] {dag.py:3239} INFO - Sync 1 DAGs
[2026-06-18T20:17:55.024+0000] {logging_mixin.py:190} INFO - [2026-06-18T20:17:55.023+0000] {dag.py:4180} INFO - Setting next_dagrun for extract_raw_data_pipeline to 2026-06-18 07:59:00+00:00, run_after=2026-06-19 07:00:00+00:00
[2026-06-18T20:17:55.036+0000] {processor.py:208} INFO - Processing /opt/airflow/dags/driven_data_pipeline.py took 0.147 seconds
[2026-06-18T20:18:25.207+0000] {processor.py:186} INFO - Started process (PID=278) to work on /opt/airflow/dags/driven_data_pipeline.py
[2026-06-18T20:18:25.208+0000] {processor.py:914} INFO - Processing file /opt/airflow/dags/driven_data_pipeline.py for tasks to queue
[2026-06-18T20:18:25.209+0000] {logging_mixin.py:190} INFO - [2026-06-18T20:18:25.209+0000] {dagbag.py:588} INFO - Filling up the DagBag from /opt/airflow/dags/driven_data_pipeline.py
[2026-06-18T20:18:25.305+0000] {processor.py:925} INFO - DAG(s) 'extract_raw_data_pipeline' retrieved from /opt/airflow/dags/driven_data_pipeline.py
[2026-06-18T20:18:25.320+0000] {logging_mixin.py:190} INFO - [2026-06-18T20:18:25.320+0000] {dag.py:3239} INFO - Sync 1 DAGs
[2026-06-18T20:18:25.338+0000] {logging_mixin.py:190} INFO - [2026-06-18T20:18:25.338+0000] {dag.py:4180} INFO - Setting next_dagrun for extract_raw_data_pipeline to 2026-06-18 07:59:00+00:00, run_after=2026-06-19 07:00:00+00:00
[2026-06-18T20:18:25.353+0000] {processor.py:208} INFO - Processing /opt/airflow/dags/driven_data_pipeline.py took 0.150 seconds
[2026-06-18T20:18:55.458+0000] {processor.py:186} INFO - Started process (PID=286) to work on /opt/airflow/dags/driven_data_pipeline.py
[2026-06-18T20:18:55.459+0000] {processor.py:914} INFO - Processing file /opt/airflow/dags/driven_data_pipeline.py for tasks to queue
[2026-06-18T20:18:55.461+0000] {logging_mixin.py:190} INFO - [2026-06-18T20:18:55.461+0000] {dagbag.py:588} INFO - Filling up the DagBag from /opt/airflow/dags/driven_data_pipeline.py
[2026-06-18T20:18:55.563+0000] {processor.py:925} INFO - DAG(s) 'extract_raw_data_pipeline' retrieved from /opt/airflow/dags/driven_data_pipeline.py
[2026-06-18T20:18:55.580+0000] {logging_mixin.py:190} INFO - [2026-06-18T20:18:55.580+0000] {dag.py:3239} INFO - Sync 1 DAGs
[2026-06-18T20:18:55.596+0000] {logging_mixin.py:190} INFO - [2026-06-18T20:18:55.596+0000] {dag.py:4180} INFO - Setting next_dagrun for extract_raw_data_pipeline to 2026-06-18 07:59:00+00:00, run_after=2026-06-19 07:00:00+00:00
[2026-06-18T20:18:55.610+0000] {processor.py:208} INFO - Processing /opt/airflow/dags/driven_data_pipeline.py took 0.157 seconds
[2026-06-18T20:19:25.830+0000] {processor.py:186} INFO - Started process (PID=294) to work on /opt/airflow/dags/driven_data_pipeline.py
[2026-06-18T20:19:25.831+0000] {processor.py:914} INFO - Processing file /opt/airflow/dags/driven_data_pipeline.py for tasks to queue
[2026-06-18T20:19:25.833+0000] {logging_mixin.py:190} INFO - [2026-06-18T20:19:25.833+0000] {dagbag.py:588} INFO - Filling up the DagBag from /opt/airflow/dags/driven_data_pipeline.py
[2026-06-18T20:19:25.946+0000] {processor.py:925} INFO - DAG(s) 'extract_raw_data_pipeline' retrieved from /opt/airflow/dags/driven_data_pipeline.py
[2026-06-18T20:19:25.962+0000] {logging_mixin.py:190} INFO - [2026-06-18T20:19:25.962+0000] {dag.py:3239} INFO - Sync 1 DAGs
[2026-06-18T20:19:25.975+0000] {logging_mixin.py:190} INFO - [2026-06-18T20:19:25.975+0000] {dag.py:4180} INFO - Setting next_dagrun for extract_raw_data_pipeline to 2026-06-18 07:59:00+00:00, run_after=2026-06-19 07:00:00+00:00
[2026-06-18T20:19:25.994+0000] {processor.py:208} INFO - Processing /opt/airflow/dags/driven_data_pipeline.py took 0.168 seconds
[2026-06-18T20:19:56.039+0000] {processor.py:186} INFO - Started process (PID=302) to work on /opt/airflow/dags/driven_data_pipeline.py
[2026-06-18T20:19:56.040+0000] {processor.py:914} INFO - Processing file /opt/airflow/dags/driven_data_pipeline.py for tasks to queue
[2026-06-18T20:19:56.042+0000] {logging_mixin.py:190} INFO - [2026-06-18T20:19:56.042+0000] {dagbag.py:588} INFO - Filling up the DagBag from /opt/airflow/dags/driven_data_pipeline.py
[2026-06-18T20:19:56.133+0000] {processor.py:925} INFO - DAG(s) 'extract_raw_data_pipeline' retrieved from /opt/airflow/dags/driven_data_pipeline.py
[2026-06-18T20:19:56.150+0000] {logging_mixin.py:190} INFO - [2026-06-18T20:19:56.150+0000] {dag.py:3239} INFO - Sync 1 DAGs
[2026-06-18T20:19:56.164+0000] {logging_mixin.py:190} INFO - [2026-06-18T20:19:56.164+0000] {dag.py:4180} INFO - Setting next_dagrun for extract_raw_data_pipeline to 2026-06-18 07:59:00+00:00, run_after=2026-06-19 07:00:00+00:00
[2026-06-18T20:19:56.177+0000] {processor.py:208} INFO - Processing /opt/airflow/dags/driven_data_pipeline.py took 0.142 seconds
[2026-06-18T20:20:26.309+0000] {processor.py:186} INFO - Started process (PID=310) to work on /opt/airflow/dags/driven_data_pipeline.py
[2026-06-18T20:20:26.310+0000] {processor.py:914} INFO - Processing file /opt/airflow/dags/driven_data_pipeline.py for tasks to queue
[2026-06-18T20:20:26.311+0000] {logging_mixin.py:190} INFO - [2026-06-18T20:20:26.311+0000] {dagbag.py:588} INFO - Filling up the DagBag from /opt/airflow/dags/driven_data_pipeline.py
[2026-06-18T20:20:26.402+0000] {processor.py:925} INFO - DAG(s) 'extract_raw_data_pipeline' retrieved from /opt/airflow/dags/driven_data_pipeline.py
[2026-06-18T20:20:26.417+0000] {logging_mixin.py:190} INFO - [2026-06-18T20:20:26.417+0000] {dag.py:3239} INFO - Sync 1 DAGs
[2026-06-18T20:20:26.431+0000] {logging_mixin.py:190} INFO - [2026-06-18T20:20:26.431+0000] {dag.py:4180} INFO - Setting next_dagrun for extract_raw_data_pipeline to 2026-06-18 07:59:00+00:00, run_after=2026-06-19 07:00:00+00:00
[2026-06-18T20:20:26.449+0000] {processor.py:208} INFO - Processing /opt/airflow/dags/driven_data_pipeline.py took 0.144 seconds
[2026-06-18T20:20:56.677+0000] {processor.py:186} INFO - Started process (PID=318) to work on /opt/airflow/dags/driven_data_pipeline.py
[2026-06-18T20:20:56.678+0000] {processor.py:914} INFO - Processing file /opt/airflow/dags/driven_data_pipeline.py for tasks to queue
[2026-06-18T20:20:56.680+0000] {logging_mixin.py:190} INFO - [2026-06-18T20:20:56.680+0000] {dagbag.py:588} INFO - Filling up the DagBag from /opt/airflow/dags/driven_data_pipeline.py
[2026-06-18T20:20:56.784+0000] {processor.py:925} INFO - DAG(s) 'extract_raw_data_pipeline' retrieved from /opt/airflow/dags/driven_data_pipeline.py
[2026-06-18T20:20:56.799+0000] {logging_mixin.py:190} INFO - [2026-06-18T20:20:56.799+0000] {dag.py:3239} INFO - Sync 1 DAGs
[2026-06-18T20:20:56.814+0000] {logging_mixin.py:190} INFO - [2026-06-18T20:20:56.814+0000] {dag.py:4180} INFO - Setting next_dagrun for extract_raw_data_pipeline to 2026-06-18 07:59:00+00:00, run_after=2026-06-19 07:00:00+00:00
[2026-06-18T20:20:56.827+0000] {processor.py:208} INFO - Processing /opt/airflow/dags/driven_data_pipeline.py took 0.155 seconds
[2026-06-18T20:21:27.017+0000] {processor.py:186} INFO - Started process (PID=325) to work on /opt/airflow/dags/driven_data_pipeline.py
[2026-06-18T20:21:27.019+0000] {processor.py:914} INFO - Processing file /opt/airflow/dags/driven_data_pipeline.py for tasks to queue
[2026-06-18T20:21:27.021+0000] {logging_mixin.py:190} INFO - [2026-06-18T20:21:27.021+0000] {dagbag.py:588} INFO - Filling up the DagBag from /opt/airflow/dags/driven_data_pipeline.py
[2026-06-18T20:21:27.135+0000] {processor.py:925} INFO - DAG(s) 'extract_raw_data_pipeline' retrieved from /opt/airflow/dags/driven_data_pipeline.py
[2026-06-18T20:21:27.153+0000] {logging_mixin.py:190} INFO - [2026-06-18T20:21:27.153+0000] {dag.py:3239} INFO - Sync 1 DAGs
[2026-06-18T20:21:27.168+0000] {logging_mixin.py:190} INFO - [2026-06-18T20:21:27.168+0000] {dag.py:4180} INFO - Setting next_dagrun for extract_raw_data_pipeline to 2026-06-18 07:59:00+00:00, run_after=2026-06-19 07:00:00+00:00
[2026-06-18T20:21:27.184+0000] {processor.py:208} INFO - Processing /opt/airflow/dags/driven_data_pipeline.py took 0.171 seconds
[2026-06-18T20:21:57.239+0000] {processor.py:186} INFO - Started process (PID=333) to work on /opt/airflow/dags/driven_data_pipeline.py
[2026-06-18T20:21:57.240+0000] {processor.py:914} INFO - Processing file /opt/airflow/dags/driven_data_pipeline.py for tasks to queue
[2026-06-18T20:21:57.242+0000] {logging_mixin.py:190} INFO - [2026-06-18T20:21:57.242+0000] {dagbag.py:588} INFO - Filling up the DagBag from /opt/airflow/dags/driven_data_pipeline.py
[2026-06-18T20:21:57.356+0000] {processor.py:925} INFO - DAG(s) 'extract_raw_data_pipeline' retrieved from /opt/airflow/dags/driven_data_pipeline.py
[2026-06-18T20:21:57.374+0000] {logging_mixin.py:190} INFO - [2026-06-18T20:21:57.374+0000] {dag.py:3239} INFO - Sync 1 DAGs
[2026-06-18T20:21:57.390+0000] {logging_mixin.py:190} INFO - [2026-06-18T20:21:57.389+0000] {dag.py:4180} INFO - Setting next_dagrun for extract_raw_data_pipeline to 2026-06-18 07:59:00+00:00, run_after=2026-06-19 07:00:00+00:00
[2026-06-18T20:21:57.408+0000] {processor.py:208} INFO - Processing /opt/airflow/dags/driven_data_pipeline.py took 0.174 seconds
[2026-06-18T20:22:27.577+0000] {processor.py:186} INFO - Started process (PID=341) to work on /opt/airflow/dags/driven_data_pipeline.py
[2026-06-18T20:22:27.579+0000] {processor.py:914} INFO - Processing file /opt/airflow/dags/driven_data_pipeline.py for tasks to queue
[2026-06-18T20:22:27.581+0000] {logging_mixin.py:190} INFO - [2026-06-18T20:22:27.581+0000] {dagbag.py:588} INFO - Filling up the DagBag from /opt/airflow/dags/driven_data_pipeline.py
[2026-06-18T20:22:27.686+0000] {processor.py:925} INFO - DAG(s) 'extract_raw_data_pipeline' retrieved from /opt/airflow/dags/driven_data_pipeline.py
[2026-06-18T20:22:27.702+0000] {logging_mixin.py:190} INFO - [2026-06-18T20:22:27.702+0000] {dag.py:3239} INFO - Sync 1 DAGs
[2026-06-18T20:22:27.716+0000] {logging_mixin.py:190} INFO - [2026-06-18T20:22:27.716+0000] {dag.py:4180} INFO - Setting next_dagrun for extract_raw_data_pipeline to 2026-06-18 07:59:00+00:00, run_after=2026-06-19 07:00:00+00:00
[2026-06-18T20:22:27.734+0000] {processor.py:208} INFO - Processing /opt/airflow/dags/driven_data_pipeline.py took 0.160 seconds
[2026-06-18T20:22:57.780+0000] {processor.py:186} INFO - Started process (PID=349) to work on /opt/airflow/dags/driven_data_pipeline.py
[2026-06-18T20:22:57.781+0000] {processor.py:914} INFO - Processing file /opt/airflow/dags/driven_data_pipeline.py for tasks to queue
[2026-06-18T20:22:57.782+0000] {logging_mixin.py:190} INFO - [2026-06-18T20:22:57.782+0000] {dagbag.py:588} INFO - Filling up the DagBag from /opt/airflow/dags/driven_data_pipeline.py
[2026-06-18T20:22:57.887+0000] {processor.py:925} INFO - DAG(s) 'extract_raw_data_pipeline' retrieved from /opt/airflow/dags/driven_data_pipeline.py
[2026-06-18T20:22:57.904+0000] {logging_mixin.py:190} INFO - [2026-06-18T20:22:57.904+0000] {dag.py:3239} INFO - Sync 1 DAGs
[2026-06-18T20:22:57.921+0000] {logging_mixin.py:190} INFO - [2026-06-18T20:22:57.921+0000] {dag.py:4180} INFO - Setting next_dagrun for extract_raw_data_pipeline to 2026-06-18 07:59:00+00:00, run_after=2026-06-19 07:00:00+00:00
[2026-06-18T20:22:57.937+0000] {processor.py:208} INFO - Processing /opt/airflow/dags/driven_data_pipeline.py took 0.162 seconds
[2026-06-18T20:23:28.037+0000] {processor.py:186} INFO - Started process (PID=357) to work on /opt/airflow/dags/driven_data_pipeline.py
[2026-06-18T20:23:28.038+0000] {processor.py:914} INFO - Processing file /opt/airflow/dags/driven_data_pipeline.py for tasks to queue
[2026-06-18T20:23:28.039+0000] {logging_mixin.py:190} INFO - [2026-06-18T20:23:28.039+0000] {dagbag.py:588} INFO - Filling up the DagBag from /opt/airflow/dags/driven_data_pipeline.py
[2026-06-18T20:23:28.144+0000] {processor.py:925} INFO - DAG(s) 'extract_raw_data_pipeline' retrieved from /opt/airflow/dags/driven_data_pipeline.py
[2026-06-18T20:23:28.162+0000] {logging_mixin.py:190} INFO - [2026-06-18T20:23:28.162+0000] {dag.py:3239} INFO - Sync 1 DAGs
[2026-06-18T20:23:28.177+0000] {logging_mixin.py:190} INFO - [2026-06-18T20:23:28.177+0000] {dag.py:4180} INFO - Setting next_dagrun for extract_raw_data_pipeline to 2026-06-18 07:59:00+00:00, run_after=2026-06-19 07:00:00+00:00
[2026-06-18T20:23:28.191+0000] {processor.py:208} INFO - Processing /opt/airflow/dags/driven_data_pipeline.py took 0.157 seconds
[2026-06-18T20:23:58.353+0000] {processor.py:186} INFO - Started process (PID=365) to work on /opt/airflow/dags/driven_data_pipeline.py
[2026-06-18T20:23:58.465+0000] {processor.py:914} INFO - Processing file /opt/airflow/dags/driven_data_pipeline.py for tasks to queue
[2026-06-18T20:23:58.467+0000] {logging_mixin.py:190} INFO - [2026-06-18T20:23:58.466+0000] {dagbag.py:588} INFO - Filling up the DagBag from /opt/airflow/dags/driven_data_pipeline.py
[2026-06-18T20:23:58.606+0000] {processor.py:925} INFO - DAG(s) 'extract_raw_data_pipeline' retrieved from /opt/airflow/dags/driven_data_pipeline.py
[2026-06-18T20:23:58.621+0000] {logging_mixin.py:190} INFO - [2026-06-18T20:23:58.621+0000] {dag.py:3239} INFO - Sync 1 DAGs
[2026-06-18T20:23:58.635+0000] {logging_mixin.py:190} INFO - [2026-06-18T20:23:58.635+0000] {dag.py:4180} INFO - Setting next_dagrun for extract_raw_data_pipeline to 2026-06-18 07:59:00+00:00, run_after=2026-06-19 07:00:00+00:00
[2026-06-18T20:23:58.654+0000] {processor.py:208} INFO - Processing /opt/airflow/dags/driven_data_pipeline.py took 0.305 seconds
[2026-06-18T20:24:28.689+0000] {processor.py:186} INFO - Started process (PID=373) to work on /opt/airflow/dags/driven_data_pipeline.py
[2026-06-18T20:24:28.690+0000] {processor.py:914} INFO - Processing file /opt/airflow/dags/driven_data_pipeline.py for tasks to queue
[2026-06-18T20:24:28.691+0000] {logging_mixin.py:190} INFO - [2026-06-18T20:24:28.691+0000] {dagbag.py:588} INFO - Filling up the DagBag from /opt/airflow/dags/driven_data_pipeline.py
[2026-06-18T20:24:28.787+0000] {processor.py:925} INFO - DAG(s) 'extract_raw_data_pipeline' retrieved from /opt/airflow/dags/driven_data_pipeline.py
[2026-06-18T20:24:28.805+0000] {logging_mixin.py:190} INFO - [2026-06-18T20:24:28.804+0000] {dag.py:3239} INFO - Sync 1 DAGs
[2026-06-18T20:24:28.819+0000] {logging_mixin.py:190} INFO - [2026-06-18T20:24:28.819+0000] {dag.py:4180} INFO - Setting next_dagrun for extract_raw_data_pipeline to 2026-06-18 07:59:00+00:00, run_after=2026-06-19 07:00:00+00:00
[2026-06-18T20:24:28.833+0000] {processor.py:208} INFO - Processing /opt/airflow/dags/driven_data_pipeline.py took 0.148 seconds
[2026-06-18T20:24:59.002+0000] {processor.py:186} INFO - Started process (PID=381) to work on /opt/airflow/dags/driven_data_pipeline.py
[2026-06-18T20:24:59.002+0000] {processor.py:914} INFO - Processing file /opt/airflow/dags/driven_data_pipeline.py for tasks to queue
[2026-06-18T20:24:59.004+0000] {logging_mixin.py:190} INFO - [2026-06-18T20:24:59.004+0000] {dagbag.py:588} INFO - Filling up the DagBag from /opt/airflow/dags/driven_data_pipeline.py
[2026-06-18T20:24:59.114+0000] {processor.py:925} INFO - DAG(s) 'extract_raw_data_pipeline' retrieved from /opt/airflow/dags/driven_data_pipeline.py
[2026-06-18T20:24:59.131+0000] {logging_mixin.py:190} INFO - [2026-06-18T20:24:59.131+0000] {dag.py:3239} INFO - Sync 1 DAGs
[2026-06-18T20:24:59.146+0000] {logging_mixin.py:190} INFO - [2026-06-18T20:24:59.146+0000] {dag.py:4180} INFO - Setting next_dagrun for extract_raw_data_pipeline to 2026-06-18 07:59:00+00:00, run_after=2026-06-19 07:00:00+00:00
[2026-06-18T20:24:59.170+0000] {processor.py:208} INFO - Processing /opt/airflow/dags/driven_data_pipeline.py took 0.172 seconds
[2026-06-18T20:25:29.392+0000] {processor.py:186} INFO - Started process (PID=389) to work on /opt/airflow/dags/driven_data_pipeline.py
[2026-06-18T20:25:29.393+0000] {processor.py:914} INFO - Processing file /opt/airflow/dags/driven_data_pipeline.py for tasks to queue
[2026-06-18T20:25:29.394+0000] {logging_mixin.py:190} INFO - [2026-06-18T20:25:29.394+0000] {dagbag.py:588} INFO - Filling up the DagBag from /opt/airflow/dags/driven_data_pipeline.py
[2026-06-18T20:25:29.482+0000] {processor.py:925} INFO - DAG(s) 'extract_raw_data_pipeline' retrieved from /opt/airflow/dags/driven_data_pipeline.py
[2026-06-18T20:25:29.498+0000] {logging_mixin.py:190} INFO - [2026-06-18T20:25:29.498+0000] {dag.py:3239} INFO - Sync 1 DAGs
[2026-06-18T20:25:29.511+0000] {logging_mixin.py:190} INFO - [2026-06-18T20:25:29.510+0000] {dag.py:4180} INFO - Setting next_dagrun for extract_raw_data_pipeline to 2026-06-18 07:59:00+00:00, run_after=2026-06-19 07:00:00+00:00
[2026-06-18T20:25:29.526+0000] {processor.py:208} INFO - Processing /opt/airflow/dags/driven_data_pipeline.py took 0.137 seconds
[2026-06-18T20:25:59.834+0000] {processor.py:186} INFO - Started process (PID=397) to work on /opt/airflow/dags/driven_data_pipeline.py
[2026-06-18T20:25:59.835+0000] {processor.py:914} INFO - Processing file /opt/airflow/dags/driven_data_pipeline.py for tasks to queue
[2026-06-18T20:25:59.836+0000] {logging_mixin.py:190} INFO - [2026-06-18T20:25:59.836+0000] {dagbag.py:588} INFO - Filling up the DagBag from /opt/airflow/dags/driven_data_pipeline.py
[2026-06-18T20:25:59.945+0000] {processor.py:925} INFO - DAG(s) 'extract_raw_data_pipeline' retrieved from /opt/airflow/dags/driven_data_pipeline.py
[2026-06-18T20:25:59.963+0000] {logging_mixin.py:190} INFO - [2026-06-18T20:25:59.963+0000] {dag.py:3239} INFO - Sync 1 DAGs
[2026-06-18T20:25:59.980+0000] {logging_mixin.py:190} INFO - [2026-06-18T20:25:59.980+0000] {dag.py:4180} INFO - Setting next_dagrun for extract_raw_data_pipeline to 2026-06-18 07:59:00+00:00, run_after=2026-06-19 07:00:00+00:00
[2026-06-18T20:25:59.995+0000] {processor.py:208} INFO - Processing /opt/airflow/dags/driven_data_pipeline.py took 0.166 seconds
[2026-06-18T20:26:30.146+0000] {processor.py:186} INFO - Started process (PID=405) to work on /opt/airflow/dags/driven_data_pipeline.py
[2026-06-18T20:26:30.147+0000] {processor.py:914} INFO - Processing file /opt/airflow/dags/driven_data_pipeline.py for tasks to queue
[2026-06-18T20:26:30.148+0000] {logging_mixin.py:190} INFO - [2026-06-18T20:26:30.148+0000] {dagbag.py:588} INFO - Filling up the DagBag from /opt/airflow/dags/driven_data_pipeline.py
[2026-06-18T20:26:30.235+0000] {processor.py:925} INFO - DAG(s) 'extract_raw_data_pipeline' retrieved from /opt/airflow/dags/driven_data_pipeline.py
[2026-06-18T20:26:30.250+0000] {logging_mixin.py:190} INFO - [2026-06-18T20:26:30.250+0000] {dag.py:3239} INFO - Sync 1 DAGs
[2026-06-18T20:26:30.264+0000] {logging_mixin.py:190} INFO - [2026-06-18T20:26:30.264+0000] {dag.py:4180} INFO - Setting next_dagrun for extract_raw_data_pipeline to 2026-06-18 07:59:00+00:00, run_after=2026-06-19 07:00:00+00:00
[2026-06-18T20:26:30.279+0000] {processor.py:208} INFO - Processing /opt/airflow/dags/driven_data_pipeline.py took 0.136 seconds
[2026-06-18T20:27:00.476+0000] {processor.py:186} INFO - Started process (PID=413) to work on /opt/airflow/dags/driven_data_pipeline.py
[2026-06-18T20:27:00.477+0000] {processor.py:914} INFO - Processing file /opt/airflow/dags/driven_data_pipeline.py for tasks to queue
[2026-06-18T20:27:00.478+0000] {logging_mixin.py:190} INFO - [2026-06-18T20:27:00.478+0000] {dagbag.py:588} INFO - Filling up the DagBag from /opt/airflow/dags/driven_data_pipeline.py
[2026-06-18T20:27:00.585+0000] {processor.py:925} INFO - DAG(s) 'extract_raw_data_pipeline' retrieved from /opt/airflow/dags/driven_data_pipeline.py
[2026-06-18T20:27:00.601+0000] {logging_mixin.py:190} INFO - [2026-06-18T20:27:00.601+0000] {dag.py:3239} INFO - Sync 1 DAGs
[2026-06-18T20:27:00.615+0000] {logging_mixin.py:190} INFO - [2026-06-18T20:27:00.615+0000] {dag.py:4180} INFO - Setting next_dagrun for extract_raw_data_pipeline to 2026-06-18 07:59:00+00:00, run_after=2026-06-19 07:00:00+00:00
[2026-06-18T20:27:00.632+0000] {processor.py:208} INFO - Processing /opt/airflow/dags/driven_data_pipeline.py took 0.160 seconds
[2026-06-18T20:27:30.875+0000] {processor.py:186} INFO - Started process (PID=421) to work on /opt/airflow/dags/driven_data_pipeline.py
[2026-06-18T20:27:30.875+0000] {processor.py:914} INFO - Processing file /opt/airflow/dags/driven_data_pipeline.py for tasks to queue
[2026-06-18T20:27:30.877+0000] {logging_mixin.py:190} INFO - [2026-06-18T20:27:30.877+0000] {dagbag.py:588} INFO - Filling up the DagBag from /opt/airflow/dags/driven_data_pipeline.py
[2026-06-18T20:27:30.982+0000] {processor.py:925} INFO - DAG(s) 'extract_raw_data_pipeline' retrieved from /opt/airflow/dags/driven_data_pipeline.py
[2026-06-18T20:27:30.999+0000] {logging_mixin.py:190} INFO - [2026-06-18T20:27:30.998+0000] {dag.py:3239} INFO - Sync 1 DAGs
[2026-06-18T20:27:31.014+0000] {logging_mixin.py:190} INFO - [2026-06-18T20:27:31.013+0000] {dag.py:4180} INFO - Setting next_dagrun for extract_raw_data_pipeline to 2026-06-18 07:59:00+00:00, run_after=2026-06-19 07:00:00+00:00
[2026-06-18T20:27:31.027+0000] {processor.py:208} INFO - Processing /opt/airflow/dags/driven_data_pipeline.py took 0.157 seconds
[2026-06-18T20:28:01.170+0000] {processor.py:186} INFO - Started process (PID=428) to work on /opt/airflow/dags/driven_data_pipeline.py
[2026-06-18T20:28:01.171+0000] {processor.py:914} INFO - Processing file /opt/airflow/dags/driven_data_pipeline.py for tasks to queue
[2026-06-18T20:28:01.172+0000] {logging_mixin.py:190} INFO - [2026-06-18T20:28:01.172+0000] {dagbag.py:588} INFO - Filling up the DagBag from /opt/airflow/dags/driven_data_pipeline.py
[2026-06-18T20:28:01.259+0000] {processor.py:925} INFO - DAG(s) 'extract_raw_data_pipeline' retrieved from /opt/airflow/dags/driven_data_pipeline.py
[2026-06-18T20:28:01.274+0000] {logging_mixin.py:190} INFO - [2026-06-18T20:28:01.274+0000] {dag.py:3239} INFO - Sync 1 DAGs
[2026-06-18T20:28:01.288+0000] {logging_mixin.py:190} INFO - [2026-06-18T20:28:01.288+0000] {dag.py:4180} INFO - Setting next_dagrun for extract_raw_data_pipeline to 2026-06-18 07:59:00+00:00, run_after=2026-06-19 07:00:00+00:00
[2026-06-18T20:28:01.302+0000] {processor.py:208} INFO - Processing /opt/airflow/dags/driven_data_pipeline.py took 0.135 seconds
[2026-06-18T20:28:31.469+0000] {processor.py:186} INFO - Started process (PID=436) to work on /opt/airflow/dags/driven_data_pipeline.py
[2026-06-18T20:28:31.469+0000] {processor.py:914} INFO - Processing file /opt/airflow/dags/driven_data_pipeline.py for tasks to queue
[2026-06-18T20:28:31.471+0000] {logging_mixin.py:190} INFO - [2026-06-18T20:28:31.471+0000] {dagbag.py:588} INFO - Filling up the DagBag from /opt/airflow/dags/driven_data_pipeline.py
[2026-06-18T20:28:31.575+0000] {processor.py:925} INFO - DAG(s) 'extract_raw_data_pipeline' retrieved from /opt/airflow/dags/driven_data_pipeline.py
[2026-06-18T20:28:31.593+0000] {logging_mixin.py:190} INFO - [2026-06-18T20:28:31.593+0000] {dag.py:3239} INFO - Sync 1 DAGs
[2026-06-18T20:28:31.607+0000] {logging_mixin.py:190} INFO - [2026-06-18T20:28:31.607+0000] {dag.py:4180} INFO - Setting next_dagrun for extract_raw_data_pipeline to 2026-06-18 07:59:00+00:00, run_after=2026-06-19 07:00:00+00:00
[2026-06-18T20:28:31.625+0000] {processor.py:208} INFO - Processing /opt/airflow/dags/driven_data_pipeline.py took 0.160 seconds
[2026-06-18T20:29:01.747+0000] {processor.py:186} INFO - Started process (PID=444) to work on /opt/airflow/dags/driven_data_pipeline.py
[2026-06-18T20:29:01.748+0000] {processor.py:914} INFO - Processing file /opt/airflow/dags/driven_data_pipeline.py for tasks to queue
[2026-06-18T20:29:01.749+0000] {logging_mixin.py:190} INFO - [2026-06-18T20:29:01.749+0000] {dagbag.py:588} INFO - Filling up the DagBag from /opt/airflow/dags/driven_data_pipeline.py
[2026-06-18T20:29:01.840+0000] {processor.py:925} INFO - DAG(s) 'extract_raw_data_pipeline' retrieved from /opt/airflow/dags/driven_data_pipeline.py
[2026-06-18T20:29:01.855+0000] {logging_mixin.py:190} INFO - [2026-06-18T20:29:01.855+0000] {dag.py:3239} INFO - Sync 1 DAGs
[2026-06-18T20:29:01.868+0000] {logging_mixin.py:190} INFO - [2026-06-18T20:29:01.868+0000] {dag.py:4180} INFO - Setting next_dagrun for extract_raw_data_pipeline to 2026-06-18 07:59:00+00:00, run_after=2026-06-19 07:00:00+00:00
[2026-06-18T20:29:01.880+0000] {processor.py:208} INFO - Processing /opt/airflow/dags/driven_data_pipeline.py took 0.137 seconds
[2026-06-18T20:29:32.081+0000] {processor.py:186} INFO - Started process (PID=452) to work on /opt/airflow/dags/driven_data_pipeline.py
[2026-06-18T20:29:32.082+0000] {processor.py:914} INFO - Processing file /opt/airflow/dags/driven_data_pipeline.py for tasks to queue
[2026-06-18T20:29:32.084+0000] {logging_mixin.py:190} INFO - [2026-06-18T20:29:32.083+0000] {dagbag.py:588} INFO - Filling up the DagBag from /opt/airflow/dags/driven_data_pipeline.py
[2026-06-18T20:29:32.173+0000] {processor.py:925} INFO - DAG(s) 'extract_raw_data_pipeline' retrieved from /opt/airflow/dags/driven_data_pipeline.py
[2026-06-18T20:29:32.190+0000] {logging_mixin.py:190} INFO - [2026-06-18T20:29:32.190+0000] {dag.py:3239} INFO - Sync 1 DAGs
[2026-06-18T20:29:32.204+0000] {logging_mixin.py:190} INFO - [2026-06-18T20:29:32.204+0000] {dag.py:4180} INFO - Setting next_dagrun for extract_raw_data_pipeline to 2026-06-18 07:59:00+00:00, run_after=2026-06-19 07:00:00+00:00
[2026-06-18T20:29:32.217+0000] {processor.py:208} INFO - Processing /opt/airflow/dags/driven_data_pipeline.py took 0.140 seconds
[2026-06-18T20:30:02.487+0000] {processor.py:186} INFO - Started process (PID=460) to work on /opt/airflow/dags/driven_data_pipeline.py
[2026-06-18T20:30:02.487+0000] {processor.py:914} INFO - Processing file /opt/airflow/dags/driven_data_pipeline.py for tasks to queue
[2026-06-18T20:30:02.489+0000] {logging_mixin.py:190} INFO - [2026-06-18T20:30:02.489+0000] {dagbag.py:588} INFO - Filling up the DagBag from /opt/airflow/dags/driven_data_pipeline.py
[2026-06-18T20:30:02.583+0000] {processor.py:925} INFO - DAG(s) 'extract_raw_data_pipeline' retrieved from /opt/airflow/dags/driven_data_pipeline.py
[2026-06-18T20:30:02.600+0000] {logging_mixin.py:190} INFO - [2026-06-18T20:30:02.599+0000] {dag.py:3239} INFO - Sync 1 DAGs
[2026-06-18T20:30:02.623+0000] {logging_mixin.py:190} INFO - [2026-06-18T20:30:02.623+0000] {dag.py:4180} INFO - Setting next_dagrun for extract_raw_data_pipeline to 2026-06-18 07:59:00+00:00, run_after=2026-06-19 07:00:00+00:00
[2026-06-18T20:30:02.749+0000] {processor.py:208} INFO - Processing /opt/airflow/dags/driven_data_pipeline.py took 0.266 seconds
[2026-06-18T20:30:32.828+0000] {processor.py:186} INFO - Started process (PID=468) to work on /opt/airflow/dags/driven_data_pipeline.py
[2026-06-18T20:30:32.829+0000] {processor.py:914} INFO - Processing file /opt/airflow/dags/driven_data_pipeline.py for tasks to queue
[2026-06-18T20:30:32.830+0000] {logging_mixin.py:190} INFO - [2026-06-18T20:30:32.830+0000] {dagbag.py:588} INFO - Filling up the DagBag from /opt/airflow/dags/driven_data_pipeline.py
[2026-06-18T20:30:32.921+0000] {processor.py:925} INFO - DAG(s) 'extract_raw_data_pipeline' retrieved from /opt/airflow/dags/driven_data_pipeline.py
[2026-06-18T20:30:32.938+0000] {logging_mixin.py:190} INFO - [2026-06-18T20:30:32.938+0000] {dag.py:3239} INFO - Sync 1 DAGs
[2026-06-18T20:30:32.952+0000] {logging_mixin.py:190} INFO - [2026-06-18T20:30:32.951+0000] {dag.py:4180} INFO - Setting next_dagrun for extract_raw_data_pipeline to 2026-06-18 07:59:00+00:00, run_after=2026-06-19 07:00:00+00:00
[2026-06-18T20:30:32.966+0000] {processor.py:208} INFO - Processing /opt/airflow/dags/driven_data_pipeline.py took 0.142 seconds
[2026-06-18T20:31:03.121+0000] {processor.py:186} INFO - Started process (PID=476) to work on /opt/airflow/dags/driven_data_pipeline.py
[2026-06-18T20:31:03.122+0000] {processor.py:914} INFO - Processing file /opt/airflow/dags/driven_data_pipeline.py for tasks to queue
[2026-06-18T20:31:03.124+0000] {logging_mixin.py:190} INFO - [2026-06-18T20:31:03.123+0000] {dagbag.py:588} INFO - Filling up the DagBag from /opt/airflow/dags/driven_data_pipeline.py
[2026-06-18T20:31:03.206+0000] {processor.py:925} INFO - DAG(s) 'extract_raw_data_pipeline' retrieved from /opt/airflow/dags/driven_data_pipeline.py
[2026-06-18T20:31:03.220+0000] {logging_mixin.py:190} INFO - [2026-06-18T20:31:03.219+0000] {dag.py:3239} INFO - Sync 1 DAGs
[2026-06-18T20:31:03.233+0000] {logging_mixin.py:190} INFO - [2026-06-18T20:31:03.233+0000] {dag.py:4180} INFO - Setting next_dagrun for extract_raw_data_pipeline to 2026-06-18 07:59:00+00:00, run_after=2026-06-19 07:00:00+00:00
[2026-06-18T20:31:03.245+0000] {processor.py:208} INFO - Processing /opt/airflow/dags/driven_data_pipeline.py took 0.127 seconds
[2026-06-18T20:31:33.646+0000] {processor.py:186} INFO - Started process (PID=484) to work on /opt/airflow/dags/driven_data_pipeline.py
[2026-06-18T20:31:33.647+0000] {processor.py:914} INFO - Processing file /opt/airflow/dags/driven_data_pipeline.py for tasks to queue
[2026-06-18T20:31:33.648+0000] {logging_mixin.py:190} INFO - [2026-06-18T20:31:33.648+0000] {dagbag.py:588} INFO - Filling up the DagBag from /opt/airflow/dags/driven_data_pipeline.py
[2026-06-18T20:31:33.732+0000] {processor.py:925} INFO - DAG(s) 'extract_raw_data_pipeline' retrieved from /opt/airflow/dags/driven_data_pipeline.py
[2026-06-18T20:31:33.747+0000] {logging_mixin.py:190} INFO - [2026-06-18T20:31:33.747+0000] {dag.py:3239} INFO - Sync 1 DAGs
[2026-06-18T20:31:33.760+0000] {logging_mixin.py:190} INFO - [2026-06-18T20:31:33.759+0000] {dag.py:4180} INFO - Setting next_dagrun for extract_raw_data_pipeline to 2026-06-18 07:59:00+00:00, run_after=2026-06-19 07:00:00+00:00
[2026-06-18T20:31:33.775+0000] {processor.py:208} INFO - Processing /opt/airflow/dags/driven_data_pipeline.py took 0.133 seconds
[2026-06-18T20:32:03.910+0000] {processor.py:186} INFO - Started process (PID=492) to work on /opt/airflow/dags/driven_data_pipeline.py
[2026-06-18T20:32:03.911+0000] {processor.py:914} INFO - Processing file /opt/airflow/dags/driven_data_pipeline.py for tasks to queue
[2026-06-18T20:32:03.913+0000] {logging_mixin.py:190} INFO - [2026-06-18T20:32:03.913+0000] {dagbag.py:588} INFO - Filling up the DagBag from /opt/airflow/dags/driven_data_pipeline.py
[2026-06-18T20:32:04.016+0000] {processor.py:925} INFO - DAG(s) 'extract_raw_data_pipeline' retrieved from /opt/airflow/dags/driven_data_pipeline.py
[2026-06-18T20:32:04.032+0000] {logging_mixin.py:190} INFO - [2026-06-18T20:32:04.031+0000] {dag.py:3239} INFO - Sync 1 DAGs
[2026-06-18T20:32:04.046+0000] {logging_mixin.py:190} INFO - [2026-06-18T20:32:04.046+0000] {dag.py:4180} INFO - Setting next_dagrun for extract_raw_data_pipeline to 2026-06-18 07:59:00+00:00, run_after=2026-06-19 07:00:00+00:00
[2026-06-18T20:32:04.059+0000] {processor.py:208} INFO - Processing /opt/airflow/dags/driven_data_pipeline.py took 0.153 seconds
[2026-06-18T20:32:34.375+0000] {processor.py:186} INFO - Started process (PID=500) to work on /opt/airflow/dags/driven_data_pipeline.py
[2026-06-18T20:32:34.376+0000] {processor.py:914} INFO - Processing file /opt/airflow/dags/driven_data_pipeline.py for tasks to queue
[2026-06-18T20:32:34.377+0000] {logging_mixin.py:190} INFO - [2026-06-18T20:32:34.377+0000] {dagbag.py:588} INFO - Filling up the DagBag from /opt/airflow/dags/driven_data_pipeline.py
[2026-06-18T20:32:34.474+0000] {processor.py:925} INFO - DAG(s) 'extract_raw_data_pipeline' retrieved from /opt/airflow/dags/driven_data_pipeline.py
[2026-06-18T20:32:34.491+0000] {logging_mixin.py:190} INFO - [2026-06-18T20:32:34.491+0000] {dag.py:3239} INFO - Sync 1 DAGs
[2026-06-18T20:32:34.505+0000] {logging_mixin.py:190} INFO - [2026-06-18T20:32:34.505+0000] {dag.py:4180} INFO - Setting next_dagrun for extract_raw_data_pipeline to 2026-06-18 07:59:00+00:00, run_after=2026-06-19 07:00:00+00:00
[2026-06-18T20:32:34.518+0000] {processor.py:208} INFO - Processing /opt/airflow/dags/driven_data_pipeline.py took 0.147 seconds
[2026-06-18T20:33:04.654+0000] {processor.py:186} INFO - Started process (PID=508) to work on /opt/airflow/dags/driven_data_pipeline.py
[2026-06-18T20:33:04.655+0000] {processor.py:914} INFO - Processing file /opt/airflow/dags/driven_data_pipeline.py for tasks to queue
[2026-06-18T20:33:04.656+0000] {logging_mixin.py:190} INFO - [2026-06-18T20:33:04.656+0000] {dagbag.py:588} INFO - Filling up the DagBag from /opt/airflow/dags/driven_data_pipeline.py
[2026-06-18T20:33:04.744+0000] {processor.py:925} INFO - DAG(s) 'extract_raw_data_pipeline' retrieved from /opt/airflow/dags/driven_data_pipeline.py
[2026-06-18T20:33:04.760+0000] {logging_mixin.py:190} INFO - [2026-06-18T20:33:04.760+0000] {dag.py:3239} INFO - Sync 1 DAGs
[2026-06-18T20:33:04.775+0000] {logging_mixin.py:190} INFO - [2026-06-18T20:33:04.774+0000] {dag.py:4180} INFO - Setting next_dagrun for extract_raw_data_pipeline to 2026-06-18 07:59:00+00:00, run_after=2026-06-19 07:00:00+00:00
[2026-06-18T20:33:04.792+0000] {processor.py:208} INFO - Processing /opt/airflow/dags/driven_data_pipeline.py took 0.141 seconds
[2026-06-18T20:33:35.059+0000] {processor.py:186} INFO - Started process (PID=516) to work on /opt/airflow/dags/driven_data_pipeline.py
[2026-06-18T20:33:35.059+0000] {processor.py:914} INFO - Processing file /opt/airflow/dags/driven_data_pipeline.py for tasks to queue
[2026-06-18T20:33:35.061+0000] {logging_mixin.py:190} INFO - [2026-06-18T20:33:35.061+0000] {dagbag.py:588} INFO - Filling up the DagBag from /opt/airflow/dags/driven_data_pipeline.py
[2026-06-18T20:33:35.152+0000] {processor.py:925} INFO - DAG(s) 'extract_raw_data_pipeline' retrieved from /opt/airflow/dags/driven_data_pipeline.py
[2026-06-18T20:33:35.167+0000] {logging_mixin.py:190} INFO - [2026-06-18T20:33:35.167+0000] {dag.py:3239} INFO - Sync 1 DAGs
[2026-06-18T20:33:35.179+0000] {logging_mixin.py:190} INFO - [2026-06-18T20:33:35.179+0000] {dag.py:4180} INFO - Setting next_dagrun for extract_raw_data_pipeline to 2026-06-18 07:59:00+00:00, run_after=2026-06-19 07:00:00+00:00
[2026-06-18T20:33:35.194+0000] {processor.py:208} INFO - Processing /opt/airflow/dags/driven_data_pipeline.py took 0.139 seconds
[2026-06-18T20:34:05.279+0000] {processor.py:186} INFO - Started process (PID=524) to work on /opt/airflow/dags/driven_data_pipeline.py
[2026-06-18T20:34:05.280+0000] {processor.py:914} INFO - Processing file /opt/airflow/dags/driven_data_pipeline.py for tasks to queue
[2026-06-18T20:34:05.282+0000] {logging_mixin.py:190} INFO - [2026-06-18T20:34:05.282+0000] {dagbag.py:588} INFO - Filling up the DagBag from /opt/airflow/dags/driven_data_pipeline.py
[2026-06-18T20:34:05.388+0000] {processor.py:925} INFO - DAG(s) 'extract_raw_data_pipeline' retrieved from /opt/airflow/dags/driven_data_pipeline.py
[2026-06-18T20:34:05.405+0000] {logging_mixin.py:190} INFO - [2026-06-18T20:34:05.405+0000] {dag.py:3239} INFO - Sync 1 DAGs
[2026-06-18T20:34:05.421+0000] {logging_mixin.py:190} INFO - [2026-06-18T20:34:05.421+0000] {dag.py:4180} INFO - Setting next_dagrun for extract_raw_data_pipeline to 2026-06-18 07:59:00+00:00, run_after=2026-06-19 07:00:00+00:00
[2026-06-18T20:34:05.437+0000] {processor.py:208} INFO - Processing /opt/airflow/dags/driven_data_pipeline.py took 0.163 seconds
[2026-06-18T20:34:35.643+0000] {processor.py:186} INFO - Started process (PID=532) to work on /opt/airflow/dags/driven_data_pipeline.py
[2026-06-18T20:34:35.644+0000] {processor.py:914} INFO - Processing file /opt/airflow/dags/driven_data_pipeline.py for tasks to queue
[2026-06-18T20:34:35.646+0000] {logging_mixin.py:190} INFO - [2026-06-18T20:34:35.645+0000] {dagbag.py:588} INFO - Filling up the DagBag from /opt/airflow/dags/driven_data_pipeline.py
[2026-06-18T20:34:35.736+0000] {processor.py:925} INFO - DAG(s) 'extract_raw_data_pipeline' retrieved from /opt/airflow/dags/driven_data_pipeline.py
[2026-06-18T20:34:35.753+0000] {logging_mixin.py:190} INFO - [2026-06-18T20:34:35.753+0000] {dag.py:3239} INFO - Sync 1 DAGs
[2026-06-18T20:34:35.766+0000] {logging_mixin.py:190} INFO - [2026-06-18T20:34:35.766+0000] {dag.py:4180} INFO - Setting next_dagrun for extract_raw_data_pipeline to 2026-06-18 07:59:00+00:00, run_after=2026-06-19 07:00:00+00:00
[2026-06-18T20:34:35.779+0000] {processor.py:208} INFO - Processing /opt/airflow/dags/driven_data_pipeline.py took 0.139 seconds
[2026-06-18T20:35:05.951+0000] {processor.py:186} INFO - Started process (PID=541) to work on /opt/airflow/dags/driven_data_pipeline.py
[2026-06-18T20:35:05.954+0000] {processor.py:914} INFO - Processing file /opt/airflow/dags/driven_data_pipeline.py for tasks to queue
[2026-06-18T20:35:05.956+0000] {logging_mixin.py:190} INFO - [2026-06-18T20:35:05.956+0000] {dagbag.py:588} INFO - Filling up the DagBag from /opt/airflow/dags/driven_data_pipeline.py
[2026-06-18T20:35:06.063+0000] {processor.py:925} INFO - DAG(s) 'extract_raw_data_pipeline' retrieved from /opt/airflow/dags/driven_data_pipeline.py
[2026-06-18T20:35:06.077+0000] {logging_mixin.py:190} INFO - [2026-06-18T20:35:06.077+0000] {dag.py:3239} INFO - Sync 1 DAGs
[2026-06-18T20:35:06.090+0000] {logging_mixin.py:190} INFO - [2026-06-18T20:35:06.090+0000] {dag.py:4180} INFO - Setting next_dagrun for extract_raw_data_pipeline to 2026-06-18 07:59:00+00:00, run_after=2026-06-19 07:00:00+00:00
[2026-06-18T20:35:06.103+0000] {processor.py:208} INFO - Processing /opt/airflow/dags/driven_data_pipeline.py took 0.156 seconds
[2026-06-18T20:35:36.353+0000] {processor.py:186} INFO - Started process (PID=549) to work on /opt/airflow/dags/driven_data_pipeline.py
[2026-06-18T20:35:36.354+0000] {processor.py:914} INFO - Processing file /opt/airflow/dags/driven_data_pipeline.py for tasks to queue
[2026-06-18T20:35:36.355+0000] {logging_mixin.py:190} INFO - [2026-06-18T20:35:36.355+0000] {dagbag.py:588} INFO - Filling up the DagBag from /opt/airflow/dags/driven_data_pipeline.py
[2026-06-18T20:35:36.442+0000] {processor.py:925} INFO - DAG(s) 'extract_raw_data_pipeline' retrieved from /opt/airflow/dags/driven_data_pipeline.py
[2026-06-18T20:35:36.458+0000] {logging_mixin.py:190} INFO - [2026-06-18T20:35:36.457+0000] {dag.py:3239} INFO - Sync 1 DAGs
[2026-06-18T20:35:36.470+0000] {logging_mixin.py:190} INFO - [2026-06-18T20:35:36.470+0000] {dag.py:4180} INFO - Setting next_dagrun for extract_raw_data_pipeline to 2026-06-18 07:59:00+00:00, run_after=2026-06-19 07:00:00+00:00
[2026-06-18T20:35:36.483+0000] {processor.py:208} INFO - Processing /opt/airflow/dags/driven_data_pipeline.py took 0.134 seconds
[2026-06-18T20:36:06.792+0000] {processor.py:186} INFO - Started process (PID=557) to work on /opt/airflow/dags/driven_data_pipeline.py
[2026-06-18T20:36:06.793+0000] {processor.py:914} INFO - Processing file /opt/airflow/dags/driven_data_pipeline.py for tasks to queue
[2026-06-18T20:36:06.796+0000] {logging_mixin.py:190} INFO - [2026-06-18T20:36:06.795+0000] {dagbag.py:588} INFO - Filling up the DagBag from /opt/airflow/dags/driven_data_pipeline.py
[2026-06-18T20:36:06.898+0000] {processor.py:925} INFO - DAG(s) 'extract_raw_data_pipeline' retrieved from /opt/airflow/dags/driven_data_pipeline.py
[2026-06-18T20:36:06.916+0000] {logging_mixin.py:190} INFO - [2026-06-18T20:36:06.915+0000] {dag.py:3239} INFO - Sync 1 DAGs
[2026-06-18T20:36:06.931+0000] {logging_mixin.py:190} INFO - [2026-06-18T20:36:06.931+0000] {dag.py:4180} INFO - Setting next_dagrun for extract_raw_data_pipeline to 2026-06-18 07:59:00+00:00, run_after=2026-06-19 07:00:00+00:00
[2026-06-18T20:36:06.945+0000] {processor.py:208} INFO - Processing /opt/airflow/dags/driven_data_pipeline.py took 0.159 seconds
[2026-06-18T20:36:37.171+0000] {processor.py:186} INFO - Started process (PID=565) to work on /opt/airflow/dags/driven_data_pipeline.py
[2026-06-18T20:36:37.172+0000] {processor.py:914} INFO - Processing file /opt/airflow/dags/driven_data_pipeline.py for tasks to queue
[2026-06-18T20:36:37.173+0000] {logging_mixin.py:190} INFO - [2026-06-18T20:36:37.173+0000] {dagbag.py:588} INFO - Filling up the DagBag from /opt/airflow/dags/driven_data_pipeline.py
[2026-06-18T20:36:37.261+0000] {processor.py:925} INFO - DAG(s) 'extract_raw_data_pipeline' retrieved from /opt/airflow/dags/driven_data_pipeline.py
[2026-06-18T20:36:37.278+0000] {logging_mixin.py:190} INFO - [2026-06-18T20:36:37.278+0000] {dag.py:3239} INFO - Sync 1 DAGs
[2026-06-18T20:36:37.291+0000] {logging_mixin.py:190} INFO - [2026-06-18T20:36:37.291+0000] {dag.py:4180} INFO - Setting next_dagrun for extract_raw_data_pipeline to 2026-06-18 07:59:00+00:00, run_after=2026-06-19 07:00:00+00:00
[2026-06-18T20:36:37.304+0000] {processor.py:208} INFO - Processing /opt/airflow/dags/driven_data_pipeline.py took 0.137 seconds
[2026-06-18T20:37:07.467+0000] {processor.py:186} INFO - Started process (PID=573) to work on /opt/airflow/dags/driven_data_pipeline.py
[2026-06-18T20:37:07.467+0000] {processor.py:914} INFO - Processing file /opt/airflow/dags/driven_data_pipeline.py for tasks to queue
[2026-06-18T20:37:07.469+0000] {logging_mixin.py:190} INFO - [2026-06-18T20:37:07.469+0000] {dagbag.py:588} INFO - Filling up the DagBag from /opt/airflow/dags/driven_data_pipeline.py
[2026-06-18T20:37:07.556+0000] {processor.py:925} INFO - DAG(s) 'extract_raw_data_pipeline' retrieved from /opt/airflow/dags/driven_data_pipeline.py
[2026-06-18T20:37:07.572+0000] {logging_mixin.py:190} INFO - [2026-06-18T20:37:07.572+0000] {dag.py:3239} INFO - Sync 1 DAGs
[2026-06-18T20:37:07.586+0000] {logging_mixin.py:190} INFO - [2026-06-18T20:37:07.585+0000] {dag.py:4180} INFO - Setting next_dagrun for extract_raw_data_pipeline to 2026-06-18 07:59:00+00:00, run_after=2026-06-19 07:00:00+00:00
[2026-06-18T20:37:07.609+0000] {processor.py:208} INFO - Processing /opt/airflow/dags/driven_data_pipeline.py took 0.146 seconds
[2026-06-18T20:37:37.854+0000] {processor.py:186} INFO - Started process (PID=581) to work on /opt/airflow/dags/driven_data_pipeline.py
[2026-06-18T20:37:37.855+0000] {processor.py:914} INFO - Processing file /opt/airflow/dags/driven_data_pipeline.py for tasks to queue
[2026-06-18T20:37:37.856+0000] {logging_mixin.py:190} INFO - [2026-06-18T20:37:37.856+0000] {dagbag.py:588} INFO - Filling up the DagBag from /opt/airflow/dags/driven_data_pipeline.py
[2026-06-18T20:37:37.954+0000] {processor.py:925} INFO - DAG(s) 'extract_raw_data_pipeline' retrieved from /opt/airflow/dags/driven_data_pipeline.py
[2026-06-18T20:37:37.970+0000] {logging_mixin.py:190} INFO - [2026-06-18T20:37:37.970+0000] {dag.py:3239} INFO - Sync 1 DAGs
[2026-06-18T20:37:37.984+0000] {logging_mixin.py:190} INFO - [2026-06-18T20:37:37.984+0000] {dag.py:4180} INFO - Setting next_dagrun for extract_raw_data_pipeline to 2026-06-18 07:59:00+00:00, run_after=2026-06-19 07:00:00+00:00
[2026-06-18T20:37:38.000+0000] {processor.py:208} INFO - Processing /opt/airflow/dags/driven_data_pipeline.py took 0.150 seconds
[2026-06-18T20:38:08.199+0000] {processor.py:186} INFO - Started process (PID=589) to work on /opt/airflow/dags/driven_data_pipeline.py
[2026-06-18T20:38:08.200+0000] {processor.py:914} INFO - Processing file /opt/airflow/dags/driven_data_pipeline.py for tasks to queue
[2026-06-18T20:38:08.202+0000] {logging_mixin.py:190} INFO - [2026-06-18T20:38:08.202+0000] {dagbag.py:588} INFO - Filling up the DagBag from /opt/airflow/dags/driven_data_pipeline.py
[2026-06-18T20:38:08.307+0000] {processor.py:925} INFO - DAG(s) 'extract_raw_data_pipeline' retrieved from /opt/airflow/dags/driven_data_pipeline.py
[2026-06-18T20:38:08.323+0000] {logging_mixin.py:190} INFO - [2026-06-18T20:38:08.323+0000] {dag.py:3239} INFO - Sync 1 DAGs
[2026-06-18T20:38:08.337+0000] {logging_mixin.py:190} INFO - [2026-06-18T20:38:08.337+0000] {dag.py:4180} INFO - Setting next_dagrun for extract_raw_data_pipeline to 2026-06-18 07:59:00+00:00, run_after=2026-06-19 07:00:00+00:00
[2026-06-18T20:38:08.352+0000] {processor.py:208} INFO - Processing /opt/airflow/dags/driven_data_pipeline.py took 0.160 seconds
[2026-06-18T20:38:38.541+0000] {processor.py:186} INFO - Started process (PID=597) to work on /opt/airflow/dags/driven_data_pipeline.py
[2026-06-18T20:38:38.542+0000] {processor.py:914} INFO - Processing file /opt/airflow/dags/driven_data_pipeline.py for tasks to queue
[2026-06-18T20:38:38.544+0000] {logging_mixin.py:190} INFO - [2026-06-18T20:38:38.543+0000] {dagbag.py:588} INFO - Filling up the DagBag from /opt/airflow/dags/driven_data_pipeline.py
[2026-06-18T20:38:38.637+0000] {processor.py:925} INFO - DAG(s) 'extract_raw_data_pipeline' retrieved from /opt/airflow/dags/driven_data_pipeline.py
[2026-06-18T20:38:38.651+0000] {logging_mixin.py:190} INFO - [2026-06-18T20:38:38.651+0000] {dag.py:3239} INFO - Sync 1 DAGs
[2026-06-18T20:38:38.664+0000] {logging_mixin.py:190} INFO - [2026-06-18T20:38:38.663+0000] {dag.py:4180} INFO - Setting next_dagrun for extract_raw_data_pipeline to 2026-06-18 07:59:00+00:00, run_after=2026-06-19 07:00:00+00:00
[2026-06-18T20:38:38.676+0000] {processor.py:208} INFO - Processing /opt/airflow/dags/driven_data_pipeline.py took 0.138 seconds
[2026-06-18T20:39:08.953+0000] {processor.py:186} INFO - Started process (PID=605) to work on /opt/airflow/dags/driven_data_pipeline.py
[2026-06-18T20:39:08.953+0000] {processor.py:914} INFO - Processing file /opt/airflow/dags/driven_data_pipeline.py for tasks to queue
[2026-06-18T20:39:08.955+0000] {logging_mixin.py:190} INFO - [2026-06-18T20:39:08.955+0000] {dagbag.py:588} INFO - Filling up the DagBag from /opt/airflow/dags/driven_data_pipeline.py
[2026-06-18T20:39:09.039+0000] {processor.py:925} INFO - DAG(s) 'extract_raw_data_pipeline' retrieved from /opt/airflow/dags/driven_data_pipeline.py
[2026-06-18T20:39:09.059+0000] {logging_mixin.py:190} INFO - [2026-06-18T20:39:09.059+0000] {dag.py:3239} INFO - Sync 1 DAGs
[2026-06-18T20:39:09.073+0000] {logging_mixin.py:190} INFO - [2026-06-18T20:39:09.073+0000] {dag.py:4180} INFO - Setting next_dagrun for extract_raw_data_pipeline to 2026-06-18 07:59:00+00:00, run_after=2026-06-19 07:00:00+00:00
[2026-06-18T20:39:09.086+0000] {processor.py:208} INFO - Processing /opt/airflow/dags/driven_data_pipeline.py took 0.136 seconds
[2026-06-18T20:39:39.386+0000] {processor.py:186} INFO - Started process (PID=613) to work on /opt/airflow/dags/driven_data_pipeline.py
[2026-06-18T20:39:39.386+0000] {processor.py:914} INFO - Processing file /opt/airflow/dags/driven_data_pipeline.py for tasks to queue
[2026-06-18T20:39:39.388+0000] {logging_mixin.py:190} INFO - [2026-06-18T20:39:39.387+0000] {dagbag.py:588} INFO - Filling up the DagBag from /opt/airflow/dags/driven_data_pipeline.py
[2026-06-18T20:39:39.474+0000] {processor.py:925} INFO - DAG(s) 'extract_raw_data_pipeline' retrieved from /opt/airflow/dags/driven_data_pipeline.py
[2026-06-18T20:39:39.489+0000] {logging_mixin.py:190} INFO - [2026-06-18T20:39:39.488+0000] {dag.py:3239} INFO - Sync 1 DAGs
[2026-06-18T20:39:39.501+0000] {logging_mixin.py:190} INFO - [2026-06-18T20:39:39.501+0000] {dag.py:4180} INFO - Setting next_dagrun for extract_raw_data_pipeline to 2026-06-18 07:59:00+00:00, run_after=2026-06-19 07:00:00+00:00
[2026-06-18T20:39:39.514+0000] {processor.py:208} INFO - Processing /opt/airflow/dags/driven_data_pipeline.py took 0.131 seconds
[2026-06-18T20:40:09.686+0000] {processor.py:186} INFO - Started process (PID=621) to work on /opt/airflow/dags/driven_data_pipeline.py
[2026-06-18T20:40:09.687+0000] {processor.py:914} INFO - Processing file /opt/airflow/dags/driven_data_pipeline.py for tasks to queue
[2026-06-18T20:40:09.689+0000] {logging_mixin.py:190} INFO - [2026-06-18T20:40:09.688+0000] {dagbag.py:588} INFO - Filling up the DagBag from /opt/airflow/dags/driven_data_pipeline.py
[2026-06-18T20:40:09.783+0000] {processor.py:925} INFO - DAG(s) 'extract_raw_data_pipeline' retrieved from /opt/airflow/dags/driven_data_pipeline.py
[2026-06-18T20:40:09.800+0000] {logging_mixin.py:190} INFO - [2026-06-18T20:40:09.800+0000] {dag.py:3239} INFO - Sync 1 DAGs
[2026-06-18T20:40:09.814+0000] {logging_mixin.py:190} INFO - [2026-06-18T20:40:09.814+0000] {dag.py:4180} INFO - Setting next_dagrun for extract_raw_data_pipeline to 2026-06-18 07:59:00+00:00, run_after=2026-06-19 07:00:00+00:00
[2026-06-18T20:40:09.831+0000] {processor.py:208} INFO - Processing /opt/airflow/dags/driven_data_pipeline.py took 0.148 seconds
[2026-06-18T20:40:40.110+0000] {processor.py:186} INFO - Started process (PID=629) to work on /opt/airflow/dags/driven_data_pipeline.py
[2026-06-18T20:40:40.111+0000] {processor.py:914} INFO - Processing file /opt/airflow/dags/driven_data_pipeline.py for tasks to queue
[2026-06-18T20:40:40.112+0000] {logging_mixin.py:190} INFO - [2026-06-18T20:40:40.112+0000] {dagbag.py:588} INFO - Filling up the DagBag from /opt/airflow/dags/driven_data_pipeline.py
[2026-06-18T20:40:40.198+0000] {processor.py:925} INFO - DAG(s) 'extract_raw_data_pipeline' retrieved from /opt/airflow/dags/driven_data_pipeline.py
[2026-06-18T20:40:40.213+0000] {logging_mixin.py:190} INFO - [2026-06-18T20:40:40.213+0000] {dag.py:3239} INFO - Sync 1 DAGs
[2026-06-18T20:40:40.226+0000] {logging_mixin.py:190} INFO - [2026-06-18T20:40:40.226+0000] {dag.py:4180} INFO - Setting next_dagrun for extract_raw_data_pipeline to 2026-06-18 07:59:00+00:00, run_after=2026-06-19 07:00:00+00:00
[2026-06-18T20:40:40.243+0000] {processor.py:208} INFO - Processing /opt/airflow/dags/driven_data_pipeline.py took 0.136 seconds
[2026-06-18T20:41:10.474+0000] {processor.py:186} INFO - Started process (PID=637) to work on /opt/airflow/dags/driven_data_pipeline.py
[2026-06-18T20:41:10.476+0000] {processor.py:914} INFO - Processing file /opt/airflow/dags/driven_data_pipeline.py for tasks to queue
[2026-06-18T20:41:10.477+0000] {logging_mixin.py:190} INFO - [2026-06-18T20:41:10.477+0000] {dagbag.py:588} INFO - Filling up the DagBag from /opt/airflow/dags/driven_data_pipeline.py
[2026-06-18T20:41:10.584+0000] {processor.py:925} INFO - DAG(s) 'extract_raw_data_pipeline' retrieved from /opt/airflow/dags/driven_data_pipeline.py
[2026-06-18T20:41:10.601+0000] {logging_mixin.py:190} INFO - [2026-06-18T20:41:10.600+0000] {dag.py:3239} INFO - Sync 1 DAGs
[2026-06-18T20:41:10.617+0000] {logging_mixin.py:190} INFO - [2026-06-18T20:41:10.617+0000] {dag.py:4180} INFO - Setting next_dagrun for extract_raw_data_pipeline to 2026-06-18 07:59:00+00:00, run_after=2026-06-19 07:00:00+00:00
[2026-06-18T20:41:10.763+0000] {processor.py:208} INFO - Processing /opt/airflow/dags/driven_data_pipeline.py took 0.292 seconds
[2026-06-18T20:41:41.168+0000] {processor.py:186} INFO - Started process (PID=645) to work on /opt/airflow/dags/driven_data_pipeline.py
[2026-06-18T20:41:41.169+0000] {processor.py:914} INFO - Processing file /opt/airflow/dags/driven_data_pipeline.py for tasks to queue
[2026-06-18T20:41:41.171+0000] {logging_mixin.py:190} INFO - [2026-06-18T20:41:41.171+0000] {dagbag.py:588} INFO - Filling up the DagBag from /opt/airflow/dags/driven_data_pipeline.py
[2026-06-18T20:41:41.268+0000] {processor.py:925} INFO - DAG(s) 'extract_raw_data_pipeline' retrieved from /opt/airflow/dags/driven_data_pipeline.py
[2026-06-18T20:41:41.288+0000] {logging_mixin.py:190} INFO - [2026-06-18T20:41:41.288+0000] {dag.py:3239} INFO - Sync 1 DAGs
[2026-06-18T20:41:41.302+0000] {logging_mixin.py:190} INFO - [2026-06-18T20:41:41.302+0000] {dag.py:4180} INFO - Setting next_dagrun for extract_raw_data_pipeline to 2026-06-18 07:59:00+00:00, run_after=2026-06-19 07:00:00+00:00
[2026-06-18T20:41:41.317+0000] {processor.py:208} INFO - Processing /opt/airflow/dags/driven_data_pipeline.py took 0.153 seconds
[2026-06-18T20:42:11.709+0000] {processor.py:186} INFO - Started process (PID=653) to work on /opt/airflow/dags/driven_data_pipeline.py
[2026-06-18T20:42:11.710+0000] {processor.py:914} INFO - Processing file /opt/airflow/dags/driven_data_pipeline.py for tasks to queue
[2026-06-18T20:42:11.711+0000] {logging_mixin.py:190} INFO - [2026-06-18T20:42:11.711+0000] {dagbag.py:588} INFO - Filling up the DagBag from /opt/airflow/dags/driven_data_pipeline.py
[2026-06-18T20:42:11.813+0000] {processor.py:925} INFO - DAG(s) 'extract_raw_data_pipeline' retrieved from /opt/airflow/dags/driven_data_pipeline.py
[2026-06-18T20:42:11.830+0000] {logging_mixin.py:190} INFO - [2026-06-18T20:42:11.830+0000] {dag.py:3239} INFO - Sync 1 DAGs
[2026-06-18T20:42:11.844+0000] {logging_mixin.py:190} INFO - [2026-06-18T20:42:11.844+0000] {dag.py:4180} INFO - Setting next_dagrun for extract_raw_data_pipeline to 2026-06-18 07:59:00+00:00, run_after=2026-06-19 07:00:00+00:00
[2026-06-18T20:42:11.857+0000] {processor.py:208} INFO - Processing /opt/airflow/dags/driven_data_pipeline.py took 0.152 seconds
[2026-06-18T20:42:41.973+0000] {processor.py:186} INFO - Started process (PID=661) to work on /opt/airflow/dags/driven_data_pipeline.py
[2026-06-18T20:42:41.974+0000] {processor.py:914} INFO - Processing file /opt/airflow/dags/driven_data_pipeline.py for tasks to queue
[2026-06-18T20:42:41.976+0000] {logging_mixin.py:190} INFO - [2026-06-18T20:42:41.976+0000] {dagbag.py:588} INFO - Filling up the DagBag from /opt/airflow/dags/driven_data_pipeline.py
[2026-06-18T20:42:42.085+0000] {processor.py:925} INFO - DAG(s) 'extract_raw_data_pipeline' retrieved from /opt/airflow/dags/driven_data_pipeline.py
[2026-06-18T20:42:42.102+0000] {logging_mixin.py:190} INFO - [2026-06-18T20:42:42.102+0000] {dag.py:3239} INFO - Sync 1 DAGs
[2026-06-18T20:42:42.120+0000] {logging_mixin.py:190} INFO - [2026-06-18T20:42:42.119+0000] {dag.py:4180} INFO - Setting next_dagrun for extract_raw_data_pipeline to 2026-06-18 07:59:00+00:00, run_after=2026-06-19 07:00:00+00:00
[2026-06-18T20:42:42.134+0000] {processor.py:208} INFO - Processing /opt/airflow/dags/driven_data_pipeline.py took 0.165 seconds
[2026-06-18T20:43:12.317+0000] {processor.py:186} INFO - Started process (PID=668) to work on /opt/airflow/dags/driven_data_pipeline.py
[2026-06-18T20:43:12.317+0000] {processor.py:914} INFO - Processing file /opt/airflow/dags/driven_data_pipeline.py for tasks to queue
[2026-06-18T20:43:12.319+0000] {logging_mixin.py:190} INFO - [2026-06-18T20:43:12.319+0000] {dagbag.py:588} INFO - Filling up the DagBag from /opt/airflow/dags/driven_data_pipeline.py
[2026-06-18T20:43:12.417+0000] {processor.py:925} INFO - DAG(s) 'extract_raw_data_pipeline' retrieved from /opt/airflow/dags/driven_data_pipeline.py
[2026-06-18T20:43:12.435+0000] {logging_mixin.py:190} INFO - [2026-06-18T20:43:12.435+0000] {dag.py:3239} INFO - Sync 1 DAGs
[2026-06-18T20:43:12.451+0000] {logging_mixin.py:190} INFO - [2026-06-18T20:43:12.451+0000] {dag.py:4180} INFO - Setting next_dagrun for extract_raw_data_pipeline to 2026-06-18 07:59:00+00:00, run_after=2026-06-19 07:00:00+00:00
[2026-06-18T20:43:12.468+0000] {processor.py:208} INFO - Processing /opt/airflow/dags/driven_data_pipeline.py took 0.155 seconds
[2026-06-18T20:43:42.542+0000] {processor.py:186} INFO - Started process (PID=676) to work on /opt/airflow/dags/driven_data_pipeline.py
[2026-06-18T20:43:42.544+0000] {processor.py:914} INFO - Processing file /opt/airflow/dags/driven_data_pipeline.py for tasks to queue
[2026-06-18T20:43:42.545+0000] {logging_mixin.py:190} INFO - [2026-06-18T20:43:42.545+0000] {dagbag.py:588} INFO - Filling up the DagBag from /opt/airflow/dags/driven_data_pipeline.py
[2026-06-18T20:43:42.642+0000] {processor.py:925} INFO - DAG(s) 'extract_raw_data_pipeline' retrieved from /opt/airflow/dags/driven_data_pipeline.py
[2026-06-18T20:43:42.659+0000] {logging_mixin.py:190} INFO - [2026-06-18T20:43:42.658+0000] {dag.py:3239} INFO - Sync 1 DAGs
[2026-06-18T20:43:42.673+0000] {logging_mixin.py:190} INFO - [2026-06-18T20:43:42.673+0000] {dag.py:4180} INFO - Setting next_dagrun for extract_raw_data_pipeline to 2026-06-18 07:59:00+00:00, run_after=2026-06-19 07:00:00+00:00
[2026-06-18T20:43:42.697+0000] {processor.py:208} INFO - Processing /opt/airflow/dags/driven_data_pipeline.py took 0.159 seconds
[2026-06-18T20:44:12.852+0000] {processor.py:186} INFO - Started process (PID=684) to work on /opt/airflow/dags/driven_data_pipeline.py
[2026-06-18T20:44:12.853+0000] {processor.py:914} INFO - Processing file /opt/airflow/dags/driven_data_pipeline.py for tasks to queue
[2026-06-18T20:44:12.855+0000] {logging_mixin.py:190} INFO - [2026-06-18T20:44:12.855+0000] {dagbag.py:588} INFO - Filling up the DagBag from /opt/airflow/dags/driven_data_pipeline.py
[2026-06-18T20:44:12.959+0000] {processor.py:925} INFO - DAG(s) 'extract_raw_data_pipeline' retrieved from /opt/airflow/dags/driven_data_pipeline.py
[2026-06-18T20:44:12.978+0000] {logging_mixin.py:190} INFO - [2026-06-18T20:44:12.978+0000] {dag.py:3239} INFO - Sync 1 DAGs
[2026-06-18T20:44:12.993+0000] {logging_mixin.py:190} INFO - [2026-06-18T20:44:12.993+0000] {dag.py:4180} INFO - Setting next_dagrun for extract_raw_data_pipeline to 2026-06-18 07:59:00+00:00, run_after=2026-06-19 07:00:00+00:00
[2026-06-18T20:44:13.018+0000] {processor.py:208} INFO - Processing /opt/airflow/dags/driven_data_pipeline.py took 0.169 seconds
[2026-06-18T20:44:43.268+0000] {processor.py:186} INFO - Started process (PID=691) to work on /opt/airflow/dags/driven_data_pipeline.py
[2026-06-18T20:44:43.269+0000] {processor.py:914} INFO - Processing file /opt/airflow/dags/driven_data_pipeline.py for tasks to queue
[2026-06-18T20:44:43.270+0000] {logging_mixin.py:190} INFO - [2026-06-18T20:44:43.270+0000] {dagbag.py:588} INFO - Filling up the DagBag from /opt/airflow/dags/driven_data_pipeline.py
[2026-06-18T20:44:43.370+0000] {processor.py:925} INFO - DAG(s) 'extract_raw_data_pipeline' retrieved from /opt/airflow/dags/driven_data_pipeline.py
[2026-06-18T20:44:43.387+0000] {logging_mixin.py:190} INFO - [2026-06-18T20:44:43.387+0000] {dag.py:3239} INFO - Sync 1 DAGs
[2026-06-18T20:44:43.401+0000] {logging_mixin.py:190} INFO - [2026-06-18T20:44:43.400+0000] {dag.py:4180} INFO - Setting next_dagrun for extract_raw_data_pipeline to 2026-06-18 07:59:00+00:00, run_after=2026-06-19 07:00:00+00:00
[2026-06-18T20:44:43.414+0000] {processor.py:208} INFO - Processing /opt/airflow/dags/driven_data_pipeline.py took 0.150 seconds
[2026-06-18T20:45:13.477+0000] {processor.py:186} INFO - Started process (PID=699) to work on /opt/airflow/dags/driven_data_pipeline.py
[2026-06-18T20:45:13.477+0000] {processor.py:914} INFO - Processing file /opt/airflow/dags/driven_data_pipeline.py for tasks to queue
[2026-06-18T20:45:13.479+0000] {logging_mixin.py:190} INFO - [2026-06-18T20:45:13.479+0000] {dagbag.py:588} INFO - Filling up the DagBag from /opt/airflow/dags/driven_data_pipeline.py
[2026-06-18T20:45:13.584+0000] {processor.py:925} INFO - DAG(s) 'extract_raw_data_pipeline' retrieved from /opt/airflow/dags/driven_data_pipeline.py
[2026-06-18T20:45:13.602+0000] {logging_mixin.py:190} INFO - [2026-06-18T20:45:13.601+0000] {dag.py:3239} INFO - Sync 1 DAGs
[2026-06-18T20:45:13.617+0000] {logging_mixin.py:190} INFO - [2026-06-18T20:45:13.617+0000] {dag.py:4180} INFO - Setting next_dagrun for extract_raw_data_pipeline to 2026-06-18 07:59:00+00:00, run_after=2026-06-19 07:00:00+00:00
[2026-06-18T20:45:13.630+0000] {processor.py:208} INFO - Processing /opt/airflow/dags/driven_data_pipeline.py took 0.157 seconds
[2026-06-18T20:45:43.710+0000] {processor.py:186} INFO - Started process (PID=707) to work on /opt/airflow/dags/driven_data_pipeline.py
[2026-06-18T20:45:43.712+0000] {processor.py:914} INFO - Processing file /opt/airflow/dags/driven_data_pipeline.py for tasks to queue
[2026-06-18T20:45:43.715+0000] {logging_mixin.py:190} INFO - [2026-06-18T20:45:43.715+0000] {dagbag.py:588} INFO - Filling up the DagBag from /opt/airflow/dags/driven_data_pipeline.py
[2026-06-18T20:45:43.844+0000] {processor.py:925} INFO - DAG(s) 'extract_raw_data_pipeline' retrieved from /opt/airflow/dags/driven_data_pipeline.py
[2026-06-18T20:45:43.863+0000] {logging_mixin.py:190} INFO - [2026-06-18T20:45:43.862+0000] {dag.py:3239} INFO - Sync 1 DAGs
[2026-06-18T20:45:43.878+0000] {logging_mixin.py:190} INFO - [2026-06-18T20:45:43.878+0000] {dag.py:4180} INFO - Setting next_dagrun for extract_raw_data_pipeline to 2026-06-18 07:59:00+00:00, run_after=2026-06-19 07:00:00+00:00
[2026-06-18T20:45:43.892+0000] {processor.py:208} INFO - Processing /opt/airflow/dags/driven_data_pipeline.py took 0.186 seconds
[2026-06-18T20:46:14.310+0000] {processor.py:186} INFO - Started process (PID=715) to work on /opt/airflow/dags/driven_data_pipeline.py
[2026-06-18T20:46:14.314+0000] {processor.py:914} INFO - Processing file /opt/airflow/dags/driven_data_pipeline.py for tasks to queue
[2026-06-18T20:46:14.318+0000] {logging_mixin.py:190} INFO - [2026-06-18T20:46:14.318+0000] {dagbag.py:588} INFO - Filling up the DagBag from /opt/airflow/dags/driven_data_pipeline.py
[2026-06-18T20:46:14.500+0000] {processor.py:925} INFO - DAG(s) 'extract_raw_data_pipeline' retrieved from /opt/airflow/dags/driven_data_pipeline.py
[2026-06-18T20:46:14.517+0000] {logging_mixin.py:190} INFO - [2026-06-18T20:46:14.517+0000] {dag.py:3239} INFO - Sync 1 DAGs
[2026-06-18T20:46:14.533+0000] {logging_mixin.py:190} INFO - [2026-06-18T20:46:14.532+0000] {dag.py:4180} INFO - Setting next_dagrun for extract_raw_data_pipeline to 2026-06-18 07:59:00+00:00, run_after=2026-06-19 07:00:00+00:00
[2026-06-18T20:46:14.552+0000] {processor.py:208} INFO - Processing /opt/airflow/dags/driven_data_pipeline.py took 0.247 seconds
[2026-06-18T20:46:44.773+0000] {processor.py:186} INFO - Started process (PID=723) to work on /opt/airflow/dags/driven_data_pipeline.py
[2026-06-18T20:46:44.774+0000] {processor.py:914} INFO - Processing file /opt/airflow/dags/driven_data_pipeline.py for tasks to queue
[2026-06-18T20:46:44.777+0000] {logging_mixin.py:190} INFO - [2026-06-18T20:46:44.776+0000] {dagbag.py:588} INFO - Filling up the DagBag from /opt/airflow/dags/driven_data_pipeline.py
[2026-06-18T20:46:44.901+0000] {processor.py:925} INFO - DAG(s) 'extract_raw_data_pipeline' retrieved from /opt/airflow/dags/driven_data_pipeline.py
[2026-06-18T20:46:44.919+0000] {logging_mixin.py:190} INFO - [2026-06-18T20:46:44.919+0000] {dag.py:3239} INFO - Sync 1 DAGs
[2026-06-18T20:46:44.934+0000] {logging_mixin.py:190} INFO - [2026-06-18T20:46:44.934+0000] {dag.py:4180} INFO - Setting next_dagrun for extract_raw_data_pipeline to 2026-06-18 07:59:00+00:00, run_after=2026-06-19 07:00:00+00:00
[2026-06-18T20:46:44.948+0000] {processor.py:208} INFO - Processing /opt/airflow/dags/driven_data_pipeline.py took 0.181 seconds
[2026-06-18T20:47:14.990+0000] {processor.py:186} INFO - Started process (PID=731) to work on /opt/airflow/dags/driven_data_pipeline.py
[2026-06-18T20:47:14.991+0000] {processor.py:914} INFO - Processing file /opt/airflow/dags/driven_data_pipeline.py for tasks to queue
[2026-06-18T20:47:14.992+0000] {logging_mixin.py:190} INFO - [2026-06-18T20:47:14.992+0000] {dagbag.py:588} INFO - Filling up the DagBag from /opt/airflow/dags/driven_data_pipeline.py
[2026-06-18T20:47:15.090+0000] {processor.py:925} INFO - DAG(s) 'extract_raw_data_pipeline' retrieved from /opt/airflow/dags/driven_data_pipeline.py
[2026-06-18T20:47:15.109+0000] {logging_mixin.py:190} INFO - [2026-06-18T20:47:15.109+0000] {dag.py:3239} INFO - Sync 1 DAGs
[2026-06-18T20:47:15.125+0000] {logging_mixin.py:190} INFO - [2026-06-18T20:47:15.125+0000] {dag.py:4180} INFO - Setting next_dagrun for extract_raw_data_pipeline to 2026-06-18 07:59:00+00:00, run_after=2026-06-19 07:00:00+00:00
[2026-06-18T20:47:15.139+0000] {processor.py:208} INFO - Processing /opt/airflow/dags/driven_data_pipeline.py took 0.153 seconds
[2026-06-18T20:47:45.391+0000] {processor.py:186} INFO - Started process (PID=739) to work on /opt/airflow/dags/driven_data_pipeline.py
[2026-06-18T20:47:45.392+0000] {processor.py:914} INFO - Processing file /opt/airflow/dags/driven_data_pipeline.py for tasks to queue
[2026-06-18T20:47:45.394+0000] {logging_mixin.py:190} INFO - [2026-06-18T20:47:45.394+0000] {dagbag.py:588} INFO - Filling up the DagBag from /opt/airflow/dags/driven_data_pipeline.py
[2026-06-18T20:47:45.486+0000] {processor.py:925} INFO - DAG(s) 'extract_raw_data_pipeline' retrieved from /opt/airflow/dags/driven_data_pipeline.py
[2026-06-18T20:47:45.502+0000] {logging_mixin.py:190} INFO - [2026-06-18T20:47:45.502+0000] {dag.py:3239} INFO - Sync 1 DAGs
[2026-06-18T20:47:45.516+0000] {logging_mixin.py:190} INFO - [2026-06-18T20:47:45.516+0000] {dag.py:4180} INFO - Setting next_dagrun for extract_raw_data_pipeline to 2026-06-18 07:59:00+00:00, run_after=2026-06-19 07:00:00+00:00
[2026-06-18T20:47:45.528+0000] {processor.py:208} INFO - Processing /opt/airflow/dags/driven_data_pipeline.py took 0.141 seconds
[2026-06-18T20:48:15.735+0000] {processor.py:186} INFO - Started process (PID=747) to work on /opt/airflow/dags/driven_data_pipeline.py
[2026-06-18T20:48:15.736+0000] {processor.py:914} INFO - Processing file /opt/airflow/dags/driven_data_pipeline.py for tasks to queue
[2026-06-18T20:48:15.739+0000] {logging_mixin.py:190} INFO - [2026-06-18T20:48:15.738+0000] {dagbag.py:588} INFO - Filling up the DagBag from /opt/airflow/dags/driven_data_pipeline.py
[2026-06-18T20:48:15.863+0000] {processor.py:925} INFO - DAG(s) 'extract_raw_data_pipeline' retrieved from /opt/airflow/dags/driven_data_pipeline.py
[2026-06-18T20:48:15.879+0000] {logging_mixin.py:190} INFO - [2026-06-18T20:48:15.878+0000] {dag.py:3239} INFO - Sync 1 DAGs
[2026-06-18T20:48:15.895+0000] {logging_mixin.py:190} INFO - [2026-06-18T20:48:15.895+0000] {dag.py:4180} INFO - Setting next_dagrun for extract_raw_data_pipeline to 2026-06-18 07:59:00+00:00, run_after=2026-06-19 07:00:00+00:00
[2026-06-18T20:48:15.917+0000] {processor.py:208} INFO - Processing /opt/airflow/dags/driven_data_pipeline.py took 0.185 seconds
[2026-06-18T20:48:46.106+0000] {processor.py:186} INFO - Started process (PID=755) to work on /opt/airflow/dags/driven_data_pipeline.py
[2026-06-18T20:48:46.107+0000] {processor.py:914} INFO - Processing file /opt/airflow/dags/driven_data_pipeline.py for tasks to queue
[2026-06-18T20:48:46.108+0000] {logging_mixin.py:190} INFO - [2026-06-18T20:48:46.108+0000] {dagbag.py:588} INFO - Filling up the DagBag from /opt/airflow/dags/driven_data_pipeline.py
[2026-06-18T20:48:46.202+0000] {processor.py:925} INFO - DAG(s) 'extract_raw_data_pipeline' retrieved from /opt/airflow/dags/driven_data_pipeline.py
[2026-06-18T20:48:46.219+0000] {logging_mixin.py:190} INFO - [2026-06-18T20:48:46.219+0000] {dag.py:3239} INFO - Sync 1 DAGs
[2026-06-18T20:48:46.235+0000] {logging_mixin.py:190} INFO - [2026-06-18T20:48:46.235+0000] {dag.py:4180} INFO - Setting next_dagrun for extract_raw_data_pipeline to 2026-06-18 07:59:00+00:00, run_after=2026-06-19 07:00:00+00:00
[2026-06-18T20:48:46.250+0000] {processor.py:208} INFO - Processing /opt/airflow/dags/driven_data_pipeline.py took 0.147 seconds
[2026-06-18T20:49:16.444+0000] {processor.py:186} INFO - Started process (PID=763) to work on /opt/airflow/dags/driven_data_pipeline.py
[2026-06-18T20:49:16.445+0000] {processor.py:914} INFO - Processing file /opt/airflow/dags/driven_data_pipeline.py for tasks to queue
[2026-06-18T20:49:16.446+0000] {logging_mixin.py:190} INFO - [2026-06-18T20:49:16.446+0000] {dagbag.py:588} INFO - Filling up the DagBag from /opt/airflow/dags/driven_data_pipeline.py
[2026-06-18T20:49:16.540+0000] {processor.py:925} INFO - DAG(s) 'extract_raw_data_pipeline' retrieved from /opt/airflow/dags/driven_data_pipeline.py
[2026-06-18T20:49:16.556+0000] {logging_mixin.py:190} INFO - [2026-06-18T20:49:16.556+0000] {dag.py:3239} INFO - Sync 1 DAGs
[2026-06-18T20:49:16.570+0000] {logging_mixin.py:190} INFO - [2026-06-18T20:49:16.570+0000] {dag.py:4180} INFO - Setting next_dagrun for extract_raw_data_pipeline to 2026-06-18 07:59:00+00:00, run_after=2026-06-19 07:00:00+00:00
[2026-06-18T20:49:16.584+0000] {processor.py:208} INFO - Processing /opt/airflow/dags/driven_data_pipeline.py took 0.144 seconds
[2026-06-18T20:49:46.865+0000] {processor.py:186} INFO - Started process (PID=771) to work on /opt/airflow/dags/driven_data_pipeline.py
[2026-06-18T20:49:46.865+0000] {processor.py:914} INFO - Processing file /opt/airflow/dags/driven_data_pipeline.py for tasks to queue
[2026-06-18T20:49:46.867+0000] {logging_mixin.py:190} INFO - [2026-06-18T20:49:46.867+0000] {dagbag.py:588} INFO - Filling up the DagBag from /opt/airflow/dags/driven_data_pipeline.py
[2026-06-18T20:49:46.953+0000] {processor.py:925} INFO - DAG(s) 'extract_raw_data_pipeline' retrieved from /opt/airflow/dags/driven_data_pipeline.py
[2026-06-18T20:49:46.969+0000] {logging_mixin.py:190} INFO - [2026-06-18T20:49:46.969+0000] {dag.py:3239} INFO - Sync 1 DAGs
[2026-06-18T20:49:46.988+0000] {logging_mixin.py:190} INFO - [2026-06-18T20:49:46.987+0000] {dag.py:4180} INFO - Setting next_dagrun for extract_raw_data_pipeline to 2026-06-18 07:59:00+00:00, run_after=2026-06-19 07:00:00+00:00
[2026-06-18T20:49:47.000+0000] {processor.py:208} INFO - Processing /opt/airflow/dags/driven_data_pipeline.py took 0.139 seconds
[2026-06-18T20:50:17.170+0000] {processor.py:186} INFO - Started process (PID=779) to work on /opt/airflow/dags/driven_data_pipeline.py
[2026-06-18T20:50:17.171+0000] {processor.py:914} INFO - Processing file /opt/airflow/dags/driven_data_pipeline.py for tasks to queue
[2026-06-18T20:50:17.172+0000] {logging_mixin.py:190} INFO - [2026-06-18T20:50:17.172+0000] {dagbag.py:588} INFO - Filling up the DagBag from /opt/airflow/dags/driven_data_pipeline.py
[2026-06-18T20:50:17.269+0000] {processor.py:925} INFO - DAG(s) 'extract_raw_data_pipeline' retrieved from /opt/airflow/dags/driven_data_pipeline.py
[2026-06-18T20:50:17.283+0000] {logging_mixin.py:190} INFO - [2026-06-18T20:50:17.283+0000] {dag.py:3239} INFO - Sync 1 DAGs
[2026-06-18T20:50:17.296+0000] {logging_mixin.py:190} INFO - [2026-06-18T20:50:17.295+0000] {dag.py:4180} INFO - Setting next_dagrun for extract_raw_data_pipeline to 2026-06-18 07:59:00+00:00, run_after=2026-06-19 07:00:00+00:00
[2026-06-18T20:50:17.308+0000] {processor.py:208} INFO - Processing /opt/airflow/dags/driven_data_pipeline.py took 0.141 seconds
[2026-06-18T20:50:47.584+0000] {processor.py:186} INFO - Started process (PID=787) to work on /opt/airflow/dags/driven_data_pipeline.py
[2026-06-18T20:50:47.585+0000] {processor.py:914} INFO - Processing file /opt/airflow/dags/driven_data_pipeline.py for tasks to queue
[2026-06-18T20:50:47.586+0000] {logging_mixin.py:190} INFO - [2026-06-18T20:50:47.586+0000] {dagbag.py:588} INFO - Filling up the DagBag from /opt/airflow/dags/driven_data_pipeline.py
[2026-06-18T20:50:47.681+0000] {processor.py:925} INFO - DAG(s) 'extract_raw_data_pipeline' retrieved from /opt/airflow/dags/driven_data_pipeline.py
[2026-06-18T20:50:47.695+0000] {logging_mixin.py:190} INFO - [2026-06-18T20:50:47.695+0000] {dag.py:3239} INFO - Sync 1 DAGs
[2026-06-18T20:50:47.707+0000] {logging_mixin.py:190} INFO - [2026-06-18T20:50:47.707+0000] {dag.py:4180} INFO - Setting next_dagrun for extract_raw_data_pipeline to 2026-06-18 07:59:00+00:00, run_after=2026-06-19 07:00:00+00:00
[2026-06-18T20:50:47.719+0000] {processor.py:208} INFO - Processing /opt/airflow/dags/driven_data_pipeline.py took 0.138 seconds
[2026-06-18T20:51:17.930+0000] {processor.py:186} INFO - Started process (PID=795) to work on /opt/airflow/dags/driven_data_pipeline.py
[2026-06-18T20:51:17.931+0000] {processor.py:914} INFO - Processing file /opt/airflow/dags/driven_data_pipeline.py for tasks to queue
[2026-06-18T20:51:17.932+0000] {logging_mixin.py:190} INFO - [2026-06-18T20:51:17.932+0000] {dagbag.py:588} INFO - Filling up the DagBag from /opt/airflow/dags/driven_data_pipeline.py
[2026-06-18T20:51:18.018+0000] {processor.py:925} INFO - DAG(s) 'extract_raw_data_pipeline' retrieved from /opt/airflow/dags/driven_data_pipeline.py
[2026-06-18T20:51:18.032+0000] {logging_mixin.py:190} INFO - [2026-06-18T20:51:18.032+0000] {dag.py:3239} INFO - Sync 1 DAGs
[2026-06-18T20:51:18.045+0000] {logging_mixin.py:190} INFO - [2026-06-18T20:51:18.045+0000] {dag.py:4180} INFO - Setting next_dagrun for extract_raw_data_pipeline to 2026-06-18 07:59:00+00:00, run_after=2026-06-19 07:00:00+00:00
[2026-06-18T20:51:18.058+0000] {processor.py:208} INFO - Processing /opt/airflow/dags/driven_data_pipeline.py took 0.131 seconds
[2026-06-18T20:51:48.291+0000] {processor.py:186} INFO - Started process (PID=803) to work on /opt/airflow/dags/driven_data_pipeline.py
[2026-06-18T20:51:48.292+0000] {processor.py:914} INFO - Processing file /opt/airflow/dags/driven_data_pipeline.py for tasks to queue
[2026-06-18T20:51:48.293+0000] {logging_mixin.py:190} INFO - [2026-06-18T20:51:48.293+0000] {dagbag.py:588} INFO - Filling up the DagBag from /opt/airflow/dags/driven_data_pipeline.py
[2026-06-18T20:51:48.381+0000] {processor.py:925} INFO - DAG(s) 'extract_raw_data_pipeline' retrieved from /opt/airflow/dags/driven_data_pipeline.py
[2026-06-18T20:51:48.398+0000] {logging_mixin.py:190} INFO - [2026-06-18T20:51:48.398+0000] {dag.py:3239} INFO - Sync 1 DAGs
[2026-06-18T20:51:48.418+0000] {logging_mixin.py:190} INFO - [2026-06-18T20:51:48.417+0000] {dag.py:4180} INFO - Setting next_dagrun for extract_raw_data_pipeline to 2026-06-18 07:59:00+00:00, run_after=2026-06-19 07:00:00+00:00
[2026-06-18T20:51:48.434+0000] {processor.py:208} INFO - Processing /opt/airflow/dags/driven_data_pipeline.py took 0.147 seconds
[2026-06-18T20:52:18.777+0000] {processor.py:186} INFO - Started process (PID=811) to work on /opt/airflow/dags/driven_data_pipeline.py
[2026-06-18T20:52:18.779+0000] {processor.py:914} INFO - Processing file /opt/airflow/dags/driven_data_pipeline.py for tasks to queue
[2026-06-18T20:52:18.780+0000] {logging_mixin.py:190} INFO - [2026-06-18T20:52:18.780+0000] {dagbag.py:588} INFO - Filling up the DagBag from /opt/airflow/dags/driven_data_pipeline.py
[2026-06-18T20:52:18.883+0000] {processor.py:925} INFO - DAG(s) 'extract_raw_data_pipeline' retrieved from /opt/airflow/dags/driven_data_pipeline.py
[2026-06-18T20:52:18.898+0000] {logging_mixin.py:190} INFO - [2026-06-18T20:52:18.898+0000] {dag.py:3239} INFO - Sync 1 DAGs
[2026-06-18T20:52:18.912+0000] {logging_mixin.py:190} INFO - [2026-06-18T20:52:18.912+0000] {dag.py:4180} INFO - Setting next_dagrun for extract_raw_data_pipeline to 2026-06-18 07:59:00+00:00, run_after=2026-06-19 07:00:00+00:00
[2026-06-18T20:52:18.924+0000] {processor.py:208} INFO - Processing /opt/airflow/dags/driven_data_pipeline.py took 0.151 seconds
[2026-06-18T20:52:49.062+0000] {processor.py:186} INFO - Started process (PID=819) to work on /opt/airflow/dags/driven_data_pipeline.py
[2026-06-18T20:52:49.063+0000] {processor.py:914} INFO - Processing file /opt/airflow/dags/driven_data_pipeline.py for tasks to queue
[2026-06-18T20:52:49.065+0000] {logging_mixin.py:190} INFO - [2026-06-18T20:52:49.064+0000] {dagbag.py:588} INFO - Filling up the DagBag from /opt/airflow/dags/driven_data_pipeline.py
[2026-06-18T20:52:49.148+0000] {processor.py:925} INFO - DAG(s) 'extract_raw_data_pipeline' retrieved from /opt/airflow/dags/driven_data_pipeline.py
[2026-06-18T20:52:49.165+0000] {logging_mixin.py:190} INFO - [2026-06-18T20:52:49.165+0000] {dag.py:3239} INFO - Sync 1 DAGs
[2026-06-18T20:52:49.179+0000] {logging_mixin.py:190} INFO - [2026-06-18T20:52:49.179+0000] {dag.py:4180} INFO - Setting next_dagrun for extract_raw_data_pipeline to 2026-06-18 07:59:00+00:00, run_after=2026-06-19 07:00:00+00:00
[2026-06-18T20:52:49.195+0000] {processor.py:208} INFO - Processing /opt/airflow/dags/driven_data_pipeline.py took 0.136 seconds
[2026-06-18T20:53:19.523+0000] {processor.py:186} INFO - Started process (PID=827) to work on /opt/airflow/dags/driven_data_pipeline.py
[2026-06-18T20:53:19.523+0000] {processor.py:914} INFO - Processing file /opt/airflow/dags/driven_data_pipeline.py for tasks to queue
[2026-06-18T20:53:19.525+0000] {logging_mixin.py:190} INFO - [2026-06-18T20:53:19.525+0000] {dagbag.py:588} INFO - Filling up the DagBag from /opt/airflow/dags/driven_data_pipeline.py
[2026-06-18T20:53:19.608+0000] {processor.py:925} INFO - DAG(s) 'extract_raw_data_pipeline' retrieved from /opt/airflow/dags/driven_data_pipeline.py
[2026-06-18T20:53:19.623+0000] {logging_mixin.py:190} INFO - [2026-06-18T20:53:19.623+0000] {dag.py:3239} INFO - Sync 1 DAGs
[2026-06-18T20:53:19.637+0000] {logging_mixin.py:190} INFO - [2026-06-18T20:53:19.637+0000] {dag.py:4180} INFO - Setting next_dagrun for extract_raw_data_pipeline to 2026-06-18 07:59:00+00:00, run_after=2026-06-19 07:00:00+00:00
[2026-06-18T20:53:19.651+0000] {processor.py:208} INFO - Processing /opt/airflow/dags/driven_data_pipeline.py took 0.131 seconds
[2026-06-18T20:53:49.891+0000] {processor.py:186} INFO - Started process (PID=835) to work on /opt/airflow/dags/driven_data_pipeline.py
[2026-06-18T20:53:49.892+0000] {processor.py:914} INFO - Processing file /opt/airflow/dags/driven_data_pipeline.py for tasks to queue
[2026-06-18T20:53:49.894+0000] {logging_mixin.py:190} INFO - [2026-06-18T20:53:49.894+0000] {dagbag.py:588} INFO - Filling up the DagBag from /opt/airflow/dags/driven_data_pipeline.py
[2026-06-18T20:53:49.994+0000] {processor.py:925} INFO - DAG(s) 'extract_raw_data_pipeline' retrieved from /opt/airflow/dags/driven_data_pipeline.py
[2026-06-18T20:53:50.010+0000] {logging_mixin.py:190} INFO - [2026-06-18T20:53:50.010+0000] {dag.py:3239} INFO - Sync 1 DAGs
[2026-06-18T20:53:50.023+0000] {logging_mixin.py:190} INFO - [2026-06-18T20:53:50.023+0000] {dag.py:4180} INFO - Setting next_dagrun for extract_raw_data_pipeline to 2026-06-18 07:59:00+00:00, run_after=2026-06-19 07:00:00+00:00
[2026-06-18T20:53:50.037+0000] {processor.py:208} INFO - Processing /opt/airflow/dags/driven_data_pipeline.py took 0.150 seconds
[2026-06-18T20:54:20.287+0000] {processor.py:186} INFO - Started process (PID=843) to work on /opt/airflow/dags/driven_data_pipeline.py
[2026-06-18T20:54:20.288+0000] {processor.py:914} INFO - Processing file /opt/airflow/dags/driven_data_pipeline.py for tasks to queue
[2026-06-18T20:54:20.289+0000] {logging_mixin.py:190} INFO - [2026-06-18T20:54:20.289+0000] {dagbag.py:588} INFO - Filling up the DagBag from /opt/airflow/dags/driven_data_pipeline.py
[2026-06-18T20:54:20.380+0000] {processor.py:925} INFO - DAG(s) 'extract_raw_data_pipeline' retrieved from /opt/airflow/dags/driven_data_pipeline.py
[2026-06-18T20:54:20.395+0000] {logging_mixin.py:190} INFO - [2026-06-18T20:54:20.394+0000] {dag.py:3239} INFO - Sync 1 DAGs
[2026-06-18T20:54:20.408+0000] {logging_mixin.py:190} INFO - [2026-06-18T20:54:20.407+0000] {dag.py:4180} INFO - Setting next_dagrun for extract_raw_data_pipeline to 2026-06-18 07:59:00+00:00, run_after=2026-06-19 07:00:00+00:00
[2026-06-18T20:54:20.420+0000] {processor.py:208} INFO - Processing /opt/airflow/dags/driven_data_pipeline.py took 0.137 seconds
[2026-06-18T20:54:50.605+0000] {processor.py:186} INFO - Started process (PID=851) to work on /opt/airflow/dags/driven_data_pipeline.py
[2026-06-18T20:54:50.606+0000] {processor.py:914} INFO - Processing file /opt/airflow/dags/driven_data_pipeline.py for tasks to queue
[2026-06-18T20:54:50.607+0000] {logging_mixin.py:190} INFO - [2026-06-18T20:54:50.607+0000] {dagbag.py:588} INFO - Filling up the DagBag from /opt/airflow/dags/driven_data_pipeline.py
[2026-06-18T20:54:50.695+0000] {processor.py:925} INFO - DAG(s) 'extract_raw_data_pipeline' retrieved from /opt/airflow/dags/driven_data_pipeline.py
[2026-06-18T20:54:50.710+0000] {logging_mixin.py:190} INFO - [2026-06-18T20:54:50.709+0000] {dag.py:3239} INFO - Sync 1 DAGs
[2026-06-18T20:54:50.722+0000] {logging_mixin.py:190} INFO - [2026-06-18T20:54:50.722+0000] {dag.py:4180} INFO - Setting next_dagrun for extract_raw_data_pipeline to 2026-06-18 07:59:00+00:00, run_after=2026-06-19 07:00:00+00:00
[2026-06-18T20:54:50.737+0000] {processor.py:208} INFO - Processing /opt/airflow/dags/driven_data_pipeline.py took 0.136 seconds
[2026-06-18T20:55:20.944+0000] {processor.py:186} INFO - Started process (PID=859) to work on /opt/airflow/dags/driven_data_pipeline.py
[2026-06-18T20:55:20.945+0000] {processor.py:914} INFO - Processing file /opt/airflow/dags/driven_data_pipeline.py for tasks to queue
[2026-06-18T20:55:20.946+0000] {logging_mixin.py:190} INFO - [2026-06-18T20:55:20.946+0000] {dagbag.py:588} INFO - Filling up the DagBag from /opt/airflow/dags/driven_data_pipeline.py
[2026-06-18T20:55:21.036+0000] {processor.py:925} INFO - DAG(s) 'extract_raw_data_pipeline' retrieved from /opt/airflow/dags/driven_data_pipeline.py
[2026-06-18T20:55:21.051+0000] {logging_mixin.py:190} INFO - [2026-06-18T20:55:21.051+0000] {dag.py:3239} INFO - Sync 1 DAGs
[2026-06-18T20:55:21.065+0000] {logging_mixin.py:190} INFO - [2026-06-18T20:55:21.065+0000] {dag.py:4180} INFO - Setting next_dagrun for extract_raw_data_pipeline to 2026-06-18 07:59:00+00:00, run_after=2026-06-19 07:00:00+00:00
[2026-06-18T20:55:21.089+0000] {processor.py:208} INFO - Processing /opt/airflow/dags/driven_data_pipeline.py took 0.149 seconds
[2026-06-18T20:55:51.354+0000] {processor.py:186} INFO - Started process (PID=867) to work on /opt/airflow/dags/driven_data_pipeline.py
[2026-06-18T20:55:51.355+0000] {processor.py:914} INFO - Processing file /opt/airflow/dags/driven_data_pipeline.py for tasks to queue
[2026-06-18T20:55:51.357+0000] {logging_mixin.py:190} INFO - [2026-06-18T20:55:51.357+0000] {dagbag.py:588} INFO - Filling up the DagBag from /opt/airflow/dags/driven_data_pipeline.py
[2026-06-18T20:55:51.443+0000] {processor.py:925} INFO - DAG(s) 'extract_raw_data_pipeline' retrieved from /opt/airflow/dags/driven_data_pipeline.py
[2026-06-18T20:55:51.458+0000] {logging_mixin.py:190} INFO - [2026-06-18T20:55:51.458+0000] {dag.py:3239} INFO - Sync 1 DAGs
[2026-06-18T20:55:51.472+0000] {logging_mixin.py:190} INFO - [2026-06-18T20:55:51.472+0000] {dag.py:4180} INFO - Setting next_dagrun for extract_raw_data_pipeline to 2026-06-18 07:59:00+00:00, run_after=2026-06-19 07:00:00+00:00
[2026-06-18T20:55:51.485+0000] {processor.py:208} INFO - Processing /opt/airflow/dags/driven_data_pipeline.py took 0.135 seconds
[2026-06-18T20:56:21.736+0000] {processor.py:186} INFO - Started process (PID=874) to work on /opt/airflow/dags/driven_data_pipeline.py
[2026-06-18T20:56:21.737+0000] {processor.py:914} INFO - Processing file /opt/airflow/dags/driven_data_pipeline.py for tasks to queue
[2026-06-18T20:56:21.738+0000] {logging_mixin.py:190} INFO - [2026-06-18T20:56:21.738+0000] {dagbag.py:588} INFO - Filling up the DagBag from /opt/airflow/dags/driven_data_pipeline.py
[2026-06-18T20:56:21.824+0000] {processor.py:925} INFO - DAG(s) 'extract_raw_data_pipeline' retrieved from /opt/airflow/dags/driven_data_pipeline.py
[2026-06-18T20:56:21.839+0000] {logging_mixin.py:190} INFO - [2026-06-18T20:56:21.839+0000] {dag.py:3239} INFO - Sync 1 DAGs
[2026-06-18T20:56:21.851+0000] {logging_mixin.py:190} INFO - [2026-06-18T20:56:21.851+0000] {dag.py:4180} INFO - Setting next_dagrun for extract_raw_data_pipeline to 2026-06-18 07:59:00+00:00, run_after=2026-06-19 07:00:00+00:00
[2026-06-18T20:56:21.867+0000] {processor.py:208} INFO - Processing /opt/airflow/dags/driven_data_pipeline.py took 0.134 seconds
[2026-06-18T20:56:52.102+0000] {processor.py:186} INFO - Started process (PID=882) to work on /opt/airflow/dags/driven_data_pipeline.py
[2026-06-18T20:56:52.102+0000] {processor.py:914} INFO - Processing file /opt/airflow/dags/driven_data_pipeline.py for tasks to queue
[2026-06-18T20:56:52.104+0000] {logging_mixin.py:190} INFO - [2026-06-18T20:56:52.103+0000] {dagbag.py:588} INFO - Filling up the DagBag from /opt/airflow/dags/driven_data_pipeline.py
[2026-06-18T20:56:52.198+0000] {processor.py:925} INFO - DAG(s) 'extract_raw_data_pipeline' retrieved from /opt/airflow/dags/driven_data_pipeline.py
[2026-06-18T20:56:52.214+0000] {logging_mixin.py:190} INFO - [2026-06-18T20:56:52.214+0000] {dag.py:3239} INFO - Sync 1 DAGs
[2026-06-18T20:56:52.226+0000] {logging_mixin.py:190} INFO - [2026-06-18T20:56:52.226+0000] {dag.py:4180} INFO - Setting next_dagrun for extract_raw_data_pipeline to 2026-06-18 07:59:00+00:00, run_after=2026-06-19 07:00:00+00:00
[2026-06-18T20:56:52.249+0000] {processor.py:208} INFO - Processing /opt/airflow/dags/driven_data_pipeline.py took 0.151 seconds
[2026-06-18T20:57:22.463+0000] {processor.py:186} INFO - Started process (PID=890) to work on /opt/airflow/dags/driven_data_pipeline.py
[2026-06-18T20:57:22.463+0000] {processor.py:914} INFO - Processing file /opt/airflow/dags/driven_data_pipeline.py for tasks to queue
[2026-06-18T20:57:22.465+0000] {logging_mixin.py:190} INFO - [2026-06-18T20:57:22.465+0000] {dagbag.py:588} INFO - Filling up the DagBag from /opt/airflow/dags/driven_data_pipeline.py
[2026-06-18T20:57:22.569+0000] {processor.py:925} INFO - DAG(s) 'extract_raw_data_pipeline' retrieved from /opt/airflow/dags/driven_data_pipeline.py
[2026-06-18T20:57:22.595+0000] {logging_mixin.py:190} INFO - [2026-06-18T20:57:22.595+0000] {dag.py:3239} INFO - Sync 1 DAGs
[2026-06-18T20:57:22.613+0000] {logging_mixin.py:190} INFO - [2026-06-18T20:57:22.612+0000] {dag.py:4180} INFO - Setting next_dagrun for extract_raw_data_pipeline to 2026-06-18 07:59:00+00:00, run_after=2026-06-19 07:00:00+00:00
[2026-06-18T20:57:22.628+0000] {processor.py:208} INFO - Processing /opt/airflow/dags/driven_data_pipeline.py took 0.169 seconds
[2026-06-18T20:57:53.035+0000] {processor.py:186} INFO - Started process (PID=897) to work on /opt/airflow/dags/driven_data_pipeline.py
[2026-06-18T20:57:53.035+0000] {processor.py:914} INFO - Processing file /opt/airflow/dags/driven_data_pipeline.py for tasks to queue
[2026-06-18T20:57:53.037+0000] {logging_mixin.py:190} INFO - [2026-06-18T20:57:53.037+0000] {dagbag.py:588} INFO - Filling up the DagBag from /opt/airflow/dags/driven_data_pipeline.py
[2026-06-18T20:57:53.127+0000] {processor.py:925} INFO - DAG(s) 'extract_raw_data_pipeline' retrieved from /opt/airflow/dags/driven_data_pipeline.py
[2026-06-18T20:57:53.145+0000] {logging_mixin.py:190} INFO - [2026-06-18T20:57:53.145+0000] {dag.py:3239} INFO - Sync 1 DAGs
[2026-06-18T20:57:53.158+0000] {logging_mixin.py:190} INFO - [2026-06-18T20:57:53.158+0000] {dag.py:4180} INFO - Setting next_dagrun for extract_raw_data_pipeline to 2026-06-18 07:59:00+00:00, run_after=2026-06-19 07:00:00+00:00
[2026-06-18T20:57:53.170+0000] {processor.py:208} INFO - Processing /opt/airflow/dags/driven_data_pipeline.py took 0.139 seconds
[2026-06-18T20:58:23.270+0000] {processor.py:186} INFO - Started process (PID=905) to work on /opt/airflow/dags/driven_data_pipeline.py
[2026-06-18T20:58:23.270+0000] {processor.py:914} INFO - Processing file /opt/airflow/dags/driven_data_pipeline.py for tasks to queue
[2026-06-18T20:58:23.272+0000] {logging_mixin.py:190} INFO - [2026-06-18T20:58:23.271+0000] {dagbag.py:588} INFO - Filling up the DagBag from /opt/airflow/dags/driven_data_pipeline.py
[2026-06-18T20:58:23.359+0000] {processor.py:925} INFO - DAG(s) 'extract_raw_data_pipeline' retrieved from /opt/airflow/dags/driven_data_pipeline.py
[2026-06-18T20:58:23.375+0000] {logging_mixin.py:190} INFO - [2026-06-18T20:58:23.375+0000] {dag.py:3239} INFO - Sync 1 DAGs
[2026-06-18T20:58:23.388+0000] {logging_mixin.py:190} INFO - [2026-06-18T20:58:23.388+0000] {dag.py:4180} INFO - Setting next_dagrun for extract_raw_data_pipeline to 2026-06-18 07:59:00+00:00, run_after=2026-06-19 07:00:00+00:00
[2026-06-18T20:58:23.402+0000] {processor.py:208} INFO - Processing /opt/airflow/dags/driven_data_pipeline.py took 0.136 seconds
[2026-06-18T20:58:53.537+0000] {processor.py:186} INFO - Started process (PID=913) to work on /opt/airflow/dags/driven_data_pipeline.py
[2026-06-18T20:58:53.538+0000] {processor.py:914} INFO - Processing file /opt/airflow/dags/driven_data_pipeline.py for tasks to queue
[2026-06-18T20:58:53.539+0000] {logging_mixin.py:190} INFO - [2026-06-18T20:58:53.539+0000] {dagbag.py:588} INFO - Filling up the DagBag from /opt/airflow/dags/driven_data_pipeline.py
[2026-06-18T20:58:53.626+0000] {processor.py:925} INFO - DAG(s) 'extract_raw_data_pipeline' retrieved from /opt/airflow/dags/driven_data_pipeline.py
[2026-06-18T20:58:53.641+0000] {logging_mixin.py:190} INFO - [2026-06-18T20:58:53.641+0000] {dag.py:3239} INFO - Sync 1 DAGs
[2026-06-18T20:58:53.653+0000] {logging_mixin.py:190} INFO - [2026-06-18T20:58:53.653+0000] {dag.py:4180} INFO - Setting next_dagrun for extract_raw_data_pipeline to 2026-06-18 07:59:00+00:00, run_after=2026-06-19 07:00:00+00:00
[2026-06-18T20:58:53.666+0000] {processor.py:208} INFO - Processing /opt/airflow/dags/driven_data_pipeline.py took 0.132 seconds
[2026-06-18T20:59:23.974+0000] {processor.py:186} INFO - Started process (PID=921) to work on /opt/airflow/dags/driven_data_pipeline.py
[2026-06-18T20:59:23.974+0000] {processor.py:914} INFO - Processing file /opt/airflow/dags/driven_data_pipeline.py for tasks to queue
[2026-06-18T20:59:23.976+0000] {logging_mixin.py:190} INFO - [2026-06-18T20:59:23.976+0000] {dagbag.py:588} INFO - Filling up the DagBag from /opt/airflow/dags/driven_data_pipeline.py
[2026-06-18T20:59:24.068+0000] {processor.py:925} INFO - DAG(s) 'extract_raw_data_pipeline' retrieved from /opt/airflow/dags/driven_data_pipeline.py
[2026-06-18T20:59:24.084+0000] {logging_mixin.py:190} INFO - [2026-06-18T20:59:24.083+0000] {dag.py:3239} INFO - Sync 1 DAGs
[2026-06-18T20:59:24.098+0000] {logging_mixin.py:190} INFO - [2026-06-18T20:59:24.098+0000] {dag.py:4180} INFO - Setting next_dagrun for extract_raw_data_pipeline to 2026-06-18 07:59:00+00:00, run_after=2026-06-19 07:00:00+00:00
[2026-06-18T20:59:24.111+0000] {processor.py:208} INFO - Processing /opt/airflow/dags/driven_data_pipeline.py took 0.141 seconds
[2026-06-18T20:59:54.293+0000] {processor.py:186} INFO - Started process (PID=929) to work on /opt/airflow/dags/driven_data_pipeline.py
[2026-06-18T20:59:54.293+0000] {processor.py:914} INFO - Processing file /opt/airflow/dags/driven_data_pipeline.py for tasks to queue
[2026-06-18T20:59:54.295+0000] {logging_mixin.py:190} INFO - [2026-06-18T20:59:54.295+0000] {dagbag.py:588} INFO - Filling up the DagBag from /opt/airflow/dags/driven_data_pipeline.py
[2026-06-18T20:59:54.382+0000] {processor.py:925} INFO - DAG(s) 'extract_raw_data_pipeline' retrieved from /opt/airflow/dags/driven_data_pipeline.py
[2026-06-18T20:59:54.398+0000] {logging_mixin.py:190} INFO - [2026-06-18T20:59:54.398+0000] {dag.py:3239} INFO - Sync 1 DAGs
[2026-06-18T20:59:54.411+0000] {logging_mixin.py:190} INFO - [2026-06-18T20:59:54.411+0000] {dag.py:4180} INFO - Setting next_dagrun for extract_raw_data_pipeline to 2026-06-18 07:59:00+00:00, run_after=2026-06-19 07:00:00+00:00
[2026-06-18T20:59:54.423+0000] {processor.py:208} INFO - Processing /opt/airflow/dags/driven_data_pipeline.py took 0.134 seconds
[2026-06-18T21:00:24.642+0000] {processor.py:186} INFO - Started process (PID=937) to work on /opt/airflow/dags/driven_data_pipeline.py
[2026-06-18T21:00:24.642+0000] {processor.py:914} INFO - Processing file /opt/airflow/dags/driven_data_pipeline.py for tasks to queue
[2026-06-18T21:00:24.644+0000] {logging_mixin.py:190} INFO - [2026-06-18T21:00:24.644+0000] {dagbag.py:588} INFO - Filling up the DagBag from /opt/airflow/dags/driven_data_pipeline.py
[2026-06-18T21:00:24.731+0000] {processor.py:925} INFO - DAG(s) 'extract_raw_data_pipeline' retrieved from /opt/airflow/dags/driven_data_pipeline.py
[2026-06-18T21:00:24.749+0000] {logging_mixin.py:190} INFO - [2026-06-18T21:00:24.749+0000] {dag.py:3239} INFO - Sync 1 DAGs
[2026-06-18T21:00:24.762+0000] {logging_mixin.py:190} INFO - [2026-06-18T21:00:24.762+0000] {dag.py:4180} INFO - Setting next_dagrun for extract_raw_data_pipeline to 2026-06-18 07:59:00+00:00, run_after=2026-06-19 07:00:00+00:00
[2026-06-18T21:00:24.777+0000] {processor.py:208} INFO - Processing /opt/airflow/dags/driven_data_pipeline.py took 0.139 seconds
[2026-06-18T21:00:55.126+0000] {processor.py:186} INFO - Started process (PID=945) to work on /opt/airflow/dags/driven_data_pipeline.py
[2026-06-18T21:00:55.127+0000] {processor.py:914} INFO - Processing file /opt/airflow/dags/driven_data_pipeline.py for tasks to queue
[2026-06-18T21:00:55.129+0000] {logging_mixin.py:190} INFO - [2026-06-18T21:00:55.129+0000] {dagbag.py:588} INFO - Filling up the DagBag from /opt/airflow/dags/driven_data_pipeline.py
[2026-06-18T21:00:55.240+0000] {processor.py:925} INFO - DAG(s) 'extract_raw_data_pipeline' retrieved from /opt/airflow/dags/driven_data_pipeline.py
[2026-06-18T21:00:55.255+0000] {logging_mixin.py:190} INFO - [2026-06-18T21:00:55.255+0000] {dag.py:3239} INFO - Sync 1 DAGs
[2026-06-18T21:00:55.269+0000] {logging_mixin.py:190} INFO - [2026-06-18T21:00:55.269+0000] {dag.py:4180} INFO - Setting next_dagrun for extract_raw_data_pipeline to 2026-06-18 07:59:00+00:00, run_after=2026-06-19 07:00:00+00:00
[2026-06-18T21:00:55.284+0000] {processor.py:208} INFO - Processing /opt/airflow/dags/driven_data_pipeline.py took 0.162 seconds
[2026-06-18T21:01:25.411+0000] {processor.py:186} INFO - Started process (PID=959) to work on /opt/airflow/dags/driven_data_pipeline.py
[2026-06-18T21:01:25.412+0000] {processor.py:914} INFO - Processing file /opt/airflow/dags/driven_data_pipeline.py for tasks to queue
[2026-06-18T21:01:25.414+0000] {logging_mixin.py:190} INFO - [2026-06-18T21:01:25.414+0000] {dagbag.py:588} INFO - Filling up the DagBag from /opt/airflow/dags/driven_data_pipeline.py
[2026-06-18T21:01:25.513+0000] {processor.py:925} INFO - DAG(s) 'extract_raw_data_pipeline' retrieved from /opt/airflow/dags/driven_data_pipeline.py
[2026-06-18T21:01:25.530+0000] {logging_mixin.py:190} INFO - [2026-06-18T21:01:25.529+0000] {dag.py:3239} INFO - Sync 1 DAGs
[2026-06-18T21:01:25.544+0000] {logging_mixin.py:190} INFO - [2026-06-18T21:01:25.544+0000] {dag.py:4180} INFO - Setting next_dagrun for extract_raw_data_pipeline to 2026-06-18 07:59:00+00:00, run_after=2026-06-19 07:00:00+00:00
[2026-06-18T21:01:25.558+0000] {processor.py:208} INFO - Processing /opt/airflow/dags/driven_data_pipeline.py took 0.151 seconds
[2026-06-18T21:01:55.974+0000] {processor.py:186} INFO - Started process (PID=967) to work on /opt/airflow/dags/driven_data_pipeline.py
[2026-06-18T21:01:55.975+0000] {processor.py:914} INFO - Processing file /opt/airflow/dags/driven_data_pipeline.py for tasks to queue
[2026-06-18T21:01:55.976+0000] {logging_mixin.py:190} INFO - [2026-06-18T21:01:55.976+0000] {dagbag.py:588} INFO - Filling up the DagBag from /opt/airflow/dags/driven_data_pipeline.py
[2026-06-18T21:01:56.063+0000] {processor.py:925} INFO - DAG(s) 'extract_raw_data_pipeline' retrieved from /opt/airflow/dags/driven_data_pipeline.py
[2026-06-18T21:01:56.079+0000] {logging_mixin.py:190} INFO - [2026-06-18T21:01:56.079+0000] {dag.py:3239} INFO - Sync 1 DAGs
[2026-06-18T21:01:56.092+0000] {logging_mixin.py:190} INFO - [2026-06-18T21:01:56.092+0000] {dag.py:4180} INFO - Setting next_dagrun for extract_raw_data_pipeline to 2026-06-18 07:59:00+00:00, run_after=2026-06-19 07:00:00+00:00
[2026-06-18T21:01:56.105+0000] {processor.py:208} INFO - Processing /opt/airflow/dags/driven_data_pipeline.py took 0.135 seconds
[2026-06-18T21:02:26.327+0000] {processor.py:186} INFO - Started process (PID=975) to work on /opt/airflow/dags/driven_data_pipeline.py
[2026-06-18T21:02:26.328+0000] {processor.py:914} INFO - Processing file /opt/airflow/dags/driven_data_pipeline.py for tasks to queue
[2026-06-18T21:02:26.330+0000] {logging_mixin.py:190} INFO - [2026-06-18T21:02:26.330+0000] {dagbag.py:588} INFO - Filling up the DagBag from /opt/airflow/dags/driven_data_pipeline.py
[2026-06-18T21:02:26.429+0000] {processor.py:925} INFO - DAG(s) 'extract_raw_data_pipeline' retrieved from /opt/airflow/dags/driven_data_pipeline.py
[2026-06-18T21:02:26.446+0000] {logging_mixin.py:190} INFO - [2026-06-18T21:02:26.446+0000] {dag.py:3239} INFO - Sync 1 DAGs
[2026-06-18T21:02:26.462+0000] {logging_mixin.py:190} INFO - [2026-06-18T21:02:26.462+0000] {dag.py:4180} INFO - Setting next_dagrun for extract_raw_data_pipeline to 2026-06-18 07:59:00+00:00, run_after=2026-06-19 07:00:00+00:00
[2026-06-18T21:02:26.479+0000] {processor.py:208} INFO - Processing /opt/airflow/dags/driven_data_pipeline.py took 0.157 seconds
[2026-06-18T21:02:56.740+0000] {processor.py:186} INFO - Started process (PID=983) to work on /opt/airflow/dags/driven_data_pipeline.py
[2026-06-18T21:02:56.741+0000] {processor.py:914} INFO - Processing file /opt/airflow/dags/driven_data_pipeline.py for tasks to queue
[2026-06-18T21:02:56.742+0000] {logging_mixin.py:190} INFO - [2026-06-18T21:02:56.742+0000] {dagbag.py:588} INFO - Filling up the DagBag from /opt/airflow/dags/driven_data_pipeline.py
[2026-06-18T21:02:56.833+0000] {processor.py:925} INFO - DAG(s) 'extract_raw_data_pipeline' retrieved from /opt/airflow/dags/driven_data_pipeline.py
[2026-06-18T21:02:56.850+0000] {logging_mixin.py:190} INFO - [2026-06-18T21:02:56.850+0000] {dag.py:3239} INFO - Sync 1 DAGs
[2026-06-18T21:02:56.866+0000] {logging_mixin.py:190} INFO - [2026-06-18T21:02:56.866+0000] {dag.py:4180} INFO - Setting next_dagrun for extract_raw_data_pipeline to 2026-06-18 07:59:00+00:00, run_after=2026-06-19 07:00:00+00:00
[2026-06-18T21:02:56.890+0000] {processor.py:208} INFO - Processing /opt/airflow/dags/driven_data_pipeline.py took 0.153 seconds
[2026-06-18T21:03:27.269+0000] {processor.py:186} INFO - Started process (PID=991) to work on /opt/airflow/dags/driven_data_pipeline.py
[2026-06-18T21:03:27.270+0000] {processor.py:914} INFO - Processing file /opt/airflow/dags/driven_data_pipeline.py for tasks to queue
[2026-06-18T21:03:27.272+0000] {logging_mixin.py:190} INFO - [2026-06-18T21:03:27.272+0000] {dagbag.py:588} INFO - Filling up the DagBag from /opt/airflow/dags/driven_data_pipeline.py
[2026-06-18T21:03:27.387+0000] {processor.py:925} INFO - DAG(s) 'extract_raw_data_pipeline' retrieved from /opt/airflow/dags/driven_data_pipeline.py
[2026-06-18T21:03:27.402+0000] {logging_mixin.py:190} INFO - [2026-06-18T21:03:27.402+0000] {dag.py:3239} INFO - Sync 1 DAGs
[2026-06-18T21:03:27.416+0000] {logging_mixin.py:190} INFO - [2026-06-18T21:03:27.416+0000] {dag.py:4180} INFO - Setting next_dagrun for extract_raw_data_pipeline to 2026-06-18 07:59:00+00:00, run_after=2026-06-19 07:00:00+00:00
[2026-06-18T21:03:27.430+0000] {processor.py:208} INFO - Processing /opt/airflow/dags/driven_data_pipeline.py took 0.164 seconds
[2026-06-18T21:03:57.585+0000] {processor.py:186} INFO - Started process (PID=999) to work on /opt/airflow/dags/driven_data_pipeline.py
[2026-06-18T21:03:57.585+0000] {processor.py:914} INFO - Processing file /opt/airflow/dags/driven_data_pipeline.py for tasks to queue
[2026-06-18T21:03:57.587+0000] {logging_mixin.py:190} INFO - [2026-06-18T21:03:57.587+0000] {dagbag.py:588} INFO - Filling up the DagBag from /opt/airflow/dags/driven_data_pipeline.py
[2026-06-18T21:03:57.670+0000] {processor.py:925} INFO - DAG(s) 'extract_raw_data_pipeline' retrieved from /opt/airflow/dags/driven_data_pipeline.py
[2026-06-18T21:03:57.687+0000] {logging_mixin.py:190} INFO - [2026-06-18T21:03:57.687+0000] {dag.py:3239} INFO - Sync 1 DAGs
[2026-06-18T21:03:57.701+0000] {logging_mixin.py:190} INFO - [2026-06-18T21:03:57.701+0000] {dag.py:4180} INFO - Setting next_dagrun for extract_raw_data_pipeline to 2026-06-18 07:59:00+00:00, run_after=2026-06-19 07:00:00+00:00
[2026-06-18T21:03:57.716+0000] {processor.py:208} INFO - Processing /opt/airflow/dags/driven_data_pipeline.py took 0.134 seconds
[2026-06-18T21:04:28.013+0000] {processor.py:186} INFO - Started process (PID=1007) to work on /opt/airflow/dags/driven_data_pipeline.py
[2026-06-18T21:04:28.014+0000] {processor.py:914} INFO - Processing file /opt/airflow/dags/driven_data_pipeline.py for tasks to queue
[2026-06-18T21:04:28.016+0000] {logging_mixin.py:190} INFO - [2026-06-18T21:04:28.015+0000] {dagbag.py:588} INFO - Filling up the DagBag from /opt/airflow/dags/driven_data_pipeline.py
[2026-06-18T21:04:28.099+0000] {processor.py:925} INFO - DAG(s) 'extract_raw_data_pipeline' retrieved from /opt/airflow/dags/driven_data_pipeline.py
[2026-06-18T21:04:28.114+0000] {logging_mixin.py:190} INFO - [2026-06-18T21:04:28.114+0000] {dag.py:3239} INFO - Sync 1 DAGs
[2026-06-18T21:04:28.127+0000] {logging_mixin.py:190} INFO - [2026-06-18T21:04:28.127+0000] {dag.py:4180} INFO - Setting next_dagrun for extract_raw_data_pipeline to 2026-06-18 07:59:00+00:00, run_after=2026-06-19 07:00:00+00:00
[2026-06-18T21:04:28.140+0000] {processor.py:208} INFO - Processing /opt/airflow/dags/driven_data_pipeline.py took 0.131 seconds
[2026-06-18T21:04:58.402+0000] {processor.py:186} INFO - Started process (PID=1015) to work on /opt/airflow/dags/driven_data_pipeline.py
[2026-06-18T21:04:58.402+0000] {processor.py:914} INFO - Processing file /opt/airflow/dags/driven_data_pipeline.py for tasks to queue
[2026-06-18T21:04:58.404+0000] {logging_mixin.py:190} INFO - [2026-06-18T21:04:58.404+0000] {dagbag.py:588} INFO - Filling up the DagBag from /opt/airflow/dags/driven_data_pipeline.py
[2026-06-18T21:04:58.489+0000] {processor.py:925} INFO - DAG(s) 'extract_raw_data_pipeline' retrieved from /opt/airflow/dags/driven_data_pipeline.py
[2026-06-18T21:04:58.504+0000] {logging_mixin.py:190} INFO - [2026-06-18T21:04:58.504+0000] {dag.py:3239} INFO - Sync 1 DAGs
[2026-06-18T21:04:58.517+0000] {logging_mixin.py:190} INFO - [2026-06-18T21:04:58.517+0000] {dag.py:4180} INFO - Setting next_dagrun for extract_raw_data_pipeline to 2026-06-18 07:59:00+00:00, run_after=2026-06-19 07:00:00+00:00
[2026-06-18T21:04:58.530+0000] {processor.py:208} INFO - Processing /opt/airflow/dags/driven_data_pipeline.py took 0.132 seconds
[2026-06-18T21:05:28.698+0000] {processor.py:186} INFO - Started process (PID=1023) to work on /opt/airflow/dags/driven_data_pipeline.py
[2026-06-18T21:05:28.699+0000] {processor.py:914} INFO - Processing file /opt/airflow/dags/driven_data_pipeline.py for tasks to queue
[2026-06-18T21:05:28.701+0000] {logging_mixin.py:190} INFO - [2026-06-18T21:05:28.701+0000] {dagbag.py:588} INFO - Filling up the DagBag from /opt/airflow/dags/driven_data_pipeline.py
[2026-06-18T21:05:28.785+0000] {processor.py:925} INFO - DAG(s) 'extract_raw_data_pipeline' retrieved from /opt/airflow/dags/driven_data_pipeline.py
[2026-06-18T21:05:28.800+0000] {logging_mixin.py:190} INFO - [2026-06-18T21:05:28.800+0000] {dag.py:3239} INFO - Sync 1 DAGs
[2026-06-18T21:05:28.813+0000] {logging_mixin.py:190} INFO - [2026-06-18T21:05:28.813+0000] {dag.py:4180} INFO - Setting next_dagrun for extract_raw_data_pipeline to 2026-06-18 07:59:00+00:00, run_after=2026-06-19 07:00:00+00:00
[2026-06-18T21:05:28.827+0000] {processor.py:208} INFO - Processing /opt/airflow/dags/driven_data_pipeline.py took 0.132 seconds
[2026-06-18T21:05:59.242+0000] {processor.py:186} INFO - Started process (PID=1031) to work on /opt/airflow/dags/driven_data_pipeline.py
[2026-06-18T21:05:59.243+0000] {processor.py:914} INFO - Processing file /opt/airflow/dags/driven_data_pipeline.py for tasks to queue
[2026-06-18T21:05:59.245+0000] {logging_mixin.py:190} INFO - [2026-06-18T21:05:59.245+0000] {dagbag.py:588} INFO - Filling up the DagBag from /opt/airflow/dags/driven_data_pipeline.py
[2026-06-18T21:05:59.342+0000] {processor.py:925} INFO - DAG(s) 'extract_raw_data_pipeline' retrieved from /opt/airflow/dags/driven_data_pipeline.py
[2026-06-18T21:05:59.358+0000] {logging_mixin.py:190} INFO - [2026-06-18T21:05:59.357+0000] {dag.py:3239} INFO - Sync 1 DAGs
[2026-06-18T21:05:59.370+0000] {logging_mixin.py:190} INFO - [2026-06-18T21:05:59.370+0000] {dag.py:4180} INFO - Setting next_dagrun for extract_raw_data_pipeline to 2026-06-18 07:59:00+00:00, run_after=2026-06-19 07:00:00+00:00
[2026-06-18T21:05:59.386+0000] {processor.py:208} INFO - Processing /opt/airflow/dags/driven_data_pipeline.py took 0.147 seconds
[2026-06-18T21:06:29.549+0000] {processor.py:186} INFO - Started process (PID=1039) to work on /opt/airflow/dags/driven_data_pipeline.py
[2026-06-18T21:06:29.550+0000] {processor.py:914} INFO - Processing file /opt/airflow/dags/driven_data_pipeline.py for tasks to queue
[2026-06-18T21:06:29.551+0000] {logging_mixin.py:190} INFO - [2026-06-18T21:06:29.551+0000] {dagbag.py:588} INFO - Filling up the DagBag from /opt/airflow/dags/driven_data_pipeline.py
[2026-06-18T21:06:29.637+0000] {processor.py:925} INFO - DAG(s) 'extract_raw_data_pipeline' retrieved from /opt/airflow/dags/driven_data_pipeline.py
[2026-06-18T21:06:29.652+0000] {logging_mixin.py:190} INFO - [2026-06-18T21:06:29.652+0000] {dag.py:3239} INFO - Sync 1 DAGs
[2026-06-18T21:06:29.668+0000] {logging_mixin.py:190} INFO - [2026-06-18T21:06:29.668+0000] {dag.py:4180} INFO - Setting next_dagrun for extract_raw_data_pipeline to 2026-06-18 07:59:00+00:00, run_after=2026-06-19 07:00:00+00:00
[2026-06-18T21:06:29.686+0000] {processor.py:208} INFO - Processing /opt/airflow/dags/driven_data_pipeline.py took 0.140 seconds
[2026-06-18T21:06:59.962+0000] {processor.py:186} INFO - Started process (PID=1047) to work on /opt/airflow/dags/driven_data_pipeline.py
[2026-06-18T21:06:59.963+0000] {processor.py:914} INFO - Processing file /opt/airflow/dags/driven_data_pipeline.py for tasks to queue
[2026-06-18T21:06:59.965+0000] {logging_mixin.py:190} INFO - [2026-06-18T21:06:59.964+0000] {dagbag.py:588} INFO - Filling up the DagBag from /opt/airflow/dags/driven_data_pipeline.py
[2026-06-18T21:07:00.051+0000] {processor.py:925} INFO - DAG(s) 'extract_raw_data_pipeline' retrieved from /opt/airflow/dags/driven_data_pipeline.py
[2026-06-18T21:07:00.066+0000] {logging_mixin.py:190} INFO - [2026-06-18T21:07:00.066+0000] {dag.py:3239} INFO - Sync 1 DAGs
[2026-06-18T21:07:00.078+0000] {logging_mixin.py:190} INFO - [2026-06-18T21:07:00.078+0000] {dag.py:4180} INFO - Setting next_dagrun for extract_raw_data_pipeline to 2026-06-18 07:59:00+00:00, run_after=2026-06-19 07:00:00+00:00
[2026-06-18T21:07:00.092+0000] {processor.py:208} INFO - Processing /opt/airflow/dags/driven_data_pipeline.py took 0.133 seconds
[2026-06-18T21:07:30.276+0000] {processor.py:186} INFO - Started process (PID=1055) to work on /opt/airflow/dags/driven_data_pipeline.py
[2026-06-18T21:07:30.276+0000] {processor.py:914} INFO - Processing file /opt/airflow/dags/driven_data_pipeline.py for tasks to queue
[2026-06-18T21:07:30.278+0000] {logging_mixin.py:190} INFO - [2026-06-18T21:07:30.278+0000] {dagbag.py:588} INFO - Filling up the DagBag from /opt/airflow/dags/driven_data_pipeline.py
[2026-06-18T21:07:30.363+0000] {processor.py:925} INFO - DAG(s) 'extract_raw_data_pipeline' retrieved from /opt/airflow/dags/driven_data_pipeline.py
[2026-06-18T21:07:30.378+0000] {logging_mixin.py:190} INFO - [2026-06-18T21:07:30.378+0000] {dag.py:3239} INFO - Sync 1 DAGs
[2026-06-18T21:07:30.392+0000] {logging_mixin.py:190} INFO - [2026-06-18T21:07:30.392+0000] {dag.py:4180} INFO - Setting next_dagrun for extract_raw_data_pipeline to 2026-06-18 07:59:00+00:00, run_after=2026-06-19 07:00:00+00:00
[2026-06-18T21:07:30.408+0000] {processor.py:208} INFO - Processing /opt/airflow/dags/driven_data_pipeline.py took 0.136 seconds
[2026-06-18T21:08:00.647+0000] {processor.py:186} INFO - Started process (PID=1063) to work on /opt/airflow/dags/driven_data_pipeline.py
[2026-06-18T21:08:00.648+0000] {processor.py:914} INFO - Processing file /opt/airflow/dags/driven_data_pipeline.py for tasks to queue
[2026-06-18T21:08:00.649+0000] {logging_mixin.py:190} INFO - [2026-06-18T21:08:00.649+0000] {dagbag.py:588} INFO - Filling up the DagBag from /opt/airflow/dags/driven_data_pipeline.py
[2026-06-18T21:08:00.736+0000] {processor.py:925} INFO - DAG(s) 'extract_raw_data_pipeline' retrieved from /opt/airflow/dags/driven_data_pipeline.py
[2026-06-18T21:08:00.753+0000] {logging_mixin.py:190} INFO - [2026-06-18T21:08:00.753+0000] {dag.py:3239} INFO - Sync 1 DAGs
[2026-06-18T21:08:00.766+0000] {logging_mixin.py:190} INFO - [2026-06-18T21:08:00.765+0000] {dag.py:4180} INFO - Setting next_dagrun for extract_raw_data_pipeline to 2026-06-18 07:59:00+00:00, run_after=2026-06-19 07:00:00+00:00
[2026-06-18T21:08:00.777+0000] {processor.py:208} INFO - Processing /opt/airflow/dags/driven_data_pipeline.py took 0.134 seconds
[2026-06-18T21:08:30.965+0000] {processor.py:186} INFO - Started process (PID=1071) to work on /opt/airflow/dags/driven_data_pipeline.py
[2026-06-18T21:08:30.966+0000] {processor.py:914} INFO - Processing file /opt/airflow/dags/driven_data_pipeline.py for tasks to queue
[2026-06-18T21:08:30.968+0000] {logging_mixin.py:190} INFO - [2026-06-18T21:08:30.967+0000] {dagbag.py:588} INFO - Filling up the DagBag from /opt/airflow/dags/driven_data_pipeline.py
[2026-06-18T21:08:31.068+0000] {processor.py:925} INFO - DAG(s) 'extract_raw_data_pipeline' retrieved from /opt/airflow/dags/driven_data_pipeline.py
[2026-06-18T21:08:31.085+0000] {logging_mixin.py:190} INFO - [2026-06-18T21:08:31.085+0000] {dag.py:3239} INFO - Sync 1 DAGs
[2026-06-18T21:08:31.099+0000] {logging_mixin.py:190} INFO - [2026-06-18T21:08:31.099+0000] {dag.py:4180} INFO - Setting next_dagrun for extract_raw_data_pipeline to 2026-06-18 07:59:00+00:00, run_after=2026-06-19 07:00:00+00:00
[2026-06-18T21:08:31.112+0000] {processor.py:208} INFO - Processing /opt/airflow/dags/driven_data_pipeline.py took 0.151 seconds
[2026-06-18T21:09:01.425+0000] {processor.py:186} INFO - Started process (PID=1079) to work on /opt/airflow/dags/driven_data_pipeline.py
[2026-06-18T21:09:01.426+0000] {processor.py:914} INFO - Processing file /opt/airflow/dags/driven_data_pipeline.py for tasks to queue
[2026-06-18T21:09:01.427+0000] {logging_mixin.py:190} INFO - [2026-06-18T21:09:01.427+0000] {dagbag.py:588} INFO - Filling up the DagBag from /opt/airflow/dags/driven_data_pipeline.py
[2026-06-18T21:09:01.517+0000] {processor.py:925} INFO - DAG(s) 'extract_raw_data_pipeline' retrieved from /opt/airflow/dags/driven_data_pipeline.py
[2026-06-18T21:09:01.532+0000] {logging_mixin.py:190} INFO - [2026-06-18T21:09:01.532+0000] {dag.py:3239} INFO - Sync 1 DAGs
[2026-06-18T21:09:01.546+0000] {logging_mixin.py:190} INFO - [2026-06-18T21:09:01.546+0000] {dag.py:4180} INFO - Setting next_dagrun for extract_raw_data_pipeline to 2026-06-18 07:59:00+00:00, run_after=2026-06-19 07:00:00+00:00
[2026-06-18T21:09:01.559+0000] {processor.py:208} INFO - Processing /opt/airflow/dags/driven_data_pipeline.py took 0.137 seconds
[2026-06-18T21:09:31.849+0000] {processor.py:186} INFO - Started process (PID=1087) to work on /opt/airflow/dags/driven_data_pipeline.py
[2026-06-18T21:09:31.850+0000] {processor.py:914} INFO - Processing file /opt/airflow/dags/driven_data_pipeline.py for tasks to queue
[2026-06-18T21:09:31.851+0000] {logging_mixin.py:190} INFO - [2026-06-18T21:09:31.851+0000] {dagbag.py:588} INFO - Filling up the DagBag from /opt/airflow/dags/driven_data_pipeline.py
[2026-06-18T21:09:31.939+0000] {processor.py:925} INFO - DAG(s) 'extract_raw_data_pipeline' retrieved from /opt/airflow/dags/driven_data_pipeline.py
[2026-06-18T21:09:31.954+0000] {logging_mixin.py:190} INFO - [2026-06-18T21:09:31.954+0000] {dag.py:3239} INFO - Sync 1 DAGs
[2026-06-18T21:09:31.968+0000] {logging_mixin.py:190} INFO - [2026-06-18T21:09:31.968+0000] {dag.py:4180} INFO - Setting next_dagrun for extract_raw_data_pipeline to 2026-06-18 07:59:00+00:00, run_after=2026-06-19 07:00:00+00:00
[2026-06-18T21:09:31.982+0000] {processor.py:208} INFO - Processing /opt/airflow/dags/driven_data_pipeline.py took 0.137 seconds
[2026-06-18T21:10:02.246+0000] {processor.py:186} INFO - Started process (PID=1095) to work on /opt/airflow/dags/driven_data_pipeline.py
[2026-06-18T21:10:02.247+0000] {processor.py:914} INFO - Processing file /opt/airflow/dags/driven_data_pipeline.py for tasks to queue
[2026-06-18T21:10:02.249+0000] {logging_mixin.py:190} INFO - [2026-06-18T21:10:02.248+0000] {dagbag.py:588} INFO - Filling up the DagBag from /opt/airflow/dags/driven_data_pipeline.py
[2026-06-18T21:10:02.338+0000] {processor.py:925} INFO - DAG(s) 'extract_raw_data_pipeline' retrieved from /opt/airflow/dags/driven_data_pipeline.py
[2026-06-18T21:10:02.354+0000] {logging_mixin.py:190} INFO - [2026-06-18T21:10:02.354+0000] {dag.py:3239} INFO - Sync 1 DAGs
[2026-06-18T21:10:02.367+0000] {logging_mixin.py:190} INFO - [2026-06-18T21:10:02.367+0000] {dag.py:4180} INFO - Setting next_dagrun for extract_raw_data_pipeline to 2026-06-18 07:59:00+00:00, run_after=2026-06-19 07:00:00+00:00
[2026-06-18T21:10:02.385+0000] {processor.py:208} INFO - Processing /opt/airflow/dags/driven_data_pipeline.py took 0.142 seconds
[2026-06-18T21:10:32.560+0000] {processor.py:186} INFO - Started process (PID=1103) to work on /opt/airflow/dags/driven_data_pipeline.py
[2026-06-18T21:10:32.561+0000] {processor.py:914} INFO - Processing file /opt/airflow/dags/driven_data_pipeline.py for tasks to queue
[2026-06-18T21:10:32.562+0000] {logging_mixin.py:190} INFO - [2026-06-18T21:10:32.562+0000] {dagbag.py:588} INFO - Filling up the DagBag from /opt/airflow/dags/driven_data_pipeline.py
[2026-06-18T21:10:32.648+0000] {processor.py:925} INFO - DAG(s) 'extract_raw_data_pipeline' retrieved from /opt/airflow/dags/driven_data_pipeline.py
[2026-06-18T21:10:32.663+0000] {logging_mixin.py:190} INFO - [2026-06-18T21:10:32.663+0000] {dag.py:3239} INFO - Sync 1 DAGs
[2026-06-18T21:10:32.676+0000] {logging_mixin.py:190} INFO - [2026-06-18T21:10:32.676+0000] {dag.py:4180} INFO - Setting next_dagrun for extract_raw_data_pipeline to 2026-06-18 07:59:00+00:00, run_after=2026-06-19 07:00:00+00:00
[2026-06-18T21:10:32.689+0000] {processor.py:208} INFO - Processing /opt/airflow/dags/driven_data_pipeline.py took 0.133 seconds
[2026-06-18T21:11:02.982+0000] {processor.py:186} INFO - Started process (PID=1111) to work on /opt/airflow/dags/driven_data_pipeline.py
[2026-06-18T21:11:02.982+0000] {processor.py:914} INFO - Processing file /opt/airflow/dags/driven_data_pipeline.py for tasks to queue
[2026-06-18T21:11:02.984+0000] {logging_mixin.py:190} INFO - [2026-06-18T21:11:02.984+0000] {dagbag.py:588} INFO - Filling up the DagBag from /opt/airflow/dags/driven_data_pipeline.py
[2026-06-18T21:11:03.068+0000] {processor.py:925} INFO - DAG(s) 'extract_raw_data_pipeline' retrieved from /opt/airflow/dags/driven_data_pipeline.py
[2026-06-18T21:11:03.082+0000] {logging_mixin.py:190} INFO - [2026-06-18T21:11:03.082+0000] {dag.py:3239} INFO - Sync 1 DAGs
[2026-06-18T21:11:03.095+0000] {logging_mixin.py:190} INFO - [2026-06-18T21:11:03.095+0000] {dag.py:4180} INFO - Setting next_dagrun for extract_raw_data_pipeline to 2026-06-18 07:59:00+00:00, run_after=2026-06-19 07:00:00+00:00
[2026-06-18T21:11:03.111+0000] {processor.py:208} INFO - Processing /opt/airflow/dags/driven_data_pipeline.py took 0.132 seconds
[2026-06-18T21:11:33.329+0000] {processor.py:186} INFO - Started process (PID=1118) to work on /opt/airflow/dags/driven_data_pipeline.py
[2026-06-18T21:11:33.330+0000] {processor.py:914} INFO - Processing file /opt/airflow/dags/driven_data_pipeline.py for tasks to queue
[2026-06-18T21:11:33.332+0000] {logging_mixin.py:190} INFO - [2026-06-18T21:11:33.331+0000] {dagbag.py:588} INFO - Filling up the DagBag from /opt/airflow/dags/driven_data_pipeline.py
[2026-06-18T21:11:33.416+0000] {processor.py:925} INFO - DAG(s) 'extract_raw_data_pipeline' retrieved from /opt/airflow/dags/driven_data_pipeline.py
[2026-06-18T21:11:33.430+0000] {logging_mixin.py:190} INFO - [2026-06-18T21:11:33.430+0000] {dag.py:3239} INFO - Sync 1 DAGs
[2026-06-18T21:11:33.443+0000] {logging_mixin.py:190} INFO - [2026-06-18T21:11:33.443+0000] {dag.py:4180} INFO - Setting next_dagrun for extract_raw_data_pipeline to 2026-06-18 07:59:00+00:00, run_after=2026-06-19 07:00:00+00:00
[2026-06-18T21:11:33.456+0000] {processor.py:208} INFO - Processing /opt/airflow/dags/driven_data_pipeline.py took 0.131 seconds
[2026-06-18T21:12:03.713+0000] {processor.py:186} INFO - Started process (PID=1127) to work on /opt/airflow/dags/driven_data_pipeline.py
[2026-06-18T21:12:03.714+0000] {processor.py:914} INFO - Processing file /opt/airflow/dags/driven_data_pipeline.py for tasks to queue
[2026-06-18T21:12:03.715+0000] {logging_mixin.py:190} INFO - [2026-06-18T21:12:03.715+0000] {dagbag.py:588} INFO - Filling up the DagBag from /opt/airflow/dags/driven_data_pipeline.py
[2026-06-18T21:12:03.804+0000] {processor.py:925} INFO - DAG(s) 'extract_raw_data_pipeline' retrieved from /opt/airflow/dags/driven_data_pipeline.py
[2026-06-18T21:12:03.821+0000] {logging_mixin.py:190} INFO - [2026-06-18T21:12:03.821+0000] {dag.py:3239} INFO - Sync 1 DAGs
[2026-06-18T21:12:03.835+0000] {logging_mixin.py:190} INFO - [2026-06-18T21:12:03.835+0000] {dag.py:4180} INFO - Setting next_dagrun for extract_raw_data_pipeline to 2026-06-18 07:59:00+00:00, run_after=2026-06-19 07:00:00+00:00
[2026-06-18T21:12:03.849+0000] {processor.py:208} INFO - Processing /opt/airflow/dags/driven_data_pipeline.py took 0.139 seconds
[2026-06-18T21:12:34.137+0000] {processor.py:186} INFO - Started process (PID=1135) to work on /opt/airflow/dags/driven_data_pipeline.py
[2026-06-18T21:12:34.138+0000] {processor.py:914} INFO - Processing file /opt/airflow/dags/driven_data_pipeline.py for tasks to queue
[2026-06-18T21:12:34.140+0000] {logging_mixin.py:190} INFO - [2026-06-18T21:12:34.139+0000] {dagbag.py:588} INFO - Filling up the DagBag from /opt/airflow/dags/driven_data_pipeline.py
[2026-06-18T21:12:34.226+0000] {processor.py:925} INFO - DAG(s) 'extract_raw_data_pipeline' retrieved from /opt/airflow/dags/driven_data_pipeline.py
[2026-06-18T21:12:34.241+0000] {logging_mixin.py:190} INFO - [2026-06-18T21:12:34.241+0000] {dag.py:3239} INFO - Sync 1 DAGs
[2026-06-18T21:12:34.254+0000] {logging_mixin.py:190} INFO - [2026-06-18T21:12:34.253+0000] {dag.py:4180} INFO - Setting next_dagrun for extract_raw_data_pipeline to 2026-06-18 07:59:00+00:00, run_after=2026-06-19 07:00:00+00:00
[2026-06-18T21:12:34.266+0000] {processor.py:208} INFO - Processing /opt/airflow/dags/driven_data_pipeline.py took 0.132 seconds
[2026-06-18T21:13:04.492+0000] {processor.py:186} INFO - Started process (PID=1143) to work on /opt/airflow/dags/driven_data_pipeline.py
[2026-06-18T21:13:04.492+0000] {processor.py:914} INFO - Processing file /opt/airflow/dags/driven_data_pipeline.py for tasks to queue
[2026-06-18T21:13:04.494+0000] {logging_mixin.py:190} INFO - [2026-06-18T21:13:04.494+0000] {dagbag.py:588} INFO - Filling up the DagBag from /opt/airflow/dags/driven_data_pipeline.py
[2026-06-18T21:13:04.577+0000] {processor.py:925} INFO - DAG(s) 'extract_raw_data_pipeline' retrieved from /opt/airflow/dags/driven_data_pipeline.py
[2026-06-18T21:13:04.593+0000] {logging_mixin.py:190} INFO - [2026-06-18T21:13:04.592+0000] {dag.py:3239} INFO - Sync 1 DAGs
[2026-06-18T21:13:04.605+0000] {logging_mixin.py:190} INFO - [2026-06-18T21:13:04.605+0000] {dag.py:4180} INFO - Setting next_dagrun for extract_raw_data_pipeline to 2026-06-18 07:59:00+00:00, run_after=2026-06-19 07:00:00+00:00
[2026-06-18T21:13:04.617+0000] {processor.py:208} INFO - Processing /opt/airflow/dags/driven_data_pipeline.py took 0.129 seconds
[2026-06-18T21:13:34.888+0000] {processor.py:186} INFO - Started process (PID=1151) to work on /opt/airflow/dags/driven_data_pipeline.py
[2026-06-18T21:13:34.889+0000] {processor.py:914} INFO - Processing file /opt/airflow/dags/driven_data_pipeline.py for tasks to queue
[2026-06-18T21:13:34.891+0000] {logging_mixin.py:190} INFO - [2026-06-18T21:13:34.890+0000] {dagbag.py:588} INFO - Filling up the DagBag from /opt/airflow/dags/driven_data_pipeline.py
[2026-06-18T21:13:34.977+0000] {processor.py:925} INFO - DAG(s) 'extract_raw_data_pipeline' retrieved from /opt/airflow/dags/driven_data_pipeline.py
[2026-06-18T21:13:34.991+0000] {logging_mixin.py:190} INFO - [2026-06-18T21:13:34.991+0000] {dag.py:3239} INFO - Sync 1 DAGs
[2026-06-18T21:13:35.004+0000] {logging_mixin.py:190} INFO - [2026-06-18T21:13:35.004+0000] {dag.py:4180} INFO - Setting next_dagrun for extract_raw_data_pipeline to 2026-06-18 07:59:00+00:00, run_after=2026-06-19 07:00:00+00:00
[2026-06-18T21:13:35.018+0000] {processor.py:208} INFO - Processing /opt/airflow/dags/driven_data_pipeline.py took 0.133 seconds
[2026-06-18T21:14:05.228+0000] {processor.py:186} INFO - Started process (PID=1159) to work on /opt/airflow/dags/driven_data_pipeline.py
[2026-06-18T21:14:05.228+0000] {processor.py:914} INFO - Processing file /opt/airflow/dags/driven_data_pipeline.py for tasks to queue
[2026-06-18T21:14:05.230+0000] {logging_mixin.py:190} INFO - [2026-06-18T21:14:05.230+0000] {dagbag.py:588} INFO - Filling up the DagBag from /opt/airflow/dags/driven_data_pipeline.py
[2026-06-18T21:14:05.313+0000] {processor.py:925} INFO - DAG(s) 'extract_raw_data_pipeline' retrieved from /opt/airflow/dags/driven_data_pipeline.py
[2026-06-18T21:14:05.329+0000] {logging_mixin.py:190} INFO - [2026-06-18T21:14:05.328+0000] {dag.py:3239} INFO - Sync 1 DAGs
[2026-06-18T21:14:05.341+0000] {logging_mixin.py:190} INFO - [2026-06-18T21:14:05.341+0000] {dag.py:4180} INFO - Setting next_dagrun for extract_raw_data_pipeline to 2026-06-18 07:59:00+00:00, run_after=2026-06-19 07:00:00+00:00
[2026-06-18T21:14:05.357+0000] {processor.py:208} INFO - Processing /opt/airflow/dags/driven_data_pipeline.py took 0.133 seconds
[2026-06-18T21:14:35.677+0000] {processor.py:186} INFO - Started process (PID=1167) to work on /opt/airflow/dags/driven_data_pipeline.py
[2026-06-18T21:14:35.677+0000] {processor.py:914} INFO - Processing file /opt/airflow/dags/driven_data_pipeline.py for tasks to queue
[2026-06-18T21:14:35.679+0000] {logging_mixin.py:190} INFO - [2026-06-18T21:14:35.679+0000] {dagbag.py:588} INFO - Filling up the DagBag from /opt/airflow/dags/driven_data_pipeline.py
[2026-06-18T21:14:35.762+0000] {processor.py:925} INFO - DAG(s) 'extract_raw_data_pipeline' retrieved from /opt/airflow/dags/driven_data_pipeline.py
[2026-06-18T21:14:35.777+0000] {logging_mixin.py:190} INFO - [2026-06-18T21:14:35.777+0000] {dag.py:3239} INFO - Sync 1 DAGs
[2026-06-18T21:14:35.792+0000] {logging_mixin.py:190} INFO - [2026-06-18T21:14:35.792+0000] {dag.py:4180} INFO - Setting next_dagrun for extract_raw_data_pipeline to 2026-06-18 07:59:00+00:00, run_after=2026-06-19 07:00:00+00:00
[2026-06-18T21:14:35.816+0000] {processor.py:208} INFO - Processing /opt/airflow/dags/driven_data_pipeline.py took 0.143 seconds
[2026-06-18T21:15:06.074+0000] {processor.py:186} INFO - Started process (PID=1175) to work on /opt/airflow/dags/driven_data_pipeline.py
[2026-06-18T21:15:06.074+0000] {processor.py:914} INFO - Processing file /opt/airflow/dags/driven_data_pipeline.py for tasks to queue
[2026-06-18T21:15:06.076+0000] {logging_mixin.py:190} INFO - [2026-06-18T21:15:06.076+0000] {dagbag.py:588} INFO - Filling up the DagBag from /opt/airflow/dags/driven_data_pipeline.py
[2026-06-18T21:15:06.162+0000] {processor.py:925} INFO - DAG(s) 'extract_raw_data_pipeline' retrieved from /opt/airflow/dags/driven_data_pipeline.py
[2026-06-18T21:15:06.177+0000] {logging_mixin.py:190} INFO - [2026-06-18T21:15:06.177+0000] {dag.py:3239} INFO - Sync 1 DAGs
[2026-06-18T21:15:06.191+0000] {logging_mixin.py:190} INFO - [2026-06-18T21:15:06.191+0000] {dag.py:4180} INFO - Setting next_dagrun for extract_raw_data_pipeline to 2026-06-18 07:59:00+00:00, run_after=2026-06-19 07:00:00+00:00
[2026-06-18T21:15:06.209+0000] {processor.py:208} INFO - Processing /opt/airflow/dags/driven_data_pipeline.py took 0.139 seconds
[2026-06-18T21:15:36.454+0000] {processor.py:186} INFO - Started process (PID=1183) to work on /opt/airflow/dags/driven_data_pipeline.py
[2026-06-18T21:15:36.455+0000] {processor.py:914} INFO - Processing file /opt/airflow/dags/driven_data_pipeline.py for tasks to queue
[2026-06-18T21:15:36.456+0000] {logging_mixin.py:190} INFO - [2026-06-18T21:15:36.456+0000] {dagbag.py:588} INFO - Filling up the DagBag from /opt/airflow/dags/driven_data_pipeline.py
[2026-06-18T21:15:36.543+0000] {processor.py:925} INFO - DAG(s) 'extract_raw_data_pipeline' retrieved from /opt/airflow/dags/driven_data_pipeline.py
[2026-06-18T21:15:36.560+0000] {logging_mixin.py:190} INFO - [2026-06-18T21:15:36.560+0000] {dag.py:3239} INFO - Sync 1 DAGs
[2026-06-18T21:15:36.575+0000] {logging_mixin.py:190} INFO - [2026-06-18T21:15:36.575+0000] {dag.py:4180} INFO - Setting next_dagrun for extract_raw_data_pipeline to 2026-06-18 07:59:00+00:00, run_after=2026-06-19 07:00:00+00:00
[2026-06-18T21:15:36.590+0000] {processor.py:208} INFO - Processing /opt/airflow/dags/driven_data_pipeline.py took 0.140 seconds
[2026-06-18T21:16:06.767+0000] {processor.py:186} INFO - Started process (PID=1191) to work on /opt/airflow/dags/driven_data_pipeline.py
[2026-06-18T21:16:06.768+0000] {processor.py:914} INFO - Processing file /opt/airflow/dags/driven_data_pipeline.py for tasks to queue
[2026-06-18T21:16:06.769+0000] {logging_mixin.py:190} INFO - [2026-06-18T21:16:06.769+0000] {dagbag.py:588} INFO - Filling up the DagBag from /opt/airflow/dags/driven_data_pipeline.py
[2026-06-18T21:16:06.874+0000] {processor.py:925} INFO - DAG(s) 'extract_raw_data_pipeline' retrieved from /opt/airflow/dags/driven_data_pipeline.py
[2026-06-18T21:16:06.889+0000] {logging_mixin.py:190} INFO - [2026-06-18T21:16:06.889+0000] {dag.py:3239} INFO - Sync 1 DAGs
[2026-06-18T21:16:06.902+0000] {logging_mixin.py:190} INFO - [2026-06-18T21:16:06.902+0000] {dag.py:4180} INFO - Setting next_dagrun for extract_raw_data_pipeline to 2026-06-18 07:59:00+00:00, run_after=2026-06-19 07:00:00+00:00
[2026-06-18T21:16:06.914+0000] {processor.py:208} INFO - Processing /opt/airflow/dags/driven_data_pipeline.py took 0.151 seconds
[2026-06-18T21:16:37.130+0000] {processor.py:186} INFO - Started process (PID=1199) to work on /opt/airflow/dags/driven_data_pipeline.py
[2026-06-18T21:16:37.131+0000] {processor.py:914} INFO - Processing file /opt/airflow/dags/driven_data_pipeline.py for tasks to queue
[2026-06-18T21:16:37.133+0000] {logging_mixin.py:190} INFO - [2026-06-18T21:16:37.132+0000] {dagbag.py:588} INFO - Filling up the DagBag from /opt/airflow/dags/driven_data_pipeline.py
[2026-06-18T21:16:37.225+0000] {processor.py:925} INFO - DAG(s) 'extract_raw_data_pipeline' retrieved from /opt/airflow/dags/driven_data_pipeline.py
[2026-06-18T21:16:37.239+0000] {logging_mixin.py:190} INFO - [2026-06-18T21:16:37.239+0000] {dag.py:3239} INFO - Sync 1 DAGs
[2026-06-18T21:16:37.252+0000] {logging_mixin.py:190} INFO - [2026-06-18T21:16:37.251+0000] {dag.py:4180} INFO - Setting next_dagrun for extract_raw_data_pipeline to 2026-06-18 07:59:00+00:00, run_after=2026-06-19 07:00:00+00:00
[2026-06-18T21:16:37.263+0000] {processor.py:208} INFO - Processing /opt/airflow/dags/driven_data_pipeline.py took 0.136 seconds
[2026-06-18T21:17:07.454+0000] {processor.py:186} INFO - Started process (PID=1207) to work on /opt/airflow/dags/driven_data_pipeline.py
[2026-06-18T21:17:07.454+0000] {processor.py:914} INFO - Processing file /opt/airflow/dags/driven_data_pipeline.py for tasks to queue
[2026-06-18T21:17:07.456+0000] {logging_mixin.py:190} INFO - [2026-06-18T21:17:07.456+0000] {dagbag.py:588} INFO - Filling up the DagBag from /opt/airflow/dags/driven_data_pipeline.py
[2026-06-18T21:17:07.549+0000] {processor.py:925} INFO - DAG(s) 'extract_raw_data_pipeline' retrieved from /opt/airflow/dags/driven_data_pipeline.py
[2026-06-18T21:17:07.566+0000] {logging_mixin.py:190} INFO - [2026-06-18T21:17:07.566+0000] {dag.py:3239} INFO - Sync 1 DAGs
[2026-06-18T21:17:07.579+0000] {logging_mixin.py:190} INFO - [2026-06-18T21:17:07.579+0000] {dag.py:4180} INFO - Setting next_dagrun for extract_raw_data_pipeline to 2026-06-18 07:59:00+00:00, run_after=2026-06-19 07:00:00+00:00
[2026-06-18T21:17:07.600+0000] {processor.py:208} INFO - Processing /opt/airflow/dags/driven_data_pipeline.py took 0.150 seconds
[2026-06-18T21:17:37.910+0000] {processor.py:186} INFO - Started process (PID=1215) to work on /opt/airflow/dags/driven_data_pipeline.py
[2026-06-18T21:17:37.911+0000] {processor.py:914} INFO - Processing file /opt/airflow/dags/driven_data_pipeline.py for tasks to queue
[2026-06-18T21:17:37.913+0000] {logging_mixin.py:190} INFO - [2026-06-18T21:17:37.912+0000] {dagbag.py:588} INFO - Filling up the DagBag from /opt/airflow/dags/driven_data_pipeline.py
[2026-06-18T21:17:38.010+0000] {processor.py:925} INFO - DAG(s) 'extract_raw_data_pipeline' retrieved from /opt/airflow/dags/driven_data_pipeline.py
[2026-06-18T21:17:38.027+0000] {logging_mixin.py:190} INFO - [2026-06-18T21:17:38.027+0000] {dag.py:3239} INFO - Sync 1 DAGs
[2026-06-18T21:17:38.042+0000] {logging_mixin.py:190} INFO - [2026-06-18T21:17:38.042+0000] {dag.py:4180} INFO - Setting next_dagrun for extract_raw_data_pipeline to 2026-06-18 07:59:00+00:00, run_after=2026-06-19 07:00:00+00:00
[2026-06-18T21:17:38.055+0000] {processor.py:208} INFO - Processing /opt/airflow/dags/driven_data_pipeline.py took 0.149 seconds
[2026-06-18T21:18:08.285+0000] {processor.py:186} INFO - Started process (PID=1223) to work on /opt/airflow/dags/driven_data_pipeline.py
[2026-06-18T21:18:08.286+0000] {processor.py:914} INFO - Processing file /opt/airflow/dags/driven_data_pipeline.py for tasks to queue
[2026-06-18T21:18:08.288+0000] {logging_mixin.py:190} INFO - [2026-06-18T21:18:08.288+0000] {dagbag.py:588} INFO - Filling up the DagBag from /opt/airflow/dags/driven_data_pipeline.py
[2026-06-18T21:18:08.374+0000] {processor.py:925} INFO - DAG(s) 'extract_raw_data_pipeline' retrieved from /opt/airflow/dags/driven_data_pipeline.py
[2026-06-18T21:18:08.390+0000] {logging_mixin.py:190} INFO - [2026-06-18T21:18:08.390+0000] {dag.py:3239} INFO - Sync 1 DAGs
[2026-06-18T21:18:08.403+0000] {logging_mixin.py:190} INFO - [2026-06-18T21:18:08.403+0000] {dag.py:4180} INFO - Setting next_dagrun for extract_raw_data_pipeline to 2026-06-18 07:59:00+00:00, run_after=2026-06-19 07:00:00+00:00
[2026-06-18T21:18:08.417+0000] {processor.py:208} INFO - Processing /opt/airflow/dags/driven_data_pipeline.py took 0.135 seconds
[2026-06-18T21:18:38.653+0000] {processor.py:186} INFO - Started process (PID=1231) to work on /opt/airflow/dags/driven_data_pipeline.py
[2026-06-18T21:18:38.654+0000] {processor.py:914} INFO - Processing file /opt/airflow/dags/driven_data_pipeline.py for tasks to queue
[2026-06-18T21:18:38.655+0000] {logging_mixin.py:190} INFO - [2026-06-18T21:18:38.655+0000] {dagbag.py:588} INFO - Filling up the DagBag from /opt/airflow/dags/driven_data_pipeline.py
[2026-06-18T21:18:38.738+0000] {processor.py:925} INFO - DAG(s) 'extract_raw_data_pipeline' retrieved from /opt/airflow/dags/driven_data_pipeline.py
[2026-06-18T21:18:38.751+0000] {logging_mixin.py:190} INFO - [2026-06-18T21:18:38.751+0000] {dag.py:3239} INFO - Sync 1 DAGs
[2026-06-18T21:18:38.763+0000] {logging_mixin.py:190} INFO - [2026-06-18T21:18:38.763+0000] {dag.py:4180} INFO - Setting next_dagrun for extract_raw_data_pipeline to 2026-06-18 07:59:00+00:00, run_after=2026-06-19 07:00:00+00:00
[2026-06-18T21:18:38.778+0000] {processor.py:208} INFO - Processing /opt/airflow/dags/driven_data_pipeline.py took 0.129 seconds
[2026-06-18T21:19:08.997+0000] {processor.py:186} INFO - Started process (PID=1239) to work on /opt/airflow/dags/driven_data_pipeline.py
[2026-06-18T21:19:08.999+0000] {processor.py:914} INFO - Processing file /opt/airflow/dags/driven_data_pipeline.py for tasks to queue
[2026-06-18T21:19:09.001+0000] {logging_mixin.py:190} INFO - [2026-06-18T21:19:09.001+0000] {dagbag.py:588} INFO - Filling up the DagBag from /opt/airflow/dags/driven_data_pipeline.py
[2026-06-18T21:19:09.122+0000] {processor.py:925} INFO - DAG(s) 'extract_raw_data_pipeline' retrieved from /opt/airflow/dags/driven_data_pipeline.py
[2026-06-18T21:19:09.137+0000] {logging_mixin.py:190} INFO - [2026-06-18T21:19:09.137+0000] {dag.py:3239} INFO - Sync 1 DAGs
[2026-06-18T21:19:09.150+0000] {logging_mixin.py:190} INFO - [2026-06-18T21:19:09.150+0000] {dag.py:4180} INFO - Setting next_dagrun for extract_raw_data_pipeline to 2026-06-18 07:59:00+00:00, run_after=2026-06-19 07:00:00+00:00
[2026-06-18T21:19:09.163+0000] {processor.py:208} INFO - Processing /opt/airflow/dags/driven_data_pipeline.py took 0.170 seconds
[2026-06-18T21:19:39.266+0000] {processor.py:186} INFO - Started process (PID=1247) to work on /opt/airflow/dags/driven_data_pipeline.py
[2026-06-18T21:19:39.267+0000] {processor.py:914} INFO - Processing file /opt/airflow/dags/driven_data_pipeline.py for tasks to queue
[2026-06-18T21:19:39.269+0000] {logging_mixin.py:190} INFO - [2026-06-18T21:19:39.268+0000] {dagbag.py:588} INFO - Filling up the DagBag from /opt/airflow/dags/driven_data_pipeline.py
[2026-06-18T21:19:39.352+0000] {processor.py:925} INFO - DAG(s) 'extract_raw_data_pipeline' retrieved from /opt/airflow/dags/driven_data_pipeline.py
[2026-06-18T21:19:39.368+0000] {logging_mixin.py:190} INFO - [2026-06-18T21:19:39.368+0000] {dag.py:3239} INFO - Sync 1 DAGs
[2026-06-18T21:19:39.383+0000] {logging_mixin.py:190} INFO - [2026-06-18T21:19:39.383+0000] {dag.py:4180} INFO - Setting next_dagrun for extract_raw_data_pipeline to 2026-06-18 07:59:00+00:00, run_after=2026-06-19 07:00:00+00:00
[2026-06-18T21:19:39.397+0000] {processor.py:208} INFO - Processing /opt/airflow/dags/driven_data_pipeline.py took 0.135 seconds
[2026-06-18T21:20:09.515+0000] {processor.py:186} INFO - Started process (PID=1255) to work on /opt/airflow/dags/driven_data_pipeline.py
[2026-06-18T21:20:09.516+0000] {processor.py:914} INFO - Processing file /opt/airflow/dags/driven_data_pipeline.py for tasks to queue
[2026-06-18T21:20:09.517+0000] {logging_mixin.py:190} INFO - [2026-06-18T21:20:09.517+0000] {dagbag.py:588} INFO - Filling up the DagBag from /opt/airflow/dags/driven_data_pipeline.py
[2026-06-18T21:20:09.601+0000] {processor.py:925} INFO - DAG(s) 'extract_raw_data_pipeline' retrieved from /opt/airflow/dags/driven_data_pipeline.py
[2026-06-18T21:20:09.617+0000] {logging_mixin.py:190} INFO - [2026-06-18T21:20:09.617+0000] {dag.py:3239} INFO - Sync 1 DAGs
[2026-06-18T21:20:09.631+0000] {logging_mixin.py:190} INFO - [2026-06-18T21:20:09.630+0000] {dag.py:4180} INFO - Setting next_dagrun for extract_raw_data_pipeline to 2026-06-18 07:59:00+00:00, run_after=2026-06-19 07:00:00+00:00
[2026-06-18T21:20:09.644+0000] {processor.py:208} INFO - Processing /opt/airflow/dags/driven_data_pipeline.py took 0.133 seconds
[2026-06-18T21:20:39.863+0000] {processor.py:186} INFO - Started process (PID=1263) to work on /opt/airflow/dags/driven_data_pipeline.py
[2026-06-18T21:20:39.864+0000] {processor.py:914} INFO - Processing file /opt/airflow/dags/driven_data_pipeline.py for tasks to queue
[2026-06-18T21:20:39.865+0000] {logging_mixin.py:190} INFO - [2026-06-18T21:20:39.865+0000] {dagbag.py:588} INFO - Filling up the DagBag from /opt/airflow/dags/driven_data_pipeline.py
[2026-06-18T21:20:39.964+0000] {processor.py:925} INFO - DAG(s) 'extract_raw_data_pipeline' retrieved from /opt/airflow/dags/driven_data_pipeline.py
[2026-06-18T21:20:39.980+0000] {logging_mixin.py:190} INFO - [2026-06-18T21:20:39.980+0000] {dag.py:3239} INFO - Sync 1 DAGs
[2026-06-18T21:20:39.994+0000] {logging_mixin.py:190} INFO - [2026-06-18T21:20:39.994+0000] {dag.py:4180} INFO - Setting next_dagrun for extract_raw_data_pipeline to 2026-06-18 07:59:00+00:00, run_after=2026-06-19 07:00:00+00:00
[2026-06-18T21:20:40.007+0000] {processor.py:208} INFO - Processing /opt/airflow/dags/driven_data_pipeline.py took 0.148 seconds
[2026-06-18T21:21:10.272+0000] {processor.py:186} INFO - Started process (PID=1271) to work on /opt/airflow/dags/driven_data_pipeline.py
[2026-06-18T21:21:10.274+0000] {processor.py:914} INFO - Processing file /opt/airflow/dags/driven_data_pipeline.py for tasks to queue
[2026-06-18T21:21:10.275+0000] {logging_mixin.py:190} INFO - [2026-06-18T21:21:10.275+0000] {dagbag.py:588} INFO - Filling up the DagBag from /opt/airflow/dags/driven_data_pipeline.py
[2026-06-18T21:21:10.376+0000] {processor.py:925} INFO - DAG(s) 'extract_raw_data_pipeline' retrieved from /opt/airflow/dags/driven_data_pipeline.py
[2026-06-18T21:21:10.393+0000] {logging_mixin.py:190} INFO - [2026-06-18T21:21:10.393+0000] {dag.py:3239} INFO - Sync 1 DAGs
[2026-06-18T21:21:10.408+0000] {logging_mixin.py:190} INFO - [2026-06-18T21:21:10.407+0000] {dag.py:4180} INFO - Setting next_dagrun for extract_raw_data_pipeline to 2026-06-18 07:59:00+00:00, run_after=2026-06-19 07:00:00+00:00
[2026-06-18T21:21:10.426+0000] {processor.py:208} INFO - Processing /opt/airflow/dags/driven_data_pipeline.py took 0.157 seconds
[2026-06-18T21:21:40.538+0000] {processor.py:186} INFO - Started process (PID=1279) to work on /opt/airflow/dags/driven_data_pipeline.py
[2026-06-18T21:21:40.539+0000] {processor.py:914} INFO - Processing file /opt/airflow/dags/driven_data_pipeline.py for tasks to queue
[2026-06-18T21:21:40.540+0000] {logging_mixin.py:190} INFO - [2026-06-18T21:21:40.540+0000] {dagbag.py:588} INFO - Filling up the DagBag from /opt/airflow/dags/driven_data_pipeline.py
[2026-06-18T21:21:40.647+0000] {processor.py:925} INFO - DAG(s) 'extract_raw_data_pipeline' retrieved from /opt/airflow/dags/driven_data_pipeline.py
[2026-06-18T21:21:40.665+0000] {logging_mixin.py:190} INFO - [2026-06-18T21:21:40.665+0000] {dag.py:3239} INFO - Sync 1 DAGs
[2026-06-18T21:21:40.681+0000] {logging_mixin.py:190} INFO - [2026-06-18T21:21:40.681+0000] {dag.py:4180} INFO - Setting next_dagrun for extract_raw_data_pipeline to 2026-06-18 07:59:00+00:00, run_after=2026-06-19 07:00:00+00:00
[2026-06-18T21:21:40.696+0000] {processor.py:208} INFO - Processing /opt/airflow/dags/driven_data_pipeline.py took 0.161 seconds
[2026-06-18T21:22:11.301+0000] {processor.py:186} INFO - Started process (PID=1287) to work on /opt/airflow/dags/driven_data_pipeline.py
[2026-06-18T21:22:11.302+0000] {processor.py:914} INFO - Processing file /opt/airflow/dags/driven_data_pipeline.py for tasks to queue
[2026-06-18T21:22:11.305+0000] {logging_mixin.py:190} INFO - [2026-06-18T21:22:11.305+0000] {dagbag.py:588} INFO - Filling up the DagBag from /opt/airflow/dags/driven_data_pipeline.py
[2026-06-18T21:22:11.407+0000] {processor.py:925} INFO - DAG(s) 'extract_raw_data_pipeline' retrieved from /opt/airflow/dags/driven_data_pipeline.py
[2026-06-18T21:22:11.422+0000] {logging_mixin.py:190} INFO - [2026-06-18T21:22:11.422+0000] {dag.py:3239} INFO - Sync 1 DAGs
[2026-06-18T21:22:11.435+0000] {logging_mixin.py:190} INFO - [2026-06-18T21:22:11.435+0000] {dag.py:4180} INFO - Setting next_dagrun for extract_raw_data_pipeline to 2026-06-18 07:59:00+00:00, run_after=2026-06-19 07:00:00+00:00
[2026-06-18T21:22:11.448+0000] {processor.py:208} INFO - Processing /opt/airflow/dags/driven_data_pipeline.py took 0.155 seconds
[2026-06-18T21:22:41.714+0000] {processor.py:186} INFO - Started process (PID=1295) to work on /opt/airflow/dags/driven_data_pipeline.py
[2026-06-18T21:22:41.715+0000] {processor.py:914} INFO - Processing file /opt/airflow/dags/driven_data_pipeline.py for tasks to queue
[2026-06-18T21:22:41.717+0000] {logging_mixin.py:190} INFO - [2026-06-18T21:22:41.716+0000] {dagbag.py:588} INFO - Filling up the DagBag from /opt/airflow/dags/driven_data_pipeline.py
[2026-06-18T21:22:41.803+0000] {processor.py:925} INFO - DAG(s) 'extract_raw_data_pipeline' retrieved from /opt/airflow/dags/driven_data_pipeline.py
[2026-06-18T21:22:41.818+0000] {logging_mixin.py:190} INFO - [2026-06-18T21:22:41.818+0000] {dag.py:3239} INFO - Sync 1 DAGs
[2026-06-18T21:22:41.832+0000] {logging_mixin.py:190} INFO - [2026-06-18T21:22:41.832+0000] {dag.py:4180} INFO - Setting next_dagrun for extract_raw_data_pipeline to 2026-06-18 07:59:00+00:00, run_after=2026-06-19 07:00:00+00:00
[2026-06-18T21:22:41.845+0000] {processor.py:208} INFO - Processing /opt/airflow/dags/driven_data_pipeline.py took 0.135 seconds
[2026-06-18T21:23:12.028+0000] {processor.py:186} INFO - Started process (PID=1303) to work on /opt/airflow/dags/driven_data_pipeline.py
[2026-06-18T21:23:12.029+0000] {processor.py:914} INFO - Processing file /opt/airflow/dags/driven_data_pipeline.py for tasks to queue
[2026-06-18T21:23:12.031+0000] {logging_mixin.py:190} INFO - [2026-06-18T21:23:12.031+0000] {dagbag.py:588} INFO - Filling up the DagBag from /opt/airflow/dags/driven_data_pipeline.py
[2026-06-18T21:23:12.140+0000] {processor.py:925} INFO - DAG(s) 'extract_raw_data_pipeline' retrieved from /opt/airflow/dags/driven_data_pipeline.py
[2026-06-18T21:23:12.155+0000] {logging_mixin.py:190} INFO - [2026-06-18T21:23:12.155+0000] {dag.py:3239} INFO - Sync 1 DAGs
[2026-06-18T21:23:12.170+0000] {logging_mixin.py:190} INFO - [2026-06-18T21:23:12.170+0000] {dag.py:4180} INFO - Setting next_dagrun for extract_raw_data_pipeline to 2026-06-18 07:59:00+00:00, run_after=2026-06-19 07:00:00+00:00
[2026-06-18T21:23:12.185+0000] {processor.py:208} INFO - Processing /opt/airflow/dags/driven_data_pipeline.py took 0.161 seconds
[2026-06-18T21:23:42.398+0000] {processor.py:186} INFO - Started process (PID=1311) to work on /opt/airflow/dags/driven_data_pipeline.py
[2026-06-18T21:23:42.399+0000] {processor.py:914} INFO - Processing file /opt/airflow/dags/driven_data_pipeline.py for tasks to queue
[2026-06-18T21:23:42.400+0000] {logging_mixin.py:190} INFO - [2026-06-18T21:23:42.400+0000] {dagbag.py:588} INFO - Filling up the DagBag from /opt/airflow/dags/driven_data_pipeline.py
[2026-06-18T21:23:42.487+0000] {processor.py:925} INFO - DAG(s) 'extract_raw_data_pipeline' retrieved from /opt/airflow/dags/driven_data_pipeline.py
[2026-06-18T21:23:42.502+0000] {logging_mixin.py:190} INFO - [2026-06-18T21:23:42.502+0000] {dag.py:3239} INFO - Sync 1 DAGs
[2026-06-18T21:23:42.516+0000] {logging_mixin.py:190} INFO - [2026-06-18T21:23:42.516+0000] {dag.py:4180} INFO - Setting next_dagrun for extract_raw_data_pipeline to 2026-06-18 07:59:00+00:00, run_after=2026-06-19 07:00:00+00:00
[2026-06-18T21:23:42.531+0000] {processor.py:208} INFO - Processing /opt/airflow/dags/driven_data_pipeline.py took 0.137 seconds
[2026-06-18T21:24:12.768+0000] {processor.py:186} INFO - Started process (PID=1319) to work on /opt/airflow/dags/driven_data_pipeline.py
[2026-06-18T21:24:12.768+0000] {processor.py:914} INFO - Processing file /opt/airflow/dags/driven_data_pipeline.py for tasks to queue
[2026-06-18T21:24:12.770+0000] {logging_mixin.py:190} INFO - [2026-06-18T21:24:12.770+0000] {dagbag.py:588} INFO - Filling up the DagBag from /opt/airflow/dags/driven_data_pipeline.py
[2026-06-18T21:24:12.856+0000] {processor.py:925} INFO - DAG(s) 'extract_raw_data_pipeline' retrieved from /opt/airflow/dags/driven_data_pipeline.py
[2026-06-18T21:24:12.871+0000] {logging_mixin.py:190} INFO - [2026-06-18T21:24:12.871+0000] {dag.py:3239} INFO - Sync 1 DAGs
[2026-06-18T21:24:12.884+0000] {logging_mixin.py:190} INFO - [2026-06-18T21:24:12.884+0000] {dag.py:4180} INFO - Setting next_dagrun for extract_raw_data_pipeline to 2026-06-18 07:59:00+00:00, run_after=2026-06-19 07:00:00+00:00
[2026-06-18T21:24:12.897+0000] {processor.py:208} INFO - Processing /opt/airflow/dags/driven_data_pipeline.py took 0.132 seconds
[2026-06-18T21:24:43.064+0000] {processor.py:186} INFO - Started process (PID=1327) to work on /opt/airflow/dags/driven_data_pipeline.py
[2026-06-18T21:24:43.065+0000] {processor.py:914} INFO - Processing file /opt/airflow/dags/driven_data_pipeline.py for tasks to queue
[2026-06-18T21:24:43.066+0000] {logging_mixin.py:190} INFO - [2026-06-18T21:24:43.066+0000] {dagbag.py:588} INFO - Filling up the DagBag from /opt/airflow/dags/driven_data_pipeline.py
[2026-06-18T21:24:43.157+0000] {processor.py:925} INFO - DAG(s) 'extract_raw_data_pipeline' retrieved from /opt/airflow/dags/driven_data_pipeline.py
[2026-06-18T21:24:43.173+0000] {logging_mixin.py:190} INFO - [2026-06-18T21:24:43.172+0000] {dag.py:3239} INFO - Sync 1 DAGs
[2026-06-18T21:24:43.187+0000] {logging_mixin.py:190} INFO - [2026-06-18T21:24:43.186+0000] {dag.py:4180} INFO - Setting next_dagrun for extract_raw_data_pipeline to 2026-06-18 07:59:00+00:00, run_after=2026-06-19 07:00:00+00:00
[2026-06-18T21:24:43.202+0000] {processor.py:208} INFO - Processing /opt/airflow/dags/driven_data_pipeline.py took 0.142 seconds
[2026-06-18T21:25:13.449+0000] {processor.py:186} INFO - Started process (PID=1335) to work on /opt/airflow/dags/driven_data_pipeline.py
[2026-06-18T21:25:13.450+0000] {processor.py:914} INFO - Processing file /opt/airflow/dags/driven_data_pipeline.py for tasks to queue
[2026-06-18T21:25:13.452+0000] {logging_mixin.py:190} INFO - [2026-06-18T21:25:13.451+0000] {dagbag.py:588} INFO - Filling up the DagBag from /opt/airflow/dags/driven_data_pipeline.py
[2026-06-18T21:25:13.535+0000] {processor.py:925} INFO - DAG(s) 'extract_raw_data_pipeline' retrieved from /opt/airflow/dags/driven_data_pipeline.py
[2026-06-18T21:25:13.548+0000] {logging_mixin.py:190} INFO - [2026-06-18T21:25:13.548+0000] {dag.py:3239} INFO - Sync 1 DAGs
[2026-06-18T21:25:13.560+0000] {logging_mixin.py:190} INFO - [2026-06-18T21:25:13.560+0000] {dag.py:4180} INFO - Setting next_dagrun for extract_raw_data_pipeline to 2026-06-18 07:59:00+00:00, run_after=2026-06-19 07:00:00+00:00
[2026-06-18T21:25:13.572+0000] {processor.py:208} INFO - Processing /opt/airflow/dags/driven_data_pipeline.py took 0.126 seconds
[2026-06-18T21:25:43.715+0000] {processor.py:186} INFO - Started process (PID=1343) to work on /opt/airflow/dags/driven_data_pipeline.py
[2026-06-18T21:25:43.715+0000] {processor.py:914} INFO - Processing file /opt/airflow/dags/driven_data_pipeline.py for tasks to queue
[2026-06-18T21:25:43.717+0000] {logging_mixin.py:190} INFO - [2026-06-18T21:25:43.717+0000] {dagbag.py:588} INFO - Filling up the DagBag from /opt/airflow/dags/driven_data_pipeline.py
[2026-06-18T21:25:43.801+0000] {processor.py:925} INFO - DAG(s) 'extract_raw_data_pipeline' retrieved from /opt/airflow/dags/driven_data_pipeline.py
[2026-06-18T21:25:43.815+0000] {logging_mixin.py:190} INFO - [2026-06-18T21:25:43.815+0000] {dag.py:3239} INFO - Sync 1 DAGs
[2026-06-18T21:25:43.830+0000] {logging_mixin.py:190} INFO - [2026-06-18T21:25:43.830+0000] {dag.py:4180} INFO - Setting next_dagrun for extract_raw_data_pipeline to 2026-06-18 07:59:00+00:00, run_after=2026-06-19 07:00:00+00:00
[2026-06-18T21:25:43.843+0000] {processor.py:208} INFO - Processing /opt/airflow/dags/driven_data_pipeline.py took 0.132 seconds
[2026-06-18T21:26:14.151+0000] {processor.py:186} INFO - Started process (PID=1351) to work on /opt/airflow/dags/driven_data_pipeline.py
[2026-06-18T21:26:14.152+0000] {processor.py:914} INFO - Processing file /opt/airflow/dags/driven_data_pipeline.py for tasks to queue
[2026-06-18T21:26:14.153+0000] {logging_mixin.py:190} INFO - [2026-06-18T21:26:14.153+0000] {dagbag.py:588} INFO - Filling up the DagBag from /opt/airflow/dags/driven_data_pipeline.py
[2026-06-18T21:26:14.240+0000] {processor.py:925} INFO - DAG(s) 'extract_raw_data_pipeline' retrieved from /opt/airflow/dags/driven_data_pipeline.py
[2026-06-18T21:26:14.256+0000] {logging_mixin.py:190} INFO - [2026-06-18T21:26:14.256+0000] {dag.py:3239} INFO - Sync 1 DAGs
[2026-06-18T21:26:14.269+0000] {logging_mixin.py:190} INFO - [2026-06-18T21:26:14.268+0000] {dag.py:4180} INFO - Setting next_dagrun for extract_raw_data_pipeline to 2026-06-18 07:59:00+00:00, run_after=2026-06-19 07:00:00+00:00
[2026-06-18T21:26:14.293+0000] {processor.py:208} INFO - Processing /opt/airflow/dags/driven_data_pipeline.py took 0.146 seconds
[2026-06-18T21:26:44.460+0000] {processor.py:186} INFO - Started process (PID=1359) to work on /opt/airflow/dags/driven_data_pipeline.py
[2026-06-18T21:26:44.461+0000] {processor.py:914} INFO - Processing file /opt/airflow/dags/driven_data_pipeline.py for tasks to queue
[2026-06-18T21:26:44.463+0000] {logging_mixin.py:190} INFO - [2026-06-18T21:26:44.462+0000] {dagbag.py:588} INFO - Filling up the DagBag from /opt/airflow/dags/driven_data_pipeline.py
[2026-06-18T21:26:44.893+0000] {processor.py:925} INFO - DAG(s) 'extract_raw_data_pipeline' retrieved from /opt/airflow/dags/driven_data_pipeline.py
[2026-06-18T21:26:44.916+0000] {logging_mixin.py:190} INFO - [2026-06-18T21:26:44.916+0000] {dag.py:3239} INFO - Sync 1 DAGs
[2026-06-18T21:26:44.927+0000] {logging_mixin.py:190} INFO - [2026-06-18T21:26:44.927+0000] {dag.py:4180} INFO - Setting next_dagrun for extract_raw_data_pipeline to 2026-06-18 07:59:00+00:00, run_after=2026-06-19 07:00:00+00:00
[2026-06-18T21:26:44.940+0000] {processor.py:208} INFO - Processing /opt/airflow/dags/driven_data_pipeline.py took 0.484 seconds
[2026-06-18T21:27:15.240+0000] {processor.py:186} INFO - Started process (PID=1367) to work on /opt/airflow/dags/driven_data_pipeline.py
[2026-06-18T21:27:15.241+0000] {processor.py:914} INFO - Processing file /opt/airflow/dags/driven_data_pipeline.py for tasks to queue
[2026-06-18T21:27:15.242+0000] {logging_mixin.py:190} INFO - [2026-06-18T21:27:15.242+0000] {dagbag.py:588} INFO - Filling up the DagBag from /opt/airflow/dags/driven_data_pipeline.py
[2026-06-18T21:27:15.331+0000] {processor.py:925} INFO - DAG(s) 'extract_raw_data_pipeline' retrieved from /opt/airflow/dags/driven_data_pipeline.py
[2026-06-18T21:27:15.348+0000] {logging_mixin.py:190} INFO - [2026-06-18T21:27:15.348+0000] {dag.py:3239} INFO - Sync 1 DAGs
[2026-06-18T21:27:15.361+0000] {logging_mixin.py:190} INFO - [2026-06-18T21:27:15.361+0000] {dag.py:4180} INFO - Setting next_dagrun for extract_raw_data_pipeline to 2026-06-18 07:59:00+00:00, run_after=2026-06-19 07:00:00+00:00
[2026-06-18T21:27:15.374+0000] {processor.py:208} INFO - Processing /opt/airflow/dags/driven_data_pipeline.py took 0.138 seconds
[2026-06-18T21:27:45.509+0000] {processor.py:186} INFO - Started process (PID=1376) to work on /opt/airflow/dags/driven_data_pipeline.py
[2026-06-18T21:27:45.510+0000] {processor.py:914} INFO - Processing file /opt/airflow/dags/driven_data_pipeline.py for tasks to queue
[2026-06-18T21:27:45.511+0000] {logging_mixin.py:190} INFO - [2026-06-18T21:27:45.511+0000] {dagbag.py:588} INFO - Filling up the DagBag from /opt/airflow/dags/driven_data_pipeline.py
[2026-06-18T21:27:45.594+0000] {processor.py:925} INFO - DAG(s) 'extract_raw_data_pipeline' retrieved from /opt/airflow/dags/driven_data_pipeline.py
[2026-06-18T21:27:45.609+0000] {logging_mixin.py:190} INFO - [2026-06-18T21:27:45.608+0000] {dag.py:3239} INFO - Sync 1 DAGs
[2026-06-18T21:27:45.621+0000] {logging_mixin.py:190} INFO - [2026-06-18T21:27:45.621+0000] {dag.py:4180} INFO - Setting next_dagrun for extract_raw_data_pipeline to 2026-06-18 07:59:00+00:00, run_after=2026-06-19 07:00:00+00:00
[2026-06-18T21:27:45.635+0000] {processor.py:208} INFO - Processing /opt/airflow/dags/driven_data_pipeline.py took 0.130 seconds
[2026-06-18T21:28:15.959+0000] {processor.py:186} INFO - Started process (PID=1384) to work on /opt/airflow/dags/driven_data_pipeline.py
[2026-06-18T21:28:15.960+0000] {processor.py:914} INFO - Processing file /opt/airflow/dags/driven_data_pipeline.py for tasks to queue
[2026-06-18T21:28:15.961+0000] {logging_mixin.py:190} INFO - [2026-06-18T21:28:15.961+0000] {dagbag.py:588} INFO - Filling up the DagBag from /opt/airflow/dags/driven_data_pipeline.py
[2026-06-18T21:28:16.045+0000] {processor.py:925} INFO - DAG(s) 'extract_raw_data_pipeline' retrieved from /opt/airflow/dags/driven_data_pipeline.py
[2026-06-18T21:28:16.062+0000] {logging_mixin.py:190} INFO - [2026-06-18T21:28:16.061+0000] {dag.py:3239} INFO - Sync 1 DAGs
[2026-06-18T21:28:16.075+0000] {logging_mixin.py:190} INFO - [2026-06-18T21:28:16.075+0000] {dag.py:4180} INFO - Setting next_dagrun for extract_raw_data_pipeline to 2026-06-18 07:59:00+00:00, run_after=2026-06-19 07:00:00+00:00
[2026-06-18T21:28:16.088+0000] {processor.py:208} INFO - Processing /opt/airflow/dags/driven_data_pipeline.py took 0.133 seconds
[2026-06-18T21:28:46.245+0000] {processor.py:186} INFO - Started process (PID=1392) to work on /opt/airflow/dags/driven_data_pipeline.py
[2026-06-18T21:28:46.246+0000] {processor.py:914} INFO - Processing file /opt/airflow/dags/driven_data_pipeline.py for tasks to queue
[2026-06-18T21:28:46.247+0000] {logging_mixin.py:190} INFO - [2026-06-18T21:28:46.247+0000] {dagbag.py:588} INFO - Filling up the DagBag from /opt/airflow/dags/driven_data_pipeline.py
[2026-06-18T21:28:46.334+0000] {processor.py:925} INFO - DAG(s) 'extract_raw_data_pipeline' retrieved from /opt/airflow/dags/driven_data_pipeline.py
[2026-06-18T21:28:46.350+0000] {logging_mixin.py:190} INFO - [2026-06-18T21:28:46.350+0000] {dag.py:3239} INFO - Sync 1 DAGs
[2026-06-18T21:28:46.363+0000] {logging_mixin.py:190} INFO - [2026-06-18T21:28:46.363+0000] {dag.py:4180} INFO - Setting next_dagrun for extract_raw_data_pipeline to 2026-06-18 07:59:00+00:00, run_after=2026-06-19 07:00:00+00:00
[2026-06-18T21:28:46.377+0000] {processor.py:208} INFO - Processing /opt/airflow/dags/driven_data_pipeline.py took 0.136 seconds
[2026-06-18T21:29:16.679+0000] {processor.py:186} INFO - Started process (PID=1400) to work on /opt/airflow/dags/driven_data_pipeline.py
[2026-06-18T21:29:16.679+0000] {processor.py:914} INFO - Processing file /opt/airflow/dags/driven_data_pipeline.py for tasks to queue
[2026-06-18T21:29:16.681+0000] {logging_mixin.py:190} INFO - [2026-06-18T21:29:16.681+0000] {dagbag.py:588} INFO - Filling up the DagBag from /opt/airflow/dags/driven_data_pipeline.py
[2026-06-18T21:29:16.792+0000] {processor.py:925} INFO - DAG(s) 'extract_raw_data_pipeline' retrieved from /opt/airflow/dags/driven_data_pipeline.py
[2026-06-18T21:29:16.811+0000] {logging_mixin.py:190} INFO - [2026-06-18T21:29:16.811+0000] {dag.py:3239} INFO - Sync 1 DAGs
[2026-06-18T21:29:16.826+0000] {logging_mixin.py:190} INFO - [2026-06-18T21:29:16.826+0000] {dag.py:4180} INFO - Setting next_dagrun for extract_raw_data_pipeline to 2026-06-18 07:59:00+00:00, run_after=2026-06-19 07:00:00+00:00
[2026-06-18T21:29:16.841+0000] {processor.py:208} INFO - Processing /opt/airflow/dags/driven_data_pipeline.py took 0.166 seconds
[2026-06-18T21:29:46.994+0000] {processor.py:186} INFO - Started process (PID=1408) to work on /opt/airflow/dags/driven_data_pipeline.py
[2026-06-18T21:29:46.995+0000] {processor.py:914} INFO - Processing file /opt/airflow/dags/driven_data_pipeline.py for tasks to queue
[2026-06-18T21:29:46.996+0000] {logging_mixin.py:190} INFO - [2026-06-18T21:29:46.996+0000] {dagbag.py:588} INFO - Filling up the DagBag from /opt/airflow/dags/driven_data_pipeline.py
[2026-06-18T21:29:47.101+0000] {processor.py:925} INFO - DAG(s) 'extract_raw_data_pipeline' retrieved from /opt/airflow/dags/driven_data_pipeline.py
[2026-06-18T21:29:47.118+0000] {logging_mixin.py:190} INFO - [2026-06-18T21:29:47.118+0000] {dag.py:3239} INFO - Sync 1 DAGs
[2026-06-18T21:29:47.134+0000] {logging_mixin.py:190} INFO - [2026-06-18T21:29:47.134+0000] {dag.py:4180} INFO - Setting next_dagrun for extract_raw_data_pipeline to 2026-06-18 07:59:00+00:00, run_after=2026-06-19 07:00:00+00:00
[2026-06-18T21:29:47.147+0000] {processor.py:208} INFO - Processing /opt/airflow/dags/driven_data_pipeline.py took 0.158 seconds
[2026-06-18T21:30:17.388+0000] {processor.py:186} INFO - Started process (PID=1416) to work on /opt/airflow/dags/driven_data_pipeline.py
[2026-06-18T21:30:17.388+0000] {processor.py:914} INFO - Processing file /opt/airflow/dags/driven_data_pipeline.py for tasks to queue
[2026-06-18T21:30:17.390+0000] {logging_mixin.py:190} INFO - [2026-06-18T21:30:17.390+0000] {dagbag.py:588} INFO - Filling up the DagBag from /opt/airflow/dags/driven_data_pipeline.py
[2026-06-18T21:30:17.470+0000] {processor.py:925} INFO - DAG(s) 'extract_raw_data_pipeline' retrieved from /opt/airflow/dags/driven_data_pipeline.py
[2026-06-18T21:30:17.484+0000] {logging_mixin.py:190} INFO - [2026-06-18T21:30:17.483+0000] {dag.py:3239} INFO - Sync 1 DAGs
[2026-06-18T21:30:17.495+0000] {logging_mixin.py:190} INFO - [2026-06-18T21:30:17.495+0000] {dag.py:4180} INFO - Setting next_dagrun for extract_raw_data_pipeline to 2026-06-18 07:59:00+00:00, run_after=2026-06-19 07:00:00+00:00
[2026-06-18T21:30:17.506+0000] {processor.py:208} INFO - Processing /opt/airflow/dags/driven_data_pipeline.py took 0.122 seconds
[2026-06-18T21:30:47.861+0000] {processor.py:186} INFO - Started process (PID=1424) to work on /opt/airflow/dags/driven_data_pipeline.py
[2026-06-18T21:30:47.862+0000] {processor.py:914} INFO - Processing file /opt/airflow/dags/driven_data_pipeline.py for tasks to queue
[2026-06-18T21:30:47.863+0000] {logging_mixin.py:190} INFO - [2026-06-18T21:30:47.863+0000] {dagbag.py:588} INFO - Filling up the DagBag from /opt/airflow/dags/driven_data_pipeline.py
[2026-06-18T21:30:47.958+0000] {processor.py:925} INFO - DAG(s) 'extract_raw_data_pipeline' retrieved from /opt/airflow/dags/driven_data_pipeline.py
[2026-06-18T21:30:47.973+0000] {logging_mixin.py:190} INFO - [2026-06-18T21:30:47.973+0000] {dag.py:3239} INFO - Sync 1 DAGs
[2026-06-18T21:30:47.987+0000] {logging_mixin.py:190} INFO - [2026-06-18T21:30:47.987+0000] {dag.py:4180} INFO - Setting next_dagrun for extract_raw_data_pipeline to 2026-06-18 07:59:00+00:00, run_after=2026-06-19 07:00:00+00:00
[2026-06-18T21:30:47.999+0000] {processor.py:208} INFO - Processing /opt/airflow/dags/driven_data_pipeline.py took 0.142 seconds
[2026-06-18T21:31:18.147+0000] {processor.py:186} INFO - Started process (PID=1432) to work on /opt/airflow/dags/driven_data_pipeline.py
[2026-06-18T21:31:18.148+0000] {processor.py:914} INFO - Processing file /opt/airflow/dags/driven_data_pipeline.py for tasks to queue
[2026-06-18T21:31:18.150+0000] {logging_mixin.py:190} INFO - [2026-06-18T21:31:18.149+0000] {dagbag.py:588} INFO - Filling up the DagBag from /opt/airflow/dags/driven_data_pipeline.py
[2026-06-18T21:31:18.249+0000] {processor.py:925} INFO - DAG(s) 'extract_raw_data_pipeline' retrieved from /opt/airflow/dags/driven_data_pipeline.py
[2026-06-18T21:31:18.267+0000] {logging_mixin.py:190} INFO - [2026-06-18T21:31:18.267+0000] {dag.py:3239} INFO - Sync 1 DAGs
[2026-06-18T21:31:18.283+0000] {logging_mixin.py:190} INFO - [2026-06-18T21:31:18.283+0000] {dag.py:4180} INFO - Setting next_dagrun for extract_raw_data_pipeline to 2026-06-18 07:59:00+00:00, run_after=2026-06-19 07:00:00+00:00
[2026-06-18T21:31:18.303+0000] {processor.py:208} INFO - Processing /opt/airflow/dags/driven_data_pipeline.py took 0.159 seconds
[2026-06-18T21:31:48.495+0000] {processor.py:186} INFO - Started process (PID=1440) to work on /opt/airflow/dags/driven_data_pipeline.py
[2026-06-18T21:31:48.496+0000] {processor.py:914} INFO - Processing file /opt/airflow/dags/driven_data_pipeline.py for tasks to queue
[2026-06-18T21:31:48.498+0000] {logging_mixin.py:190} INFO - [2026-06-18T21:31:48.498+0000] {dagbag.py:588} INFO - Filling up the DagBag from /opt/airflow/dags/driven_data_pipeline.py
[2026-06-18T21:31:48.603+0000] {processor.py:925} INFO - DAG(s) 'extract_raw_data_pipeline' retrieved from /opt/airflow/dags/driven_data_pipeline.py
[2026-06-18T21:31:48.618+0000] {logging_mixin.py:190} INFO - [2026-06-18T21:31:48.618+0000] {dag.py:3239} INFO - Sync 1 DAGs
[2026-06-18T21:31:48.631+0000] {logging_mixin.py:190} INFO - [2026-06-18T21:31:48.631+0000] {dag.py:4180} INFO - Setting next_dagrun for extract_raw_data_pipeline to 2026-06-18 07:59:00+00:00, run_after=2026-06-19 07:00:00+00:00
[2026-06-18T21:31:48.644+0000] {processor.py:208} INFO - Processing /opt/airflow/dags/driven_data_pipeline.py took 0.153 seconds
[2026-06-18T21:32:18.915+0000] {processor.py:186} INFO - Started process (PID=1448) to work on /opt/airflow/dags/driven_data_pipeline.py
[2026-06-18T21:32:18.916+0000] {processor.py:914} INFO - Processing file /opt/airflow/dags/driven_data_pipeline.py for tasks to queue
[2026-06-18T21:32:18.917+0000] {logging_mixin.py:190} INFO - [2026-06-18T21:32:18.917+0000] {dagbag.py:588} INFO - Filling up the DagBag from /opt/airflow/dags/driven_data_pipeline.py
[2026-06-18T21:32:19.002+0000] {processor.py:925} INFO - DAG(s) 'extract_raw_data_pipeline' retrieved from /opt/airflow/dags/driven_data_pipeline.py
[2026-06-18T21:32:19.019+0000] {logging_mixin.py:190} INFO - [2026-06-18T21:32:19.019+0000] {dag.py:3239} INFO - Sync 1 DAGs
[2026-06-18T21:32:19.032+0000] {logging_mixin.py:190} INFO - [2026-06-18T21:32:19.032+0000] {dag.py:4180} INFO - Setting next_dagrun for extract_raw_data_pipeline to 2026-06-18 07:59:00+00:00, run_after=2026-06-19 07:00:00+00:00
[2026-06-18T21:32:19.055+0000] {processor.py:208} INFO - Processing /opt/airflow/dags/driven_data_pipeline.py took 0.144 seconds
[2026-06-18T21:32:49.338+0000] {processor.py:186} INFO - Started process (PID=1456) to work on /opt/airflow/dags/driven_data_pipeline.py
[2026-06-18T21:32:49.339+0000] {processor.py:914} INFO - Processing file /opt/airflow/dags/driven_data_pipeline.py for tasks to queue
[2026-06-18T21:32:49.340+0000] {logging_mixin.py:190} INFO - [2026-06-18T21:32:49.340+0000] {dagbag.py:588} INFO - Filling up the DagBag from /opt/airflow/dags/driven_data_pipeline.py
[2026-06-18T21:32:49.426+0000] {processor.py:925} INFO - DAG(s) 'extract_raw_data_pipeline' retrieved from /opt/airflow/dags/driven_data_pipeline.py
[2026-06-18T21:32:49.441+0000] {logging_mixin.py:190} INFO - [2026-06-18T21:32:49.441+0000] {dag.py:3239} INFO - Sync 1 DAGs
[2026-06-18T21:32:49.453+0000] {logging_mixin.py:190} INFO - [2026-06-18T21:32:49.453+0000] {dag.py:4180} INFO - Setting next_dagrun for extract_raw_data_pipeline to 2026-06-18 07:59:00+00:00, run_after=2026-06-19 07:00:00+00:00
[2026-06-18T21:32:49.467+0000] {processor.py:208} INFO - Processing /opt/airflow/dags/driven_data_pipeline.py took 0.133 seconds
[2026-06-18T21:33:19.671+0000] {processor.py:186} INFO - Started process (PID=1464) to work on /opt/airflow/dags/driven_data_pipeline.py
[2026-06-18T21:33:19.672+0000] {processor.py:914} INFO - Processing file /opt/airflow/dags/driven_data_pipeline.py for tasks to queue
[2026-06-18T21:33:19.674+0000] {logging_mixin.py:190} INFO - [2026-06-18T21:33:19.674+0000] {dagbag.py:588} INFO - Filling up the DagBag from /opt/airflow/dags/driven_data_pipeline.py
[2026-06-18T21:33:19.754+0000] {processor.py:925} INFO - DAG(s) 'extract_raw_data_pipeline' retrieved from /opt/airflow/dags/driven_data_pipeline.py
[2026-06-18T21:33:19.768+0000] {logging_mixin.py:190} INFO - [2026-06-18T21:33:19.768+0000] {dag.py:3239} INFO - Sync 1 DAGs
[2026-06-18T21:33:19.781+0000] {logging_mixin.py:190} INFO - [2026-06-18T21:33:19.781+0000] {dag.py:4180} INFO - Setting next_dagrun for extract_raw_data_pipeline to 2026-06-18 07:59:00+00:00, run_after=2026-06-19 07:00:00+00:00
[2026-06-18T21:33:19.795+0000] {processor.py:208} INFO - Processing /opt/airflow/dags/driven_data_pipeline.py took 0.127 seconds
[2026-06-18T21:33:50.027+0000] {processor.py:186} INFO - Started process (PID=1472) to work on /opt/airflow/dags/driven_data_pipeline.py
[2026-06-18T21:33:50.028+0000] {processor.py:914} INFO - Processing file /opt/airflow/dags/driven_data_pipeline.py for tasks to queue
[2026-06-18T21:33:50.029+0000] {logging_mixin.py:190} INFO - [2026-06-18T21:33:50.029+0000] {dagbag.py:588} INFO - Filling up the DagBag from /opt/airflow/dags/driven_data_pipeline.py
[2026-06-18T21:33:50.126+0000] {processor.py:925} INFO - DAG(s) 'extract_raw_data_pipeline' retrieved from /opt/airflow/dags/driven_data_pipeline.py
[2026-06-18T21:33:50.144+0000] {logging_mixin.py:190} INFO - [2026-06-18T21:33:50.144+0000] {dag.py:3239} INFO - Sync 1 DAGs
[2026-06-18T21:33:50.159+0000] {logging_mixin.py:190} INFO - [2026-06-18T21:33:50.158+0000] {dag.py:4180} INFO - Setting next_dagrun for extract_raw_data_pipeline to 2026-06-18 07:59:00+00:00, run_after=2026-06-19 07:00:00+00:00
[2026-06-18T21:33:50.172+0000] {processor.py:208} INFO - Processing /opt/airflow/dags/driven_data_pipeline.py took 0.149 seconds
[2026-06-18T21:34:20.373+0000] {processor.py:186} INFO - Started process (PID=1480) to work on /opt/airflow/dags/driven_data_pipeline.py
[2026-06-18T21:34:20.374+0000] {processor.py:914} INFO - Processing file /opt/airflow/dags/driven_data_pipeline.py for tasks to queue
[2026-06-18T21:34:20.375+0000] {logging_mixin.py:190} INFO - [2026-06-18T21:34:20.375+0000] {dagbag.py:588} INFO - Filling up the DagBag from /opt/airflow/dags/driven_data_pipeline.py
[2026-06-18T21:34:20.468+0000] {processor.py:925} INFO - DAG(s) 'extract_raw_data_pipeline' retrieved from /opt/airflow/dags/driven_data_pipeline.py
[2026-06-18T21:34:20.485+0000] {logging_mixin.py:190} INFO - [2026-06-18T21:34:20.485+0000] {dag.py:3239} INFO - Sync 1 DAGs
[2026-06-18T21:34:20.504+0000] {logging_mixin.py:190} INFO - [2026-06-18T21:34:20.504+0000] {dag.py:4180} INFO - Setting next_dagrun for extract_raw_data_pipeline to 2026-06-18 07:59:00+00:00, run_after=2026-06-19 07:00:00+00:00
[2026-06-18T21:34:20.524+0000] {processor.py:208} INFO - Processing /opt/airflow/dags/driven_data_pipeline.py took 0.154 seconds
[2026-06-18T21:34:50.829+0000] {processor.py:186} INFO - Started process (PID=1487) to work on /opt/airflow/dags/driven_data_pipeline.py
[2026-06-18T21:34:50.830+0000] {processor.py:914} INFO - Processing file /opt/airflow/dags/driven_data_pipeline.py for tasks to queue
[2026-06-18T21:34:50.832+0000] {logging_mixin.py:190} INFO - [2026-06-18T21:34:50.831+0000] {dagbag.py:588} INFO - Filling up the DagBag from /opt/airflow/dags/driven_data_pipeline.py
[2026-06-18T21:34:50.927+0000] {processor.py:925} INFO - DAG(s) 'extract_raw_data_pipeline' retrieved from /opt/airflow/dags/driven_data_pipeline.py
[2026-06-18T21:34:50.942+0000] {logging_mixin.py:190} INFO - [2026-06-18T21:34:50.942+0000] {dag.py:3239} INFO - Sync 1 DAGs
[2026-06-18T21:34:50.955+0000] {logging_mixin.py:190} INFO - [2026-06-18T21:34:50.955+0000] {dag.py:4180} INFO - Setting next_dagrun for extract_raw_data_pipeline to 2026-06-18 07:59:00+00:00, run_after=2026-06-19 07:00:00+00:00
[2026-06-18T21:34:50.973+0000] {processor.py:208} INFO - Processing /opt/airflow/dags/driven_data_pipeline.py took 0.149 seconds
[2026-06-18T21:35:21.145+0000] {processor.py:186} INFO - Started process (PID=1495) to work on /opt/airflow/dags/driven_data_pipeline.py
[2026-06-18T21:35:21.145+0000] {processor.py:914} INFO - Processing file /opt/airflow/dags/driven_data_pipeline.py for tasks to queue
[2026-06-18T21:35:21.147+0000] {logging_mixin.py:190} INFO - [2026-06-18T21:35:21.147+0000] {dagbag.py:588} INFO - Filling up the DagBag from /opt/airflow/dags/driven_data_pipeline.py
[2026-06-18T21:35:21.228+0000] {processor.py:925} INFO - DAG(s) 'extract_raw_data_pipeline' retrieved from /opt/airflow/dags/driven_data_pipeline.py
[2026-06-18T21:35:21.244+0000] {logging_mixin.py:190} INFO - [2026-06-18T21:35:21.244+0000] {dag.py:3239} INFO - Sync 1 DAGs
[2026-06-18T21:35:21.257+0000] {logging_mixin.py:190} INFO - [2026-06-18T21:35:21.257+0000] {dag.py:4180} INFO - Setting next_dagrun for extract_raw_data_pipeline to 2026-06-18 07:59:00+00:00, run_after=2026-06-19 07:00:00+00:00
[2026-06-18T21:35:21.271+0000] {processor.py:208} INFO - Processing /opt/airflow/dags/driven_data_pipeline.py took 0.130 seconds
[2026-06-18T21:35:51.486+0000] {processor.py:186} INFO - Started process (PID=1503) to work on /opt/airflow/dags/driven_data_pipeline.py
[2026-06-18T21:35:51.486+0000] {processor.py:914} INFO - Processing file /opt/airflow/dags/driven_data_pipeline.py for tasks to queue
[2026-06-18T21:35:51.488+0000] {logging_mixin.py:190} INFO - [2026-06-18T21:35:51.488+0000] {dagbag.py:588} INFO - Filling up the DagBag from /opt/airflow/dags/driven_data_pipeline.py
[2026-06-18T21:35:51.577+0000] {processor.py:925} INFO - DAG(s) 'extract_raw_data_pipeline' retrieved from /opt/airflow/dags/driven_data_pipeline.py
[2026-06-18T21:35:51.591+0000] {logging_mixin.py:190} INFO - [2026-06-18T21:35:51.591+0000] {dag.py:3239} INFO - Sync 1 DAGs
[2026-06-18T21:35:51.604+0000] {logging_mixin.py:190} INFO - [2026-06-18T21:35:51.604+0000] {dag.py:4180} INFO - Setting next_dagrun for extract_raw_data_pipeline to 2026-06-18 07:59:00+00:00, run_after=2026-06-19 07:00:00+00:00
[2026-06-18T21:35:51.618+0000] {processor.py:208} INFO - Processing /opt/airflow/dags/driven_data_pipeline.py took 0.136 seconds
[2026-06-18T21:36:21.903+0000] {processor.py:186} INFO - Started process (PID=1511) to work on /opt/airflow/dags/driven_data_pipeline.py
[2026-06-18T21:36:21.904+0000] {processor.py:914} INFO - Processing file /opt/airflow/dags/driven_data_pipeline.py for tasks to queue
[2026-06-18T21:36:21.906+0000] {logging_mixin.py:190} INFO - [2026-06-18T21:36:21.905+0000] {dagbag.py:588} INFO - Filling up the DagBag from /opt/airflow/dags/driven_data_pipeline.py
[2026-06-18T21:36:21.995+0000] {processor.py:925} INFO - DAG(s) 'extract_raw_data_pipeline' retrieved from /opt/airflow/dags/driven_data_pipeline.py
[2026-06-18T21:36:22.010+0000] {logging_mixin.py:190} INFO - [2026-06-18T21:36:22.010+0000] {dag.py:3239} INFO - Sync 1 DAGs
[2026-06-18T21:36:22.027+0000] {logging_mixin.py:190} INFO - [2026-06-18T21:36:22.027+0000] {dag.py:4180} INFO - Setting next_dagrun for extract_raw_data_pipeline to 2026-06-18 07:59:00+00:00, run_after=2026-06-19 07:00:00+00:00
[2026-06-18T21:36:22.041+0000] {processor.py:208} INFO - Processing /opt/airflow/dags/driven_data_pipeline.py took 0.141 seconds
[2026-06-18T21:36:52.230+0000] {processor.py:186} INFO - Started process (PID=1519) to work on /opt/airflow/dags/driven_data_pipeline.py
[2026-06-18T21:36:52.231+0000] {processor.py:914} INFO - Processing file /opt/airflow/dags/driven_data_pipeline.py for tasks to queue
[2026-06-18T21:36:52.232+0000] {logging_mixin.py:190} INFO - [2026-06-18T21:36:52.232+0000] {dagbag.py:588} INFO - Filling up the DagBag from /opt/airflow/dags/driven_data_pipeline.py
[2026-06-18T21:36:52.320+0000] {processor.py:925} INFO - DAG(s) 'extract_raw_data_pipeline' retrieved from /opt/airflow/dags/driven_data_pipeline.py
[2026-06-18T21:36:52.335+0000] {logging_mixin.py:190} INFO - [2026-06-18T21:36:52.335+0000] {dag.py:3239} INFO - Sync 1 DAGs
[2026-06-18T21:36:52.348+0000] {logging_mixin.py:190} INFO - [2026-06-18T21:36:52.348+0000] {dag.py:4180} INFO - Setting next_dagrun for extract_raw_data_pipeline to 2026-06-18 07:59:00+00:00, run_after=2026-06-19 07:00:00+00:00
[2026-06-18T21:36:52.363+0000] {processor.py:208} INFO - Processing /opt/airflow/dags/driven_data_pipeline.py took 0.137 seconds
[2026-06-18T21:37:22.647+0000] {processor.py:186} INFO - Started process (PID=1527) to work on /opt/airflow/dags/driven_data_pipeline.py
[2026-06-18T21:37:22.647+0000] {processor.py:914} INFO - Processing file /opt/airflow/dags/driven_data_pipeline.py for tasks to queue
[2026-06-18T21:37:22.649+0000] {logging_mixin.py:190} INFO - [2026-06-18T21:37:22.649+0000] {dagbag.py:588} INFO - Filling up the DagBag from /opt/airflow/dags/driven_data_pipeline.py
[2026-06-18T21:37:22.736+0000] {processor.py:925} INFO - DAG(s) 'extract_raw_data_pipeline' retrieved from /opt/airflow/dags/driven_data_pipeline.py
[2026-06-18T21:37:22.752+0000] {logging_mixin.py:190} INFO - [2026-06-18T21:37:22.751+0000] {dag.py:3239} INFO - Sync 1 DAGs
[2026-06-18T21:37:22.764+0000] {logging_mixin.py:190} INFO - [2026-06-18T21:37:22.764+0000] {dag.py:4180} INFO - Setting next_dagrun for extract_raw_data_pipeline to 2026-06-18 07:59:00+00:00, run_after=2026-06-19 07:00:00+00:00
[2026-06-18T21:37:22.777+0000] {processor.py:208} INFO - Processing /opt/airflow/dags/driven_data_pipeline.py took 0.134 seconds
[2026-06-18T21:37:52.990+0000] {processor.py:186} INFO - Started process (PID=1535) to work on /opt/airflow/dags/driven_data_pipeline.py
[2026-06-18T21:37:52.991+0000] {processor.py:914} INFO - Processing file /opt/airflow/dags/driven_data_pipeline.py for tasks to queue
[2026-06-18T21:37:52.993+0000] {logging_mixin.py:190} INFO - [2026-06-18T21:37:52.992+0000] {dagbag.py:588} INFO - Filling up the DagBag from /opt/airflow/dags/driven_data_pipeline.py
[2026-06-18T21:37:53.077+0000] {processor.py:925} INFO - DAG(s) 'extract_raw_data_pipeline' retrieved from /opt/airflow/dags/driven_data_pipeline.py
[2026-06-18T21:37:53.092+0000] {logging_mixin.py:190} INFO - [2026-06-18T21:37:53.092+0000] {dag.py:3239} INFO - Sync 1 DAGs
[2026-06-18T21:37:53.105+0000] {logging_mixin.py:190} INFO - [2026-06-18T21:37:53.105+0000] {dag.py:4180} INFO - Setting next_dagrun for extract_raw_data_pipeline to 2026-06-18 07:59:00+00:00, run_after=2026-06-19 07:00:00+00:00
[2026-06-18T21:37:53.121+0000] {processor.py:208} INFO - Processing /opt/airflow/dags/driven_data_pipeline.py took 0.134 seconds
[2026-06-18T21:38:23.360+0000] {processor.py:186} INFO - Started process (PID=1543) to work on /opt/airflow/dags/driven_data_pipeline.py
[2026-06-18T21:38:23.360+0000] {processor.py:914} INFO - Processing file /opt/airflow/dags/driven_data_pipeline.py for tasks to queue
[2026-06-18T21:38:23.362+0000] {logging_mixin.py:190} INFO - [2026-06-18T21:38:23.362+0000] {dagbag.py:588} INFO - Filling up the DagBag from /opt/airflow/dags/driven_data_pipeline.py
[2026-06-18T21:38:23.447+0000] {processor.py:925} INFO - DAG(s) 'extract_raw_data_pipeline' retrieved from /opt/airflow/dags/driven_data_pipeline.py
[2026-06-18T21:38:23.463+0000] {logging_mixin.py:190} INFO - [2026-06-18T21:38:23.463+0000] {dag.py:3239} INFO - Sync 1 DAGs
[2026-06-18T21:38:23.476+0000] {logging_mixin.py:190} INFO - [2026-06-18T21:38:23.476+0000] {dag.py:4180} INFO - Setting next_dagrun for extract_raw_data_pipeline to 2026-06-18 07:59:00+00:00, run_after=2026-06-19 07:00:00+00:00
[2026-06-18T21:38:23.488+0000] {processor.py:208} INFO - Processing /opt/airflow/dags/driven_data_pipeline.py took 0.132 seconds
[2026-06-18T21:38:53.980+0000] {processor.py:186} INFO - Started process (PID=1550) to work on /opt/airflow/dags/driven_data_pipeline.py
[2026-06-18T21:38:53.981+0000] {processor.py:914} INFO - Processing file /opt/airflow/dags/driven_data_pipeline.py for tasks to queue
[2026-06-18T21:38:53.983+0000] {logging_mixin.py:190} INFO - [2026-06-18T21:38:53.982+0000] {dagbag.py:588} INFO - Filling up the DagBag from /opt/airflow/dags/driven_data_pipeline.py
[2026-06-18T21:38:54.069+0000] {processor.py:925} INFO - DAG(s) 'extract_raw_data_pipeline' retrieved from /opt/airflow/dags/driven_data_pipeline.py
[2026-06-18T21:38:54.091+0000] {logging_mixin.py:190} INFO - [2026-06-18T21:38:54.091+0000] {dag.py:3239} INFO - Sync 1 DAGs
[2026-06-18T21:38:54.162+0000] {logging_mixin.py:190} INFO - [2026-06-18T21:38:54.162+0000] {dag.py:4180} INFO - Setting next_dagrun for extract_raw_data_pipeline to 2026-06-18 07:59:00+00:00, run_after=2026-06-19 07:00:00+00:00
[2026-06-18T21:38:54.240+0000] {processor.py:208} INFO - Processing /opt/airflow/dags/driven_data_pipeline.py took 0.263 seconds
[2026-06-18T21:39:24.398+0000] {processor.py:186} INFO - Started process (PID=1558) to work on /opt/airflow/dags/driven_data_pipeline.py
[2026-06-18T21:39:24.399+0000] {processor.py:914} INFO - Processing file /opt/airflow/dags/driven_data_pipeline.py for tasks to queue
[2026-06-18T21:39:24.400+0000] {logging_mixin.py:190} INFO - [2026-06-18T21:39:24.400+0000] {dagbag.py:588} INFO - Filling up the DagBag from /opt/airflow/dags/driven_data_pipeline.py
[2026-06-18T21:39:24.486+0000] {processor.py:925} INFO - DAG(s) 'extract_raw_data_pipeline' retrieved from /opt/airflow/dags/driven_data_pipeline.py
[2026-06-18T21:39:24.502+0000] {logging_mixin.py:190} INFO - [2026-06-18T21:39:24.502+0000] {dag.py:3239} INFO - Sync 1 DAGs
[2026-06-18T21:39:24.517+0000] {logging_mixin.py:190} INFO - [2026-06-18T21:39:24.516+0000] {dag.py:4180} INFO - Setting next_dagrun for extract_raw_data_pipeline to 2026-06-18 07:59:00+00:00, run_after=2026-06-19 07:00:00+00:00
[2026-06-18T21:39:24.531+0000] {processor.py:208} INFO - Processing /opt/airflow/dags/driven_data_pipeline.py took 0.137 seconds
[2026-06-18T21:39:54.833+0000] {processor.py:186} INFO - Started process (PID=1566) to work on /opt/airflow/dags/driven_data_pipeline.py
[2026-06-18T21:39:54.834+0000] {processor.py:914} INFO - Processing file /opt/airflow/dags/driven_data_pipeline.py for tasks to queue
[2026-06-18T21:39:54.835+0000] {logging_mixin.py:190} INFO - [2026-06-18T21:39:54.835+0000] {dagbag.py:588} INFO - Filling up the DagBag from /opt/airflow/dags/driven_data_pipeline.py
[2026-06-18T21:39:54.924+0000] {processor.py:925} INFO - DAG(s) 'extract_raw_data_pipeline' retrieved from /opt/airflow/dags/driven_data_pipeline.py
[2026-06-18T21:39:54.939+0000] {logging_mixin.py:190} INFO - [2026-06-18T21:39:54.938+0000] {dag.py:3239} INFO - Sync 1 DAGs
[2026-06-18T21:39:54.952+0000] {logging_mixin.py:190} INFO - [2026-06-18T21:39:54.952+0000] {dag.py:4180} INFO - Setting next_dagrun for extract_raw_data_pipeline to 2026-06-18 07:59:00+00:00, run_after=2026-06-19 07:00:00+00:00
[2026-06-18T21:39:54.968+0000] {processor.py:208} INFO - Processing /opt/airflow/dags/driven_data_pipeline.py took 0.139 seconds
[2026-06-18T21:40:25.180+0000] {processor.py:186} INFO - Started process (PID=1574) to work on /opt/airflow/dags/driven_data_pipeline.py
[2026-06-18T21:40:25.181+0000] {processor.py:914} INFO - Processing file /opt/airflow/dags/driven_data_pipeline.py for tasks to queue
[2026-06-18T21:40:25.182+0000] {logging_mixin.py:190} INFO - [2026-06-18T21:40:25.182+0000] {dagbag.py:588} INFO - Filling up the DagBag from /opt/airflow/dags/driven_data_pipeline.py
[2026-06-18T21:40:25.269+0000] {processor.py:925} INFO - DAG(s) 'extract_raw_data_pipeline' retrieved from /opt/airflow/dags/driven_data_pipeline.py
[2026-06-18T21:40:25.286+0000] {logging_mixin.py:190} INFO - [2026-06-18T21:40:25.286+0000] {dag.py:3239} INFO - Sync 1 DAGs
[2026-06-18T21:40:25.299+0000] {logging_mixin.py:190} INFO - [2026-06-18T21:40:25.299+0000] {dag.py:4180} INFO - Setting next_dagrun for extract_raw_data_pipeline to 2026-06-18 07:59:00+00:00, run_after=2026-06-19 07:00:00+00:00
[2026-06-18T21:40:25.311+0000] {processor.py:208} INFO - Processing /opt/airflow/dags/driven_data_pipeline.py took 0.135 seconds
[2026-06-18T21:40:55.524+0000] {processor.py:186} INFO - Started process (PID=1582) to work on /opt/airflow/dags/driven_data_pipeline.py
[2026-06-18T21:40:55.524+0000] {processor.py:914} INFO - Processing file /opt/airflow/dags/driven_data_pipeline.py for tasks to queue
[2026-06-18T21:40:55.526+0000] {logging_mixin.py:190} INFO - [2026-06-18T21:40:55.526+0000] {dagbag.py:588} INFO - Filling up the DagBag from /opt/airflow/dags/driven_data_pipeline.py
[2026-06-18T21:40:55.614+0000] {processor.py:925} INFO - DAG(s) 'extract_raw_data_pipeline' retrieved from /opt/airflow/dags/driven_data_pipeline.py
[2026-06-18T21:40:55.629+0000] {logging_mixin.py:190} INFO - [2026-06-18T21:40:55.629+0000] {dag.py:3239} INFO - Sync 1 DAGs
[2026-06-18T21:40:55.642+0000] {logging_mixin.py:190} INFO - [2026-06-18T21:40:55.642+0000] {dag.py:4180} INFO - Setting next_dagrun for extract_raw_data_pipeline to 2026-06-18 07:59:00+00:00, run_after=2026-06-19 07:00:00+00:00
[2026-06-18T21:40:55.656+0000] {processor.py:208} INFO - Processing /opt/airflow/dags/driven_data_pipeline.py took 0.136 seconds
[2026-06-18T21:41:25.877+0000] {processor.py:186} INFO - Started process (PID=1590) to work on /opt/airflow/dags/driven_data_pipeline.py
[2026-06-18T21:41:25.877+0000] {processor.py:914} INFO - Processing file /opt/airflow/dags/driven_data_pipeline.py for tasks to queue
[2026-06-18T21:41:25.879+0000] {logging_mixin.py:190} INFO - [2026-06-18T21:41:25.879+0000] {dagbag.py:588} INFO - Filling up the DagBag from /opt/airflow/dags/driven_data_pipeline.py
[2026-06-18T21:41:25.975+0000] {processor.py:925} INFO - DAG(s) 'extract_raw_data_pipeline' retrieved from /opt/airflow/dags/driven_data_pipeline.py
[2026-06-18T21:41:25.990+0000] {logging_mixin.py:190} INFO - [2026-06-18T21:41:25.990+0000] {dag.py:3239} INFO - Sync 1 DAGs
[2026-06-18T21:41:26.003+0000] {logging_mixin.py:190} INFO - [2026-06-18T21:41:26.003+0000] {dag.py:4180} INFO - Setting next_dagrun for extract_raw_data_pipeline to 2026-06-18 07:59:00+00:00, run_after=2026-06-19 07:00:00+00:00
[2026-06-18T21:41:26.018+0000] {processor.py:208} INFO - Processing /opt/airflow/dags/driven_data_pipeline.py took 0.145 seconds
[2026-06-18T21:41:56.243+0000] {processor.py:186} INFO - Started process (PID=1598) to work on /opt/airflow/dags/driven_data_pipeline.py
[2026-06-18T21:41:56.243+0000] {processor.py:914} INFO - Processing file /opt/airflow/dags/driven_data_pipeline.py for tasks to queue
[2026-06-18T21:41:56.245+0000] {logging_mixin.py:190} INFO - [2026-06-18T21:41:56.245+0000] {dagbag.py:588} INFO - Filling up the DagBag from /opt/airflow/dags/driven_data_pipeline.py
[2026-06-18T21:41:56.333+0000] {processor.py:925} INFO - DAG(s) 'extract_raw_data_pipeline' retrieved from /opt/airflow/dags/driven_data_pipeline.py
[2026-06-18T21:41:56.348+0000] {logging_mixin.py:190} INFO - [2026-06-18T21:41:56.348+0000] {dag.py:3239} INFO - Sync 1 DAGs
[2026-06-18T21:41:56.363+0000] {logging_mixin.py:190} INFO - [2026-06-18T21:41:56.363+0000] {dag.py:4180} INFO - Setting next_dagrun for extract_raw_data_pipeline to 2026-06-18 07:59:00+00:00, run_after=2026-06-19 07:00:00+00:00
[2026-06-18T21:41:56.376+0000] {processor.py:208} INFO - Processing /opt/airflow/dags/driven_data_pipeline.py took 0.137 seconds
[2026-06-18T21:42:26.620+0000] {processor.py:186} INFO - Started process (PID=1606) to work on /opt/airflow/dags/driven_data_pipeline.py
[2026-06-18T21:42:26.621+0000] {processor.py:914} INFO - Processing file /opt/airflow/dags/driven_data_pipeline.py for tasks to queue
[2026-06-18T21:42:26.622+0000] {logging_mixin.py:190} INFO - [2026-06-18T21:42:26.622+0000] {dagbag.py:588} INFO - Filling up the DagBag from /opt/airflow/dags/driven_data_pipeline.py
[2026-06-18T21:42:26.707+0000] {processor.py:925} INFO - DAG(s) 'extract_raw_data_pipeline' retrieved from /opt/airflow/dags/driven_data_pipeline.py
[2026-06-18T21:42:26.724+0000] {logging_mixin.py:190} INFO - [2026-06-18T21:42:26.724+0000] {dag.py:3239} INFO - Sync 1 DAGs
[2026-06-18T21:42:26.737+0000] {logging_mixin.py:190} INFO - [2026-06-18T21:42:26.737+0000] {dag.py:4180} INFO - Setting next_dagrun for extract_raw_data_pipeline to 2026-06-18 07:59:00+00:00, run_after=2026-06-19 07:00:00+00:00
[2026-06-18T21:42:26.750+0000] {processor.py:208} INFO - Processing /opt/airflow/dags/driven_data_pipeline.py took 0.134 seconds
[2026-06-18T21:42:57.037+0000] {processor.py:186} INFO - Started process (PID=1614) to work on /opt/airflow/dags/driven_data_pipeline.py
[2026-06-18T21:42:57.039+0000] {processor.py:914} INFO - Processing file /opt/airflow/dags/driven_data_pipeline.py for tasks to queue
[2026-06-18T21:42:57.041+0000] {logging_mixin.py:190} INFO - [2026-06-18T21:42:57.040+0000] {dagbag.py:588} INFO - Filling up the DagBag from /opt/airflow/dags/driven_data_pipeline.py
[2026-06-18T21:42:57.131+0000] {processor.py:925} INFO - DAG(s) 'extract_raw_data_pipeline' retrieved from /opt/airflow/dags/driven_data_pipeline.py
[2026-06-18T21:42:57.145+0000] {logging_mixin.py:190} INFO - [2026-06-18T21:42:57.145+0000] {dag.py:3239} INFO - Sync 1 DAGs
[2026-06-18T21:42:57.158+0000] {logging_mixin.py:190} INFO - [2026-06-18T21:42:57.158+0000] {dag.py:4180} INFO - Setting next_dagrun for extract_raw_data_pipeline to 2026-06-18 07:59:00+00:00, run_after=2026-06-19 07:00:00+00:00
[2026-06-18T21:42:57.180+0000] {processor.py:208} INFO - Processing /opt/airflow/dags/driven_data_pipeline.py took 0.150 seconds
[2026-06-18T21:43:27.447+0000] {processor.py:186} INFO - Started process (PID=1622) to work on /opt/airflow/dags/driven_data_pipeline.py
[2026-06-18T21:43:27.448+0000] {processor.py:914} INFO - Processing file /opt/airflow/dags/driven_data_pipeline.py for tasks to queue
[2026-06-18T21:43:27.450+0000] {logging_mixin.py:190} INFO - [2026-06-18T21:43:27.450+0000] {dagbag.py:588} INFO - Filling up the DagBag from /opt/airflow/dags/driven_data_pipeline.py
[2026-06-18T21:43:27.536+0000] {processor.py:925} INFO - DAG(s) 'extract_raw_data_pipeline' retrieved from /opt/airflow/dags/driven_data_pipeline.py
[2026-06-18T21:43:27.551+0000] {logging_mixin.py:190} INFO - [2026-06-18T21:43:27.551+0000] {dag.py:3239} INFO - Sync 1 DAGs
[2026-06-18T21:43:27.563+0000] {logging_mixin.py:190} INFO - [2026-06-18T21:43:27.563+0000] {dag.py:4180} INFO - Setting next_dagrun for extract_raw_data_pipeline to 2026-06-18 07:59:00+00:00, run_after=2026-06-19 07:00:00+00:00
[2026-06-18T21:43:27.576+0000] {processor.py:208} INFO - Processing /opt/airflow/dags/driven_data_pipeline.py took 0.132 seconds
[2026-06-18T21:43:57.845+0000] {processor.py:186} INFO - Started process (PID=1630) to work on /opt/airflow/dags/driven_data_pipeline.py
[2026-06-18T21:43:57.846+0000] {processor.py:914} INFO - Processing file /opt/airflow/dags/driven_data_pipeline.py for tasks to queue
[2026-06-18T21:43:57.848+0000] {logging_mixin.py:190} INFO - [2026-06-18T21:43:57.848+0000] {dagbag.py:588} INFO - Filling up the DagBag from /opt/airflow/dags/driven_data_pipeline.py
[2026-06-18T21:43:57.939+0000] {processor.py:925} INFO - DAG(s) 'extract_raw_data_pipeline' retrieved from /opt/airflow/dags/driven_data_pipeline.py
[2026-06-18T21:43:57.955+0000] {logging_mixin.py:190} INFO - [2026-06-18T21:43:57.955+0000] {dag.py:3239} INFO - Sync 1 DAGs
[2026-06-18T21:43:57.969+0000] {logging_mixin.py:190} INFO - [2026-06-18T21:43:57.969+0000] {dag.py:4180} INFO - Setting next_dagrun for extract_raw_data_pipeline to 2026-06-18 07:59:00+00:00, run_after=2026-06-19 07:00:00+00:00
[2026-06-18T21:43:57.982+0000] {processor.py:208} INFO - Processing /opt/airflow/dags/driven_data_pipeline.py took 0.141 seconds
[2026-06-18T21:44:28.419+0000] {processor.py:186} INFO - Started process (PID=1638) to work on /opt/airflow/dags/driven_data_pipeline.py
[2026-06-18T21:44:28.421+0000] {processor.py:914} INFO - Processing file /opt/airflow/dags/driven_data_pipeline.py for tasks to queue
[2026-06-18T21:44:28.423+0000] {logging_mixin.py:190} INFO - [2026-06-18T21:44:28.423+0000] {dagbag.py:588} INFO - Filling up the DagBag from /opt/airflow/dags/driven_data_pipeline.py
[2026-06-18T21:44:28.512+0000] {processor.py:925} INFO - DAG(s) 'extract_raw_data_pipeline' retrieved from /opt/airflow/dags/driven_data_pipeline.py
[2026-06-18T21:44:28.528+0000] {logging_mixin.py:190} INFO - [2026-06-18T21:44:28.528+0000] {dag.py:3239} INFO - Sync 1 DAGs
[2026-06-18T21:44:28.543+0000] {logging_mixin.py:190} INFO - [2026-06-18T21:44:28.543+0000] {dag.py:4180} INFO - Setting next_dagrun for extract_raw_data_pipeline to 2026-06-18 07:59:00+00:00, run_after=2026-06-19 07:00:00+00:00
[2026-06-18T21:44:28.559+0000] {processor.py:208} INFO - Processing /opt/airflow/dags/driven_data_pipeline.py took 0.147 seconds
[2026-06-18T21:44:58.858+0000] {processor.py:186} INFO - Started process (PID=1647) to work on /opt/airflow/dags/driven_data_pipeline.py
[2026-06-18T21:44:58.858+0000] {processor.py:914} INFO - Processing file /opt/airflow/dags/driven_data_pipeline.py for tasks to queue
[2026-06-18T21:44:58.861+0000] {logging_mixin.py:190} INFO - [2026-06-18T21:44:58.861+0000] {dagbag.py:588} INFO - Filling up the DagBag from /opt/airflow/dags/driven_data_pipeline.py
[2026-06-18T21:44:58.968+0000] {processor.py:925} INFO - DAG(s) 'extract_raw_data_pipeline' retrieved from /opt/airflow/dags/driven_data_pipeline.py
[2026-06-18T21:44:58.983+0000] {logging_mixin.py:190} INFO - [2026-06-18T21:44:58.983+0000] {dag.py:3239} INFO - Sync 1 DAGs
[2026-06-18T21:44:58.995+0000] {logging_mixin.py:190} INFO - [2026-06-18T21:44:58.995+0000] {dag.py:4180} INFO - Setting next_dagrun for extract_raw_data_pipeline to 2026-06-18 07:59:00+00:00, run_after=2026-06-19 07:00:00+00:00
[2026-06-18T21:44:59.008+0000] {processor.py:208} INFO - Processing /opt/airflow/dags/driven_data_pipeline.py took 0.155 seconds
[2026-06-18T21:45:29.188+0000] {processor.py:186} INFO - Started process (PID=1655) to work on /opt/airflow/dags/driven_data_pipeline.py
[2026-06-18T21:45:29.188+0000] {processor.py:914} INFO - Processing file /opt/airflow/dags/driven_data_pipeline.py for tasks to queue
[2026-06-18T21:45:29.190+0000] {logging_mixin.py:190} INFO - [2026-06-18T21:45:29.190+0000] {dagbag.py:588} INFO - Filling up the DagBag from /opt/airflow/dags/driven_data_pipeline.py
[2026-06-18T21:45:29.270+0000] {processor.py:925} INFO - DAG(s) 'extract_raw_data_pipeline' retrieved from /opt/airflow/dags/driven_data_pipeline.py
[2026-06-18T21:45:29.285+0000] {logging_mixin.py:190} INFO - [2026-06-18T21:45:29.285+0000] {dag.py:3239} INFO - Sync 1 DAGs
[2026-06-18T21:45:29.303+0000] {logging_mixin.py:190} INFO - [2026-06-18T21:45:29.303+0000] {dag.py:4180} INFO - Setting next_dagrun for extract_raw_data_pipeline to 2026-06-18 07:59:00+00:00, run_after=2026-06-19 07:00:00+00:00
[2026-06-18T21:45:29.327+0000] {processor.py:208} INFO - Processing /opt/airflow/dags/driven_data_pipeline.py took 0.143 seconds
[2026-06-18T21:45:59.520+0000] {processor.py:186} INFO - Started process (PID=1663) to work on /opt/airflow/dags/driven_data_pipeline.py
[2026-06-18T21:45:59.521+0000] {processor.py:914} INFO - Processing file /opt/airflow/dags/driven_data_pipeline.py for tasks to queue
[2026-06-18T21:45:59.523+0000] {logging_mixin.py:190} INFO - [2026-06-18T21:45:59.523+0000] {dagbag.py:588} INFO - Filling up the DagBag from /opt/airflow/dags/driven_data_pipeline.py
[2026-06-18T21:45:59.617+0000] {processor.py:925} INFO - DAG(s) 'extract_raw_data_pipeline' retrieved from /opt/airflow/dags/driven_data_pipeline.py
[2026-06-18T21:45:59.632+0000] {logging_mixin.py:190} INFO - [2026-06-18T21:45:59.632+0000] {dag.py:3239} INFO - Sync 1 DAGs
[2026-06-18T21:45:59.646+0000] {logging_mixin.py:190} INFO - [2026-06-18T21:45:59.645+0000] {dag.py:4180} INFO - Setting next_dagrun for extract_raw_data_pipeline to 2026-06-18 07:59:00+00:00, run_after=2026-06-19 07:00:00+00:00
[2026-06-18T21:45:59.670+0000] {processor.py:208} INFO - Processing /opt/airflow/dags/driven_data_pipeline.py took 0.154 seconds
[2026-06-18T21:46:30.039+0000] {processor.py:186} INFO - Started process (PID=1671) to work on /opt/airflow/dags/driven_data_pipeline.py
[2026-06-18T21:46:30.040+0000] {processor.py:914} INFO - Processing file /opt/airflow/dags/driven_data_pipeline.py for tasks to queue
[2026-06-18T21:46:30.041+0000] {logging_mixin.py:190} INFO - [2026-06-18T21:46:30.041+0000] {dagbag.py:588} INFO - Filling up the DagBag from /opt/airflow/dags/driven_data_pipeline.py
[2026-06-18T21:46:30.134+0000] {processor.py:925} INFO - DAG(s) 'extract_raw_data_pipeline' retrieved from /opt/airflow/dags/driven_data_pipeline.py
[2026-06-18T21:46:30.149+0000] {logging_mixin.py:190} INFO - [2026-06-18T21:46:30.149+0000] {dag.py:3239} INFO - Sync 1 DAGs
[2026-06-18T21:46:30.162+0000] {logging_mixin.py:190} INFO - [2026-06-18T21:46:30.162+0000] {dag.py:4180} INFO - Setting next_dagrun for extract_raw_data_pipeline to 2026-06-18 07:59:00+00:00, run_after=2026-06-19 07:00:00+00:00
[2026-06-18T21:46:30.174+0000] {processor.py:208} INFO - Processing /opt/airflow/dags/driven_data_pipeline.py took 0.139 seconds
[2026-06-18T21:47:00.358+0000] {processor.py:186} INFO - Started process (PID=1679) to work on /opt/airflow/dags/driven_data_pipeline.py
[2026-06-18T21:47:00.359+0000] {processor.py:914} INFO - Processing file /opt/airflow/dags/driven_data_pipeline.py for tasks to queue
[2026-06-18T21:47:00.360+0000] {logging_mixin.py:190} INFO - [2026-06-18T21:47:00.360+0000] {dagbag.py:588} INFO - Filling up the DagBag from /opt/airflow/dags/driven_data_pipeline.py
[2026-06-18T21:47:00.445+0000] {processor.py:925} INFO - DAG(s) 'extract_raw_data_pipeline' retrieved from /opt/airflow/dags/driven_data_pipeline.py
[2026-06-18T21:47:00.460+0000] {logging_mixin.py:190} INFO - [2026-06-18T21:47:00.460+0000] {dag.py:3239} INFO - Sync 1 DAGs
[2026-06-18T21:47:00.473+0000] {logging_mixin.py:190} INFO - [2026-06-18T21:47:00.473+0000] {dag.py:4180} INFO - Setting next_dagrun for extract_raw_data_pipeline to 2026-06-18 07:59:00+00:00, run_after=2026-06-19 07:00:00+00:00
[2026-06-18T21:47:00.487+0000] {processor.py:208} INFO - Processing /opt/airflow/dags/driven_data_pipeline.py took 0.132 seconds
[2026-06-18T21:47:30.783+0000] {processor.py:186} INFO - Started process (PID=1686) to work on /opt/airflow/dags/driven_data_pipeline.py
[2026-06-18T21:47:30.783+0000] {processor.py:914} INFO - Processing file /opt/airflow/dags/driven_data_pipeline.py for tasks to queue
[2026-06-18T21:47:30.785+0000] {logging_mixin.py:190} INFO - [2026-06-18T21:47:30.785+0000] {dagbag.py:588} INFO - Filling up the DagBag from /opt/airflow/dags/driven_data_pipeline.py
[2026-06-18T21:47:30.895+0000] {processor.py:925} INFO - DAG(s) 'extract_raw_data_pipeline' retrieved from /opt/airflow/dags/driven_data_pipeline.py
[2026-06-18T21:47:30.909+0000] {logging_mixin.py:190} INFO - [2026-06-18T21:47:30.908+0000] {dag.py:3239} INFO - Sync 1 DAGs
[2026-06-18T21:47:30.921+0000] {logging_mixin.py:190} INFO - [2026-06-18T21:47:30.921+0000] {dag.py:4180} INFO - Setting next_dagrun for extract_raw_data_pipeline to 2026-06-18 07:59:00+00:00, run_after=2026-06-19 07:00:00+00:00
[2026-06-18T21:47:30.935+0000] {processor.py:208} INFO - Processing /opt/airflow/dags/driven_data_pipeline.py took 0.155 seconds
[2026-06-18T21:48:01.166+0000] {processor.py:186} INFO - Started process (PID=1700) to work on /opt/airflow/dags/driven_data_pipeline.py
[2026-06-18T21:48:01.167+0000] {processor.py:914} INFO - Processing file /opt/airflow/dags/driven_data_pipeline.py for tasks to queue
[2026-06-18T21:48:01.169+0000] {logging_mixin.py:190} INFO - [2026-06-18T21:48:01.169+0000] {dagbag.py:588} INFO - Filling up the DagBag from /opt/airflow/dags/driven_data_pipeline.py
[2026-06-18T21:48:01.266+0000] {processor.py:925} INFO - DAG(s) 'extract_raw_data_pipeline' retrieved from /opt/airflow/dags/driven_data_pipeline.py
[2026-06-18T21:48:01.280+0000] {logging_mixin.py:190} INFO - [2026-06-18T21:48:01.280+0000] {dag.py:3239} INFO - Sync 1 DAGs
[2026-06-18T21:48:01.295+0000] {logging_mixin.py:190} INFO - [2026-06-18T21:48:01.294+0000] {dag.py:4180} INFO - Setting next_dagrun for extract_raw_data_pipeline to 2026-06-18 07:59:00+00:00, run_after=2026-06-19 07:00:00+00:00
[2026-06-18T21:48:01.310+0000] {processor.py:208} INFO - Processing /opt/airflow/dags/driven_data_pipeline.py took 0.149 seconds
[2026-06-18T21:48:31.576+0000] {processor.py:186} INFO - Started process (PID=1708) to work on /opt/airflow/dags/driven_data_pipeline.py
[2026-06-18T21:48:31.577+0000] {processor.py:914} INFO - Processing file /opt/airflow/dags/driven_data_pipeline.py for tasks to queue
[2026-06-18T21:48:31.579+0000] {logging_mixin.py:190} INFO - [2026-06-18T21:48:31.579+0000] {dagbag.py:588} INFO - Filling up the DagBag from /opt/airflow/dags/driven_data_pipeline.py
[2026-06-18T21:48:31.679+0000] {processor.py:925} INFO - DAG(s) 'extract_raw_data_pipeline' retrieved from /opt/airflow/dags/driven_data_pipeline.py
[2026-06-18T21:48:31.694+0000] {logging_mixin.py:190} INFO - [2026-06-18T21:48:31.694+0000] {dag.py:3239} INFO - Sync 1 DAGs
[2026-06-18T21:48:31.707+0000] {logging_mixin.py:190} INFO - [2026-06-18T21:48:31.707+0000] {dag.py:4180} INFO - Setting next_dagrun for extract_raw_data_pipeline to 2026-06-18 07:59:00+00:00, run_after=2026-06-19 07:00:00+00:00
[2026-06-18T21:48:31.720+0000] {processor.py:208} INFO - Processing /opt/airflow/dags/driven_data_pipeline.py took 0.148 seconds
[2026-06-18T21:49:01.923+0000] {processor.py:186} INFO - Started process (PID=1716) to work on /opt/airflow/dags/driven_data_pipeline.py
[2026-06-18T21:49:01.924+0000] {processor.py:914} INFO - Processing file /opt/airflow/dags/driven_data_pipeline.py for tasks to queue
[2026-06-18T21:49:01.925+0000] {logging_mixin.py:190} INFO - [2026-06-18T21:49:01.925+0000] {dagbag.py:588} INFO - Filling up the DagBag from /opt/airflow/dags/driven_data_pipeline.py
[2026-06-18T21:49:02.014+0000] {processor.py:925} INFO - DAG(s) 'extract_raw_data_pipeline' retrieved from /opt/airflow/dags/driven_data_pipeline.py
[2026-06-18T21:49:02.031+0000] {logging_mixin.py:190} INFO - [2026-06-18T21:49:02.031+0000] {dag.py:3239} INFO - Sync 1 DAGs
[2026-06-18T21:49:02.045+0000] {logging_mixin.py:190} INFO - [2026-06-18T21:49:02.045+0000] {dag.py:4180} INFO - Setting next_dagrun for extract_raw_data_pipeline to 2026-06-18 07:59:00+00:00, run_after=2026-06-19 07:00:00+00:00
[2026-06-18T21:49:02.059+0000] {processor.py:208} INFO - Processing /opt/airflow/dags/driven_data_pipeline.py took 0.140 seconds
[2026-06-18T21:49:32.292+0000] {processor.py:186} INFO - Started process (PID=1724) to work on /opt/airflow/dags/driven_data_pipeline.py
[2026-06-18T21:49:32.293+0000] {processor.py:914} INFO - Processing file /opt/airflow/dags/driven_data_pipeline.py for tasks to queue
[2026-06-18T21:49:32.294+0000] {logging_mixin.py:190} INFO - [2026-06-18T21:49:32.294+0000] {dagbag.py:588} INFO - Filling up the DagBag from /opt/airflow/dags/driven_data_pipeline.py
[2026-06-18T21:49:32.383+0000] {processor.py:925} INFO - DAG(s) 'extract_raw_data_pipeline' retrieved from /opt/airflow/dags/driven_data_pipeline.py
[2026-06-18T21:49:32.396+0000] {logging_mixin.py:190} INFO - [2026-06-18T21:49:32.396+0000] {dag.py:3239} INFO - Sync 1 DAGs
[2026-06-18T21:49:32.409+0000] {logging_mixin.py:190} INFO - [2026-06-18T21:49:32.409+0000] {dag.py:4180} INFO - Setting next_dagrun for extract_raw_data_pipeline to 2026-06-18 07:59:00+00:00, run_after=2026-06-19 07:00:00+00:00
[2026-06-18T21:49:32.430+0000] {processor.py:208} INFO - Processing /opt/airflow/dags/driven_data_pipeline.py took 0.142 seconds
[2026-06-18T21:50:02.674+0000] {processor.py:186} INFO - Started process (PID=1732) to work on /opt/airflow/dags/driven_data_pipeline.py
[2026-06-18T21:50:02.675+0000] {processor.py:914} INFO - Processing file /opt/airflow/dags/driven_data_pipeline.py for tasks to queue
[2026-06-18T21:50:02.677+0000] {logging_mixin.py:190} INFO - [2026-06-18T21:50:02.677+0000] {dagbag.py:588} INFO - Filling up the DagBag from /opt/airflow/dags/driven_data_pipeline.py
[2026-06-18T21:50:02.763+0000] {processor.py:925} INFO - DAG(s) 'extract_raw_data_pipeline' retrieved from /opt/airflow/dags/driven_data_pipeline.py
[2026-06-18T21:50:02.776+0000] {logging_mixin.py:190} INFO - [2026-06-18T21:50:02.776+0000] {dag.py:3239} INFO - Sync 1 DAGs
[2026-06-18T21:50:02.787+0000] {logging_mixin.py:190} INFO - [2026-06-18T21:50:02.787+0000] {dag.py:4180} INFO - Setting next_dagrun for extract_raw_data_pipeline to 2026-06-18 07:59:00+00:00, run_after=2026-06-19 07:00:00+00:00
[2026-06-18T21:50:02.798+0000] {processor.py:208} INFO - Processing /opt/airflow/dags/driven_data_pipeline.py took 0.127 seconds
[2026-06-18T21:50:33.075+0000] {processor.py:186} INFO - Started process (PID=1740) to work on /opt/airflow/dags/driven_data_pipeline.py
[2026-06-18T21:50:33.076+0000] {processor.py:914} INFO - Processing file /opt/airflow/dags/driven_data_pipeline.py for tasks to queue
[2026-06-18T21:50:33.077+0000] {logging_mixin.py:190} INFO - [2026-06-18T21:50:33.077+0000] {dagbag.py:588} INFO - Filling up the DagBag from /opt/airflow/dags/driven_data_pipeline.py
[2026-06-18T21:50:33.166+0000] {processor.py:925} INFO - DAG(s) 'extract_raw_data_pipeline' retrieved from /opt/airflow/dags/driven_data_pipeline.py
[2026-06-18T21:50:33.181+0000] {logging_mixin.py:190} INFO - [2026-06-18T21:50:33.181+0000] {dag.py:3239} INFO - Sync 1 DAGs
[2026-06-18T21:50:33.194+0000] {logging_mixin.py:190} INFO - [2026-06-18T21:50:33.194+0000] {dag.py:4180} INFO - Setting next_dagrun for extract_raw_data_pipeline to 2026-06-18 07:59:00+00:00, run_after=2026-06-19 07:00:00+00:00
[2026-06-18T21:50:33.206+0000] {processor.py:208} INFO - Processing /opt/airflow/dags/driven_data_pipeline.py took 0.134 seconds
[2026-06-18T21:51:03.487+0000] {processor.py:186} INFO - Started process (PID=1748) to work on /opt/airflow/dags/driven_data_pipeline.py
[2026-06-18T21:51:03.488+0000] {processor.py:914} INFO - Processing file /opt/airflow/dags/driven_data_pipeline.py for tasks to queue
[2026-06-18T21:51:03.490+0000] {logging_mixin.py:190} INFO - [2026-06-18T21:51:03.490+0000] {dagbag.py:588} INFO - Filling up the DagBag from /opt/airflow/dags/driven_data_pipeline.py
[2026-06-18T21:51:03.583+0000] {processor.py:925} INFO - DAG(s) 'extract_raw_data_pipeline' retrieved from /opt/airflow/dags/driven_data_pipeline.py
[2026-06-18T21:51:03.599+0000] {logging_mixin.py:190} INFO - [2026-06-18T21:51:03.599+0000] {dag.py:3239} INFO - Sync 1 DAGs
[2026-06-18T21:51:03.614+0000] {logging_mixin.py:190} INFO - [2026-06-18T21:51:03.614+0000] {dag.py:4180} INFO - Setting next_dagrun for extract_raw_data_pipeline to 2026-06-18 07:59:00+00:00, run_after=2026-06-19 07:00:00+00:00
[2026-06-18T21:51:03.627+0000] {processor.py:208} INFO - Processing /opt/airflow/dags/driven_data_pipeline.py took 0.144 seconds
[2026-06-18T21:51:33.798+0000] {processor.py:186} INFO - Started process (PID=1756) to work on /opt/airflow/dags/driven_data_pipeline.py
[2026-06-18T21:51:33.798+0000] {processor.py:914} INFO - Processing file /opt/airflow/dags/driven_data_pipeline.py for tasks to queue
[2026-06-18T21:51:33.800+0000] {logging_mixin.py:190} INFO - [2026-06-18T21:51:33.800+0000] {dagbag.py:588} INFO - Filling up the DagBag from /opt/airflow/dags/driven_data_pipeline.py
[2026-06-18T21:51:33.886+0000] {processor.py:925} INFO - DAG(s) 'extract_raw_data_pipeline' retrieved from /opt/airflow/dags/driven_data_pipeline.py
[2026-06-18T21:51:33.901+0000] {logging_mixin.py:190} INFO - [2026-06-18T21:51:33.901+0000] {dag.py:3239} INFO - Sync 1 DAGs
[2026-06-18T21:51:33.914+0000] {logging_mixin.py:190} INFO - [2026-06-18T21:51:33.914+0000] {dag.py:4180} INFO - Setting next_dagrun for extract_raw_data_pipeline to 2026-06-18 07:59:00+00:00, run_after=2026-06-19 07:00:00+00:00
[2026-06-18T21:51:33.928+0000] {processor.py:208} INFO - Processing /opt/airflow/dags/driven_data_pipeline.py took 0.133 seconds
[2026-06-18T21:52:04.326+0000] {processor.py:186} INFO - Started process (PID=1764) to work on /opt/airflow/dags/driven_data_pipeline.py
[2026-06-18T21:52:04.327+0000] {processor.py:914} INFO - Processing file /opt/airflow/dags/driven_data_pipeline.py for tasks to queue
[2026-06-18T21:52:04.328+0000] {logging_mixin.py:190} INFO - [2026-06-18T21:52:04.328+0000] {dagbag.py:588} INFO - Filling up the DagBag from /opt/airflow/dags/driven_data_pipeline.py
[2026-06-18T21:52:04.415+0000] {processor.py:925} INFO - DAG(s) 'extract_raw_data_pipeline' retrieved from /opt/airflow/dags/driven_data_pipeline.py
[2026-06-18T21:52:04.431+0000] {logging_mixin.py:190} INFO - [2026-06-18T21:52:04.431+0000] {dag.py:3239} INFO - Sync 1 DAGs
[2026-06-18T21:52:04.445+0000] {logging_mixin.py:190} INFO - [2026-06-18T21:52:04.445+0000] {dag.py:4180} INFO - Setting next_dagrun for extract_raw_data_pipeline to 2026-06-18 07:59:00+00:00, run_after=2026-06-19 07:00:00+00:00
[2026-06-18T21:52:04.463+0000] {processor.py:208} INFO - Processing /opt/airflow/dags/driven_data_pipeline.py took 0.140 seconds
[2026-06-18T21:52:34.813+0000] {processor.py:186} INFO - Started process (PID=1772) to work on /opt/airflow/dags/driven_data_pipeline.py
[2026-06-18T21:52:34.814+0000] {processor.py:914} INFO - Processing file /opt/airflow/dags/driven_data_pipeline.py for tasks to queue
[2026-06-18T21:52:34.815+0000] {logging_mixin.py:190} INFO - [2026-06-18T21:52:34.815+0000] {dagbag.py:588} INFO - Filling up the DagBag from /opt/airflow/dags/driven_data_pipeline.py
[2026-06-18T21:52:34.913+0000] {processor.py:925} INFO - DAG(s) 'extract_raw_data_pipeline' retrieved from /opt/airflow/dags/driven_data_pipeline.py
[2026-06-18T21:52:34.930+0000] {logging_mixin.py:190} INFO - [2026-06-18T21:52:34.929+0000] {dag.py:3239} INFO - Sync 1 DAGs
[2026-06-18T21:52:34.943+0000] {logging_mixin.py:190} INFO - [2026-06-18T21:52:34.943+0000] {dag.py:4180} INFO - Setting next_dagrun for extract_raw_data_pipeline to 2026-06-18 07:59:00+00:00, run_after=2026-06-19 07:00:00+00:00
[2026-06-18T21:52:34.957+0000] {processor.py:208} INFO - Processing /opt/airflow/dags/driven_data_pipeline.py took 0.147 seconds
[2026-06-18T21:53:05.162+0000] {processor.py:186} INFO - Started process (PID=1780) to work on /opt/airflow/dags/driven_data_pipeline.py
[2026-06-18T21:53:05.162+0000] {processor.py:914} INFO - Processing file /opt/airflow/dags/driven_data_pipeline.py for tasks to queue
[2026-06-18T21:53:05.164+0000] {logging_mixin.py:190} INFO - [2026-06-18T21:53:05.164+0000] {dagbag.py:588} INFO - Filling up the DagBag from /opt/airflow/dags/driven_data_pipeline.py
[2026-06-18T21:53:05.253+0000] {processor.py:925} INFO - DAG(s) 'extract_raw_data_pipeline' retrieved from /opt/airflow/dags/driven_data_pipeline.py
[2026-06-18T21:53:05.267+0000] {logging_mixin.py:190} INFO - [2026-06-18T21:53:05.267+0000] {dag.py:3239} INFO - Sync 1 DAGs
[2026-06-18T21:53:05.280+0000] {logging_mixin.py:190} INFO - [2026-06-18T21:53:05.280+0000] {dag.py:4180} INFO - Setting next_dagrun for extract_raw_data_pipeline to 2026-06-18 07:59:00+00:00, run_after=2026-06-19 07:00:00+00:00
[2026-06-18T21:53:05.293+0000] {processor.py:208} INFO - Processing /opt/airflow/dags/driven_data_pipeline.py took 0.135 seconds
[2026-06-18T21:53:35.555+0000] {processor.py:186} INFO - Started process (PID=1788) to work on /opt/airflow/dags/driven_data_pipeline.py
[2026-06-18T21:53:35.555+0000] {processor.py:914} INFO - Processing file /opt/airflow/dags/driven_data_pipeline.py for tasks to queue
[2026-06-18T21:53:35.557+0000] {logging_mixin.py:190} INFO - [2026-06-18T21:53:35.557+0000] {dagbag.py:588} INFO - Filling up the DagBag from /opt/airflow/dags/driven_data_pipeline.py
[2026-06-18T21:53:35.645+0000] {processor.py:925} INFO - DAG(s) 'extract_raw_data_pipeline' retrieved from /opt/airflow/dags/driven_data_pipeline.py
[2026-06-18T21:53:35.660+0000] {logging_mixin.py:190} INFO - [2026-06-18T21:53:35.660+0000] {dag.py:3239} INFO - Sync 1 DAGs
[2026-06-18T21:53:35.673+0000] {logging_mixin.py:190} INFO - [2026-06-18T21:53:35.673+0000] {dag.py:4180} INFO - Setting next_dagrun for extract_raw_data_pipeline to 2026-06-18 07:59:00+00:00, run_after=2026-06-19 07:00:00+00:00
[2026-06-18T21:53:35.689+0000] {processor.py:208} INFO - Processing /opt/airflow/dags/driven_data_pipeline.py took 0.138 seconds
[2026-06-18T21:54:05.828+0000] {processor.py:186} INFO - Started process (PID=1796) to work on /opt/airflow/dags/driven_data_pipeline.py
[2026-06-18T21:54:05.829+0000] {processor.py:914} INFO - Processing file /opt/airflow/dags/driven_data_pipeline.py for tasks to queue
[2026-06-18T21:54:05.831+0000] {logging_mixin.py:190} INFO - [2026-06-18T21:54:05.830+0000] {dagbag.py:588} INFO - Filling up the DagBag from /opt/airflow/dags/driven_data_pipeline.py
[2026-06-18T21:54:05.922+0000] {processor.py:925} INFO - DAG(s) 'extract_raw_data_pipeline' retrieved from /opt/airflow/dags/driven_data_pipeline.py
[2026-06-18T21:54:05.939+0000] {logging_mixin.py:190} INFO - [2026-06-18T21:54:05.939+0000] {dag.py:3239} INFO - Sync 1 DAGs
[2026-06-18T21:54:05.953+0000] {logging_mixin.py:190} INFO - [2026-06-18T21:54:05.953+0000] {dag.py:4180} INFO - Setting next_dagrun for extract_raw_data_pipeline to 2026-06-18 07:59:00+00:00, run_after=2026-06-19 07:00:00+00:00
[2026-06-18T21:54:05.976+0000] {processor.py:208} INFO - Processing /opt/airflow/dags/driven_data_pipeline.py took 0.151 seconds
[2026-06-18T21:54:36.090+0000] {processor.py:186} INFO - Started process (PID=1804) to work on /opt/airflow/dags/driven_data_pipeline.py
[2026-06-18T21:54:36.091+0000] {processor.py:914} INFO - Processing file /opt/airflow/dags/driven_data_pipeline.py for tasks to queue
[2026-06-18T21:54:36.093+0000] {logging_mixin.py:190} INFO - [2026-06-18T21:54:36.092+0000] {dagbag.py:588} INFO - Filling up the DagBag from /opt/airflow/dags/driven_data_pipeline.py
[2026-06-18T21:54:36.179+0000] {processor.py:925} INFO - DAG(s) 'extract_raw_data_pipeline' retrieved from /opt/airflow/dags/driven_data_pipeline.py
[2026-06-18T21:54:36.196+0000] {logging_mixin.py:190} INFO - [2026-06-18T21:54:36.196+0000] {dag.py:3239} INFO - Sync 1 DAGs
[2026-06-18T21:54:36.210+0000] {logging_mixin.py:190} INFO - [2026-06-18T21:54:36.210+0000] {dag.py:4180} INFO - Setting next_dagrun for extract_raw_data_pipeline to 2026-06-18 07:59:00+00:00, run_after=2026-06-19 07:00:00+00:00
[2026-06-18T21:54:36.234+0000] {processor.py:208} INFO - Processing /opt/airflow/dags/driven_data_pipeline.py took 0.147 seconds
[2026-06-18T21:55:06.395+0000] {processor.py:186} INFO - Started process (PID=1812) to work on /opt/airflow/dags/driven_data_pipeline.py
[2026-06-18T21:55:06.396+0000] {processor.py:914} INFO - Processing file /opt/airflow/dags/driven_data_pipeline.py for tasks to queue
[2026-06-18T21:55:06.397+0000] {logging_mixin.py:190} INFO - [2026-06-18T21:55:06.397+0000] {dagbag.py:588} INFO - Filling up the DagBag from /opt/airflow/dags/driven_data_pipeline.py
[2026-06-18T21:55:06.484+0000] {processor.py:925} INFO - DAG(s) 'extract_raw_data_pipeline' retrieved from /opt/airflow/dags/driven_data_pipeline.py
[2026-06-18T21:55:06.499+0000] {logging_mixin.py:190} INFO - [2026-06-18T21:55:06.499+0000] {dag.py:3239} INFO - Sync 1 DAGs
[2026-06-18T21:55:06.512+0000] {logging_mixin.py:190} INFO - [2026-06-18T21:55:06.512+0000] {dag.py:4180} INFO - Setting next_dagrun for extract_raw_data_pipeline to 2026-06-18 07:59:00+00:00, run_after=2026-06-19 07:00:00+00:00
[2026-06-18T21:55:06.526+0000] {processor.py:208} INFO - Processing /opt/airflow/dags/driven_data_pipeline.py took 0.134 seconds
[2026-06-18T21:55:36.783+0000] {processor.py:186} INFO - Started process (PID=1820) to work on /opt/airflow/dags/driven_data_pipeline.py
[2026-06-18T21:55:36.784+0000] {processor.py:914} INFO - Processing file /opt/airflow/dags/driven_data_pipeline.py for tasks to queue
[2026-06-18T21:55:36.786+0000] {logging_mixin.py:190} INFO - [2026-06-18T21:55:36.786+0000] {dagbag.py:588} INFO - Filling up the DagBag from /opt/airflow/dags/driven_data_pipeline.py
[2026-06-18T21:55:36.874+0000] {processor.py:925} INFO - DAG(s) 'extract_raw_data_pipeline' retrieved from /opt/airflow/dags/driven_data_pipeline.py
[2026-06-18T21:55:36.890+0000] {logging_mixin.py:190} INFO - [2026-06-18T21:55:36.890+0000] {dag.py:3239} INFO - Sync 1 DAGs
[2026-06-18T21:55:36.904+0000] {logging_mixin.py:190} INFO - [2026-06-18T21:55:36.904+0000] {dag.py:4180} INFO - Setting next_dagrun for extract_raw_data_pipeline to 2026-06-18 07:59:00+00:00, run_after=2026-06-19 07:00:00+00:00
[2026-06-18T21:55:36.917+0000] {processor.py:208} INFO - Processing /opt/airflow/dags/driven_data_pipeline.py took 0.138 seconds
[2026-06-18T21:56:07.289+0000] {processor.py:186} INFO - Started process (PID=1828) to work on /opt/airflow/dags/driven_data_pipeline.py
[2026-06-18T21:56:07.289+0000] {processor.py:914} INFO - Processing file /opt/airflow/dags/driven_data_pipeline.py for tasks to queue
[2026-06-18T21:56:07.291+0000] {logging_mixin.py:190} INFO - [2026-06-18T21:56:07.291+0000] {dagbag.py:588} INFO - Filling up the DagBag from /opt/airflow/dags/driven_data_pipeline.py
[2026-06-18T21:56:07.377+0000] {processor.py:925} INFO - DAG(s) 'extract_raw_data_pipeline' retrieved from /opt/airflow/dags/driven_data_pipeline.py
[2026-06-18T21:56:07.392+0000] {logging_mixin.py:190} INFO - [2026-06-18T21:56:07.392+0000] {dag.py:3239} INFO - Sync 1 DAGs
[2026-06-18T21:56:07.406+0000] {logging_mixin.py:190} INFO - [2026-06-18T21:56:07.406+0000] {dag.py:4180} INFO - Setting next_dagrun for extract_raw_data_pipeline to 2026-06-18 07:59:00+00:00, run_after=2026-06-19 07:00:00+00:00
[2026-06-18T21:56:07.429+0000] {processor.py:208} INFO - Processing /opt/airflow/dags/driven_data_pipeline.py took 0.143 seconds
[2026-06-18T21:56:37.767+0000] {processor.py:186} INFO - Started process (PID=1836) to work on /opt/airflow/dags/driven_data_pipeline.py
[2026-06-18T21:56:37.768+0000] {processor.py:914} INFO - Processing file /opt/airflow/dags/driven_data_pipeline.py for tasks to queue
[2026-06-18T21:56:37.769+0000] {logging_mixin.py:190} INFO - [2026-06-18T21:56:37.769+0000] {dagbag.py:588} INFO - Filling up the DagBag from /opt/airflow/dags/driven_data_pipeline.py
[2026-06-18T21:56:37.855+0000] {processor.py:925} INFO - DAG(s) 'extract_raw_data_pipeline' retrieved from /opt/airflow/dags/driven_data_pipeline.py
[2026-06-18T21:56:37.869+0000] {logging_mixin.py:190} INFO - [2026-06-18T21:56:37.869+0000] {dag.py:3239} INFO - Sync 1 DAGs
[2026-06-18T21:56:37.881+0000] {logging_mixin.py:190} INFO - [2026-06-18T21:56:37.881+0000] {dag.py:4180} INFO - Setting next_dagrun for extract_raw_data_pipeline to 2026-06-18 07:59:00+00:00, run_after=2026-06-19 07:00:00+00:00
[2026-06-18T21:56:37.894+0000] {processor.py:208} INFO - Processing /opt/airflow/dags/driven_data_pipeline.py took 0.130 seconds
[2026-06-18T21:57:08.091+0000] {processor.py:186} INFO - Started process (PID=1844) to work on /opt/airflow/dags/driven_data_pipeline.py
[2026-06-18T21:57:08.092+0000] {processor.py:914} INFO - Processing file /opt/airflow/dags/driven_data_pipeline.py for tasks to queue
[2026-06-18T21:57:08.093+0000] {logging_mixin.py:190} INFO - [2026-06-18T21:57:08.093+0000] {dagbag.py:588} INFO - Filling up the DagBag from /opt/airflow/dags/driven_data_pipeline.py
[2026-06-18T21:57:08.179+0000] {processor.py:925} INFO - DAG(s) 'extract_raw_data_pipeline' retrieved from /opt/airflow/dags/driven_data_pipeline.py
[2026-06-18T21:57:08.194+0000] {logging_mixin.py:190} INFO - [2026-06-18T21:57:08.194+0000] {dag.py:3239} INFO - Sync 1 DAGs
[2026-06-18T21:57:08.206+0000] {logging_mixin.py:190} INFO - [2026-06-18T21:57:08.206+0000] {dag.py:4180} INFO - Setting next_dagrun for extract_raw_data_pipeline to 2026-06-18 07:59:00+00:00, run_after=2026-06-19 07:00:00+00:00
[2026-06-18T21:57:08.219+0000] {processor.py:208} INFO - Processing /opt/airflow/dags/driven_data_pipeline.py took 0.131 seconds
[2026-06-18T21:57:38.445+0000] {processor.py:186} INFO - Started process (PID=1852) to work on /opt/airflow/dags/driven_data_pipeline.py
[2026-06-18T21:57:38.446+0000] {processor.py:914} INFO - Processing file /opt/airflow/dags/driven_data_pipeline.py for tasks to queue
[2026-06-18T21:57:38.447+0000] {logging_mixin.py:190} INFO - [2026-06-18T21:57:38.447+0000] {dagbag.py:588} INFO - Filling up the DagBag from /opt/airflow/dags/driven_data_pipeline.py
[2026-06-18T21:57:38.532+0000] {processor.py:925} INFO - DAG(s) 'extract_raw_data_pipeline' retrieved from /opt/airflow/dags/driven_data_pipeline.py
[2026-06-18T21:57:38.548+0000] {logging_mixin.py:190} INFO - [2026-06-18T21:57:38.548+0000] {dag.py:3239} INFO - Sync 1 DAGs
[2026-06-18T21:57:38.561+0000] {logging_mixin.py:190} INFO - [2026-06-18T21:57:38.560+0000] {dag.py:4180} INFO - Setting next_dagrun for extract_raw_data_pipeline to 2026-06-18 07:59:00+00:00, run_after=2026-06-19 07:00:00+00:00
[2026-06-18T21:57:38.574+0000] {processor.py:208} INFO - Processing /opt/airflow/dags/driven_data_pipeline.py took 0.133 seconds
[2026-06-18T21:58:08.818+0000] {processor.py:186} INFO - Started process (PID=1860) to work on /opt/airflow/dags/driven_data_pipeline.py
[2026-06-18T21:58:08.819+0000] {processor.py:914} INFO - Processing file /opt/airflow/dags/driven_data_pipeline.py for tasks to queue
[2026-06-18T21:58:08.821+0000] {logging_mixin.py:190} INFO - [2026-06-18T21:58:08.820+0000] {dagbag.py:588} INFO - Filling up the DagBag from /opt/airflow/dags/driven_data_pipeline.py
[2026-06-18T21:58:08.905+0000] {processor.py:925} INFO - DAG(s) 'extract_raw_data_pipeline' retrieved from /opt/airflow/dags/driven_data_pipeline.py
[2026-06-18T21:58:08.920+0000] {logging_mixin.py:190} INFO - [2026-06-18T21:58:08.920+0000] {dag.py:3239} INFO - Sync 1 DAGs
[2026-06-18T21:58:08.933+0000] {logging_mixin.py:190} INFO - [2026-06-18T21:58:08.933+0000] {dag.py:4180} INFO - Setting next_dagrun for extract_raw_data_pipeline to 2026-06-18 07:59:00+00:00, run_after=2026-06-19 07:00:00+00:00
[2026-06-18T21:58:08.955+0000] {processor.py:208} INFO - Processing /opt/airflow/dags/driven_data_pipeline.py took 0.140 seconds
[2026-06-18T21:58:39.184+0000] {processor.py:186} INFO - Started process (PID=1868) to work on /opt/airflow/dags/driven_data_pipeline.py
[2026-06-18T21:58:39.184+0000] {processor.py:914} INFO - Processing file /opt/airflow/dags/driven_data_pipeline.py for tasks to queue
[2026-06-18T21:58:39.186+0000] {logging_mixin.py:190} INFO - [2026-06-18T21:58:39.185+0000] {dagbag.py:588} INFO - Filling up the DagBag from /opt/airflow/dags/driven_data_pipeline.py
[2026-06-18T21:58:39.270+0000] {processor.py:925} INFO - DAG(s) 'extract_raw_data_pipeline' retrieved from /opt/airflow/dags/driven_data_pipeline.py
[2026-06-18T21:58:39.287+0000] {logging_mixin.py:190} INFO - [2026-06-18T21:58:39.287+0000] {dag.py:3239} INFO - Sync 1 DAGs
[2026-06-18T21:58:39.301+0000] {logging_mixin.py:190} INFO - [2026-06-18T21:58:39.301+0000] {dag.py:4180} INFO - Setting next_dagrun for extract_raw_data_pipeline to 2026-06-18 07:59:00+00:00, run_after=2026-06-19 07:00:00+00:00
[2026-06-18T21:58:39.314+0000] {processor.py:208} INFO - Processing /opt/airflow/dags/driven_data_pipeline.py took 0.134 seconds
[2026-06-18T21:59:09.507+0000] {processor.py:186} INFO - Started process (PID=1876) to work on /opt/airflow/dags/driven_data_pipeline.py
[2026-06-18T21:59:09.508+0000] {processor.py:914} INFO - Processing file /opt/airflow/dags/driven_data_pipeline.py for tasks to queue
[2026-06-18T21:59:09.509+0000] {logging_mixin.py:190} INFO - [2026-06-18T21:59:09.509+0000] {dagbag.py:588} INFO - Filling up the DagBag from /opt/airflow/dags/driven_data_pipeline.py
[2026-06-18T21:59:09.599+0000] {processor.py:925} INFO - DAG(s) 'extract_raw_data_pipeline' retrieved from /opt/airflow/dags/driven_data_pipeline.py
[2026-06-18T21:59:09.617+0000] {logging_mixin.py:190} INFO - [2026-06-18T21:59:09.617+0000] {dag.py:3239} INFO - Sync 1 DAGs
[2026-06-18T21:59:09.632+0000] {logging_mixin.py:190} INFO - [2026-06-18T21:59:09.632+0000] {dag.py:4180} INFO - Setting next_dagrun for extract_raw_data_pipeline to 2026-06-18 07:59:00+00:00, run_after=2026-06-19 07:00:00+00:00
[2026-06-18T21:59:09.645+0000] {processor.py:208} INFO - Processing /opt/airflow/dags/driven_data_pipeline.py took 0.142 seconds
[2026-06-18T21:59:39.869+0000] {processor.py:186} INFO - Started process (PID=1884) to work on /opt/airflow/dags/driven_data_pipeline.py
[2026-06-18T21:59:39.870+0000] {processor.py:914} INFO - Processing file /opt/airflow/dags/driven_data_pipeline.py for tasks to queue
[2026-06-18T21:59:39.871+0000] {logging_mixin.py:190} INFO - [2026-06-18T21:59:39.871+0000] {dagbag.py:588} INFO - Filling up the DagBag from /opt/airflow/dags/driven_data_pipeline.py
[2026-06-18T21:59:39.959+0000] {processor.py:925} INFO - DAG(s) 'extract_raw_data_pipeline' retrieved from /opt/airflow/dags/driven_data_pipeline.py
[2026-06-18T21:59:39.977+0000] {logging_mixin.py:190} INFO - [2026-06-18T21:59:39.977+0000] {dag.py:3239} INFO - Sync 1 DAGs
[2026-06-18T21:59:39.994+0000] {logging_mixin.py:190} INFO - [2026-06-18T21:59:39.993+0000] {dag.py:4180} INFO - Setting next_dagrun for extract_raw_data_pipeline to 2026-06-18 07:59:00+00:00, run_after=2026-06-19 07:00:00+00:00
[2026-06-18T21:59:40.010+0000] {processor.py:208} INFO - Processing /opt/airflow/dags/driven_data_pipeline.py took 0.145 seconds
[2026-06-18T22:00:10.233+0000] {processor.py:186} INFO - Started process (PID=1892) to work on /opt/airflow/dags/driven_data_pipeline.py
[2026-06-18T22:00:10.234+0000] {processor.py:914} INFO - Processing file /opt/airflow/dags/driven_data_pipeline.py for tasks to queue
[2026-06-18T22:00:10.236+0000] {logging_mixin.py:190} INFO - [2026-06-18T22:00:10.235+0000] {dagbag.py:588} INFO - Filling up the DagBag from /opt/airflow/dags/driven_data_pipeline.py
[2026-06-18T22:00:10.319+0000] {processor.py:925} INFO - DAG(s) 'extract_raw_data_pipeline' retrieved from /opt/airflow/dags/driven_data_pipeline.py
[2026-06-18T22:00:10.335+0000] {logging_mixin.py:190} INFO - [2026-06-18T22:00:10.335+0000] {dag.py:3239} INFO - Sync 1 DAGs
[2026-06-18T22:00:10.349+0000] {logging_mixin.py:190} INFO - [2026-06-18T22:00:10.349+0000] {dag.py:4180} INFO - Setting next_dagrun for extract_raw_data_pipeline to 2026-06-18 07:59:00+00:00, run_after=2026-06-19 07:00:00+00:00
[2026-06-18T22:00:10.364+0000] {processor.py:208} INFO - Processing /opt/airflow/dags/driven_data_pipeline.py took 0.134 seconds
[2026-06-18T22:00:40.821+0000] {processor.py:186} INFO - Started process (PID=1900) to work on /opt/airflow/dags/driven_data_pipeline.py
[2026-06-18T22:00:40.823+0000] {processor.py:914} INFO - Processing file /opt/airflow/dags/driven_data_pipeline.py for tasks to queue
[2026-06-18T22:00:40.826+0000] {logging_mixin.py:190} INFO - [2026-06-18T22:00:40.825+0000] {dagbag.py:588} INFO - Filling up the DagBag from /opt/airflow/dags/driven_data_pipeline.py
[2026-06-18T22:00:40.923+0000] {processor.py:925} INFO - DAG(s) 'extract_raw_data_pipeline' retrieved from /opt/airflow/dags/driven_data_pipeline.py
[2026-06-18T22:00:40.939+0000] {logging_mixin.py:190} INFO - [2026-06-18T22:00:40.939+0000] {dag.py:3239} INFO - Sync 1 DAGs
[2026-06-18T22:00:40.951+0000] {logging_mixin.py:190} INFO - [2026-06-18T22:00:40.951+0000] {dag.py:4180} INFO - Setting next_dagrun for extract_raw_data_pipeline to 2026-06-18 07:59:00+00:00, run_after=2026-06-19 07:00:00+00:00
[2026-06-18T22:00:40.963+0000] {processor.py:208} INFO - Processing /opt/airflow/dags/driven_data_pipeline.py took 0.145 seconds
[2026-06-18T22:01:11.014+0000] {processor.py:186} INFO - Started process (PID=1908) to work on /opt/airflow/dags/driven_data_pipeline.py
[2026-06-18T22:01:11.015+0000] {processor.py:914} INFO - Processing file /opt/airflow/dags/driven_data_pipeline.py for tasks to queue
[2026-06-18T22:01:11.017+0000] {logging_mixin.py:190} INFO - [2026-06-18T22:01:11.016+0000] {dagbag.py:588} INFO - Filling up the DagBag from /opt/airflow/dags/driven_data_pipeline.py
[2026-06-18T22:01:11.109+0000] {processor.py:925} INFO - DAG(s) 'extract_raw_data_pipeline' retrieved from /opt/airflow/dags/driven_data_pipeline.py
[2026-06-18T22:01:11.126+0000] {logging_mixin.py:190} INFO - [2026-06-18T22:01:11.125+0000] {dag.py:3239} INFO - Sync 1 DAGs
[2026-06-18T22:01:11.140+0000] {logging_mixin.py:190} INFO - [2026-06-18T22:01:11.140+0000] {dag.py:4180} INFO - Setting next_dagrun for extract_raw_data_pipeline to 2026-06-18 07:59:00+00:00, run_after=2026-06-19 07:00:00+00:00
[2026-06-18T22:01:11.152+0000] {processor.py:208} INFO - Processing /opt/airflow/dags/driven_data_pipeline.py took 0.142 seconds
[2026-06-18T22:01:41.329+0000] {processor.py:186} INFO - Started process (PID=1916) to work on /opt/airflow/dags/driven_data_pipeline.py
[2026-06-18T22:01:41.330+0000] {processor.py:914} INFO - Processing file /opt/airflow/dags/driven_data_pipeline.py for tasks to queue
[2026-06-18T22:01:41.331+0000] {logging_mixin.py:190} INFO - [2026-06-18T22:01:41.331+0000] {dagbag.py:588} INFO - Filling up the DagBag from /opt/airflow/dags/driven_data_pipeline.py
[2026-06-18T22:01:41.418+0000] {processor.py:925} INFO - DAG(s) 'extract_raw_data_pipeline' retrieved from /opt/airflow/dags/driven_data_pipeline.py
[2026-06-18T22:01:41.434+0000] {logging_mixin.py:190} INFO - [2026-06-18T22:01:41.433+0000] {dag.py:3239} INFO - Sync 1 DAGs
[2026-06-18T22:01:41.448+0000] {logging_mixin.py:190} INFO - [2026-06-18T22:01:41.448+0000] {dag.py:4180} INFO - Setting next_dagrun for extract_raw_data_pipeline to 2026-06-18 07:59:00+00:00, run_after=2026-06-19 07:00:00+00:00
[2026-06-18T22:01:41.462+0000] {processor.py:208} INFO - Processing /opt/airflow/dags/driven_data_pipeline.py took 0.136 seconds
[2026-06-18T22:02:11.712+0000] {processor.py:186} INFO - Started process (PID=1924) to work on /opt/airflow/dags/driven_data_pipeline.py
[2026-06-18T22:02:11.712+0000] {processor.py:914} INFO - Processing file /opt/airflow/dags/driven_data_pipeline.py for tasks to queue
[2026-06-18T22:02:11.714+0000] {logging_mixin.py:190} INFO - [2026-06-18T22:02:11.714+0000] {dagbag.py:588} INFO - Filling up the DagBag from /opt/airflow/dags/driven_data_pipeline.py
[2026-06-18T22:02:11.807+0000] {processor.py:925} INFO - DAG(s) 'extract_raw_data_pipeline' retrieved from /opt/airflow/dags/driven_data_pipeline.py
[2026-06-18T22:02:11.827+0000] {logging_mixin.py:190} INFO - [2026-06-18T22:02:11.827+0000] {dag.py:3239} INFO - Sync 1 DAGs
[2026-06-18T22:02:11.840+0000] {logging_mixin.py:190} INFO - [2026-06-18T22:02:11.840+0000] {dag.py:4180} INFO - Setting next_dagrun for extract_raw_data_pipeline to 2026-06-18 07:59:00+00:00, run_after=2026-06-19 07:00:00+00:00
[2026-06-18T22:02:11.853+0000] {processor.py:208} INFO - Processing /opt/airflow/dags/driven_data_pipeline.py took 0.144 seconds
[2026-06-18T22:02:42.045+0000] {processor.py:186} INFO - Started process (PID=1932) to work on /opt/airflow/dags/driven_data_pipeline.py
[2026-06-18T22:02:42.046+0000] {processor.py:914} INFO - Processing file /opt/airflow/dags/driven_data_pipeline.py for tasks to queue
[2026-06-18T22:02:42.048+0000] {logging_mixin.py:190} INFO - [2026-06-18T22:02:42.048+0000] {dagbag.py:588} INFO - Filling up the DagBag from /opt/airflow/dags/driven_data_pipeline.py
[2026-06-18T22:02:42.150+0000] {processor.py:925} INFO - DAG(s) 'extract_raw_data_pipeline' retrieved from /opt/airflow/dags/driven_data_pipeline.py
[2026-06-18T22:02:42.166+0000] {logging_mixin.py:190} INFO - [2026-06-18T22:02:42.165+0000] {dag.py:3239} INFO - Sync 1 DAGs
[2026-06-18T22:02:42.179+0000] {logging_mixin.py:190} INFO - [2026-06-18T22:02:42.179+0000] {dag.py:4180} INFO - Setting next_dagrun for extract_raw_data_pipeline to 2026-06-18 07:59:00+00:00, run_after=2026-06-19 07:00:00+00:00
[2026-06-18T22:02:42.192+0000] {processor.py:208} INFO - Processing /opt/airflow/dags/driven_data_pipeline.py took 0.151 seconds
[2026-06-18T22:03:12.409+0000] {processor.py:186} INFO - Started process (PID=1940) to work on /opt/airflow/dags/driven_data_pipeline.py
[2026-06-18T22:03:12.409+0000] {processor.py:914} INFO - Processing file /opt/airflow/dags/driven_data_pipeline.py for tasks to queue
[2026-06-18T22:03:12.411+0000] {logging_mixin.py:190} INFO - [2026-06-18T22:03:12.411+0000] {dagbag.py:588} INFO - Filling up the DagBag from /opt/airflow/dags/driven_data_pipeline.py
[2026-06-18T22:03:12.499+0000] {processor.py:925} INFO - DAG(s) 'extract_raw_data_pipeline' retrieved from /opt/airflow/dags/driven_data_pipeline.py
[2026-06-18T22:03:12.514+0000] {logging_mixin.py:190} INFO - [2026-06-18T22:03:12.513+0000] {dag.py:3239} INFO - Sync 1 DAGs
[2026-06-18T22:03:12.526+0000] {logging_mixin.py:190} INFO - [2026-06-18T22:03:12.526+0000] {dag.py:4180} INFO - Setting next_dagrun for extract_raw_data_pipeline to 2026-06-18 07:59:00+00:00, run_after=2026-06-19 07:00:00+00:00
[2026-06-18T22:03:12.542+0000] {processor.py:208} INFO - Processing /opt/airflow/dags/driven_data_pipeline.py took 0.137 seconds
[2026-06-18T22:03:42.781+0000] {processor.py:186} INFO - Started process (PID=1948) to work on /opt/airflow/dags/driven_data_pipeline.py
[2026-06-18T22:03:42.782+0000] {processor.py:914} INFO - Processing file /opt/airflow/dags/driven_data_pipeline.py for tasks to queue
[2026-06-18T22:03:42.783+0000] {logging_mixin.py:190} INFO - [2026-06-18T22:03:42.783+0000] {dagbag.py:588} INFO - Filling up the DagBag from /opt/airflow/dags/driven_data_pipeline.py
[2026-06-18T22:03:42.869+0000] {processor.py:925} INFO - DAG(s) 'extract_raw_data_pipeline' retrieved from /opt/airflow/dags/driven_data_pipeline.py
[2026-06-18T22:03:42.885+0000] {logging_mixin.py:190} INFO - [2026-06-18T22:03:42.885+0000] {dag.py:3239} INFO - Sync 1 DAGs
[2026-06-18T22:03:42.899+0000] {logging_mixin.py:190} INFO - [2026-06-18T22:03:42.899+0000] {dag.py:4180} INFO - Setting next_dagrun for extract_raw_data_pipeline to 2026-06-18 07:59:00+00:00, run_after=2026-06-19 07:00:00+00:00
[2026-06-18T22:03:42.916+0000] {processor.py:208} INFO - Processing /opt/airflow/dags/driven_data_pipeline.py took 0.138 seconds
[2026-06-18T22:04:13.129+0000] {processor.py:186} INFO - Started process (PID=1955) to work on /opt/airflow/dags/driven_data_pipeline.py
[2026-06-18T22:04:13.129+0000] {processor.py:914} INFO - Processing file /opt/airflow/dags/driven_data_pipeline.py for tasks to queue
[2026-06-18T22:04:13.131+0000] {logging_mixin.py:190} INFO - [2026-06-18T22:04:13.131+0000] {dagbag.py:588} INFO - Filling up the DagBag from /opt/airflow/dags/driven_data_pipeline.py
[2026-06-18T22:04:13.219+0000] {processor.py:925} INFO - DAG(s) 'extract_raw_data_pipeline' retrieved from /opt/airflow/dags/driven_data_pipeline.py
[2026-06-18T22:04:13.234+0000] {logging_mixin.py:190} INFO - [2026-06-18T22:04:13.234+0000] {dag.py:3239} INFO - Sync 1 DAGs
[2026-06-18T22:04:13.247+0000] {logging_mixin.py:190} INFO - [2026-06-18T22:04:13.247+0000] {dag.py:4180} INFO - Setting next_dagrun for extract_raw_data_pipeline to 2026-06-18 07:59:00+00:00, run_after=2026-06-19 07:00:00+00:00
[2026-06-18T22:04:13.259+0000] {processor.py:208} INFO - Processing /opt/airflow/dags/driven_data_pipeline.py took 0.134 seconds
[2026-06-18T22:04:43.485+0000] {processor.py:186} INFO - Started process (PID=1963) to work on /opt/airflow/dags/driven_data_pipeline.py
[2026-06-18T22:04:43.486+0000] {processor.py:914} INFO - Processing file /opt/airflow/dags/driven_data_pipeline.py for tasks to queue
[2026-06-18T22:04:43.487+0000] {logging_mixin.py:190} INFO - [2026-06-18T22:04:43.487+0000] {dagbag.py:588} INFO - Filling up the DagBag from /opt/airflow/dags/driven_data_pipeline.py
[2026-06-18T22:04:43.573+0000] {processor.py:925} INFO - DAG(s) 'extract_raw_data_pipeline' retrieved from /opt/airflow/dags/driven_data_pipeline.py
[2026-06-18T22:04:43.590+0000] {logging_mixin.py:190} INFO - [2026-06-18T22:04:43.590+0000] {dag.py:3239} INFO - Sync 1 DAGs
[2026-06-18T22:04:43.603+0000] {logging_mixin.py:190} INFO - [2026-06-18T22:04:43.603+0000] {dag.py:4180} INFO - Setting next_dagrun for extract_raw_data_pipeline to 2026-06-18 07:59:00+00:00, run_after=2026-06-19 07:00:00+00:00
[2026-06-18T22:04:43.620+0000] {processor.py:208} INFO - Processing /opt/airflow/dags/driven_data_pipeline.py took 0.138 seconds
[2026-06-18T22:05:13.875+0000] {processor.py:186} INFO - Started process (PID=1972) to work on /opt/airflow/dags/driven_data_pipeline.py
[2026-06-18T22:05:13.876+0000] {processor.py:914} INFO - Processing file /opt/airflow/dags/driven_data_pipeline.py for tasks to queue
[2026-06-18T22:05:13.878+0000] {logging_mixin.py:190} INFO - [2026-06-18T22:05:13.878+0000] {dagbag.py:588} INFO - Filling up the DagBag from /opt/airflow/dags/driven_data_pipeline.py
[2026-06-18T22:05:13.964+0000] {processor.py:925} INFO - DAG(s) 'extract_raw_data_pipeline' retrieved from /opt/airflow/dags/driven_data_pipeline.py
[2026-06-18T22:05:13.979+0000] {logging_mixin.py:190} INFO - [2026-06-18T22:05:13.978+0000] {dag.py:3239} INFO - Sync 1 DAGs
[2026-06-18T22:05:13.992+0000] {logging_mixin.py:190} INFO - [2026-06-18T22:05:13.991+0000] {dag.py:4180} INFO - Setting next_dagrun for extract_raw_data_pipeline to 2026-06-18 07:59:00+00:00, run_after=2026-06-19 07:00:00+00:00
[2026-06-18T22:05:14.014+0000] {processor.py:208} INFO - Processing /opt/airflow/dags/driven_data_pipeline.py took 0.142 seconds
[2026-06-18T22:05:44.232+0000] {processor.py:186} INFO - Started process (PID=1980) to work on /opt/airflow/dags/driven_data_pipeline.py
[2026-06-18T22:05:44.233+0000] {processor.py:914} INFO - Processing file /opt/airflow/dags/driven_data_pipeline.py for tasks to queue
[2026-06-18T22:05:44.234+0000] {logging_mixin.py:190} INFO - [2026-06-18T22:05:44.234+0000] {dagbag.py:588} INFO - Filling up the DagBag from /opt/airflow/dags/driven_data_pipeline.py
[2026-06-18T22:05:44.325+0000] {processor.py:925} INFO - DAG(s) 'extract_raw_data_pipeline' retrieved from /opt/airflow/dags/driven_data_pipeline.py
[2026-06-18T22:05:44.339+0000] {logging_mixin.py:190} INFO - [2026-06-18T22:05:44.339+0000] {dag.py:3239} INFO - Sync 1 DAGs
[2026-06-18T22:05:44.351+0000] {logging_mixin.py:190} INFO - [2026-06-18T22:05:44.351+0000] {dag.py:4180} INFO - Setting next_dagrun for extract_raw_data_pipeline to 2026-06-18 07:59:00+00:00, run_after=2026-06-19 07:00:00+00:00
[2026-06-18T22:05:44.366+0000] {processor.py:208} INFO - Processing /opt/airflow/dags/driven_data_pipeline.py took 0.138 seconds
[2026-06-18T22:06:14.595+0000] {processor.py:186} INFO - Started process (PID=1988) to work on /opt/airflow/dags/driven_data_pipeline.py
[2026-06-18T22:06:14.596+0000] {processor.py:914} INFO - Processing file /opt/airflow/dags/driven_data_pipeline.py for tasks to queue
[2026-06-18T22:06:14.597+0000] {logging_mixin.py:190} INFO - [2026-06-18T22:06:14.597+0000] {dagbag.py:588} INFO - Filling up the DagBag from /opt/airflow/dags/driven_data_pipeline.py
[2026-06-18T22:06:14.686+0000] {processor.py:925} INFO - DAG(s) 'extract_raw_data_pipeline' retrieved from /opt/airflow/dags/driven_data_pipeline.py
[2026-06-18T22:06:14.701+0000] {logging_mixin.py:190} INFO - [2026-06-18T22:06:14.701+0000] {dag.py:3239} INFO - Sync 1 DAGs
[2026-06-18T22:06:14.715+0000] {logging_mixin.py:190} INFO - [2026-06-18T22:06:14.715+0000] {dag.py:4180} INFO - Setting next_dagrun for extract_raw_data_pipeline to 2026-06-18 07:59:00+00:00, run_after=2026-06-19 07:00:00+00:00
[2026-06-18T22:06:14.727+0000] {processor.py:208} INFO - Processing /opt/airflow/dags/driven_data_pipeline.py took 0.136 seconds
[2026-06-18T22:06:44.874+0000] {processor.py:186} INFO - Started process (PID=1996) to work on /opt/airflow/dags/driven_data_pipeline.py
[2026-06-18T22:06:44.875+0000] {processor.py:914} INFO - Processing file /opt/airflow/dags/driven_data_pipeline.py for tasks to queue
[2026-06-18T22:06:44.877+0000] {logging_mixin.py:190} INFO - [2026-06-18T22:06:44.877+0000] {dagbag.py:588} INFO - Filling up the DagBag from /opt/airflow/dags/driven_data_pipeline.py
[2026-06-18T22:06:45.148+0000] {processor.py:925} INFO - DAG(s) 'extract_raw_data_pipeline' retrieved from /opt/airflow/dags/driven_data_pipeline.py
[2026-06-18T22:06:45.167+0000] {logging_mixin.py:190} INFO - [2026-06-18T22:06:45.167+0000] {dag.py:3239} INFO - Sync 1 DAGs
[2026-06-18T22:06:45.180+0000] {logging_mixin.py:190} INFO - [2026-06-18T22:06:45.179+0000] {dag.py:4180} INFO - Setting next_dagrun for extract_raw_data_pipeline to 2026-06-18 07:59:00+00:00, run_after=2026-06-19 07:00:00+00:00
[2026-06-18T22:06:45.192+0000] {processor.py:208} INFO - Processing /opt/airflow/dags/driven_data_pipeline.py took 0.322 seconds
[2026-06-18T22:07:15.330+0000] {processor.py:186} INFO - Started process (PID=2004) to work on /opt/airflow/dags/driven_data_pipeline.py
[2026-06-18T22:07:15.330+0000] {processor.py:914} INFO - Processing file /opt/airflow/dags/driven_data_pipeline.py for tasks to queue
[2026-06-18T22:07:15.332+0000] {logging_mixin.py:190} INFO - [2026-06-18T22:07:15.332+0000] {dagbag.py:588} INFO - Filling up the DagBag from /opt/airflow/dags/driven_data_pipeline.py
[2026-06-18T22:07:15.423+0000] {processor.py:925} INFO - DAG(s) 'extract_raw_data_pipeline' retrieved from /opt/airflow/dags/driven_data_pipeline.py
[2026-06-18T22:07:15.437+0000] {logging_mixin.py:190} INFO - [2026-06-18T22:07:15.437+0000] {dag.py:3239} INFO - Sync 1 DAGs
[2026-06-18T22:07:15.449+0000] {logging_mixin.py:190} INFO - [2026-06-18T22:07:15.449+0000] {dag.py:4180} INFO - Setting next_dagrun for extract_raw_data_pipeline to 2026-06-18 07:59:00+00:00, run_after=2026-06-19 07:00:00+00:00
[2026-06-18T22:07:15.471+0000] {processor.py:208} INFO - Processing /opt/airflow/dags/driven_data_pipeline.py took 0.145 seconds
[2026-06-18T22:07:45.829+0000] {processor.py:186} INFO - Started process (PID=2012) to work on /opt/airflow/dags/driven_data_pipeline.py
[2026-06-18T22:07:45.830+0000] {processor.py:914} INFO - Processing file /opt/airflow/dags/driven_data_pipeline.py for tasks to queue
[2026-06-18T22:07:45.832+0000] {logging_mixin.py:190} INFO - [2026-06-18T22:07:45.831+0000] {dagbag.py:588} INFO - Filling up the DagBag from /opt/airflow/dags/driven_data_pipeline.py
[2026-06-18T22:07:45.913+0000] {processor.py:925} INFO - DAG(s) 'extract_raw_data_pipeline' retrieved from /opt/airflow/dags/driven_data_pipeline.py
[2026-06-18T22:07:45.928+0000] {logging_mixin.py:190} INFO - [2026-06-18T22:07:45.928+0000] {dag.py:3239} INFO - Sync 1 DAGs
[2026-06-18T22:07:45.940+0000] {logging_mixin.py:190} INFO - [2026-06-18T22:07:45.940+0000] {dag.py:4180} INFO - Setting next_dagrun for extract_raw_data_pipeline to 2026-06-18 07:59:00+00:00, run_after=2026-06-19 07:00:00+00:00
[2026-06-18T22:07:45.952+0000] {processor.py:208} INFO - Processing /opt/airflow/dags/driven_data_pipeline.py took 0.126 seconds
[2026-06-18T22:08:16.142+0000] {processor.py:186} INFO - Started process (PID=2020) to work on /opt/airflow/dags/driven_data_pipeline.py
[2026-06-18T22:08:16.143+0000] {processor.py:914} INFO - Processing file /opt/airflow/dags/driven_data_pipeline.py for tasks to queue
[2026-06-18T22:08:16.145+0000] {logging_mixin.py:190} INFO - [2026-06-18T22:08:16.144+0000] {dagbag.py:588} INFO - Filling up the DagBag from /opt/airflow/dags/driven_data_pipeline.py
[2026-06-18T22:08:16.228+0000] {processor.py:925} INFO - DAG(s) 'extract_raw_data_pipeline' retrieved from /opt/airflow/dags/driven_data_pipeline.py
[2026-06-18T22:08:16.242+0000] {logging_mixin.py:190} INFO - [2026-06-18T22:08:16.242+0000] {dag.py:3239} INFO - Sync 1 DAGs
[2026-06-18T22:08:16.257+0000] {logging_mixin.py:190} INFO - [2026-06-18T22:08:16.257+0000] {dag.py:4180} INFO - Setting next_dagrun for extract_raw_data_pipeline to 2026-06-18 07:59:00+00:00, run_after=2026-06-19 07:00:00+00:00
[2026-06-18T22:08:16.270+0000] {processor.py:208} INFO - Processing /opt/airflow/dags/driven_data_pipeline.py took 0.131 seconds
[2026-06-18T22:08:46.544+0000] {processor.py:186} INFO - Started process (PID=2028) to work on /opt/airflow/dags/driven_data_pipeline.py
[2026-06-18T22:08:46.545+0000] {processor.py:914} INFO - Processing file /opt/airflow/dags/driven_data_pipeline.py for tasks to queue
[2026-06-18T22:08:46.547+0000] {logging_mixin.py:190} INFO - [2026-06-18T22:08:46.546+0000] {dagbag.py:588} INFO - Filling up the DagBag from /opt/airflow/dags/driven_data_pipeline.py
[2026-06-18T22:08:46.628+0000] {processor.py:925} INFO - DAG(s) 'extract_raw_data_pipeline' retrieved from /opt/airflow/dags/driven_data_pipeline.py
[2026-06-18T22:08:46.644+0000] {logging_mixin.py:190} INFO - [2026-06-18T22:08:46.644+0000] {dag.py:3239} INFO - Sync 1 DAGs
[2026-06-18T22:08:46.658+0000] {logging_mixin.py:190} INFO - [2026-06-18T22:08:46.658+0000] {dag.py:4180} INFO - Setting next_dagrun for extract_raw_data_pipeline to 2026-06-18 07:59:00+00:00, run_after=2026-06-19 07:00:00+00:00
[2026-06-18T22:08:46.682+0000] {processor.py:208} INFO - Processing /opt/airflow/dags/driven_data_pipeline.py took 0.141 seconds
[2026-06-18T22:09:16.870+0000] {processor.py:186} INFO - Started process (PID=2036) to work on /opt/airflow/dags/driven_data_pipeline.py
[2026-06-18T22:09:16.871+0000] {processor.py:914} INFO - Processing file /opt/airflow/dags/driven_data_pipeline.py for tasks to queue
[2026-06-18T22:09:16.872+0000] {logging_mixin.py:190} INFO - [2026-06-18T22:09:16.872+0000] {dagbag.py:588} INFO - Filling up the DagBag from /opt/airflow/dags/driven_data_pipeline.py
[2026-06-18T22:09:16.954+0000] {processor.py:925} INFO - DAG(s) 'extract_raw_data_pipeline' retrieved from /opt/airflow/dags/driven_data_pipeline.py
[2026-06-18T22:09:16.969+0000] {logging_mixin.py:190} INFO - [2026-06-18T22:09:16.969+0000] {dag.py:3239} INFO - Sync 1 DAGs
[2026-06-18T22:09:16.983+0000] {logging_mixin.py:190} INFO - [2026-06-18T22:09:16.983+0000] {dag.py:4180} INFO - Setting next_dagrun for extract_raw_data_pipeline to 2026-06-18 07:59:00+00:00, run_after=2026-06-19 07:00:00+00:00
[2026-06-18T22:09:17.006+0000] {processor.py:208} INFO - Processing /opt/airflow/dags/driven_data_pipeline.py took 0.140 seconds
[2026-06-18T22:09:47.257+0000] {processor.py:186} INFO - Started process (PID=2044) to work on /opt/airflow/dags/driven_data_pipeline.py
[2026-06-18T22:09:47.258+0000] {processor.py:914} INFO - Processing file /opt/airflow/dags/driven_data_pipeline.py for tasks to queue
[2026-06-18T22:09:47.259+0000] {logging_mixin.py:190} INFO - [2026-06-18T22:09:47.259+0000] {dagbag.py:588} INFO - Filling up the DagBag from /opt/airflow/dags/driven_data_pipeline.py
[2026-06-18T22:09:47.339+0000] {processor.py:925} INFO - DAG(s) 'extract_raw_data_pipeline' retrieved from /opt/airflow/dags/driven_data_pipeline.py
[2026-06-18T22:09:47.356+0000] {logging_mixin.py:190} INFO - [2026-06-18T22:09:47.355+0000] {dag.py:3239} INFO - Sync 1 DAGs
[2026-06-18T22:09:47.369+0000] {logging_mixin.py:190} INFO - [2026-06-18T22:09:47.369+0000] {dag.py:4180} INFO - Setting next_dagrun for extract_raw_data_pipeline to 2026-06-18 07:59:00+00:00, run_after=2026-06-19 07:00:00+00:00
[2026-06-18T22:09:47.387+0000] {processor.py:208} INFO - Processing /opt/airflow/dags/driven_data_pipeline.py took 0.134 seconds
[2026-06-18T22:10:17.737+0000] {processor.py:186} INFO - Started process (PID=2052) to work on /opt/airflow/dags/driven_data_pipeline.py
[2026-06-18T22:10:17.738+0000] {processor.py:914} INFO - Processing file /opt/airflow/dags/driven_data_pipeline.py for tasks to queue
[2026-06-18T22:10:17.740+0000] {logging_mixin.py:190} INFO - [2026-06-18T22:10:17.739+0000] {dagbag.py:588} INFO - Filling up the DagBag from /opt/airflow/dags/driven_data_pipeline.py
[2026-06-18T22:10:17.820+0000] {processor.py:925} INFO - DAG(s) 'extract_raw_data_pipeline' retrieved from /opt/airflow/dags/driven_data_pipeline.py
[2026-06-18T22:10:17.834+0000] {logging_mixin.py:190} INFO - [2026-06-18T22:10:17.834+0000] {dag.py:3239} INFO - Sync 1 DAGs
[2026-06-18T22:10:17.847+0000] {logging_mixin.py:190} INFO - [2026-06-18T22:10:17.847+0000] {dag.py:4180} INFO - Setting next_dagrun for extract_raw_data_pipeline to 2026-06-18 07:59:00+00:00, run_after=2026-06-19 07:00:00+00:00
[2026-06-18T22:10:17.860+0000] {processor.py:208} INFO - Processing /opt/airflow/dags/driven_data_pipeline.py took 0.126 seconds
[2026-06-18T22:10:48.055+0000] {processor.py:186} INFO - Started process (PID=2060) to work on /opt/airflow/dags/driven_data_pipeline.py
[2026-06-18T22:10:48.056+0000] {processor.py:914} INFO - Processing file /opt/airflow/dags/driven_data_pipeline.py for tasks to queue
[2026-06-18T22:10:48.057+0000] {logging_mixin.py:190} INFO - [2026-06-18T22:10:48.057+0000] {dagbag.py:588} INFO - Filling up the DagBag from /opt/airflow/dags/driven_data_pipeline.py
[2026-06-18T22:10:48.137+0000] {processor.py:925} INFO - DAG(s) 'extract_raw_data_pipeline' retrieved from /opt/airflow/dags/driven_data_pipeline.py
[2026-06-18T22:10:48.153+0000] {logging_mixin.py:190} INFO - [2026-06-18T22:10:48.153+0000] {dag.py:3239} INFO - Sync 1 DAGs
[2026-06-18T22:10:48.165+0000] {logging_mixin.py:190} INFO - [2026-06-18T22:10:48.165+0000] {dag.py:4180} INFO - Setting next_dagrun for extract_raw_data_pipeline to 2026-06-18 07:59:00+00:00, run_after=2026-06-19 07:00:00+00:00
[2026-06-18T22:10:48.180+0000] {processor.py:208} INFO - Processing /opt/airflow/dags/driven_data_pipeline.py took 0.129 seconds
[2026-06-18T22:11:18.539+0000] {processor.py:186} INFO - Started process (PID=2068) to work on /opt/airflow/dags/driven_data_pipeline.py
[2026-06-18T22:11:18.540+0000] {processor.py:914} INFO - Processing file /opt/airflow/dags/driven_data_pipeline.py for tasks to queue
[2026-06-18T22:11:18.541+0000] {logging_mixin.py:190} INFO - [2026-06-18T22:11:18.541+0000] {dagbag.py:588} INFO - Filling up the DagBag from /opt/airflow/dags/driven_data_pipeline.py
[2026-06-18T22:11:18.626+0000] {processor.py:925} INFO - DAG(s) 'extract_raw_data_pipeline' retrieved from /opt/airflow/dags/driven_data_pipeline.py
[2026-06-18T22:11:18.641+0000] {logging_mixin.py:190} INFO - [2026-06-18T22:11:18.641+0000] {dag.py:3239} INFO - Sync 1 DAGs
[2026-06-18T22:11:18.654+0000] {logging_mixin.py:190} INFO - [2026-06-18T22:11:18.654+0000] {dag.py:4180} INFO - Setting next_dagrun for extract_raw_data_pipeline to 2026-06-18 07:59:00+00:00, run_after=2026-06-19 07:00:00+00:00
[2026-06-18T22:11:18.668+0000] {processor.py:208} INFO - Processing /opt/airflow/dags/driven_data_pipeline.py took 0.132 seconds
[2026-06-18T22:11:48.910+0000] {processor.py:186} INFO - Started process (PID=2076) to work on /opt/airflow/dags/driven_data_pipeline.py
[2026-06-18T22:11:48.911+0000] {processor.py:914} INFO - Processing file /opt/airflow/dags/driven_data_pipeline.py for tasks to queue
[2026-06-18T22:11:48.913+0000] {logging_mixin.py:190} INFO - [2026-06-18T22:11:48.912+0000] {dagbag.py:588} INFO - Filling up the DagBag from /opt/airflow/dags/driven_data_pipeline.py
[2026-06-18T22:11:48.996+0000] {processor.py:925} INFO - DAG(s) 'extract_raw_data_pipeline' retrieved from /opt/airflow/dags/driven_data_pipeline.py
[2026-06-18T22:11:49.011+0000] {logging_mixin.py:190} INFO - [2026-06-18T22:11:49.011+0000] {dag.py:3239} INFO - Sync 1 DAGs
[2026-06-18T22:11:49.024+0000] {logging_mixin.py:190} INFO - [2026-06-18T22:11:49.024+0000] {dag.py:4180} INFO - Setting next_dagrun for extract_raw_data_pipeline to 2026-06-18 07:59:00+00:00, run_after=2026-06-19 07:00:00+00:00
[2026-06-18T22:11:49.038+0000] {processor.py:208} INFO - Processing /opt/airflow/dags/driven_data_pipeline.py took 0.131 seconds
[2026-06-18T22:12:19.346+0000] {processor.py:186} INFO - Started process (PID=2084) to work on /opt/airflow/dags/driven_data_pipeline.py
[2026-06-18T22:12:19.347+0000] {processor.py:914} INFO - Processing file /opt/airflow/dags/driven_data_pipeline.py for tasks to queue
[2026-06-18T22:12:19.348+0000] {logging_mixin.py:190} INFO - [2026-06-18T22:12:19.348+0000] {dagbag.py:588} INFO - Filling up the DagBag from /opt/airflow/dags/driven_data_pipeline.py
[2026-06-18T22:12:19.428+0000] {processor.py:925} INFO - DAG(s) 'extract_raw_data_pipeline' retrieved from /opt/airflow/dags/driven_data_pipeline.py
[2026-06-18T22:12:19.442+0000] {logging_mixin.py:190} INFO - [2026-06-18T22:12:19.442+0000] {dag.py:3239} INFO - Sync 1 DAGs
[2026-06-18T22:12:19.455+0000] {logging_mixin.py:190} INFO - [2026-06-18T22:12:19.454+0000] {dag.py:4180} INFO - Setting next_dagrun for extract_raw_data_pipeline to 2026-06-18 07:59:00+00:00, run_after=2026-06-19 07:00:00+00:00
[2026-06-18T22:12:19.467+0000] {processor.py:208} INFO - Processing /opt/airflow/dags/driven_data_pipeline.py took 0.124 seconds
[2026-06-18T22:12:49.677+0000] {processor.py:186} INFO - Started process (PID=2092) to work on /opt/airflow/dags/driven_data_pipeline.py
[2026-06-18T22:12:49.677+0000] {processor.py:914} INFO - Processing file /opt/airflow/dags/driven_data_pipeline.py for tasks to queue
[2026-06-18T22:12:49.679+0000] {logging_mixin.py:190} INFO - [2026-06-18T22:12:49.679+0000] {dagbag.py:588} INFO - Filling up the DagBag from /opt/airflow/dags/driven_data_pipeline.py
[2026-06-18T22:12:49.769+0000] {processor.py:925} INFO - DAG(s) 'extract_raw_data_pipeline' retrieved from /opt/airflow/dags/driven_data_pipeline.py
[2026-06-18T22:12:49.784+0000] {logging_mixin.py:190} INFO - [2026-06-18T22:12:49.783+0000] {dag.py:3239} INFO - Sync 1 DAGs
[2026-06-18T22:12:49.797+0000] {logging_mixin.py:190} INFO - [2026-06-18T22:12:49.797+0000] {dag.py:4180} INFO - Setting next_dagrun for extract_raw_data_pipeline to 2026-06-18 07:59:00+00:00, run_after=2026-06-19 07:00:00+00:00
[2026-06-18T22:12:49.810+0000] {processor.py:208} INFO - Processing /opt/airflow/dags/driven_data_pipeline.py took 0.136 seconds
[2026-06-18T22:13:20.059+0000] {processor.py:186} INFO - Started process (PID=2100) to work on /opt/airflow/dags/driven_data_pipeline.py
[2026-06-18T22:13:20.060+0000] {processor.py:914} INFO - Processing file /opt/airflow/dags/driven_data_pipeline.py for tasks to queue
[2026-06-18T22:13:20.061+0000] {logging_mixin.py:190} INFO - [2026-06-18T22:13:20.061+0000] {dagbag.py:588} INFO - Filling up the DagBag from /opt/airflow/dags/driven_data_pipeline.py
[2026-06-18T22:13:20.143+0000] {processor.py:925} INFO - DAG(s) 'extract_raw_data_pipeline' retrieved from /opt/airflow/dags/driven_data_pipeline.py
[2026-06-18T22:13:20.158+0000] {logging_mixin.py:190} INFO - [2026-06-18T22:13:20.158+0000] {dag.py:3239} INFO - Sync 1 DAGs
[2026-06-18T22:13:20.171+0000] {logging_mixin.py:190} INFO - [2026-06-18T22:13:20.171+0000] {dag.py:4180} INFO - Setting next_dagrun for extract_raw_data_pipeline to 2026-06-18 07:59:00+00:00, run_after=2026-06-19 07:00:00+00:00
[2026-06-18T22:13:20.183+0000] {processor.py:208} INFO - Processing /opt/airflow/dags/driven_data_pipeline.py took 0.128 seconds
[2026-06-18T22:13:50.397+0000] {processor.py:186} INFO - Started process (PID=2108) to work on /opt/airflow/dags/driven_data_pipeline.py
[2026-06-18T22:13:50.397+0000] {processor.py:914} INFO - Processing file /opt/airflow/dags/driven_data_pipeline.py for tasks to queue
[2026-06-18T22:13:50.399+0000] {logging_mixin.py:190} INFO - [2026-06-18T22:13:50.399+0000] {dagbag.py:588} INFO - Filling up the DagBag from /opt/airflow/dags/driven_data_pipeline.py
[2026-06-18T22:13:50.491+0000] {processor.py:925} INFO - DAG(s) 'extract_raw_data_pipeline' retrieved from /opt/airflow/dags/driven_data_pipeline.py
[2026-06-18T22:13:50.505+0000] {logging_mixin.py:190} INFO - [2026-06-18T22:13:50.505+0000] {dag.py:3239} INFO - Sync 1 DAGs
[2026-06-18T22:13:50.518+0000] {logging_mixin.py:190} INFO - [2026-06-18T22:13:50.518+0000] {dag.py:4180} INFO - Setting next_dagrun for extract_raw_data_pipeline to 2026-06-18 07:59:00+00:00, run_after=2026-06-19 07:00:00+00:00
[2026-06-18T22:13:50.531+0000] {processor.py:208} INFO - Processing /opt/airflow/dags/driven_data_pipeline.py took 0.139 seconds
[2026-06-18T22:14:20.774+0000] {processor.py:186} INFO - Started process (PID=2116) to work on /opt/airflow/dags/driven_data_pipeline.py
[2026-06-18T22:14:20.775+0000] {processor.py:914} INFO - Processing file /opt/airflow/dags/driven_data_pipeline.py for tasks to queue
[2026-06-18T22:14:20.776+0000] {logging_mixin.py:190} INFO - [2026-06-18T22:14:20.776+0000] {dagbag.py:588} INFO - Filling up the DagBag from /opt/airflow/dags/driven_data_pipeline.py
[2026-06-18T22:14:20.870+0000] {processor.py:925} INFO - DAG(s) 'extract_raw_data_pipeline' retrieved from /opt/airflow/dags/driven_data_pipeline.py
[2026-06-18T22:14:20.884+0000] {logging_mixin.py:190} INFO - [2026-06-18T22:14:20.884+0000] {dag.py:3239} INFO - Sync 1 DAGs
[2026-06-18T22:14:20.897+0000] {logging_mixin.py:190} INFO - [2026-06-18T22:14:20.897+0000] {dag.py:4180} INFO - Setting next_dagrun for extract_raw_data_pipeline to 2026-06-18 07:59:00+00:00, run_after=2026-06-19 07:00:00+00:00
[2026-06-18T22:14:20.909+0000] {processor.py:208} INFO - Processing /opt/airflow/dags/driven_data_pipeline.py took 0.139 seconds
[2026-06-18T22:14:51.078+0000] {processor.py:186} INFO - Started process (PID=2124) to work on /opt/airflow/dags/driven_data_pipeline.py
[2026-06-18T22:14:51.079+0000] {processor.py:914} INFO - Processing file /opt/airflow/dags/driven_data_pipeline.py for tasks to queue
[2026-06-18T22:14:51.080+0000] {logging_mixin.py:190} INFO - [2026-06-18T22:14:51.080+0000] {dagbag.py:588} INFO - Filling up the DagBag from /opt/airflow/dags/driven_data_pipeline.py
[2026-06-18T22:14:51.167+0000] {processor.py:925} INFO - DAG(s) 'extract_raw_data_pipeline' retrieved from /opt/airflow/dags/driven_data_pipeline.py
[2026-06-18T22:14:51.182+0000] {logging_mixin.py:190} INFO - [2026-06-18T22:14:51.182+0000] {dag.py:3239} INFO - Sync 1 DAGs
[2026-06-18T22:14:51.195+0000] {logging_mixin.py:190} INFO - [2026-06-18T22:14:51.195+0000] {dag.py:4180} INFO - Setting next_dagrun for extract_raw_data_pipeline to 2026-06-18 07:59:00+00:00, run_after=2026-06-19 07:00:00+00:00
[2026-06-18T22:14:51.208+0000] {processor.py:208} INFO - Processing /opt/airflow/dags/driven_data_pipeline.py took 0.135 seconds
[2026-06-18T22:15:21.552+0000] {processor.py:186} INFO - Started process (PID=2132) to work on /opt/airflow/dags/driven_data_pipeline.py
[2026-06-18T22:15:21.552+0000] {processor.py:914} INFO - Processing file /opt/airflow/dags/driven_data_pipeline.py for tasks to queue
[2026-06-18T22:15:21.554+0000] {logging_mixin.py:190} INFO - [2026-06-18T22:15:21.554+0000] {dagbag.py:588} INFO - Filling up the DagBag from /opt/airflow/dags/driven_data_pipeline.py
[2026-06-18T22:15:21.634+0000] {processor.py:925} INFO - DAG(s) 'extract_raw_data_pipeline' retrieved from /opt/airflow/dags/driven_data_pipeline.py
[2026-06-18T22:15:21.648+0000] {logging_mixin.py:190} INFO - [2026-06-18T22:15:21.648+0000] {dag.py:3239} INFO - Sync 1 DAGs
[2026-06-18T22:15:21.661+0000] {logging_mixin.py:190} INFO - [2026-06-18T22:15:21.661+0000] {dag.py:4180} INFO - Setting next_dagrun for extract_raw_data_pipeline to 2026-06-18 07:59:00+00:00, run_after=2026-06-19 07:00:00+00:00
[2026-06-18T22:15:21.678+0000] {processor.py:208} INFO - Processing /opt/airflow/dags/driven_data_pipeline.py took 0.130 seconds
[2026-06-18T22:15:51.826+0000] {processor.py:186} INFO - Started process (PID=2140) to work on /opt/airflow/dags/driven_data_pipeline.py
[2026-06-18T22:15:51.827+0000] {processor.py:914} INFO - Processing file /opt/airflow/dags/driven_data_pipeline.py for tasks to queue
[2026-06-18T22:15:51.828+0000] {logging_mixin.py:190} INFO - [2026-06-18T22:15:51.828+0000] {dagbag.py:588} INFO - Filling up the DagBag from /opt/airflow/dags/driven_data_pipeline.py
[2026-06-18T22:15:51.923+0000] {processor.py:925} INFO - DAG(s) 'extract_raw_data_pipeline' retrieved from /opt/airflow/dags/driven_data_pipeline.py
[2026-06-18T22:15:51.936+0000] {logging_mixin.py:190} INFO - [2026-06-18T22:15:51.936+0000] {dag.py:3239} INFO - Sync 1 DAGs
[2026-06-18T22:15:51.949+0000] {logging_mixin.py:190} INFO - [2026-06-18T22:15:51.949+0000] {dag.py:4180} INFO - Setting next_dagrun for extract_raw_data_pipeline to 2026-06-18 07:59:00+00:00, run_after=2026-06-19 07:00:00+00:00
[2026-06-18T22:15:51.962+0000] {processor.py:208} INFO - Processing /opt/airflow/dags/driven_data_pipeline.py took 0.140 seconds
[2026-06-18T22:16:22.253+0000] {processor.py:186} INFO - Started process (PID=2148) to work on /opt/airflow/dags/driven_data_pipeline.py
[2026-06-18T22:16:22.254+0000] {processor.py:914} INFO - Processing file /opt/airflow/dags/driven_data_pipeline.py for tasks to queue
[2026-06-18T22:16:22.255+0000] {logging_mixin.py:190} INFO - [2026-06-18T22:16:22.255+0000] {dagbag.py:588} INFO - Filling up the DagBag from /opt/airflow/dags/driven_data_pipeline.py
[2026-06-18T22:16:22.333+0000] {processor.py:925} INFO - DAG(s) 'extract_raw_data_pipeline' retrieved from /opt/airflow/dags/driven_data_pipeline.py
[2026-06-18T22:16:22.348+0000] {logging_mixin.py:190} INFO - [2026-06-18T22:16:22.348+0000] {dag.py:3239} INFO - Sync 1 DAGs
[2026-06-18T22:16:22.361+0000] {logging_mixin.py:190} INFO - [2026-06-18T22:16:22.361+0000] {dag.py:4180} INFO - Setting next_dagrun for extract_raw_data_pipeline to 2026-06-18 07:59:00+00:00, run_after=2026-06-19 07:00:00+00:00
[2026-06-18T22:16:22.374+0000] {processor.py:208} INFO - Processing /opt/airflow/dags/driven_data_pipeline.py took 0.124 seconds
[2026-06-18T22:16:52.641+0000] {processor.py:186} INFO - Started process (PID=2155) to work on /opt/airflow/dags/driven_data_pipeline.py
[2026-06-18T22:16:52.642+0000] {processor.py:914} INFO - Processing file /opt/airflow/dags/driven_data_pipeline.py for tasks to queue
[2026-06-18T22:16:52.644+0000] {logging_mixin.py:190} INFO - [2026-06-18T22:16:52.644+0000] {dagbag.py:588} INFO - Filling up the DagBag from /opt/airflow/dags/driven_data_pipeline.py
[2026-06-18T22:16:52.738+0000] {processor.py:925} INFO - DAG(s) 'extract_raw_data_pipeline' retrieved from /opt/airflow/dags/driven_data_pipeline.py
[2026-06-18T22:16:52.754+0000] {logging_mixin.py:190} INFO - [2026-06-18T22:16:52.754+0000] {dag.py:3239} INFO - Sync 1 DAGs
[2026-06-18T22:16:52.768+0000] {logging_mixin.py:190} INFO - [2026-06-18T22:16:52.768+0000] {dag.py:4180} INFO - Setting next_dagrun for extract_raw_data_pipeline to 2026-06-18 07:59:00+00:00, run_after=2026-06-19 07:00:00+00:00
[2026-06-18T22:16:52.783+0000] {processor.py:208} INFO - Processing /opt/airflow/dags/driven_data_pipeline.py took 0.146 seconds
[2026-06-18T22:17:23.018+0000] {processor.py:186} INFO - Started process (PID=2163) to work on /opt/airflow/dags/driven_data_pipeline.py
[2026-06-18T22:17:23.020+0000] {processor.py:914} INFO - Processing file /opt/airflow/dags/driven_data_pipeline.py for tasks to queue
[2026-06-18T22:17:23.022+0000] {logging_mixin.py:190} INFO - [2026-06-18T22:17:23.022+0000] {dagbag.py:588} INFO - Filling up the DagBag from /opt/airflow/dags/driven_data_pipeline.py
[2026-06-18T22:17:23.127+0000] {processor.py:925} INFO - DAG(s) 'extract_raw_data_pipeline' retrieved from /opt/airflow/dags/driven_data_pipeline.py
[2026-06-18T22:17:23.142+0000] {logging_mixin.py:190} INFO - [2026-06-18T22:17:23.142+0000] {dag.py:3239} INFO - Sync 1 DAGs
[2026-06-18T22:17:23.157+0000] {logging_mixin.py:190} INFO - [2026-06-18T22:17:23.157+0000] {dag.py:4180} INFO - Setting next_dagrun for extract_raw_data_pipeline to 2026-06-18 07:59:00+00:00, run_after=2026-06-19 07:00:00+00:00
[2026-06-18T22:17:23.185+0000] {processor.py:208} INFO - Processing /opt/airflow/dags/driven_data_pipeline.py took 0.171 seconds
[2026-06-18T22:17:53.522+0000] {processor.py:186} INFO - Started process (PID=2171) to work on /opt/airflow/dags/driven_data_pipeline.py
[2026-06-18T22:17:53.522+0000] {processor.py:914} INFO - Processing file /opt/airflow/dags/driven_data_pipeline.py for tasks to queue
[2026-06-18T22:17:53.524+0000] {logging_mixin.py:190} INFO - [2026-06-18T22:17:53.524+0000] {dagbag.py:588} INFO - Filling up the DagBag from /opt/airflow/dags/driven_data_pipeline.py
[2026-06-18T22:17:53.606+0000] {processor.py:925} INFO - DAG(s) 'extract_raw_data_pipeline' retrieved from /opt/airflow/dags/driven_data_pipeline.py
[2026-06-18T22:17:53.621+0000] {logging_mixin.py:190} INFO - [2026-06-18T22:17:53.621+0000] {dag.py:3239} INFO - Sync 1 DAGs
[2026-06-18T22:17:53.634+0000] {logging_mixin.py:190} INFO - [2026-06-18T22:17:53.634+0000] {dag.py:4180} INFO - Setting next_dagrun for extract_raw_data_pipeline to 2026-06-18 07:59:00+00:00, run_after=2026-06-19 07:00:00+00:00
[2026-06-18T22:17:53.646+0000] {processor.py:208} INFO - Processing /opt/airflow/dags/driven_data_pipeline.py took 0.128 seconds
[2026-06-18T22:18:24.097+0000] {processor.py:186} INFO - Started process (PID=2179) to work on /opt/airflow/dags/driven_data_pipeline.py
[2026-06-18T22:18:24.098+0000] {processor.py:914} INFO - Processing file /opt/airflow/dags/driven_data_pipeline.py for tasks to queue
[2026-06-18T22:18:24.100+0000] {logging_mixin.py:190} INFO - [2026-06-18T22:18:24.100+0000] {dagbag.py:588} INFO - Filling up the DagBag from /opt/airflow/dags/driven_data_pipeline.py
[2026-06-18T22:18:24.184+0000] {processor.py:925} INFO - DAG(s) 'extract_raw_data_pipeline' retrieved from /opt/airflow/dags/driven_data_pipeline.py
[2026-06-18T22:18:24.199+0000] {logging_mixin.py:190} INFO - [2026-06-18T22:18:24.199+0000] {dag.py:3239} INFO - Sync 1 DAGs
[2026-06-18T22:18:24.212+0000] {logging_mixin.py:190} INFO - [2026-06-18T22:18:24.212+0000] {dag.py:4180} INFO - Setting next_dagrun for extract_raw_data_pipeline to 2026-06-18 07:59:00+00:00, run_after=2026-06-19 07:00:00+00:00
[2026-06-18T22:18:24.225+0000] {processor.py:208} INFO - Processing /opt/airflow/dags/driven_data_pipeline.py took 0.132 seconds
[2026-06-18T22:18:54.441+0000] {processor.py:186} INFO - Started process (PID=2187) to work on /opt/airflow/dags/driven_data_pipeline.py
[2026-06-18T22:18:54.442+0000] {processor.py:914} INFO - Processing file /opt/airflow/dags/driven_data_pipeline.py for tasks to queue
[2026-06-18T22:18:54.443+0000] {logging_mixin.py:190} INFO - [2026-06-18T22:18:54.443+0000] {dagbag.py:588} INFO - Filling up the DagBag from /opt/airflow/dags/driven_data_pipeline.py
[2026-06-18T22:18:54.533+0000] {processor.py:925} INFO - DAG(s) 'extract_raw_data_pipeline' retrieved from /opt/airflow/dags/driven_data_pipeline.py
[2026-06-18T22:18:54.548+0000] {logging_mixin.py:190} INFO - [2026-06-18T22:18:54.548+0000] {dag.py:3239} INFO - Sync 1 DAGs
[2026-06-18T22:18:54.561+0000] {logging_mixin.py:190} INFO - [2026-06-18T22:18:54.561+0000] {dag.py:4180} INFO - Setting next_dagrun for extract_raw_data_pipeline to 2026-06-18 07:59:00+00:00, run_after=2026-06-19 07:00:00+00:00
[2026-06-18T22:18:54.574+0000] {processor.py:208} INFO - Processing /opt/airflow/dags/driven_data_pipeline.py took 0.136 seconds
[2026-06-18T22:19:24.975+0000] {processor.py:186} INFO - Started process (PID=2195) to work on /opt/airflow/dags/driven_data_pipeline.py
[2026-06-18T22:19:24.976+0000] {processor.py:914} INFO - Processing file /opt/airflow/dags/driven_data_pipeline.py for tasks to queue
[2026-06-18T22:19:24.978+0000] {logging_mixin.py:190} INFO - [2026-06-18T22:19:24.977+0000] {dagbag.py:588} INFO - Filling up the DagBag from /opt/airflow/dags/driven_data_pipeline.py
[2026-06-18T22:19:25.057+0000] {processor.py:925} INFO - DAG(s) 'extract_raw_data_pipeline' retrieved from /opt/airflow/dags/driven_data_pipeline.py
[2026-06-18T22:19:25.072+0000] {logging_mixin.py:190} INFO - [2026-06-18T22:19:25.072+0000] {dag.py:3239} INFO - Sync 1 DAGs
[2026-06-18T22:19:25.085+0000] {logging_mixin.py:190} INFO - [2026-06-18T22:19:25.085+0000] {dag.py:4180} INFO - Setting next_dagrun for extract_raw_data_pipeline to 2026-06-18 07:59:00+00:00, run_after=2026-06-19 07:00:00+00:00
[2026-06-18T22:19:25.096+0000] {processor.py:208} INFO - Processing /opt/airflow/dags/driven_data_pipeline.py took 0.124 seconds
[2026-06-18T22:19:55.346+0000] {processor.py:186} INFO - Started process (PID=2203) to work on /opt/airflow/dags/driven_data_pipeline.py
[2026-06-18T22:19:55.347+0000] {processor.py:914} INFO - Processing file /opt/airflow/dags/driven_data_pipeline.py for tasks to queue
[2026-06-18T22:19:55.349+0000] {logging_mixin.py:190} INFO - [2026-06-18T22:19:55.348+0000] {dagbag.py:588} INFO - Filling up the DagBag from /opt/airflow/dags/driven_data_pipeline.py
[2026-06-18T22:19:55.432+0000] {processor.py:925} INFO - DAG(s) 'extract_raw_data_pipeline' retrieved from /opt/airflow/dags/driven_data_pipeline.py
[2026-06-18T22:19:55.448+0000] {logging_mixin.py:190} INFO - [2026-06-18T22:19:55.448+0000] {dag.py:3239} INFO - Sync 1 DAGs
[2026-06-18T22:19:55.461+0000] {logging_mixin.py:190} INFO - [2026-06-18T22:19:55.461+0000] {dag.py:4180} INFO - Setting next_dagrun for extract_raw_data_pipeline to 2026-06-18 07:59:00+00:00, run_after=2026-06-19 07:00:00+00:00
[2026-06-18T22:19:55.474+0000] {processor.py:208} INFO - Processing /opt/airflow/dags/driven_data_pipeline.py took 0.131 seconds
[2026-06-18T22:20:25.853+0000] {processor.py:186} INFO - Started process (PID=2211) to work on /opt/airflow/dags/driven_data_pipeline.py
[2026-06-18T22:20:25.854+0000] {processor.py:914} INFO - Processing file /opt/airflow/dags/driven_data_pipeline.py for tasks to queue
[2026-06-18T22:20:25.856+0000] {logging_mixin.py:190} INFO - [2026-06-18T22:20:25.855+0000] {dagbag.py:588} INFO - Filling up the DagBag from /opt/airflow/dags/driven_data_pipeline.py
[2026-06-18T22:20:25.941+0000] {processor.py:925} INFO - DAG(s) 'extract_raw_data_pipeline' retrieved from /opt/airflow/dags/driven_data_pipeline.py
[2026-06-18T22:20:25.957+0000] {logging_mixin.py:190} INFO - [2026-06-18T22:20:25.957+0000] {dag.py:3239} INFO - Sync 1 DAGs
[2026-06-18T22:20:25.972+0000] {logging_mixin.py:190} INFO - [2026-06-18T22:20:25.971+0000] {dag.py:4180} INFO - Setting next_dagrun for extract_raw_data_pipeline to 2026-06-18 07:59:00+00:00, run_after=2026-06-19 07:00:00+00:00
[2026-06-18T22:20:25.984+0000] {processor.py:208} INFO - Processing /opt/airflow/dags/driven_data_pipeline.py took 0.134 seconds
[2026-06-18T22:20:56.172+0000] {processor.py:186} INFO - Started process (PID=2219) to work on /opt/airflow/dags/driven_data_pipeline.py
[2026-06-18T22:20:56.172+0000] {processor.py:914} INFO - Processing file /opt/airflow/dags/driven_data_pipeline.py for tasks to queue
[2026-06-18T22:20:56.174+0000] {logging_mixin.py:190} INFO - [2026-06-18T22:20:56.174+0000] {dagbag.py:588} INFO - Filling up the DagBag from /opt/airflow/dags/driven_data_pipeline.py
[2026-06-18T22:20:56.254+0000] {processor.py:925} INFO - DAG(s) 'extract_raw_data_pipeline' retrieved from /opt/airflow/dags/driven_data_pipeline.py
[2026-06-18T22:20:56.268+0000] {logging_mixin.py:190} INFO - [2026-06-18T22:20:56.268+0000] {dag.py:3239} INFO - Sync 1 DAGs
[2026-06-18T22:20:56.281+0000] {logging_mixin.py:190} INFO - [2026-06-18T22:20:56.281+0000] {dag.py:4180} INFO - Setting next_dagrun for extract_raw_data_pipeline to 2026-06-18 07:59:00+00:00, run_after=2026-06-19 07:00:00+00:00
[2026-06-18T22:20:56.293+0000] {processor.py:208} INFO - Processing /opt/airflow/dags/driven_data_pipeline.py took 0.125 seconds
[2026-06-18T22:21:26.620+0000] {processor.py:186} INFO - Started process (PID=2227) to work on /opt/airflow/dags/driven_data_pipeline.py
[2026-06-18T22:21:26.621+0000] {processor.py:914} INFO - Processing file /opt/airflow/dags/driven_data_pipeline.py for tasks to queue
[2026-06-18T22:21:26.622+0000] {logging_mixin.py:190} INFO - [2026-06-18T22:21:26.622+0000] {dagbag.py:588} INFO - Filling up the DagBag from /opt/airflow/dags/driven_data_pipeline.py
[2026-06-18T22:21:26.704+0000] {processor.py:925} INFO - DAG(s) 'extract_raw_data_pipeline' retrieved from /opt/airflow/dags/driven_data_pipeline.py
[2026-06-18T22:21:26.720+0000] {logging_mixin.py:190} INFO - [2026-06-18T22:21:26.720+0000] {dag.py:3239} INFO - Sync 1 DAGs
[2026-06-18T22:21:26.734+0000] {logging_mixin.py:190} INFO - [2026-06-18T22:21:26.734+0000] {dag.py:4180} INFO - Setting next_dagrun for extract_raw_data_pipeline to 2026-06-18 07:59:00+00:00, run_after=2026-06-19 07:00:00+00:00
[2026-06-18T22:21:26.749+0000] {processor.py:208} INFO - Processing /opt/airflow/dags/driven_data_pipeline.py took 0.132 seconds
[2026-06-18T22:21:56.966+0000] {processor.py:186} INFO - Started process (PID=2234) to work on /opt/airflow/dags/driven_data_pipeline.py
[2026-06-18T22:21:56.967+0000] {processor.py:914} INFO - Processing file /opt/airflow/dags/driven_data_pipeline.py for tasks to queue
[2026-06-18T22:21:56.968+0000] {logging_mixin.py:190} INFO - [2026-06-18T22:21:56.968+0000] {dagbag.py:588} INFO - Filling up the DagBag from /opt/airflow/dags/driven_data_pipeline.py
[2026-06-18T22:21:57.058+0000] {processor.py:925} INFO - DAG(s) 'extract_raw_data_pipeline' retrieved from /opt/airflow/dags/driven_data_pipeline.py
[2026-06-18T22:21:57.073+0000] {logging_mixin.py:190} INFO - [2026-06-18T22:21:57.073+0000] {dag.py:3239} INFO - Sync 1 DAGs
[2026-06-18T22:21:57.088+0000] {logging_mixin.py:190} INFO - [2026-06-18T22:21:57.088+0000] {dag.py:4180} INFO - Setting next_dagrun for extract_raw_data_pipeline to 2026-06-18 07:59:00+00:00, run_after=2026-06-19 07:00:00+00:00
[2026-06-18T22:21:57.104+0000] {processor.py:208} INFO - Processing /opt/airflow/dags/driven_data_pipeline.py took 0.141 seconds
[2026-06-18T22:22:27.337+0000] {processor.py:186} INFO - Started process (PID=2241) to work on /opt/airflow/dags/driven_data_pipeline.py
[2026-06-18T22:22:27.338+0000] {processor.py:914} INFO - Processing file /opt/airflow/dags/driven_data_pipeline.py for tasks to queue
[2026-06-18T22:22:27.340+0000] {logging_mixin.py:190} INFO - [2026-06-18T22:22:27.339+0000] {dagbag.py:588} INFO - Filling up the DagBag from /opt/airflow/dags/driven_data_pipeline.py
[2026-06-18T22:22:27.424+0000] {processor.py:925} INFO - DAG(s) 'extract_raw_data_pipeline' retrieved from /opt/airflow/dags/driven_data_pipeline.py
[2026-06-18T22:22:27.439+0000] {logging_mixin.py:190} INFO - [2026-06-18T22:22:27.439+0000] {dag.py:3239} INFO - Sync 1 DAGs
[2026-06-18T22:22:27.453+0000] {logging_mixin.py:190} INFO - [2026-06-18T22:22:27.453+0000] {dag.py:4180} INFO - Setting next_dagrun for extract_raw_data_pipeline to 2026-06-18 07:59:00+00:00, run_after=2026-06-19 07:00:00+00:00
[2026-06-18T22:22:27.467+0000] {processor.py:208} INFO - Processing /opt/airflow/dags/driven_data_pipeline.py took 0.134 seconds
[2026-06-18T22:22:57.690+0000] {processor.py:186} INFO - Started process (PID=2249) to work on /opt/airflow/dags/driven_data_pipeline.py
[2026-06-18T22:22:57.691+0000] {processor.py:914} INFO - Processing file /opt/airflow/dags/driven_data_pipeline.py for tasks to queue
[2026-06-18T22:22:57.692+0000] {logging_mixin.py:190} INFO - [2026-06-18T22:22:57.692+0000] {dagbag.py:588} INFO - Filling up the DagBag from /opt/airflow/dags/driven_data_pipeline.py
[2026-06-18T22:22:57.769+0000] {processor.py:925} INFO - DAG(s) 'extract_raw_data_pipeline' retrieved from /opt/airflow/dags/driven_data_pipeline.py
[2026-06-18T22:22:57.784+0000] {logging_mixin.py:190} INFO - [2026-06-18T22:22:57.784+0000] {dag.py:3239} INFO - Sync 1 DAGs
[2026-06-18T22:22:57.795+0000] {logging_mixin.py:190} INFO - [2026-06-18T22:22:57.794+0000] {dag.py:4180} INFO - Setting next_dagrun for extract_raw_data_pipeline to 2026-06-18 07:59:00+00:00, run_after=2026-06-19 07:00:00+00:00
[2026-06-18T22:22:57.807+0000] {processor.py:208} INFO - Processing /opt/airflow/dags/driven_data_pipeline.py took 0.120 seconds
[2026-06-18T22:23:28.197+0000] {processor.py:186} INFO - Started process (PID=2257) to work on /opt/airflow/dags/driven_data_pipeline.py
[2026-06-18T22:23:28.198+0000] {processor.py:914} INFO - Processing file /opt/airflow/dags/driven_data_pipeline.py for tasks to queue
[2026-06-18T22:23:28.199+0000] {logging_mixin.py:190} INFO - [2026-06-18T22:23:28.199+0000] {dagbag.py:588} INFO - Filling up the DagBag from /opt/airflow/dags/driven_data_pipeline.py
[2026-06-18T22:23:28.293+0000] {processor.py:925} INFO - DAG(s) 'extract_raw_data_pipeline' retrieved from /opt/airflow/dags/driven_data_pipeline.py
[2026-06-18T22:23:28.309+0000] {logging_mixin.py:190} INFO - [2026-06-18T22:23:28.308+0000] {dag.py:3239} INFO - Sync 1 DAGs
[2026-06-18T22:23:28.322+0000] {logging_mixin.py:190} INFO - [2026-06-18T22:23:28.322+0000] {dag.py:4180} INFO - Setting next_dagrun for extract_raw_data_pipeline to 2026-06-18 07:59:00+00:00, run_after=2026-06-19 07:00:00+00:00
[2026-06-18T22:23:28.337+0000] {processor.py:208} INFO - Processing /opt/airflow/dags/driven_data_pipeline.py took 0.144 seconds
[2026-06-18T22:23:58.661+0000] {processor.py:186} INFO - Started process (PID=2265) to work on /opt/airflow/dags/driven_data_pipeline.py
[2026-06-18T22:23:58.662+0000] {processor.py:914} INFO - Processing file /opt/airflow/dags/driven_data_pipeline.py for tasks to queue
[2026-06-18T22:23:58.664+0000] {logging_mixin.py:190} INFO - [2026-06-18T22:23:58.663+0000] {dagbag.py:588} INFO - Filling up the DagBag from /opt/airflow/dags/driven_data_pipeline.py
[2026-06-18T22:23:58.755+0000] {processor.py:925} INFO - DAG(s) 'extract_raw_data_pipeline' retrieved from /opt/airflow/dags/driven_data_pipeline.py
[2026-06-18T22:23:58.771+0000] {logging_mixin.py:190} INFO - [2026-06-18T22:23:58.771+0000] {dag.py:3239} INFO - Sync 1 DAGs
[2026-06-18T22:23:58.784+0000] {logging_mixin.py:190} INFO - [2026-06-18T22:23:58.784+0000] {dag.py:4180} INFO - Setting next_dagrun for extract_raw_data_pipeline to 2026-06-18 07:59:00+00:00, run_after=2026-06-19 07:00:00+00:00
[2026-06-18T22:23:58.798+0000] {processor.py:208} INFO - Processing /opt/airflow/dags/driven_data_pipeline.py took 0.140 seconds
[2026-06-18T22:24:29.045+0000] {processor.py:186} INFO - Started process (PID=2273) to work on /opt/airflow/dags/driven_data_pipeline.py
[2026-06-18T22:24:29.048+0000] {processor.py:914} INFO - Processing file /opt/airflow/dags/driven_data_pipeline.py for tasks to queue
[2026-06-18T22:24:29.050+0000] {logging_mixin.py:190} INFO - [2026-06-18T22:24:29.050+0000] {dagbag.py:588} INFO - Filling up the DagBag from /opt/airflow/dags/driven_data_pipeline.py
[2026-06-18T22:24:29.134+0000] {processor.py:925} INFO - DAG(s) 'extract_raw_data_pipeline' retrieved from /opt/airflow/dags/driven_data_pipeline.py
[2026-06-18T22:24:29.149+0000] {logging_mixin.py:190} INFO - [2026-06-18T22:24:29.149+0000] {dag.py:3239} INFO - Sync 1 DAGs
[2026-06-18T22:24:29.163+0000] {logging_mixin.py:190} INFO - [2026-06-18T22:24:29.163+0000] {dag.py:4180} INFO - Setting next_dagrun for extract_raw_data_pipeline to 2026-06-18 07:59:00+00:00, run_after=2026-06-19 07:00:00+00:00
[2026-06-18T22:24:29.175+0000] {processor.py:208} INFO - Processing /opt/airflow/dags/driven_data_pipeline.py took 0.134 seconds
[2026-06-18T22:24:59.387+0000] {processor.py:186} INFO - Started process (PID=2281) to work on /opt/airflow/dags/driven_data_pipeline.py
[2026-06-18T22:24:59.388+0000] {processor.py:914} INFO - Processing file /opt/airflow/dags/driven_data_pipeline.py for tasks to queue
[2026-06-18T22:24:59.390+0000] {logging_mixin.py:190} INFO - [2026-06-18T22:24:59.389+0000] {dagbag.py:588} INFO - Filling up the DagBag from /opt/airflow/dags/driven_data_pipeline.py
[2026-06-18T22:24:59.474+0000] {processor.py:925} INFO - DAG(s) 'extract_raw_data_pipeline' retrieved from /opt/airflow/dags/driven_data_pipeline.py
[2026-06-18T22:24:59.491+0000] {logging_mixin.py:190} INFO - [2026-06-18T22:24:59.490+0000] {dag.py:3239} INFO - Sync 1 DAGs
[2026-06-18T22:24:59.504+0000] {logging_mixin.py:190} INFO - [2026-06-18T22:24:59.504+0000] {dag.py:4180} INFO - Setting next_dagrun for extract_raw_data_pipeline to 2026-06-18 07:59:00+00:00, run_after=2026-06-19 07:00:00+00:00
[2026-06-18T22:24:59.521+0000] {processor.py:208} INFO - Processing /opt/airflow/dags/driven_data_pipeline.py took 0.138 seconds
[2026-06-18T22:25:29.817+0000] {processor.py:186} INFO - Started process (PID=2289) to work on /opt/airflow/dags/driven_data_pipeline.py
[2026-06-18T22:25:29.817+0000] {processor.py:914} INFO - Processing file /opt/airflow/dags/driven_data_pipeline.py for tasks to queue
[2026-06-18T22:25:29.819+0000] {logging_mixin.py:190} INFO - [2026-06-18T22:25:29.819+0000] {dagbag.py:588} INFO - Filling up the DagBag from /opt/airflow/dags/driven_data_pipeline.py
[2026-06-18T22:25:29.902+0000] {processor.py:925} INFO - DAG(s) 'extract_raw_data_pipeline' retrieved from /opt/airflow/dags/driven_data_pipeline.py
[2026-06-18T22:25:29.917+0000] {logging_mixin.py:190} INFO - [2026-06-18T22:25:29.917+0000] {dag.py:3239} INFO - Sync 1 DAGs
[2026-06-18T22:25:29.929+0000] {logging_mixin.py:190} INFO - [2026-06-18T22:25:29.929+0000] {dag.py:4180} INFO - Setting next_dagrun for extract_raw_data_pipeline to 2026-06-18 07:59:00+00:00, run_after=2026-06-19 07:00:00+00:00
[2026-06-18T22:25:29.951+0000] {processor.py:208} INFO - Processing /opt/airflow/dags/driven_data_pipeline.py took 0.137 seconds
[2026-06-18T22:26:00.164+0000] {processor.py:186} INFO - Started process (PID=2297) to work on /opt/airflow/dags/driven_data_pipeline.py
[2026-06-18T22:26:00.165+0000] {processor.py:914} INFO - Processing file /opt/airflow/dags/driven_data_pipeline.py for tasks to queue
[2026-06-18T22:26:00.166+0000] {logging_mixin.py:190} INFO - [2026-06-18T22:26:00.166+0000] {dagbag.py:588} INFO - Filling up the DagBag from /opt/airflow/dags/driven_data_pipeline.py
[2026-06-18T22:26:00.249+0000] {processor.py:925} INFO - DAG(s) 'extract_raw_data_pipeline' retrieved from /opt/airflow/dags/driven_data_pipeline.py
[2026-06-18T22:26:00.264+0000] {logging_mixin.py:190} INFO - [2026-06-18T22:26:00.264+0000] {dag.py:3239} INFO - Sync 1 DAGs
[2026-06-18T22:26:00.278+0000] {logging_mixin.py:190} INFO - [2026-06-18T22:26:00.277+0000] {dag.py:4180} INFO - Setting next_dagrun for extract_raw_data_pipeline to 2026-06-18 07:59:00+00:00, run_after=2026-06-19 07:00:00+00:00
[2026-06-18T22:26:00.301+0000] {processor.py:208} INFO - Processing /opt/airflow/dags/driven_data_pipeline.py took 0.141 seconds
[2026-06-18T22:26:30.536+0000] {processor.py:186} INFO - Started process (PID=2304) to work on /opt/airflow/dags/driven_data_pipeline.py
[2026-06-18T22:26:30.536+0000] {processor.py:914} INFO - Processing file /opt/airflow/dags/driven_data_pipeline.py for tasks to queue
[2026-06-18T22:26:30.538+0000] {logging_mixin.py:190} INFO - [2026-06-18T22:26:30.538+0000] {dagbag.py:588} INFO - Filling up the DagBag from /opt/airflow/dags/driven_data_pipeline.py
[2026-06-18T22:26:30.621+0000] {processor.py:925} INFO - DAG(s) 'extract_raw_data_pipeline' retrieved from /opt/airflow/dags/driven_data_pipeline.py
[2026-06-18T22:26:30.636+0000] {logging_mixin.py:190} INFO - [2026-06-18T22:26:30.636+0000] {dag.py:3239} INFO - Sync 1 DAGs
[2026-06-18T22:26:30.650+0000] {logging_mixin.py:190} INFO - [2026-06-18T22:26:30.650+0000] {dag.py:4180} INFO - Setting next_dagrun for extract_raw_data_pipeline to 2026-06-18 07:59:00+00:00, run_after=2026-06-19 07:00:00+00:00
[2026-06-18T22:26:30.664+0000] {processor.py:208} INFO - Processing /opt/airflow/dags/driven_data_pipeline.py took 0.132 seconds
[2026-06-18T22:27:01.035+0000] {processor.py:186} INFO - Started process (PID=2312) to work on /opt/airflow/dags/driven_data_pipeline.py
[2026-06-18T22:27:01.036+0000] {processor.py:914} INFO - Processing file /opt/airflow/dags/driven_data_pipeline.py for tasks to queue
[2026-06-18T22:27:01.037+0000] {logging_mixin.py:190} INFO - [2026-06-18T22:27:01.037+0000] {dagbag.py:588} INFO - Filling up the DagBag from /opt/airflow/dags/driven_data_pipeline.py
[2026-06-18T22:27:01.135+0000] {processor.py:925} INFO - DAG(s) 'extract_raw_data_pipeline' retrieved from /opt/airflow/dags/driven_data_pipeline.py
[2026-06-18T22:27:01.151+0000] {logging_mixin.py:190} INFO - [2026-06-18T22:27:01.150+0000] {dag.py:3239} INFO - Sync 1 DAGs
[2026-06-18T22:27:01.164+0000] {logging_mixin.py:190} INFO - [2026-06-18T22:27:01.164+0000] {dag.py:4180} INFO - Setting next_dagrun for extract_raw_data_pipeline to 2026-06-18 07:59:00+00:00, run_after=2026-06-19 07:00:00+00:00
[2026-06-18T22:27:01.176+0000] {processor.py:208} INFO - Processing /opt/airflow/dags/driven_data_pipeline.py took 0.145 seconds
[2026-06-18T22:27:31.368+0000] {processor.py:186} INFO - Started process (PID=2320) to work on /opt/airflow/dags/driven_data_pipeline.py
[2026-06-18T22:27:31.369+0000] {processor.py:914} INFO - Processing file /opt/airflow/dags/driven_data_pipeline.py for tasks to queue
[2026-06-18T22:27:31.371+0000] {logging_mixin.py:190} INFO - [2026-06-18T22:27:31.371+0000] {dagbag.py:588} INFO - Filling up the DagBag from /opt/airflow/dags/driven_data_pipeline.py
[2026-06-18T22:27:31.508+0000] {processor.py:925} INFO - DAG(s) 'extract_raw_data_pipeline' retrieved from /opt/airflow/dags/driven_data_pipeline.py
[2026-06-18T22:27:31.526+0000] {logging_mixin.py:190} INFO - [2026-06-18T22:27:31.526+0000] {dag.py:3239} INFO - Sync 1 DAGs
[2026-06-18T22:27:31.542+0000] {logging_mixin.py:190} INFO - [2026-06-18T22:27:31.542+0000] {dag.py:4180} INFO - Setting next_dagrun for extract_raw_data_pipeline to 2026-06-18 07:59:00+00:00, run_after=2026-06-19 07:00:00+00:00
[2026-06-18T22:27:31.558+0000] {processor.py:208} INFO - Processing /opt/airflow/dags/driven_data_pipeline.py took 0.197 seconds
[2026-06-18T22:28:01.771+0000] {processor.py:186} INFO - Started process (PID=2328) to work on /opt/airflow/dags/driven_data_pipeline.py
[2026-06-18T22:28:01.772+0000] {processor.py:914} INFO - Processing file /opt/airflow/dags/driven_data_pipeline.py for tasks to queue
[2026-06-18T22:28:01.773+0000] {logging_mixin.py:190} INFO - [2026-06-18T22:28:01.773+0000] {dagbag.py:588} INFO - Filling up the DagBag from /opt/airflow/dags/driven_data_pipeline.py
[2026-06-18T22:28:01.859+0000] {processor.py:925} INFO - DAG(s) 'extract_raw_data_pipeline' retrieved from /opt/airflow/dags/driven_data_pipeline.py
[2026-06-18T22:28:01.875+0000] {logging_mixin.py:190} INFO - [2026-06-18T22:28:01.875+0000] {dag.py:3239} INFO - Sync 1 DAGs
[2026-06-18T22:28:01.888+0000] {logging_mixin.py:190} INFO - [2026-06-18T22:28:01.887+0000] {dag.py:4180} INFO - Setting next_dagrun for extract_raw_data_pipeline to 2026-06-18 07:59:00+00:00, run_after=2026-06-19 07:00:00+00:00
[2026-06-18T22:28:01.900+0000] {processor.py:208} INFO - Processing /opt/airflow/dags/driven_data_pipeline.py took 0.132 seconds
[2026-06-18T22:28:32.226+0000] {processor.py:186} INFO - Started process (PID=2336) to work on /opt/airflow/dags/driven_data_pipeline.py
[2026-06-18T22:28:32.227+0000] {processor.py:914} INFO - Processing file /opt/airflow/dags/driven_data_pipeline.py for tasks to queue
[2026-06-18T22:28:32.228+0000] {logging_mixin.py:190} INFO - [2026-06-18T22:28:32.228+0000] {dagbag.py:588} INFO - Filling up the DagBag from /opt/airflow/dags/driven_data_pipeline.py
[2026-06-18T22:28:32.316+0000] {processor.py:925} INFO - DAG(s) 'extract_raw_data_pipeline' retrieved from /opt/airflow/dags/driven_data_pipeline.py
[2026-06-18T22:28:32.331+0000] {logging_mixin.py:190} INFO - [2026-06-18T22:28:32.331+0000] {dag.py:3239} INFO - Sync 1 DAGs
[2026-06-18T22:28:32.344+0000] {logging_mixin.py:190} INFO - [2026-06-18T22:28:32.344+0000] {dag.py:4180} INFO - Setting next_dagrun for extract_raw_data_pipeline to 2026-06-18 07:59:00+00:00, run_after=2026-06-19 07:00:00+00:00
[2026-06-18T22:28:32.356+0000] {processor.py:208} INFO - Processing /opt/airflow/dags/driven_data_pipeline.py took 0.136 seconds
[2026-06-18T22:29:02.532+0000] {processor.py:186} INFO - Started process (PID=2344) to work on /opt/airflow/dags/driven_data_pipeline.py
[2026-06-18T22:29:02.533+0000] {processor.py:914} INFO - Processing file /opt/airflow/dags/driven_data_pipeline.py for tasks to queue
[2026-06-18T22:29:02.534+0000] {logging_mixin.py:190} INFO - [2026-06-18T22:29:02.534+0000] {dagbag.py:588} INFO - Filling up the DagBag from /opt/airflow/dags/driven_data_pipeline.py
[2026-06-18T22:29:02.620+0000] {processor.py:925} INFO - DAG(s) 'extract_raw_data_pipeline' retrieved from /opt/airflow/dags/driven_data_pipeline.py
[2026-06-18T22:29:02.646+0000] {logging_mixin.py:190} INFO - [2026-06-18T22:29:02.645+0000] {dag.py:3239} INFO - Sync 1 DAGs
[2026-06-18T22:29:02.706+0000] {logging_mixin.py:190} INFO - [2026-06-18T22:29:02.706+0000] {dag.py:4180} INFO - Setting next_dagrun for extract_raw_data_pipeline to 2026-06-18 07:59:00+00:00, run_after=2026-06-19 07:00:00+00:00
[2026-06-18T22:29:02.744+0000] {processor.py:208} INFO - Processing /opt/airflow/dags/driven_data_pipeline.py took 0.216 seconds
[2026-06-18T22:29:33.035+0000] {processor.py:186} INFO - Started process (PID=2351) to work on /opt/airflow/dags/driven_data_pipeline.py
[2026-06-18T22:29:33.036+0000] {processor.py:914} INFO - Processing file /opt/airflow/dags/driven_data_pipeline.py for tasks to queue
[2026-06-18T22:29:33.038+0000] {logging_mixin.py:190} INFO - [2026-06-18T22:29:33.037+0000] {dagbag.py:588} INFO - Filling up the DagBag from /opt/airflow/dags/driven_data_pipeline.py
[2026-06-18T22:29:33.121+0000] {processor.py:925} INFO - DAG(s) 'extract_raw_data_pipeline' retrieved from /opt/airflow/dags/driven_data_pipeline.py
[2026-06-18T22:29:33.137+0000] {logging_mixin.py:190} INFO - [2026-06-18T22:29:33.137+0000] {dag.py:3239} INFO - Sync 1 DAGs
[2026-06-18T22:29:33.150+0000] {logging_mixin.py:190} INFO - [2026-06-18T22:29:33.150+0000] {dag.py:4180} INFO - Setting next_dagrun for extract_raw_data_pipeline to 2026-06-18 07:59:00+00:00, run_after=2026-06-19 07:00:00+00:00
[2026-06-18T22:29:33.164+0000] {processor.py:208} INFO - Processing /opt/airflow/dags/driven_data_pipeline.py took 0.132 seconds
[2026-06-18T22:30:03.408+0000] {processor.py:186} INFO - Started process (PID=2359) to work on /opt/airflow/dags/driven_data_pipeline.py
[2026-06-18T22:30:03.409+0000] {processor.py:914} INFO - Processing file /opt/airflow/dags/driven_data_pipeline.py for tasks to queue
[2026-06-18T22:30:03.410+0000] {logging_mixin.py:190} INFO - [2026-06-18T22:30:03.410+0000] {dagbag.py:588} INFO - Filling up the DagBag from /opt/airflow/dags/driven_data_pipeline.py
[2026-06-18T22:30:03.497+0000] {processor.py:925} INFO - DAG(s) 'extract_raw_data_pipeline' retrieved from /opt/airflow/dags/driven_data_pipeline.py
[2026-06-18T22:30:03.513+0000] {logging_mixin.py:190} INFO - [2026-06-18T22:30:03.513+0000] {dag.py:3239} INFO - Sync 1 DAGs
[2026-06-18T22:30:03.527+0000] {logging_mixin.py:190} INFO - [2026-06-18T22:30:03.527+0000] {dag.py:4180} INFO - Setting next_dagrun for extract_raw_data_pipeline to 2026-06-18 07:59:00+00:00, run_after=2026-06-19 07:00:00+00:00
[2026-06-18T22:30:03.546+0000] {processor.py:208} INFO - Processing /opt/airflow/dags/driven_data_pipeline.py took 0.142 seconds
[2026-06-18T22:30:33.898+0000] {processor.py:186} INFO - Started process (PID=2367) to work on /opt/airflow/dags/driven_data_pipeline.py
[2026-06-18T22:30:33.899+0000] {processor.py:914} INFO - Processing file /opt/airflow/dags/driven_data_pipeline.py for tasks to queue
[2026-06-18T22:30:33.900+0000] {logging_mixin.py:190} INFO - [2026-06-18T22:30:33.900+0000] {dagbag.py:588} INFO - Filling up the DagBag from /opt/airflow/dags/driven_data_pipeline.py
[2026-06-18T22:30:33.982+0000] {processor.py:925} INFO - DAG(s) 'extract_raw_data_pipeline' retrieved from /opt/airflow/dags/driven_data_pipeline.py
[2026-06-18T22:30:33.998+0000] {logging_mixin.py:190} INFO - [2026-06-18T22:30:33.997+0000] {dag.py:3239} INFO - Sync 1 DAGs
[2026-06-18T22:30:34.012+0000] {logging_mixin.py:190} INFO - [2026-06-18T22:30:34.012+0000] {dag.py:4180} INFO - Setting next_dagrun for extract_raw_data_pipeline to 2026-06-18 07:59:00+00:00, run_after=2026-06-19 07:00:00+00:00
[2026-06-18T22:30:34.027+0000] {processor.py:208} INFO - Processing /opt/airflow/dags/driven_data_pipeline.py took 0.132 seconds
[2026-06-18T22:31:04.297+0000] {processor.py:186} INFO - Started process (PID=2375) to work on /opt/airflow/dags/driven_data_pipeline.py
[2026-06-18T22:31:04.298+0000] {processor.py:914} INFO - Processing file /opt/airflow/dags/driven_data_pipeline.py for tasks to queue
[2026-06-18T22:31:04.299+0000] {logging_mixin.py:190} INFO - [2026-06-18T22:31:04.299+0000] {dagbag.py:588} INFO - Filling up the DagBag from /opt/airflow/dags/driven_data_pipeline.py
[2026-06-18T22:31:04.379+0000] {processor.py:925} INFO - DAG(s) 'extract_raw_data_pipeline' retrieved from /opt/airflow/dags/driven_data_pipeline.py
[2026-06-18T22:31:04.395+0000] {logging_mixin.py:190} INFO - [2026-06-18T22:31:04.395+0000] {dag.py:3239} INFO - Sync 1 DAGs
[2026-06-18T22:31:04.407+0000] {logging_mixin.py:190} INFO - [2026-06-18T22:31:04.407+0000] {dag.py:4180} INFO - Setting next_dagrun for extract_raw_data_pipeline to 2026-06-18 07:59:00+00:00, run_after=2026-06-19 07:00:00+00:00
[2026-06-18T22:31:04.422+0000] {processor.py:208} INFO - Processing /opt/airflow/dags/driven_data_pipeline.py took 0.129 seconds
[2026-06-18T22:31:34.629+0000] {processor.py:186} INFO - Started process (PID=2383) to work on /opt/airflow/dags/driven_data_pipeline.py
[2026-06-18T22:31:34.629+0000] {processor.py:914} INFO - Processing file /opt/airflow/dags/driven_data_pipeline.py for tasks to queue
[2026-06-18T22:31:34.631+0000] {logging_mixin.py:190} INFO - [2026-06-18T22:31:34.631+0000] {dagbag.py:588} INFO - Filling up the DagBag from /opt/airflow/dags/driven_data_pipeline.py
[2026-06-18T22:31:34.723+0000] {processor.py:925} INFO - DAG(s) 'extract_raw_data_pipeline' retrieved from /opt/airflow/dags/driven_data_pipeline.py
[2026-06-18T22:31:34.739+0000] {logging_mixin.py:190} INFO - [2026-06-18T22:31:34.739+0000] {dag.py:3239} INFO - Sync 1 DAGs
[2026-06-18T22:31:34.752+0000] {logging_mixin.py:190} INFO - [2026-06-18T22:31:34.752+0000] {dag.py:4180} INFO - Setting next_dagrun for extract_raw_data_pipeline to 2026-06-18 07:59:00+00:00, run_after=2026-06-19 07:00:00+00:00
[2026-06-18T22:31:34.765+0000] {processor.py:208} INFO - Processing /opt/airflow/dags/driven_data_pipeline.py took 0.141 seconds
[2026-06-18T22:32:05.039+0000] {processor.py:186} INFO - Started process (PID=2391) to work on /opt/airflow/dags/driven_data_pipeline.py
[2026-06-18T22:32:05.040+0000] {processor.py:914} INFO - Processing file /opt/airflow/dags/driven_data_pipeline.py for tasks to queue
[2026-06-18T22:32:05.041+0000] {logging_mixin.py:190} INFO - [2026-06-18T22:32:05.041+0000] {dagbag.py:588} INFO - Filling up the DagBag from /opt/airflow/dags/driven_data_pipeline.py
[2026-06-18T22:32:05.124+0000] {processor.py:925} INFO - DAG(s) 'extract_raw_data_pipeline' retrieved from /opt/airflow/dags/driven_data_pipeline.py
[2026-06-18T22:32:05.138+0000] {logging_mixin.py:190} INFO - [2026-06-18T22:32:05.138+0000] {dag.py:3239} INFO - Sync 1 DAGs
[2026-06-18T22:32:05.151+0000] {logging_mixin.py:190} INFO - [2026-06-18T22:32:05.150+0000] {dag.py:4180} INFO - Setting next_dagrun for extract_raw_data_pipeline to 2026-06-18 07:59:00+00:00, run_after=2026-06-19 07:00:00+00:00
[2026-06-18T22:32:05.164+0000] {processor.py:208} INFO - Processing /opt/airflow/dags/driven_data_pipeline.py took 0.128 seconds
[2026-06-18T22:32:35.392+0000] {processor.py:186} INFO - Started process (PID=2400) to work on /opt/airflow/dags/driven_data_pipeline.py
[2026-06-18T22:32:35.393+0000] {processor.py:914} INFO - Processing file /opt/airflow/dags/driven_data_pipeline.py for tasks to queue
[2026-06-18T22:32:35.394+0000] {logging_mixin.py:190} INFO - [2026-06-18T22:32:35.394+0000] {dagbag.py:588} INFO - Filling up the DagBag from /opt/airflow/dags/driven_data_pipeline.py
[2026-06-18T22:32:35.476+0000] {processor.py:925} INFO - DAG(s) 'extract_raw_data_pipeline' retrieved from /opt/airflow/dags/driven_data_pipeline.py
[2026-06-18T22:32:35.490+0000] {logging_mixin.py:190} INFO - [2026-06-18T22:32:35.490+0000] {dag.py:3239} INFO - Sync 1 DAGs
[2026-06-18T22:32:35.504+0000] {logging_mixin.py:190} INFO - [2026-06-18T22:32:35.504+0000] {dag.py:4180} INFO - Setting next_dagrun for extract_raw_data_pipeline to 2026-06-18 07:59:00+00:00, run_after=2026-06-19 07:00:00+00:00
[2026-06-18T22:32:35.517+0000] {processor.py:208} INFO - Processing /opt/airflow/dags/driven_data_pipeline.py took 0.129 seconds
[2026-06-18T22:33:05.748+0000] {processor.py:186} INFO - Started process (PID=2408) to work on /opt/airflow/dags/driven_data_pipeline.py
[2026-06-18T22:33:05.749+0000] {processor.py:914} INFO - Processing file /opt/airflow/dags/driven_data_pipeline.py for tasks to queue
[2026-06-18T22:33:05.751+0000] {logging_mixin.py:190} INFO - [2026-06-18T22:33:05.750+0000] {dagbag.py:588} INFO - Filling up the DagBag from /opt/airflow/dags/driven_data_pipeline.py
[2026-06-18T22:33:05.834+0000] {processor.py:925} INFO - DAG(s) 'extract_raw_data_pipeline' retrieved from /opt/airflow/dags/driven_data_pipeline.py
[2026-06-18T22:33:05.849+0000] {logging_mixin.py:190} INFO - [2026-06-18T22:33:05.848+0000] {dag.py:3239} INFO - Sync 1 DAGs
[2026-06-18T22:33:05.860+0000] {logging_mixin.py:190} INFO - [2026-06-18T22:33:05.860+0000] {dag.py:4180} INFO - Setting next_dagrun for extract_raw_data_pipeline to 2026-06-18 07:59:00+00:00, run_after=2026-06-19 07:00:00+00:00
[2026-06-18T22:33:05.874+0000] {processor.py:208} INFO - Processing /opt/airflow/dags/driven_data_pipeline.py took 0.129 seconds
[2026-06-18T22:33:36.121+0000] {processor.py:186} INFO - Started process (PID=2422) to work on /opt/airflow/dags/driven_data_pipeline.py
[2026-06-18T22:33:36.122+0000] {processor.py:914} INFO - Processing file /opt/airflow/dags/driven_data_pipeline.py for tasks to queue
[2026-06-18T22:33:36.123+0000] {logging_mixin.py:190} INFO - [2026-06-18T22:33:36.123+0000] {dagbag.py:588} INFO - Filling up the DagBag from /opt/airflow/dags/driven_data_pipeline.py
[2026-06-18T22:33:36.207+0000] {processor.py:925} INFO - DAG(s) 'extract_raw_data_pipeline' retrieved from /opt/airflow/dags/driven_data_pipeline.py
[2026-06-18T22:33:36.222+0000] {logging_mixin.py:190} INFO - [2026-06-18T22:33:36.222+0000] {dag.py:3239} INFO - Sync 1 DAGs
[2026-06-18T22:33:36.235+0000] {logging_mixin.py:190} INFO - [2026-06-18T22:33:36.235+0000] {dag.py:4180} INFO - Setting next_dagrun for extract_raw_data_pipeline to 2026-06-18 07:59:00+00:00, run_after=2026-06-19 07:00:00+00:00
[2026-06-18T22:33:36.251+0000] {processor.py:208} INFO - Processing /opt/airflow/dags/driven_data_pipeline.py took 0.133 seconds
[2026-06-18T22:34:06.484+0000] {processor.py:186} INFO - Started process (PID=2429) to work on /opt/airflow/dags/driven_data_pipeline.py
[2026-06-18T22:34:06.485+0000] {processor.py:914} INFO - Processing file /opt/airflow/dags/driven_data_pipeline.py for tasks to queue
[2026-06-18T22:34:06.487+0000] {logging_mixin.py:190} INFO - [2026-06-18T22:34:06.486+0000] {dagbag.py:588} INFO - Filling up the DagBag from /opt/airflow/dags/driven_data_pipeline.py
[2026-06-18T22:34:06.568+0000] {processor.py:925} INFO - DAG(s) 'extract_raw_data_pipeline' retrieved from /opt/airflow/dags/driven_data_pipeline.py
[2026-06-18T22:34:06.583+0000] {logging_mixin.py:190} INFO - [2026-06-18T22:34:06.583+0000] {dag.py:3239} INFO - Sync 1 DAGs
[2026-06-18T22:34:06.597+0000] {logging_mixin.py:190} INFO - [2026-06-18T22:34:06.596+0000] {dag.py:4180} INFO - Setting next_dagrun for extract_raw_data_pipeline to 2026-06-18 07:59:00+00:00, run_after=2026-06-19 07:00:00+00:00
[2026-06-18T22:34:06.610+0000] {processor.py:208} INFO - Processing /opt/airflow/dags/driven_data_pipeline.py took 0.129 seconds
[2026-06-18T22:34:36.839+0000] {processor.py:186} INFO - Started process (PID=2437) to work on /opt/airflow/dags/driven_data_pipeline.py
[2026-06-18T22:34:36.840+0000] {processor.py:914} INFO - Processing file /opt/airflow/dags/driven_data_pipeline.py for tasks to queue
[2026-06-18T22:34:36.842+0000] {logging_mixin.py:190} INFO - [2026-06-18T22:34:36.842+0000] {dagbag.py:588} INFO - Filling up the DagBag from /opt/airflow/dags/driven_data_pipeline.py
[2026-06-18T22:34:36.925+0000] {processor.py:925} INFO - DAG(s) 'extract_raw_data_pipeline' retrieved from /opt/airflow/dags/driven_data_pipeline.py
[2026-06-18T22:34:36.940+0000] {logging_mixin.py:190} INFO - [2026-06-18T22:34:36.940+0000] {dag.py:3239} INFO - Sync 1 DAGs
[2026-06-18T22:34:36.954+0000] {logging_mixin.py:190} INFO - [2026-06-18T22:34:36.954+0000] {dag.py:4180} INFO - Setting next_dagrun for extract_raw_data_pipeline to 2026-06-18 07:59:00+00:00, run_after=2026-06-19 07:00:00+00:00
[2026-06-18T22:34:36.968+0000] {processor.py:208} INFO - Processing /opt/airflow/dags/driven_data_pipeline.py took 0.133 seconds
[2026-06-18T22:35:07.240+0000] {processor.py:186} INFO - Started process (PID=2445) to work on /opt/airflow/dags/driven_data_pipeline.py
[2026-06-18T22:35:07.241+0000] {processor.py:914} INFO - Processing file /opt/airflow/dags/driven_data_pipeline.py for tasks to queue
[2026-06-18T22:35:07.242+0000] {logging_mixin.py:190} INFO - [2026-06-18T22:35:07.242+0000] {dagbag.py:588} INFO - Filling up the DagBag from /opt/airflow/dags/driven_data_pipeline.py
[2026-06-18T22:35:07.321+0000] {processor.py:925} INFO - DAG(s) 'extract_raw_data_pipeline' retrieved from /opt/airflow/dags/driven_data_pipeline.py
[2026-06-18T22:35:07.336+0000] {logging_mixin.py:190} INFO - [2026-06-18T22:35:07.336+0000] {dag.py:3239} INFO - Sync 1 DAGs
[2026-06-18T22:35:07.349+0000] {logging_mixin.py:190} INFO - [2026-06-18T22:35:07.349+0000] {dag.py:4180} INFO - Setting next_dagrun for extract_raw_data_pipeline to 2026-06-18 07:59:00+00:00, run_after=2026-06-19 07:00:00+00:00
[2026-06-18T22:35:07.362+0000] {processor.py:208} INFO - Processing /opt/airflow/dags/driven_data_pipeline.py took 0.125 seconds
[2026-06-18T22:35:37.580+0000] {processor.py:186} INFO - Started process (PID=2453) to work on /opt/airflow/dags/driven_data_pipeline.py
[2026-06-18T22:35:37.581+0000] {processor.py:914} INFO - Processing file /opt/airflow/dags/driven_data_pipeline.py for tasks to queue
[2026-06-18T22:35:37.582+0000] {logging_mixin.py:190} INFO - [2026-06-18T22:35:37.582+0000] {dagbag.py:588} INFO - Filling up the DagBag from /opt/airflow/dags/driven_data_pipeline.py
[2026-06-18T22:35:37.663+0000] {processor.py:925} INFO - DAG(s) 'extract_raw_data_pipeline' retrieved from /opt/airflow/dags/driven_data_pipeline.py
[2026-06-18T22:35:37.679+0000] {logging_mixin.py:190} INFO - [2026-06-18T22:35:37.679+0000] {dag.py:3239} INFO - Sync 1 DAGs
[2026-06-18T22:35:37.692+0000] {logging_mixin.py:190} INFO - [2026-06-18T22:35:37.692+0000] {dag.py:4180} INFO - Setting next_dagrun for extract_raw_data_pipeline to 2026-06-18 07:59:00+00:00, run_after=2026-06-19 07:00:00+00:00
[2026-06-18T22:35:37.706+0000] {processor.py:208} INFO - Processing /opt/airflow/dags/driven_data_pipeline.py took 0.130 seconds
[2026-06-18T22:36:08.013+0000] {processor.py:186} INFO - Started process (PID=2460) to work on /opt/airflow/dags/driven_data_pipeline.py
[2026-06-18T22:36:08.014+0000] {processor.py:914} INFO - Processing file /opt/airflow/dags/driven_data_pipeline.py for tasks to queue
[2026-06-18T22:36:08.016+0000] {logging_mixin.py:190} INFO - [2026-06-18T22:36:08.015+0000] {dagbag.py:588} INFO - Filling up the DagBag from /opt/airflow/dags/driven_data_pipeline.py
[2026-06-18T22:36:08.098+0000] {processor.py:925} INFO - DAG(s) 'extract_raw_data_pipeline' retrieved from /opt/airflow/dags/driven_data_pipeline.py
[2026-06-18T22:36:08.114+0000] {logging_mixin.py:190} INFO - [2026-06-18T22:36:08.114+0000] {dag.py:3239} INFO - Sync 1 DAGs
[2026-06-18T22:36:08.128+0000] {logging_mixin.py:190} INFO - [2026-06-18T22:36:08.128+0000] {dag.py:4180} INFO - Setting next_dagrun for extract_raw_data_pipeline to 2026-06-18 07:59:00+00:00, run_after=2026-06-19 07:00:00+00:00
[2026-06-18T22:36:08.141+0000] {processor.py:208} INFO - Processing /opt/airflow/dags/driven_data_pipeline.py took 0.131 seconds
[2026-06-18T22:36:38.327+0000] {processor.py:186} INFO - Started process (PID=2468) to work on /opt/airflow/dags/driven_data_pipeline.py
[2026-06-18T22:36:38.328+0000] {processor.py:914} INFO - Processing file /opt/airflow/dags/driven_data_pipeline.py for tasks to queue
[2026-06-18T22:36:38.329+0000] {logging_mixin.py:190} INFO - [2026-06-18T22:36:38.329+0000] {dagbag.py:588} INFO - Filling up the DagBag from /opt/airflow/dags/driven_data_pipeline.py
[2026-06-18T22:36:38.410+0000] {processor.py:925} INFO - DAG(s) 'extract_raw_data_pipeline' retrieved from /opt/airflow/dags/driven_data_pipeline.py
[2026-06-18T22:36:38.427+0000] {logging_mixin.py:190} INFO - [2026-06-18T22:36:38.427+0000] {dag.py:3239} INFO - Sync 1 DAGs
[2026-06-18T22:36:38.441+0000] {logging_mixin.py:190} INFO - [2026-06-18T22:36:38.441+0000] {dag.py:4180} INFO - Setting next_dagrun for extract_raw_data_pipeline to 2026-06-18 07:59:00+00:00, run_after=2026-06-19 07:00:00+00:00
[2026-06-18T22:36:38.455+0000] {processor.py:208} INFO - Processing /opt/airflow/dags/driven_data_pipeline.py took 0.131 seconds
[2026-06-18T22:37:08.625+0000] {processor.py:186} INFO - Started process (PID=2476) to work on /opt/airflow/dags/driven_data_pipeline.py
[2026-06-18T22:37:08.625+0000] {processor.py:914} INFO - Processing file /opt/airflow/dags/driven_data_pipeline.py for tasks to queue
[2026-06-18T22:37:08.627+0000] {logging_mixin.py:190} INFO - [2026-06-18T22:37:08.627+0000] {dagbag.py:588} INFO - Filling up the DagBag from /opt/airflow/dags/driven_data_pipeline.py
[2026-06-18T22:37:08.706+0000] {processor.py:925} INFO - DAG(s) 'extract_raw_data_pipeline' retrieved from /opt/airflow/dags/driven_data_pipeline.py
[2026-06-18T22:37:08.724+0000] {logging_mixin.py:190} INFO - [2026-06-18T22:37:08.724+0000] {dag.py:3239} INFO - Sync 1 DAGs
[2026-06-18T22:37:08.738+0000] {logging_mixin.py:190} INFO - [2026-06-18T22:37:08.738+0000] {dag.py:4180} INFO - Setting next_dagrun for extract_raw_data_pipeline to 2026-06-18 07:59:00+00:00, run_after=2026-06-19 07:00:00+00:00
[2026-06-18T22:37:08.754+0000] {processor.py:208} INFO - Processing /opt/airflow/dags/driven_data_pipeline.py took 0.134 seconds
[2026-06-18T22:37:39.094+0000] {processor.py:186} INFO - Started process (PID=2484) to work on /opt/airflow/dags/driven_data_pipeline.py
[2026-06-18T22:37:39.094+0000] {processor.py:914} INFO - Processing file /opt/airflow/dags/driven_data_pipeline.py for tasks to queue
[2026-06-18T22:37:39.096+0000] {logging_mixin.py:190} INFO - [2026-06-18T22:37:39.096+0000] {dagbag.py:588} INFO - Filling up the DagBag from /opt/airflow/dags/driven_data_pipeline.py
[2026-06-18T22:37:39.177+0000] {processor.py:925} INFO - DAG(s) 'extract_raw_data_pipeline' retrieved from /opt/airflow/dags/driven_data_pipeline.py
[2026-06-18T22:37:39.192+0000] {logging_mixin.py:190} INFO - [2026-06-18T22:37:39.192+0000] {dag.py:3239} INFO - Sync 1 DAGs
[2026-06-18T22:37:39.206+0000] {logging_mixin.py:190} INFO - [2026-06-18T22:37:39.206+0000] {dag.py:4180} INFO - Setting next_dagrun for extract_raw_data_pipeline to 2026-06-18 07:59:00+00:00, run_after=2026-06-19 07:00:00+00:00
[2026-06-18T22:37:39.219+0000] {processor.py:208} INFO - Processing /opt/airflow/dags/driven_data_pipeline.py took 0.129 seconds
[2026-06-18T22:38:09.367+0000] {processor.py:186} INFO - Started process (PID=2492) to work on /opt/airflow/dags/driven_data_pipeline.py
[2026-06-18T22:38:09.368+0000] {processor.py:914} INFO - Processing file /opt/airflow/dags/driven_data_pipeline.py for tasks to queue
[2026-06-18T22:38:09.370+0000] {logging_mixin.py:190} INFO - [2026-06-18T22:38:09.370+0000] {dagbag.py:588} INFO - Filling up the DagBag from /opt/airflow/dags/driven_data_pipeline.py
[2026-06-18T22:38:09.450+0000] {processor.py:925} INFO - DAG(s) 'extract_raw_data_pipeline' retrieved from /opt/airflow/dags/driven_data_pipeline.py
[2026-06-18T22:38:09.464+0000] {logging_mixin.py:190} INFO - [2026-06-18T22:38:09.464+0000] {dag.py:3239} INFO - Sync 1 DAGs
[2026-06-18T22:38:09.478+0000] {logging_mixin.py:190} INFO - [2026-06-18T22:38:09.478+0000] {dag.py:4180} INFO - Setting next_dagrun for extract_raw_data_pipeline to 2026-06-18 07:59:00+00:00, run_after=2026-06-19 07:00:00+00:00
[2026-06-18T22:38:09.492+0000] {processor.py:208} INFO - Processing /opt/airflow/dags/driven_data_pipeline.py took 0.128 seconds
[2026-06-18T22:38:39.817+0000] {processor.py:186} INFO - Started process (PID=2500) to work on /opt/airflow/dags/driven_data_pipeline.py
[2026-06-18T22:38:39.818+0000] {processor.py:914} INFO - Processing file /opt/airflow/dags/driven_data_pipeline.py for tasks to queue
[2026-06-18T22:38:39.819+0000] {logging_mixin.py:190} INFO - [2026-06-18T22:38:39.819+0000] {dagbag.py:588} INFO - Filling up the DagBag from /opt/airflow/dags/driven_data_pipeline.py
[2026-06-18T22:38:39.900+0000] {processor.py:925} INFO - DAG(s) 'extract_raw_data_pipeline' retrieved from /opt/airflow/dags/driven_data_pipeline.py
[2026-06-18T22:38:39.916+0000] {logging_mixin.py:190} INFO - [2026-06-18T22:38:39.915+0000] {dag.py:3239} INFO - Sync 1 DAGs
[2026-06-18T22:38:39.931+0000] {logging_mixin.py:190} INFO - [2026-06-18T22:38:39.930+0000] {dag.py:4180} INFO - Setting next_dagrun for extract_raw_data_pipeline to 2026-06-18 07:59:00+00:00, run_after=2026-06-19 07:00:00+00:00
[2026-06-18T22:38:39.946+0000] {processor.py:208} INFO - Processing /opt/airflow/dags/driven_data_pipeline.py took 0.133 seconds
[2026-06-18T22:39:10.113+0000] {processor.py:186} INFO - Started process (PID=2508) to work on /opt/airflow/dags/driven_data_pipeline.py
[2026-06-18T22:39:10.114+0000] {processor.py:914} INFO - Processing file /opt/airflow/dags/driven_data_pipeline.py for tasks to queue
[2026-06-18T22:39:10.115+0000] {logging_mixin.py:190} INFO - [2026-06-18T22:39:10.115+0000] {dagbag.py:588} INFO - Filling up the DagBag from /opt/airflow/dags/driven_data_pipeline.py
[2026-06-18T22:39:10.195+0000] {processor.py:925} INFO - DAG(s) 'extract_raw_data_pipeline' retrieved from /opt/airflow/dags/driven_data_pipeline.py
[2026-06-18T22:39:10.210+0000] {logging_mixin.py:190} INFO - [2026-06-18T22:39:10.210+0000] {dag.py:3239} INFO - Sync 1 DAGs
[2026-06-18T22:39:10.221+0000] {logging_mixin.py:190} INFO - [2026-06-18T22:39:10.221+0000] {dag.py:4180} INFO - Setting next_dagrun for extract_raw_data_pipeline to 2026-06-18 07:59:00+00:00, run_after=2026-06-19 07:00:00+00:00
[2026-06-18T22:39:10.234+0000] {processor.py:208} INFO - Processing /opt/airflow/dags/driven_data_pipeline.py took 0.125 seconds
[2026-06-18T22:39:40.564+0000] {processor.py:186} INFO - Started process (PID=2515) to work on /opt/airflow/dags/driven_data_pipeline.py
[2026-06-18T22:39:40.565+0000] {processor.py:914} INFO - Processing file /opt/airflow/dags/driven_data_pipeline.py for tasks to queue
[2026-06-18T22:39:40.567+0000] {logging_mixin.py:190} INFO - [2026-06-18T22:39:40.567+0000] {dagbag.py:588} INFO - Filling up the DagBag from /opt/airflow/dags/driven_data_pipeline.py
[2026-06-18T22:39:40.661+0000] {processor.py:925} INFO - DAG(s) 'extract_raw_data_pipeline' retrieved from /opt/airflow/dags/driven_data_pipeline.py
[2026-06-18T22:39:40.677+0000] {logging_mixin.py:190} INFO - [2026-06-18T22:39:40.677+0000] {dag.py:3239} INFO - Sync 1 DAGs
[2026-06-18T22:39:40.691+0000] {logging_mixin.py:190} INFO - [2026-06-18T22:39:40.691+0000] {dag.py:4180} INFO - Setting next_dagrun for extract_raw_data_pipeline to 2026-06-18 07:59:00+00:00, run_after=2026-06-19 07:00:00+00:00
[2026-06-18T22:39:40.708+0000] {processor.py:208} INFO - Processing /opt/airflow/dags/driven_data_pipeline.py took 0.149 seconds
[2026-06-18T22:40:10.887+0000] {processor.py:186} INFO - Started process (PID=2523) to work on /opt/airflow/dags/driven_data_pipeline.py
[2026-06-18T22:40:10.888+0000] {processor.py:914} INFO - Processing file /opt/airflow/dags/driven_data_pipeline.py for tasks to queue
[2026-06-18T22:40:10.890+0000] {logging_mixin.py:190} INFO - [2026-06-18T22:40:10.889+0000] {dagbag.py:588} INFO - Filling up the DagBag from /opt/airflow/dags/driven_data_pipeline.py
[2026-06-18T22:40:10.980+0000] {processor.py:925} INFO - DAG(s) 'extract_raw_data_pipeline' retrieved from /opt/airflow/dags/driven_data_pipeline.py
[2026-06-18T22:40:10.997+0000] {logging_mixin.py:190} INFO - [2026-06-18T22:40:10.996+0000] {dag.py:3239} INFO - Sync 1 DAGs
[2026-06-18T22:40:11.011+0000] {logging_mixin.py:190} INFO - [2026-06-18T22:40:11.011+0000] {dag.py:4180} INFO - Setting next_dagrun for extract_raw_data_pipeline to 2026-06-18 07:59:00+00:00, run_after=2026-06-19 07:00:00+00:00
[2026-06-18T22:40:11.025+0000] {processor.py:208} INFO - Processing /opt/airflow/dags/driven_data_pipeline.py took 0.142 seconds
[2026-06-18T22:40:41.298+0000] {processor.py:186} INFO - Started process (PID=2531) to work on /opt/airflow/dags/driven_data_pipeline.py
[2026-06-18T22:40:41.299+0000] {processor.py:914} INFO - Processing file /opt/airflow/dags/driven_data_pipeline.py for tasks to queue
[2026-06-18T22:40:41.300+0000] {logging_mixin.py:190} INFO - [2026-06-18T22:40:41.300+0000] {dagbag.py:588} INFO - Filling up the DagBag from /opt/airflow/dags/driven_data_pipeline.py
[2026-06-18T22:40:41.381+0000] {processor.py:925} INFO - DAG(s) 'extract_raw_data_pipeline' retrieved from /opt/airflow/dags/driven_data_pipeline.py
[2026-06-18T22:40:41.394+0000] {logging_mixin.py:190} INFO - [2026-06-18T22:40:41.394+0000] {dag.py:3239} INFO - Sync 1 DAGs
[2026-06-18T22:40:41.407+0000] {logging_mixin.py:190} INFO - [2026-06-18T22:40:41.406+0000] {dag.py:4180} INFO - Setting next_dagrun for extract_raw_data_pipeline to 2026-06-18 07:59:00+00:00, run_after=2026-06-19 07:00:00+00:00
[2026-06-18T22:40:41.419+0000] {processor.py:208} INFO - Processing /opt/airflow/dags/driven_data_pipeline.py took 0.125 seconds
[2026-06-18T22:41:11.757+0000] {processor.py:186} INFO - Started process (PID=2538) to work on /opt/airflow/dags/driven_data_pipeline.py
[2026-06-18T22:41:11.757+0000] {processor.py:914} INFO - Processing file /opt/airflow/dags/driven_data_pipeline.py for tasks to queue
[2026-06-18T22:41:11.759+0000] {logging_mixin.py:190} INFO - [2026-06-18T22:41:11.759+0000] {dagbag.py:588} INFO - Filling up the DagBag from /opt/airflow/dags/driven_data_pipeline.py
[2026-06-18T22:41:11.860+0000] {processor.py:925} INFO - DAG(s) 'extract_raw_data_pipeline' retrieved from /opt/airflow/dags/driven_data_pipeline.py
[2026-06-18T22:41:11.877+0000] {logging_mixin.py:190} INFO - [2026-06-18T22:41:11.877+0000] {dag.py:3239} INFO - Sync 1 DAGs
[2026-06-18T22:41:11.890+0000] {logging_mixin.py:190} INFO - [2026-06-18T22:41:11.890+0000] {dag.py:4180} INFO - Setting next_dagrun for extract_raw_data_pipeline to 2026-06-18 07:59:00+00:00, run_after=2026-06-19 07:00:00+00:00
[2026-06-18T22:41:11.902+0000] {processor.py:208} INFO - Processing /opt/airflow/dags/driven_data_pipeline.py took 0.149 seconds
[2026-06-18T22:41:42.063+0000] {processor.py:186} INFO - Started process (PID=2547) to work on /opt/airflow/dags/driven_data_pipeline.py
[2026-06-18T22:41:42.064+0000] {processor.py:914} INFO - Processing file /opt/airflow/dags/driven_data_pipeline.py for tasks to queue
[2026-06-18T22:41:42.066+0000] {logging_mixin.py:190} INFO - [2026-06-18T22:41:42.066+0000] {dagbag.py:588} INFO - Filling up the DagBag from /opt/airflow/dags/driven_data_pipeline.py
[2026-06-18T22:41:42.162+0000] {processor.py:925} INFO - DAG(s) 'extract_raw_data_pipeline' retrieved from /opt/airflow/dags/driven_data_pipeline.py
[2026-06-18T22:41:42.180+0000] {logging_mixin.py:190} INFO - [2026-06-18T22:41:42.180+0000] {dag.py:3239} INFO - Sync 1 DAGs
[2026-06-18T22:41:42.195+0000] {logging_mixin.py:190} INFO - [2026-06-18T22:41:42.195+0000] {dag.py:4180} INFO - Setting next_dagrun for extract_raw_data_pipeline to 2026-06-18 07:59:00+00:00, run_after=2026-06-19 07:00:00+00:00
[2026-06-18T22:41:42.208+0000] {processor.py:208} INFO - Processing /opt/airflow/dags/driven_data_pipeline.py took 0.149 seconds
[2026-06-18T22:42:12.462+0000] {processor.py:186} INFO - Started process (PID=2555) to work on /opt/airflow/dags/driven_data_pipeline.py
[2026-06-18T22:42:12.463+0000] {processor.py:914} INFO - Processing file /opt/airflow/dags/driven_data_pipeline.py for tasks to queue
[2026-06-18T22:42:12.465+0000] {logging_mixin.py:190} INFO - [2026-06-18T22:42:12.464+0000] {dagbag.py:588} INFO - Filling up the DagBag from /opt/airflow/dags/driven_data_pipeline.py
[2026-06-18T22:42:12.546+0000] {processor.py:925} INFO - DAG(s) 'extract_raw_data_pipeline' retrieved from /opt/airflow/dags/driven_data_pipeline.py
[2026-06-18T22:42:12.562+0000] {logging_mixin.py:190} INFO - [2026-06-18T22:42:12.561+0000] {dag.py:3239} INFO - Sync 1 DAGs
[2026-06-18T22:42:12.575+0000] {logging_mixin.py:190} INFO - [2026-06-18T22:42:12.575+0000] {dag.py:4180} INFO - Setting next_dagrun for extract_raw_data_pipeline to 2026-06-18 07:59:00+00:00, run_after=2026-06-19 07:00:00+00:00
[2026-06-18T22:42:12.590+0000] {processor.py:208} INFO - Processing /opt/airflow/dags/driven_data_pipeline.py took 0.131 seconds
[2026-06-18T22:42:42.811+0000] {processor.py:186} INFO - Started process (PID=2563) to work on /opt/airflow/dags/driven_data_pipeline.py
[2026-06-18T22:42:42.811+0000] {processor.py:914} INFO - Processing file /opt/airflow/dags/driven_data_pipeline.py for tasks to queue
[2026-06-18T22:42:42.813+0000] {logging_mixin.py:190} INFO - [2026-06-18T22:42:42.812+0000] {dagbag.py:588} INFO - Filling up the DagBag from /opt/airflow/dags/driven_data_pipeline.py
[2026-06-18T22:42:42.900+0000] {processor.py:925} INFO - DAG(s) 'extract_raw_data_pipeline' retrieved from /opt/airflow/dags/driven_data_pipeline.py
[2026-06-18T22:42:42.915+0000] {logging_mixin.py:190} INFO - [2026-06-18T22:42:42.915+0000] {dag.py:3239} INFO - Sync 1 DAGs
[2026-06-18T22:42:42.928+0000] {logging_mixin.py:190} INFO - [2026-06-18T22:42:42.928+0000] {dag.py:4180} INFO - Setting next_dagrun for extract_raw_data_pipeline to 2026-06-18 07:59:00+00:00, run_after=2026-06-19 07:00:00+00:00
[2026-06-18T22:42:42.948+0000] {processor.py:208} INFO - Processing /opt/airflow/dags/driven_data_pipeline.py took 0.141 seconds
[2026-06-18T22:43:13.262+0000] {processor.py:186} INFO - Started process (PID=2571) to work on /opt/airflow/dags/driven_data_pipeline.py
[2026-06-18T22:43:13.263+0000] {processor.py:914} INFO - Processing file /opt/airflow/dags/driven_data_pipeline.py for tasks to queue
[2026-06-18T22:43:13.265+0000] {logging_mixin.py:190} INFO - [2026-06-18T22:43:13.264+0000] {dagbag.py:588} INFO - Filling up the DagBag from /opt/airflow/dags/driven_data_pipeline.py
[2026-06-18T22:43:13.345+0000] {processor.py:925} INFO - DAG(s) 'extract_raw_data_pipeline' retrieved from /opt/airflow/dags/driven_data_pipeline.py
[2026-06-18T22:43:13.360+0000] {logging_mixin.py:190} INFO - [2026-06-18T22:43:13.360+0000] {dag.py:3239} INFO - Sync 1 DAGs
[2026-06-18T22:43:13.373+0000] {logging_mixin.py:190} INFO - [2026-06-18T22:43:13.373+0000] {dag.py:4180} INFO - Setting next_dagrun for extract_raw_data_pipeline to 2026-06-18 07:59:00+00:00, run_after=2026-06-19 07:00:00+00:00
[2026-06-18T22:43:13.388+0000] {processor.py:208} INFO - Processing /opt/airflow/dags/driven_data_pipeline.py took 0.129 seconds
[2026-06-18T22:43:43.543+0000] {processor.py:186} INFO - Started process (PID=2579) to work on /opt/airflow/dags/driven_data_pipeline.py
[2026-06-18T22:43:43.543+0000] {processor.py:914} INFO - Processing file /opt/airflow/dags/driven_data_pipeline.py for tasks to queue
[2026-06-18T22:43:43.545+0000] {logging_mixin.py:190} INFO - [2026-06-18T22:43:43.544+0000] {dagbag.py:588} INFO - Filling up the DagBag from /opt/airflow/dags/driven_data_pipeline.py
[2026-06-18T22:43:43.628+0000] {processor.py:925} INFO - DAG(s) 'extract_raw_data_pipeline' retrieved from /opt/airflow/dags/driven_data_pipeline.py
[2026-06-18T22:43:43.645+0000] {logging_mixin.py:190} INFO - [2026-06-18T22:43:43.645+0000] {dag.py:3239} INFO - Sync 1 DAGs
[2026-06-18T22:43:43.659+0000] {logging_mixin.py:190} INFO - [2026-06-18T22:43:43.659+0000] {dag.py:4180} INFO - Setting next_dagrun for extract_raw_data_pipeline to 2026-06-18 07:59:00+00:00, run_after=2026-06-19 07:00:00+00:00
[2026-06-18T22:43:43.675+0000] {processor.py:208} INFO - Processing /opt/airflow/dags/driven_data_pipeline.py took 0.136 seconds
[2026-06-18T22:44:14.008+0000] {processor.py:186} INFO - Started process (PID=2587) to work on /opt/airflow/dags/driven_data_pipeline.py
[2026-06-18T22:44:14.011+0000] {processor.py:914} INFO - Processing file /opt/airflow/dags/driven_data_pipeline.py for tasks to queue
[2026-06-18T22:44:14.016+0000] {logging_mixin.py:190} INFO - [2026-06-18T22:44:14.016+0000] {dagbag.py:588} INFO - Filling up the DagBag from /opt/airflow/dags/driven_data_pipeline.py
[2026-06-18T22:44:14.127+0000] {processor.py:925} INFO - DAG(s) 'extract_raw_data_pipeline' retrieved from /opt/airflow/dags/driven_data_pipeline.py
[2026-06-18T22:44:14.142+0000] {logging_mixin.py:190} INFO - [2026-06-18T22:44:14.142+0000] {dag.py:3239} INFO - Sync 1 DAGs
[2026-06-18T22:44:14.155+0000] {logging_mixin.py:190} INFO - [2026-06-18T22:44:14.155+0000] {dag.py:4180} INFO - Setting next_dagrun for extract_raw_data_pipeline to 2026-06-18 07:59:00+00:00, run_after=2026-06-19 07:00:00+00:00
[2026-06-18T22:44:14.174+0000] {processor.py:208} INFO - Processing /opt/airflow/dags/driven_data_pipeline.py took 0.169 seconds
[2026-06-18T22:44:44.379+0000] {processor.py:186} INFO - Started process (PID=2594) to work on /opt/airflow/dags/driven_data_pipeline.py
[2026-06-18T22:44:44.380+0000] {processor.py:914} INFO - Processing file /opt/airflow/dags/driven_data_pipeline.py for tasks to queue
[2026-06-18T22:44:44.382+0000] {logging_mixin.py:190} INFO - [2026-06-18T22:44:44.382+0000] {dagbag.py:588} INFO - Filling up the DagBag from /opt/airflow/dags/driven_data_pipeline.py
[2026-06-18T22:44:44.473+0000] {processor.py:925} INFO - DAG(s) 'extract_raw_data_pipeline' retrieved from /opt/airflow/dags/driven_data_pipeline.py
[2026-06-18T22:44:44.490+0000] {logging_mixin.py:190} INFO - [2026-06-18T22:44:44.490+0000] {dag.py:3239} INFO - Sync 1 DAGs
[2026-06-18T22:44:44.504+0000] {logging_mixin.py:190} INFO - [2026-06-18T22:44:44.504+0000] {dag.py:4180} INFO - Setting next_dagrun for extract_raw_data_pipeline to 2026-06-18 07:59:00+00:00, run_after=2026-06-19 07:00:00+00:00
[2026-06-18T22:44:44.528+0000] {processor.py:208} INFO - Processing /opt/airflow/dags/driven_data_pipeline.py took 0.153 seconds
[2026-06-18T22:45:14.825+0000] {processor.py:186} INFO - Started process (PID=2602) to work on /opt/airflow/dags/driven_data_pipeline.py
[2026-06-18T22:45:14.826+0000] {processor.py:914} INFO - Processing file /opt/airflow/dags/driven_data_pipeline.py for tasks to queue
[2026-06-18T22:45:14.827+0000] {logging_mixin.py:190} INFO - [2026-06-18T22:45:14.827+0000] {dagbag.py:588} INFO - Filling up the DagBag from /opt/airflow/dags/driven_data_pipeline.py
[2026-06-18T22:45:14.905+0000] {processor.py:925} INFO - DAG(s) 'extract_raw_data_pipeline' retrieved from /opt/airflow/dags/driven_data_pipeline.py
[2026-06-18T22:45:14.919+0000] {logging_mixin.py:190} INFO - [2026-06-18T22:45:14.919+0000] {dag.py:3239} INFO - Sync 1 DAGs
[2026-06-18T22:45:14.931+0000] {logging_mixin.py:190} INFO - [2026-06-18T22:45:14.931+0000] {dag.py:4180} INFO - Setting next_dagrun for extract_raw_data_pipeline to 2026-06-18 07:59:00+00:00, run_after=2026-06-19 07:00:00+00:00
[2026-06-18T22:45:14.950+0000] {processor.py:208} INFO - Processing /opt/airflow/dags/driven_data_pipeline.py took 0.128 seconds
[2026-06-18T22:45:45.163+0000] {processor.py:186} INFO - Started process (PID=2610) to work on /opt/airflow/dags/driven_data_pipeline.py
[2026-06-18T22:45:45.163+0000] {processor.py:914} INFO - Processing file /opt/airflow/dags/driven_data_pipeline.py for tasks to queue
[2026-06-18T22:45:45.165+0000] {logging_mixin.py:190} INFO - [2026-06-18T22:45:45.165+0000] {dagbag.py:588} INFO - Filling up the DagBag from /opt/airflow/dags/driven_data_pipeline.py
[2026-06-18T22:45:45.248+0000] {processor.py:925} INFO - DAG(s) 'extract_raw_data_pipeline' retrieved from /opt/airflow/dags/driven_data_pipeline.py
[2026-06-18T22:45:45.263+0000] {logging_mixin.py:190} INFO - [2026-06-18T22:45:45.263+0000] {dag.py:3239} INFO - Sync 1 DAGs
[2026-06-18T22:45:45.276+0000] {logging_mixin.py:190} INFO - [2026-06-18T22:45:45.276+0000] {dag.py:4180} INFO - Setting next_dagrun for extract_raw_data_pipeline to 2026-06-18 07:59:00+00:00, run_after=2026-06-19 07:00:00+00:00
[2026-06-18T22:45:45.291+0000] {processor.py:208} INFO - Processing /opt/airflow/dags/driven_data_pipeline.py took 0.132 seconds
[2026-06-18T22:46:15.567+0000] {processor.py:186} INFO - Started process (PID=2618) to work on /opt/airflow/dags/driven_data_pipeline.py
[2026-06-18T22:46:15.568+0000] {processor.py:914} INFO - Processing file /opt/airflow/dags/driven_data_pipeline.py for tasks to queue
[2026-06-18T22:46:15.569+0000] {logging_mixin.py:190} INFO - [2026-06-18T22:46:15.569+0000] {dagbag.py:588} INFO - Filling up the DagBag from /opt/airflow/dags/driven_data_pipeline.py
[2026-06-18T22:46:15.650+0000] {processor.py:925} INFO - DAG(s) 'extract_raw_data_pipeline' retrieved from /opt/airflow/dags/driven_data_pipeline.py
[2026-06-18T22:46:15.664+0000] {logging_mixin.py:190} INFO - [2026-06-18T22:46:15.663+0000] {dag.py:3239} INFO - Sync 1 DAGs
[2026-06-18T22:46:15.675+0000] {logging_mixin.py:190} INFO - [2026-06-18T22:46:15.675+0000] {dag.py:4180} INFO - Setting next_dagrun for extract_raw_data_pipeline to 2026-06-18 07:59:00+00:00, run_after=2026-06-19 07:00:00+00:00
[2026-06-18T22:46:15.689+0000] {processor.py:208} INFO - Processing /opt/airflow/dags/driven_data_pipeline.py took 0.125 seconds
[2026-06-18T22:46:45.990+0000] {processor.py:186} INFO - Started process (PID=2626) to work on /opt/airflow/dags/driven_data_pipeline.py
[2026-06-18T22:46:45.991+0000] {processor.py:914} INFO - Processing file /opt/airflow/dags/driven_data_pipeline.py for tasks to queue
[2026-06-18T22:46:45.993+0000] {logging_mixin.py:190} INFO - [2026-06-18T22:46:45.992+0000] {dagbag.py:588} INFO - Filling up the DagBag from /opt/airflow/dags/driven_data_pipeline.py
[2026-06-18T22:46:46.088+0000] {processor.py:925} INFO - DAG(s) 'extract_raw_data_pipeline' retrieved from /opt/airflow/dags/driven_data_pipeline.py
[2026-06-18T22:46:46.103+0000] {logging_mixin.py:190} INFO - [2026-06-18T22:46:46.103+0000] {dag.py:3239} INFO - Sync 1 DAGs
[2026-06-18T22:46:46.118+0000] {logging_mixin.py:190} INFO - [2026-06-18T22:46:46.117+0000] {dag.py:4180} INFO - Setting next_dagrun for extract_raw_data_pipeline to 2026-06-18 07:59:00+00:00, run_after=2026-06-19 07:00:00+00:00
[2026-06-18T22:46:46.131+0000] {processor.py:208} INFO - Processing /opt/airflow/dags/driven_data_pipeline.py took 0.145 seconds
[2026-06-18T22:47:16.248+0000] {processor.py:186} INFO - Started process (PID=2634) to work on /opt/airflow/dags/driven_data_pipeline.py
[2026-06-18T22:47:16.249+0000] {processor.py:914} INFO - Processing file /opt/airflow/dags/driven_data_pipeline.py for tasks to queue
[2026-06-18T22:47:16.251+0000] {logging_mixin.py:190} INFO - [2026-06-18T22:47:16.250+0000] {dagbag.py:588} INFO - Filling up the DagBag from /opt/airflow/dags/driven_data_pipeline.py
[2026-06-18T22:47:16.331+0000] {processor.py:925} INFO - DAG(s) 'extract_raw_data_pipeline' retrieved from /opt/airflow/dags/driven_data_pipeline.py
[2026-06-18T22:47:16.349+0000] {logging_mixin.py:190} INFO - [2026-06-18T22:47:16.349+0000] {dag.py:3239} INFO - Sync 1 DAGs
[2026-06-18T22:47:16.363+0000] {logging_mixin.py:190} INFO - [2026-06-18T22:47:16.363+0000] {dag.py:4180} INFO - Setting next_dagrun for extract_raw_data_pipeline to 2026-06-18 07:59:00+00:00, run_after=2026-06-19 07:00:00+00:00
[2026-06-18T22:47:16.376+0000] {processor.py:208} INFO - Processing /opt/airflow/dags/driven_data_pipeline.py took 0.132 seconds
[2026-06-18T22:47:46.571+0000] {processor.py:186} INFO - Started process (PID=2643) to work on /opt/airflow/dags/driven_data_pipeline.py
[2026-06-18T22:47:46.572+0000] {processor.py:914} INFO - Processing file /opt/airflow/dags/driven_data_pipeline.py for tasks to queue
[2026-06-18T22:47:46.574+0000] {logging_mixin.py:190} INFO - [2026-06-18T22:47:46.574+0000] {dagbag.py:588} INFO - Filling up the DagBag from /opt/airflow/dags/driven_data_pipeline.py
[2026-06-18T22:47:46.656+0000] {processor.py:925} INFO - DAG(s) 'extract_raw_data_pipeline' retrieved from /opt/airflow/dags/driven_data_pipeline.py
[2026-06-18T22:47:46.673+0000] {logging_mixin.py:190} INFO - [2026-06-18T22:47:46.673+0000] {dag.py:3239} INFO - Sync 1 DAGs
[2026-06-18T22:47:46.687+0000] {logging_mixin.py:190} INFO - [2026-06-18T22:47:46.687+0000] {dag.py:4180} INFO - Setting next_dagrun for extract_raw_data_pipeline to 2026-06-18 07:59:00+00:00, run_after=2026-06-19 07:00:00+00:00
[2026-06-18T22:47:46.700+0000] {processor.py:208} INFO - Processing /opt/airflow/dags/driven_data_pipeline.py took 0.132 seconds
[2026-06-18T22:48:17.047+0000] {processor.py:186} INFO - Started process (PID=2651) to work on /opt/airflow/dags/driven_data_pipeline.py
[2026-06-18T22:48:17.047+0000] {processor.py:914} INFO - Processing file /opt/airflow/dags/driven_data_pipeline.py for tasks to queue
[2026-06-18T22:48:17.049+0000] {logging_mixin.py:190} INFO - [2026-06-18T22:48:17.049+0000] {dagbag.py:588} INFO - Filling up the DagBag from /opt/airflow/dags/driven_data_pipeline.py
[2026-06-18T22:48:17.131+0000] {processor.py:925} INFO - DAG(s) 'extract_raw_data_pipeline' retrieved from /opt/airflow/dags/driven_data_pipeline.py
[2026-06-18T22:48:17.146+0000] {logging_mixin.py:190} INFO - [2026-06-18T22:48:17.146+0000] {dag.py:3239} INFO - Sync 1 DAGs
[2026-06-18T22:48:17.160+0000] {logging_mixin.py:190} INFO - [2026-06-18T22:48:17.160+0000] {dag.py:4180} INFO - Setting next_dagrun for extract_raw_data_pipeline to 2026-06-18 07:59:00+00:00, run_after=2026-06-19 07:00:00+00:00
[2026-06-18T22:48:17.182+0000] {processor.py:208} INFO - Processing /opt/airflow/dags/driven_data_pipeline.py took 0.139 seconds
[2026-06-18T22:48:47.371+0000] {processor.py:186} INFO - Started process (PID=2659) to work on /opt/airflow/dags/driven_data_pipeline.py
[2026-06-18T22:48:47.372+0000] {processor.py:914} INFO - Processing file /opt/airflow/dags/driven_data_pipeline.py for tasks to queue
[2026-06-18T22:48:47.373+0000] {logging_mixin.py:190} INFO - [2026-06-18T22:48:47.373+0000] {dagbag.py:588} INFO - Filling up the DagBag from /opt/airflow/dags/driven_data_pipeline.py
[2026-06-18T22:48:47.457+0000] {processor.py:925} INFO - DAG(s) 'extract_raw_data_pipeline' retrieved from /opt/airflow/dags/driven_data_pipeline.py
[2026-06-18T22:48:47.472+0000] {logging_mixin.py:190} INFO - [2026-06-18T22:48:47.472+0000] {dag.py:3239} INFO - Sync 1 DAGs
[2026-06-18T22:48:47.486+0000] {logging_mixin.py:190} INFO - [2026-06-18T22:48:47.486+0000] {dag.py:4180} INFO - Setting next_dagrun for extract_raw_data_pipeline to 2026-06-18 07:59:00+00:00, run_after=2026-06-19 07:00:00+00:00
[2026-06-18T22:48:47.509+0000] {processor.py:208} INFO - Processing /opt/airflow/dags/driven_data_pipeline.py took 0.142 seconds
[2026-06-18T22:49:17.783+0000] {processor.py:186} INFO - Started process (PID=2667) to work on /opt/airflow/dags/driven_data_pipeline.py
[2026-06-18T22:49:17.783+0000] {processor.py:914} INFO - Processing file /opt/airflow/dags/driven_data_pipeline.py for tasks to queue
[2026-06-18T22:49:17.785+0000] {logging_mixin.py:190} INFO - [2026-06-18T22:49:17.785+0000] {dagbag.py:588} INFO - Filling up the DagBag from /opt/airflow/dags/driven_data_pipeline.py
[2026-06-18T22:49:17.868+0000] {processor.py:925} INFO - DAG(s) 'extract_raw_data_pipeline' retrieved from /opt/airflow/dags/driven_data_pipeline.py
[2026-06-18T22:49:17.886+0000] {logging_mixin.py:190} INFO - [2026-06-18T22:49:17.885+0000] {dag.py:3239} INFO - Sync 1 DAGs
[2026-06-18T22:49:17.899+0000] {logging_mixin.py:190} INFO - [2026-06-18T22:49:17.899+0000] {dag.py:4180} INFO - Setting next_dagrun for extract_raw_data_pipeline to 2026-06-18 07:59:00+00:00, run_after=2026-06-19 07:00:00+00:00
[2026-06-18T22:49:17.913+0000] {processor.py:208} INFO - Processing /opt/airflow/dags/driven_data_pipeline.py took 0.134 seconds
[2026-06-18T22:49:48.183+0000] {processor.py:186} INFO - Started process (PID=2675) to work on /opt/airflow/dags/driven_data_pipeline.py
[2026-06-18T22:49:48.184+0000] {processor.py:914} INFO - Processing file /opt/airflow/dags/driven_data_pipeline.py for tasks to queue
[2026-06-18T22:49:48.186+0000] {logging_mixin.py:190} INFO - [2026-06-18T22:49:48.185+0000] {dagbag.py:588} INFO - Filling up the DagBag from /opt/airflow/dags/driven_data_pipeline.py
[2026-06-18T22:49:48.289+0000] {processor.py:925} INFO - DAG(s) 'extract_raw_data_pipeline' retrieved from /opt/airflow/dags/driven_data_pipeline.py
[2026-06-18T22:49:48.307+0000] {logging_mixin.py:190} INFO - [2026-06-18T22:49:48.306+0000] {dag.py:3239} INFO - Sync 1 DAGs
[2026-06-18T22:49:48.324+0000] {logging_mixin.py:190} INFO - [2026-06-18T22:49:48.324+0000] {dag.py:4180} INFO - Setting next_dagrun for extract_raw_data_pipeline to 2026-06-18 07:59:00+00:00, run_after=2026-06-19 07:00:00+00:00
[2026-06-18T22:49:48.340+0000] {processor.py:208} INFO - Processing /opt/airflow/dags/driven_data_pipeline.py took 0.161 seconds
[2026-06-18T22:50:18.486+0000] {processor.py:186} INFO - Started process (PID=2683) to work on /opt/airflow/dags/driven_data_pipeline.py
[2026-06-18T22:50:18.487+0000] {processor.py:914} INFO - Processing file /opt/airflow/dags/driven_data_pipeline.py for tasks to queue
[2026-06-18T22:50:18.488+0000] {logging_mixin.py:190} INFO - [2026-06-18T22:50:18.488+0000] {dagbag.py:588} INFO - Filling up the DagBag from /opt/airflow/dags/driven_data_pipeline.py
[2026-06-18T22:50:18.570+0000] {processor.py:925} INFO - DAG(s) 'extract_raw_data_pipeline' retrieved from /opt/airflow/dags/driven_data_pipeline.py
[2026-06-18T22:50:18.587+0000] {logging_mixin.py:190} INFO - [2026-06-18T22:50:18.587+0000] {dag.py:3239} INFO - Sync 1 DAGs
[2026-06-18T22:50:18.600+0000] {logging_mixin.py:190} INFO - [2026-06-18T22:50:18.600+0000] {dag.py:4180} INFO - Setting next_dagrun for extract_raw_data_pipeline to 2026-06-18 07:59:00+00:00, run_after=2026-06-19 07:00:00+00:00
[2026-06-18T22:50:18.616+0000] {processor.py:208} INFO - Processing /opt/airflow/dags/driven_data_pipeline.py took 0.134 seconds
[2026-06-18T22:50:48.794+0000] {processor.py:186} INFO - Started process (PID=2690) to work on /opt/airflow/dags/driven_data_pipeline.py
[2026-06-18T22:50:48.794+0000] {processor.py:914} INFO - Processing file /opt/airflow/dags/driven_data_pipeline.py for tasks to queue
[2026-06-18T22:50:48.796+0000] {logging_mixin.py:190} INFO - [2026-06-18T22:50:48.796+0000] {dagbag.py:588} INFO - Filling up the DagBag from /opt/airflow/dags/driven_data_pipeline.py
[2026-06-18T22:50:48.877+0000] {processor.py:925} INFO - DAG(s) 'extract_raw_data_pipeline' retrieved from /opt/airflow/dags/driven_data_pipeline.py
[2026-06-18T22:50:48.893+0000] {logging_mixin.py:190} INFO - [2026-06-18T22:50:48.892+0000] {dag.py:3239} INFO - Sync 1 DAGs
[2026-06-18T22:50:48.907+0000] {logging_mixin.py:190} INFO - [2026-06-18T22:50:48.906+0000] {dag.py:4180} INFO - Setting next_dagrun for extract_raw_data_pipeline to 2026-06-18 07:59:00+00:00, run_after=2026-06-19 07:00:00+00:00
[2026-06-18T22:50:48.924+0000] {processor.py:208} INFO - Processing /opt/airflow/dags/driven_data_pipeline.py took 0.134 seconds
[2026-06-18T22:51:19.198+0000] {processor.py:186} INFO - Started process (PID=2698) to work on /opt/airflow/dags/driven_data_pipeline.py
[2026-06-18T22:51:19.199+0000] {processor.py:914} INFO - Processing file /opt/airflow/dags/driven_data_pipeline.py for tasks to queue
[2026-06-18T22:51:19.200+0000] {logging_mixin.py:190} INFO - [2026-06-18T22:51:19.200+0000] {dagbag.py:588} INFO - Filling up the DagBag from /opt/airflow/dags/driven_data_pipeline.py
[2026-06-18T22:51:19.282+0000] {processor.py:925} INFO - DAG(s) 'extract_raw_data_pipeline' retrieved from /opt/airflow/dags/driven_data_pipeline.py
[2026-06-18T22:51:19.299+0000] {logging_mixin.py:190} INFO - [2026-06-18T22:51:19.299+0000] {dag.py:3239} INFO - Sync 1 DAGs
[2026-06-18T22:51:19.313+0000] {logging_mixin.py:190} INFO - [2026-06-18T22:51:19.313+0000] {dag.py:4180} INFO - Setting next_dagrun for extract_raw_data_pipeline to 2026-06-18 07:59:00+00:00, run_after=2026-06-19 07:00:00+00:00
[2026-06-18T22:51:19.326+0000] {processor.py:208} INFO - Processing /opt/airflow/dags/driven_data_pipeline.py took 0.131 seconds
[2026-06-18T22:51:49.560+0000] {processor.py:186} INFO - Started process (PID=2706) to work on /opt/airflow/dags/driven_data_pipeline.py
[2026-06-18T22:51:49.561+0000] {processor.py:914} INFO - Processing file /opt/airflow/dags/driven_data_pipeline.py for tasks to queue
[2026-06-18T22:51:49.562+0000] {logging_mixin.py:190} INFO - [2026-06-18T22:51:49.562+0000] {dagbag.py:588} INFO - Filling up the DagBag from /opt/airflow/dags/driven_data_pipeline.py
[2026-06-18T22:51:49.643+0000] {processor.py:925} INFO - DAG(s) 'extract_raw_data_pipeline' retrieved from /opt/airflow/dags/driven_data_pipeline.py
[2026-06-18T22:51:49.659+0000] {logging_mixin.py:190} INFO - [2026-06-18T22:51:49.659+0000] {dag.py:3239} INFO - Sync 1 DAGs
[2026-06-18T22:51:49.673+0000] {logging_mixin.py:190} INFO - [2026-06-18T22:51:49.673+0000] {dag.py:4180} INFO - Setting next_dagrun for extract_raw_data_pipeline to 2026-06-18 07:59:00+00:00, run_after=2026-06-19 07:00:00+00:00
[2026-06-18T22:51:49.696+0000] {processor.py:208} INFO - Processing /opt/airflow/dags/driven_data_pipeline.py took 0.139 seconds
[2026-06-18T22:52:19.949+0000] {processor.py:186} INFO - Started process (PID=2713) to work on /opt/airflow/dags/driven_data_pipeline.py
[2026-06-18T22:52:19.949+0000] {processor.py:914} INFO - Processing file /opt/airflow/dags/driven_data_pipeline.py for tasks to queue
[2026-06-18T22:52:19.951+0000] {logging_mixin.py:190} INFO - [2026-06-18T22:52:19.951+0000] {dagbag.py:588} INFO - Filling up the DagBag from /opt/airflow/dags/driven_data_pipeline.py
[2026-06-18T22:52:20.034+0000] {processor.py:925} INFO - DAG(s) 'extract_raw_data_pipeline' retrieved from /opt/airflow/dags/driven_data_pipeline.py
[2026-06-18T22:52:20.049+0000] {logging_mixin.py:190} INFO - [2026-06-18T22:52:20.049+0000] {dag.py:3239} INFO - Sync 1 DAGs
[2026-06-18T22:52:20.064+0000] {logging_mixin.py:190} INFO - [2026-06-18T22:52:20.064+0000] {dag.py:4180} INFO - Setting next_dagrun for extract_raw_data_pipeline to 2026-06-18 07:59:00+00:00, run_after=2026-06-19 07:00:00+00:00
[2026-06-18T22:52:20.087+0000] {processor.py:208} INFO - Processing /opt/airflow/dags/driven_data_pipeline.py took 0.141 seconds
[2026-06-18T22:52:50.250+0000] {processor.py:186} INFO - Started process (PID=2721) to work on /opt/airflow/dags/driven_data_pipeline.py
[2026-06-18T22:52:50.251+0000] {processor.py:914} INFO - Processing file /opt/airflow/dags/driven_data_pipeline.py for tasks to queue
[2026-06-18T22:52:50.252+0000] {logging_mixin.py:190} INFO - [2026-06-18T22:52:50.252+0000] {dagbag.py:588} INFO - Filling up the DagBag from /opt/airflow/dags/driven_data_pipeline.py
[2026-06-18T22:52:50.340+0000] {processor.py:925} INFO - DAG(s) 'extract_raw_data_pipeline' retrieved from /opt/airflow/dags/driven_data_pipeline.py
[2026-06-18T22:52:50.358+0000] {logging_mixin.py:190} INFO - [2026-06-18T22:52:50.358+0000] {dag.py:3239} INFO - Sync 1 DAGs
[2026-06-18T22:52:50.374+0000] {logging_mixin.py:190} INFO - [2026-06-18T22:52:50.374+0000] {dag.py:4180} INFO - Setting next_dagrun for extract_raw_data_pipeline to 2026-06-18 07:59:00+00:00, run_after=2026-06-19 07:00:00+00:00
[2026-06-18T22:52:50.388+0000] {processor.py:208} INFO - Processing /opt/airflow/dags/driven_data_pipeline.py took 0.141 seconds
[2026-06-18T22:53:20.580+0000] {processor.py:186} INFO - Started process (PID=2729) to work on /opt/airflow/dags/driven_data_pipeline.py
[2026-06-18T22:53:20.581+0000] {processor.py:914} INFO - Processing file /opt/airflow/dags/driven_data_pipeline.py for tasks to queue
[2026-06-18T22:53:20.582+0000] {logging_mixin.py:190} INFO - [2026-06-18T22:53:20.582+0000] {dagbag.py:588} INFO - Filling up the DagBag from /opt/airflow/dags/driven_data_pipeline.py
[2026-06-18T22:53:20.664+0000] {processor.py:925} INFO - DAG(s) 'extract_raw_data_pipeline' retrieved from /opt/airflow/dags/driven_data_pipeline.py
[2026-06-18T22:53:20.682+0000] {logging_mixin.py:190} INFO - [2026-06-18T22:53:20.681+0000] {dag.py:3239} INFO - Sync 1 DAGs
[2026-06-18T22:53:20.695+0000] {logging_mixin.py:190} INFO - [2026-06-18T22:53:20.695+0000] {dag.py:4180} INFO - Setting next_dagrun for extract_raw_data_pipeline to 2026-06-18 07:59:00+00:00, run_after=2026-06-19 07:00:00+00:00
[2026-06-18T22:53:20.709+0000] {processor.py:208} INFO - Processing /opt/airflow/dags/driven_data_pipeline.py took 0.133 seconds
[2026-06-18T22:53:50.945+0000] {processor.py:186} INFO - Started process (PID=2737) to work on /opt/airflow/dags/driven_data_pipeline.py
[2026-06-18T22:53:50.946+0000] {processor.py:914} INFO - Processing file /opt/airflow/dags/driven_data_pipeline.py for tasks to queue
[2026-06-18T22:53:50.948+0000] {logging_mixin.py:190} INFO - [2026-06-18T22:53:50.947+0000] {dagbag.py:588} INFO - Filling up the DagBag from /opt/airflow/dags/driven_data_pipeline.py
[2026-06-18T22:53:51.027+0000] {processor.py:925} INFO - DAG(s) 'extract_raw_data_pipeline' retrieved from /opt/airflow/dags/driven_data_pipeline.py
[2026-06-18T22:53:51.042+0000] {logging_mixin.py:190} INFO - [2026-06-18T22:53:51.041+0000] {dag.py:3239} INFO - Sync 1 DAGs
[2026-06-18T22:53:51.053+0000] {logging_mixin.py:190} INFO - [2026-06-18T22:53:51.053+0000] {dag.py:4180} INFO - Setting next_dagrun for extract_raw_data_pipeline to 2026-06-18 07:59:00+00:00, run_after=2026-06-19 07:00:00+00:00
[2026-06-18T22:53:51.067+0000] {processor.py:208} INFO - Processing /opt/airflow/dags/driven_data_pipeline.py took 0.125 seconds
[2026-06-18T22:54:21.283+0000] {processor.py:186} INFO - Started process (PID=2745) to work on /opt/airflow/dags/driven_data_pipeline.py
[2026-06-18T22:54:21.284+0000] {processor.py:914} INFO - Processing file /opt/airflow/dags/driven_data_pipeline.py for tasks to queue
[2026-06-18T22:54:21.285+0000] {logging_mixin.py:190} INFO - [2026-06-18T22:54:21.285+0000] {dagbag.py:588} INFO - Filling up the DagBag from /opt/airflow/dags/driven_data_pipeline.py
[2026-06-18T22:54:21.366+0000] {processor.py:925} INFO - DAG(s) 'extract_raw_data_pipeline' retrieved from /opt/airflow/dags/driven_data_pipeline.py
[2026-06-18T22:54:21.381+0000] {logging_mixin.py:190} INFO - [2026-06-18T22:54:21.381+0000] {dag.py:3239} INFO - Sync 1 DAGs
[2026-06-18T22:54:21.393+0000] {logging_mixin.py:190} INFO - [2026-06-18T22:54:21.393+0000] {dag.py:4180} INFO - Setting next_dagrun for extract_raw_data_pipeline to 2026-06-18 07:59:00+00:00, run_after=2026-06-19 07:00:00+00:00
[2026-06-18T22:54:21.407+0000] {processor.py:208} INFO - Processing /opt/airflow/dags/driven_data_pipeline.py took 0.128 seconds
[2026-06-18T22:54:51.685+0000] {processor.py:186} INFO - Started process (PID=2753) to work on /opt/airflow/dags/driven_data_pipeline.py
[2026-06-18T22:54:51.686+0000] {processor.py:914} INFO - Processing file /opt/airflow/dags/driven_data_pipeline.py for tasks to queue
[2026-06-18T22:54:51.687+0000] {logging_mixin.py:190} INFO - [2026-06-18T22:54:51.687+0000] {dagbag.py:588} INFO - Filling up the DagBag from /opt/airflow/dags/driven_data_pipeline.py
[2026-06-18T22:54:51.767+0000] {processor.py:925} INFO - DAG(s) 'extract_raw_data_pipeline' retrieved from /opt/airflow/dags/driven_data_pipeline.py
[2026-06-18T22:54:51.781+0000] {logging_mixin.py:190} INFO - [2026-06-18T22:54:51.781+0000] {dag.py:3239} INFO - Sync 1 DAGs
[2026-06-18T22:54:51.794+0000] {logging_mixin.py:190} INFO - [2026-06-18T22:54:51.794+0000] {dag.py:4180} INFO - Setting next_dagrun for extract_raw_data_pipeline to 2026-06-18 07:59:00+00:00, run_after=2026-06-19 07:00:00+00:00
[2026-06-18T22:54:51.808+0000] {processor.py:208} INFO - Processing /opt/airflow/dags/driven_data_pipeline.py took 0.127 seconds
[2026-06-18T22:55:22.062+0000] {processor.py:186} INFO - Started process (PID=2761) to work on /opt/airflow/dags/driven_data_pipeline.py
[2026-06-18T22:55:22.062+0000] {processor.py:914} INFO - Processing file /opt/airflow/dags/driven_data_pipeline.py for tasks to queue
[2026-06-18T22:55:22.064+0000] {logging_mixin.py:190} INFO - [2026-06-18T22:55:22.064+0000] {dagbag.py:588} INFO - Filling up the DagBag from /opt/airflow/dags/driven_data_pipeline.py
[2026-06-18T22:55:22.144+0000] {processor.py:925} INFO - DAG(s) 'extract_raw_data_pipeline' retrieved from /opt/airflow/dags/driven_data_pipeline.py
[2026-06-18T22:55:22.159+0000] {logging_mixin.py:190} INFO - [2026-06-18T22:55:22.159+0000] {dag.py:3239} INFO - Sync 1 DAGs
[2026-06-18T22:55:22.170+0000] {logging_mixin.py:190} INFO - [2026-06-18T22:55:22.170+0000] {dag.py:4180} INFO - Setting next_dagrun for extract_raw_data_pipeline to 2026-06-18 07:59:00+00:00, run_after=2026-06-19 07:00:00+00:00
[2026-06-18T22:55:22.182+0000] {processor.py:208} INFO - Processing /opt/airflow/dags/driven_data_pipeline.py took 0.125 seconds
[2026-06-18T22:55:52.450+0000] {processor.py:186} INFO - Started process (PID=2769) to work on /opt/airflow/dags/driven_data_pipeline.py
[2026-06-18T22:55:52.450+0000] {processor.py:914} INFO - Processing file /opt/airflow/dags/driven_data_pipeline.py for tasks to queue
[2026-06-18T22:55:52.452+0000] {logging_mixin.py:190} INFO - [2026-06-18T22:55:52.452+0000] {dagbag.py:588} INFO - Filling up the DagBag from /opt/airflow/dags/driven_data_pipeline.py
[2026-06-18T22:55:52.539+0000] {processor.py:925} INFO - DAG(s) 'extract_raw_data_pipeline' retrieved from /opt/airflow/dags/driven_data_pipeline.py
[2026-06-18T22:55:52.554+0000] {logging_mixin.py:190} INFO - [2026-06-18T22:55:52.554+0000] {dag.py:3239} INFO - Sync 1 DAGs
[2026-06-18T22:55:52.567+0000] {logging_mixin.py:190} INFO - [2026-06-18T22:55:52.567+0000] {dag.py:4180} INFO - Setting next_dagrun for extract_raw_data_pipeline to 2026-06-18 07:59:00+00:00, run_after=2026-06-19 07:00:00+00:00
[2026-06-18T22:55:52.582+0000] {processor.py:208} INFO - Processing /opt/airflow/dags/driven_data_pipeline.py took 0.136 seconds
[2026-06-18T22:56:22.880+0000] {processor.py:186} INFO - Started process (PID=2777) to work on /opt/airflow/dags/driven_data_pipeline.py
[2026-06-18T22:56:22.881+0000] {processor.py:914} INFO - Processing file /opt/airflow/dags/driven_data_pipeline.py for tasks to queue
[2026-06-18T22:56:22.883+0000] {logging_mixin.py:190} INFO - [2026-06-18T22:56:22.882+0000] {dagbag.py:588} INFO - Filling up the DagBag from /opt/airflow/dags/driven_data_pipeline.py
[2026-06-18T22:56:22.981+0000] {processor.py:925} INFO - DAG(s) 'extract_raw_data_pipeline' retrieved from /opt/airflow/dags/driven_data_pipeline.py
[2026-06-18T22:56:22.996+0000] {logging_mixin.py:190} INFO - [2026-06-18T22:56:22.996+0000] {dag.py:3239} INFO - Sync 1 DAGs
[2026-06-18T22:56:23.012+0000] {logging_mixin.py:190} INFO - [2026-06-18T22:56:23.012+0000] {dag.py:4180} INFO - Setting next_dagrun for extract_raw_data_pipeline to 2026-06-18 07:59:00+00:00, run_after=2026-06-19 07:00:00+00:00
[2026-06-18T22:56:23.026+0000] {processor.py:208} INFO - Processing /opt/airflow/dags/driven_data_pipeline.py took 0.150 seconds
[2026-06-18T22:56:53.293+0000] {processor.py:186} INFO - Started process (PID=2785) to work on /opt/airflow/dags/driven_data_pipeline.py
[2026-06-18T22:56:53.294+0000] {processor.py:914} INFO - Processing file /opt/airflow/dags/driven_data_pipeline.py for tasks to queue
[2026-06-18T22:56:53.295+0000] {logging_mixin.py:190} INFO - [2026-06-18T22:56:53.295+0000] {dagbag.py:588} INFO - Filling up the DagBag from /opt/airflow/dags/driven_data_pipeline.py
[2026-06-18T22:56:53.381+0000] {processor.py:925} INFO - DAG(s) 'extract_raw_data_pipeline' retrieved from /opt/airflow/dags/driven_data_pipeline.py
[2026-06-18T22:56:53.397+0000] {logging_mixin.py:190} INFO - [2026-06-18T22:56:53.396+0000] {dag.py:3239} INFO - Sync 1 DAGs
[2026-06-18T22:56:53.410+0000] {logging_mixin.py:190} INFO - [2026-06-18T22:56:53.410+0000] {dag.py:4180} INFO - Setting next_dagrun for extract_raw_data_pipeline to 2026-06-18 07:59:00+00:00, run_after=2026-06-19 07:00:00+00:00
[2026-06-18T22:56:53.423+0000] {processor.py:208} INFO - Processing /opt/airflow/dags/driven_data_pipeline.py took 0.134 seconds
[2026-06-18T22:57:23.666+0000] {processor.py:186} INFO - Started process (PID=2793) to work on /opt/airflow/dags/driven_data_pipeline.py
[2026-06-18T22:57:23.667+0000] {processor.py:914} INFO - Processing file /opt/airflow/dags/driven_data_pipeline.py for tasks to queue
[2026-06-18T22:57:23.668+0000] {logging_mixin.py:190} INFO - [2026-06-18T22:57:23.668+0000] {dagbag.py:588} INFO - Filling up the DagBag from /opt/airflow/dags/driven_data_pipeline.py
[2026-06-18T22:57:23.770+0000] {processor.py:925} INFO - DAG(s) 'extract_raw_data_pipeline' retrieved from /opt/airflow/dags/driven_data_pipeline.py
[2026-06-18T22:57:23.785+0000] {logging_mixin.py:190} INFO - [2026-06-18T22:57:23.785+0000] {dag.py:3239} INFO - Sync 1 DAGs
[2026-06-18T22:57:23.799+0000] {logging_mixin.py:190} INFO - [2026-06-18T22:57:23.799+0000] {dag.py:4180} INFO - Setting next_dagrun for extract_raw_data_pipeline to 2026-06-18 07:59:00+00:00, run_after=2026-06-19 07:00:00+00:00
[2026-06-18T22:57:23.811+0000] {processor.py:208} INFO - Processing /opt/airflow/dags/driven_data_pipeline.py took 0.149 seconds
[2026-06-18T22:57:54.070+0000] {processor.py:186} INFO - Started process (PID=2801) to work on /opt/airflow/dags/driven_data_pipeline.py
[2026-06-18T22:57:54.070+0000] {processor.py:914} INFO - Processing file /opt/airflow/dags/driven_data_pipeline.py for tasks to queue
[2026-06-18T22:57:54.072+0000] {logging_mixin.py:190} INFO - [2026-06-18T22:57:54.072+0000] {dagbag.py:588} INFO - Filling up the DagBag from /opt/airflow/dags/driven_data_pipeline.py
[2026-06-18T22:57:54.152+0000] {processor.py:925} INFO - DAG(s) 'extract_raw_data_pipeline' retrieved from /opt/airflow/dags/driven_data_pipeline.py
[2026-06-18T22:57:54.166+0000] {logging_mixin.py:190} INFO - [2026-06-18T22:57:54.166+0000] {dag.py:3239} INFO - Sync 1 DAGs
[2026-06-18T22:57:54.178+0000] {logging_mixin.py:190} INFO - [2026-06-18T22:57:54.178+0000] {dag.py:4180} INFO - Setting next_dagrun for extract_raw_data_pipeline to 2026-06-18 07:59:00+00:00, run_after=2026-06-19 07:00:00+00:00
[2026-06-18T22:57:54.192+0000] {processor.py:208} INFO - Processing /opt/airflow/dags/driven_data_pipeline.py took 0.126 seconds
[2026-06-18T22:58:24.370+0000] {processor.py:186} INFO - Started process (PID=2808) to work on /opt/airflow/dags/driven_data_pipeline.py
[2026-06-18T22:58:24.371+0000] {processor.py:914} INFO - Processing file /opt/airflow/dags/driven_data_pipeline.py for tasks to queue
[2026-06-18T22:58:24.372+0000] {logging_mixin.py:190} INFO - [2026-06-18T22:58:24.372+0000] {dagbag.py:588} INFO - Filling up the DagBag from /opt/airflow/dags/driven_data_pipeline.py
[2026-06-18T22:58:24.462+0000] {processor.py:925} INFO - DAG(s) 'extract_raw_data_pipeline' retrieved from /opt/airflow/dags/driven_data_pipeline.py
[2026-06-18T22:58:24.478+0000] {logging_mixin.py:190} INFO - [2026-06-18T22:58:24.478+0000] {dag.py:3239} INFO - Sync 1 DAGs
[2026-06-18T22:58:24.491+0000] {logging_mixin.py:190} INFO - [2026-06-18T22:58:24.491+0000] {dag.py:4180} INFO - Setting next_dagrun for extract_raw_data_pipeline to 2026-06-18 07:59:00+00:00, run_after=2026-06-19 07:00:00+00:00
[2026-06-18T22:58:24.506+0000] {processor.py:208} INFO - Processing /opt/airflow/dags/driven_data_pipeline.py took 0.139 seconds
[2026-06-18T22:58:54.634+0000] {processor.py:186} INFO - Started process (PID=2816) to work on /opt/airflow/dags/driven_data_pipeline.py
[2026-06-18T22:58:54.635+0000] {processor.py:914} INFO - Processing file /opt/airflow/dags/driven_data_pipeline.py for tasks to queue
[2026-06-18T22:58:54.637+0000] {logging_mixin.py:190} INFO - [2026-06-18T22:58:54.636+0000] {dagbag.py:588} INFO - Filling up the DagBag from /opt/airflow/dags/driven_data_pipeline.py
[2026-06-18T22:58:54.717+0000] {processor.py:925} INFO - DAG(s) 'extract_raw_data_pipeline' retrieved from /opt/airflow/dags/driven_data_pipeline.py
[2026-06-18T22:58:54.733+0000] {logging_mixin.py:190} INFO - [2026-06-18T22:58:54.732+0000] {dag.py:3239} INFO - Sync 1 DAGs
[2026-06-18T22:58:54.752+0000] {logging_mixin.py:190} INFO - [2026-06-18T22:58:54.752+0000] {dag.py:4180} INFO - Setting next_dagrun for extract_raw_data_pipeline to 2026-06-18 07:59:00+00:00, run_after=2026-06-19 07:00:00+00:00
[2026-06-18T22:58:54.769+0000] {processor.py:208} INFO - Processing /opt/airflow/dags/driven_data_pipeline.py took 0.138 seconds
[2026-06-18T22:59:25.001+0000] {processor.py:186} INFO - Started process (PID=2824) to work on /opt/airflow/dags/driven_data_pipeline.py
[2026-06-18T22:59:25.002+0000] {processor.py:914} INFO - Processing file /opt/airflow/dags/driven_data_pipeline.py for tasks to queue
[2026-06-18T22:59:25.004+0000] {logging_mixin.py:190} INFO - [2026-06-18T22:59:25.004+0000] {dagbag.py:588} INFO - Filling up the DagBag from /opt/airflow/dags/driven_data_pipeline.py
[2026-06-18T22:59:25.107+0000] {processor.py:925} INFO - DAG(s) 'extract_raw_data_pipeline' retrieved from /opt/airflow/dags/driven_data_pipeline.py
[2026-06-18T22:59:25.122+0000] {logging_mixin.py:190} INFO - [2026-06-18T22:59:25.122+0000] {dag.py:3239} INFO - Sync 1 DAGs
[2026-06-18T22:59:25.136+0000] {logging_mixin.py:190} INFO - [2026-06-18T22:59:25.136+0000] {dag.py:4180} INFO - Setting next_dagrun for extract_raw_data_pipeline to 2026-06-18 07:59:00+00:00, run_after=2026-06-19 07:00:00+00:00
[2026-06-18T22:59:25.151+0000] {processor.py:208} INFO - Processing /opt/airflow/dags/driven_data_pipeline.py took 0.156 seconds
[2026-06-18T22:59:55.440+0000] {processor.py:186} INFO - Started process (PID=2832) to work on /opt/airflow/dags/driven_data_pipeline.py
[2026-06-18T22:59:55.441+0000] {processor.py:914} INFO - Processing file /opt/airflow/dags/driven_data_pipeline.py for tasks to queue
[2026-06-18T22:59:55.442+0000] {logging_mixin.py:190} INFO - [2026-06-18T22:59:55.442+0000] {dagbag.py:588} INFO - Filling up the DagBag from /opt/airflow/dags/driven_data_pipeline.py
[2026-06-18T22:59:55.519+0000] {processor.py:925} INFO - DAG(s) 'extract_raw_data_pipeline' retrieved from /opt/airflow/dags/driven_data_pipeline.py
[2026-06-18T22:59:55.533+0000] {logging_mixin.py:190} INFO - [2026-06-18T22:59:55.533+0000] {dag.py:3239} INFO - Sync 1 DAGs
[2026-06-18T22:59:55.545+0000] {logging_mixin.py:190} INFO - [2026-06-18T22:59:55.545+0000] {dag.py:4180} INFO - Setting next_dagrun for extract_raw_data_pipeline to 2026-06-18 07:59:00+00:00, run_after=2026-06-19 07:00:00+00:00
[2026-06-18T22:59:55.558+0000] {processor.py:208} INFO - Processing /opt/airflow/dags/driven_data_pipeline.py took 0.122 seconds
[2026-06-18T23:00:25.834+0000] {processor.py:186} INFO - Started process (PID=2840) to work on /opt/airflow/dags/driven_data_pipeline.py
[2026-06-18T23:00:25.834+0000] {processor.py:914} INFO - Processing file /opt/airflow/dags/driven_data_pipeline.py for tasks to queue
[2026-06-18T23:00:25.836+0000] {logging_mixin.py:190} INFO - [2026-06-18T23:00:25.835+0000] {dagbag.py:588} INFO - Filling up the DagBag from /opt/airflow/dags/driven_data_pipeline.py
[2026-06-18T23:00:25.918+0000] {processor.py:925} INFO - DAG(s) 'extract_raw_data_pipeline' retrieved from /opt/airflow/dags/driven_data_pipeline.py
[2026-06-18T23:00:25.938+0000] {logging_mixin.py:190} INFO - [2026-06-18T23:00:25.938+0000] {dag.py:3239} INFO - Sync 1 DAGs
[2026-06-18T23:00:25.953+0000] {logging_mixin.py:190} INFO - [2026-06-18T23:00:25.953+0000] {dag.py:4180} INFO - Setting next_dagrun for extract_raw_data_pipeline to 2026-06-18 07:59:00+00:00, run_after=2026-06-19 07:00:00+00:00
[2026-06-18T23:00:25.968+0000] {processor.py:208} INFO - Processing /opt/airflow/dags/driven_data_pipeline.py took 0.138 seconds
[2026-06-18T23:00:56.218+0000] {processor.py:186} INFO - Started process (PID=2848) to work on /opt/airflow/dags/driven_data_pipeline.py
[2026-06-18T23:00:56.219+0000] {processor.py:914} INFO - Processing file /opt/airflow/dags/driven_data_pipeline.py for tasks to queue
[2026-06-18T23:00:56.221+0000] {logging_mixin.py:190} INFO - [2026-06-18T23:00:56.220+0000] {dagbag.py:588} INFO - Filling up the DagBag from /opt/airflow/dags/driven_data_pipeline.py
[2026-06-18T23:00:56.301+0000] {processor.py:925} INFO - DAG(s) 'extract_raw_data_pipeline' retrieved from /opt/airflow/dags/driven_data_pipeline.py
[2026-06-18T23:00:56.314+0000] {logging_mixin.py:190} INFO - [2026-06-18T23:00:56.314+0000] {dag.py:3239} INFO - Sync 1 DAGs
[2026-06-18T23:00:56.327+0000] {logging_mixin.py:190} INFO - [2026-06-18T23:00:56.327+0000] {dag.py:4180} INFO - Setting next_dagrun for extract_raw_data_pipeline to 2026-06-18 07:59:00+00:00, run_after=2026-06-19 07:00:00+00:00
[2026-06-18T23:00:56.339+0000] {processor.py:208} INFO - Processing /opt/airflow/dags/driven_data_pipeline.py took 0.124 seconds
[2026-06-18T23:01:26.635+0000] {processor.py:186} INFO - Started process (PID=2856) to work on /opt/airflow/dags/driven_data_pipeline.py
[2026-06-18T23:01:26.636+0000] {processor.py:914} INFO - Processing file /opt/airflow/dags/driven_data_pipeline.py for tasks to queue
[2026-06-18T23:01:26.637+0000] {logging_mixin.py:190} INFO - [2026-06-18T23:01:26.637+0000] {dagbag.py:588} INFO - Filling up the DagBag from /opt/airflow/dags/driven_data_pipeline.py
[2026-06-18T23:01:26.728+0000] {processor.py:925} INFO - DAG(s) 'extract_raw_data_pipeline' retrieved from /opt/airflow/dags/driven_data_pipeline.py
[2026-06-18T23:01:26.742+0000] {logging_mixin.py:190} INFO - [2026-06-18T23:01:26.742+0000] {dag.py:3239} INFO - Sync 1 DAGs
[2026-06-18T23:01:26.753+0000] {logging_mixin.py:190} INFO - [2026-06-18T23:01:26.753+0000] {dag.py:4180} INFO - Setting next_dagrun for extract_raw_data_pipeline to 2026-06-18 07:59:00+00:00, run_after=2026-06-19 07:00:00+00:00
[2026-06-18T23:01:26.765+0000] {processor.py:208} INFO - Processing /opt/airflow/dags/driven_data_pipeline.py took 0.134 seconds
[2026-06-18T23:01:57.025+0000] {processor.py:186} INFO - Started process (PID=2864) to work on /opt/airflow/dags/driven_data_pipeline.py
[2026-06-18T23:01:57.026+0000] {processor.py:914} INFO - Processing file /opt/airflow/dags/driven_data_pipeline.py for tasks to queue
[2026-06-18T23:01:57.028+0000] {logging_mixin.py:190} INFO - [2026-06-18T23:01:57.028+0000] {dagbag.py:588} INFO - Filling up the DagBag from /opt/airflow/dags/driven_data_pipeline.py
[2026-06-18T23:01:57.129+0000] {processor.py:925} INFO - DAG(s) 'extract_raw_data_pipeline' retrieved from /opt/airflow/dags/driven_data_pipeline.py
[2026-06-18T23:01:57.144+0000] {logging_mixin.py:190} INFO - [2026-06-18T23:01:57.144+0000] {dag.py:3239} INFO - Sync 1 DAGs
[2026-06-18T23:01:57.158+0000] {logging_mixin.py:190} INFO - [2026-06-18T23:01:57.158+0000] {dag.py:4180} INFO - Setting next_dagrun for extract_raw_data_pipeline to 2026-06-18 07:59:00+00:00, run_after=2026-06-19 07:00:00+00:00
[2026-06-18T23:01:57.172+0000] {processor.py:208} INFO - Processing /opt/airflow/dags/driven_data_pipeline.py took 0.150 seconds
[2026-06-18T23:02:27.360+0000] {processor.py:186} INFO - Started process (PID=2872) to work on /opt/airflow/dags/driven_data_pipeline.py
[2026-06-18T23:02:27.361+0000] {processor.py:914} INFO - Processing file /opt/airflow/dags/driven_data_pipeline.py for tasks to queue
[2026-06-18T23:02:27.362+0000] {logging_mixin.py:190} INFO - [2026-06-18T23:02:27.362+0000] {dagbag.py:588} INFO - Filling up the DagBag from /opt/airflow/dags/driven_data_pipeline.py
[2026-06-18T23:02:27.443+0000] {processor.py:925} INFO - DAG(s) 'extract_raw_data_pipeline' retrieved from /opt/airflow/dags/driven_data_pipeline.py
[2026-06-18T23:02:27.458+0000] {logging_mixin.py:190} INFO - [2026-06-18T23:02:27.458+0000] {dag.py:3239} INFO - Sync 1 DAGs
[2026-06-18T23:02:27.470+0000] {logging_mixin.py:190} INFO - [2026-06-18T23:02:27.470+0000] {dag.py:4180} INFO - Setting next_dagrun for extract_raw_data_pipeline to 2026-06-18 07:59:00+00:00, run_after=2026-06-19 07:00:00+00:00
[2026-06-18T23:02:27.486+0000] {processor.py:208} INFO - Processing /opt/airflow/dags/driven_data_pipeline.py took 0.129 seconds
[2026-06-18T23:02:57.779+0000] {processor.py:186} INFO - Started process (PID=2880) to work on /opt/airflow/dags/driven_data_pipeline.py
[2026-06-18T23:02:57.780+0000] {processor.py:914} INFO - Processing file /opt/airflow/dags/driven_data_pipeline.py for tasks to queue
[2026-06-18T23:02:57.782+0000] {logging_mixin.py:190} INFO - [2026-06-18T23:02:57.781+0000] {dagbag.py:588} INFO - Filling up the DagBag from /opt/airflow/dags/driven_data_pipeline.py
[2026-06-18T23:02:57.864+0000] {processor.py:925} INFO - DAG(s) 'extract_raw_data_pipeline' retrieved from /opt/airflow/dags/driven_data_pipeline.py
[2026-06-18T23:02:57.879+0000] {logging_mixin.py:190} INFO - [2026-06-18T23:02:57.879+0000] {dag.py:3239} INFO - Sync 1 DAGs
[2026-06-18T23:02:57.892+0000] {logging_mixin.py:190} INFO - [2026-06-18T23:02:57.892+0000] {dag.py:4180} INFO - Setting next_dagrun for extract_raw_data_pipeline to 2026-06-18 07:59:00+00:00, run_after=2026-06-19 07:00:00+00:00
[2026-06-18T23:02:57.915+0000] {processor.py:208} INFO - Processing /opt/airflow/dags/driven_data_pipeline.py took 0.140 seconds
[2026-06-18T23:03:28.056+0000] {processor.py:186} INFO - Started process (PID=2888) to work on /opt/airflow/dags/driven_data_pipeline.py
[2026-06-18T23:03:28.057+0000] {processor.py:914} INFO - Processing file /opt/airflow/dags/driven_data_pipeline.py for tasks to queue
[2026-06-18T23:03:28.059+0000] {logging_mixin.py:190} INFO - [2026-06-18T23:03:28.059+0000] {dagbag.py:588} INFO - Filling up the DagBag from /opt/airflow/dags/driven_data_pipeline.py
[2026-06-18T23:03:28.139+0000] {processor.py:925} INFO - DAG(s) 'extract_raw_data_pipeline' retrieved from /opt/airflow/dags/driven_data_pipeline.py
[2026-06-18T23:03:28.155+0000] {logging_mixin.py:190} INFO - [2026-06-18T23:03:28.155+0000] {dag.py:3239} INFO - Sync 1 DAGs
[2026-06-18T23:03:28.168+0000] {logging_mixin.py:190} INFO - [2026-06-18T23:03:28.168+0000] {dag.py:4180} INFO - Setting next_dagrun for extract_raw_data_pipeline to 2026-06-18 07:59:00+00:00, run_after=2026-06-19 07:00:00+00:00
[2026-06-18T23:03:28.183+0000] {processor.py:208} INFO - Processing /opt/airflow/dags/driven_data_pipeline.py took 0.130 seconds
[2026-06-18T23:03:58.353+0000] {processor.py:186} INFO - Started process (PID=2896) to work on /opt/airflow/dags/driven_data_pipeline.py
[2026-06-18T23:03:58.354+0000] {processor.py:914} INFO - Processing file /opt/airflow/dags/driven_data_pipeline.py for tasks to queue
[2026-06-18T23:03:58.355+0000] {logging_mixin.py:190} INFO - [2026-06-18T23:03:58.355+0000] {dagbag.py:588} INFO - Filling up the DagBag from /opt/airflow/dags/driven_data_pipeline.py
[2026-06-18T23:03:58.437+0000] {processor.py:925} INFO - DAG(s) 'extract_raw_data_pipeline' retrieved from /opt/airflow/dags/driven_data_pipeline.py
[2026-06-18T23:03:58.475+0000] {logging_mixin.py:190} INFO - [2026-06-18T23:03:58.475+0000] {dag.py:3239} INFO - Sync 1 DAGs
[2026-06-18T23:03:58.505+0000] {logging_mixin.py:190} INFO - [2026-06-18T23:03:58.504+0000] {dag.py:4180} INFO - Setting next_dagrun for extract_raw_data_pipeline to 2026-06-18 07:59:00+00:00, run_after=2026-06-19 07:00:00+00:00
[2026-06-18T23:03:58.621+0000] {processor.py:208} INFO - Processing /opt/airflow/dags/driven_data_pipeline.py took 0.271 seconds
[2026-06-18T23:04:28.872+0000] {processor.py:186} INFO - Started process (PID=2904) to work on /opt/airflow/dags/driven_data_pipeline.py
[2026-06-18T23:04:28.873+0000] {processor.py:914} INFO - Processing file /opt/airflow/dags/driven_data_pipeline.py for tasks to queue
[2026-06-18T23:04:28.874+0000] {logging_mixin.py:190} INFO - [2026-06-18T23:04:28.874+0000] {dagbag.py:588} INFO - Filling up the DagBag from /opt/airflow/dags/driven_data_pipeline.py
[2026-06-18T23:04:28.955+0000] {processor.py:925} INFO - DAG(s) 'extract_raw_data_pipeline' retrieved from /opt/airflow/dags/driven_data_pipeline.py
[2026-06-18T23:04:28.970+0000] {logging_mixin.py:190} INFO - [2026-06-18T23:04:28.970+0000] {dag.py:3239} INFO - Sync 1 DAGs
[2026-06-18T23:04:28.984+0000] {logging_mixin.py:190} INFO - [2026-06-18T23:04:28.984+0000] {dag.py:4180} INFO - Setting next_dagrun for extract_raw_data_pipeline to 2026-06-18 07:59:00+00:00, run_after=2026-06-19 07:00:00+00:00
[2026-06-18T23:04:28.997+0000] {processor.py:208} INFO - Processing /opt/airflow/dags/driven_data_pipeline.py took 0.129 seconds
[2026-06-18T23:04:59.125+0000] {processor.py:186} INFO - Started process (PID=2912) to work on /opt/airflow/dags/driven_data_pipeline.py
[2026-06-18T23:04:59.126+0000] {processor.py:914} INFO - Processing file /opt/airflow/dags/driven_data_pipeline.py for tasks to queue
[2026-06-18T23:04:59.128+0000] {logging_mixin.py:190} INFO - [2026-06-18T23:04:59.127+0000] {dagbag.py:588} INFO - Filling up the DagBag from /opt/airflow/dags/driven_data_pipeline.py
[2026-06-18T23:04:59.208+0000] {processor.py:925} INFO - DAG(s) 'extract_raw_data_pipeline' retrieved from /opt/airflow/dags/driven_data_pipeline.py
[2026-06-18T23:04:59.224+0000] {logging_mixin.py:190} INFO - [2026-06-18T23:04:59.224+0000] {dag.py:3239} INFO - Sync 1 DAGs
[2026-06-18T23:04:59.238+0000] {logging_mixin.py:190} INFO - [2026-06-18T23:04:59.238+0000] {dag.py:4180} INFO - Setting next_dagrun for extract_raw_data_pipeline to 2026-06-18 07:59:00+00:00, run_after=2026-06-19 07:00:00+00:00
[2026-06-18T23:04:59.251+0000] {processor.py:208} INFO - Processing /opt/airflow/dags/driven_data_pipeline.py took 0.129 seconds
[2026-06-18T23:05:29.543+0000] {processor.py:186} INFO - Started process (PID=2920) to work on /opt/airflow/dags/driven_data_pipeline.py
[2026-06-18T23:05:29.543+0000] {processor.py:914} INFO - Processing file /opt/airflow/dags/driven_data_pipeline.py for tasks to queue
[2026-06-18T23:05:29.545+0000] {logging_mixin.py:190} INFO - [2026-06-18T23:05:29.545+0000] {dagbag.py:588} INFO - Filling up the DagBag from /opt/airflow/dags/driven_data_pipeline.py
[2026-06-18T23:05:29.624+0000] {processor.py:925} INFO - DAG(s) 'extract_raw_data_pipeline' retrieved from /opt/airflow/dags/driven_data_pipeline.py
[2026-06-18T23:05:29.638+0000] {logging_mixin.py:190} INFO - [2026-06-18T23:05:29.638+0000] {dag.py:3239} INFO - Sync 1 DAGs
[2026-06-18T23:05:29.650+0000] {logging_mixin.py:190} INFO - [2026-06-18T23:05:29.650+0000] {dag.py:4180} INFO - Setting next_dagrun for extract_raw_data_pipeline to 2026-06-18 07:59:00+00:00, run_after=2026-06-19 07:00:00+00:00
[2026-06-18T23:05:29.662+0000] {processor.py:208} INFO - Processing /opt/airflow/dags/driven_data_pipeline.py took 0.123 seconds
[2026-06-18T23:05:59.908+0000] {processor.py:186} INFO - Started process (PID=2927) to work on /opt/airflow/dags/driven_data_pipeline.py
[2026-06-18T23:05:59.909+0000] {processor.py:914} INFO - Processing file /opt/airflow/dags/driven_data_pipeline.py for tasks to queue
[2026-06-18T23:05:59.911+0000] {logging_mixin.py:190} INFO - [2026-06-18T23:05:59.911+0000] {dagbag.py:588} INFO - Filling up the DagBag from /opt/airflow/dags/driven_data_pipeline.py
[2026-06-18T23:06:00.000+0000] {processor.py:925} INFO - DAG(s) 'extract_raw_data_pipeline' retrieved from /opt/airflow/dags/driven_data_pipeline.py
[2026-06-18T23:06:00.017+0000] {logging_mixin.py:190} INFO - [2026-06-18T23:06:00.017+0000] {dag.py:3239} INFO - Sync 1 DAGs
[2026-06-18T23:06:00.032+0000] {logging_mixin.py:190} INFO - [2026-06-18T23:06:00.032+0000] {dag.py:4180} INFO - Setting next_dagrun for extract_raw_data_pipeline to 2026-06-18 07:59:00+00:00, run_after=2026-06-19 07:00:00+00:00
[2026-06-18T23:06:00.064+0000] {processor.py:208} INFO - Processing /opt/airflow/dags/driven_data_pipeline.py took 0.160 seconds
[2026-06-18T23:06:30.307+0000] {processor.py:186} INFO - Started process (PID=2935) to work on /opt/airflow/dags/driven_data_pipeline.py
[2026-06-18T23:06:30.308+0000] {processor.py:914} INFO - Processing file /opt/airflow/dags/driven_data_pipeline.py for tasks to queue
[2026-06-18T23:06:30.309+0000] {logging_mixin.py:190} INFO - [2026-06-18T23:06:30.309+0000] {dagbag.py:588} INFO - Filling up the DagBag from /opt/airflow/dags/driven_data_pipeline.py
[2026-06-18T23:06:30.390+0000] {processor.py:925} INFO - DAG(s) 'extract_raw_data_pipeline' retrieved from /opt/airflow/dags/driven_data_pipeline.py
[2026-06-18T23:06:30.404+0000] {logging_mixin.py:190} INFO - [2026-06-18T23:06:30.404+0000] {dag.py:3239} INFO - Sync 1 DAGs
[2026-06-18T23:06:30.418+0000] {logging_mixin.py:190} INFO - [2026-06-18T23:06:30.417+0000] {dag.py:4180} INFO - Setting next_dagrun for extract_raw_data_pipeline to 2026-06-18 07:59:00+00:00, run_after=2026-06-19 07:00:00+00:00
[2026-06-18T23:06:30.438+0000] {processor.py:208} INFO - Processing /opt/airflow/dags/driven_data_pipeline.py took 0.134 seconds
[2026-06-18T23:07:00.653+0000] {processor.py:186} INFO - Started process (PID=2942) to work on /opt/airflow/dags/driven_data_pipeline.py
[2026-06-18T23:07:00.654+0000] {processor.py:914} INFO - Processing file /opt/airflow/dags/driven_data_pipeline.py for tasks to queue
[2026-06-18T23:07:00.655+0000] {logging_mixin.py:190} INFO - [2026-06-18T23:07:00.655+0000] {dagbag.py:588} INFO - Filling up the DagBag from /opt/airflow/dags/driven_data_pipeline.py
[2026-06-18T23:07:00.738+0000] {processor.py:925} INFO - DAG(s) 'extract_raw_data_pipeline' retrieved from /opt/airflow/dags/driven_data_pipeline.py
[2026-06-18T23:07:00.754+0000] {logging_mixin.py:190} INFO - [2026-06-18T23:07:00.754+0000] {dag.py:3239} INFO - Sync 1 DAGs
[2026-06-18T23:07:00.767+0000] {logging_mixin.py:190} INFO - [2026-06-18T23:07:00.767+0000] {dag.py:4180} INFO - Setting next_dagrun for extract_raw_data_pipeline to 2026-06-18 07:59:00+00:00, run_after=2026-06-19 07:00:00+00:00
[2026-06-18T23:07:00.780+0000] {processor.py:208} INFO - Processing /opt/airflow/dags/driven_data_pipeline.py took 0.131 seconds
[2026-06-18T23:07:30.983+0000] {processor.py:186} INFO - Started process (PID=2950) to work on /opt/airflow/dags/driven_data_pipeline.py
[2026-06-18T23:07:30.984+0000] {processor.py:914} INFO - Processing file /opt/airflow/dags/driven_data_pipeline.py for tasks to queue
[2026-06-18T23:07:30.986+0000] {logging_mixin.py:190} INFO - [2026-06-18T23:07:30.986+0000] {dagbag.py:588} INFO - Filling up the DagBag from /opt/airflow/dags/driven_data_pipeline.py
[2026-06-18T23:07:31.075+0000] {processor.py:925} INFO - DAG(s) 'extract_raw_data_pipeline' retrieved from /opt/airflow/dags/driven_data_pipeline.py
[2026-06-18T23:07:31.091+0000] {logging_mixin.py:190} INFO - [2026-06-18T23:07:31.091+0000] {dag.py:3239} INFO - Sync 1 DAGs
[2026-06-18T23:07:31.106+0000] {logging_mixin.py:190} INFO - [2026-06-18T23:07:31.105+0000] {dag.py:4180} INFO - Setting next_dagrun for extract_raw_data_pipeline to 2026-06-18 07:59:00+00:00, run_after=2026-06-19 07:00:00+00:00
[2026-06-18T23:07:31.118+0000] {processor.py:208} INFO - Processing /opt/airflow/dags/driven_data_pipeline.py took 0.140 seconds
[2026-06-18T23:08:01.360+0000] {processor.py:186} INFO - Started process (PID=2958) to work on /opt/airflow/dags/driven_data_pipeline.py
[2026-06-18T23:08:01.360+0000] {processor.py:914} INFO - Processing file /opt/airflow/dags/driven_data_pipeline.py for tasks to queue
[2026-06-18T23:08:01.362+0000] {logging_mixin.py:190} INFO - [2026-06-18T23:08:01.362+0000] {dagbag.py:588} INFO - Filling up the DagBag from /opt/airflow/dags/driven_data_pipeline.py
[2026-06-18T23:08:01.442+0000] {processor.py:925} INFO - DAG(s) 'extract_raw_data_pipeline' retrieved from /opt/airflow/dags/driven_data_pipeline.py
[2026-06-18T23:08:01.457+0000] {logging_mixin.py:190} INFO - [2026-06-18T23:08:01.456+0000] {dag.py:3239} INFO - Sync 1 DAGs
[2026-06-18T23:08:01.470+0000] {logging_mixin.py:190} INFO - [2026-06-18T23:08:01.470+0000] {dag.py:4180} INFO - Setting next_dagrun for extract_raw_data_pipeline to 2026-06-18 07:59:00+00:00, run_after=2026-06-19 07:00:00+00:00
[2026-06-18T23:08:01.486+0000] {processor.py:208} INFO - Processing /opt/airflow/dags/driven_data_pipeline.py took 0.130 seconds
[2026-06-18T23:08:31.653+0000] {processor.py:186} INFO - Started process (PID=2966) to work on /opt/airflow/dags/driven_data_pipeline.py
[2026-06-18T23:08:31.654+0000] {processor.py:914} INFO - Processing file /opt/airflow/dags/driven_data_pipeline.py for tasks to queue
[2026-06-18T23:08:31.655+0000] {logging_mixin.py:190} INFO - [2026-06-18T23:08:31.655+0000] {dagbag.py:588} INFO - Filling up the DagBag from /opt/airflow/dags/driven_data_pipeline.py
[2026-06-18T23:08:31.733+0000] {processor.py:925} INFO - DAG(s) 'extract_raw_data_pipeline' retrieved from /opt/airflow/dags/driven_data_pipeline.py
[2026-06-18T23:08:31.749+0000] {logging_mixin.py:190} INFO - [2026-06-18T23:08:31.749+0000] {dag.py:3239} INFO - Sync 1 DAGs
[2026-06-18T23:08:31.761+0000] {logging_mixin.py:190} INFO - [2026-06-18T23:08:31.761+0000] {dag.py:4180} INFO - Setting next_dagrun for extract_raw_data_pipeline to 2026-06-18 07:59:00+00:00, run_after=2026-06-19 07:00:00+00:00
[2026-06-18T23:08:31.780+0000] {processor.py:208} INFO - Processing /opt/airflow/dags/driven_data_pipeline.py took 0.132 seconds
[2026-06-18T23:09:02.033+0000] {processor.py:186} INFO - Started process (PID=2974) to work on /opt/airflow/dags/driven_data_pipeline.py
[2026-06-18T23:09:02.034+0000] {processor.py:914} INFO - Processing file /opt/airflow/dags/driven_data_pipeline.py for tasks to queue
[2026-06-18T23:09:02.036+0000] {logging_mixin.py:190} INFO - [2026-06-18T23:09:02.036+0000] {dagbag.py:588} INFO - Filling up the DagBag from /opt/airflow/dags/driven_data_pipeline.py
[2026-06-18T23:09:02.121+0000] {processor.py:925} INFO - DAG(s) 'extract_raw_data_pipeline' retrieved from /opt/airflow/dags/driven_data_pipeline.py
[2026-06-18T23:09:02.136+0000] {logging_mixin.py:190} INFO - [2026-06-18T23:09:02.135+0000] {dag.py:3239} INFO - Sync 1 DAGs
[2026-06-18T23:09:02.149+0000] {logging_mixin.py:190} INFO - [2026-06-18T23:09:02.149+0000] {dag.py:4180} INFO - Setting next_dagrun for extract_raw_data_pipeline to 2026-06-18 07:59:00+00:00, run_after=2026-06-19 07:00:00+00:00
[2026-06-18T23:09:02.162+0000] {processor.py:208} INFO - Processing /opt/airflow/dags/driven_data_pipeline.py took 0.135 seconds
[2026-06-18T23:09:32.451+0000] {processor.py:186} INFO - Started process (PID=2981) to work on /opt/airflow/dags/driven_data_pipeline.py
[2026-06-18T23:09:32.451+0000] {processor.py:914} INFO - Processing file /opt/airflow/dags/driven_data_pipeline.py for tasks to queue
[2026-06-18T23:09:32.453+0000] {logging_mixin.py:190} INFO - [2026-06-18T23:09:32.453+0000] {dagbag.py:588} INFO - Filling up the DagBag from /opt/airflow/dags/driven_data_pipeline.py
[2026-06-18T23:09:32.537+0000] {processor.py:925} INFO - DAG(s) 'extract_raw_data_pipeline' retrieved from /opt/airflow/dags/driven_data_pipeline.py
[2026-06-18T23:09:32.552+0000] {logging_mixin.py:190} INFO - [2026-06-18T23:09:32.552+0000] {dag.py:3239} INFO - Sync 1 DAGs
[2026-06-18T23:09:32.565+0000] {logging_mixin.py:190} INFO - [2026-06-18T23:09:32.565+0000] {dag.py:4180} INFO - Setting next_dagrun for extract_raw_data_pipeline to 2026-06-18 07:59:00+00:00, run_after=2026-06-19 07:00:00+00:00
[2026-06-18T23:09:32.577+0000] {processor.py:208} INFO - Processing /opt/airflow/dags/driven_data_pipeline.py took 0.129 seconds
[2026-06-18T23:10:02.819+0000] {processor.py:186} INFO - Started process (PID=2989) to work on /opt/airflow/dags/driven_data_pipeline.py
[2026-06-18T23:10:02.819+0000] {processor.py:914} INFO - Processing file /opt/airflow/dags/driven_data_pipeline.py for tasks to queue
[2026-06-18T23:10:02.821+0000] {logging_mixin.py:190} INFO - [2026-06-18T23:10:02.821+0000] {dagbag.py:588} INFO - Filling up the DagBag from /opt/airflow/dags/driven_data_pipeline.py
[2026-06-18T23:10:02.902+0000] {processor.py:925} INFO - DAG(s) 'extract_raw_data_pipeline' retrieved from /opt/airflow/dags/driven_data_pipeline.py
[2026-06-18T23:10:02.917+0000] {logging_mixin.py:190} INFO - [2026-06-18T23:10:02.917+0000] {dag.py:3239} INFO - Sync 1 DAGs
[2026-06-18T23:10:02.930+0000] {logging_mixin.py:190} INFO - [2026-06-18T23:10:02.930+0000] {dag.py:4180} INFO - Setting next_dagrun for extract_raw_data_pipeline to 2026-06-18 07:59:00+00:00, run_after=2026-06-19 07:00:00+00:00
[2026-06-18T23:10:02.944+0000] {processor.py:208} INFO - Processing /opt/airflow/dags/driven_data_pipeline.py took 0.129 seconds
[2026-06-18T23:10:33.203+0000] {processor.py:186} INFO - Started process (PID=2997) to work on /opt/airflow/dags/driven_data_pipeline.py
[2026-06-18T23:10:33.207+0000] {processor.py:914} INFO - Processing file /opt/airflow/dags/driven_data_pipeline.py for tasks to queue
[2026-06-18T23:10:33.210+0000] {logging_mixin.py:190} INFO - [2026-06-18T23:10:33.210+0000] {dagbag.py:588} INFO - Filling up the DagBag from /opt/airflow/dags/driven_data_pipeline.py
[2026-06-18T23:10:33.312+0000] {processor.py:925} INFO - DAG(s) 'extract_raw_data_pipeline' retrieved from /opt/airflow/dags/driven_data_pipeline.py
[2026-06-18T23:10:33.327+0000] {logging_mixin.py:190} INFO - [2026-06-18T23:10:33.327+0000] {dag.py:3239} INFO - Sync 1 DAGs
[2026-06-18T23:10:33.341+0000] {logging_mixin.py:190} INFO - [2026-06-18T23:10:33.341+0000] {dag.py:4180} INFO - Setting next_dagrun for extract_raw_data_pipeline to 2026-06-18 07:59:00+00:00, run_after=2026-06-19 07:00:00+00:00
[2026-06-18T23:10:33.354+0000] {processor.py:208} INFO - Processing /opt/airflow/dags/driven_data_pipeline.py took 0.155 seconds
[2026-06-18T23:11:03.569+0000] {processor.py:186} INFO - Started process (PID=3005) to work on /opt/airflow/dags/driven_data_pipeline.py
[2026-06-18T23:11:03.570+0000] {processor.py:914} INFO - Processing file /opt/airflow/dags/driven_data_pipeline.py for tasks to queue
[2026-06-18T23:11:03.572+0000] {logging_mixin.py:190} INFO - [2026-06-18T23:11:03.571+0000] {dagbag.py:588} INFO - Filling up the DagBag from /opt/airflow/dags/driven_data_pipeline.py
[2026-06-18T23:11:03.654+0000] {processor.py:925} INFO - DAG(s) 'extract_raw_data_pipeline' retrieved from /opt/airflow/dags/driven_data_pipeline.py
[2026-06-18T23:11:03.672+0000] {logging_mixin.py:190} INFO - [2026-06-18T23:11:03.672+0000] {dag.py:3239} INFO - Sync 1 DAGs
[2026-06-18T23:11:03.688+0000] {logging_mixin.py:190} INFO - [2026-06-18T23:11:03.688+0000] {dag.py:4180} INFO - Setting next_dagrun for extract_raw_data_pipeline to 2026-06-18 07:59:00+00:00, run_after=2026-06-19 07:00:00+00:00
[2026-06-18T23:11:03.704+0000] {processor.py:208} INFO - Processing /opt/airflow/dags/driven_data_pipeline.py took 0.138 seconds
[2026-06-18T23:11:34.003+0000] {processor.py:186} INFO - Started process (PID=3013) to work on /opt/airflow/dags/driven_data_pipeline.py
[2026-06-18T23:11:34.004+0000] {processor.py:914} INFO - Processing file /opt/airflow/dags/driven_data_pipeline.py for tasks to queue
[2026-06-18T23:11:34.006+0000] {logging_mixin.py:190} INFO - [2026-06-18T23:11:34.005+0000] {dagbag.py:588} INFO - Filling up the DagBag from /opt/airflow/dags/driven_data_pipeline.py
[2026-06-18T23:11:34.087+0000] {processor.py:925} INFO - DAG(s) 'extract_raw_data_pipeline' retrieved from /opt/airflow/dags/driven_data_pipeline.py
[2026-06-18T23:11:34.102+0000] {logging_mixin.py:190} INFO - [2026-06-18T23:11:34.102+0000] {dag.py:3239} INFO - Sync 1 DAGs
[2026-06-18T23:11:34.114+0000] {logging_mixin.py:190} INFO - [2026-06-18T23:11:34.114+0000] {dag.py:4180} INFO - Setting next_dagrun for extract_raw_data_pipeline to 2026-06-18 07:59:00+00:00, run_after=2026-06-19 07:00:00+00:00
[2026-06-18T23:11:34.136+0000] {processor.py:208} INFO - Processing /opt/airflow/dags/driven_data_pipeline.py took 0.136 seconds
[2026-06-18T23:12:04.333+0000] {processor.py:186} INFO - Started process (PID=3021) to work on /opt/airflow/dags/driven_data_pipeline.py
[2026-06-18T23:12:04.334+0000] {processor.py:914} INFO - Processing file /opt/airflow/dags/driven_data_pipeline.py for tasks to queue
[2026-06-18T23:12:04.335+0000] {logging_mixin.py:190} INFO - [2026-06-18T23:12:04.335+0000] {dagbag.py:588} INFO - Filling up the DagBag from /opt/airflow/dags/driven_data_pipeline.py
[2026-06-18T23:12:04.421+0000] {processor.py:925} INFO - DAG(s) 'extract_raw_data_pipeline' retrieved from /opt/airflow/dags/driven_data_pipeline.py
[2026-06-18T23:12:04.434+0000] {logging_mixin.py:190} INFO - [2026-06-18T23:12:04.434+0000] {dag.py:3239} INFO - Sync 1 DAGs
[2026-06-18T23:12:04.446+0000] {logging_mixin.py:190} INFO - [2026-06-18T23:12:04.446+0000] {dag.py:4180} INFO - Setting next_dagrun for extract_raw_data_pipeline to 2026-06-18 07:59:00+00:00, run_after=2026-06-19 07:00:00+00:00
[2026-06-18T23:12:04.459+0000] {processor.py:208} INFO - Processing /opt/airflow/dags/driven_data_pipeline.py took 0.130 seconds
[2026-06-18T23:12:34.692+0000] {processor.py:186} INFO - Started process (PID=3029) to work on /opt/airflow/dags/driven_data_pipeline.py
[2026-06-18T23:12:34.693+0000] {processor.py:914} INFO - Processing file /opt/airflow/dags/driven_data_pipeline.py for tasks to queue
[2026-06-18T23:12:34.695+0000] {logging_mixin.py:190} INFO - [2026-06-18T23:12:34.695+0000] {dagbag.py:588} INFO - Filling up the DagBag from /opt/airflow/dags/driven_data_pipeline.py
[2026-06-18T23:12:34.778+0000] {processor.py:925} INFO - DAG(s) 'extract_raw_data_pipeline' retrieved from /opt/airflow/dags/driven_data_pipeline.py
[2026-06-18T23:12:34.792+0000] {logging_mixin.py:190} INFO - [2026-06-18T23:12:34.792+0000] {dag.py:3239} INFO - Sync 1 DAGs
[2026-06-18T23:12:34.804+0000] {logging_mixin.py:190} INFO - [2026-06-18T23:12:34.804+0000] {dag.py:4180} INFO - Setting next_dagrun for extract_raw_data_pipeline to 2026-06-18 07:59:00+00:00, run_after=2026-06-19 07:00:00+00:00
[2026-06-18T23:12:34.819+0000] {processor.py:208} INFO - Processing /opt/airflow/dags/driven_data_pipeline.py took 0.130 seconds
[2026-06-18T23:13:05.045+0000] {processor.py:186} INFO - Started process (PID=3036) to work on /opt/airflow/dags/driven_data_pipeline.py
[2026-06-18T23:13:05.046+0000] {processor.py:914} INFO - Processing file /opt/airflow/dags/driven_data_pipeline.py for tasks to queue
[2026-06-18T23:13:05.048+0000] {logging_mixin.py:190} INFO - [2026-06-18T23:13:05.048+0000] {dagbag.py:588} INFO - Filling up the DagBag from /opt/airflow/dags/driven_data_pipeline.py
[2026-06-18T23:13:05.139+0000] {processor.py:925} INFO - DAG(s) 'extract_raw_data_pipeline' retrieved from /opt/airflow/dags/driven_data_pipeline.py
[2026-06-18T23:13:05.155+0000] {logging_mixin.py:190} INFO - [2026-06-18T23:13:05.154+0000] {dag.py:3239} INFO - Sync 1 DAGs
[2026-06-18T23:13:05.169+0000] {logging_mixin.py:190} INFO - [2026-06-18T23:13:05.168+0000] {dag.py:4180} INFO - Setting next_dagrun for extract_raw_data_pipeline to 2026-06-18 07:59:00+00:00, run_after=2026-06-19 07:00:00+00:00
[2026-06-18T23:13:05.182+0000] {processor.py:208} INFO - Processing /opt/airflow/dags/driven_data_pipeline.py took 0.141 seconds
[2026-06-18T23:13:35.443+0000] {processor.py:186} INFO - Started process (PID=3044) to work on /opt/airflow/dags/driven_data_pipeline.py
[2026-06-18T23:13:35.444+0000] {processor.py:914} INFO - Processing file /opt/airflow/dags/driven_data_pipeline.py for tasks to queue
[2026-06-18T23:13:35.446+0000] {logging_mixin.py:190} INFO - [2026-06-18T23:13:35.445+0000] {dagbag.py:588} INFO - Filling up the DagBag from /opt/airflow/dags/driven_data_pipeline.py
[2026-06-18T23:13:35.547+0000] {processor.py:925} INFO - DAG(s) 'extract_raw_data_pipeline' retrieved from /opt/airflow/dags/driven_data_pipeline.py
[2026-06-18T23:13:35.562+0000] {logging_mixin.py:190} INFO - [2026-06-18T23:13:35.562+0000] {dag.py:3239} INFO - Sync 1 DAGs
[2026-06-18T23:13:35.575+0000] {logging_mixin.py:190} INFO - [2026-06-18T23:13:35.575+0000] {dag.py:4180} INFO - Setting next_dagrun for extract_raw_data_pipeline to 2026-06-18 07:59:00+00:00, run_after=2026-06-19 07:00:00+00:00
[2026-06-18T23:13:35.588+0000] {processor.py:208} INFO - Processing /opt/airflow/dags/driven_data_pipeline.py took 0.149 seconds
[2026-06-18T23:14:05.943+0000] {processor.py:186} INFO - Started process (PID=3052) to work on /opt/airflow/dags/driven_data_pipeline.py
[2026-06-18T23:14:05.944+0000] {processor.py:914} INFO - Processing file /opt/airflow/dags/driven_data_pipeline.py for tasks to queue
[2026-06-18T23:14:05.946+0000] {logging_mixin.py:190} INFO - [2026-06-18T23:14:05.946+0000] {dagbag.py:588} INFO - Filling up the DagBag from /opt/airflow/dags/driven_data_pipeline.py
[2026-06-18T23:14:06.029+0000] {processor.py:925} INFO - DAG(s) 'extract_raw_data_pipeline' retrieved from /opt/airflow/dags/driven_data_pipeline.py
[2026-06-18T23:14:06.044+0000] {logging_mixin.py:190} INFO - [2026-06-18T23:14:06.043+0000] {dag.py:3239} INFO - Sync 1 DAGs
[2026-06-18T23:14:06.057+0000] {logging_mixin.py:190} INFO - [2026-06-18T23:14:06.057+0000] {dag.py:4180} INFO - Setting next_dagrun for extract_raw_data_pipeline to 2026-06-18 07:59:00+00:00, run_after=2026-06-19 07:00:00+00:00
[2026-06-18T23:14:06.070+0000] {processor.py:208} INFO - Processing /opt/airflow/dags/driven_data_pipeline.py took 0.130 seconds
[2026-06-18T23:14:36.319+0000] {processor.py:186} INFO - Started process (PID=3060) to work on /opt/airflow/dags/driven_data_pipeline.py
[2026-06-18T23:14:36.320+0000] {processor.py:914} INFO - Processing file /opt/airflow/dags/driven_data_pipeline.py for tasks to queue
[2026-06-18T23:14:36.322+0000] {logging_mixin.py:190} INFO - [2026-06-18T23:14:36.322+0000] {dagbag.py:588} INFO - Filling up the DagBag from /opt/airflow/dags/driven_data_pipeline.py
[2026-06-18T23:14:36.404+0000] {processor.py:925} INFO - DAG(s) 'extract_raw_data_pipeline' retrieved from /opt/airflow/dags/driven_data_pipeline.py
[2026-06-18T23:14:36.421+0000] {logging_mixin.py:190} INFO - [2026-06-18T23:14:36.421+0000] {dag.py:3239} INFO - Sync 1 DAGs
[2026-06-18T23:14:36.435+0000] {logging_mixin.py:190} INFO - [2026-06-18T23:14:36.435+0000] {dag.py:4180} INFO - Setting next_dagrun for extract_raw_data_pipeline to 2026-06-18 07:59:00+00:00, run_after=2026-06-19 07:00:00+00:00
[2026-06-18T23:14:36.448+0000] {processor.py:208} INFO - Processing /opt/airflow/dags/driven_data_pipeline.py took 0.132 seconds
[2026-06-18T23:15:06.729+0000] {processor.py:186} INFO - Started process (PID=3068) to work on /opt/airflow/dags/driven_data_pipeline.py
[2026-06-18T23:15:06.730+0000] {processor.py:914} INFO - Processing file /opt/airflow/dags/driven_data_pipeline.py for tasks to queue
[2026-06-18T23:15:06.732+0000] {logging_mixin.py:190} INFO - [2026-06-18T23:15:06.731+0000] {dagbag.py:588} INFO - Filling up the DagBag from /opt/airflow/dags/driven_data_pipeline.py
[2026-06-18T23:15:06.827+0000] {processor.py:925} INFO - DAG(s) 'extract_raw_data_pipeline' retrieved from /opt/airflow/dags/driven_data_pipeline.py
[2026-06-18T23:15:06.842+0000] {logging_mixin.py:190} INFO - [2026-06-18T23:15:06.842+0000] {dag.py:3239} INFO - Sync 1 DAGs
[2026-06-18T23:15:06.856+0000] {logging_mixin.py:190} INFO - [2026-06-18T23:15:06.856+0000] {dag.py:4180} INFO - Setting next_dagrun for extract_raw_data_pipeline to 2026-06-18 07:59:00+00:00, run_after=2026-06-19 07:00:00+00:00
[2026-06-18T23:15:06.868+0000] {processor.py:208} INFO - Processing /opt/airflow/dags/driven_data_pipeline.py took 0.142 seconds
[2026-06-18T23:15:37.051+0000] {processor.py:186} INFO - Started process (PID=3076) to work on /opt/airflow/dags/driven_data_pipeline.py
[2026-06-18T23:15:37.052+0000] {processor.py:914} INFO - Processing file /opt/airflow/dags/driven_data_pipeline.py for tasks to queue
[2026-06-18T23:15:37.054+0000] {logging_mixin.py:190} INFO - [2026-06-18T23:15:37.053+0000] {dagbag.py:588} INFO - Filling up the DagBag from /opt/airflow/dags/driven_data_pipeline.py
[2026-06-18T23:15:37.144+0000] {processor.py:925} INFO - DAG(s) 'extract_raw_data_pipeline' retrieved from /opt/airflow/dags/driven_data_pipeline.py
[2026-06-18T23:15:37.159+0000] {logging_mixin.py:190} INFO - [2026-06-18T23:15:37.159+0000] {dag.py:3239} INFO - Sync 1 DAGs
[2026-06-18T23:15:37.170+0000] {logging_mixin.py:190} INFO - [2026-06-18T23:15:37.170+0000] {dag.py:4180} INFO - Setting next_dagrun for extract_raw_data_pipeline to 2026-06-18 07:59:00+00:00, run_after=2026-06-19 07:00:00+00:00
[2026-06-18T23:15:37.181+0000] {processor.py:208} INFO - Processing /opt/airflow/dags/driven_data_pipeline.py took 0.137 seconds
[2026-06-18T23:16:07.416+0000] {processor.py:186} INFO - Started process (PID=3084) to work on /opt/airflow/dags/driven_data_pipeline.py
[2026-06-18T23:16:07.417+0000] {processor.py:914} INFO - Processing file /opt/airflow/dags/driven_data_pipeline.py for tasks to queue
[2026-06-18T23:16:07.418+0000] {logging_mixin.py:190} INFO - [2026-06-18T23:16:07.418+0000] {dagbag.py:588} INFO - Filling up the DagBag from /opt/airflow/dags/driven_data_pipeline.py
[2026-06-18T23:16:07.512+0000] {processor.py:925} INFO - DAG(s) 'extract_raw_data_pipeline' retrieved from /opt/airflow/dags/driven_data_pipeline.py
[2026-06-18T23:16:07.526+0000] {logging_mixin.py:190} INFO - [2026-06-18T23:16:07.526+0000] {dag.py:3239} INFO - Sync 1 DAGs
[2026-06-18T23:16:07.538+0000] {logging_mixin.py:190} INFO - [2026-06-18T23:16:07.538+0000] {dag.py:4180} INFO - Setting next_dagrun for extract_raw_data_pipeline to 2026-06-18 07:59:00+00:00, run_after=2026-06-19 07:00:00+00:00
[2026-06-18T23:16:07.550+0000] {processor.py:208} INFO - Processing /opt/airflow/dags/driven_data_pipeline.py took 0.138 seconds
[2026-06-18T23:16:37.818+0000] {processor.py:186} INFO - Started process (PID=3092) to work on /opt/airflow/dags/driven_data_pipeline.py
[2026-06-18T23:16:37.819+0000] {processor.py:914} INFO - Processing file /opt/airflow/dags/driven_data_pipeline.py for tasks to queue
[2026-06-18T23:16:37.820+0000] {logging_mixin.py:190} INFO - [2026-06-18T23:16:37.820+0000] {dagbag.py:588} INFO - Filling up the DagBag from /opt/airflow/dags/driven_data_pipeline.py
[2026-06-18T23:16:37.909+0000] {processor.py:925} INFO - DAG(s) 'extract_raw_data_pipeline' retrieved from /opt/airflow/dags/driven_data_pipeline.py
[2026-06-18T23:16:37.926+0000] {logging_mixin.py:190} INFO - [2026-06-18T23:16:37.925+0000] {dag.py:3239} INFO - Sync 1 DAGs
[2026-06-18T23:16:37.939+0000] {logging_mixin.py:190} INFO - [2026-06-18T23:16:37.939+0000] {dag.py:4180} INFO - Setting next_dagrun for extract_raw_data_pipeline to 2026-06-18 07:59:00+00:00, run_after=2026-06-19 07:00:00+00:00
[2026-06-18T23:16:37.952+0000] {processor.py:208} INFO - Processing /opt/airflow/dags/driven_data_pipeline.py took 0.137 seconds
[2026-06-18T23:17:08.150+0000] {processor.py:186} INFO - Started process (PID=3100) to work on /opt/airflow/dags/driven_data_pipeline.py
[2026-06-18T23:17:08.151+0000] {processor.py:914} INFO - Processing file /opt/airflow/dags/driven_data_pipeline.py for tasks to queue
[2026-06-18T23:17:08.153+0000] {logging_mixin.py:190} INFO - [2026-06-18T23:17:08.152+0000] {dagbag.py:588} INFO - Filling up the DagBag from /opt/airflow/dags/driven_data_pipeline.py
[2026-06-18T23:17:08.248+0000] {processor.py:925} INFO - DAG(s) 'extract_raw_data_pipeline' retrieved from /opt/airflow/dags/driven_data_pipeline.py
[2026-06-18T23:17:08.263+0000] {logging_mixin.py:190} INFO - [2026-06-18T23:17:08.263+0000] {dag.py:3239} INFO - Sync 1 DAGs
[2026-06-18T23:17:08.277+0000] {logging_mixin.py:190} INFO - [2026-06-18T23:17:08.277+0000] {dag.py:4180} INFO - Setting next_dagrun for extract_raw_data_pipeline to 2026-06-18 07:59:00+00:00, run_after=2026-06-19 07:00:00+00:00
[2026-06-18T23:17:08.290+0000] {processor.py:208} INFO - Processing /opt/airflow/dags/driven_data_pipeline.py took 0.143 seconds
[2026-06-18T23:17:38.600+0000] {processor.py:186} INFO - Started process (PID=3108) to work on /opt/airflow/dags/driven_data_pipeline.py
[2026-06-18T23:17:38.601+0000] {processor.py:914} INFO - Processing file /opt/airflow/dags/driven_data_pipeline.py for tasks to queue
[2026-06-18T23:17:38.602+0000] {logging_mixin.py:190} INFO - [2026-06-18T23:17:38.602+0000] {dagbag.py:588} INFO - Filling up the DagBag from /opt/airflow/dags/driven_data_pipeline.py
[2026-06-18T23:17:38.680+0000] {processor.py:925} INFO - DAG(s) 'extract_raw_data_pipeline' retrieved from /opt/airflow/dags/driven_data_pipeline.py
[2026-06-18T23:17:38.694+0000] {logging_mixin.py:190} INFO - [2026-06-18T23:17:38.694+0000] {dag.py:3239} INFO - Sync 1 DAGs
[2026-06-18T23:17:38.706+0000] {logging_mixin.py:190} INFO - [2026-06-18T23:17:38.706+0000] {dag.py:4180} INFO - Setting next_dagrun for extract_raw_data_pipeline to 2026-06-18 07:59:00+00:00, run_after=2026-06-19 07:00:00+00:00
[2026-06-18T23:17:38.718+0000] {processor.py:208} INFO - Processing /opt/airflow/dags/driven_data_pipeline.py took 0.122 seconds
[2026-06-18T23:18:08.951+0000] {processor.py:186} INFO - Started process (PID=3115) to work on /opt/airflow/dags/driven_data_pipeline.py
[2026-06-18T23:18:08.951+0000] {processor.py:914} INFO - Processing file /opt/airflow/dags/driven_data_pipeline.py for tasks to queue
[2026-06-18T23:18:08.953+0000] {logging_mixin.py:190} INFO - [2026-06-18T23:18:08.953+0000] {dagbag.py:588} INFO - Filling up the DagBag from /opt/airflow/dags/driven_data_pipeline.py
[2026-06-18T23:18:09.033+0000] {processor.py:925} INFO - DAG(s) 'extract_raw_data_pipeline' retrieved from /opt/airflow/dags/driven_data_pipeline.py
[2026-06-18T23:18:09.047+0000] {logging_mixin.py:190} INFO - [2026-06-18T23:18:09.047+0000] {dag.py:3239} INFO - Sync 1 DAGs
[2026-06-18T23:18:09.059+0000] {logging_mixin.py:190} INFO - [2026-06-18T23:18:09.059+0000] {dag.py:4180} INFO - Setting next_dagrun for extract_raw_data_pipeline to 2026-06-18 07:59:00+00:00, run_after=2026-06-19 07:00:00+00:00
[2026-06-18T23:18:09.071+0000] {processor.py:208} INFO - Processing /opt/airflow/dags/driven_data_pipeline.py took 0.124 seconds
[2026-06-18T23:18:39.319+0000] {processor.py:186} INFO - Started process (PID=3123) to work on /opt/airflow/dags/driven_data_pipeline.py
[2026-06-18T23:18:39.320+0000] {processor.py:914} INFO - Processing file /opt/airflow/dags/driven_data_pipeline.py for tasks to queue
[2026-06-18T23:18:39.322+0000] {logging_mixin.py:190} INFO - [2026-06-18T23:18:39.321+0000] {dagbag.py:588} INFO - Filling up the DagBag from /opt/airflow/dags/driven_data_pipeline.py
[2026-06-18T23:18:39.403+0000] {processor.py:925} INFO - DAG(s) 'extract_raw_data_pipeline' retrieved from /opt/airflow/dags/driven_data_pipeline.py
[2026-06-18T23:18:39.417+0000] {logging_mixin.py:190} INFO - [2026-06-18T23:18:39.417+0000] {dag.py:3239} INFO - Sync 1 DAGs
[2026-06-18T23:18:39.430+0000] {logging_mixin.py:190} INFO - [2026-06-18T23:18:39.430+0000] {dag.py:4180} INFO - Setting next_dagrun for extract_raw_data_pipeline to 2026-06-18 07:59:00+00:00, run_after=2026-06-19 07:00:00+00:00
[2026-06-18T23:18:39.443+0000] {processor.py:208} INFO - Processing /opt/airflow/dags/driven_data_pipeline.py took 0.127 seconds
[2026-06-18T23:19:09.647+0000] {processor.py:186} INFO - Started process (PID=3131) to work on /opt/airflow/dags/driven_data_pipeline.py
[2026-06-18T23:19:09.648+0000] {processor.py:914} INFO - Processing file /opt/airflow/dags/driven_data_pipeline.py for tasks to queue
[2026-06-18T23:19:09.649+0000] {logging_mixin.py:190} INFO - [2026-06-18T23:19:09.649+0000] {dagbag.py:588} INFO - Filling up the DagBag from /opt/airflow/dags/driven_data_pipeline.py
[2026-06-18T23:19:09.728+0000] {processor.py:925} INFO - DAG(s) 'extract_raw_data_pipeline' retrieved from /opt/airflow/dags/driven_data_pipeline.py
[2026-06-18T23:19:09.743+0000] {logging_mixin.py:190} INFO - [2026-06-18T23:19:09.743+0000] {dag.py:3239} INFO - Sync 1 DAGs
[2026-06-18T23:19:09.757+0000] {logging_mixin.py:190} INFO - [2026-06-18T23:19:09.757+0000] {dag.py:4180} INFO - Setting next_dagrun for extract_raw_data_pipeline to 2026-06-18 07:59:00+00:00, run_after=2026-06-19 07:00:00+00:00
[2026-06-18T23:19:09.770+0000] {processor.py:208} INFO - Processing /opt/airflow/dags/driven_data_pipeline.py took 0.126 seconds
[2026-06-18T23:19:40.012+0000] {processor.py:186} INFO - Started process (PID=3139) to work on /opt/airflow/dags/driven_data_pipeline.py
[2026-06-18T23:19:40.013+0000] {processor.py:914} INFO - Processing file /opt/airflow/dags/driven_data_pipeline.py for tasks to queue
[2026-06-18T23:19:40.014+0000] {logging_mixin.py:190} INFO - [2026-06-18T23:19:40.014+0000] {dagbag.py:588} INFO - Filling up the DagBag from /opt/airflow/dags/driven_data_pipeline.py
[2026-06-18T23:19:40.097+0000] {processor.py:925} INFO - DAG(s) 'extract_raw_data_pipeline' retrieved from /opt/airflow/dags/driven_data_pipeline.py
[2026-06-18T23:19:40.112+0000] {logging_mixin.py:190} INFO - [2026-06-18T23:19:40.111+0000] {dag.py:3239} INFO - Sync 1 DAGs
[2026-06-18T23:19:40.125+0000] {logging_mixin.py:190} INFO - [2026-06-18T23:19:40.125+0000] {dag.py:4180} INFO - Setting next_dagrun for extract_raw_data_pipeline to 2026-06-18 07:59:00+00:00, run_after=2026-06-19 07:00:00+00:00
[2026-06-18T23:19:40.140+0000] {processor.py:208} INFO - Processing /opt/airflow/dags/driven_data_pipeline.py took 0.131 seconds
[2026-06-18T23:20:10.361+0000] {processor.py:186} INFO - Started process (PID=3147) to work on /opt/airflow/dags/driven_data_pipeline.py
[2026-06-18T23:20:10.362+0000] {processor.py:914} INFO - Processing file /opt/airflow/dags/driven_data_pipeline.py for tasks to queue
[2026-06-18T23:20:10.364+0000] {logging_mixin.py:190} INFO - [2026-06-18T23:20:10.364+0000] {dagbag.py:588} INFO - Filling up the DagBag from /opt/airflow/dags/driven_data_pipeline.py
[2026-06-18T23:20:10.455+0000] {processor.py:925} INFO - DAG(s) 'extract_raw_data_pipeline' retrieved from /opt/airflow/dags/driven_data_pipeline.py
[2026-06-18T23:20:10.470+0000] {logging_mixin.py:190} INFO - [2026-06-18T23:20:10.470+0000] {dag.py:3239} INFO - Sync 1 DAGs
[2026-06-18T23:20:10.483+0000] {logging_mixin.py:190} INFO - [2026-06-18T23:20:10.483+0000] {dag.py:4180} INFO - Setting next_dagrun for extract_raw_data_pipeline to 2026-06-18 07:59:00+00:00, run_after=2026-06-19 07:00:00+00:00
[2026-06-18T23:20:10.494+0000] {processor.py:208} INFO - Processing /opt/airflow/dags/driven_data_pipeline.py took 0.137 seconds
[2026-06-18T23:20:40.776+0000] {processor.py:186} INFO - Started process (PID=3155) to work on /opt/airflow/dags/driven_data_pipeline.py
[2026-06-18T23:20:40.776+0000] {processor.py:914} INFO - Processing file /opt/airflow/dags/driven_data_pipeline.py for tasks to queue
[2026-06-18T23:20:40.778+0000] {logging_mixin.py:190} INFO - [2026-06-18T23:20:40.778+0000] {dagbag.py:588} INFO - Filling up the DagBag from /opt/airflow/dags/driven_data_pipeline.py
[2026-06-18T23:20:40.857+0000] {processor.py:925} INFO - DAG(s) 'extract_raw_data_pipeline' retrieved from /opt/airflow/dags/driven_data_pipeline.py
[2026-06-18T23:20:40.871+0000] {logging_mixin.py:190} INFO - [2026-06-18T23:20:40.871+0000] {dag.py:3239} INFO - Sync 1 DAGs
[2026-06-18T23:20:40.885+0000] {logging_mixin.py:190} INFO - [2026-06-18T23:20:40.885+0000] {dag.py:4180} INFO - Setting next_dagrun for extract_raw_data_pipeline to 2026-06-18 07:59:00+00:00, run_after=2026-06-19 07:00:00+00:00
[2026-06-18T23:20:40.899+0000] {processor.py:208} INFO - Processing /opt/airflow/dags/driven_data_pipeline.py took 0.127 seconds
[2026-06-18T23:21:11.207+0000] {processor.py:186} INFO - Started process (PID=3163) to work on /opt/airflow/dags/driven_data_pipeline.py
[2026-06-18T23:21:11.208+0000] {processor.py:914} INFO - Processing file /opt/airflow/dags/driven_data_pipeline.py for tasks to queue
[2026-06-18T23:21:11.210+0000] {logging_mixin.py:190} INFO - [2026-06-18T23:21:11.210+0000] {dagbag.py:588} INFO - Filling up the DagBag from /opt/airflow/dags/driven_data_pipeline.py
[2026-06-18T23:21:11.290+0000] {processor.py:925} INFO - DAG(s) 'extract_raw_data_pipeline' retrieved from /opt/airflow/dags/driven_data_pipeline.py
[2026-06-18T23:21:11.302+0000] {logging_mixin.py:190} INFO - [2026-06-18T23:21:11.302+0000] {dag.py:3239} INFO - Sync 1 DAGs
[2026-06-18T23:21:11.315+0000] {logging_mixin.py:190} INFO - [2026-06-18T23:21:11.315+0000] {dag.py:4180} INFO - Setting next_dagrun for extract_raw_data_pipeline to 2026-06-18 07:59:00+00:00, run_after=2026-06-19 07:00:00+00:00
[2026-06-18T23:21:11.327+0000] {processor.py:208} INFO - Processing /opt/airflow/dags/driven_data_pipeline.py took 0.122 seconds
[2026-06-18T23:21:41.728+0000] {processor.py:186} INFO - Started process (PID=3176) to work on /opt/airflow/dags/driven_data_pipeline.py
[2026-06-18T23:21:41.729+0000] {processor.py:914} INFO - Processing file /opt/airflow/dags/driven_data_pipeline.py for tasks to queue
[2026-06-18T23:21:41.730+0000] {logging_mixin.py:190} INFO - [2026-06-18T23:21:41.730+0000] {dagbag.py:588} INFO - Filling up the DagBag from /opt/airflow/dags/driven_data_pipeline.py
[2026-06-18T23:21:41.809+0000] {processor.py:925} INFO - DAG(s) 'extract_raw_data_pipeline' retrieved from /opt/airflow/dags/driven_data_pipeline.py
[2026-06-18T23:21:41.823+0000] {logging_mixin.py:190} INFO - [2026-06-18T23:21:41.823+0000] {dag.py:3239} INFO - Sync 1 DAGs
[2026-06-18T23:21:41.835+0000] {logging_mixin.py:190} INFO - [2026-06-18T23:21:41.835+0000] {dag.py:4180} INFO - Setting next_dagrun for extract_raw_data_pipeline to 2026-06-18 07:59:00+00:00, run_after=2026-06-19 07:00:00+00:00
[2026-06-18T23:21:41.847+0000] {processor.py:208} INFO - Processing /opt/airflow/dags/driven_data_pipeline.py took 0.122 seconds
[2026-06-18T23:22:12.022+0000] {processor.py:186} INFO - Started process (PID=3184) to work on /opt/airflow/dags/driven_data_pipeline.py
[2026-06-18T23:22:12.023+0000] {processor.py:914} INFO - Processing file /opt/airflow/dags/driven_data_pipeline.py for tasks to queue
[2026-06-18T23:22:12.024+0000] {logging_mixin.py:190} INFO - [2026-06-18T23:22:12.024+0000] {dagbag.py:588} INFO - Filling up the DagBag from /opt/airflow/dags/driven_data_pipeline.py
[2026-06-18T23:22:12.102+0000] {processor.py:925} INFO - DAG(s) 'extract_raw_data_pipeline' retrieved from /opt/airflow/dags/driven_data_pipeline.py
[2026-06-18T23:22:12.117+0000] {logging_mixin.py:190} INFO - [2026-06-18T23:22:12.117+0000] {dag.py:3239} INFO - Sync 1 DAGs
[2026-06-18T23:22:12.131+0000] {logging_mixin.py:190} INFO - [2026-06-18T23:22:12.131+0000] {dag.py:4180} INFO - Setting next_dagrun for extract_raw_data_pipeline to 2026-06-18 07:59:00+00:00, run_after=2026-06-19 07:00:00+00:00
[2026-06-18T23:22:12.144+0000] {processor.py:208} INFO - Processing /opt/airflow/dags/driven_data_pipeline.py took 0.127 seconds
[2026-06-18T23:22:42.421+0000] {processor.py:186} INFO - Started process (PID=3192) to work on /opt/airflow/dags/driven_data_pipeline.py
[2026-06-18T23:22:42.422+0000] {processor.py:914} INFO - Processing file /opt/airflow/dags/driven_data_pipeline.py for tasks to queue
[2026-06-18T23:22:42.423+0000] {logging_mixin.py:190} INFO - [2026-06-18T23:22:42.423+0000] {dagbag.py:588} INFO - Filling up the DagBag from /opt/airflow/dags/driven_data_pipeline.py
[2026-06-18T23:22:42.502+0000] {processor.py:925} INFO - DAG(s) 'extract_raw_data_pipeline' retrieved from /opt/airflow/dags/driven_data_pipeline.py
[2026-06-18T23:22:42.517+0000] {logging_mixin.py:190} INFO - [2026-06-18T23:22:42.517+0000] {dag.py:3239} INFO - Sync 1 DAGs
[2026-06-18T23:22:42.530+0000] {logging_mixin.py:190} INFO - [2026-06-18T23:22:42.530+0000] {dag.py:4180} INFO - Setting next_dagrun for extract_raw_data_pipeline to 2026-06-18 07:59:00+00:00, run_after=2026-06-19 07:00:00+00:00
[2026-06-18T23:22:42.548+0000] {processor.py:208} INFO - Processing /opt/airflow/dags/driven_data_pipeline.py took 0.130 seconds
[2026-06-18T23:23:12.768+0000] {processor.py:186} INFO - Started process (PID=3200) to work on /opt/airflow/dags/driven_data_pipeline.py
[2026-06-18T23:23:12.769+0000] {processor.py:914} INFO - Processing file /opt/airflow/dags/driven_data_pipeline.py for tasks to queue
[2026-06-18T23:23:12.771+0000] {logging_mixin.py:190} INFO - [2026-06-18T23:23:12.771+0000] {dagbag.py:588} INFO - Filling up the DagBag from /opt/airflow/dags/driven_data_pipeline.py
[2026-06-18T23:23:12.850+0000] {processor.py:925} INFO - DAG(s) 'extract_raw_data_pipeline' retrieved from /opt/airflow/dags/driven_data_pipeline.py
[2026-06-18T23:23:12.864+0000] {logging_mixin.py:190} INFO - [2026-06-18T23:23:12.864+0000] {dag.py:3239} INFO - Sync 1 DAGs
[2026-06-18T23:23:12.877+0000] {logging_mixin.py:190} INFO - [2026-06-18T23:23:12.877+0000] {dag.py:4180} INFO - Setting next_dagrun for extract_raw_data_pipeline to 2026-06-18 07:59:00+00:00, run_after=2026-06-19 07:00:00+00:00
[2026-06-18T23:23:12.889+0000] {processor.py:208} INFO - Processing /opt/airflow/dags/driven_data_pipeline.py took 0.125 seconds
[2026-06-18T23:23:43.181+0000] {processor.py:186} INFO - Started process (PID=3207) to work on /opt/airflow/dags/driven_data_pipeline.py
[2026-06-18T23:23:43.182+0000] {processor.py:914} INFO - Processing file /opt/airflow/dags/driven_data_pipeline.py for tasks to queue
[2026-06-18T23:23:43.184+0000] {logging_mixin.py:190} INFO - [2026-06-18T23:23:43.184+0000] {dagbag.py:588} INFO - Filling up the DagBag from /opt/airflow/dags/driven_data_pipeline.py
[2026-06-18T23:23:43.266+0000] {processor.py:925} INFO - DAG(s) 'extract_raw_data_pipeline' retrieved from /opt/airflow/dags/driven_data_pipeline.py
[2026-06-18T23:23:43.280+0000] {logging_mixin.py:190} INFO - [2026-06-18T23:23:43.280+0000] {dag.py:3239} INFO - Sync 1 DAGs
[2026-06-18T23:23:43.294+0000] {logging_mixin.py:190} INFO - [2026-06-18T23:23:43.294+0000] {dag.py:4180} INFO - Setting next_dagrun for extract_raw_data_pipeline to 2026-06-18 07:59:00+00:00, run_after=2026-06-19 07:00:00+00:00
[2026-06-18T23:23:43.308+0000] {processor.py:208} INFO - Processing /opt/airflow/dags/driven_data_pipeline.py took 0.130 seconds
[2026-06-18T23:24:13.521+0000] {processor.py:186} INFO - Started process (PID=3215) to work on /opt/airflow/dags/driven_data_pipeline.py
[2026-06-18T23:24:13.522+0000] {processor.py:914} INFO - Processing file /opt/airflow/dags/driven_data_pipeline.py for tasks to queue
[2026-06-18T23:24:13.523+0000] {logging_mixin.py:190} INFO - [2026-06-18T23:24:13.523+0000] {dagbag.py:588} INFO - Filling up the DagBag from /opt/airflow/dags/driven_data_pipeline.py
[2026-06-18T23:24:13.609+0000] {processor.py:925} INFO - DAG(s) 'extract_raw_data_pipeline' retrieved from /opt/airflow/dags/driven_data_pipeline.py
[2026-06-18T23:24:13.624+0000] {logging_mixin.py:190} INFO - [2026-06-18T23:24:13.624+0000] {dag.py:3239} INFO - Sync 1 DAGs
[2026-06-18T23:24:13.637+0000] {logging_mixin.py:190} INFO - [2026-06-18T23:24:13.637+0000] {dag.py:4180} INFO - Setting next_dagrun for extract_raw_data_pipeline to 2026-06-18 07:59:00+00:00, run_after=2026-06-19 07:00:00+00:00
[2026-06-18T23:24:13.651+0000] {processor.py:208} INFO - Processing /opt/airflow/dags/driven_data_pipeline.py took 0.133 seconds
[2026-06-18T23:24:43.981+0000] {processor.py:186} INFO - Started process (PID=3223) to work on /opt/airflow/dags/driven_data_pipeline.py
[2026-06-18T23:24:43.982+0000] {processor.py:914} INFO - Processing file /opt/airflow/dags/driven_data_pipeline.py for tasks to queue
[2026-06-18T23:24:43.984+0000] {logging_mixin.py:190} INFO - [2026-06-18T23:24:43.983+0000] {dagbag.py:588} INFO - Filling up the DagBag from /opt/airflow/dags/driven_data_pipeline.py
[2026-06-18T23:24:44.080+0000] {processor.py:925} INFO - DAG(s) 'extract_raw_data_pipeline' retrieved from /opt/airflow/dags/driven_data_pipeline.py
[2026-06-18T23:24:44.094+0000] {logging_mixin.py:190} INFO - [2026-06-18T23:24:44.094+0000] {dag.py:3239} INFO - Sync 1 DAGs
[2026-06-18T23:24:44.107+0000] {logging_mixin.py:190} INFO - [2026-06-18T23:24:44.107+0000] {dag.py:4180} INFO - Setting next_dagrun for extract_raw_data_pipeline to 2026-06-18 07:59:00+00:00, run_after=2026-06-19 07:00:00+00:00
[2026-06-18T23:24:44.120+0000] {processor.py:208} INFO - Processing /opt/airflow/dags/driven_data_pipeline.py took 0.142 seconds
[2026-06-18T23:25:14.292+0000] {processor.py:186} INFO - Started process (PID=3231) to work on /opt/airflow/dags/driven_data_pipeline.py
[2026-06-18T23:25:14.292+0000] {processor.py:914} INFO - Processing file /opt/airflow/dags/driven_data_pipeline.py for tasks to queue
[2026-06-18T23:25:14.294+0000] {logging_mixin.py:190} INFO - [2026-06-18T23:25:14.294+0000] {dagbag.py:588} INFO - Filling up the DagBag from /opt/airflow/dags/driven_data_pipeline.py
[2026-06-18T23:25:14.374+0000] {processor.py:925} INFO - DAG(s) 'extract_raw_data_pipeline' retrieved from /opt/airflow/dags/driven_data_pipeline.py
[2026-06-18T23:25:14.393+0000] {logging_mixin.py:190} INFO - [2026-06-18T23:25:14.393+0000] {dag.py:3239} INFO - Sync 1 DAGs
[2026-06-18T23:25:14.410+0000] {logging_mixin.py:190} INFO - [2026-06-18T23:25:14.410+0000] {dag.py:4180} INFO - Setting next_dagrun for extract_raw_data_pipeline to 2026-06-18 07:59:00+00:00, run_after=2026-06-19 07:00:00+00:00
[2026-06-18T23:25:14.425+0000] {processor.py:208} INFO - Processing /opt/airflow/dags/driven_data_pipeline.py took 0.137 seconds
[2026-06-18T23:25:44.701+0000] {processor.py:186} INFO - Started process (PID=3239) to work on /opt/airflow/dags/driven_data_pipeline.py
[2026-06-18T23:25:44.702+0000] {processor.py:914} INFO - Processing file /opt/airflow/dags/driven_data_pipeline.py for tasks to queue
[2026-06-18T23:25:44.703+0000] {logging_mixin.py:190} INFO - [2026-06-18T23:25:44.703+0000] {dagbag.py:588} INFO - Filling up the DagBag from /opt/airflow/dags/driven_data_pipeline.py
[2026-06-18T23:25:44.788+0000] {processor.py:925} INFO - DAG(s) 'extract_raw_data_pipeline' retrieved from /opt/airflow/dags/driven_data_pipeline.py
[2026-06-18T23:25:44.803+0000] {logging_mixin.py:190} INFO - [2026-06-18T23:25:44.803+0000] {dag.py:3239} INFO - Sync 1 DAGs
[2026-06-18T23:25:44.816+0000] {logging_mixin.py:190} INFO - [2026-06-18T23:25:44.816+0000] {dag.py:4180} INFO - Setting next_dagrun for extract_raw_data_pipeline to 2026-06-18 07:59:00+00:00, run_after=2026-06-19 07:00:00+00:00
[2026-06-18T23:25:44.829+0000] {processor.py:208} INFO - Processing /opt/airflow/dags/driven_data_pipeline.py took 0.132 seconds
[2026-06-18T23:26:15.060+0000] {processor.py:186} INFO - Started process (PID=3247) to work on /opt/airflow/dags/driven_data_pipeline.py
[2026-06-18T23:26:15.061+0000] {processor.py:914} INFO - Processing file /opt/airflow/dags/driven_data_pipeline.py for tasks to queue
[2026-06-18T23:26:15.062+0000] {logging_mixin.py:190} INFO - [2026-06-18T23:26:15.062+0000] {dagbag.py:588} INFO - Filling up the DagBag from /opt/airflow/dags/driven_data_pipeline.py
[2026-06-18T23:26:15.145+0000] {processor.py:925} INFO - DAG(s) 'extract_raw_data_pipeline' retrieved from /opt/airflow/dags/driven_data_pipeline.py
[2026-06-18T23:26:15.159+0000] {logging_mixin.py:190} INFO - [2026-06-18T23:26:15.158+0000] {dag.py:3239} INFO - Sync 1 DAGs
[2026-06-18T23:26:15.171+0000] {logging_mixin.py:190} INFO - [2026-06-18T23:26:15.171+0000] {dag.py:4180} INFO - Setting next_dagrun for extract_raw_data_pipeline to 2026-06-18 07:59:00+00:00, run_after=2026-06-19 07:00:00+00:00
[2026-06-18T23:26:15.183+0000] {processor.py:208} INFO - Processing /opt/airflow/dags/driven_data_pipeline.py took 0.127 seconds
[2026-06-18T23:26:45.409+0000] {processor.py:186} INFO - Started process (PID=3255) to work on /opt/airflow/dags/driven_data_pipeline.py
[2026-06-18T23:26:45.410+0000] {processor.py:914} INFO - Processing file /opt/airflow/dags/driven_data_pipeline.py for tasks to queue
[2026-06-18T23:26:45.412+0000] {logging_mixin.py:190} INFO - [2026-06-18T23:26:45.411+0000] {dagbag.py:588} INFO - Filling up the DagBag from /opt/airflow/dags/driven_data_pipeline.py
[2026-06-18T23:26:45.645+0000] {processor.py:925} INFO - DAG(s) 'extract_raw_data_pipeline' retrieved from /opt/airflow/dags/driven_data_pipeline.py
[2026-06-18T23:26:45.666+0000] {logging_mixin.py:190} INFO - [2026-06-18T23:26:45.666+0000] {dag.py:3239} INFO - Sync 1 DAGs
[2026-06-18T23:26:45.677+0000] {logging_mixin.py:190} INFO - [2026-06-18T23:26:45.677+0000] {dag.py:4180} INFO - Setting next_dagrun for extract_raw_data_pipeline to 2026-06-18 07:59:00+00:00, run_after=2026-06-19 07:00:00+00:00
[2026-06-18T23:26:45.697+0000] {processor.py:208} INFO - Processing /opt/airflow/dags/driven_data_pipeline.py took 0.291 seconds
[2026-06-18T23:27:15.799+0000] {processor.py:186} INFO - Started process (PID=3262) to work on /opt/airflow/dags/driven_data_pipeline.py
[2026-06-18T23:27:15.800+0000] {processor.py:914} INFO - Processing file /opt/airflow/dags/driven_data_pipeline.py for tasks to queue
[2026-06-18T23:27:15.801+0000] {logging_mixin.py:190} INFO - [2026-06-18T23:27:15.801+0000] {dagbag.py:588} INFO - Filling up the DagBag from /opt/airflow/dags/driven_data_pipeline.py
[2026-06-18T23:27:15.890+0000] {processor.py:925} INFO - DAG(s) 'extract_raw_data_pipeline' retrieved from /opt/airflow/dags/driven_data_pipeline.py
[2026-06-18T23:27:15.905+0000] {logging_mixin.py:190} INFO - [2026-06-18T23:27:15.905+0000] {dag.py:3239} INFO - Sync 1 DAGs
[2026-06-18T23:27:15.919+0000] {logging_mixin.py:190} INFO - [2026-06-18T23:27:15.919+0000] {dag.py:4180} INFO - Setting next_dagrun for extract_raw_data_pipeline to 2026-06-18 07:59:00+00:00, run_after=2026-06-19 07:00:00+00:00
[2026-06-18T23:27:15.932+0000] {processor.py:208} INFO - Processing /opt/airflow/dags/driven_data_pipeline.py took 0.136 seconds
[2026-06-18T23:27:46.150+0000] {processor.py:186} INFO - Started process (PID=3270) to work on /opt/airflow/dags/driven_data_pipeline.py
[2026-06-18T23:27:46.154+0000] {processor.py:914} INFO - Processing file /opt/airflow/dags/driven_data_pipeline.py for tasks to queue
[2026-06-18T23:27:46.161+0000] {logging_mixin.py:190} INFO - [2026-06-18T23:27:46.161+0000] {dagbag.py:588} INFO - Filling up the DagBag from /opt/airflow/dags/driven_data_pipeline.py
[2026-06-18T23:27:46.270+0000] {processor.py:925} INFO - DAG(s) 'extract_raw_data_pipeline' retrieved from /opt/airflow/dags/driven_data_pipeline.py
[2026-06-18T23:27:46.284+0000] {logging_mixin.py:190} INFO - [2026-06-18T23:27:46.284+0000] {dag.py:3239} INFO - Sync 1 DAGs
[2026-06-18T23:27:46.296+0000] {logging_mixin.py:190} INFO - [2026-06-18T23:27:46.296+0000] {dag.py:4180} INFO - Setting next_dagrun for extract_raw_data_pipeline to 2026-06-18 07:59:00+00:00, run_after=2026-06-19 07:00:00+00:00
[2026-06-18T23:27:46.313+0000] {processor.py:208} INFO - Processing /opt/airflow/dags/driven_data_pipeline.py took 0.167 seconds
[2026-06-18T23:28:16.607+0000] {processor.py:186} INFO - Started process (PID=3277) to work on /opt/airflow/dags/driven_data_pipeline.py
[2026-06-18T23:28:16.608+0000] {processor.py:914} INFO - Processing file /opt/airflow/dags/driven_data_pipeline.py for tasks to queue
[2026-06-18T23:28:16.610+0000] {logging_mixin.py:190} INFO - [2026-06-18T23:28:16.610+0000] {dagbag.py:588} INFO - Filling up the DagBag from /opt/airflow/dags/driven_data_pipeline.py
[2026-06-18T23:28:16.712+0000] {processor.py:925} INFO - DAG(s) 'extract_raw_data_pipeline' retrieved from /opt/airflow/dags/driven_data_pipeline.py
[2026-06-18T23:28:16.725+0000] {logging_mixin.py:190} INFO - [2026-06-18T23:28:16.725+0000] {dag.py:3239} INFO - Sync 1 DAGs
[2026-06-18T23:28:16.737+0000] {logging_mixin.py:190} INFO - [2026-06-18T23:28:16.737+0000] {dag.py:4180} INFO - Setting next_dagrun for extract_raw_data_pipeline to 2026-06-18 07:59:00+00:00, run_after=2026-06-19 07:00:00+00:00
[2026-06-18T23:28:16.764+0000] {processor.py:208} INFO - Processing /opt/airflow/dags/driven_data_pipeline.py took 0.164 seconds
[2026-06-18T23:28:46.950+0000] {processor.py:186} INFO - Started process (PID=3285) to work on /opt/airflow/dags/driven_data_pipeline.py
[2026-06-18T23:28:46.951+0000] {processor.py:914} INFO - Processing file /opt/airflow/dags/driven_data_pipeline.py for tasks to queue
[2026-06-18T23:28:46.953+0000] {logging_mixin.py:190} INFO - [2026-06-18T23:28:46.953+0000] {dagbag.py:588} INFO - Filling up the DagBag from /opt/airflow/dags/driven_data_pipeline.py
[2026-06-18T23:28:47.047+0000] {processor.py:925} INFO - DAG(s) 'extract_raw_data_pipeline' retrieved from /opt/airflow/dags/driven_data_pipeline.py
[2026-06-18T23:28:47.063+0000] {logging_mixin.py:190} INFO - [2026-06-18T23:28:47.063+0000] {dag.py:3239} INFO - Sync 1 DAGs
[2026-06-18T23:28:47.076+0000] {logging_mixin.py:190} INFO - [2026-06-18T23:28:47.076+0000] {dag.py:4180} INFO - Setting next_dagrun for extract_raw_data_pipeline to 2026-06-18 07:59:00+00:00, run_after=2026-06-19 07:00:00+00:00
[2026-06-18T23:28:47.090+0000] {processor.py:208} INFO - Processing /opt/airflow/dags/driven_data_pipeline.py took 0.144 seconds
[2026-06-18T23:29:17.251+0000] {processor.py:186} INFO - Started process (PID=3293) to work on /opt/airflow/dags/driven_data_pipeline.py
[2026-06-18T23:29:17.253+0000] {processor.py:914} INFO - Processing file /opt/airflow/dags/driven_data_pipeline.py for tasks to queue
[2026-06-18T23:29:17.262+0000] {logging_mixin.py:190} INFO - [2026-06-18T23:29:17.262+0000] {dagbag.py:588} INFO - Filling up the DagBag from /opt/airflow/dags/driven_data_pipeline.py
[2026-06-18T23:29:17.348+0000] {processor.py:925} INFO - DAG(s) 'extract_raw_data_pipeline' retrieved from /opt/airflow/dags/driven_data_pipeline.py
[2026-06-18T23:29:17.363+0000] {logging_mixin.py:190} INFO - [2026-06-18T23:29:17.363+0000] {dag.py:3239} INFO - Sync 1 DAGs
[2026-06-18T23:29:17.376+0000] {logging_mixin.py:190} INFO - [2026-06-18T23:29:17.376+0000] {dag.py:4180} INFO - Setting next_dagrun for extract_raw_data_pipeline to 2026-06-18 07:59:00+00:00, run_after=2026-06-19 07:00:00+00:00
[2026-06-18T23:29:17.390+0000] {processor.py:208} INFO - Processing /opt/airflow/dags/driven_data_pipeline.py took 0.143 seconds
[2026-06-18T23:29:47.557+0000] {processor.py:186} INFO - Started process (PID=3301) to work on /opt/airflow/dags/driven_data_pipeline.py
[2026-06-18T23:29:47.558+0000] {processor.py:914} INFO - Processing file /opt/airflow/dags/driven_data_pipeline.py for tasks to queue
[2026-06-18T23:29:47.560+0000] {logging_mixin.py:190} INFO - [2026-06-18T23:29:47.559+0000] {dagbag.py:588} INFO - Filling up the DagBag from /opt/airflow/dags/driven_data_pipeline.py
[2026-06-18T23:29:47.643+0000] {processor.py:925} INFO - DAG(s) 'extract_raw_data_pipeline' retrieved from /opt/airflow/dags/driven_data_pipeline.py
[2026-06-18T23:29:47.661+0000] {logging_mixin.py:190} INFO - [2026-06-18T23:29:47.661+0000] {dag.py:3239} INFO - Sync 1 DAGs
[2026-06-18T23:29:47.674+0000] {logging_mixin.py:190} INFO - [2026-06-18T23:29:47.673+0000] {dag.py:4180} INFO - Setting next_dagrun for extract_raw_data_pipeline to 2026-06-18 07:59:00+00:00, run_after=2026-06-19 07:00:00+00:00
[2026-06-18T23:29:47.687+0000] {processor.py:208} INFO - Processing /opt/airflow/dags/driven_data_pipeline.py took 0.134 seconds
[2026-06-18T23:30:17.950+0000] {processor.py:186} INFO - Started process (PID=3308) to work on /opt/airflow/dags/driven_data_pipeline.py
[2026-06-18T23:30:17.950+0000] {processor.py:914} INFO - Processing file /opt/airflow/dags/driven_data_pipeline.py for tasks to queue
[2026-06-18T23:30:17.952+0000] {logging_mixin.py:190} INFO - [2026-06-18T23:30:17.952+0000] {dagbag.py:588} INFO - Filling up the DagBag from /opt/airflow/dags/driven_data_pipeline.py
[2026-06-18T23:30:18.035+0000] {processor.py:925} INFO - DAG(s) 'extract_raw_data_pipeline' retrieved from /opt/airflow/dags/driven_data_pipeline.py
[2026-06-18T23:30:18.051+0000] {logging_mixin.py:190} INFO - [2026-06-18T23:30:18.050+0000] {dag.py:3239} INFO - Sync 1 DAGs
[2026-06-18T23:30:18.065+0000] {logging_mixin.py:190} INFO - [2026-06-18T23:30:18.065+0000] {dag.py:4180} INFO - Setting next_dagrun for extract_raw_data_pipeline to 2026-06-18 07:59:00+00:00, run_after=2026-06-19 07:00:00+00:00
[2026-06-18T23:30:18.090+0000] {processor.py:208} INFO - Processing /opt/airflow/dags/driven_data_pipeline.py took 0.144 seconds
[2026-06-18T23:30:48.429+0000] {processor.py:186} INFO - Started process (PID=3316) to work on /opt/airflow/dags/driven_data_pipeline.py
[2026-06-18T23:30:48.430+0000] {processor.py:914} INFO - Processing file /opt/airflow/dags/driven_data_pipeline.py for tasks to queue
[2026-06-18T23:30:48.432+0000] {logging_mixin.py:190} INFO - [2026-06-18T23:30:48.432+0000] {dagbag.py:588} INFO - Filling up the DagBag from /opt/airflow/dags/driven_data_pipeline.py
[2026-06-18T23:30:48.511+0000] {processor.py:925} INFO - DAG(s) 'extract_raw_data_pipeline' retrieved from /opt/airflow/dags/driven_data_pipeline.py
[2026-06-18T23:30:48.525+0000] {logging_mixin.py:190} INFO - [2026-06-18T23:30:48.525+0000] {dag.py:3239} INFO - Sync 1 DAGs
[2026-06-18T23:30:48.538+0000] {logging_mixin.py:190} INFO - [2026-06-18T23:30:48.538+0000] {dag.py:4180} INFO - Setting next_dagrun for extract_raw_data_pipeline to 2026-06-18 07:59:00+00:00, run_after=2026-06-19 07:00:00+00:00
[2026-06-18T23:30:48.551+0000] {processor.py:208} INFO - Processing /opt/airflow/dags/driven_data_pipeline.py took 0.125 seconds
[2026-06-18T23:31:18.806+0000] {processor.py:186} INFO - Started process (PID=3323) to work on /opt/airflow/dags/driven_data_pipeline.py
[2026-06-18T23:31:18.807+0000] {processor.py:914} INFO - Processing file /opt/airflow/dags/driven_data_pipeline.py for tasks to queue
[2026-06-18T23:31:18.809+0000] {logging_mixin.py:190} INFO - [2026-06-18T23:31:18.809+0000] {dagbag.py:588} INFO - Filling up the DagBag from /opt/airflow/dags/driven_data_pipeline.py
[2026-06-18T23:31:18.903+0000] {processor.py:925} INFO - DAG(s) 'extract_raw_data_pipeline' retrieved from /opt/airflow/dags/driven_data_pipeline.py
[2026-06-18T23:31:18.918+0000] {logging_mixin.py:190} INFO - [2026-06-18T23:31:18.918+0000] {dag.py:3239} INFO - Sync 1 DAGs
[2026-06-18T23:31:18.932+0000] {logging_mixin.py:190} INFO - [2026-06-18T23:31:18.932+0000] {dag.py:4180} INFO - Setting next_dagrun for extract_raw_data_pipeline to 2026-06-18 07:59:00+00:00, run_after=2026-06-19 07:00:00+00:00
[2026-06-18T23:31:18.947+0000] {processor.py:208} INFO - Processing /opt/airflow/dags/driven_data_pipeline.py took 0.144 seconds
[2026-06-18T23:31:49.144+0000] {processor.py:186} INFO - Started process (PID=3331) to work on /opt/airflow/dags/driven_data_pipeline.py
[2026-06-18T23:31:49.145+0000] {processor.py:914} INFO - Processing file /opt/airflow/dags/driven_data_pipeline.py for tasks to queue
[2026-06-18T23:31:49.146+0000] {logging_mixin.py:190} INFO - [2026-06-18T23:31:49.146+0000] {dagbag.py:588} INFO - Filling up the DagBag from /opt/airflow/dags/driven_data_pipeline.py
[2026-06-18T23:31:49.232+0000] {processor.py:925} INFO - DAG(s) 'extract_raw_data_pipeline' retrieved from /opt/airflow/dags/driven_data_pipeline.py
[2026-06-18T23:31:49.248+0000] {logging_mixin.py:190} INFO - [2026-06-18T23:31:49.248+0000] {dag.py:3239} INFO - Sync 1 DAGs
[2026-06-18T23:31:49.261+0000] {logging_mixin.py:190} INFO - [2026-06-18T23:31:49.261+0000] {dag.py:4180} INFO - Setting next_dagrun for extract_raw_data_pipeline to 2026-06-18 07:59:00+00:00, run_after=2026-06-19 07:00:00+00:00
[2026-06-18T23:31:49.278+0000] {processor.py:208} INFO - Processing /opt/airflow/dags/driven_data_pipeline.py took 0.137 seconds
[2026-06-18T23:32:19.590+0000] {processor.py:186} INFO - Started process (PID=3339) to work on /opt/airflow/dags/driven_data_pipeline.py
[2026-06-18T23:32:19.591+0000] {processor.py:914} INFO - Processing file /opt/airflow/dags/driven_data_pipeline.py for tasks to queue
[2026-06-18T23:32:19.592+0000] {logging_mixin.py:190} INFO - [2026-06-18T23:32:19.592+0000] {dagbag.py:588} INFO - Filling up the DagBag from /opt/airflow/dags/driven_data_pipeline.py
[2026-06-18T23:32:19.674+0000] {processor.py:925} INFO - DAG(s) 'extract_raw_data_pipeline' retrieved from /opt/airflow/dags/driven_data_pipeline.py
[2026-06-18T23:32:19.689+0000] {logging_mixin.py:190} INFO - [2026-06-18T23:32:19.689+0000] {dag.py:3239} INFO - Sync 1 DAGs
[2026-06-18T23:32:19.703+0000] {logging_mixin.py:190} INFO - [2026-06-18T23:32:19.703+0000] {dag.py:4180} INFO - Setting next_dagrun for extract_raw_data_pipeline to 2026-06-18 07:59:00+00:00, run_after=2026-06-19 07:00:00+00:00
[2026-06-18T23:32:19.718+0000] {processor.py:208} INFO - Processing /opt/airflow/dags/driven_data_pipeline.py took 0.131 seconds
[2026-06-18T23:32:49.912+0000] {processor.py:186} INFO - Started process (PID=3347) to work on /opt/airflow/dags/driven_data_pipeline.py
[2026-06-18T23:32:49.913+0000] {processor.py:914} INFO - Processing file /opt/airflow/dags/driven_data_pipeline.py for tasks to queue
[2026-06-18T23:32:49.914+0000] {logging_mixin.py:190} INFO - [2026-06-18T23:32:49.914+0000] {dagbag.py:588} INFO - Filling up the DagBag from /opt/airflow/dags/driven_data_pipeline.py
[2026-06-18T23:32:50.002+0000] {processor.py:925} INFO - DAG(s) 'extract_raw_data_pipeline' retrieved from /opt/airflow/dags/driven_data_pipeline.py
[2026-06-18T23:32:50.018+0000] {logging_mixin.py:190} INFO - [2026-06-18T23:32:50.018+0000] {dag.py:3239} INFO - Sync 1 DAGs
[2026-06-18T23:32:50.033+0000] {logging_mixin.py:190} INFO - [2026-06-18T23:32:50.033+0000] {dag.py:4180} INFO - Setting next_dagrun for extract_raw_data_pipeline to 2026-06-18 07:59:00+00:00, run_after=2026-06-19 07:00:00+00:00
[2026-06-18T23:32:50.045+0000] {processor.py:208} INFO - Processing /opt/airflow/dags/driven_data_pipeline.py took 0.137 seconds
[2026-06-18T23:33:20.304+0000] {processor.py:186} INFO - Started process (PID=3355) to work on /opt/airflow/dags/driven_data_pipeline.py
[2026-06-18T23:33:20.305+0000] {processor.py:914} INFO - Processing file /opt/airflow/dags/driven_data_pipeline.py for tasks to queue
[2026-06-18T23:33:20.306+0000] {logging_mixin.py:190} INFO - [2026-06-18T23:33:20.306+0000] {dagbag.py:588} INFO - Filling up the DagBag from /opt/airflow/dags/driven_data_pipeline.py
[2026-06-18T23:33:20.396+0000] {processor.py:925} INFO - DAG(s) 'extract_raw_data_pipeline' retrieved from /opt/airflow/dags/driven_data_pipeline.py
[2026-06-18T23:33:20.413+0000] {logging_mixin.py:190} INFO - [2026-06-18T23:33:20.413+0000] {dag.py:3239} INFO - Sync 1 DAGs
[2026-06-18T23:33:20.427+0000] {logging_mixin.py:190} INFO - [2026-06-18T23:33:20.427+0000] {dag.py:4180} INFO - Setting next_dagrun for extract_raw_data_pipeline to 2026-06-18 07:59:00+00:00, run_after=2026-06-19 07:00:00+00:00
[2026-06-18T23:33:20.441+0000] {processor.py:208} INFO - Processing /opt/airflow/dags/driven_data_pipeline.py took 0.141 seconds
[2026-06-18T23:33:50.739+0000] {processor.py:186} INFO - Started process (PID=3363) to work on /opt/airflow/dags/driven_data_pipeline.py
[2026-06-18T23:33:50.740+0000] {processor.py:914} INFO - Processing file /opt/airflow/dags/driven_data_pipeline.py for tasks to queue
[2026-06-18T23:33:50.741+0000] {logging_mixin.py:190} INFO - [2026-06-18T23:33:50.741+0000] {dagbag.py:588} INFO - Filling up the DagBag from /opt/airflow/dags/driven_data_pipeline.py
[2026-06-18T23:33:50.820+0000] {processor.py:925} INFO - DAG(s) 'extract_raw_data_pipeline' retrieved from /opt/airflow/dags/driven_data_pipeline.py
[2026-06-18T23:33:50.837+0000] {logging_mixin.py:190} INFO - [2026-06-18T23:33:50.837+0000] {dag.py:3239} INFO - Sync 1 DAGs
[2026-06-18T23:33:50.851+0000] {logging_mixin.py:190} INFO - [2026-06-18T23:33:50.851+0000] {dag.py:4180} INFO - Setting next_dagrun for extract_raw_data_pipeline to 2026-06-18 07:59:00+00:00, run_after=2026-06-19 07:00:00+00:00
[2026-06-18T23:33:50.873+0000] {processor.py:208} INFO - Processing /opt/airflow/dags/driven_data_pipeline.py took 0.137 seconds
[2026-06-18T23:34:21.060+0000] {processor.py:186} INFO - Started process (PID=3371) to work on /opt/airflow/dags/driven_data_pipeline.py
[2026-06-18T23:34:21.061+0000] {processor.py:914} INFO - Processing file /opt/airflow/dags/driven_data_pipeline.py for tasks to queue
[2026-06-18T23:34:21.062+0000] {logging_mixin.py:190} INFO - [2026-06-18T23:34:21.062+0000] {dagbag.py:588} INFO - Filling up the DagBag from /opt/airflow/dags/driven_data_pipeline.py
[2026-06-18T23:34:21.144+0000] {processor.py:925} INFO - DAG(s) 'extract_raw_data_pipeline' retrieved from /opt/airflow/dags/driven_data_pipeline.py
[2026-06-18T23:34:21.159+0000] {logging_mixin.py:190} INFO - [2026-06-18T23:34:21.159+0000] {dag.py:3239} INFO - Sync 1 DAGs
[2026-06-18T23:34:21.172+0000] {logging_mixin.py:190} INFO - [2026-06-18T23:34:21.172+0000] {dag.py:4180} INFO - Setting next_dagrun for extract_raw_data_pipeline to 2026-06-18 07:59:00+00:00, run_after=2026-06-19 07:00:00+00:00
[2026-06-18T23:34:21.186+0000] {processor.py:208} INFO - Processing /opt/airflow/dags/driven_data_pipeline.py took 0.129 seconds
[2026-06-18T23:34:51.418+0000] {processor.py:186} INFO - Started process (PID=3379) to work on /opt/airflow/dags/driven_data_pipeline.py
[2026-06-18T23:34:51.419+0000] {processor.py:914} INFO - Processing file /opt/airflow/dags/driven_data_pipeline.py for tasks to queue
[2026-06-18T23:34:51.420+0000] {logging_mixin.py:190} INFO - [2026-06-18T23:34:51.420+0000] {dagbag.py:588} INFO - Filling up the DagBag from /opt/airflow/dags/driven_data_pipeline.py
[2026-06-18T23:34:51.503+0000] {processor.py:925} INFO - DAG(s) 'extract_raw_data_pipeline' retrieved from /opt/airflow/dags/driven_data_pipeline.py
[2026-06-18T23:34:51.519+0000] {logging_mixin.py:190} INFO - [2026-06-18T23:34:51.519+0000] {dag.py:3239} INFO - Sync 1 DAGs
[2026-06-18T23:34:51.531+0000] {logging_mixin.py:190} INFO - [2026-06-18T23:34:51.531+0000] {dag.py:4180} INFO - Setting next_dagrun for extract_raw_data_pipeline to 2026-06-18 07:59:00+00:00, run_after=2026-06-19 07:00:00+00:00
[2026-06-18T23:34:51.544+0000] {processor.py:208} INFO - Processing /opt/airflow/dags/driven_data_pipeline.py took 0.130 seconds
[2026-06-18T23:35:21.819+0000] {processor.py:186} INFO - Started process (PID=3387) to work on /opt/airflow/dags/driven_data_pipeline.py
[2026-06-18T23:35:21.820+0000] {processor.py:914} INFO - Processing file /opt/airflow/dags/driven_data_pipeline.py for tasks to queue
[2026-06-18T23:35:21.821+0000] {logging_mixin.py:190} INFO - [2026-06-18T23:35:21.821+0000] {dagbag.py:588} INFO - Filling up the DagBag from /opt/airflow/dags/driven_data_pipeline.py
[2026-06-18T23:35:21.903+0000] {processor.py:925} INFO - DAG(s) 'extract_raw_data_pipeline' retrieved from /opt/airflow/dags/driven_data_pipeline.py
[2026-06-18T23:35:21.918+0000] {logging_mixin.py:190} INFO - [2026-06-18T23:35:21.918+0000] {dag.py:3239} INFO - Sync 1 DAGs
[2026-06-18T23:35:21.931+0000] {logging_mixin.py:190} INFO - [2026-06-18T23:35:21.931+0000] {dag.py:4180} INFO - Setting next_dagrun for extract_raw_data_pipeline to 2026-06-18 07:59:00+00:00, run_after=2026-06-19 07:00:00+00:00
[2026-06-18T23:35:21.954+0000] {processor.py:208} INFO - Processing /opt/airflow/dags/driven_data_pipeline.py took 0.138 seconds
[2026-06-18T23:35:52.204+0000] {processor.py:186} INFO - Started process (PID=3395) to work on /opt/airflow/dags/driven_data_pipeline.py
[2026-06-18T23:35:52.205+0000] {processor.py:914} INFO - Processing file /opt/airflow/dags/driven_data_pipeline.py for tasks to queue
[2026-06-18T23:35:52.207+0000] {logging_mixin.py:190} INFO - [2026-06-18T23:35:52.207+0000] {dagbag.py:588} INFO - Filling up the DagBag from /opt/airflow/dags/driven_data_pipeline.py
[2026-06-18T23:35:52.297+0000] {processor.py:925} INFO - DAG(s) 'extract_raw_data_pipeline' retrieved from /opt/airflow/dags/driven_data_pipeline.py
[2026-06-18T23:35:52.313+0000] {logging_mixin.py:190} INFO - [2026-06-18T23:35:52.313+0000] {dag.py:3239} INFO - Sync 1 DAGs
[2026-06-18T23:35:52.326+0000] {logging_mixin.py:190} INFO - [2026-06-18T23:35:52.326+0000] {dag.py:4180} INFO - Setting next_dagrun for extract_raw_data_pipeline to 2026-06-18 07:59:00+00:00, run_after=2026-06-19 07:00:00+00:00
[2026-06-18T23:35:52.338+0000] {processor.py:208} INFO - Processing /opt/airflow/dags/driven_data_pipeline.py took 0.137 seconds
[2026-06-18T23:36:22.566+0000] {processor.py:186} INFO - Started process (PID=3403) to work on /opt/airflow/dags/driven_data_pipeline.py
[2026-06-18T23:36:22.567+0000] {processor.py:914} INFO - Processing file /opt/airflow/dags/driven_data_pipeline.py for tasks to queue
[2026-06-18T23:36:22.568+0000] {logging_mixin.py:190} INFO - [2026-06-18T23:36:22.568+0000] {dagbag.py:588} INFO - Filling up the DagBag from /opt/airflow/dags/driven_data_pipeline.py
[2026-06-18T23:36:22.657+0000] {processor.py:925} INFO - DAG(s) 'extract_raw_data_pipeline' retrieved from /opt/airflow/dags/driven_data_pipeline.py
[2026-06-18T23:36:22.672+0000] {logging_mixin.py:190} INFO - [2026-06-18T23:36:22.672+0000] {dag.py:3239} INFO - Sync 1 DAGs
[2026-06-18T23:36:22.686+0000] {logging_mixin.py:190} INFO - [2026-06-18T23:36:22.686+0000] {dag.py:4180} INFO - Setting next_dagrun for extract_raw_data_pipeline to 2026-06-18 07:59:00+00:00, run_after=2026-06-19 07:00:00+00:00
[2026-06-18T23:36:22.698+0000] {processor.py:208} INFO - Processing /opt/airflow/dags/driven_data_pipeline.py took 0.136 seconds
[2026-06-18T23:36:53.098+0000] {processor.py:186} INFO - Started process (PID=3411) to work on /opt/airflow/dags/driven_data_pipeline.py
[2026-06-18T23:36:53.099+0000] {processor.py:914} INFO - Processing file /opt/airflow/dags/driven_data_pipeline.py for tasks to queue
[2026-06-18T23:36:53.101+0000] {logging_mixin.py:190} INFO - [2026-06-18T23:36:53.100+0000] {dagbag.py:588} INFO - Filling up the DagBag from /opt/airflow/dags/driven_data_pipeline.py
[2026-06-18T23:36:53.186+0000] {processor.py:925} INFO - DAG(s) 'extract_raw_data_pipeline' retrieved from /opt/airflow/dags/driven_data_pipeline.py
[2026-06-18T23:36:53.202+0000] {logging_mixin.py:190} INFO - [2026-06-18T23:36:53.202+0000] {dag.py:3239} INFO - Sync 1 DAGs
[2026-06-18T23:36:53.215+0000] {logging_mixin.py:190} INFO - [2026-06-18T23:36:53.215+0000] {dag.py:4180} INFO - Setting next_dagrun for extract_raw_data_pipeline to 2026-06-18 07:59:00+00:00, run_after=2026-06-19 07:00:00+00:00
[2026-06-18T23:36:53.228+0000] {processor.py:208} INFO - Processing /opt/airflow/dags/driven_data_pipeline.py took 0.133 seconds
[2026-06-18T23:37:23.419+0000] {processor.py:186} INFO - Started process (PID=3419) to work on /opt/airflow/dags/driven_data_pipeline.py
[2026-06-18T23:37:23.420+0000] {processor.py:914} INFO - Processing file /opt/airflow/dags/driven_data_pipeline.py for tasks to queue
[2026-06-18T23:37:23.422+0000] {logging_mixin.py:190} INFO - [2026-06-18T23:37:23.421+0000] {dagbag.py:588} INFO - Filling up the DagBag from /opt/airflow/dags/driven_data_pipeline.py
[2026-06-18T23:37:23.507+0000] {processor.py:925} INFO - DAG(s) 'extract_raw_data_pipeline' retrieved from /opt/airflow/dags/driven_data_pipeline.py
[2026-06-18T23:37:23.523+0000] {logging_mixin.py:190} INFO - [2026-06-18T23:37:23.523+0000] {dag.py:3239} INFO - Sync 1 DAGs
[2026-06-18T23:37:23.538+0000] {logging_mixin.py:190} INFO - [2026-06-18T23:37:23.538+0000] {dag.py:4180} INFO - Setting next_dagrun for extract_raw_data_pipeline to 2026-06-18 07:59:00+00:00, run_after=2026-06-19 07:00:00+00:00
[2026-06-18T23:37:23.552+0000] {processor.py:208} INFO - Processing /opt/airflow/dags/driven_data_pipeline.py took 0.137 seconds
[2026-06-18T23:37:53.870+0000] {processor.py:186} INFO - Started process (PID=3427) to work on /opt/airflow/dags/driven_data_pipeline.py
[2026-06-18T23:37:53.871+0000] {processor.py:914} INFO - Processing file /opt/airflow/dags/driven_data_pipeline.py for tasks to queue
[2026-06-18T23:37:53.872+0000] {logging_mixin.py:190} INFO - [2026-06-18T23:37:53.872+0000] {dagbag.py:588} INFO - Filling up the DagBag from /opt/airflow/dags/driven_data_pipeline.py
[2026-06-18T23:37:53.959+0000] {processor.py:925} INFO - DAG(s) 'extract_raw_data_pipeline' retrieved from /opt/airflow/dags/driven_data_pipeline.py
[2026-06-18T23:37:53.975+0000] {logging_mixin.py:190} INFO - [2026-06-18T23:37:53.975+0000] {dag.py:3239} INFO - Sync 1 DAGs
[2026-06-18T23:37:53.988+0000] {logging_mixin.py:190} INFO - [2026-06-18T23:37:53.988+0000] {dag.py:4180} INFO - Setting next_dagrun for extract_raw_data_pipeline to 2026-06-18 07:59:00+00:00, run_after=2026-06-19 07:00:00+00:00
[2026-06-18T23:37:54.006+0000] {processor.py:208} INFO - Processing /opt/airflow/dags/driven_data_pipeline.py took 0.140 seconds
[2026-06-18T23:38:24.229+0000] {processor.py:186} INFO - Started process (PID=3435) to work on /opt/airflow/dags/driven_data_pipeline.py
[2026-06-18T23:38:24.230+0000] {processor.py:914} INFO - Processing file /opt/airflow/dags/driven_data_pipeline.py for tasks to queue
[2026-06-18T23:38:24.232+0000] {logging_mixin.py:190} INFO - [2026-06-18T23:38:24.232+0000] {dagbag.py:588} INFO - Filling up the DagBag from /opt/airflow/dags/driven_data_pipeline.py
[2026-06-18T23:38:24.329+0000] {processor.py:925} INFO - DAG(s) 'extract_raw_data_pipeline' retrieved from /opt/airflow/dags/driven_data_pipeline.py
[2026-06-18T23:38:24.344+0000] {logging_mixin.py:190} INFO - [2026-06-18T23:38:24.344+0000] {dag.py:3239} INFO - Sync 1 DAGs
[2026-06-18T23:38:24.358+0000] {logging_mixin.py:190} INFO - [2026-06-18T23:38:24.357+0000] {dag.py:4180} INFO - Setting next_dagrun for extract_raw_data_pipeline to 2026-06-18 07:59:00+00:00, run_after=2026-06-19 07:00:00+00:00
[2026-06-18T23:38:24.371+0000] {processor.py:208} INFO - Processing /opt/airflow/dags/driven_data_pipeline.py took 0.146 seconds
[2026-06-18T23:38:54.585+0000] {processor.py:186} INFO - Started process (PID=3443) to work on /opt/airflow/dags/driven_data_pipeline.py
[2026-06-18T23:38:54.586+0000] {processor.py:914} INFO - Processing file /opt/airflow/dags/driven_data_pipeline.py for tasks to queue
[2026-06-18T23:38:54.587+0000] {logging_mixin.py:190} INFO - [2026-06-18T23:38:54.587+0000] {dagbag.py:588} INFO - Filling up the DagBag from /opt/airflow/dags/driven_data_pipeline.py
[2026-06-18T23:38:54.677+0000] {processor.py:925} INFO - DAG(s) 'extract_raw_data_pipeline' retrieved from /opt/airflow/dags/driven_data_pipeline.py
[2026-06-18T23:38:54.697+0000] {logging_mixin.py:190} INFO - [2026-06-18T23:38:54.697+0000] {dag.py:3239} INFO - Sync 1 DAGs
[2026-06-18T23:38:54.715+0000] {logging_mixin.py:190} INFO - [2026-06-18T23:38:54.715+0000] {dag.py:4180} INFO - Setting next_dagrun for extract_raw_data_pipeline to 2026-06-18 07:59:00+00:00, run_after=2026-06-19 07:00:00+00:00
[2026-06-18T23:38:54.729+0000] {processor.py:208} INFO - Processing /opt/airflow/dags/driven_data_pipeline.py took 0.147 seconds
[2026-06-18T23:39:24.982+0000] {processor.py:186} INFO - Started process (PID=3451) to work on /opt/airflow/dags/driven_data_pipeline.py
[2026-06-18T23:39:24.983+0000] {processor.py:914} INFO - Processing file /opt/airflow/dags/driven_data_pipeline.py for tasks to queue
[2026-06-18T23:39:24.984+0000] {logging_mixin.py:190} INFO - [2026-06-18T23:39:24.984+0000] {dagbag.py:588} INFO - Filling up the DagBag from /opt/airflow/dags/driven_data_pipeline.py
[2026-06-18T23:39:25.072+0000] {processor.py:925} INFO - DAG(s) 'extract_raw_data_pipeline' retrieved from /opt/airflow/dags/driven_data_pipeline.py
[2026-06-18T23:39:25.090+0000] {logging_mixin.py:190} INFO - [2026-06-18T23:39:25.090+0000] {dag.py:3239} INFO - Sync 1 DAGs
[2026-06-18T23:39:25.109+0000] {logging_mixin.py:190} INFO - [2026-06-18T23:39:25.109+0000] {dag.py:4180} INFO - Setting next_dagrun for extract_raw_data_pipeline to 2026-06-18 07:59:00+00:00, run_after=2026-06-19 07:00:00+00:00
[2026-06-18T23:39:25.127+0000] {processor.py:208} INFO - Processing /opt/airflow/dags/driven_data_pipeline.py took 0.149 seconds
[2026-06-18T23:39:55.292+0000] {processor.py:186} INFO - Started process (PID=3459) to work on /opt/airflow/dags/driven_data_pipeline.py
[2026-06-18T23:39:55.292+0000] {processor.py:914} INFO - Processing file /opt/airflow/dags/driven_data_pipeline.py for tasks to queue
[2026-06-18T23:39:55.294+0000] {logging_mixin.py:190} INFO - [2026-06-18T23:39:55.294+0000] {dagbag.py:588} INFO - Filling up the DagBag from /opt/airflow/dags/driven_data_pipeline.py
[2026-06-18T23:39:55.379+0000] {processor.py:925} INFO - DAG(s) 'extract_raw_data_pipeline' retrieved from /opt/airflow/dags/driven_data_pipeline.py
[2026-06-18T23:39:55.396+0000] {logging_mixin.py:190} INFO - [2026-06-18T23:39:55.396+0000] {dag.py:3239} INFO - Sync 1 DAGs
[2026-06-18T23:39:55.410+0000] {logging_mixin.py:190} INFO - [2026-06-18T23:39:55.409+0000] {dag.py:4180} INFO - Setting next_dagrun for extract_raw_data_pipeline to 2026-06-18 07:59:00+00:00, run_after=2026-06-19 07:00:00+00:00
[2026-06-18T23:39:55.422+0000] {processor.py:208} INFO - Processing /opt/airflow/dags/driven_data_pipeline.py took 0.134 seconds
[2026-06-18T23:40:25.789+0000] {processor.py:186} INFO - Started process (PID=3467) to work on /opt/airflow/dags/driven_data_pipeline.py
[2026-06-18T23:40:25.791+0000] {processor.py:914} INFO - Processing file /opt/airflow/dags/driven_data_pipeline.py for tasks to queue
[2026-06-18T23:40:25.793+0000] {logging_mixin.py:190} INFO - [2026-06-18T23:40:25.793+0000] {dagbag.py:588} INFO - Filling up the DagBag from /opt/airflow/dags/driven_data_pipeline.py
[2026-06-18T23:40:25.880+0000] {processor.py:925} INFO - DAG(s) 'extract_raw_data_pipeline' retrieved from /opt/airflow/dags/driven_data_pipeline.py
[2026-06-18T23:40:25.895+0000] {logging_mixin.py:190} INFO - [2026-06-18T23:40:25.895+0000] {dag.py:3239} INFO - Sync 1 DAGs
[2026-06-18T23:40:25.908+0000] {logging_mixin.py:190} INFO - [2026-06-18T23:40:25.908+0000] {dag.py:4180} INFO - Setting next_dagrun for extract_raw_data_pipeline to 2026-06-18 07:59:00+00:00, run_after=2026-06-19 07:00:00+00:00
[2026-06-18T23:40:25.922+0000] {processor.py:208} INFO - Processing /opt/airflow/dags/driven_data_pipeline.py took 0.136 seconds
[2026-06-18T23:40:56.240+0000] {processor.py:186} INFO - Started process (PID=3475) to work on /opt/airflow/dags/driven_data_pipeline.py
[2026-06-18T23:40:56.241+0000] {processor.py:914} INFO - Processing file /opt/airflow/dags/driven_data_pipeline.py for tasks to queue
[2026-06-18T23:40:56.242+0000] {logging_mixin.py:190} INFO - [2026-06-18T23:40:56.242+0000] {dagbag.py:588} INFO - Filling up the DagBag from /opt/airflow/dags/driven_data_pipeline.py
[2026-06-18T23:40:56.327+0000] {processor.py:925} INFO - DAG(s) 'extract_raw_data_pipeline' retrieved from /opt/airflow/dags/driven_data_pipeline.py
[2026-06-18T23:40:56.342+0000] {logging_mixin.py:190} INFO - [2026-06-18T23:40:56.342+0000] {dag.py:3239} INFO - Sync 1 DAGs
[2026-06-18T23:40:56.356+0000] {logging_mixin.py:190} INFO - [2026-06-18T23:40:56.355+0000] {dag.py:4180} INFO - Setting next_dagrun for extract_raw_data_pipeline to 2026-06-18 07:59:00+00:00, run_after=2026-06-19 07:00:00+00:00
[2026-06-18T23:40:56.368+0000] {processor.py:208} INFO - Processing /opt/airflow/dags/driven_data_pipeline.py took 0.132 seconds
[2026-06-18T23:41:26.621+0000] {processor.py:186} INFO - Started process (PID=3483) to work on /opt/airflow/dags/driven_data_pipeline.py
[2026-06-18T23:41:26.622+0000] {processor.py:914} INFO - Processing file /opt/airflow/dags/driven_data_pipeline.py for tasks to queue
[2026-06-18T23:41:26.624+0000] {logging_mixin.py:190} INFO - [2026-06-18T23:41:26.624+0000] {dagbag.py:588} INFO - Filling up the DagBag from /opt/airflow/dags/driven_data_pipeline.py
[2026-06-18T23:41:26.706+0000] {processor.py:925} INFO - DAG(s) 'extract_raw_data_pipeline' retrieved from /opt/airflow/dags/driven_data_pipeline.py
[2026-06-18T23:41:26.721+0000] {logging_mixin.py:190} INFO - [2026-06-18T23:41:26.721+0000] {dag.py:3239} INFO - Sync 1 DAGs
[2026-06-18T23:41:26.734+0000] {logging_mixin.py:190} INFO - [2026-06-18T23:41:26.734+0000] {dag.py:4180} INFO - Setting next_dagrun for extract_raw_data_pipeline to 2026-06-18 07:59:00+00:00, run_after=2026-06-19 07:00:00+00:00
[2026-06-18T23:41:26.752+0000] {processor.py:208} INFO - Processing /opt/airflow/dags/driven_data_pipeline.py took 0.134 seconds
[2026-06-18T23:41:57.043+0000] {processor.py:186} INFO - Started process (PID=3491) to work on /opt/airflow/dags/driven_data_pipeline.py
[2026-06-18T23:41:57.044+0000] {processor.py:914} INFO - Processing file /opt/airflow/dags/driven_data_pipeline.py for tasks to queue
[2026-06-18T23:41:57.045+0000] {logging_mixin.py:190} INFO - [2026-06-18T23:41:57.045+0000] {dagbag.py:588} INFO - Filling up the DagBag from /opt/airflow/dags/driven_data_pipeline.py
[2026-06-18T23:41:57.133+0000] {processor.py:925} INFO - DAG(s) 'extract_raw_data_pipeline' retrieved from /opt/airflow/dags/driven_data_pipeline.py
[2026-06-18T23:41:57.148+0000] {logging_mixin.py:190} INFO - [2026-06-18T23:41:57.148+0000] {dag.py:3239} INFO - Sync 1 DAGs
[2026-06-18T23:41:57.161+0000] {logging_mixin.py:190} INFO - [2026-06-18T23:41:57.161+0000] {dag.py:4180} INFO - Setting next_dagrun for extract_raw_data_pipeline to 2026-06-18 07:59:00+00:00, run_after=2026-06-19 07:00:00+00:00
[2026-06-18T23:41:57.174+0000] {processor.py:208} INFO - Processing /opt/airflow/dags/driven_data_pipeline.py took 0.134 seconds
[2026-06-18T23:42:27.360+0000] {processor.py:186} INFO - Started process (PID=3499) to work on /opt/airflow/dags/driven_data_pipeline.py
[2026-06-18T23:42:27.361+0000] {processor.py:914} INFO - Processing file /opt/airflow/dags/driven_data_pipeline.py for tasks to queue
[2026-06-18T23:42:27.363+0000] {logging_mixin.py:190} INFO - [2026-06-18T23:42:27.363+0000] {dagbag.py:588} INFO - Filling up the DagBag from /opt/airflow/dags/driven_data_pipeline.py
[2026-06-18T23:42:27.462+0000] {processor.py:925} INFO - DAG(s) 'extract_raw_data_pipeline' retrieved from /opt/airflow/dags/driven_data_pipeline.py
[2026-06-18T23:42:27.478+0000] {logging_mixin.py:190} INFO - [2026-06-18T23:42:27.478+0000] {dag.py:3239} INFO - Sync 1 DAGs
[2026-06-18T23:42:27.492+0000] {logging_mixin.py:190} INFO - [2026-06-18T23:42:27.492+0000] {dag.py:4180} INFO - Setting next_dagrun for extract_raw_data_pipeline to 2026-06-18 07:59:00+00:00, run_after=2026-06-19 07:00:00+00:00
[2026-06-18T23:42:27.505+0000] {processor.py:208} INFO - Processing /opt/airflow/dags/driven_data_pipeline.py took 0.148 seconds
[2026-06-18T23:42:57.752+0000] {processor.py:186} INFO - Started process (PID=3507) to work on /opt/airflow/dags/driven_data_pipeline.py
[2026-06-18T23:42:57.753+0000] {processor.py:914} INFO - Processing file /opt/airflow/dags/driven_data_pipeline.py for tasks to queue
[2026-06-18T23:42:57.755+0000] {logging_mixin.py:190} INFO - [2026-06-18T23:42:57.754+0000] {dagbag.py:588} INFO - Filling up the DagBag from /opt/airflow/dags/driven_data_pipeline.py
[2026-06-18T23:42:57.839+0000] {processor.py:925} INFO - DAG(s) 'extract_raw_data_pipeline' retrieved from /opt/airflow/dags/driven_data_pipeline.py
[2026-06-18T23:42:57.855+0000] {logging_mixin.py:190} INFO - [2026-06-18T23:42:57.855+0000] {dag.py:3239} INFO - Sync 1 DAGs
[2026-06-18T23:42:57.868+0000] {logging_mixin.py:190} INFO - [2026-06-18T23:42:57.868+0000] {dag.py:4180} INFO - Setting next_dagrun for extract_raw_data_pipeline to 2026-06-18 07:59:00+00:00, run_after=2026-06-19 07:00:00+00:00
[2026-06-18T23:42:57.883+0000] {processor.py:208} INFO - Processing /opt/airflow/dags/driven_data_pipeline.py took 0.134 seconds
[2026-06-18T23:43:28.205+0000] {processor.py:186} INFO - Started process (PID=3515) to work on /opt/airflow/dags/driven_data_pipeline.py
[2026-06-18T23:43:28.206+0000] {processor.py:914} INFO - Processing file /opt/airflow/dags/driven_data_pipeline.py for tasks to queue
[2026-06-18T23:43:28.207+0000] {logging_mixin.py:190} INFO - [2026-06-18T23:43:28.207+0000] {dagbag.py:588} INFO - Filling up the DagBag from /opt/airflow/dags/driven_data_pipeline.py
[2026-06-18T23:43:28.292+0000] {processor.py:925} INFO - DAG(s) 'extract_raw_data_pipeline' retrieved from /opt/airflow/dags/driven_data_pipeline.py
[2026-06-18T23:43:28.307+0000] {logging_mixin.py:190} INFO - [2026-06-18T23:43:28.307+0000] {dag.py:3239} INFO - Sync 1 DAGs
[2026-06-18T23:43:28.321+0000] {logging_mixin.py:190} INFO - [2026-06-18T23:43:28.321+0000] {dag.py:4180} INFO - Setting next_dagrun for extract_raw_data_pipeline to 2026-06-18 07:59:00+00:00, run_after=2026-06-19 07:00:00+00:00
[2026-06-18T23:43:28.338+0000] {processor.py:208} INFO - Processing /opt/airflow/dags/driven_data_pipeline.py took 0.136 seconds
[2026-06-18T23:43:58.486+0000] {processor.py:186} INFO - Started process (PID=3523) to work on /opt/airflow/dags/driven_data_pipeline.py
[2026-06-18T23:43:58.487+0000] {processor.py:914} INFO - Processing file /opt/airflow/dags/driven_data_pipeline.py for tasks to queue
[2026-06-18T23:43:58.488+0000] {logging_mixin.py:190} INFO - [2026-06-18T23:43:58.488+0000] {dagbag.py:588} INFO - Filling up the DagBag from /opt/airflow/dags/driven_data_pipeline.py
[2026-06-18T23:43:58.570+0000] {processor.py:925} INFO - DAG(s) 'extract_raw_data_pipeline' retrieved from /opt/airflow/dags/driven_data_pipeline.py
[2026-06-18T23:43:58.590+0000] {logging_mixin.py:190} INFO - [2026-06-18T23:43:58.590+0000] {dag.py:3239} INFO - Sync 1 DAGs
[2026-06-18T23:43:58.606+0000] {logging_mixin.py:190} INFO - [2026-06-18T23:43:58.605+0000] {dag.py:4180} INFO - Setting next_dagrun for extract_raw_data_pipeline to 2026-06-18 07:59:00+00:00, run_after=2026-06-19 07:00:00+00:00
[2026-06-18T23:43:58.620+0000] {processor.py:208} INFO - Processing /opt/airflow/dags/driven_data_pipeline.py took 0.138 seconds
[2026-06-18T23:44:28.950+0000] {processor.py:186} INFO - Started process (PID=3530) to work on /opt/airflow/dags/driven_data_pipeline.py
[2026-06-18T23:44:28.951+0000] {processor.py:914} INFO - Processing file /opt/airflow/dags/driven_data_pipeline.py for tasks to queue
[2026-06-18T23:44:28.953+0000] {logging_mixin.py:190} INFO - [2026-06-18T23:44:28.952+0000] {dagbag.py:588} INFO - Filling up the DagBag from /opt/airflow/dags/driven_data_pipeline.py
[2026-06-18T23:44:29.034+0000] {processor.py:925} INFO - DAG(s) 'extract_raw_data_pipeline' retrieved from /opt/airflow/dags/driven_data_pipeline.py
[2026-06-18T23:44:29.048+0000] {logging_mixin.py:190} INFO - [2026-06-18T23:44:29.048+0000] {dag.py:3239} INFO - Sync 1 DAGs
[2026-06-18T23:44:29.061+0000] {logging_mixin.py:190} INFO - [2026-06-18T23:44:29.061+0000] {dag.py:4180} INFO - Setting next_dagrun for extract_raw_data_pipeline to 2026-06-18 07:59:00+00:00, run_after=2026-06-19 07:00:00+00:00
[2026-06-18T23:44:29.074+0000] {processor.py:208} INFO - Processing /opt/airflow/dags/driven_data_pipeline.py took 0.127 seconds
[2026-06-18T23:44:59.409+0000] {processor.py:186} INFO - Started process (PID=3538) to work on /opt/airflow/dags/driven_data_pipeline.py
[2026-06-18T23:44:59.410+0000] {processor.py:914} INFO - Processing file /opt/airflow/dags/driven_data_pipeline.py for tasks to queue
[2026-06-18T23:44:59.412+0000] {logging_mixin.py:190} INFO - [2026-06-18T23:44:59.412+0000] {dagbag.py:588} INFO - Filling up the DagBag from /opt/airflow/dags/driven_data_pipeline.py
[2026-06-18T23:44:59.491+0000] {processor.py:925} INFO - DAG(s) 'extract_raw_data_pipeline' retrieved from /opt/airflow/dags/driven_data_pipeline.py
[2026-06-18T23:44:59.505+0000] {logging_mixin.py:190} INFO - [2026-06-18T23:44:59.505+0000] {dag.py:3239} INFO - Sync 1 DAGs
[2026-06-18T23:44:59.516+0000] {logging_mixin.py:190} INFO - [2026-06-18T23:44:59.516+0000] {dag.py:4180} INFO - Setting next_dagrun for extract_raw_data_pipeline to 2026-06-18 07:59:00+00:00, run_after=2026-06-19 07:00:00+00:00
[2026-06-18T23:44:59.529+0000] {processor.py:208} INFO - Processing /opt/airflow/dags/driven_data_pipeline.py took 0.123 seconds
[2026-06-18T23:45:29.696+0000] {processor.py:186} INFO - Started process (PID=3546) to work on /opt/airflow/dags/driven_data_pipeline.py
[2026-06-18T23:45:29.697+0000] {processor.py:914} INFO - Processing file /opt/airflow/dags/driven_data_pipeline.py for tasks to queue
[2026-06-18T23:45:29.699+0000] {logging_mixin.py:190} INFO - [2026-06-18T23:45:29.698+0000] {dagbag.py:588} INFO - Filling up the DagBag from /opt/airflow/dags/driven_data_pipeline.py
[2026-06-18T23:45:29.794+0000] {processor.py:925} INFO - DAG(s) 'extract_raw_data_pipeline' retrieved from /opt/airflow/dags/driven_data_pipeline.py
[2026-06-18T23:45:29.812+0000] {logging_mixin.py:190} INFO - [2026-06-18T23:45:29.812+0000] {dag.py:3239} INFO - Sync 1 DAGs
[2026-06-18T23:45:29.826+0000] {logging_mixin.py:190} INFO - [2026-06-18T23:45:29.826+0000] {dag.py:4180} INFO - Setting next_dagrun for extract_raw_data_pipeline to 2026-06-18 07:59:00+00:00, run_after=2026-06-19 07:00:00+00:00
[2026-06-18T23:45:29.843+0000] {processor.py:208} INFO - Processing /opt/airflow/dags/driven_data_pipeline.py took 0.151 seconds
[2026-06-18T23:45:59.975+0000] {processor.py:186} INFO - Started process (PID=3554) to work on /opt/airflow/dags/driven_data_pipeline.py
[2026-06-18T23:45:59.975+0000] {processor.py:914} INFO - Processing file /opt/airflow/dags/driven_data_pipeline.py for tasks to queue
[2026-06-18T23:45:59.977+0000] {logging_mixin.py:190} INFO - [2026-06-18T23:45:59.977+0000] {dagbag.py:588} INFO - Filling up the DagBag from /opt/airflow/dags/driven_data_pipeline.py
[2026-06-18T23:46:00.061+0000] {processor.py:925} INFO - DAG(s) 'extract_raw_data_pipeline' retrieved from /opt/airflow/dags/driven_data_pipeline.py
[2026-06-18T23:46:00.076+0000] {logging_mixin.py:190} INFO - [2026-06-18T23:46:00.076+0000] {dag.py:3239} INFO - Sync 1 DAGs
[2026-06-18T23:46:00.088+0000] {logging_mixin.py:190} INFO - [2026-06-18T23:46:00.088+0000] {dag.py:4180} INFO - Setting next_dagrun for extract_raw_data_pipeline to 2026-06-18 07:59:00+00:00, run_after=2026-06-19 07:00:00+00:00
[2026-06-18T23:46:00.110+0000] {processor.py:208} INFO - Processing /opt/airflow/dags/driven_data_pipeline.py took 0.139 seconds
[2026-06-18T23:46:30.283+0000] {processor.py:186} INFO - Started process (PID=3562) to work on /opt/airflow/dags/driven_data_pipeline.py
[2026-06-18T23:46:30.284+0000] {processor.py:914} INFO - Processing file /opt/airflow/dags/driven_data_pipeline.py for tasks to queue
[2026-06-18T23:46:30.285+0000] {logging_mixin.py:190} INFO - [2026-06-18T23:46:30.285+0000] {dagbag.py:588} INFO - Filling up the DagBag from /opt/airflow/dags/driven_data_pipeline.py
[2026-06-18T23:46:30.380+0000] {processor.py:925} INFO - DAG(s) 'extract_raw_data_pipeline' retrieved from /opt/airflow/dags/driven_data_pipeline.py
[2026-06-18T23:46:30.396+0000] {logging_mixin.py:190} INFO - [2026-06-18T23:46:30.396+0000] {dag.py:3239} INFO - Sync 1 DAGs
[2026-06-18T23:46:30.409+0000] {logging_mixin.py:190} INFO - [2026-06-18T23:46:30.409+0000] {dag.py:4180} INFO - Setting next_dagrun for extract_raw_data_pipeline to 2026-06-18 07:59:00+00:00, run_after=2026-06-19 07:00:00+00:00
[2026-06-18T23:46:30.422+0000] {processor.py:208} INFO - Processing /opt/airflow/dags/driven_data_pipeline.py took 0.144 seconds
[2026-06-18T23:47:00.725+0000] {processor.py:186} INFO - Started process (PID=3570) to work on /opt/airflow/dags/driven_data_pipeline.py
[2026-06-18T23:47:00.726+0000] {processor.py:914} INFO - Processing file /opt/airflow/dags/driven_data_pipeline.py for tasks to queue
[2026-06-18T23:47:00.727+0000] {logging_mixin.py:190} INFO - [2026-06-18T23:47:00.727+0000] {dagbag.py:588} INFO - Filling up the DagBag from /opt/airflow/dags/driven_data_pipeline.py
[2026-06-18T23:47:00.825+0000] {processor.py:925} INFO - DAG(s) 'extract_raw_data_pipeline' retrieved from /opt/airflow/dags/driven_data_pipeline.py
[2026-06-18T23:47:00.839+0000] {logging_mixin.py:190} INFO - [2026-06-18T23:47:00.839+0000] {dag.py:3239} INFO - Sync 1 DAGs
[2026-06-18T23:47:00.855+0000] {logging_mixin.py:190} INFO - [2026-06-18T23:47:00.855+0000] {dag.py:4180} INFO - Setting next_dagrun for extract_raw_data_pipeline to 2026-06-18 07:59:00+00:00, run_after=2026-06-19 07:00:00+00:00
[2026-06-18T23:47:00.868+0000] {processor.py:208} INFO - Processing /opt/airflow/dags/driven_data_pipeline.py took 0.147 seconds
[2026-06-18T23:47:31.114+0000] {processor.py:186} INFO - Started process (PID=3578) to work on /opt/airflow/dags/driven_data_pipeline.py
[2026-06-18T23:47:31.115+0000] {processor.py:914} INFO - Processing file /opt/airflow/dags/driven_data_pipeline.py for tasks to queue
[2026-06-18T23:47:31.116+0000] {logging_mixin.py:190} INFO - [2026-06-18T23:47:31.116+0000] {dagbag.py:588} INFO - Filling up the DagBag from /opt/airflow/dags/driven_data_pipeline.py
[2026-06-18T23:47:31.196+0000] {processor.py:925} INFO - DAG(s) 'extract_raw_data_pipeline' retrieved from /opt/airflow/dags/driven_data_pipeline.py
[2026-06-18T23:47:31.211+0000] {logging_mixin.py:190} INFO - [2026-06-18T23:47:31.211+0000] {dag.py:3239} INFO - Sync 1 DAGs
[2026-06-18T23:47:31.226+0000] {logging_mixin.py:190} INFO - [2026-06-18T23:47:31.226+0000] {dag.py:4180} INFO - Setting next_dagrun for extract_raw_data_pipeline to 2026-06-18 07:59:00+00:00, run_after=2026-06-19 07:00:00+00:00
[2026-06-18T23:47:31.240+0000] {processor.py:208} INFO - Processing /opt/airflow/dags/driven_data_pipeline.py took 0.130 seconds
[2026-06-18T23:48:01.523+0000] {processor.py:186} INFO - Started process (PID=3586) to work on /opt/airflow/dags/driven_data_pipeline.py
[2026-06-18T23:48:01.524+0000] {processor.py:914} INFO - Processing file /opt/airflow/dags/driven_data_pipeline.py for tasks to queue
[2026-06-18T23:48:01.525+0000] {logging_mixin.py:190} INFO - [2026-06-18T23:48:01.525+0000] {dagbag.py:588} INFO - Filling up the DagBag from /opt/airflow/dags/driven_data_pipeline.py
[2026-06-18T23:48:01.610+0000] {processor.py:925} INFO - DAG(s) 'extract_raw_data_pipeline' retrieved from /opt/airflow/dags/driven_data_pipeline.py
[2026-06-18T23:48:01.625+0000] {logging_mixin.py:190} INFO - [2026-06-18T23:48:01.625+0000] {dag.py:3239} INFO - Sync 1 DAGs
[2026-06-18T23:48:01.638+0000] {logging_mixin.py:190} INFO - [2026-06-18T23:48:01.638+0000] {dag.py:4180} INFO - Setting next_dagrun for extract_raw_data_pipeline to 2026-06-18 07:59:00+00:00, run_after=2026-06-19 07:00:00+00:00
[2026-06-18T23:48:01.651+0000] {processor.py:208} INFO - Processing /opt/airflow/dags/driven_data_pipeline.py took 0.131 seconds
[2026-06-18T23:48:31.864+0000] {processor.py:186} INFO - Started process (PID=3594) to work on /opt/airflow/dags/driven_data_pipeline.py
[2026-06-18T23:48:31.865+0000] {processor.py:914} INFO - Processing file /opt/airflow/dags/driven_data_pipeline.py for tasks to queue
[2026-06-18T23:48:31.866+0000] {logging_mixin.py:190} INFO - [2026-06-18T23:48:31.866+0000] {dagbag.py:588} INFO - Filling up the DagBag from /opt/airflow/dags/driven_data_pipeline.py
[2026-06-18T23:48:31.957+0000] {processor.py:925} INFO - DAG(s) 'extract_raw_data_pipeline' retrieved from /opt/airflow/dags/driven_data_pipeline.py
[2026-06-18T23:48:31.974+0000] {logging_mixin.py:190} INFO - [2026-06-18T23:48:31.973+0000] {dag.py:3239} INFO - Sync 1 DAGs
[2026-06-18T23:48:31.986+0000] {logging_mixin.py:190} INFO - [2026-06-18T23:48:31.986+0000] {dag.py:4180} INFO - Setting next_dagrun for extract_raw_data_pipeline to 2026-06-18 07:59:00+00:00, run_after=2026-06-19 07:00:00+00:00
[2026-06-18T23:48:32.005+0000] {processor.py:208} INFO - Processing /opt/airflow/dags/driven_data_pipeline.py took 0.162 seconds
[2026-06-18T23:49:02.312+0000] {processor.py:186} INFO - Started process (PID=3602) to work on /opt/airflow/dags/driven_data_pipeline.py
[2026-06-18T23:49:02.312+0000] {processor.py:914} INFO - Processing file /opt/airflow/dags/driven_data_pipeline.py for tasks to queue
[2026-06-18T23:49:02.314+0000] {logging_mixin.py:190} INFO - [2026-06-18T23:49:02.314+0000] {dagbag.py:588} INFO - Filling up the DagBag from /opt/airflow/dags/driven_data_pipeline.py
[2026-06-18T23:49:02.419+0000] {processor.py:925} INFO - DAG(s) 'extract_raw_data_pipeline' retrieved from /opt/airflow/dags/driven_data_pipeline.py
[2026-06-18T23:49:02.433+0000] {logging_mixin.py:190} INFO - [2026-06-18T23:49:02.432+0000] {dag.py:3239} INFO - Sync 1 DAGs
[2026-06-18T23:49:02.444+0000] {logging_mixin.py:190} INFO - [2026-06-18T23:49:02.444+0000] {dag.py:4180} INFO - Setting next_dagrun for extract_raw_data_pipeline to 2026-06-18 07:59:00+00:00, run_after=2026-06-19 07:00:00+00:00
[2026-06-18T23:49:02.457+0000] {processor.py:208} INFO - Processing /opt/airflow/dags/driven_data_pipeline.py took 0.148 seconds
[2026-06-18T23:49:32.614+0000] {processor.py:186} INFO - Started process (PID=3610) to work on /opt/airflow/dags/driven_data_pipeline.py
[2026-06-18T23:49:32.615+0000] {processor.py:914} INFO - Processing file /opt/airflow/dags/driven_data_pipeline.py for tasks to queue
[2026-06-18T23:49:32.617+0000] {logging_mixin.py:190} INFO - [2026-06-18T23:49:32.616+0000] {dagbag.py:588} INFO - Filling up the DagBag from /opt/airflow/dags/driven_data_pipeline.py
[2026-06-18T23:49:32.700+0000] {processor.py:925} INFO - DAG(s) 'extract_raw_data_pipeline' retrieved from /opt/airflow/dags/driven_data_pipeline.py
[2026-06-18T23:49:32.716+0000] {logging_mixin.py:190} INFO - [2026-06-18T23:49:32.716+0000] {dag.py:3239} INFO - Sync 1 DAGs
[2026-06-18T23:49:32.730+0000] {logging_mixin.py:190} INFO - [2026-06-18T23:49:32.730+0000] {dag.py:4180} INFO - Setting next_dagrun for extract_raw_data_pipeline to 2026-06-18 07:59:00+00:00, run_after=2026-06-19 07:00:00+00:00
[2026-06-18T23:49:32.744+0000] {processor.py:208} INFO - Processing /opt/airflow/dags/driven_data_pipeline.py took 0.133 seconds
[2026-06-18T23:50:03.134+0000] {processor.py:186} INFO - Started process (PID=3618) to work on /opt/airflow/dags/driven_data_pipeline.py
[2026-06-18T23:50:03.135+0000] {processor.py:914} INFO - Processing file /opt/airflow/dags/driven_data_pipeline.py for tasks to queue
[2026-06-18T23:50:03.136+0000] {logging_mixin.py:190} INFO - [2026-06-18T23:50:03.136+0000] {dagbag.py:588} INFO - Filling up the DagBag from /opt/airflow/dags/driven_data_pipeline.py
[2026-06-18T23:50:03.224+0000] {processor.py:925} INFO - DAG(s) 'extract_raw_data_pipeline' retrieved from /opt/airflow/dags/driven_data_pipeline.py
[2026-06-18T23:50:03.240+0000] {logging_mixin.py:190} INFO - [2026-06-18T23:50:03.240+0000] {dag.py:3239} INFO - Sync 1 DAGs
[2026-06-18T23:50:03.253+0000] {logging_mixin.py:190} INFO - [2026-06-18T23:50:03.253+0000] {dag.py:4180} INFO - Setting next_dagrun for extract_raw_data_pipeline to 2026-06-18 07:59:00+00:00, run_after=2026-06-19 07:00:00+00:00
[2026-06-18T23:50:03.270+0000] {processor.py:208} INFO - Processing /opt/airflow/dags/driven_data_pipeline.py took 0.139 seconds
[2026-06-18T23:50:33.473+0000] {processor.py:186} INFO - Started process (PID=3626) to work on /opt/airflow/dags/driven_data_pipeline.py
[2026-06-18T23:50:33.474+0000] {processor.py:914} INFO - Processing file /opt/airflow/dags/driven_data_pipeline.py for tasks to queue
[2026-06-18T23:50:33.475+0000] {logging_mixin.py:190} INFO - [2026-06-18T23:50:33.475+0000] {dagbag.py:588} INFO - Filling up the DagBag from /opt/airflow/dags/driven_data_pipeline.py
[2026-06-18T23:50:33.559+0000] {processor.py:925} INFO - DAG(s) 'extract_raw_data_pipeline' retrieved from /opt/airflow/dags/driven_data_pipeline.py
[2026-06-18T23:50:33.574+0000] {logging_mixin.py:190} INFO - [2026-06-18T23:50:33.574+0000] {dag.py:3239} INFO - Sync 1 DAGs
[2026-06-18T23:50:33.587+0000] {logging_mixin.py:190} INFO - [2026-06-18T23:50:33.587+0000] {dag.py:4180} INFO - Setting next_dagrun for extract_raw_data_pipeline to 2026-06-18 07:59:00+00:00, run_after=2026-06-19 07:00:00+00:00
[2026-06-18T23:50:33.600+0000] {processor.py:208} INFO - Processing /opt/airflow/dags/driven_data_pipeline.py took 0.131 seconds
[2026-06-18T23:51:03.824+0000] {processor.py:186} INFO - Started process (PID=3634) to work on /opt/airflow/dags/driven_data_pipeline.py
[2026-06-18T23:51:03.825+0000] {processor.py:914} INFO - Processing file /opt/airflow/dags/driven_data_pipeline.py for tasks to queue
[2026-06-18T23:51:03.827+0000] {logging_mixin.py:190} INFO - [2026-06-18T23:51:03.826+0000] {dagbag.py:588} INFO - Filling up the DagBag from /opt/airflow/dags/driven_data_pipeline.py
[2026-06-18T23:51:03.910+0000] {processor.py:925} INFO - DAG(s) 'extract_raw_data_pipeline' retrieved from /opt/airflow/dags/driven_data_pipeline.py
[2026-06-18T23:51:03.925+0000] {logging_mixin.py:190} INFO - [2026-06-18T23:51:03.925+0000] {dag.py:3239} INFO - Sync 1 DAGs
[2026-06-18T23:51:03.937+0000] {logging_mixin.py:190} INFO - [2026-06-18T23:51:03.937+0000] {dag.py:4180} INFO - Setting next_dagrun for extract_raw_data_pipeline to 2026-06-18 07:59:00+00:00, run_after=2026-06-19 07:00:00+00:00
[2026-06-18T23:51:03.952+0000] {processor.py:208} INFO - Processing /opt/airflow/dags/driven_data_pipeline.py took 0.132 seconds
[2026-06-18T23:51:34.164+0000] {processor.py:186} INFO - Started process (PID=3642) to work on /opt/airflow/dags/driven_data_pipeline.py
[2026-06-18T23:51:34.165+0000] {processor.py:914} INFO - Processing file /opt/airflow/dags/driven_data_pipeline.py for tasks to queue
[2026-06-18T23:51:34.166+0000] {logging_mixin.py:190} INFO - [2026-06-18T23:51:34.166+0000] {dagbag.py:588} INFO - Filling up the DagBag from /opt/airflow/dags/driven_data_pipeline.py
[2026-06-18T23:51:34.254+0000] {processor.py:925} INFO - DAG(s) 'extract_raw_data_pipeline' retrieved from /opt/airflow/dags/driven_data_pipeline.py
[2026-06-18T23:51:34.270+0000] {logging_mixin.py:190} INFO - [2026-06-18T23:51:34.269+0000] {dag.py:3239} INFO - Sync 1 DAGs
[2026-06-18T23:51:34.283+0000] {logging_mixin.py:190} INFO - [2026-06-18T23:51:34.283+0000] {dag.py:4180} INFO - Setting next_dagrun for extract_raw_data_pipeline to 2026-06-18 07:59:00+00:00, run_after=2026-06-19 07:00:00+00:00
[2026-06-18T23:51:34.295+0000] {processor.py:208} INFO - Processing /opt/airflow/dags/driven_data_pipeline.py took 0.135 seconds
[2026-06-18T23:52:04.569+0000] {processor.py:186} INFO - Started process (PID=3650) to work on /opt/airflow/dags/driven_data_pipeline.py
[2026-06-18T23:52:04.570+0000] {processor.py:914} INFO - Processing file /opt/airflow/dags/driven_data_pipeline.py for tasks to queue
[2026-06-18T23:52:04.571+0000] {logging_mixin.py:190} INFO - [2026-06-18T23:52:04.571+0000] {dagbag.py:588} INFO - Filling up the DagBag from /opt/airflow/dags/driven_data_pipeline.py
[2026-06-18T23:52:04.655+0000] {processor.py:925} INFO - DAG(s) 'extract_raw_data_pipeline' retrieved from /opt/airflow/dags/driven_data_pipeline.py
[2026-06-18T23:52:04.671+0000] {logging_mixin.py:190} INFO - [2026-06-18T23:52:04.671+0000] {dag.py:3239} INFO - Sync 1 DAGs
[2026-06-18T23:52:04.684+0000] {logging_mixin.py:190} INFO - [2026-06-18T23:52:04.684+0000] {dag.py:4180} INFO - Setting next_dagrun for extract_raw_data_pipeline to 2026-06-18 07:59:00+00:00, run_after=2026-06-19 07:00:00+00:00
[2026-06-18T23:52:04.707+0000] {processor.py:208} INFO - Processing /opt/airflow/dags/driven_data_pipeline.py took 0.141 seconds
[2026-06-18T23:52:34.889+0000] {processor.py:186} INFO - Started process (PID=3658) to work on /opt/airflow/dags/driven_data_pipeline.py
[2026-06-18T23:52:34.890+0000] {processor.py:914} INFO - Processing file /opt/airflow/dags/driven_data_pipeline.py for tasks to queue
[2026-06-18T23:52:34.892+0000] {logging_mixin.py:190} INFO - [2026-06-18T23:52:34.891+0000] {dagbag.py:588} INFO - Filling up the DagBag from /opt/airflow/dags/driven_data_pipeline.py
[2026-06-18T23:52:34.978+0000] {processor.py:925} INFO - DAG(s) 'extract_raw_data_pipeline' retrieved from /opt/airflow/dags/driven_data_pipeline.py
[2026-06-18T23:52:34.993+0000] {logging_mixin.py:190} INFO - [2026-06-18T23:52:34.993+0000] {dag.py:3239} INFO - Sync 1 DAGs
[2026-06-18T23:52:35.007+0000] {logging_mixin.py:190} INFO - [2026-06-18T23:52:35.006+0000] {dag.py:4180} INFO - Setting next_dagrun for extract_raw_data_pipeline to 2026-06-18 07:59:00+00:00, run_after=2026-06-19 07:00:00+00:00
[2026-06-18T23:52:35.018+0000] {processor.py:208} INFO - Processing /opt/airflow/dags/driven_data_pipeline.py took 0.132 seconds
[2026-06-18T23:53:05.161+0000] {processor.py:186} INFO - Started process (PID=3667) to work on /opt/airflow/dags/driven_data_pipeline.py
[2026-06-18T23:53:05.162+0000] {processor.py:914} INFO - Processing file /opt/airflow/dags/driven_data_pipeline.py for tasks to queue
[2026-06-18T23:53:05.163+0000] {logging_mixin.py:190} INFO - [2026-06-18T23:53:05.163+0000] {dagbag.py:588} INFO - Filling up the DagBag from /opt/airflow/dags/driven_data_pipeline.py
[2026-06-18T23:53:05.246+0000] {processor.py:925} INFO - DAG(s) 'extract_raw_data_pipeline' retrieved from /opt/airflow/dags/driven_data_pipeline.py
[2026-06-18T23:53:05.263+0000] {logging_mixin.py:190} INFO - [2026-06-18T23:53:05.263+0000] {dag.py:3239} INFO - Sync 1 DAGs
[2026-06-18T23:53:05.276+0000] {logging_mixin.py:190} INFO - [2026-06-18T23:53:05.276+0000] {dag.py:4180} INFO - Setting next_dagrun for extract_raw_data_pipeline to 2026-06-18 07:59:00+00:00, run_after=2026-06-19 07:00:00+00:00
[2026-06-18T23:53:05.289+0000] {processor.py:208} INFO - Processing /opt/airflow/dags/driven_data_pipeline.py took 0.131 seconds
[2026-06-18T23:53:35.450+0000] {processor.py:186} INFO - Started process (PID=3675) to work on /opt/airflow/dags/driven_data_pipeline.py
[2026-06-18T23:53:35.451+0000] {processor.py:914} INFO - Processing file /opt/airflow/dags/driven_data_pipeline.py for tasks to queue
[2026-06-18T23:53:35.453+0000] {logging_mixin.py:190} INFO - [2026-06-18T23:53:35.453+0000] {dagbag.py:588} INFO - Filling up the DagBag from /opt/airflow/dags/driven_data_pipeline.py
[2026-06-18T23:53:35.543+0000] {processor.py:925} INFO - DAG(s) 'extract_raw_data_pipeline' retrieved from /opt/airflow/dags/driven_data_pipeline.py
[2026-06-18T23:53:35.558+0000] {logging_mixin.py:190} INFO - [2026-06-18T23:53:35.558+0000] {dag.py:3239} INFO - Sync 1 DAGs
[2026-06-18T23:53:35.571+0000] {logging_mixin.py:190} INFO - [2026-06-18T23:53:35.571+0000] {dag.py:4180} INFO - Setting next_dagrun for extract_raw_data_pipeline to 2026-06-18 07:59:00+00:00, run_after=2026-06-19 07:00:00+00:00
[2026-06-18T23:53:35.583+0000] {processor.py:208} INFO - Processing /opt/airflow/dags/driven_data_pipeline.py took 0.137 seconds
[2026-06-18T23:54:05.936+0000] {processor.py:186} INFO - Started process (PID=3683) to work on /opt/airflow/dags/driven_data_pipeline.py
[2026-06-18T23:54:05.936+0000] {processor.py:914} INFO - Processing file /opt/airflow/dags/driven_data_pipeline.py for tasks to queue
[2026-06-18T23:54:05.938+0000] {logging_mixin.py:190} INFO - [2026-06-18T23:54:05.938+0000] {dagbag.py:588} INFO - Filling up the DagBag from /opt/airflow/dags/driven_data_pipeline.py
[2026-06-18T23:54:06.025+0000] {processor.py:925} INFO - DAG(s) 'extract_raw_data_pipeline' retrieved from /opt/airflow/dags/driven_data_pipeline.py
[2026-06-18T23:54:06.042+0000] {logging_mixin.py:190} INFO - [2026-06-18T23:54:06.042+0000] {dag.py:3239} INFO - Sync 1 DAGs
[2026-06-18T23:54:06.055+0000] {logging_mixin.py:190} INFO - [2026-06-18T23:54:06.055+0000] {dag.py:4180} INFO - Setting next_dagrun for extract_raw_data_pipeline to 2026-06-18 07:59:00+00:00, run_after=2026-06-19 07:00:00+00:00
[2026-06-18T23:54:06.072+0000] {processor.py:208} INFO - Processing /opt/airflow/dags/driven_data_pipeline.py took 0.140 seconds
[2026-06-18T23:54:36.232+0000] {processor.py:186} INFO - Started process (PID=3691) to work on /opt/airflow/dags/driven_data_pipeline.py
[2026-06-18T23:54:36.233+0000] {processor.py:914} INFO - Processing file /opt/airflow/dags/driven_data_pipeline.py for tasks to queue
[2026-06-18T23:54:36.235+0000] {logging_mixin.py:190} INFO - [2026-06-18T23:54:36.235+0000] {dagbag.py:588} INFO - Filling up the DagBag from /opt/airflow/dags/driven_data_pipeline.py
[2026-06-18T23:54:36.332+0000] {processor.py:925} INFO - DAG(s) 'extract_raw_data_pipeline' retrieved from /opt/airflow/dags/driven_data_pipeline.py
[2026-06-18T23:54:36.349+0000] {logging_mixin.py:190} INFO - [2026-06-18T23:54:36.349+0000] {dag.py:3239} INFO - Sync 1 DAGs
[2026-06-18T23:54:36.363+0000] {logging_mixin.py:190} INFO - [2026-06-18T23:54:36.363+0000] {dag.py:4180} INFO - Setting next_dagrun for extract_raw_data_pipeline to 2026-06-18 07:59:00+00:00, run_after=2026-06-19 07:00:00+00:00
[2026-06-18T23:54:36.377+0000] {processor.py:208} INFO - Processing /opt/airflow/dags/driven_data_pipeline.py took 0.149 seconds
[2026-06-18T23:55:06.738+0000] {processor.py:186} INFO - Started process (PID=3699) to work on /opt/airflow/dags/driven_data_pipeline.py
[2026-06-18T23:55:06.739+0000] {processor.py:914} INFO - Processing file /opt/airflow/dags/driven_data_pipeline.py for tasks to queue
[2026-06-18T23:55:06.740+0000] {logging_mixin.py:190} INFO - [2026-06-18T23:55:06.740+0000] {dagbag.py:588} INFO - Filling up the DagBag from /opt/airflow/dags/driven_data_pipeline.py
[2026-06-18T23:55:06.858+0000] {processor.py:925} INFO - DAG(s) 'extract_raw_data_pipeline' retrieved from /opt/airflow/dags/driven_data_pipeline.py
[2026-06-18T23:55:06.873+0000] {logging_mixin.py:190} INFO - [2026-06-18T23:55:06.873+0000] {dag.py:3239} INFO - Sync 1 DAGs
[2026-06-18T23:55:06.886+0000] {logging_mixin.py:190} INFO - [2026-06-18T23:55:06.886+0000] {dag.py:4180} INFO - Setting next_dagrun for extract_raw_data_pipeline to 2026-06-18 07:59:00+00:00, run_after=2026-06-19 07:00:00+00:00
[2026-06-18T23:55:06.900+0000] {processor.py:208} INFO - Processing /opt/airflow/dags/driven_data_pipeline.py took 0.166 seconds
[2026-06-18T23:55:37.070+0000] {processor.py:186} INFO - Started process (PID=3707) to work on /opt/airflow/dags/driven_data_pipeline.py
[2026-06-18T23:55:37.071+0000] {processor.py:914} INFO - Processing file /opt/airflow/dags/driven_data_pipeline.py for tasks to queue
[2026-06-18T23:55:37.072+0000] {logging_mixin.py:190} INFO - [2026-06-18T23:55:37.072+0000] {dagbag.py:588} INFO - Filling up the DagBag from /opt/airflow/dags/driven_data_pipeline.py
[2026-06-18T23:55:37.171+0000] {processor.py:925} INFO - DAG(s) 'extract_raw_data_pipeline' retrieved from /opt/airflow/dags/driven_data_pipeline.py
[2026-06-18T23:55:37.187+0000] {logging_mixin.py:190} INFO - [2026-06-18T23:55:37.187+0000] {dag.py:3239} INFO - Sync 1 DAGs
[2026-06-18T23:55:37.201+0000] {logging_mixin.py:190} INFO - [2026-06-18T23:55:37.200+0000] {dag.py:4180} INFO - Setting next_dagrun for extract_raw_data_pipeline to 2026-06-18 07:59:00+00:00, run_after=2026-06-19 07:00:00+00:00
[2026-06-18T23:55:37.213+0000] {processor.py:208} INFO - Processing /opt/airflow/dags/driven_data_pipeline.py took 0.146 seconds
[2026-06-18T23:56:07.470+0000] {processor.py:186} INFO - Started process (PID=3715) to work on /opt/airflow/dags/driven_data_pipeline.py
[2026-06-18T23:56:07.471+0000] {processor.py:914} INFO - Processing file /opt/airflow/dags/driven_data_pipeline.py for tasks to queue
[2026-06-18T23:56:07.473+0000] {logging_mixin.py:190} INFO - [2026-06-18T23:56:07.472+0000] {dagbag.py:588} INFO - Filling up the DagBag from /opt/airflow/dags/driven_data_pipeline.py
[2026-06-18T23:56:07.554+0000] {processor.py:925} INFO - DAG(s) 'extract_raw_data_pipeline' retrieved from /opt/airflow/dags/driven_data_pipeline.py
[2026-06-18T23:56:07.569+0000] {logging_mixin.py:190} INFO - [2026-06-18T23:56:07.569+0000] {dag.py:3239} INFO - Sync 1 DAGs
[2026-06-18T23:56:07.583+0000] {logging_mixin.py:190} INFO - [2026-06-18T23:56:07.583+0000] {dag.py:4180} INFO - Setting next_dagrun for extract_raw_data_pipeline to 2026-06-18 07:59:00+00:00, run_after=2026-06-19 07:00:00+00:00
[2026-06-18T23:56:07.606+0000] {processor.py:208} INFO - Processing /opt/airflow/dags/driven_data_pipeline.py took 0.139 seconds
[2026-06-18T23:56:37.862+0000] {processor.py:186} INFO - Started process (PID=3723) to work on /opt/airflow/dags/driven_data_pipeline.py
[2026-06-18T23:56:37.864+0000] {processor.py:914} INFO - Processing file /opt/airflow/dags/driven_data_pipeline.py for tasks to queue
[2026-06-18T23:56:37.866+0000] {logging_mixin.py:190} INFO - [2026-06-18T23:56:37.866+0000] {dagbag.py:588} INFO - Filling up the DagBag from /opt/airflow/dags/driven_data_pipeline.py
[2026-06-18T23:56:38.291+0000] {processor.py:925} INFO - DAG(s) 'extract_raw_data_pipeline' retrieved from /opt/airflow/dags/driven_data_pipeline.py
[2026-06-18T23:56:38.313+0000] {logging_mixin.py:190} INFO - [2026-06-18T23:56:38.313+0000] {dag.py:3239} INFO - Sync 1 DAGs
[2026-06-18T23:56:38.324+0000] {logging_mixin.py:190} INFO - [2026-06-18T23:56:38.324+0000] {dag.py:4180} INFO - Setting next_dagrun for extract_raw_data_pipeline to 2026-06-18 07:59:00+00:00, run_after=2026-06-19 07:00:00+00:00
[2026-06-18T23:56:38.336+0000] {processor.py:208} INFO - Processing /opt/airflow/dags/driven_data_pipeline.py took 0.491 seconds
[2026-06-18T23:57:08.649+0000] {processor.py:186} INFO - Started process (PID=3730) to work on /opt/airflow/dags/driven_data_pipeline.py
[2026-06-18T23:57:08.650+0000] {processor.py:914} INFO - Processing file /opt/airflow/dags/driven_data_pipeline.py for tasks to queue
[2026-06-18T23:57:08.651+0000] {logging_mixin.py:190} INFO - [2026-06-18T23:57:08.651+0000] {dagbag.py:588} INFO - Filling up the DagBag from /opt/airflow/dags/driven_data_pipeline.py
[2026-06-18T23:57:08.730+0000] {processor.py:925} INFO - DAG(s) 'extract_raw_data_pipeline' retrieved from /opt/airflow/dags/driven_data_pipeline.py
[2026-06-18T23:57:08.745+0000] {logging_mixin.py:190} INFO - [2026-06-18T23:57:08.744+0000] {dag.py:3239} INFO - Sync 1 DAGs
[2026-06-18T23:57:08.757+0000] {logging_mixin.py:190} INFO - [2026-06-18T23:57:08.756+0000] {dag.py:4180} INFO - Setting next_dagrun for extract_raw_data_pipeline to 2026-06-18 07:59:00+00:00, run_after=2026-06-19 07:00:00+00:00
[2026-06-18T23:57:08.769+0000] {processor.py:208} INFO - Processing /opt/airflow/dags/driven_data_pipeline.py took 0.124 seconds
[2026-06-18T23:57:39.000+0000] {processor.py:186} INFO - Started process (PID=3738) to work on /opt/airflow/dags/driven_data_pipeline.py
[2026-06-18T23:57:39.001+0000] {processor.py:914} INFO - Processing file /opt/airflow/dags/driven_data_pipeline.py for tasks to queue
[2026-06-18T23:57:39.002+0000] {logging_mixin.py:190} INFO - [2026-06-18T23:57:39.002+0000] {dagbag.py:588} INFO - Filling up the DagBag from /opt/airflow/dags/driven_data_pipeline.py
[2026-06-18T23:57:39.085+0000] {processor.py:925} INFO - DAG(s) 'extract_raw_data_pipeline' retrieved from /opt/airflow/dags/driven_data_pipeline.py
[2026-06-18T23:57:39.099+0000] {logging_mixin.py:190} INFO - [2026-06-18T23:57:39.099+0000] {dag.py:3239} INFO - Sync 1 DAGs
[2026-06-18T23:57:39.113+0000] {logging_mixin.py:190} INFO - [2026-06-18T23:57:39.113+0000] {dag.py:4180} INFO - Setting next_dagrun for extract_raw_data_pipeline to 2026-06-18 07:59:00+00:00, run_after=2026-06-19 07:00:00+00:00
[2026-06-18T23:57:39.126+0000] {processor.py:208} INFO - Processing /opt/airflow/dags/driven_data_pipeline.py took 0.130 seconds
[2026-06-18T23:58:09.406+0000] {processor.py:186} INFO - Started process (PID=3746) to work on /opt/airflow/dags/driven_data_pipeline.py
[2026-06-18T23:58:09.407+0000] {processor.py:914} INFO - Processing file /opt/airflow/dags/driven_data_pipeline.py for tasks to queue
[2026-06-18T23:58:09.408+0000] {logging_mixin.py:190} INFO - [2026-06-18T23:58:09.408+0000] {dagbag.py:588} INFO - Filling up the DagBag from /opt/airflow/dags/driven_data_pipeline.py
[2026-06-18T23:58:09.488+0000] {processor.py:925} INFO - DAG(s) 'extract_raw_data_pipeline' retrieved from /opt/airflow/dags/driven_data_pipeline.py
[2026-06-18T23:58:09.503+0000] {logging_mixin.py:190} INFO - [2026-06-18T23:58:09.503+0000] {dag.py:3239} INFO - Sync 1 DAGs
[2026-06-18T23:58:09.515+0000] {logging_mixin.py:190} INFO - [2026-06-18T23:58:09.514+0000] {dag.py:4180} INFO - Setting next_dagrun for extract_raw_data_pipeline to 2026-06-18 07:59:00+00:00, run_after=2026-06-19 07:00:00+00:00
[2026-06-18T23:58:09.526+0000] {processor.py:208} INFO - Processing /opt/airflow/dags/driven_data_pipeline.py took 0.123 seconds
[2026-06-18T23:58:39.775+0000] {processor.py:186} INFO - Started process (PID=3753) to work on /opt/airflow/dags/driven_data_pipeline.py
[2026-06-18T23:58:39.776+0000] {processor.py:914} INFO - Processing file /opt/airflow/dags/driven_data_pipeline.py for tasks to queue
[2026-06-18T23:58:39.777+0000] {logging_mixin.py:190} INFO - [2026-06-18T23:58:39.777+0000] {dagbag.py:588} INFO - Filling up the DagBag from /opt/airflow/dags/driven_data_pipeline.py
[2026-06-18T23:58:39.859+0000] {processor.py:925} INFO - DAG(s) 'extract_raw_data_pipeline' retrieved from /opt/airflow/dags/driven_data_pipeline.py
[2026-06-18T23:58:39.873+0000] {logging_mixin.py:190} INFO - [2026-06-18T23:58:39.873+0000] {dag.py:3239} INFO - Sync 1 DAGs
[2026-06-18T23:58:39.885+0000] {logging_mixin.py:190} INFO - [2026-06-18T23:58:39.885+0000] {dag.py:4180} INFO - Setting next_dagrun for extract_raw_data_pipeline to 2026-06-18 07:59:00+00:00, run_after=2026-06-19 07:00:00+00:00
[2026-06-18T23:58:39.907+0000] {processor.py:208} INFO - Processing /opt/airflow/dags/driven_data_pipeline.py took 0.136 seconds
[2026-06-18T23:59:10.144+0000] {processor.py:186} INFO - Started process (PID=3761) to work on /opt/airflow/dags/driven_data_pipeline.py
[2026-06-18T23:59:10.145+0000] {processor.py:914} INFO - Processing file /opt/airflow/dags/driven_data_pipeline.py for tasks to queue
[2026-06-18T23:59:10.146+0000] {logging_mixin.py:190} INFO - [2026-06-18T23:59:10.146+0000] {dagbag.py:588} INFO - Filling up the DagBag from /opt/airflow/dags/driven_data_pipeline.py
[2026-06-18T23:59:10.230+0000] {processor.py:925} INFO - DAG(s) 'extract_raw_data_pipeline' retrieved from /opt/airflow/dags/driven_data_pipeline.py
[2026-06-18T23:59:10.245+0000] {logging_mixin.py:190} INFO - [2026-06-18T23:59:10.245+0000] {dag.py:3239} INFO - Sync 1 DAGs
[2026-06-18T23:59:10.260+0000] {logging_mixin.py:190} INFO - [2026-06-18T23:59:10.260+0000] {dag.py:4180} INFO - Setting next_dagrun for extract_raw_data_pipeline to 2026-06-18 07:59:00+00:00, run_after=2026-06-19 07:00:00+00:00
[2026-06-18T23:59:10.275+0000] {processor.py:208} INFO - Processing /opt/airflow/dags/driven_data_pipeline.py took 0.134 seconds
[2026-06-18T23:59:40.465+0000] {processor.py:186} INFO - Started process (PID=3769) to work on /opt/airflow/dags/driven_data_pipeline.py
[2026-06-18T23:59:40.465+0000] {processor.py:914} INFO - Processing file /opt/airflow/dags/driven_data_pipeline.py for tasks to queue
[2026-06-18T23:59:40.467+0000] {logging_mixin.py:190} INFO - [2026-06-18T23:59:40.467+0000] {dagbag.py:588} INFO - Filling up the DagBag from /opt/airflow/dags/driven_data_pipeline.py
[2026-06-18T23:59:40.549+0000] {processor.py:925} INFO - DAG(s) 'extract_raw_data_pipeline' retrieved from /opt/airflow/dags/driven_data_pipeline.py
[2026-06-18T23:59:40.563+0000] {logging_mixin.py:190} INFO - [2026-06-18T23:59:40.563+0000] {dag.py:3239} INFO - Sync 1 DAGs
[2026-06-18T23:59:40.576+0000] {logging_mixin.py:190} INFO - [2026-06-18T23:59:40.576+0000] {dag.py:4180} INFO - Setting next_dagrun for extract_raw_data_pipeline to 2026-06-18 07:59:00+00:00, run_after=2026-06-19 07:00:00+00:00
[2026-06-18T23:59:40.590+0000] {processor.py:208} INFO - Processing /opt/airflow/dags/driven_data_pipeline.py took 0.128 seconds
