[2026-06-19T00:00:10.932+0000] {processor.py:186} INFO - Started process (PID=3777) to work on /opt/airflow/dags/driven_data_pipeline.py
[2026-06-19T00:00:10.933+0000] {processor.py:914} INFO - Processing file /opt/airflow/dags/driven_data_pipeline.py for tasks to queue
[2026-06-19T00:00:10.934+0000] {logging_mixin.py:190} INFO - [2026-06-19T00:00:10.934+0000] {dagbag.py:588} INFO - Filling up the DagBag from /opt/airflow/dags/driven_data_pipeline.py
[2026-06-19T00:00:11.022+0000] {processor.py:925} INFO - DAG(s) 'extract_raw_data_pipeline' retrieved from /opt/airflow/dags/driven_data_pipeline.py
[2026-06-19T00:00:11.037+0000] {logging_mixin.py:190} INFO - [2026-06-19T00:00:11.037+0000] {dag.py:3239} INFO - Sync 1 DAGs
[2026-06-19T00:00:11.050+0000] {logging_mixin.py:190} INFO - [2026-06-19T00:00:11.049+0000] {dag.py:4180} INFO - Setting next_dagrun for extract_raw_data_pipeline to 2026-06-18 07:59:00+00:00, run_after=2026-06-19 07:00:00+00:00
[2026-06-19T00:00:11.062+0000] {processor.py:208} INFO - Processing /opt/airflow/dags/driven_data_pipeline.py took 0.133 seconds
[2026-06-19T00:00:41.355+0000] {processor.py:186} INFO - Started process (PID=3785) to work on /opt/airflow/dags/driven_data_pipeline.py
[2026-06-19T00:00:41.356+0000] {processor.py:914} INFO - Processing file /opt/airflow/dags/driven_data_pipeline.py for tasks to queue
[2026-06-19T00:00:41.357+0000] {logging_mixin.py:190} INFO - [2026-06-19T00:00:41.357+0000] {dagbag.py:588} INFO - Filling up the DagBag from /opt/airflow/dags/driven_data_pipeline.py
[2026-06-19T00:00:41.441+0000] {processor.py:925} INFO - DAG(s) 'extract_raw_data_pipeline' retrieved from /opt/airflow/dags/driven_data_pipeline.py
[2026-06-19T00:00:41.456+0000] {logging_mixin.py:190} INFO - [2026-06-19T00:00:41.456+0000] {dag.py:3239} INFO - Sync 1 DAGs
[2026-06-19T00:00:41.470+0000] {logging_mixin.py:190} INFO - [2026-06-19T00:00:41.470+0000] {dag.py:4180} INFO - Setting next_dagrun for extract_raw_data_pipeline to 2026-06-18 07:59:00+00:00, run_after=2026-06-19 07:00:00+00:00
[2026-06-19T00:00:41.485+0000] {processor.py:208} INFO - Processing /opt/airflow/dags/driven_data_pipeline.py took 0.134 seconds
[2026-06-19T00:01:11.743+0000] {processor.py:186} INFO - Started process (PID=3793) to work on /opt/airflow/dags/driven_data_pipeline.py
[2026-06-19T00:01:11.743+0000] {processor.py:914} INFO - Processing file /opt/airflow/dags/driven_data_pipeline.py for tasks to queue
[2026-06-19T00:01:11.745+0000] {logging_mixin.py:190} INFO - [2026-06-19T00:01:11.745+0000] {dagbag.py:588} INFO - Filling up the DagBag from /opt/airflow/dags/driven_data_pipeline.py
[2026-06-19T00:01:11.841+0000] {processor.py:925} INFO - DAG(s) 'extract_raw_data_pipeline' retrieved from /opt/airflow/dags/driven_data_pipeline.py
[2026-06-19T00:01:11.858+0000] {logging_mixin.py:190} INFO - [2026-06-19T00:01:11.858+0000] {dag.py:3239} INFO - Sync 1 DAGs
[2026-06-19T00:01:11.873+0000] {logging_mixin.py:190} INFO - [2026-06-19T00:01:11.872+0000] {dag.py:4180} INFO - Setting next_dagrun for extract_raw_data_pipeline to 2026-06-18 07:59:00+00:00, run_after=2026-06-19 07:00:00+00:00
[2026-06-19T00:01:11.887+0000] {processor.py:208} INFO - Processing /opt/airflow/dags/driven_data_pipeline.py took 0.148 seconds
[2026-06-19T00:01:42.117+0000] {processor.py:186} INFO - Started process (PID=3801) to work on /opt/airflow/dags/driven_data_pipeline.py
[2026-06-19T00:01:42.118+0000] {processor.py:914} INFO - Processing file /opt/airflow/dags/driven_data_pipeline.py for tasks to queue
[2026-06-19T00:01:42.120+0000] {logging_mixin.py:190} INFO - [2026-06-19T00:01:42.119+0000] {dagbag.py:588} INFO - Filling up the DagBag from /opt/airflow/dags/driven_data_pipeline.py
[2026-06-19T00:01:42.202+0000] {processor.py:925} INFO - DAG(s) 'extract_raw_data_pipeline' retrieved from /opt/airflow/dags/driven_data_pipeline.py
[2026-06-19T00:01:42.217+0000] {logging_mixin.py:190} INFO - [2026-06-19T00:01:42.217+0000] {dag.py:3239} INFO - Sync 1 DAGs
[2026-06-19T00:01:42.231+0000] {logging_mixin.py:190} INFO - [2026-06-19T00:01:42.231+0000] {dag.py:4180} INFO - Setting next_dagrun for extract_raw_data_pipeline to 2026-06-18 07:59:00+00:00, run_after=2026-06-19 07:00:00+00:00
[2026-06-19T00:01:42.244+0000] {processor.py:208} INFO - Processing /opt/airflow/dags/driven_data_pipeline.py took 0.130 seconds
[2026-06-19T00:02:12.498+0000] {processor.py:186} INFO - Started process (PID=3809) to work on /opt/airflow/dags/driven_data_pipeline.py
[2026-06-19T00:02:12.499+0000] {processor.py:914} INFO - Processing file /opt/airflow/dags/driven_data_pipeline.py for tasks to queue
[2026-06-19T00:02:12.501+0000] {logging_mixin.py:190} INFO - [2026-06-19T00:02:12.500+0000] {dagbag.py:588} INFO - Filling up the DagBag from /opt/airflow/dags/driven_data_pipeline.py
[2026-06-19T00:02:12.582+0000] {processor.py:925} INFO - DAG(s) 'extract_raw_data_pipeline' retrieved from /opt/airflow/dags/driven_data_pipeline.py
[2026-06-19T00:02:12.598+0000] {logging_mixin.py:190} INFO - [2026-06-19T00:02:12.597+0000] {dag.py:3239} INFO - Sync 1 DAGs
[2026-06-19T00:02:12.609+0000] {logging_mixin.py:190} INFO - [2026-06-19T00:02:12.609+0000] {dag.py:4180} INFO - Setting next_dagrun for extract_raw_data_pipeline to 2026-06-18 07:59:00+00:00, run_after=2026-06-19 07:00:00+00:00
[2026-06-19T00:02:12.624+0000] {processor.py:208} INFO - Processing /opt/airflow/dags/driven_data_pipeline.py took 0.130 seconds
[2026-06-19T00:02:42.853+0000] {processor.py:186} INFO - Started process (PID=3817) to work on /opt/airflow/dags/driven_data_pipeline.py
[2026-06-19T00:02:42.854+0000] {processor.py:914} INFO - Processing file /opt/airflow/dags/driven_data_pipeline.py for tasks to queue
[2026-06-19T00:02:42.855+0000] {logging_mixin.py:190} INFO - [2026-06-19T00:02:42.855+0000] {dagbag.py:588} INFO - Filling up the DagBag from /opt/airflow/dags/driven_data_pipeline.py
[2026-06-19T00:02:42.939+0000] {processor.py:925} INFO - DAG(s) 'extract_raw_data_pipeline' retrieved from /opt/airflow/dags/driven_data_pipeline.py
[2026-06-19T00:02:42.954+0000] {logging_mixin.py:190} INFO - [2026-06-19T00:02:42.954+0000] {dag.py:3239} INFO - Sync 1 DAGs
[2026-06-19T00:02:42.967+0000] {logging_mixin.py:190} INFO - [2026-06-19T00:02:42.967+0000] {dag.py:4180} INFO - Setting next_dagrun for extract_raw_data_pipeline to 2026-06-18 07:59:00+00:00, run_after=2026-06-19 07:00:00+00:00
[2026-06-19T00:02:42.979+0000] {processor.py:208} INFO - Processing /opt/airflow/dags/driven_data_pipeline.py took 0.130 seconds
[2026-06-19T00:03:13.202+0000] {processor.py:186} INFO - Started process (PID=3825) to work on /opt/airflow/dags/driven_data_pipeline.py
[2026-06-19T00:03:13.203+0000] {processor.py:914} INFO - Processing file /opt/airflow/dags/driven_data_pipeline.py for tasks to queue
[2026-06-19T00:03:13.205+0000] {logging_mixin.py:190} INFO - [2026-06-19T00:03:13.204+0000] {dagbag.py:588} INFO - Filling up the DagBag from /opt/airflow/dags/driven_data_pipeline.py
[2026-06-19T00:03:13.284+0000] {processor.py:925} INFO - DAG(s) 'extract_raw_data_pipeline' retrieved from /opt/airflow/dags/driven_data_pipeline.py
[2026-06-19T00:03:13.299+0000] {logging_mixin.py:190} INFO - [2026-06-19T00:03:13.299+0000] {dag.py:3239} INFO - Sync 1 DAGs
[2026-06-19T00:03:13.313+0000] {logging_mixin.py:190} INFO - [2026-06-19T00:03:13.313+0000] {dag.py:4180} INFO - Setting next_dagrun for extract_raw_data_pipeline to 2026-06-18 07:59:00+00:00, run_after=2026-06-19 07:00:00+00:00
[2026-06-19T00:03:13.326+0000] {processor.py:208} INFO - Processing /opt/airflow/dags/driven_data_pipeline.py took 0.128 seconds
[2026-06-19T00:03:43.686+0000] {processor.py:186} INFO - Started process (PID=3833) to work on /opt/airflow/dags/driven_data_pipeline.py
[2026-06-19T00:03:43.687+0000] {processor.py:914} INFO - Processing file /opt/airflow/dags/driven_data_pipeline.py for tasks to queue
[2026-06-19T00:03:43.688+0000] {logging_mixin.py:190} INFO - [2026-06-19T00:03:43.688+0000] {dagbag.py:588} INFO - Filling up the DagBag from /opt/airflow/dags/driven_data_pipeline.py
[2026-06-19T00:03:43.767+0000] {processor.py:925} INFO - DAG(s) 'extract_raw_data_pipeline' retrieved from /opt/airflow/dags/driven_data_pipeline.py
[2026-06-19T00:03:43.780+0000] {logging_mixin.py:190} INFO - [2026-06-19T00:03:43.780+0000] {dag.py:3239} INFO - Sync 1 DAGs
[2026-06-19T00:03:43.792+0000] {logging_mixin.py:190} INFO - [2026-06-19T00:03:43.792+0000] {dag.py:4180} INFO - Setting next_dagrun for extract_raw_data_pipeline to 2026-06-18 07:59:00+00:00, run_after=2026-06-19 07:00:00+00:00
[2026-06-19T00:03:43.804+0000] {processor.py:208} INFO - Processing /opt/airflow/dags/driven_data_pipeline.py took 0.122 seconds
[2026-06-19T00:04:14.046+0000] {processor.py:186} INFO - Started process (PID=3841) to work on /opt/airflow/dags/driven_data_pipeline.py
[2026-06-19T00:04:14.046+0000] {processor.py:914} INFO - Processing file /opt/airflow/dags/driven_data_pipeline.py for tasks to queue
[2026-06-19T00:04:14.048+0000] {logging_mixin.py:190} INFO - [2026-06-19T00:04:14.048+0000] {dagbag.py:588} INFO - Filling up the DagBag from /opt/airflow/dags/driven_data_pipeline.py
[2026-06-19T00:04:14.132+0000] {processor.py:925} INFO - DAG(s) 'extract_raw_data_pipeline' retrieved from /opt/airflow/dags/driven_data_pipeline.py
[2026-06-19T00:04:14.147+0000] {logging_mixin.py:190} INFO - [2026-06-19T00:04:14.147+0000] {dag.py:3239} INFO - Sync 1 DAGs
[2026-06-19T00:04:14.158+0000] {logging_mixin.py:190} INFO - [2026-06-19T00:04:14.158+0000] {dag.py:4180} INFO - Setting next_dagrun for extract_raw_data_pipeline to 2026-06-18 07:59:00+00:00, run_after=2026-06-19 07:00:00+00:00
[2026-06-19T00:04:14.173+0000] {processor.py:208} INFO - Processing /opt/airflow/dags/driven_data_pipeline.py took 0.131 seconds
[2026-06-19T00:04:44.484+0000] {processor.py:186} INFO - Started process (PID=3848) to work on /opt/airflow/dags/driven_data_pipeline.py
[2026-06-19T00:04:44.484+0000] {processor.py:914} INFO - Processing file /opt/airflow/dags/driven_data_pipeline.py for tasks to queue
[2026-06-19T00:04:44.486+0000] {logging_mixin.py:190} INFO - [2026-06-19T00:04:44.486+0000] {dagbag.py:588} INFO - Filling up the DagBag from /opt/airflow/dags/driven_data_pipeline.py
[2026-06-19T00:04:44.566+0000] {processor.py:925} INFO - DAG(s) 'extract_raw_data_pipeline' retrieved from /opt/airflow/dags/driven_data_pipeline.py
[2026-06-19T00:04:44.580+0000] {logging_mixin.py:190} INFO - [2026-06-19T00:04:44.580+0000] {dag.py:3239} INFO - Sync 1 DAGs
[2026-06-19T00:04:44.593+0000] {logging_mixin.py:190} INFO - [2026-06-19T00:04:44.593+0000] {dag.py:4180} INFO - Setting next_dagrun for extract_raw_data_pipeline to 2026-06-18 07:59:00+00:00, run_after=2026-06-19 07:00:00+00:00
[2026-06-19T00:04:44.604+0000] {processor.py:208} INFO - Processing /opt/airflow/dags/driven_data_pipeline.py took 0.124 seconds
[2026-06-19T00:05:14.806+0000] {processor.py:186} INFO - Started process (PID=3856) to work on /opt/airflow/dags/driven_data_pipeline.py
[2026-06-19T00:05:14.807+0000] {processor.py:914} INFO - Processing file /opt/airflow/dags/driven_data_pipeline.py for tasks to queue
[2026-06-19T00:05:14.809+0000] {logging_mixin.py:190} INFO - [2026-06-19T00:05:14.808+0000] {dagbag.py:588} INFO - Filling up the DagBag from /opt/airflow/dags/driven_data_pipeline.py
[2026-06-19T00:05:14.888+0000] {processor.py:925} INFO - DAG(s) 'extract_raw_data_pipeline' retrieved from /opt/airflow/dags/driven_data_pipeline.py
[2026-06-19T00:05:14.903+0000] {logging_mixin.py:190} INFO - [2026-06-19T00:05:14.903+0000] {dag.py:3239} INFO - Sync 1 DAGs
[2026-06-19T00:05:14.915+0000] {logging_mixin.py:190} INFO - [2026-06-19T00:05:14.915+0000] {dag.py:4180} INFO - Setting next_dagrun for extract_raw_data_pipeline to 2026-06-18 07:59:00+00:00, run_after=2026-06-19 07:00:00+00:00
[2026-06-19T00:05:14.928+0000] {processor.py:208} INFO - Processing /opt/airflow/dags/driven_data_pipeline.py took 0.125 seconds
[2026-06-19T00:05:45.222+0000] {processor.py:186} INFO - Started process (PID=3864) to work on /opt/airflow/dags/driven_data_pipeline.py
[2026-06-19T00:05:45.223+0000] {processor.py:914} INFO - Processing file /opt/airflow/dags/driven_data_pipeline.py for tasks to queue
[2026-06-19T00:05:45.224+0000] {logging_mixin.py:190} INFO - [2026-06-19T00:05:45.224+0000] {dagbag.py:588} INFO - Filling up the DagBag from /opt/airflow/dags/driven_data_pipeline.py
[2026-06-19T00:05:45.312+0000] {processor.py:925} INFO - DAG(s) 'extract_raw_data_pipeline' retrieved from /opt/airflow/dags/driven_data_pipeline.py
[2026-06-19T00:05:45.328+0000] {logging_mixin.py:190} INFO - [2026-06-19T00:05:45.328+0000] {dag.py:3239} INFO - Sync 1 DAGs
[2026-06-19T00:05:45.342+0000] {logging_mixin.py:190} INFO - [2026-06-19T00:05:45.342+0000] {dag.py:4180} INFO - Setting next_dagrun for extract_raw_data_pipeline to 2026-06-18 07:59:00+00:00, run_after=2026-06-19 07:00:00+00:00
[2026-06-19T00:05:45.359+0000] {processor.py:208} INFO - Processing /opt/airflow/dags/driven_data_pipeline.py took 0.140 seconds
[2026-06-19T00:06:15.714+0000] {processor.py:186} INFO - Started process (PID=3872) to work on /opt/airflow/dags/driven_data_pipeline.py
[2026-06-19T00:06:15.715+0000] {processor.py:914} INFO - Processing file /opt/airflow/dags/driven_data_pipeline.py for tasks to queue
[2026-06-19T00:06:15.716+0000] {logging_mixin.py:190} INFO - [2026-06-19T00:06:15.716+0000] {dagbag.py:588} INFO - Filling up the DagBag from /opt/airflow/dags/driven_data_pipeline.py
[2026-06-19T00:06:15.804+0000] {processor.py:925} INFO - DAG(s) 'extract_raw_data_pipeline' retrieved from /opt/airflow/dags/driven_data_pipeline.py
[2026-06-19T00:06:15.821+0000] {logging_mixin.py:190} INFO - [2026-06-19T00:06:15.821+0000] {dag.py:3239} INFO - Sync 1 DAGs
[2026-06-19T00:06:15.835+0000] {logging_mixin.py:190} INFO - [2026-06-19T00:06:15.834+0000] {dag.py:4180} INFO - Setting next_dagrun for extract_raw_data_pipeline to 2026-06-18 07:59:00+00:00, run_after=2026-06-19 07:00:00+00:00
[2026-06-19T00:06:15.848+0000] {processor.py:208} INFO - Processing /opt/airflow/dags/driven_data_pipeline.py took 0.137 seconds
[2026-06-19T00:06:46.087+0000] {processor.py:186} INFO - Started process (PID=3880) to work on /opt/airflow/dags/driven_data_pipeline.py
[2026-06-19T00:06:46.088+0000] {processor.py:914} INFO - Processing file /opt/airflow/dags/driven_data_pipeline.py for tasks to queue
[2026-06-19T00:06:46.089+0000] {logging_mixin.py:190} INFO - [2026-06-19T00:06:46.089+0000] {dagbag.py:588} INFO - Filling up the DagBag from /opt/airflow/dags/driven_data_pipeline.py
[2026-06-19T00:06:46.186+0000] {processor.py:925} INFO - DAG(s) 'extract_raw_data_pipeline' retrieved from /opt/airflow/dags/driven_data_pipeline.py
[2026-06-19T00:06:46.201+0000] {logging_mixin.py:190} INFO - [2026-06-19T00:06:46.200+0000] {dag.py:3239} INFO - Sync 1 DAGs
[2026-06-19T00:06:46.214+0000] {logging_mixin.py:190} INFO - [2026-06-19T00:06:46.214+0000] {dag.py:4180} INFO - Setting next_dagrun for extract_raw_data_pipeline to 2026-06-18 07:59:00+00:00, run_after=2026-06-19 07:00:00+00:00
[2026-06-19T00:06:46.227+0000] {processor.py:208} INFO - Processing /opt/airflow/dags/driven_data_pipeline.py took 0.144 seconds
[2026-06-19T00:07:16.416+0000] {processor.py:186} INFO - Started process (PID=3888) to work on /opt/airflow/dags/driven_data_pipeline.py
[2026-06-19T00:07:16.419+0000] {processor.py:914} INFO - Processing file /opt/airflow/dags/driven_data_pipeline.py for tasks to queue
[2026-06-19T00:07:16.422+0000] {logging_mixin.py:190} INFO - [2026-06-19T00:07:16.422+0000] {dagbag.py:588} INFO - Filling up the DagBag from /opt/airflow/dags/driven_data_pipeline.py
[2026-06-19T00:07:16.521+0000] {processor.py:925} INFO - DAG(s) 'extract_raw_data_pipeline' retrieved from /opt/airflow/dags/driven_data_pipeline.py
[2026-06-19T00:07:16.538+0000] {logging_mixin.py:190} INFO - [2026-06-19T00:07:16.538+0000] {dag.py:3239} INFO - Sync 1 DAGs
[2026-06-19T00:07:16.552+0000] {logging_mixin.py:190} INFO - [2026-06-19T00:07:16.552+0000] {dag.py:4180} INFO - Setting next_dagrun for extract_raw_data_pipeline to 2026-06-18 07:59:00+00:00, run_after=2026-06-19 07:00:00+00:00
[2026-06-19T00:07:16.566+0000] {processor.py:208} INFO - Processing /opt/airflow/dags/driven_data_pipeline.py took 0.154 seconds
[2026-06-19T00:07:46.915+0000] {processor.py:186} INFO - Started process (PID=3902) to work on /opt/airflow/dags/driven_data_pipeline.py
[2026-06-19T00:07:46.916+0000] {processor.py:914} INFO - Processing file /opt/airflow/dags/driven_data_pipeline.py for tasks to queue
[2026-06-19T00:07:46.917+0000] {logging_mixin.py:190} INFO - [2026-06-19T00:07:46.917+0000] {dagbag.py:588} INFO - Filling up the DagBag from /opt/airflow/dags/driven_data_pipeline.py
[2026-06-19T00:07:47.001+0000] {processor.py:925} INFO - DAG(s) 'extract_raw_data_pipeline' retrieved from /opt/airflow/dags/driven_data_pipeline.py
[2026-06-19T00:07:47.016+0000] {logging_mixin.py:190} INFO - [2026-06-19T00:07:47.016+0000] {dag.py:3239} INFO - Sync 1 DAGs
[2026-06-19T00:07:47.029+0000] {logging_mixin.py:190} INFO - [2026-06-19T00:07:47.029+0000] {dag.py:4180} INFO - Setting next_dagrun for extract_raw_data_pipeline to 2026-06-18 07:59:00+00:00, run_after=2026-06-19 07:00:00+00:00
[2026-06-19T00:07:47.042+0000] {processor.py:208} INFO - Processing /opt/airflow/dags/driven_data_pipeline.py took 0.130 seconds
[2026-06-19T00:08:17.206+0000] {processor.py:186} INFO - Started process (PID=3909) to work on /opt/airflow/dags/driven_data_pipeline.py
[2026-06-19T00:08:17.207+0000] {processor.py:914} INFO - Processing file /opt/airflow/dags/driven_data_pipeline.py for tasks to queue
[2026-06-19T00:08:17.209+0000] {logging_mixin.py:190} INFO - [2026-06-19T00:08:17.209+0000] {dagbag.py:588} INFO - Filling up the DagBag from /opt/airflow/dags/driven_data_pipeline.py
[2026-06-19T00:08:17.292+0000] {processor.py:925} INFO - DAG(s) 'extract_raw_data_pipeline' retrieved from /opt/airflow/dags/driven_data_pipeline.py
[2026-06-19T00:08:17.309+0000] {logging_mixin.py:190} INFO - [2026-06-19T00:08:17.309+0000] {dag.py:3239} INFO - Sync 1 DAGs
[2026-06-19T00:08:17.322+0000] {logging_mixin.py:190} INFO - [2026-06-19T00:08:17.322+0000] {dag.py:4180} INFO - Setting next_dagrun for extract_raw_data_pipeline to 2026-06-18 07:59:00+00:00, run_after=2026-06-19 07:00:00+00:00
[2026-06-19T00:08:17.336+0000] {processor.py:208} INFO - Processing /opt/airflow/dags/driven_data_pipeline.py took 0.133 seconds
[2026-06-19T00:08:47.687+0000] {processor.py:186} INFO - Started process (PID=3917) to work on /opt/airflow/dags/driven_data_pipeline.py
[2026-06-19T00:08:47.688+0000] {processor.py:914} INFO - Processing file /opt/airflow/dags/driven_data_pipeline.py for tasks to queue
[2026-06-19T00:08:47.689+0000] {logging_mixin.py:190} INFO - [2026-06-19T00:08:47.689+0000] {dagbag.py:588} INFO - Filling up the DagBag from /opt/airflow/dags/driven_data_pipeline.py
[2026-06-19T00:08:47.772+0000] {processor.py:925} INFO - DAG(s) 'extract_raw_data_pipeline' retrieved from /opt/airflow/dags/driven_data_pipeline.py
[2026-06-19T00:08:47.786+0000] {logging_mixin.py:190} INFO - [2026-06-19T00:08:47.786+0000] {dag.py:3239} INFO - Sync 1 DAGs
[2026-06-19T00:08:47.799+0000] {logging_mixin.py:190} INFO - [2026-06-19T00:08:47.799+0000] {dag.py:4180} INFO - Setting next_dagrun for extract_raw_data_pipeline to 2026-06-18 07:59:00+00:00, run_after=2026-06-19 07:00:00+00:00
[2026-06-19T00:08:47.811+0000] {processor.py:208} INFO - Processing /opt/airflow/dags/driven_data_pipeline.py took 0.128 seconds
[2026-06-19T00:09:18.062+0000] {processor.py:186} INFO - Started process (PID=3925) to work on /opt/airflow/dags/driven_data_pipeline.py
[2026-06-19T00:09:18.063+0000] {processor.py:914} INFO - Processing file /opt/airflow/dags/driven_data_pipeline.py for tasks to queue
[2026-06-19T00:09:18.065+0000] {logging_mixin.py:190} INFO - [2026-06-19T00:09:18.064+0000] {dagbag.py:588} INFO - Filling up the DagBag from /opt/airflow/dags/driven_data_pipeline.py
[2026-06-19T00:09:18.150+0000] {processor.py:925} INFO - DAG(s) 'extract_raw_data_pipeline' retrieved from /opt/airflow/dags/driven_data_pipeline.py
[2026-06-19T00:09:18.167+0000] {logging_mixin.py:190} INFO - [2026-06-19T00:09:18.167+0000] {dag.py:3239} INFO - Sync 1 DAGs
[2026-06-19T00:09:18.181+0000] {logging_mixin.py:190} INFO - [2026-06-19T00:09:18.181+0000] {dag.py:4180} INFO - Setting next_dagrun for extract_raw_data_pipeline to 2026-06-18 07:59:00+00:00, run_after=2026-06-19 07:00:00+00:00
[2026-06-19T00:09:18.195+0000] {processor.py:208} INFO - Processing /opt/airflow/dags/driven_data_pipeline.py took 0.136 seconds
[2026-06-19T00:09:48.426+0000] {processor.py:186} INFO - Started process (PID=3933) to work on /opt/airflow/dags/driven_data_pipeline.py
[2026-06-19T00:09:48.427+0000] {processor.py:914} INFO - Processing file /opt/airflow/dags/driven_data_pipeline.py for tasks to queue
[2026-06-19T00:09:48.429+0000] {logging_mixin.py:190} INFO - [2026-06-19T00:09:48.429+0000] {dagbag.py:588} INFO - Filling up the DagBag from /opt/airflow/dags/driven_data_pipeline.py
[2026-06-19T00:09:48.525+0000] {processor.py:925} INFO - DAG(s) 'extract_raw_data_pipeline' retrieved from /opt/airflow/dags/driven_data_pipeline.py
[2026-06-19T00:09:48.539+0000] {logging_mixin.py:190} INFO - [2026-06-19T00:09:48.539+0000] {dag.py:3239} INFO - Sync 1 DAGs
[2026-06-19T00:09:48.555+0000] {logging_mixin.py:190} INFO - [2026-06-19T00:09:48.554+0000] {dag.py:4180} INFO - Setting next_dagrun for extract_raw_data_pipeline to 2026-06-18 07:59:00+00:00, run_after=2026-06-19 07:00:00+00:00
[2026-06-19T00:09:48.568+0000] {processor.py:208} INFO - Processing /opt/airflow/dags/driven_data_pipeline.py took 0.146 seconds
[2026-06-19T00:10:18.864+0000] {processor.py:186} INFO - Started process (PID=3941) to work on /opt/airflow/dags/driven_data_pipeline.py
[2026-06-19T00:10:18.864+0000] {processor.py:914} INFO - Processing file /opt/airflow/dags/driven_data_pipeline.py for tasks to queue
[2026-06-19T00:10:18.866+0000] {logging_mixin.py:190} INFO - [2026-06-19T00:10:18.866+0000] {dagbag.py:588} INFO - Filling up the DagBag from /opt/airflow/dags/driven_data_pipeline.py
[2026-06-19T00:10:18.952+0000] {processor.py:925} INFO - DAG(s) 'extract_raw_data_pipeline' retrieved from /opt/airflow/dags/driven_data_pipeline.py
[2026-06-19T00:10:18.967+0000] {logging_mixin.py:190} INFO - [2026-06-19T00:10:18.967+0000] {dag.py:3239} INFO - Sync 1 DAGs
[2026-06-19T00:10:18.980+0000] {logging_mixin.py:190} INFO - [2026-06-19T00:10:18.980+0000] {dag.py:4180} INFO - Setting next_dagrun for extract_raw_data_pipeline to 2026-06-18 07:59:00+00:00, run_after=2026-06-19 07:00:00+00:00
[2026-06-19T00:10:18.995+0000] {processor.py:208} INFO - Processing /opt/airflow/dags/driven_data_pipeline.py took 0.135 seconds
[2026-06-19T00:10:49.183+0000] {processor.py:186} INFO - Started process (PID=3949) to work on /opt/airflow/dags/driven_data_pipeline.py
[2026-06-19T00:10:49.184+0000] {processor.py:914} INFO - Processing file /opt/airflow/dags/driven_data_pipeline.py for tasks to queue
[2026-06-19T00:10:49.185+0000] {logging_mixin.py:190} INFO - [2026-06-19T00:10:49.185+0000] {dagbag.py:588} INFO - Filling up the DagBag from /opt/airflow/dags/driven_data_pipeline.py
[2026-06-19T00:10:49.273+0000] {processor.py:925} INFO - DAG(s) 'extract_raw_data_pipeline' retrieved from /opt/airflow/dags/driven_data_pipeline.py
[2026-06-19T00:10:49.290+0000] {logging_mixin.py:190} INFO - [2026-06-19T00:10:49.289+0000] {dag.py:3239} INFO - Sync 1 DAGs
[2026-06-19T00:10:49.303+0000] {logging_mixin.py:190} INFO - [2026-06-19T00:10:49.302+0000] {dag.py:4180} INFO - Setting next_dagrun for extract_raw_data_pipeline to 2026-06-18 07:59:00+00:00, run_after=2026-06-19 07:00:00+00:00
[2026-06-19T00:10:49.316+0000] {processor.py:208} INFO - Processing /opt/airflow/dags/driven_data_pipeline.py took 0.137 seconds
[2026-06-19T00:11:19.791+0000] {processor.py:186} INFO - Started process (PID=3957) to work on /opt/airflow/dags/driven_data_pipeline.py
[2026-06-19T00:11:19.792+0000] {processor.py:914} INFO - Processing file /opt/airflow/dags/driven_data_pipeline.py for tasks to queue
[2026-06-19T00:11:19.793+0000] {logging_mixin.py:190} INFO - [2026-06-19T00:11:19.793+0000] {dagbag.py:588} INFO - Filling up the DagBag from /opt/airflow/dags/driven_data_pipeline.py
[2026-06-19T00:11:19.877+0000] {processor.py:925} INFO - DAG(s) 'extract_raw_data_pipeline' retrieved from /opt/airflow/dags/driven_data_pipeline.py
[2026-06-19T00:11:19.893+0000] {logging_mixin.py:190} INFO - [2026-06-19T00:11:19.893+0000] {dag.py:3239} INFO - Sync 1 DAGs
[2026-06-19T00:11:19.906+0000] {logging_mixin.py:190} INFO - [2026-06-19T00:11:19.906+0000] {dag.py:4180} INFO - Setting next_dagrun for extract_raw_data_pipeline to 2026-06-18 07:59:00+00:00, run_after=2026-06-19 07:00:00+00:00
[2026-06-19T00:11:19.929+0000] {processor.py:208} INFO - Processing /opt/airflow/dags/driven_data_pipeline.py took 0.142 seconds
[2026-06-19T00:11:50.113+0000] {processor.py:186} INFO - Started process (PID=3964) to work on /opt/airflow/dags/driven_data_pipeline.py
[2026-06-19T00:11:50.113+0000] {processor.py:914} INFO - Processing file /opt/airflow/dags/driven_data_pipeline.py for tasks to queue
[2026-06-19T00:11:50.115+0000] {logging_mixin.py:190} INFO - [2026-06-19T00:11:50.115+0000] {dagbag.py:588} INFO - Filling up the DagBag from /opt/airflow/dags/driven_data_pipeline.py
[2026-06-19T00:11:50.199+0000] {processor.py:925} INFO - DAG(s) 'extract_raw_data_pipeline' retrieved from /opt/airflow/dags/driven_data_pipeline.py
[2026-06-19T00:11:50.216+0000] {logging_mixin.py:190} INFO - [2026-06-19T00:11:50.216+0000] {dag.py:3239} INFO - Sync 1 DAGs
[2026-06-19T00:11:50.230+0000] {logging_mixin.py:190} INFO - [2026-06-19T00:11:50.230+0000] {dag.py:4180} INFO - Setting next_dagrun for extract_raw_data_pipeline to 2026-06-18 07:59:00+00:00, run_after=2026-06-19 07:00:00+00:00
[2026-06-19T00:11:50.245+0000] {processor.py:208} INFO - Processing /opt/airflow/dags/driven_data_pipeline.py took 0.136 seconds
[2026-06-19T00:12:20.469+0000] {processor.py:186} INFO - Started process (PID=3972) to work on /opt/airflow/dags/driven_data_pipeline.py
[2026-06-19T00:12:20.470+0000] {processor.py:914} INFO - Processing file /opt/airflow/dags/driven_data_pipeline.py for tasks to queue
[2026-06-19T00:12:20.472+0000] {logging_mixin.py:190} INFO - [2026-06-19T00:12:20.472+0000] {dagbag.py:588} INFO - Filling up the DagBag from /opt/airflow/dags/driven_data_pipeline.py
[2026-06-19T00:12:20.556+0000] {processor.py:925} INFO - DAG(s) 'extract_raw_data_pipeline' retrieved from /opt/airflow/dags/driven_data_pipeline.py
[2026-06-19T00:12:20.572+0000] {logging_mixin.py:190} INFO - [2026-06-19T00:12:20.572+0000] {dag.py:3239} INFO - Sync 1 DAGs
[2026-06-19T00:12:20.585+0000] {logging_mixin.py:190} INFO - [2026-06-19T00:12:20.585+0000] {dag.py:4180} INFO - Setting next_dagrun for extract_raw_data_pipeline to 2026-06-18 07:59:00+00:00, run_after=2026-06-19 07:00:00+00:00
[2026-06-19T00:12:20.601+0000] {processor.py:208} INFO - Processing /opt/airflow/dags/driven_data_pipeline.py took 0.135 seconds
[2026-06-19T00:12:50.801+0000] {processor.py:186} INFO - Started process (PID=3980) to work on /opt/airflow/dags/driven_data_pipeline.py
[2026-06-19T00:12:50.802+0000] {processor.py:914} INFO - Processing file /opt/airflow/dags/driven_data_pipeline.py for tasks to queue
[2026-06-19T00:12:50.803+0000] {logging_mixin.py:190} INFO - [2026-06-19T00:12:50.803+0000] {dagbag.py:588} INFO - Filling up the DagBag from /opt/airflow/dags/driven_data_pipeline.py
[2026-06-19T00:12:50.887+0000] {processor.py:925} INFO - DAG(s) 'extract_raw_data_pipeline' retrieved from /opt/airflow/dags/driven_data_pipeline.py
[2026-06-19T00:12:50.901+0000] {logging_mixin.py:190} INFO - [2026-06-19T00:12:50.901+0000] {dag.py:3239} INFO - Sync 1 DAGs
[2026-06-19T00:12:50.913+0000] {logging_mixin.py:190} INFO - [2026-06-19T00:12:50.913+0000] {dag.py:4180} INFO - Setting next_dagrun for extract_raw_data_pipeline to 2026-06-18 07:59:00+00:00, run_after=2026-06-19 07:00:00+00:00
[2026-06-19T00:12:50.936+0000] {processor.py:208} INFO - Processing /opt/airflow/dags/driven_data_pipeline.py took 0.139 seconds
[2026-06-19T00:13:21.207+0000] {processor.py:186} INFO - Started process (PID=3988) to work on /opt/airflow/dags/driven_data_pipeline.py
[2026-06-19T00:13:21.208+0000] {processor.py:914} INFO - Processing file /opt/airflow/dags/driven_data_pipeline.py for tasks to queue
[2026-06-19T00:13:21.210+0000] {logging_mixin.py:190} INFO - [2026-06-19T00:13:21.209+0000] {dagbag.py:588} INFO - Filling up the DagBag from /opt/airflow/dags/driven_data_pipeline.py
[2026-06-19T00:13:21.295+0000] {processor.py:925} INFO - DAG(s) 'extract_raw_data_pipeline' retrieved from /opt/airflow/dags/driven_data_pipeline.py
[2026-06-19T00:13:21.310+0000] {logging_mixin.py:190} INFO - [2026-06-19T00:13:21.310+0000] {dag.py:3239} INFO - Sync 1 DAGs
[2026-06-19T00:13:21.323+0000] {logging_mixin.py:190} INFO - [2026-06-19T00:13:21.323+0000] {dag.py:4180} INFO - Setting next_dagrun for extract_raw_data_pipeline to 2026-06-18 07:59:00+00:00, run_after=2026-06-19 07:00:00+00:00
[2026-06-19T00:13:21.336+0000] {processor.py:208} INFO - Processing /opt/airflow/dags/driven_data_pipeline.py took 0.132 seconds
[2026-06-19T00:13:51.502+0000] {processor.py:186} INFO - Started process (PID=3996) to work on /opt/airflow/dags/driven_data_pipeline.py
[2026-06-19T00:13:51.503+0000] {processor.py:914} INFO - Processing file /opt/airflow/dags/driven_data_pipeline.py for tasks to queue
[2026-06-19T00:13:51.505+0000] {logging_mixin.py:190} INFO - [2026-06-19T00:13:51.504+0000] {dagbag.py:588} INFO - Filling up the DagBag from /opt/airflow/dags/driven_data_pipeline.py
[2026-06-19T00:13:51.590+0000] {processor.py:925} INFO - DAG(s) 'extract_raw_data_pipeline' retrieved from /opt/airflow/dags/driven_data_pipeline.py
[2026-06-19T00:13:51.607+0000] {logging_mixin.py:190} INFO - [2026-06-19T00:13:51.607+0000] {dag.py:3239} INFO - Sync 1 DAGs
[2026-06-19T00:13:51.621+0000] {logging_mixin.py:190} INFO - [2026-06-19T00:13:51.621+0000] {dag.py:4180} INFO - Setting next_dagrun for extract_raw_data_pipeline to 2026-06-18 07:59:00+00:00, run_after=2026-06-19 07:00:00+00:00
[2026-06-19T00:13:51.636+0000] {processor.py:208} INFO - Processing /opt/airflow/dags/driven_data_pipeline.py took 0.137 seconds
[2026-06-19T00:14:21.763+0000] {processor.py:186} INFO - Started process (PID=4003) to work on /opt/airflow/dags/driven_data_pipeline.py
[2026-06-19T00:14:21.764+0000] {processor.py:914} INFO - Processing file /opt/airflow/dags/driven_data_pipeline.py for tasks to queue
[2026-06-19T00:14:21.765+0000] {logging_mixin.py:190} INFO - [2026-06-19T00:14:21.765+0000] {dagbag.py:588} INFO - Filling up the DagBag from /opt/airflow/dags/driven_data_pipeline.py
[2026-06-19T00:14:21.849+0000] {processor.py:925} INFO - DAG(s) 'extract_raw_data_pipeline' retrieved from /opt/airflow/dags/driven_data_pipeline.py
[2026-06-19T00:14:21.865+0000] {logging_mixin.py:190} INFO - [2026-06-19T00:14:21.865+0000] {dag.py:3239} INFO - Sync 1 DAGs
[2026-06-19T00:14:21.877+0000] {logging_mixin.py:190} INFO - [2026-06-19T00:14:21.877+0000] {dag.py:4180} INFO - Setting next_dagrun for extract_raw_data_pipeline to 2026-06-18 07:59:00+00:00, run_after=2026-06-19 07:00:00+00:00
[2026-06-19T00:14:21.890+0000] {processor.py:208} INFO - Processing /opt/airflow/dags/driven_data_pipeline.py took 0.131 seconds
[2026-06-19T00:14:52.208+0000] {processor.py:186} INFO - Started process (PID=4011) to work on /opt/airflow/dags/driven_data_pipeline.py
[2026-06-19T00:14:52.209+0000] {processor.py:914} INFO - Processing file /opt/airflow/dags/driven_data_pipeline.py for tasks to queue
[2026-06-19T00:14:52.210+0000] {logging_mixin.py:190} INFO - [2026-06-19T00:14:52.210+0000] {dagbag.py:588} INFO - Filling up the DagBag from /opt/airflow/dags/driven_data_pipeline.py
[2026-06-19T00:14:52.290+0000] {processor.py:925} INFO - DAG(s) 'extract_raw_data_pipeline' retrieved from /opt/airflow/dags/driven_data_pipeline.py
[2026-06-19T00:14:52.304+0000] {logging_mixin.py:190} INFO - [2026-06-19T00:14:52.304+0000] {dag.py:3239} INFO - Sync 1 DAGs
[2026-06-19T00:14:52.317+0000] {logging_mixin.py:190} INFO - [2026-06-19T00:14:52.317+0000] {dag.py:4180} INFO - Setting next_dagrun for extract_raw_data_pipeline to 2026-06-18 07:59:00+00:00, run_after=2026-06-19 07:00:00+00:00
[2026-06-19T00:14:52.340+0000] {processor.py:208} INFO - Processing /opt/airflow/dags/driven_data_pipeline.py took 0.135 seconds
[2026-06-19T00:15:22.579+0000] {processor.py:186} INFO - Started process (PID=4019) to work on /opt/airflow/dags/driven_data_pipeline.py
[2026-06-19T00:15:22.579+0000] {processor.py:914} INFO - Processing file /opt/airflow/dags/driven_data_pipeline.py for tasks to queue
[2026-06-19T00:15:22.581+0000] {logging_mixin.py:190} INFO - [2026-06-19T00:15:22.581+0000] {dagbag.py:588} INFO - Filling up the DagBag from /opt/airflow/dags/driven_data_pipeline.py
[2026-06-19T00:15:22.663+0000] {processor.py:925} INFO - DAG(s) 'extract_raw_data_pipeline' retrieved from /opt/airflow/dags/driven_data_pipeline.py
[2026-06-19T00:15:22.677+0000] {logging_mixin.py:190} INFO - [2026-06-19T00:15:22.677+0000] {dag.py:3239} INFO - Sync 1 DAGs
[2026-06-19T00:15:22.688+0000] {logging_mixin.py:190} INFO - [2026-06-19T00:15:22.688+0000] {dag.py:4180} INFO - Setting next_dagrun for extract_raw_data_pipeline to 2026-06-18 07:59:00+00:00, run_after=2026-06-19 07:00:00+00:00
[2026-06-19T00:15:22.700+0000] {processor.py:208} INFO - Processing /opt/airflow/dags/driven_data_pipeline.py took 0.125 seconds
[2026-06-19T00:15:53.121+0000] {processor.py:186} INFO - Started process (PID=4027) to work on /opt/airflow/dags/driven_data_pipeline.py
[2026-06-19T00:15:53.122+0000] {processor.py:914} INFO - Processing file /opt/airflow/dags/driven_data_pipeline.py for tasks to queue
[2026-06-19T00:15:53.123+0000] {logging_mixin.py:190} INFO - [2026-06-19T00:15:53.123+0000] {dagbag.py:588} INFO - Filling up the DagBag from /opt/airflow/dags/driven_data_pipeline.py
[2026-06-19T00:15:53.203+0000] {processor.py:925} INFO - DAG(s) 'extract_raw_data_pipeline' retrieved from /opt/airflow/dags/driven_data_pipeline.py
[2026-06-19T00:15:53.216+0000] {logging_mixin.py:190} INFO - [2026-06-19T00:15:53.216+0000] {dag.py:3239} INFO - Sync 1 DAGs
[2026-06-19T00:15:53.228+0000] {logging_mixin.py:190} INFO - [2026-06-19T00:15:53.228+0000] {dag.py:4180} INFO - Setting next_dagrun for extract_raw_data_pipeline to 2026-06-18 07:59:00+00:00, run_after=2026-06-19 07:00:00+00:00
[2026-06-19T00:15:53.249+0000] {processor.py:208} INFO - Processing /opt/airflow/dags/driven_data_pipeline.py took 0.131 seconds
[2026-06-19T00:16:23.497+0000] {processor.py:186} INFO - Started process (PID=4035) to work on /opt/airflow/dags/driven_data_pipeline.py
[2026-06-19T00:16:23.498+0000] {processor.py:914} INFO - Processing file /opt/airflow/dags/driven_data_pipeline.py for tasks to queue
[2026-06-19T00:16:23.500+0000] {logging_mixin.py:190} INFO - [2026-06-19T00:16:23.500+0000] {dagbag.py:588} INFO - Filling up the DagBag from /opt/airflow/dags/driven_data_pipeline.py
[2026-06-19T00:16:23.592+0000] {processor.py:925} INFO - DAG(s) 'extract_raw_data_pipeline' retrieved from /opt/airflow/dags/driven_data_pipeline.py
[2026-06-19T00:16:23.609+0000] {logging_mixin.py:190} INFO - [2026-06-19T00:16:23.609+0000] {dag.py:3239} INFO - Sync 1 DAGs
[2026-06-19T00:16:23.624+0000] {logging_mixin.py:190} INFO - [2026-06-19T00:16:23.624+0000] {dag.py:4180} INFO - Setting next_dagrun for extract_raw_data_pipeline to 2026-06-18 07:59:00+00:00, run_after=2026-06-19 07:00:00+00:00
[2026-06-19T00:16:23.649+0000] {processor.py:208} INFO - Processing /opt/airflow/dags/driven_data_pipeline.py took 0.156 seconds
[2026-06-19T00:16:53.915+0000] {processor.py:186} INFO - Started process (PID=4043) to work on /opt/airflow/dags/driven_data_pipeline.py
[2026-06-19T00:16:53.916+0000] {processor.py:914} INFO - Processing file /opt/airflow/dags/driven_data_pipeline.py for tasks to queue
[2026-06-19T00:16:53.918+0000] {logging_mixin.py:190} INFO - [2026-06-19T00:16:53.918+0000] {dagbag.py:588} INFO - Filling up the DagBag from /opt/airflow/dags/driven_data_pipeline.py
[2026-06-19T00:16:54.005+0000] {processor.py:925} INFO - DAG(s) 'extract_raw_data_pipeline' retrieved from /opt/airflow/dags/driven_data_pipeline.py
[2026-06-19T00:16:54.021+0000] {logging_mixin.py:190} INFO - [2026-06-19T00:16:54.021+0000] {dag.py:3239} INFO - Sync 1 DAGs
[2026-06-19T00:16:54.034+0000] {logging_mixin.py:190} INFO - [2026-06-19T00:16:54.034+0000] {dag.py:4180} INFO - Setting next_dagrun for extract_raw_data_pipeline to 2026-06-18 07:59:00+00:00, run_after=2026-06-19 07:00:00+00:00
[2026-06-19T00:16:54.057+0000] {processor.py:208} INFO - Processing /opt/airflow/dags/driven_data_pipeline.py took 0.145 seconds
[2026-06-19T00:17:24.434+0000] {processor.py:186} INFO - Started process (PID=4051) to work on /opt/airflow/dags/driven_data_pipeline.py
[2026-06-19T00:17:24.435+0000] {processor.py:914} INFO - Processing file /opt/airflow/dags/driven_data_pipeline.py for tasks to queue
[2026-06-19T00:17:24.437+0000] {logging_mixin.py:190} INFO - [2026-06-19T00:17:24.436+0000] {dagbag.py:588} INFO - Filling up the DagBag from /opt/airflow/dags/driven_data_pipeline.py
[2026-06-19T00:17:24.518+0000] {processor.py:925} INFO - DAG(s) 'extract_raw_data_pipeline' retrieved from /opt/airflow/dags/driven_data_pipeline.py
[2026-06-19T00:17:24.533+0000] {logging_mixin.py:190} INFO - [2026-06-19T00:17:24.533+0000] {dag.py:3239} INFO - Sync 1 DAGs
[2026-06-19T00:17:24.547+0000] {logging_mixin.py:190} INFO - [2026-06-19T00:17:24.547+0000] {dag.py:4180} INFO - Setting next_dagrun for extract_raw_data_pipeline to 2026-06-18 07:59:00+00:00, run_after=2026-06-19 07:00:00+00:00
[2026-06-19T00:17:24.561+0000] {processor.py:208} INFO - Processing /opt/airflow/dags/driven_data_pipeline.py took 0.130 seconds
[2026-06-19T00:17:54.856+0000] {processor.py:186} INFO - Started process (PID=4059) to work on /opt/airflow/dags/driven_data_pipeline.py
[2026-06-19T00:17:54.857+0000] {processor.py:914} INFO - Processing file /opt/airflow/dags/driven_data_pipeline.py for tasks to queue
[2026-06-19T00:17:54.859+0000] {logging_mixin.py:190} INFO - [2026-06-19T00:17:54.859+0000] {dagbag.py:588} INFO - Filling up the DagBag from /opt/airflow/dags/driven_data_pipeline.py
[2026-06-19T00:17:54.938+0000] {processor.py:925} INFO - DAG(s) 'extract_raw_data_pipeline' retrieved from /opt/airflow/dags/driven_data_pipeline.py
[2026-06-19T00:17:54.953+0000] {logging_mixin.py:190} INFO - [2026-06-19T00:17:54.953+0000] {dag.py:3239} INFO - Sync 1 DAGs
[2026-06-19T00:17:54.967+0000] {logging_mixin.py:190} INFO - [2026-06-19T00:17:54.967+0000] {dag.py:4180} INFO - Setting next_dagrun for extract_raw_data_pipeline to 2026-06-18 07:59:00+00:00, run_after=2026-06-19 07:00:00+00:00
[2026-06-19T00:17:54.980+0000] {processor.py:208} INFO - Processing /opt/airflow/dags/driven_data_pipeline.py took 0.127 seconds
[2026-06-19T00:18:25.272+0000] {processor.py:186} INFO - Started process (PID=4066) to work on /opt/airflow/dags/driven_data_pipeline.py
[2026-06-19T00:18:25.272+0000] {processor.py:914} INFO - Processing file /opt/airflow/dags/driven_data_pipeline.py for tasks to queue
[2026-06-19T00:18:25.274+0000] {logging_mixin.py:190} INFO - [2026-06-19T00:18:25.274+0000] {dagbag.py:588} INFO - Filling up the DagBag from /opt/airflow/dags/driven_data_pipeline.py
[2026-06-19T00:18:25.379+0000] {processor.py:925} INFO - DAG(s) 'extract_raw_data_pipeline' retrieved from /opt/airflow/dags/driven_data_pipeline.py
[2026-06-19T00:18:25.395+0000] {logging_mixin.py:190} INFO - [2026-06-19T00:18:25.394+0000] {dag.py:3239} INFO - Sync 1 DAGs
[2026-06-19T00:18:25.408+0000] {logging_mixin.py:190} INFO - [2026-06-19T00:18:25.408+0000] {dag.py:4180} INFO - Setting next_dagrun for extract_raw_data_pipeline to 2026-06-18 07:59:00+00:00, run_after=2026-06-19 07:00:00+00:00
[2026-06-19T00:18:25.431+0000] {processor.py:208} INFO - Processing /opt/airflow/dags/driven_data_pipeline.py took 0.163 seconds
[2026-06-19T00:18:55.634+0000] {processor.py:186} INFO - Started process (PID=4074) to work on /opt/airflow/dags/driven_data_pipeline.py
[2026-06-19T00:18:55.635+0000] {processor.py:914} INFO - Processing file /opt/airflow/dags/driven_data_pipeline.py for tasks to queue
[2026-06-19T00:18:55.636+0000] {logging_mixin.py:190} INFO - [2026-06-19T00:18:55.636+0000] {dagbag.py:588} INFO - Filling up the DagBag from /opt/airflow/dags/driven_data_pipeline.py
[2026-06-19T00:18:55.718+0000] {processor.py:925} INFO - DAG(s) 'extract_raw_data_pipeline' retrieved from /opt/airflow/dags/driven_data_pipeline.py
[2026-06-19T00:18:55.734+0000] {logging_mixin.py:190} INFO - [2026-06-19T00:18:55.734+0000] {dag.py:3239} INFO - Sync 1 DAGs
[2026-06-19T00:18:55.747+0000] {logging_mixin.py:190} INFO - [2026-06-19T00:18:55.747+0000] {dag.py:4180} INFO - Setting next_dagrun for extract_raw_data_pipeline to 2026-06-18 07:59:00+00:00, run_after=2026-06-19 07:00:00+00:00
[2026-06-19T00:18:55.761+0000] {processor.py:208} INFO - Processing /opt/airflow/dags/driven_data_pipeline.py took 0.130 seconds
[2026-06-19T00:19:25.983+0000] {processor.py:186} INFO - Started process (PID=4082) to work on /opt/airflow/dags/driven_data_pipeline.py
[2026-06-19T00:19:25.984+0000] {processor.py:914} INFO - Processing file /opt/airflow/dags/driven_data_pipeline.py for tasks to queue
[2026-06-19T00:19:25.986+0000] {logging_mixin.py:190} INFO - [2026-06-19T00:19:25.985+0000] {dagbag.py:588} INFO - Filling up the DagBag from /opt/airflow/dags/driven_data_pipeline.py
[2026-06-19T00:19:26.066+0000] {processor.py:925} INFO - DAG(s) 'extract_raw_data_pipeline' retrieved from /opt/airflow/dags/driven_data_pipeline.py
[2026-06-19T00:19:26.082+0000] {logging_mixin.py:190} INFO - [2026-06-19T00:19:26.082+0000] {dag.py:3239} INFO - Sync 1 DAGs
[2026-06-19T00:19:26.096+0000] {logging_mixin.py:190} INFO - [2026-06-19T00:19:26.096+0000] {dag.py:4180} INFO - Setting next_dagrun for extract_raw_data_pipeline to 2026-06-18 07:59:00+00:00, run_after=2026-06-19 07:00:00+00:00
[2026-06-19T00:19:26.108+0000] {processor.py:208} INFO - Processing /opt/airflow/dags/driven_data_pipeline.py took 0.129 seconds
[2026-06-19T00:19:56.332+0000] {processor.py:186} INFO - Started process (PID=4090) to work on /opt/airflow/dags/driven_data_pipeline.py
[2026-06-19T00:19:56.332+0000] {processor.py:914} INFO - Processing file /opt/airflow/dags/driven_data_pipeline.py for tasks to queue
[2026-06-19T00:19:56.334+0000] {logging_mixin.py:190} INFO - [2026-06-19T00:19:56.334+0000] {dagbag.py:588} INFO - Filling up the DagBag from /opt/airflow/dags/driven_data_pipeline.py
[2026-06-19T00:19:56.423+0000] {processor.py:925} INFO - DAG(s) 'extract_raw_data_pipeline' retrieved from /opt/airflow/dags/driven_data_pipeline.py
[2026-06-19T00:19:56.439+0000] {logging_mixin.py:190} INFO - [2026-06-19T00:19:56.439+0000] {dag.py:3239} INFO - Sync 1 DAGs
[2026-06-19T00:19:56.453+0000] {logging_mixin.py:190} INFO - [2026-06-19T00:19:56.453+0000] {dag.py:4180} INFO - Setting next_dagrun for extract_raw_data_pipeline to 2026-06-18 07:59:00+00:00, run_after=2026-06-19 07:00:00+00:00
[2026-06-19T00:19:56.469+0000] {processor.py:208} INFO - Processing /opt/airflow/dags/driven_data_pipeline.py took 0.141 seconds
[2026-06-19T00:20:26.796+0000] {processor.py:186} INFO - Started process (PID=4098) to work on /opt/airflow/dags/driven_data_pipeline.py
[2026-06-19T00:20:26.797+0000] {processor.py:914} INFO - Processing file /opt/airflow/dags/driven_data_pipeline.py for tasks to queue
[2026-06-19T00:20:26.799+0000] {logging_mixin.py:190} INFO - [2026-06-19T00:20:26.798+0000] {dagbag.py:588} INFO - Filling up the DagBag from /opt/airflow/dags/driven_data_pipeline.py
[2026-06-19T00:20:26.883+0000] {processor.py:925} INFO - DAG(s) 'extract_raw_data_pipeline' retrieved from /opt/airflow/dags/driven_data_pipeline.py
[2026-06-19T00:20:26.899+0000] {logging_mixin.py:190} INFO - [2026-06-19T00:20:26.899+0000] {dag.py:3239} INFO - Sync 1 DAGs
[2026-06-19T00:20:26.912+0000] {logging_mixin.py:190} INFO - [2026-06-19T00:20:26.912+0000] {dag.py:4180} INFO - Setting next_dagrun for extract_raw_data_pipeline to 2026-06-18 07:59:00+00:00, run_after=2026-06-19 07:00:00+00:00
[2026-06-19T00:20:26.925+0000] {processor.py:208} INFO - Processing /opt/airflow/dags/driven_data_pipeline.py took 0.132 seconds
[2026-06-19T00:20:57.122+0000] {processor.py:186} INFO - Started process (PID=4106) to work on /opt/airflow/dags/driven_data_pipeline.py
[2026-06-19T00:20:57.123+0000] {processor.py:914} INFO - Processing file /opt/airflow/dags/driven_data_pipeline.py for tasks to queue
[2026-06-19T00:20:57.125+0000] {logging_mixin.py:190} INFO - [2026-06-19T00:20:57.124+0000] {dagbag.py:588} INFO - Filling up the DagBag from /opt/airflow/dags/driven_data_pipeline.py
[2026-06-19T00:20:57.218+0000] {processor.py:925} INFO - DAG(s) 'extract_raw_data_pipeline' retrieved from /opt/airflow/dags/driven_data_pipeline.py
[2026-06-19T00:20:57.232+0000] {logging_mixin.py:190} INFO - [2026-06-19T00:20:57.232+0000] {dag.py:3239} INFO - Sync 1 DAGs
[2026-06-19T00:20:57.245+0000] {logging_mixin.py:190} INFO - [2026-06-19T00:20:57.245+0000] {dag.py:4180} INFO - Setting next_dagrun for extract_raw_data_pipeline to 2026-06-18 07:59:00+00:00, run_after=2026-06-19 07:00:00+00:00
[2026-06-19T00:20:57.257+0000] {processor.py:208} INFO - Processing /opt/airflow/dags/driven_data_pipeline.py took 0.139 seconds
[2026-06-19T00:21:27.487+0000] {processor.py:186} INFO - Started process (PID=4113) to work on /opt/airflow/dags/driven_data_pipeline.py
[2026-06-19T00:21:27.488+0000] {processor.py:914} INFO - Processing file /opt/airflow/dags/driven_data_pipeline.py for tasks to queue
[2026-06-19T00:21:27.490+0000] {logging_mixin.py:190} INFO - [2026-06-19T00:21:27.490+0000] {dagbag.py:588} INFO - Filling up the DagBag from /opt/airflow/dags/driven_data_pipeline.py
[2026-06-19T00:21:27.578+0000] {processor.py:925} INFO - DAG(s) 'extract_raw_data_pipeline' retrieved from /opt/airflow/dags/driven_data_pipeline.py
[2026-06-19T00:21:27.593+0000] {logging_mixin.py:190} INFO - [2026-06-19T00:21:27.593+0000] {dag.py:3239} INFO - Sync 1 DAGs
[2026-06-19T00:21:27.606+0000] {logging_mixin.py:190} INFO - [2026-06-19T00:21:27.606+0000] {dag.py:4180} INFO - Setting next_dagrun for extract_raw_data_pipeline to 2026-06-18 07:59:00+00:00, run_after=2026-06-19 07:00:00+00:00
[2026-06-19T00:21:27.630+0000] {processor.py:208} INFO - Processing /opt/airflow/dags/driven_data_pipeline.py took 0.147 seconds
[2026-06-19T00:21:57.900+0000] {processor.py:186} INFO - Started process (PID=4121) to work on /opt/airflow/dags/driven_data_pipeline.py
[2026-06-19T00:21:57.901+0000] {processor.py:914} INFO - Processing file /opt/airflow/dags/driven_data_pipeline.py for tasks to queue
[2026-06-19T00:21:57.902+0000] {logging_mixin.py:190} INFO - [2026-06-19T00:21:57.902+0000] {dagbag.py:588} INFO - Filling up the DagBag from /opt/airflow/dags/driven_data_pipeline.py
[2026-06-19T00:21:57.986+0000] {processor.py:925} INFO - DAG(s) 'extract_raw_data_pipeline' retrieved from /opt/airflow/dags/driven_data_pipeline.py
[2026-06-19T00:21:58.001+0000] {logging_mixin.py:190} INFO - [2026-06-19T00:21:58.001+0000] {dag.py:3239} INFO - Sync 1 DAGs
[2026-06-19T00:21:58.014+0000] {logging_mixin.py:190} INFO - [2026-06-19T00:21:58.014+0000] {dag.py:4180} INFO - Setting next_dagrun for extract_raw_data_pipeline to 2026-06-18 07:59:00+00:00, run_after=2026-06-19 07:00:00+00:00
[2026-06-19T00:21:58.036+0000] {processor.py:208} INFO - Processing /opt/airflow/dags/driven_data_pipeline.py took 0.139 seconds
[2026-06-19T00:22:28.282+0000] {processor.py:186} INFO - Started process (PID=4129) to work on /opt/airflow/dags/driven_data_pipeline.py
[2026-06-19T00:22:28.283+0000] {processor.py:914} INFO - Processing file /opt/airflow/dags/driven_data_pipeline.py for tasks to queue
[2026-06-19T00:22:28.284+0000] {logging_mixin.py:190} INFO - [2026-06-19T00:22:28.284+0000] {dagbag.py:588} INFO - Filling up the DagBag from /opt/airflow/dags/driven_data_pipeline.py
[2026-06-19T00:22:28.366+0000] {processor.py:925} INFO - DAG(s) 'extract_raw_data_pipeline' retrieved from /opt/airflow/dags/driven_data_pipeline.py
[2026-06-19T00:22:28.383+0000] {logging_mixin.py:190} INFO - [2026-06-19T00:22:28.383+0000] {dag.py:3239} INFO - Sync 1 DAGs
[2026-06-19T00:22:28.397+0000] {logging_mixin.py:190} INFO - [2026-06-19T00:22:28.397+0000] {dag.py:4180} INFO - Setting next_dagrun for extract_raw_data_pipeline to 2026-06-18 07:59:00+00:00, run_after=2026-06-19 07:00:00+00:00
[2026-06-19T00:22:28.409+0000] {processor.py:208} INFO - Processing /opt/airflow/dags/driven_data_pipeline.py took 0.130 seconds
[2026-06-19T00:22:58.630+0000] {processor.py:186} INFO - Started process (PID=4137) to work on /opt/airflow/dags/driven_data_pipeline.py
[2026-06-19T00:22:58.631+0000] {processor.py:914} INFO - Processing file /opt/airflow/dags/driven_data_pipeline.py for tasks to queue
[2026-06-19T00:22:58.632+0000] {logging_mixin.py:190} INFO - [2026-06-19T00:22:58.632+0000] {dagbag.py:588} INFO - Filling up the DagBag from /opt/airflow/dags/driven_data_pipeline.py
[2026-06-19T00:22:58.715+0000] {processor.py:925} INFO - DAG(s) 'extract_raw_data_pipeline' retrieved from /opt/airflow/dags/driven_data_pipeline.py
[2026-06-19T00:22:58.730+0000] {logging_mixin.py:190} INFO - [2026-06-19T00:22:58.730+0000] {dag.py:3239} INFO - Sync 1 DAGs
[2026-06-19T00:22:58.743+0000] {logging_mixin.py:190} INFO - [2026-06-19T00:22:58.743+0000] {dag.py:4180} INFO - Setting next_dagrun for extract_raw_data_pipeline to 2026-06-18 07:59:00+00:00, run_after=2026-06-19 07:00:00+00:00
[2026-06-19T00:22:58.755+0000] {processor.py:208} INFO - Processing /opt/airflow/dags/driven_data_pipeline.py took 0.128 seconds
[2026-06-19T00:23:29.133+0000] {processor.py:186} INFO - Started process (PID=4145) to work on /opt/airflow/dags/driven_data_pipeline.py
[2026-06-19T00:23:29.134+0000] {processor.py:914} INFO - Processing file /opt/airflow/dags/driven_data_pipeline.py for tasks to queue
[2026-06-19T00:23:29.136+0000] {logging_mixin.py:190} INFO - [2026-06-19T00:23:29.136+0000] {dagbag.py:588} INFO - Filling up the DagBag from /opt/airflow/dags/driven_data_pipeline.py
[2026-06-19T00:23:29.231+0000] {processor.py:925} INFO - DAG(s) 'extract_raw_data_pipeline' retrieved from /opt/airflow/dags/driven_data_pipeline.py
[2026-06-19T00:23:29.246+0000] {logging_mixin.py:190} INFO - [2026-06-19T00:23:29.246+0000] {dag.py:3239} INFO - Sync 1 DAGs
[2026-06-19T00:23:29.260+0000] {logging_mixin.py:190} INFO - [2026-06-19T00:23:29.260+0000] {dag.py:4180} INFO - Setting next_dagrun for extract_raw_data_pipeline to 2026-06-18 07:59:00+00:00, run_after=2026-06-19 07:00:00+00:00
[2026-06-19T00:23:29.286+0000] {processor.py:208} INFO - Processing /opt/airflow/dags/driven_data_pipeline.py took 0.156 seconds
[2026-06-19T00:23:59.450+0000] {processor.py:186} INFO - Started process (PID=4153) to work on /opt/airflow/dags/driven_data_pipeline.py
[2026-06-19T00:23:59.451+0000] {processor.py:914} INFO - Processing file /opt/airflow/dags/driven_data_pipeline.py for tasks to queue
[2026-06-19T00:23:59.453+0000] {logging_mixin.py:190} INFO - [2026-06-19T00:23:59.453+0000] {dagbag.py:588} INFO - Filling up the DagBag from /opt/airflow/dags/driven_data_pipeline.py
[2026-06-19T00:23:59.545+0000] {processor.py:925} INFO - DAG(s) 'extract_raw_data_pipeline' retrieved from /opt/airflow/dags/driven_data_pipeline.py
[2026-06-19T00:23:59.563+0000] {logging_mixin.py:190} INFO - [2026-06-19T00:23:59.563+0000] {dag.py:3239} INFO - Sync 1 DAGs
[2026-06-19T00:23:59.578+0000] {logging_mixin.py:190} INFO - [2026-06-19T00:23:59.578+0000] {dag.py:4180} INFO - Setting next_dagrun for extract_raw_data_pipeline to 2026-06-18 07:59:00+00:00, run_after=2026-06-19 07:00:00+00:00
[2026-06-19T00:23:59.591+0000] {processor.py:208} INFO - Processing /opt/airflow/dags/driven_data_pipeline.py took 0.145 seconds
[2026-06-19T00:24:30.020+0000] {processor.py:186} INFO - Started process (PID=4161) to work on /opt/airflow/dags/driven_data_pipeline.py
[2026-06-19T00:24:30.021+0000] {processor.py:914} INFO - Processing file /opt/airflow/dags/driven_data_pipeline.py for tasks to queue
[2026-06-19T00:24:30.022+0000] {logging_mixin.py:190} INFO - [2026-06-19T00:24:30.022+0000] {dagbag.py:588} INFO - Filling up the DagBag from /opt/airflow/dags/driven_data_pipeline.py
[2026-06-19T00:24:30.111+0000] {processor.py:925} INFO - DAG(s) 'extract_raw_data_pipeline' retrieved from /opt/airflow/dags/driven_data_pipeline.py
[2026-06-19T00:24:30.128+0000] {logging_mixin.py:190} INFO - [2026-06-19T00:24:30.128+0000] {dag.py:3239} INFO - Sync 1 DAGs
[2026-06-19T00:24:30.141+0000] {logging_mixin.py:190} INFO - [2026-06-19T00:24:30.141+0000] {dag.py:4180} INFO - Setting next_dagrun for extract_raw_data_pipeline to 2026-06-18 07:59:00+00:00, run_after=2026-06-19 07:00:00+00:00
[2026-06-19T00:24:30.154+0000] {processor.py:208} INFO - Processing /opt/airflow/dags/driven_data_pipeline.py took 0.137 seconds
[2026-06-19T00:25:00.415+0000] {processor.py:186} INFO - Started process (PID=4169) to work on /opt/airflow/dags/driven_data_pipeline.py
[2026-06-19T00:25:00.416+0000] {processor.py:914} INFO - Processing file /opt/airflow/dags/driven_data_pipeline.py for tasks to queue
[2026-06-19T00:25:00.418+0000] {logging_mixin.py:190} INFO - [2026-06-19T00:25:00.418+0000] {dagbag.py:588} INFO - Filling up the DagBag from /opt/airflow/dags/driven_data_pipeline.py
[2026-06-19T00:25:00.499+0000] {processor.py:925} INFO - DAG(s) 'extract_raw_data_pipeline' retrieved from /opt/airflow/dags/driven_data_pipeline.py
[2026-06-19T00:25:00.514+0000] {logging_mixin.py:190} INFO - [2026-06-19T00:25:00.514+0000] {dag.py:3239} INFO - Sync 1 DAGs
[2026-06-19T00:25:00.528+0000] {logging_mixin.py:190} INFO - [2026-06-19T00:25:00.528+0000] {dag.py:4180} INFO - Setting next_dagrun for extract_raw_data_pipeline to 2026-06-18 07:59:00+00:00, run_after=2026-06-19 07:00:00+00:00
[2026-06-19T00:25:00.550+0000] {processor.py:208} INFO - Processing /opt/airflow/dags/driven_data_pipeline.py took 0.138 seconds
[2026-06-19T00:25:30.801+0000] {processor.py:186} INFO - Started process (PID=4177) to work on /opt/airflow/dags/driven_data_pipeline.py
[2026-06-19T00:25:30.802+0000] {processor.py:914} INFO - Processing file /opt/airflow/dags/driven_data_pipeline.py for tasks to queue
[2026-06-19T00:25:30.804+0000] {logging_mixin.py:190} INFO - [2026-06-19T00:25:30.804+0000] {dagbag.py:588} INFO - Filling up the DagBag from /opt/airflow/dags/driven_data_pipeline.py
[2026-06-19T00:25:30.890+0000] {processor.py:925} INFO - DAG(s) 'extract_raw_data_pipeline' retrieved from /opt/airflow/dags/driven_data_pipeline.py
[2026-06-19T00:25:30.905+0000] {logging_mixin.py:190} INFO - [2026-06-19T00:25:30.905+0000] {dag.py:3239} INFO - Sync 1 DAGs
[2026-06-19T00:25:30.918+0000] {logging_mixin.py:190} INFO - [2026-06-19T00:25:30.918+0000] {dag.py:4180} INFO - Setting next_dagrun for extract_raw_data_pipeline to 2026-06-18 07:59:00+00:00, run_after=2026-06-19 07:00:00+00:00
[2026-06-19T00:25:30.932+0000] {processor.py:208} INFO - Processing /opt/airflow/dags/driven_data_pipeline.py took 0.135 seconds
[2026-06-19T00:26:01.203+0000] {processor.py:186} INFO - Started process (PID=4185) to work on /opt/airflow/dags/driven_data_pipeline.py
[2026-06-19T00:26:01.204+0000] {processor.py:914} INFO - Processing file /opt/airflow/dags/driven_data_pipeline.py for tasks to queue
[2026-06-19T00:26:01.206+0000] {logging_mixin.py:190} INFO - [2026-06-19T00:26:01.206+0000] {dagbag.py:588} INFO - Filling up the DagBag from /opt/airflow/dags/driven_data_pipeline.py
[2026-06-19T00:26:01.289+0000] {processor.py:925} INFO - DAG(s) 'extract_raw_data_pipeline' retrieved from /opt/airflow/dags/driven_data_pipeline.py
[2026-06-19T00:26:01.304+0000] {logging_mixin.py:190} INFO - [2026-06-19T00:26:01.304+0000] {dag.py:3239} INFO - Sync 1 DAGs
[2026-06-19T00:26:01.319+0000] {logging_mixin.py:190} INFO - [2026-06-19T00:26:01.318+0000] {dag.py:4180} INFO - Setting next_dagrun for extract_raw_data_pipeline to 2026-06-18 07:59:00+00:00, run_after=2026-06-19 07:00:00+00:00
[2026-06-19T00:26:01.333+0000] {processor.py:208} INFO - Processing /opt/airflow/dags/driven_data_pipeline.py took 0.133 seconds
[2026-06-19T00:26:31.568+0000] {processor.py:186} INFO - Started process (PID=4193) to work on /opt/airflow/dags/driven_data_pipeline.py
[2026-06-19T00:26:31.569+0000] {processor.py:914} INFO - Processing file /opt/airflow/dags/driven_data_pipeline.py for tasks to queue
[2026-06-19T00:26:31.570+0000] {logging_mixin.py:190} INFO - [2026-06-19T00:26:31.570+0000] {dagbag.py:588} INFO - Filling up the DagBag from /opt/airflow/dags/driven_data_pipeline.py
[2026-06-19T00:26:31.652+0000] {processor.py:925} INFO - DAG(s) 'extract_raw_data_pipeline' retrieved from /opt/airflow/dags/driven_data_pipeline.py
[2026-06-19T00:26:31.668+0000] {logging_mixin.py:190} INFO - [2026-06-19T00:26:31.668+0000] {dag.py:3239} INFO - Sync 1 DAGs
[2026-06-19T00:26:31.682+0000] {logging_mixin.py:190} INFO - [2026-06-19T00:26:31.682+0000] {dag.py:4180} INFO - Setting next_dagrun for extract_raw_data_pipeline to 2026-06-18 07:59:00+00:00, run_after=2026-06-19 07:00:00+00:00
[2026-06-19T00:26:31.698+0000] {processor.py:208} INFO - Processing /opt/airflow/dags/driven_data_pipeline.py took 0.133 seconds
[2026-06-19T00:27:01.961+0000] {processor.py:186} INFO - Started process (PID=4201) to work on /opt/airflow/dags/driven_data_pipeline.py
[2026-06-19T00:27:01.967+0000] {processor.py:914} INFO - Processing file /opt/airflow/dags/driven_data_pipeline.py for tasks to queue
[2026-06-19T00:27:01.973+0000] {logging_mixin.py:190} INFO - [2026-06-19T00:27:01.973+0000] {dagbag.py:588} INFO - Filling up the DagBag from /opt/airflow/dags/driven_data_pipeline.py
[2026-06-19T00:27:02.076+0000] {processor.py:925} INFO - DAG(s) 'extract_raw_data_pipeline' retrieved from /opt/airflow/dags/driven_data_pipeline.py
[2026-06-19T00:27:02.091+0000] {logging_mixin.py:190} INFO - [2026-06-19T00:27:02.091+0000] {dag.py:3239} INFO - Sync 1 DAGs
[2026-06-19T00:27:02.103+0000] {logging_mixin.py:190} INFO - [2026-06-19T00:27:02.103+0000] {dag.py:4180} INFO - Setting next_dagrun for extract_raw_data_pipeline to 2026-06-18 07:59:00+00:00, run_after=2026-06-19 07:00:00+00:00
[2026-06-19T00:27:02.115+0000] {processor.py:208} INFO - Processing /opt/airflow/dags/driven_data_pipeline.py took 0.164 seconds
[2026-06-19T00:27:32.312+0000] {processor.py:186} INFO - Started process (PID=4209) to work on /opt/airflow/dags/driven_data_pipeline.py
[2026-06-19T00:27:32.313+0000] {processor.py:914} INFO - Processing file /opt/airflow/dags/driven_data_pipeline.py for tasks to queue
[2026-06-19T00:27:32.314+0000] {logging_mixin.py:190} INFO - [2026-06-19T00:27:32.314+0000] {dagbag.py:588} INFO - Filling up the DagBag from /opt/airflow/dags/driven_data_pipeline.py
[2026-06-19T00:27:32.398+0000] {processor.py:925} INFO - DAG(s) 'extract_raw_data_pipeline' retrieved from /opt/airflow/dags/driven_data_pipeline.py
[2026-06-19T00:27:32.415+0000] {logging_mixin.py:190} INFO - [2026-06-19T00:27:32.415+0000] {dag.py:3239} INFO - Sync 1 DAGs
[2026-06-19T00:27:32.429+0000] {logging_mixin.py:190} INFO - [2026-06-19T00:27:32.429+0000] {dag.py:4180} INFO - Setting next_dagrun for extract_raw_data_pipeline to 2026-06-18 07:59:00+00:00, run_after=2026-06-19 07:00:00+00:00
[2026-06-19T00:27:32.442+0000] {processor.py:208} INFO - Processing /opt/airflow/dags/driven_data_pipeline.py took 0.133 seconds
[2026-06-19T00:28:02.714+0000] {processor.py:186} INFO - Started process (PID=4217) to work on /opt/airflow/dags/driven_data_pipeline.py
[2026-06-19T00:28:02.715+0000] {processor.py:914} INFO - Processing file /opt/airflow/dags/driven_data_pipeline.py for tasks to queue
[2026-06-19T00:28:02.716+0000] {logging_mixin.py:190} INFO - [2026-06-19T00:28:02.716+0000] {dagbag.py:588} INFO - Filling up the DagBag from /opt/airflow/dags/driven_data_pipeline.py
[2026-06-19T00:28:02.798+0000] {processor.py:925} INFO - DAG(s) 'extract_raw_data_pipeline' retrieved from /opt/airflow/dags/driven_data_pipeline.py
[2026-06-19T00:28:02.814+0000] {logging_mixin.py:190} INFO - [2026-06-19T00:28:02.814+0000] {dag.py:3239} INFO - Sync 1 DAGs
[2026-06-19T00:28:02.828+0000] {logging_mixin.py:190} INFO - [2026-06-19T00:28:02.828+0000] {dag.py:4180} INFO - Setting next_dagrun for extract_raw_data_pipeline to 2026-06-18 07:59:00+00:00, run_after=2026-06-19 07:00:00+00:00
[2026-06-19T00:28:02.842+0000] {processor.py:208} INFO - Processing /opt/airflow/dags/driven_data_pipeline.py took 0.132 seconds
[2026-06-19T00:28:33.201+0000] {processor.py:186} INFO - Started process (PID=4225) to work on /opt/airflow/dags/driven_data_pipeline.py
[2026-06-19T00:28:33.202+0000] {processor.py:914} INFO - Processing file /opt/airflow/dags/driven_data_pipeline.py for tasks to queue
[2026-06-19T00:28:33.204+0000] {logging_mixin.py:190} INFO - [2026-06-19T00:28:33.203+0000] {dagbag.py:588} INFO - Filling up the DagBag from /opt/airflow/dags/driven_data_pipeline.py
[2026-06-19T00:28:33.285+0000] {processor.py:925} INFO - DAG(s) 'extract_raw_data_pipeline' retrieved from /opt/airflow/dags/driven_data_pipeline.py
[2026-06-19T00:28:33.301+0000] {logging_mixin.py:190} INFO - [2026-06-19T00:28:33.301+0000] {dag.py:3239} INFO - Sync 1 DAGs
[2026-06-19T00:28:33.314+0000] {logging_mixin.py:190} INFO - [2026-06-19T00:28:33.314+0000] {dag.py:4180} INFO - Setting next_dagrun for extract_raw_data_pipeline to 2026-06-18 07:59:00+00:00, run_after=2026-06-19 07:00:00+00:00
[2026-06-19T00:28:33.331+0000] {processor.py:208} INFO - Processing /opt/airflow/dags/driven_data_pipeline.py took 0.133 seconds
[2026-06-19T00:29:03.529+0000] {processor.py:186} INFO - Started process (PID=4233) to work on /opt/airflow/dags/driven_data_pipeline.py
[2026-06-19T00:29:03.530+0000] {processor.py:914} INFO - Processing file /opt/airflow/dags/driven_data_pipeline.py for tasks to queue
[2026-06-19T00:29:03.531+0000] {logging_mixin.py:190} INFO - [2026-06-19T00:29:03.531+0000] {dagbag.py:588} INFO - Filling up the DagBag from /opt/airflow/dags/driven_data_pipeline.py
[2026-06-19T00:29:03.616+0000] {processor.py:925} INFO - DAG(s) 'extract_raw_data_pipeline' retrieved from /opt/airflow/dags/driven_data_pipeline.py
[2026-06-19T00:29:03.631+0000] {logging_mixin.py:190} INFO - [2026-06-19T00:29:03.631+0000] {dag.py:3239} INFO - Sync 1 DAGs
[2026-06-19T00:29:03.645+0000] {logging_mixin.py:190} INFO - [2026-06-19T00:29:03.645+0000] {dag.py:4180} INFO - Setting next_dagrun for extract_raw_data_pipeline to 2026-06-18 07:59:00+00:00, run_after=2026-06-19 07:00:00+00:00
[2026-06-19T00:29:03.659+0000] {processor.py:208} INFO - Processing /opt/airflow/dags/driven_data_pipeline.py took 0.134 seconds
[2026-06-19T00:29:33.954+0000] {processor.py:186} INFO - Started process (PID=4241) to work on /opt/airflow/dags/driven_data_pipeline.py
[2026-06-19T00:29:33.955+0000] {processor.py:914} INFO - Processing file /opt/airflow/dags/driven_data_pipeline.py for tasks to queue
[2026-06-19T00:29:33.957+0000] {logging_mixin.py:190} INFO - [2026-06-19T00:29:33.956+0000] {dagbag.py:588} INFO - Filling up the DagBag from /opt/airflow/dags/driven_data_pipeline.py
[2026-06-19T00:29:34.037+0000] {processor.py:925} INFO - DAG(s) 'extract_raw_data_pipeline' retrieved from /opt/airflow/dags/driven_data_pipeline.py
[2026-06-19T00:29:34.052+0000] {logging_mixin.py:190} INFO - [2026-06-19T00:29:34.052+0000] {dag.py:3239} INFO - Sync 1 DAGs
[2026-06-19T00:29:34.066+0000] {logging_mixin.py:190} INFO - [2026-06-19T00:29:34.066+0000] {dag.py:4180} INFO - Setting next_dagrun for extract_raw_data_pipeline to 2026-06-18 07:59:00+00:00, run_after=2026-06-19 07:00:00+00:00
[2026-06-19T00:29:34.079+0000] {processor.py:208} INFO - Processing /opt/airflow/dags/driven_data_pipeline.py took 0.128 seconds
[2026-06-19T00:30:04.257+0000] {processor.py:186} INFO - Started process (PID=4249) to work on /opt/airflow/dags/driven_data_pipeline.py
[2026-06-19T00:30:04.258+0000] {processor.py:914} INFO - Processing file /opt/airflow/dags/driven_data_pipeline.py for tasks to queue
[2026-06-19T00:30:04.259+0000] {logging_mixin.py:190} INFO - [2026-06-19T00:30:04.259+0000] {dagbag.py:588} INFO - Filling up the DagBag from /opt/airflow/dags/driven_data_pipeline.py
[2026-06-19T00:30:04.345+0000] {processor.py:925} INFO - DAG(s) 'extract_raw_data_pipeline' retrieved from /opt/airflow/dags/driven_data_pipeline.py
[2026-06-19T00:30:04.360+0000] {logging_mixin.py:190} INFO - [2026-06-19T00:30:04.360+0000] {dag.py:3239} INFO - Sync 1 DAGs
[2026-06-19T00:30:04.374+0000] {logging_mixin.py:190} INFO - [2026-06-19T00:30:04.374+0000] {dag.py:4180} INFO - Setting next_dagrun for extract_raw_data_pipeline to 2026-06-18 07:59:00+00:00, run_after=2026-06-19 07:00:00+00:00
[2026-06-19T00:30:04.388+0000] {processor.py:208} INFO - Processing /opt/airflow/dags/driven_data_pipeline.py took 0.135 seconds
[2026-06-19T00:30:34.635+0000] {processor.py:186} INFO - Started process (PID=4257) to work on /opt/airflow/dags/driven_data_pipeline.py
[2026-06-19T00:30:34.636+0000] {processor.py:914} INFO - Processing file /opt/airflow/dags/driven_data_pipeline.py for tasks to queue
[2026-06-19T00:30:34.638+0000] {logging_mixin.py:190} INFO - [2026-06-19T00:30:34.638+0000] {dagbag.py:588} INFO - Filling up the DagBag from /opt/airflow/dags/driven_data_pipeline.py
[2026-06-19T00:30:34.728+0000] {processor.py:925} INFO - DAG(s) 'extract_raw_data_pipeline' retrieved from /opt/airflow/dags/driven_data_pipeline.py
[2026-06-19T00:30:34.744+0000] {logging_mixin.py:190} INFO - [2026-06-19T00:30:34.743+0000] {dag.py:3239} INFO - Sync 1 DAGs
[2026-06-19T00:30:34.757+0000] {logging_mixin.py:190} INFO - [2026-06-19T00:30:34.756+0000] {dag.py:4180} INFO - Setting next_dagrun for extract_raw_data_pipeline to 2026-06-18 07:59:00+00:00, run_after=2026-06-19 07:00:00+00:00
[2026-06-19T00:30:34.770+0000] {processor.py:208} INFO - Processing /opt/airflow/dags/driven_data_pipeline.py took 0.139 seconds
[2026-06-19T00:31:05.011+0000] {processor.py:186} INFO - Started process (PID=4265) to work on /opt/airflow/dags/driven_data_pipeline.py
[2026-06-19T00:31:05.012+0000] {processor.py:914} INFO - Processing file /opt/airflow/dags/driven_data_pipeline.py for tasks to queue
[2026-06-19T00:31:05.014+0000] {logging_mixin.py:190} INFO - [2026-06-19T00:31:05.013+0000] {dagbag.py:588} INFO - Filling up the DagBag from /opt/airflow/dags/driven_data_pipeline.py
[2026-06-19T00:31:05.095+0000] {processor.py:925} INFO - DAG(s) 'extract_raw_data_pipeline' retrieved from /opt/airflow/dags/driven_data_pipeline.py
[2026-06-19T00:31:05.109+0000] {logging_mixin.py:190} INFO - [2026-06-19T00:31:05.109+0000] {dag.py:3239} INFO - Sync 1 DAGs
[2026-06-19T00:31:05.121+0000] {logging_mixin.py:190} INFO - [2026-06-19T00:31:05.121+0000] {dag.py:4180} INFO - Setting next_dagrun for extract_raw_data_pipeline to 2026-06-18 07:59:00+00:00, run_after=2026-06-19 07:00:00+00:00
[2026-06-19T00:31:05.133+0000] {processor.py:208} INFO - Processing /opt/airflow/dags/driven_data_pipeline.py took 0.125 seconds
[2026-06-19T00:31:35.430+0000] {processor.py:186} INFO - Started process (PID=4273) to work on /opt/airflow/dags/driven_data_pipeline.py
[2026-06-19T00:31:35.431+0000] {processor.py:914} INFO - Processing file /opt/airflow/dags/driven_data_pipeline.py for tasks to queue
[2026-06-19T00:31:35.433+0000] {logging_mixin.py:190} INFO - [2026-06-19T00:31:35.433+0000] {dagbag.py:588} INFO - Filling up the DagBag from /opt/airflow/dags/driven_data_pipeline.py
[2026-06-19T00:31:35.514+0000] {processor.py:925} INFO - DAG(s) 'extract_raw_data_pipeline' retrieved from /opt/airflow/dags/driven_data_pipeline.py
[2026-06-19T00:31:35.528+0000] {logging_mixin.py:190} INFO - [2026-06-19T00:31:35.528+0000] {dag.py:3239} INFO - Sync 1 DAGs
[2026-06-19T00:31:35.540+0000] {logging_mixin.py:190} INFO - [2026-06-19T00:31:35.540+0000] {dag.py:4180} INFO - Setting next_dagrun for extract_raw_data_pipeline to 2026-06-18 07:59:00+00:00, run_after=2026-06-19 07:00:00+00:00
[2026-06-19T00:31:35.554+0000] {processor.py:208} INFO - Processing /opt/airflow/dags/driven_data_pipeline.py took 0.127 seconds
[2026-06-19T00:32:05.743+0000] {processor.py:186} INFO - Started process (PID=4281) to work on /opt/airflow/dags/driven_data_pipeline.py
[2026-06-19T00:32:05.744+0000] {processor.py:914} INFO - Processing file /opt/airflow/dags/driven_data_pipeline.py for tasks to queue
[2026-06-19T00:32:05.746+0000] {logging_mixin.py:190} INFO - [2026-06-19T00:32:05.746+0000] {dagbag.py:588} INFO - Filling up the DagBag from /opt/airflow/dags/driven_data_pipeline.py
[2026-06-19T00:32:05.837+0000] {processor.py:925} INFO - DAG(s) 'extract_raw_data_pipeline' retrieved from /opt/airflow/dags/driven_data_pipeline.py
[2026-06-19T00:32:05.853+0000] {logging_mixin.py:190} INFO - [2026-06-19T00:32:05.853+0000] {dag.py:3239} INFO - Sync 1 DAGs
[2026-06-19T00:32:05.867+0000] {logging_mixin.py:190} INFO - [2026-06-19T00:32:05.867+0000] {dag.py:4180} INFO - Setting next_dagrun for extract_raw_data_pipeline to 2026-06-18 07:59:00+00:00, run_after=2026-06-19 07:00:00+00:00
[2026-06-19T00:32:05.879+0000] {processor.py:208} INFO - Processing /opt/airflow/dags/driven_data_pipeline.py took 0.141 seconds
[2026-06-19T00:32:36.237+0000] {processor.py:186} INFO - Started process (PID=4289) to work on /opt/airflow/dags/driven_data_pipeline.py
[2026-06-19T00:32:36.238+0000] {processor.py:914} INFO - Processing file /opt/airflow/dags/driven_data_pipeline.py for tasks to queue
[2026-06-19T00:32:36.239+0000] {logging_mixin.py:190} INFO - [2026-06-19T00:32:36.239+0000] {dagbag.py:588} INFO - Filling up the DagBag from /opt/airflow/dags/driven_data_pipeline.py
[2026-06-19T00:32:36.320+0000] {processor.py:925} INFO - DAG(s) 'extract_raw_data_pipeline' retrieved from /opt/airflow/dags/driven_data_pipeline.py
[2026-06-19T00:32:36.337+0000] {logging_mixin.py:190} INFO - [2026-06-19T00:32:36.337+0000] {dag.py:3239} INFO - Sync 1 DAGs
[2026-06-19T00:32:36.350+0000] {logging_mixin.py:190} INFO - [2026-06-19T00:32:36.350+0000] {dag.py:4180} INFO - Setting next_dagrun for extract_raw_data_pipeline to 2026-06-18 07:59:00+00:00, run_after=2026-06-19 07:00:00+00:00
[2026-06-19T00:32:36.365+0000] {processor.py:208} INFO - Processing /opt/airflow/dags/driven_data_pipeline.py took 0.131 seconds
[2026-06-19T00:33:06.568+0000] {processor.py:186} INFO - Started process (PID=4297) to work on /opt/airflow/dags/driven_data_pipeline.py
[2026-06-19T00:33:06.569+0000] {processor.py:914} INFO - Processing file /opt/airflow/dags/driven_data_pipeline.py for tasks to queue
[2026-06-19T00:33:06.571+0000] {logging_mixin.py:190} INFO - [2026-06-19T00:33:06.570+0000] {dagbag.py:588} INFO - Filling up the DagBag from /opt/airflow/dags/driven_data_pipeline.py
[2026-06-19T00:33:06.654+0000] {processor.py:925} INFO - DAG(s) 'extract_raw_data_pipeline' retrieved from /opt/airflow/dags/driven_data_pipeline.py
[2026-06-19T00:33:06.668+0000] {logging_mixin.py:190} INFO - [2026-06-19T00:33:06.668+0000] {dag.py:3239} INFO - Sync 1 DAGs
[2026-06-19T00:33:06.681+0000] {logging_mixin.py:190} INFO - [2026-06-19T00:33:06.681+0000] {dag.py:4180} INFO - Setting next_dagrun for extract_raw_data_pipeline to 2026-06-18 07:59:00+00:00, run_after=2026-06-19 07:00:00+00:00
[2026-06-19T00:33:06.695+0000] {processor.py:208} INFO - Processing /opt/airflow/dags/driven_data_pipeline.py took 0.131 seconds
[2026-06-19T00:33:36.970+0000] {processor.py:186} INFO - Started process (PID=4305) to work on /opt/airflow/dags/driven_data_pipeline.py
[2026-06-19T00:33:36.970+0000] {processor.py:914} INFO - Processing file /opt/airflow/dags/driven_data_pipeline.py for tasks to queue
[2026-06-19T00:33:36.972+0000] {logging_mixin.py:190} INFO - [2026-06-19T00:33:36.972+0000] {dagbag.py:588} INFO - Filling up the DagBag from /opt/airflow/dags/driven_data_pipeline.py
[2026-06-19T00:33:37.059+0000] {processor.py:925} INFO - DAG(s) 'extract_raw_data_pipeline' retrieved from /opt/airflow/dags/driven_data_pipeline.py
[2026-06-19T00:33:37.076+0000] {logging_mixin.py:190} INFO - [2026-06-19T00:33:37.076+0000] {dag.py:3239} INFO - Sync 1 DAGs
[2026-06-19T00:33:37.088+0000] {logging_mixin.py:190} INFO - [2026-06-19T00:33:37.088+0000] {dag.py:4180} INFO - Setting next_dagrun for extract_raw_data_pipeline to 2026-06-18 07:59:00+00:00, run_after=2026-06-19 07:00:00+00:00
[2026-06-19T00:33:37.101+0000] {processor.py:208} INFO - Processing /opt/airflow/dags/driven_data_pipeline.py took 0.134 seconds
[2026-06-19T00:34:07.273+0000] {processor.py:186} INFO - Started process (PID=4313) to work on /opt/airflow/dags/driven_data_pipeline.py
[2026-06-19T00:34:07.274+0000] {processor.py:914} INFO - Processing file /opt/airflow/dags/driven_data_pipeline.py for tasks to queue
[2026-06-19T00:34:07.275+0000] {logging_mixin.py:190} INFO - [2026-06-19T00:34:07.275+0000] {dagbag.py:588} INFO - Filling up the DagBag from /opt/airflow/dags/driven_data_pipeline.py
[2026-06-19T00:34:07.355+0000] {processor.py:925} INFO - DAG(s) 'extract_raw_data_pipeline' retrieved from /opt/airflow/dags/driven_data_pipeline.py
[2026-06-19T00:34:07.371+0000] {logging_mixin.py:190} INFO - [2026-06-19T00:34:07.371+0000] {dag.py:3239} INFO - Sync 1 DAGs
[2026-06-19T00:34:07.384+0000] {logging_mixin.py:190} INFO - [2026-06-19T00:34:07.384+0000] {dag.py:4180} INFO - Setting next_dagrun for extract_raw_data_pipeline to 2026-06-18 07:59:00+00:00, run_after=2026-06-19 07:00:00+00:00
[2026-06-19T00:34:07.398+0000] {processor.py:208} INFO - Processing /opt/airflow/dags/driven_data_pipeline.py took 0.129 seconds
[2026-06-19T00:34:37.586+0000] {processor.py:186} INFO - Started process (PID=4321) to work on /opt/airflow/dags/driven_data_pipeline.py
[2026-06-19T00:34:37.587+0000] {processor.py:914} INFO - Processing file /opt/airflow/dags/driven_data_pipeline.py for tasks to queue
[2026-06-19T00:34:37.588+0000] {logging_mixin.py:190} INFO - [2026-06-19T00:34:37.588+0000] {dagbag.py:588} INFO - Filling up the DagBag from /opt/airflow/dags/driven_data_pipeline.py
[2026-06-19T00:34:37.668+0000] {processor.py:925} INFO - DAG(s) 'extract_raw_data_pipeline' retrieved from /opt/airflow/dags/driven_data_pipeline.py
[2026-06-19T00:34:37.682+0000] {logging_mixin.py:190} INFO - [2026-06-19T00:34:37.682+0000] {dag.py:3239} INFO - Sync 1 DAGs
[2026-06-19T00:34:37.693+0000] {logging_mixin.py:190} INFO - [2026-06-19T00:34:37.693+0000] {dag.py:4180} INFO - Setting next_dagrun for extract_raw_data_pipeline to 2026-06-18 07:59:00+00:00, run_after=2026-06-19 07:00:00+00:00
[2026-06-19T00:34:37.704+0000] {processor.py:208} INFO - Processing /opt/airflow/dags/driven_data_pipeline.py took 0.122 seconds
[2026-06-19T00:35:07.914+0000] {processor.py:186} INFO - Started process (PID=4329) to work on /opt/airflow/dags/driven_data_pipeline.py
[2026-06-19T00:35:07.914+0000] {processor.py:914} INFO - Processing file /opt/airflow/dags/driven_data_pipeline.py for tasks to queue
[2026-06-19T00:35:07.916+0000] {logging_mixin.py:190} INFO - [2026-06-19T00:35:07.916+0000] {dagbag.py:588} INFO - Filling up the DagBag from /opt/airflow/dags/driven_data_pipeline.py
[2026-06-19T00:35:08.007+0000] {processor.py:925} INFO - DAG(s) 'extract_raw_data_pipeline' retrieved from /opt/airflow/dags/driven_data_pipeline.py
[2026-06-19T00:35:08.022+0000] {logging_mixin.py:190} INFO - [2026-06-19T00:35:08.022+0000] {dag.py:3239} INFO - Sync 1 DAGs
[2026-06-19T00:35:08.035+0000] {logging_mixin.py:190} INFO - [2026-06-19T00:35:08.035+0000] {dag.py:4180} INFO - Setting next_dagrun for extract_raw_data_pipeline to 2026-06-18 07:59:00+00:00, run_after=2026-06-19 07:00:00+00:00
[2026-06-19T00:35:08.059+0000] {processor.py:208} INFO - Processing /opt/airflow/dags/driven_data_pipeline.py took 0.149 seconds
[2026-06-19T00:35:38.349+0000] {processor.py:186} INFO - Started process (PID=4337) to work on /opt/airflow/dags/driven_data_pipeline.py
[2026-06-19T00:35:38.350+0000] {processor.py:914} INFO - Processing file /opt/airflow/dags/driven_data_pipeline.py for tasks to queue
[2026-06-19T00:35:38.352+0000] {logging_mixin.py:190} INFO - [2026-06-19T00:35:38.351+0000] {dagbag.py:588} INFO - Filling up the DagBag from /opt/airflow/dags/driven_data_pipeline.py
[2026-06-19T00:35:38.434+0000] {processor.py:925} INFO - DAG(s) 'extract_raw_data_pipeline' retrieved from /opt/airflow/dags/driven_data_pipeline.py
[2026-06-19T00:35:38.450+0000] {logging_mixin.py:190} INFO - [2026-06-19T00:35:38.450+0000] {dag.py:3239} INFO - Sync 1 DAGs
[2026-06-19T00:35:38.463+0000] {logging_mixin.py:190} INFO - [2026-06-19T00:35:38.463+0000] {dag.py:4180} INFO - Setting next_dagrun for extract_raw_data_pipeline to 2026-06-18 07:59:00+00:00, run_after=2026-06-19 07:00:00+00:00
[2026-06-19T00:35:38.476+0000] {processor.py:208} INFO - Processing /opt/airflow/dags/driven_data_pipeline.py took 0.131 seconds
[2026-06-19T00:36:08.744+0000] {processor.py:186} INFO - Started process (PID=4345) to work on /opt/airflow/dags/driven_data_pipeline.py
[2026-06-19T00:36:08.744+0000] {processor.py:914} INFO - Processing file /opt/airflow/dags/driven_data_pipeline.py for tasks to queue
[2026-06-19T00:36:08.746+0000] {logging_mixin.py:190} INFO - [2026-06-19T00:36:08.746+0000] {dagbag.py:588} INFO - Filling up the DagBag from /opt/airflow/dags/driven_data_pipeline.py
[2026-06-19T00:36:08.829+0000] {processor.py:925} INFO - DAG(s) 'extract_raw_data_pipeline' retrieved from /opt/airflow/dags/driven_data_pipeline.py
[2026-06-19T00:36:08.844+0000] {logging_mixin.py:190} INFO - [2026-06-19T00:36:08.843+0000] {dag.py:3239} INFO - Sync 1 DAGs
[2026-06-19T00:36:08.856+0000] {logging_mixin.py:190} INFO - [2026-06-19T00:36:08.856+0000] {dag.py:4180} INFO - Setting next_dagrun for extract_raw_data_pipeline to 2026-06-18 07:59:00+00:00, run_after=2026-06-19 07:00:00+00:00
[2026-06-19T00:36:08.869+0000] {processor.py:208} INFO - Processing /opt/airflow/dags/driven_data_pipeline.py took 0.128 seconds
[2026-06-19T00:36:39.070+0000] {processor.py:186} INFO - Started process (PID=4353) to work on /opt/airflow/dags/driven_data_pipeline.py
[2026-06-19T00:36:39.071+0000] {processor.py:914} INFO - Processing file /opt/airflow/dags/driven_data_pipeline.py for tasks to queue
[2026-06-19T00:36:39.072+0000] {logging_mixin.py:190} INFO - [2026-06-19T00:36:39.072+0000] {dagbag.py:588} INFO - Filling up the DagBag from /opt/airflow/dags/driven_data_pipeline.py
[2026-06-19T00:36:39.155+0000] {processor.py:925} INFO - DAG(s) 'extract_raw_data_pipeline' retrieved from /opt/airflow/dags/driven_data_pipeline.py
[2026-06-19T00:36:39.171+0000] {logging_mixin.py:190} INFO - [2026-06-19T00:36:39.171+0000] {dag.py:3239} INFO - Sync 1 DAGs
[2026-06-19T00:36:39.185+0000] {logging_mixin.py:190} INFO - [2026-06-19T00:36:39.185+0000] {dag.py:4180} INFO - Setting next_dagrun for extract_raw_data_pipeline to 2026-06-18 07:59:00+00:00, run_after=2026-06-19 07:00:00+00:00
[2026-06-19T00:36:39.198+0000] {processor.py:208} INFO - Processing /opt/airflow/dags/driven_data_pipeline.py took 0.131 seconds
[2026-06-19T00:37:09.544+0000] {processor.py:186} INFO - Started process (PID=4361) to work on /opt/airflow/dags/driven_data_pipeline.py
[2026-06-19T00:37:09.546+0000] {processor.py:914} INFO - Processing file /opt/airflow/dags/driven_data_pipeline.py for tasks to queue
[2026-06-19T00:37:09.547+0000] {logging_mixin.py:190} INFO - [2026-06-19T00:37:09.547+0000] {dagbag.py:588} INFO - Filling up the DagBag from /opt/airflow/dags/driven_data_pipeline.py
[2026-06-19T00:37:09.646+0000] {processor.py:925} INFO - DAG(s) 'extract_raw_data_pipeline' retrieved from /opt/airflow/dags/driven_data_pipeline.py
[2026-06-19T00:37:09.660+0000] {logging_mixin.py:190} INFO - [2026-06-19T00:37:09.660+0000] {dag.py:3239} INFO - Sync 1 DAGs
[2026-06-19T00:37:09.673+0000] {logging_mixin.py:190} INFO - [2026-06-19T00:37:09.673+0000] {dag.py:4180} INFO - Setting next_dagrun for extract_raw_data_pipeline to 2026-06-18 07:59:00+00:00, run_after=2026-06-19 07:00:00+00:00
[2026-06-19T00:37:09.687+0000] {processor.py:208} INFO - Processing /opt/airflow/dags/driven_data_pipeline.py took 0.147 seconds
[2026-06-19T00:37:39.949+0000] {processor.py:186} INFO - Started process (PID=4369) to work on /opt/airflow/dags/driven_data_pipeline.py
[2026-06-19T00:37:39.950+0000] {processor.py:914} INFO - Processing file /opt/airflow/dags/driven_data_pipeline.py for tasks to queue
[2026-06-19T00:37:39.952+0000] {logging_mixin.py:190} INFO - [2026-06-19T00:37:39.952+0000] {dagbag.py:588} INFO - Filling up the DagBag from /opt/airflow/dags/driven_data_pipeline.py
[2026-06-19T00:37:40.045+0000] {processor.py:925} INFO - DAG(s) 'extract_raw_data_pipeline' retrieved from /opt/airflow/dags/driven_data_pipeline.py
[2026-06-19T00:37:40.060+0000] {logging_mixin.py:190} INFO - [2026-06-19T00:37:40.060+0000] {dag.py:3239} INFO - Sync 1 DAGs
[2026-06-19T00:37:40.074+0000] {logging_mixin.py:190} INFO - [2026-06-19T00:37:40.074+0000] {dag.py:4180} INFO - Setting next_dagrun for extract_raw_data_pipeline to 2026-06-18 07:59:00+00:00, run_after=2026-06-19 07:00:00+00:00
[2026-06-19T00:37:40.088+0000] {processor.py:208} INFO - Processing /opt/airflow/dags/driven_data_pipeline.py took 0.144 seconds
[2026-06-19T00:38:10.286+0000] {processor.py:186} INFO - Started process (PID=4377) to work on /opt/airflow/dags/driven_data_pipeline.py
[2026-06-19T00:38:10.287+0000] {processor.py:914} INFO - Processing file /opt/airflow/dags/driven_data_pipeline.py for tasks to queue
[2026-06-19T00:38:10.288+0000] {logging_mixin.py:190} INFO - [2026-06-19T00:38:10.288+0000] {dagbag.py:588} INFO - Filling up the DagBag from /opt/airflow/dags/driven_data_pipeline.py
[2026-06-19T00:38:10.372+0000] {processor.py:925} INFO - DAG(s) 'extract_raw_data_pipeline' retrieved from /opt/airflow/dags/driven_data_pipeline.py
[2026-06-19T00:38:10.388+0000] {logging_mixin.py:190} INFO - [2026-06-19T00:38:10.387+0000] {dag.py:3239} INFO - Sync 1 DAGs
[2026-06-19T00:38:10.401+0000] {logging_mixin.py:190} INFO - [2026-06-19T00:38:10.401+0000] {dag.py:4180} INFO - Setting next_dagrun for extract_raw_data_pipeline to 2026-06-18 07:59:00+00:00, run_after=2026-06-19 07:00:00+00:00
[2026-06-19T00:38:10.414+0000] {processor.py:208} INFO - Processing /opt/airflow/dags/driven_data_pipeline.py took 0.132 seconds
[2026-06-19T00:38:40.662+0000] {processor.py:186} INFO - Started process (PID=4385) to work on /opt/airflow/dags/driven_data_pipeline.py
[2026-06-19T00:38:40.662+0000] {processor.py:914} INFO - Processing file /opt/airflow/dags/driven_data_pipeline.py for tasks to queue
[2026-06-19T00:38:40.664+0000] {logging_mixin.py:190} INFO - [2026-06-19T00:38:40.663+0000] {dagbag.py:588} INFO - Filling up the DagBag from /opt/airflow/dags/driven_data_pipeline.py
[2026-06-19T00:38:40.748+0000] {processor.py:925} INFO - DAG(s) 'extract_raw_data_pipeline' retrieved from /opt/airflow/dags/driven_data_pipeline.py
[2026-06-19T00:38:40.764+0000] {logging_mixin.py:190} INFO - [2026-06-19T00:38:40.764+0000] {dag.py:3239} INFO - Sync 1 DAGs
[2026-06-19T00:38:40.777+0000] {logging_mixin.py:190} INFO - [2026-06-19T00:38:40.777+0000] {dag.py:4180} INFO - Setting next_dagrun for extract_raw_data_pipeline to 2026-06-18 07:59:00+00:00, run_after=2026-06-19 07:00:00+00:00
[2026-06-19T00:38:40.789+0000] {processor.py:208} INFO - Processing /opt/airflow/dags/driven_data_pipeline.py took 0.131 seconds
[2026-06-19T00:39:10.993+0000] {processor.py:186} INFO - Started process (PID=4393) to work on /opt/airflow/dags/driven_data_pipeline.py
[2026-06-19T00:39:10.994+0000] {processor.py:914} INFO - Processing file /opt/airflow/dags/driven_data_pipeline.py for tasks to queue
[2026-06-19T00:39:10.995+0000] {logging_mixin.py:190} INFO - [2026-06-19T00:39:10.995+0000] {dagbag.py:588} INFO - Filling up the DagBag from /opt/airflow/dags/driven_data_pipeline.py
[2026-06-19T00:39:11.078+0000] {processor.py:925} INFO - DAG(s) 'extract_raw_data_pipeline' retrieved from /opt/airflow/dags/driven_data_pipeline.py
[2026-06-19T00:39:11.093+0000] {logging_mixin.py:190} INFO - [2026-06-19T00:39:11.093+0000] {dag.py:3239} INFO - Sync 1 DAGs
[2026-06-19T00:39:11.106+0000] {logging_mixin.py:190} INFO - [2026-06-19T00:39:11.106+0000] {dag.py:4180} INFO - Setting next_dagrun for extract_raw_data_pipeline to 2026-06-18 07:59:00+00:00, run_after=2026-06-19 07:00:00+00:00
[2026-06-19T00:39:11.118+0000] {processor.py:208} INFO - Processing /opt/airflow/dags/driven_data_pipeline.py took 0.129 seconds
[2026-06-19T00:39:41.329+0000] {processor.py:186} INFO - Started process (PID=4401) to work on /opt/airflow/dags/driven_data_pipeline.py
[2026-06-19T00:39:41.329+0000] {processor.py:914} INFO - Processing file /opt/airflow/dags/driven_data_pipeline.py for tasks to queue
[2026-06-19T00:39:41.331+0000] {logging_mixin.py:190} INFO - [2026-06-19T00:39:41.331+0000] {dagbag.py:588} INFO - Filling up the DagBag from /opt/airflow/dags/driven_data_pipeline.py
[2026-06-19T00:39:41.415+0000] {processor.py:925} INFO - DAG(s) 'extract_raw_data_pipeline' retrieved from /opt/airflow/dags/driven_data_pipeline.py
[2026-06-19T00:39:41.429+0000] {logging_mixin.py:190} INFO - [2026-06-19T00:39:41.429+0000] {dag.py:3239} INFO - Sync 1 DAGs
[2026-06-19T00:39:41.442+0000] {logging_mixin.py:190} INFO - [2026-06-19T00:39:41.442+0000] {dag.py:4180} INFO - Setting next_dagrun for extract_raw_data_pipeline to 2026-06-18 07:59:00+00:00, run_after=2026-06-19 07:00:00+00:00
[2026-06-19T00:39:41.456+0000] {processor.py:208} INFO - Processing /opt/airflow/dags/driven_data_pipeline.py took 0.130 seconds
[2026-06-19T00:40:11.732+0000] {processor.py:186} INFO - Started process (PID=4409) to work on /opt/airflow/dags/driven_data_pipeline.py
[2026-06-19T00:40:11.732+0000] {processor.py:914} INFO - Processing file /opt/airflow/dags/driven_data_pipeline.py for tasks to queue
[2026-06-19T00:40:11.734+0000] {logging_mixin.py:190} INFO - [2026-06-19T00:40:11.734+0000] {dagbag.py:588} INFO - Filling up the DagBag from /opt/airflow/dags/driven_data_pipeline.py
[2026-06-19T00:40:11.815+0000] {processor.py:925} INFO - DAG(s) 'extract_raw_data_pipeline' retrieved from /opt/airflow/dags/driven_data_pipeline.py
[2026-06-19T00:40:11.830+0000] {logging_mixin.py:190} INFO - [2026-06-19T00:40:11.830+0000] {dag.py:3239} INFO - Sync 1 DAGs
[2026-06-19T00:40:11.844+0000] {logging_mixin.py:190} INFO - [2026-06-19T00:40:11.844+0000] {dag.py:4180} INFO - Setting next_dagrun for extract_raw_data_pipeline to 2026-06-18 07:59:00+00:00, run_after=2026-06-19 07:00:00+00:00
[2026-06-19T00:40:11.858+0000] {processor.py:208} INFO - Processing /opt/airflow/dags/driven_data_pipeline.py took 0.130 seconds
[2026-06-19T00:40:42.033+0000] {processor.py:186} INFO - Started process (PID=4417) to work on /opt/airflow/dags/driven_data_pipeline.py
[2026-06-19T00:40:42.033+0000] {processor.py:914} INFO - Processing file /opt/airflow/dags/driven_data_pipeline.py for tasks to queue
[2026-06-19T00:40:42.035+0000] {logging_mixin.py:190} INFO - [2026-06-19T00:40:42.035+0000] {dagbag.py:588} INFO - Filling up the DagBag from /opt/airflow/dags/driven_data_pipeline.py
[2026-06-19T00:40:42.117+0000] {processor.py:925} INFO - DAG(s) 'extract_raw_data_pipeline' retrieved from /opt/airflow/dags/driven_data_pipeline.py
[2026-06-19T00:40:42.132+0000] {logging_mixin.py:190} INFO - [2026-06-19T00:40:42.132+0000] {dag.py:3239} INFO - Sync 1 DAGs
[2026-06-19T00:40:42.144+0000] {logging_mixin.py:190} INFO - [2026-06-19T00:40:42.144+0000] {dag.py:4180} INFO - Setting next_dagrun for extract_raw_data_pipeline to 2026-06-18 07:59:00+00:00, run_after=2026-06-19 07:00:00+00:00
[2026-06-19T00:40:42.158+0000] {processor.py:208} INFO - Processing /opt/airflow/dags/driven_data_pipeline.py took 0.130 seconds
[2026-06-19T00:41:12.475+0000] {processor.py:186} INFO - Started process (PID=4425) to work on /opt/airflow/dags/driven_data_pipeline.py
[2026-06-19T00:41:12.476+0000] {processor.py:914} INFO - Processing file /opt/airflow/dags/driven_data_pipeline.py for tasks to queue
[2026-06-19T00:41:12.477+0000] {logging_mixin.py:190} INFO - [2026-06-19T00:41:12.477+0000] {dagbag.py:588} INFO - Filling up the DagBag from /opt/airflow/dags/driven_data_pipeline.py
[2026-06-19T00:41:12.557+0000] {processor.py:925} INFO - DAG(s) 'extract_raw_data_pipeline' retrieved from /opt/airflow/dags/driven_data_pipeline.py
[2026-06-19T00:41:12.572+0000] {logging_mixin.py:190} INFO - [2026-06-19T00:41:12.572+0000] {dag.py:3239} INFO - Sync 1 DAGs
[2026-06-19T00:41:12.585+0000] {logging_mixin.py:190} INFO - [2026-06-19T00:41:12.585+0000] {dag.py:4180} INFO - Setting next_dagrun for extract_raw_data_pipeline to 2026-06-18 07:59:00+00:00, run_after=2026-06-19 07:00:00+00:00
[2026-06-19T00:41:12.602+0000] {processor.py:208} INFO - Processing /opt/airflow/dags/driven_data_pipeline.py took 0.130 seconds
[2026-06-19T00:41:42.854+0000] {processor.py:186} INFO - Started process (PID=4433) to work on /opt/airflow/dags/driven_data_pipeline.py
[2026-06-19T00:41:42.854+0000] {processor.py:914} INFO - Processing file /opt/airflow/dags/driven_data_pipeline.py for tasks to queue
[2026-06-19T00:41:42.856+0000] {logging_mixin.py:190} INFO - [2026-06-19T00:41:42.856+0000] {dagbag.py:588} INFO - Filling up the DagBag from /opt/airflow/dags/driven_data_pipeline.py
[2026-06-19T00:41:42.937+0000] {processor.py:925} INFO - DAG(s) 'extract_raw_data_pipeline' retrieved from /opt/airflow/dags/driven_data_pipeline.py
[2026-06-19T00:41:42.952+0000] {logging_mixin.py:190} INFO - [2026-06-19T00:41:42.952+0000] {dag.py:3239} INFO - Sync 1 DAGs
[2026-06-19T00:41:42.966+0000] {logging_mixin.py:190} INFO - [2026-06-19T00:41:42.966+0000] {dag.py:4180} INFO - Setting next_dagrun for extract_raw_data_pipeline to 2026-06-18 07:59:00+00:00, run_after=2026-06-19 07:00:00+00:00
[2026-06-19T00:41:42.981+0000] {processor.py:208} INFO - Processing /opt/airflow/dags/driven_data_pipeline.py took 0.131 seconds
[2026-06-19T00:42:13.234+0000] {processor.py:186} INFO - Started process (PID=4441) to work on /opt/airflow/dags/driven_data_pipeline.py
[2026-06-19T00:42:13.235+0000] {processor.py:914} INFO - Processing file /opt/airflow/dags/driven_data_pipeline.py for tasks to queue
[2026-06-19T00:42:13.236+0000] {logging_mixin.py:190} INFO - [2026-06-19T00:42:13.236+0000] {dagbag.py:588} INFO - Filling up the DagBag from /opt/airflow/dags/driven_data_pipeline.py
[2026-06-19T00:42:13.318+0000] {processor.py:925} INFO - DAG(s) 'extract_raw_data_pipeline' retrieved from /opt/airflow/dags/driven_data_pipeline.py
[2026-06-19T00:42:13.333+0000] {logging_mixin.py:190} INFO - [2026-06-19T00:42:13.333+0000] {dag.py:3239} INFO - Sync 1 DAGs
[2026-06-19T00:42:13.347+0000] {logging_mixin.py:190} INFO - [2026-06-19T00:42:13.347+0000] {dag.py:4180} INFO - Setting next_dagrun for extract_raw_data_pipeline to 2026-06-18 07:59:00+00:00, run_after=2026-06-19 07:00:00+00:00
[2026-06-19T00:42:13.360+0000] {processor.py:208} INFO - Processing /opt/airflow/dags/driven_data_pipeline.py took 0.130 seconds
[2026-06-19T00:42:43.721+0000] {processor.py:186} INFO - Started process (PID=4449) to work on /opt/airflow/dags/driven_data_pipeline.py
[2026-06-19T00:42:43.722+0000] {processor.py:914} INFO - Processing file /opt/airflow/dags/driven_data_pipeline.py for tasks to queue
[2026-06-19T00:42:43.723+0000] {logging_mixin.py:190} INFO - [2026-06-19T00:42:43.723+0000] {dagbag.py:588} INFO - Filling up the DagBag from /opt/airflow/dags/driven_data_pipeline.py
[2026-06-19T00:42:43.802+0000] {processor.py:925} INFO - DAG(s) 'extract_raw_data_pipeline' retrieved from /opt/airflow/dags/driven_data_pipeline.py
[2026-06-19T00:42:43.817+0000] {logging_mixin.py:190} INFO - [2026-06-19T00:42:43.817+0000] {dag.py:3239} INFO - Sync 1 DAGs
[2026-06-19T00:42:43.829+0000] {logging_mixin.py:190} INFO - [2026-06-19T00:42:43.829+0000] {dag.py:4180} INFO - Setting next_dagrun for extract_raw_data_pipeline to 2026-06-18 07:59:00+00:00, run_after=2026-06-19 07:00:00+00:00
[2026-06-19T00:42:43.845+0000] {processor.py:208} INFO - Processing /opt/airflow/dags/driven_data_pipeline.py took 0.127 seconds
[2026-06-19T00:43:14.028+0000] {processor.py:186} INFO - Started process (PID=4457) to work on /opt/airflow/dags/driven_data_pipeline.py
[2026-06-19T00:43:14.029+0000] {processor.py:914} INFO - Processing file /opt/airflow/dags/driven_data_pipeline.py for tasks to queue
[2026-06-19T00:43:14.030+0000] {logging_mixin.py:190} INFO - [2026-06-19T00:43:14.030+0000] {dagbag.py:588} INFO - Filling up the DagBag from /opt/airflow/dags/driven_data_pipeline.py
[2026-06-19T00:43:14.121+0000] {processor.py:925} INFO - DAG(s) 'extract_raw_data_pipeline' retrieved from /opt/airflow/dags/driven_data_pipeline.py
[2026-06-19T00:43:14.135+0000] {logging_mixin.py:190} INFO - [2026-06-19T00:43:14.135+0000] {dag.py:3239} INFO - Sync 1 DAGs
[2026-06-19T00:43:14.146+0000] {logging_mixin.py:190} INFO - [2026-06-19T00:43:14.146+0000] {dag.py:4180} INFO - Setting next_dagrun for extract_raw_data_pipeline to 2026-06-18 07:59:00+00:00, run_after=2026-06-19 07:00:00+00:00
[2026-06-19T00:43:14.170+0000] {processor.py:208} INFO - Processing /opt/airflow/dags/driven_data_pipeline.py took 0.145 seconds
[2026-06-19T00:43:44.410+0000] {processor.py:186} INFO - Started process (PID=4466) to work on /opt/airflow/dags/driven_data_pipeline.py
[2026-06-19T00:43:44.410+0000] {processor.py:914} INFO - Processing file /opt/airflow/dags/driven_data_pipeline.py for tasks to queue
[2026-06-19T00:43:44.412+0000] {logging_mixin.py:190} INFO - [2026-06-19T00:43:44.412+0000] {dagbag.py:588} INFO - Filling up the DagBag from /opt/airflow/dags/driven_data_pipeline.py
[2026-06-19T00:43:44.492+0000] {processor.py:925} INFO - DAG(s) 'extract_raw_data_pipeline' retrieved from /opt/airflow/dags/driven_data_pipeline.py
[2026-06-19T00:43:44.506+0000] {logging_mixin.py:190} INFO - [2026-06-19T00:43:44.506+0000] {dag.py:3239} INFO - Sync 1 DAGs
[2026-06-19T00:43:44.519+0000] {logging_mixin.py:190} INFO - [2026-06-19T00:43:44.519+0000] {dag.py:4180} INFO - Setting next_dagrun for extract_raw_data_pipeline to 2026-06-18 07:59:00+00:00, run_after=2026-06-19 07:00:00+00:00
[2026-06-19T00:43:44.532+0000] {processor.py:208} INFO - Processing /opt/airflow/dags/driven_data_pipeline.py took 0.125 seconds
[2026-06-19T00:44:14.742+0000] {processor.py:186} INFO - Started process (PID=4474) to work on /opt/airflow/dags/driven_data_pipeline.py
[2026-06-19T00:44:14.743+0000] {processor.py:914} INFO - Processing file /opt/airflow/dags/driven_data_pipeline.py for tasks to queue
[2026-06-19T00:44:14.745+0000] {logging_mixin.py:190} INFO - [2026-06-19T00:44:14.744+0000] {dagbag.py:588} INFO - Filling up the DagBag from /opt/airflow/dags/driven_data_pipeline.py
[2026-06-19T00:44:14.825+0000] {processor.py:925} INFO - DAG(s) 'extract_raw_data_pipeline' retrieved from /opt/airflow/dags/driven_data_pipeline.py
[2026-06-19T00:44:14.840+0000] {logging_mixin.py:190} INFO - [2026-06-19T00:44:14.840+0000] {dag.py:3239} INFO - Sync 1 DAGs
[2026-06-19T00:44:14.853+0000] {logging_mixin.py:190} INFO - [2026-06-19T00:44:14.853+0000] {dag.py:4180} INFO - Setting next_dagrun for extract_raw_data_pipeline to 2026-06-18 07:59:00+00:00, run_after=2026-06-19 07:00:00+00:00
[2026-06-19T00:44:14.867+0000] {processor.py:208} INFO - Processing /opt/airflow/dags/driven_data_pipeline.py took 0.128 seconds
[2026-06-19T00:44:45.204+0000] {processor.py:186} INFO - Started process (PID=4482) to work on /opt/airflow/dags/driven_data_pipeline.py
[2026-06-19T00:44:45.204+0000] {processor.py:914} INFO - Processing file /opt/airflow/dags/driven_data_pipeline.py for tasks to queue
[2026-06-19T00:44:45.206+0000] {logging_mixin.py:190} INFO - [2026-06-19T00:44:45.206+0000] {dagbag.py:588} INFO - Filling up the DagBag from /opt/airflow/dags/driven_data_pipeline.py
[2026-06-19T00:44:45.285+0000] {processor.py:925} INFO - DAG(s) 'extract_raw_data_pipeline' retrieved from /opt/airflow/dags/driven_data_pipeline.py
[2026-06-19T00:44:45.299+0000] {logging_mixin.py:190} INFO - [2026-06-19T00:44:45.299+0000] {dag.py:3239} INFO - Sync 1 DAGs
[2026-06-19T00:44:45.311+0000] {logging_mixin.py:190} INFO - [2026-06-19T00:44:45.311+0000] {dag.py:4180} INFO - Setting next_dagrun for extract_raw_data_pipeline to 2026-06-18 07:59:00+00:00, run_after=2026-06-19 07:00:00+00:00
[2026-06-19T00:44:45.324+0000] {processor.py:208} INFO - Processing /opt/airflow/dags/driven_data_pipeline.py took 0.124 seconds
[2026-06-19T00:45:15.536+0000] {processor.py:186} INFO - Started process (PID=4490) to work on /opt/airflow/dags/driven_data_pipeline.py
[2026-06-19T00:45:15.537+0000] {processor.py:914} INFO - Processing file /opt/airflow/dags/driven_data_pipeline.py for tasks to queue
[2026-06-19T00:45:15.538+0000] {logging_mixin.py:190} INFO - [2026-06-19T00:45:15.538+0000] {dagbag.py:588} INFO - Filling up the DagBag from /opt/airflow/dags/driven_data_pipeline.py
[2026-06-19T00:45:15.617+0000] {processor.py:925} INFO - DAG(s) 'extract_raw_data_pipeline' retrieved from /opt/airflow/dags/driven_data_pipeline.py
[2026-06-19T00:45:15.632+0000] {logging_mixin.py:190} INFO - [2026-06-19T00:45:15.632+0000] {dag.py:3239} INFO - Sync 1 DAGs
[2026-06-19T00:45:15.645+0000] {logging_mixin.py:190} INFO - [2026-06-19T00:45:15.645+0000] {dag.py:4180} INFO - Setting next_dagrun for extract_raw_data_pipeline to 2026-06-18 07:59:00+00:00, run_after=2026-06-19 07:00:00+00:00
[2026-06-19T00:45:15.659+0000] {processor.py:208} INFO - Processing /opt/airflow/dags/driven_data_pipeline.py took 0.127 seconds
[2026-06-19T00:45:45.967+0000] {processor.py:186} INFO - Started process (PID=4498) to work on /opt/airflow/dags/driven_data_pipeline.py
[2026-06-19T00:45:45.967+0000] {processor.py:914} INFO - Processing file /opt/airflow/dags/driven_data_pipeline.py for tasks to queue
[2026-06-19T00:45:45.969+0000] {logging_mixin.py:190} INFO - [2026-06-19T00:45:45.968+0000] {dagbag.py:588} INFO - Filling up the DagBag from /opt/airflow/dags/driven_data_pipeline.py
[2026-06-19T00:45:46.052+0000] {processor.py:925} INFO - DAG(s) 'extract_raw_data_pipeline' retrieved from /opt/airflow/dags/driven_data_pipeline.py
[2026-06-19T00:45:46.066+0000] {logging_mixin.py:190} INFO - [2026-06-19T00:45:46.066+0000] {dag.py:3239} INFO - Sync 1 DAGs
[2026-06-19T00:45:46.079+0000] {logging_mixin.py:190} INFO - [2026-06-19T00:45:46.078+0000] {dag.py:4180} INFO - Setting next_dagrun for extract_raw_data_pipeline to 2026-06-18 07:59:00+00:00, run_after=2026-06-19 07:00:00+00:00
[2026-06-19T00:45:46.091+0000] {processor.py:208} INFO - Processing /opt/airflow/dags/driven_data_pipeline.py took 0.128 seconds
[2026-06-19T00:46:16.301+0000] {processor.py:186} INFO - Started process (PID=4506) to work on /opt/airflow/dags/driven_data_pipeline.py
[2026-06-19T00:46:16.301+0000] {processor.py:914} INFO - Processing file /opt/airflow/dags/driven_data_pipeline.py for tasks to queue
[2026-06-19T00:46:16.303+0000] {logging_mixin.py:190} INFO - [2026-06-19T00:46:16.303+0000] {dagbag.py:588} INFO - Filling up the DagBag from /opt/airflow/dags/driven_data_pipeline.py
[2026-06-19T00:46:16.410+0000] {processor.py:925} INFO - DAG(s) 'extract_raw_data_pipeline' retrieved from /opt/airflow/dags/driven_data_pipeline.py
[2026-06-19T00:46:16.422+0000] {logging_mixin.py:190} INFO - [2026-06-19T00:46:16.422+0000] {dag.py:3239} INFO - Sync 1 DAGs
[2026-06-19T00:46:16.434+0000] {logging_mixin.py:190} INFO - [2026-06-19T00:46:16.433+0000] {dag.py:4180} INFO - Setting next_dagrun for extract_raw_data_pipeline to 2026-06-18 07:59:00+00:00, run_after=2026-06-19 07:00:00+00:00
[2026-06-19T00:46:16.457+0000] {processor.py:208} INFO - Processing /opt/airflow/dags/driven_data_pipeline.py took 0.159 seconds
[2026-06-19T00:46:46.747+0000] {processor.py:186} INFO - Started process (PID=4514) to work on /opt/airflow/dags/driven_data_pipeline.py
[2026-06-19T00:46:46.747+0000] {processor.py:914} INFO - Processing file /opt/airflow/dags/driven_data_pipeline.py for tasks to queue
[2026-06-19T00:46:46.749+0000] {logging_mixin.py:190} INFO - [2026-06-19T00:46:46.749+0000] {dagbag.py:588} INFO - Filling up the DagBag from /opt/airflow/dags/driven_data_pipeline.py
[2026-06-19T00:46:46.834+0000] {processor.py:925} INFO - DAG(s) 'extract_raw_data_pipeline' retrieved from /opt/airflow/dags/driven_data_pipeline.py
[2026-06-19T00:46:46.848+0000] {logging_mixin.py:190} INFO - [2026-06-19T00:46:46.848+0000] {dag.py:3239} INFO - Sync 1 DAGs
[2026-06-19T00:46:46.860+0000] {logging_mixin.py:190} INFO - [2026-06-19T00:46:46.860+0000] {dag.py:4180} INFO - Setting next_dagrun for extract_raw_data_pipeline to 2026-06-18 07:59:00+00:00, run_after=2026-06-19 07:00:00+00:00
[2026-06-19T00:46:46.873+0000] {processor.py:208} INFO - Processing /opt/airflow/dags/driven_data_pipeline.py took 0.130 seconds
[2026-06-19T00:47:17.188+0000] {processor.py:186} INFO - Started process (PID=4522) to work on /opt/airflow/dags/driven_data_pipeline.py
[2026-06-19T00:47:17.189+0000] {processor.py:914} INFO - Processing file /opt/airflow/dags/driven_data_pipeline.py for tasks to queue
[2026-06-19T00:47:17.191+0000] {logging_mixin.py:190} INFO - [2026-06-19T00:47:17.190+0000] {dagbag.py:588} INFO - Filling up the DagBag from /opt/airflow/dags/driven_data_pipeline.py
[2026-06-19T00:47:17.282+0000] {processor.py:925} INFO - DAG(s) 'extract_raw_data_pipeline' retrieved from /opt/airflow/dags/driven_data_pipeline.py
[2026-06-19T00:47:17.298+0000] {logging_mixin.py:190} INFO - [2026-06-19T00:47:17.298+0000] {dag.py:3239} INFO - Sync 1 DAGs
[2026-06-19T00:47:17.311+0000] {logging_mixin.py:190} INFO - [2026-06-19T00:47:17.311+0000] {dag.py:4180} INFO - Setting next_dagrun for extract_raw_data_pipeline to 2026-06-18 07:59:00+00:00, run_after=2026-06-19 07:00:00+00:00
[2026-06-19T00:47:17.324+0000] {processor.py:208} INFO - Processing /opt/airflow/dags/driven_data_pipeline.py took 0.140 seconds
[2026-06-19T00:47:47.462+0000] {processor.py:186} INFO - Started process (PID=4530) to work on /opt/airflow/dags/driven_data_pipeline.py
[2026-06-19T00:47:47.470+0000] {processor.py:914} INFO - Processing file /opt/airflow/dags/driven_data_pipeline.py for tasks to queue
[2026-06-19T00:47:47.474+0000] {logging_mixin.py:190} INFO - [2026-06-19T00:47:47.474+0000] {dagbag.py:588} INFO - Filling up the DagBag from /opt/airflow/dags/driven_data_pipeline.py
[2026-06-19T00:47:47.697+0000] {processor.py:925} INFO - DAG(s) 'extract_raw_data_pipeline' retrieved from /opt/airflow/dags/driven_data_pipeline.py
[2026-06-19T00:47:47.714+0000] {logging_mixin.py:190} INFO - [2026-06-19T00:47:47.714+0000] {dag.py:3239} INFO - Sync 1 DAGs
[2026-06-19T00:47:47.730+0000] {logging_mixin.py:190} INFO - [2026-06-19T00:47:47.730+0000] {dag.py:4180} INFO - Setting next_dagrun for extract_raw_data_pipeline to 2026-06-18 07:59:00+00:00, run_after=2026-06-19 07:00:00+00:00
[2026-06-19T00:47:47.761+0000] {processor.py:208} INFO - Processing /opt/airflow/dags/driven_data_pipeline.py took 0.302 seconds
[2026-06-19T00:48:18.080+0000] {processor.py:186} INFO - Started process (PID=4538) to work on /opt/airflow/dags/driven_data_pipeline.py
[2026-06-19T00:48:18.081+0000] {processor.py:914} INFO - Processing file /opt/airflow/dags/driven_data_pipeline.py for tasks to queue
[2026-06-19T00:48:18.083+0000] {logging_mixin.py:190} INFO - [2026-06-19T00:48:18.082+0000] {dagbag.py:588} INFO - Filling up the DagBag from /opt/airflow/dags/driven_data_pipeline.py
[2026-06-19T00:48:18.179+0000] {processor.py:925} INFO - DAG(s) 'extract_raw_data_pipeline' retrieved from /opt/airflow/dags/driven_data_pipeline.py
[2026-06-19T00:48:18.192+0000] {logging_mixin.py:190} INFO - [2026-06-19T00:48:18.192+0000] {dag.py:3239} INFO - Sync 1 DAGs
[2026-06-19T00:48:18.206+0000] {logging_mixin.py:190} INFO - [2026-06-19T00:48:18.206+0000] {dag.py:4180} INFO - Setting next_dagrun for extract_raw_data_pipeline to 2026-06-18 07:59:00+00:00, run_after=2026-06-19 07:00:00+00:00
[2026-06-19T00:48:18.222+0000] {processor.py:208} INFO - Processing /opt/airflow/dags/driven_data_pipeline.py took 0.145 seconds
[2026-06-19T00:48:48.403+0000] {processor.py:186} INFO - Started process (PID=4546) to work on /opt/airflow/dags/driven_data_pipeline.py
[2026-06-19T00:48:48.404+0000] {processor.py:914} INFO - Processing file /opt/airflow/dags/driven_data_pipeline.py for tasks to queue
[2026-06-19T00:48:48.406+0000] {logging_mixin.py:190} INFO - [2026-06-19T00:48:48.405+0000] {dagbag.py:588} INFO - Filling up the DagBag from /opt/airflow/dags/driven_data_pipeline.py
[2026-06-19T00:48:48.500+0000] {processor.py:925} INFO - DAG(s) 'extract_raw_data_pipeline' retrieved from /opt/airflow/dags/driven_data_pipeline.py
[2026-06-19T00:48:48.517+0000] {logging_mixin.py:190} INFO - [2026-06-19T00:48:48.517+0000] {dag.py:3239} INFO - Sync 1 DAGs
[2026-06-19T00:48:48.530+0000] {logging_mixin.py:190} INFO - [2026-06-19T00:48:48.530+0000] {dag.py:4180} INFO - Setting next_dagrun for extract_raw_data_pipeline to 2026-06-18 07:59:00+00:00, run_after=2026-06-19 07:00:00+00:00
[2026-06-19T00:48:48.544+0000] {processor.py:208} INFO - Processing /opt/airflow/dags/driven_data_pipeline.py took 0.145 seconds
[2026-06-19T00:49:18.861+0000] {processor.py:186} INFO - Started process (PID=4554) to work on /opt/airflow/dags/driven_data_pipeline.py
[2026-06-19T00:49:18.862+0000] {processor.py:914} INFO - Processing file /opt/airflow/dags/driven_data_pipeline.py for tasks to queue
[2026-06-19T00:49:18.863+0000] {logging_mixin.py:190} INFO - [2026-06-19T00:49:18.863+0000] {dagbag.py:588} INFO - Filling up the DagBag from /opt/airflow/dags/driven_data_pipeline.py
[2026-06-19T00:49:18.944+0000] {processor.py:925} INFO - DAG(s) 'extract_raw_data_pipeline' retrieved from /opt/airflow/dags/driven_data_pipeline.py
[2026-06-19T00:49:18.958+0000] {logging_mixin.py:190} INFO - [2026-06-19T00:49:18.958+0000] {dag.py:3239} INFO - Sync 1 DAGs
[2026-06-19T00:49:18.971+0000] {logging_mixin.py:190} INFO - [2026-06-19T00:49:18.971+0000] {dag.py:4180} INFO - Setting next_dagrun for extract_raw_data_pipeline to 2026-06-18 07:59:00+00:00, run_after=2026-06-19 07:00:00+00:00
[2026-06-19T00:49:18.984+0000] {processor.py:208} INFO - Processing /opt/airflow/dags/driven_data_pipeline.py took 0.126 seconds
[2026-06-19T00:49:49.178+0000] {processor.py:186} INFO - Started process (PID=4562) to work on /opt/airflow/dags/driven_data_pipeline.py
[2026-06-19T00:49:49.178+0000] {processor.py:914} INFO - Processing file /opt/airflow/dags/driven_data_pipeline.py for tasks to queue
[2026-06-19T00:49:49.180+0000] {logging_mixin.py:190} INFO - [2026-06-19T00:49:49.180+0000] {dagbag.py:588} INFO - Filling up the DagBag from /opt/airflow/dags/driven_data_pipeline.py
[2026-06-19T00:49:49.266+0000] {processor.py:925} INFO - DAG(s) 'extract_raw_data_pipeline' retrieved from /opt/airflow/dags/driven_data_pipeline.py
[2026-06-19T00:49:49.281+0000] {logging_mixin.py:190} INFO - [2026-06-19T00:49:49.281+0000] {dag.py:3239} INFO - Sync 1 DAGs
[2026-06-19T00:49:49.293+0000] {logging_mixin.py:190} INFO - [2026-06-19T00:49:49.293+0000] {dag.py:4180} INFO - Setting next_dagrun for extract_raw_data_pipeline to 2026-06-18 07:59:00+00:00, run_after=2026-06-19 07:00:00+00:00
[2026-06-19T00:49:49.308+0000] {processor.py:208} INFO - Processing /opt/airflow/dags/driven_data_pipeline.py took 0.134 seconds
[2026-06-19T00:50:19.530+0000] {processor.py:186} INFO - Started process (PID=4570) to work on /opt/airflow/dags/driven_data_pipeline.py
[2026-06-19T00:50:19.531+0000] {processor.py:914} INFO - Processing file /opt/airflow/dags/driven_data_pipeline.py for tasks to queue
[2026-06-19T00:50:19.532+0000] {logging_mixin.py:190} INFO - [2026-06-19T00:50:19.532+0000] {dagbag.py:588} INFO - Filling up the DagBag from /opt/airflow/dags/driven_data_pipeline.py
[2026-06-19T00:50:19.615+0000] {processor.py:925} INFO - DAG(s) 'extract_raw_data_pipeline' retrieved from /opt/airflow/dags/driven_data_pipeline.py
[2026-06-19T00:50:19.630+0000] {logging_mixin.py:190} INFO - [2026-06-19T00:50:19.629+0000] {dag.py:3239} INFO - Sync 1 DAGs
[2026-06-19T00:50:19.642+0000] {logging_mixin.py:190} INFO - [2026-06-19T00:50:19.642+0000] {dag.py:4180} INFO - Setting next_dagrun for extract_raw_data_pipeline to 2026-06-18 07:59:00+00:00, run_after=2026-06-19 07:00:00+00:00
[2026-06-19T00:50:19.655+0000] {processor.py:208} INFO - Processing /opt/airflow/dags/driven_data_pipeline.py took 0.129 seconds
[2026-06-19T00:50:49.817+0000] {processor.py:186} INFO - Started process (PID=4578) to work on /opt/airflow/dags/driven_data_pipeline.py
[2026-06-19T00:50:49.818+0000] {processor.py:914} INFO - Processing file /opt/airflow/dags/driven_data_pipeline.py for tasks to queue
[2026-06-19T00:50:49.820+0000] {logging_mixin.py:190} INFO - [2026-06-19T00:50:49.819+0000] {dagbag.py:588} INFO - Filling up the DagBag from /opt/airflow/dags/driven_data_pipeline.py
[2026-06-19T00:50:50.064+0000] {processor.py:925} INFO - DAG(s) 'extract_raw_data_pipeline' retrieved from /opt/airflow/dags/driven_data_pipeline.py
[2026-06-19T00:50:50.078+0000] {logging_mixin.py:190} INFO - [2026-06-19T00:50:50.078+0000] {dag.py:3239} INFO - Sync 1 DAGs
[2026-06-19T00:50:50.090+0000] {logging_mixin.py:190} INFO - [2026-06-19T00:50:50.090+0000] {dag.py:4180} INFO - Setting next_dagrun for extract_raw_data_pipeline to 2026-06-18 07:59:00+00:00, run_after=2026-06-19 07:00:00+00:00
[2026-06-19T00:50:50.101+0000] {processor.py:208} INFO - Processing /opt/airflow/dags/driven_data_pipeline.py took 0.288 seconds
[2026-06-19T00:51:20.306+0000] {processor.py:186} INFO - Started process (PID=4586) to work on /opt/airflow/dags/driven_data_pipeline.py
[2026-06-19T00:51:20.306+0000] {processor.py:914} INFO - Processing file /opt/airflow/dags/driven_data_pipeline.py for tasks to queue
[2026-06-19T00:51:20.308+0000] {logging_mixin.py:190} INFO - [2026-06-19T00:51:20.308+0000] {dagbag.py:588} INFO - Filling up the DagBag from /opt/airflow/dags/driven_data_pipeline.py
[2026-06-19T00:51:20.411+0000] {processor.py:925} INFO - DAG(s) 'extract_raw_data_pipeline' retrieved from /opt/airflow/dags/driven_data_pipeline.py
[2026-06-19T00:51:20.425+0000] {logging_mixin.py:190} INFO - [2026-06-19T00:51:20.425+0000] {dag.py:3239} INFO - Sync 1 DAGs
[2026-06-19T00:51:20.436+0000] {logging_mixin.py:190} INFO - [2026-06-19T00:51:20.436+0000] {dag.py:4180} INFO - Setting next_dagrun for extract_raw_data_pipeline to 2026-06-18 07:59:00+00:00, run_after=2026-06-19 07:00:00+00:00
[2026-06-19T00:51:20.449+0000] {processor.py:208} INFO - Processing /opt/airflow/dags/driven_data_pipeline.py took 0.147 seconds
[2026-06-19T00:51:50.639+0000] {processor.py:186} INFO - Started process (PID=4594) to work on /opt/airflow/dags/driven_data_pipeline.py
[2026-06-19T00:51:50.640+0000] {processor.py:914} INFO - Processing file /opt/airflow/dags/driven_data_pipeline.py for tasks to queue
[2026-06-19T00:51:50.642+0000] {logging_mixin.py:190} INFO - [2026-06-19T00:51:50.642+0000] {dagbag.py:588} INFO - Filling up the DagBag from /opt/airflow/dags/driven_data_pipeline.py
[2026-06-19T00:51:50.743+0000] {processor.py:925} INFO - DAG(s) 'extract_raw_data_pipeline' retrieved from /opt/airflow/dags/driven_data_pipeline.py
[2026-06-19T00:51:50.761+0000] {logging_mixin.py:190} INFO - [2026-06-19T00:51:50.761+0000] {dag.py:3239} INFO - Sync 1 DAGs
[2026-06-19T00:51:50.775+0000] {logging_mixin.py:190} INFO - [2026-06-19T00:51:50.775+0000] {dag.py:4180} INFO - Setting next_dagrun for extract_raw_data_pipeline to 2026-06-18 07:59:00+00:00, run_after=2026-06-19 07:00:00+00:00
[2026-06-19T00:51:50.790+0000] {processor.py:208} INFO - Processing /opt/airflow/dags/driven_data_pipeline.py took 0.155 seconds
[2026-06-19T00:52:21.159+0000] {processor.py:186} INFO - Started process (PID=4602) to work on /opt/airflow/dags/driven_data_pipeline.py
[2026-06-19T00:52:21.160+0000] {processor.py:914} INFO - Processing file /opt/airflow/dags/driven_data_pipeline.py for tasks to queue
[2026-06-19T00:52:21.162+0000] {logging_mixin.py:190} INFO - [2026-06-19T00:52:21.161+0000] {dagbag.py:588} INFO - Filling up the DagBag from /opt/airflow/dags/driven_data_pipeline.py
[2026-06-19T00:52:21.246+0000] {processor.py:925} INFO - DAG(s) 'extract_raw_data_pipeline' retrieved from /opt/airflow/dags/driven_data_pipeline.py
[2026-06-19T00:52:21.260+0000] {logging_mixin.py:190} INFO - [2026-06-19T00:52:21.260+0000] {dag.py:3239} INFO - Sync 1 DAGs
[2026-06-19T00:52:21.275+0000] {logging_mixin.py:190} INFO - [2026-06-19T00:52:21.275+0000] {dag.py:4180} INFO - Setting next_dagrun for extract_raw_data_pipeline to 2026-06-18 07:59:00+00:00, run_after=2026-06-19 07:00:00+00:00
[2026-06-19T00:52:21.299+0000] {processor.py:208} INFO - Processing /opt/airflow/dags/driven_data_pipeline.py took 0.143 seconds
[2026-06-19T00:52:51.516+0000] {processor.py:186} INFO - Started process (PID=4610) to work on /opt/airflow/dags/driven_data_pipeline.py
[2026-06-19T00:52:51.517+0000] {processor.py:914} INFO - Processing file /opt/airflow/dags/driven_data_pipeline.py for tasks to queue
[2026-06-19T00:52:51.518+0000] {logging_mixin.py:190} INFO - [2026-06-19T00:52:51.518+0000] {dagbag.py:588} INFO - Filling up the DagBag from /opt/airflow/dags/driven_data_pipeline.py
[2026-06-19T00:52:51.599+0000] {processor.py:925} INFO - DAG(s) 'extract_raw_data_pipeline' retrieved from /opt/airflow/dags/driven_data_pipeline.py
[2026-06-19T00:52:51.613+0000] {logging_mixin.py:190} INFO - [2026-06-19T00:52:51.613+0000] {dag.py:3239} INFO - Sync 1 DAGs
[2026-06-19T00:52:51.625+0000] {logging_mixin.py:190} INFO - [2026-06-19T00:52:51.625+0000] {dag.py:4180} INFO - Setting next_dagrun for extract_raw_data_pipeline to 2026-06-18 07:59:00+00:00, run_after=2026-06-19 07:00:00+00:00
[2026-06-19T00:52:51.638+0000] {processor.py:208} INFO - Processing /opt/airflow/dags/driven_data_pipeline.py took 0.126 seconds
[2026-06-19T00:53:22.008+0000] {processor.py:186} INFO - Started process (PID=4618) to work on /opt/airflow/dags/driven_data_pipeline.py
[2026-06-19T00:53:22.008+0000] {processor.py:914} INFO - Processing file /opt/airflow/dags/driven_data_pipeline.py for tasks to queue
[2026-06-19T00:53:22.010+0000] {logging_mixin.py:190} INFO - [2026-06-19T00:53:22.010+0000] {dagbag.py:588} INFO - Filling up the DagBag from /opt/airflow/dags/driven_data_pipeline.py
[2026-06-19T00:53:22.107+0000] {processor.py:925} INFO - DAG(s) 'extract_raw_data_pipeline' retrieved from /opt/airflow/dags/driven_data_pipeline.py
[2026-06-19T00:53:22.123+0000] {logging_mixin.py:190} INFO - [2026-06-19T00:53:22.122+0000] {dag.py:3239} INFO - Sync 1 DAGs
[2026-06-19T00:53:22.137+0000] {logging_mixin.py:190} INFO - [2026-06-19T00:53:22.137+0000] {dag.py:4180} INFO - Setting next_dagrun for extract_raw_data_pipeline to 2026-06-18 07:59:00+00:00, run_after=2026-06-19 07:00:00+00:00
[2026-06-19T00:53:22.149+0000] {processor.py:208} INFO - Processing /opt/airflow/dags/driven_data_pipeline.py took 0.145 seconds
[2026-06-19T00:53:52.265+0000] {processor.py:186} INFO - Started process (PID=4631) to work on /opt/airflow/dags/driven_data_pipeline.py
[2026-06-19T00:53:52.266+0000] {processor.py:914} INFO - Processing file /opt/airflow/dags/driven_data_pipeline.py for tasks to queue
[2026-06-19T00:53:52.267+0000] {logging_mixin.py:190} INFO - [2026-06-19T00:53:52.267+0000] {dagbag.py:588} INFO - Filling up the DagBag from /opt/airflow/dags/driven_data_pipeline.py
[2026-06-19T00:53:52.343+0000] {processor.py:925} INFO - DAG(s) 'extract_raw_data_pipeline' retrieved from /opt/airflow/dags/driven_data_pipeline.py
[2026-06-19T00:53:52.358+0000] {logging_mixin.py:190} INFO - [2026-06-19T00:53:52.358+0000] {dag.py:3239} INFO - Sync 1 DAGs
[2026-06-19T00:53:52.371+0000] {logging_mixin.py:190} INFO - [2026-06-19T00:53:52.371+0000] {dag.py:4180} INFO - Setting next_dagrun for extract_raw_data_pipeline to 2026-06-18 07:59:00+00:00, run_after=2026-06-19 07:00:00+00:00
[2026-06-19T00:53:52.385+0000] {processor.py:208} INFO - Processing /opt/airflow/dags/driven_data_pipeline.py took 0.123 seconds
[2026-06-19T00:54:22.527+0000] {processor.py:186} INFO - Started process (PID=4639) to work on /opt/airflow/dags/driven_data_pipeline.py
[2026-06-19T00:54:22.528+0000] {processor.py:914} INFO - Processing file /opt/airflow/dags/driven_data_pipeline.py for tasks to queue
[2026-06-19T00:54:22.529+0000] {logging_mixin.py:190} INFO - [2026-06-19T00:54:22.529+0000] {dagbag.py:588} INFO - Filling up the DagBag from /opt/airflow/dags/driven_data_pipeline.py
[2026-06-19T00:54:22.610+0000] {processor.py:925} INFO - DAG(s) 'extract_raw_data_pipeline' retrieved from /opt/airflow/dags/driven_data_pipeline.py
[2026-06-19T00:54:22.624+0000] {logging_mixin.py:190} INFO - [2026-06-19T00:54:22.624+0000] {dag.py:3239} INFO - Sync 1 DAGs
[2026-06-19T00:54:22.637+0000] {logging_mixin.py:190} INFO - [2026-06-19T00:54:22.637+0000] {dag.py:4180} INFO - Setting next_dagrun for extract_raw_data_pipeline to 2026-06-18 07:59:00+00:00, run_after=2026-06-19 07:00:00+00:00
[2026-06-19T00:54:22.651+0000] {processor.py:208} INFO - Processing /opt/airflow/dags/driven_data_pipeline.py took 0.127 seconds
[2026-06-19T00:54:52.858+0000] {processor.py:186} INFO - Started process (PID=4647) to work on /opt/airflow/dags/driven_data_pipeline.py
[2026-06-19T00:54:52.859+0000] {processor.py:914} INFO - Processing file /opt/airflow/dags/driven_data_pipeline.py for tasks to queue
[2026-06-19T00:54:52.861+0000] {logging_mixin.py:190} INFO - [2026-06-19T00:54:52.860+0000] {dagbag.py:588} INFO - Filling up the DagBag from /opt/airflow/dags/driven_data_pipeline.py
[2026-06-19T00:54:52.941+0000] {processor.py:925} INFO - DAG(s) 'extract_raw_data_pipeline' retrieved from /opt/airflow/dags/driven_data_pipeline.py
[2026-06-19T00:54:52.956+0000] {logging_mixin.py:190} INFO - [2026-06-19T00:54:52.956+0000] {dag.py:3239} INFO - Sync 1 DAGs
[2026-06-19T00:54:52.970+0000] {logging_mixin.py:190} INFO - [2026-06-19T00:54:52.970+0000] {dag.py:4180} INFO - Setting next_dagrun for extract_raw_data_pipeline to 2026-06-18 07:59:00+00:00, run_after=2026-06-19 07:00:00+00:00
[2026-06-19T00:54:52.984+0000] {processor.py:208} INFO - Processing /opt/airflow/dags/driven_data_pipeline.py took 0.130 seconds
[2026-06-19T00:55:23.222+0000] {processor.py:186} INFO - Started process (PID=4655) to work on /opt/airflow/dags/driven_data_pipeline.py
[2026-06-19T00:55:23.223+0000] {processor.py:914} INFO - Processing file /opt/airflow/dags/driven_data_pipeline.py for tasks to queue
[2026-06-19T00:55:23.224+0000] {logging_mixin.py:190} INFO - [2026-06-19T00:55:23.224+0000] {dagbag.py:588} INFO - Filling up the DagBag from /opt/airflow/dags/driven_data_pipeline.py
[2026-06-19T00:55:23.305+0000] {processor.py:925} INFO - DAG(s) 'extract_raw_data_pipeline' retrieved from /opt/airflow/dags/driven_data_pipeline.py
[2026-06-19T00:55:23.319+0000] {logging_mixin.py:190} INFO - [2026-06-19T00:55:23.319+0000] {dag.py:3239} INFO - Sync 1 DAGs
[2026-06-19T00:55:23.332+0000] {logging_mixin.py:190} INFO - [2026-06-19T00:55:23.332+0000] {dag.py:4180} INFO - Setting next_dagrun for extract_raw_data_pipeline to 2026-06-18 07:59:00+00:00, run_after=2026-06-19 07:00:00+00:00
[2026-06-19T00:55:23.345+0000] {processor.py:208} INFO - Processing /opt/airflow/dags/driven_data_pipeline.py took 0.126 seconds
[2026-06-19T00:55:53.640+0000] {processor.py:186} INFO - Started process (PID=4663) to work on /opt/airflow/dags/driven_data_pipeline.py
[2026-06-19T00:55:53.641+0000] {processor.py:914} INFO - Processing file /opt/airflow/dags/driven_data_pipeline.py for tasks to queue
[2026-06-19T00:55:53.643+0000] {logging_mixin.py:190} INFO - [2026-06-19T00:55:53.643+0000] {dagbag.py:588} INFO - Filling up the DagBag from /opt/airflow/dags/driven_data_pipeline.py
[2026-06-19T00:55:53.723+0000] {processor.py:925} INFO - DAG(s) 'extract_raw_data_pipeline' retrieved from /opt/airflow/dags/driven_data_pipeline.py
[2026-06-19T00:55:53.737+0000] {logging_mixin.py:190} INFO - [2026-06-19T00:55:53.737+0000] {dag.py:3239} INFO - Sync 1 DAGs
[2026-06-19T00:55:53.749+0000] {logging_mixin.py:190} INFO - [2026-06-19T00:55:53.749+0000] {dag.py:4180} INFO - Setting next_dagrun for extract_raw_data_pipeline to 2026-06-18 07:59:00+00:00, run_after=2026-06-19 07:00:00+00:00
[2026-06-19T00:55:53.766+0000] {processor.py:208} INFO - Processing /opt/airflow/dags/driven_data_pipeline.py took 0.129 seconds
[2026-06-19T00:56:24.389+0000] {processor.py:186} INFO - Started process (PID=4671) to work on /opt/airflow/dags/driven_data_pipeline.py
[2026-06-19T00:56:24.390+0000] {processor.py:914} INFO - Processing file /opt/airflow/dags/driven_data_pipeline.py for tasks to queue
[2026-06-19T00:56:24.392+0000] {logging_mixin.py:190} INFO - [2026-06-19T00:56:24.392+0000] {dagbag.py:588} INFO - Filling up the DagBag from /opt/airflow/dags/driven_data_pipeline.py
[2026-06-19T00:56:24.479+0000] {processor.py:925} INFO - DAG(s) 'extract_raw_data_pipeline' retrieved from /opt/airflow/dags/driven_data_pipeline.py
[2026-06-19T00:56:24.493+0000] {logging_mixin.py:190} INFO - [2026-06-19T00:56:24.493+0000] {dag.py:3239} INFO - Sync 1 DAGs
[2026-06-19T00:56:24.508+0000] {logging_mixin.py:190} INFO - [2026-06-19T00:56:24.508+0000] {dag.py:4180} INFO - Setting next_dagrun for extract_raw_data_pipeline to 2026-06-18 07:59:00+00:00, run_after=2026-06-19 07:00:00+00:00
[2026-06-19T00:56:24.521+0000] {processor.py:208} INFO - Processing /opt/airflow/dags/driven_data_pipeline.py took 0.140 seconds
[2026-06-19T00:56:54.832+0000] {processor.py:186} INFO - Started process (PID=4679) to work on /opt/airflow/dags/driven_data_pipeline.py
[2026-06-19T00:56:54.833+0000] {processor.py:914} INFO - Processing file /opt/airflow/dags/driven_data_pipeline.py for tasks to queue
[2026-06-19T00:56:54.835+0000] {logging_mixin.py:190} INFO - [2026-06-19T00:56:54.835+0000] {dagbag.py:588} INFO - Filling up the DagBag from /opt/airflow/dags/driven_data_pipeline.py
[2026-06-19T00:56:54.915+0000] {processor.py:925} INFO - DAG(s) 'extract_raw_data_pipeline' retrieved from /opt/airflow/dags/driven_data_pipeline.py
[2026-06-19T00:56:54.930+0000] {logging_mixin.py:190} INFO - [2026-06-19T00:56:54.930+0000] {dag.py:3239} INFO - Sync 1 DAGs
[2026-06-19T00:56:54.943+0000] {logging_mixin.py:190} INFO - [2026-06-19T00:56:54.943+0000] {dag.py:4180} INFO - Setting next_dagrun for extract_raw_data_pipeline to 2026-06-18 07:59:00+00:00, run_after=2026-06-19 07:00:00+00:00
[2026-06-19T00:56:54.966+0000] {processor.py:208} INFO - Processing /opt/airflow/dags/driven_data_pipeline.py took 0.137 seconds
[2026-06-19T00:57:25.207+0000] {processor.py:186} INFO - Started process (PID=4686) to work on /opt/airflow/dags/driven_data_pipeline.py
[2026-06-19T00:57:25.208+0000] {processor.py:914} INFO - Processing file /opt/airflow/dags/driven_data_pipeline.py for tasks to queue
[2026-06-19T00:57:25.209+0000] {logging_mixin.py:190} INFO - [2026-06-19T00:57:25.209+0000] {dagbag.py:588} INFO - Filling up the DagBag from /opt/airflow/dags/driven_data_pipeline.py
[2026-06-19T00:57:25.289+0000] {processor.py:925} INFO - DAG(s) 'extract_raw_data_pipeline' retrieved from /opt/airflow/dags/driven_data_pipeline.py
[2026-06-19T00:57:25.303+0000] {logging_mixin.py:190} INFO - [2026-06-19T00:57:25.303+0000] {dag.py:3239} INFO - Sync 1 DAGs
[2026-06-19T00:57:25.316+0000] {logging_mixin.py:190} INFO - [2026-06-19T00:57:25.316+0000] {dag.py:4180} INFO - Setting next_dagrun for extract_raw_data_pipeline to 2026-06-18 07:59:00+00:00, run_after=2026-06-19 07:00:00+00:00
[2026-06-19T00:57:25.327+0000] {processor.py:208} INFO - Processing /opt/airflow/dags/driven_data_pipeline.py took 0.124 seconds
[2026-06-19T00:57:55.540+0000] {processor.py:186} INFO - Started process (PID=4694) to work on /opt/airflow/dags/driven_data_pipeline.py
[2026-06-19T00:57:55.540+0000] {processor.py:914} INFO - Processing file /opt/airflow/dags/driven_data_pipeline.py for tasks to queue
[2026-06-19T00:57:55.542+0000] {logging_mixin.py:190} INFO - [2026-06-19T00:57:55.541+0000] {dagbag.py:588} INFO - Filling up the DagBag from /opt/airflow/dags/driven_data_pipeline.py
[2026-06-19T00:57:55.636+0000] {processor.py:925} INFO - DAG(s) 'extract_raw_data_pipeline' retrieved from /opt/airflow/dags/driven_data_pipeline.py
[2026-06-19T00:57:55.649+0000] {logging_mixin.py:190} INFO - [2026-06-19T00:57:55.649+0000] {dag.py:3239} INFO - Sync 1 DAGs
[2026-06-19T00:57:55.661+0000] {logging_mixin.py:190} INFO - [2026-06-19T00:57:55.661+0000] {dag.py:4180} INFO - Setting next_dagrun for extract_raw_data_pipeline to 2026-06-18 07:59:00+00:00, run_after=2026-06-19 07:00:00+00:00
[2026-06-19T00:57:55.677+0000] {processor.py:208} INFO - Processing /opt/airflow/dags/driven_data_pipeline.py took 0.141 seconds
[2026-06-19T00:58:26.021+0000] {processor.py:186} INFO - Started process (PID=4701) to work on /opt/airflow/dags/driven_data_pipeline.py
[2026-06-19T00:58:26.021+0000] {processor.py:914} INFO - Processing file /opt/airflow/dags/driven_data_pipeline.py for tasks to queue
[2026-06-19T00:58:26.023+0000] {logging_mixin.py:190} INFO - [2026-06-19T00:58:26.023+0000] {dagbag.py:588} INFO - Filling up the DagBag from /opt/airflow/dags/driven_data_pipeline.py
[2026-06-19T00:58:26.104+0000] {processor.py:925} INFO - DAG(s) 'extract_raw_data_pipeline' retrieved from /opt/airflow/dags/driven_data_pipeline.py
[2026-06-19T00:58:26.120+0000] {logging_mixin.py:190} INFO - [2026-06-19T00:58:26.120+0000] {dag.py:3239} INFO - Sync 1 DAGs
[2026-06-19T00:58:26.134+0000] {logging_mixin.py:190} INFO - [2026-06-19T00:58:26.134+0000] {dag.py:4180} INFO - Setting next_dagrun for extract_raw_data_pipeline to 2026-06-18 07:59:00+00:00, run_after=2026-06-19 07:00:00+00:00
[2026-06-19T00:58:26.152+0000] {processor.py:208} INFO - Processing /opt/airflow/dags/driven_data_pipeline.py took 0.138 seconds
[2026-06-19T00:58:56.391+0000] {processor.py:186} INFO - Started process (PID=4709) to work on /opt/airflow/dags/driven_data_pipeline.py
[2026-06-19T00:58:56.392+0000] {processor.py:914} INFO - Processing file /opt/airflow/dags/driven_data_pipeline.py for tasks to queue
[2026-06-19T00:58:56.394+0000] {logging_mixin.py:190} INFO - [2026-06-19T00:58:56.393+0000] {dagbag.py:588} INFO - Filling up the DagBag from /opt/airflow/dags/driven_data_pipeline.py
[2026-06-19T00:58:56.474+0000] {processor.py:925} INFO - DAG(s) 'extract_raw_data_pipeline' retrieved from /opt/airflow/dags/driven_data_pipeline.py
[2026-06-19T00:58:56.488+0000] {logging_mixin.py:190} INFO - [2026-06-19T00:58:56.488+0000] {dag.py:3239} INFO - Sync 1 DAGs
[2026-06-19T00:58:56.501+0000] {logging_mixin.py:190} INFO - [2026-06-19T00:58:56.501+0000] {dag.py:4180} INFO - Setting next_dagrun for extract_raw_data_pipeline to 2026-06-18 07:59:00+00:00, run_after=2026-06-19 07:00:00+00:00
[2026-06-19T00:58:56.513+0000] {processor.py:208} INFO - Processing /opt/airflow/dags/driven_data_pipeline.py took 0.126 seconds
[2026-06-19T00:59:26.752+0000] {processor.py:186} INFO - Started process (PID=4717) to work on /opt/airflow/dags/driven_data_pipeline.py
[2026-06-19T00:59:26.753+0000] {processor.py:914} INFO - Processing file /opt/airflow/dags/driven_data_pipeline.py for tasks to queue
[2026-06-19T00:59:26.754+0000] {logging_mixin.py:190} INFO - [2026-06-19T00:59:26.754+0000] {dagbag.py:588} INFO - Filling up the DagBag from /opt/airflow/dags/driven_data_pipeline.py
[2026-06-19T00:59:26.835+0000] {processor.py:925} INFO - DAG(s) 'extract_raw_data_pipeline' retrieved from /opt/airflow/dags/driven_data_pipeline.py
[2026-06-19T00:59:26.850+0000] {logging_mixin.py:190} INFO - [2026-06-19T00:59:26.850+0000] {dag.py:3239} INFO - Sync 1 DAGs
[2026-06-19T00:59:26.863+0000] {logging_mixin.py:190} INFO - [2026-06-19T00:59:26.862+0000] {dag.py:4180} INFO - Setting next_dagrun for extract_raw_data_pipeline to 2026-06-18 07:59:00+00:00, run_after=2026-06-19 07:00:00+00:00
[2026-06-19T00:59:26.876+0000] {processor.py:208} INFO - Processing /opt/airflow/dags/driven_data_pipeline.py took 0.128 seconds
[2026-06-19T00:59:57.108+0000] {processor.py:186} INFO - Started process (PID=4725) to work on /opt/airflow/dags/driven_data_pipeline.py
[2026-06-19T00:59:57.109+0000] {processor.py:914} INFO - Processing file /opt/airflow/dags/driven_data_pipeline.py for tasks to queue
[2026-06-19T00:59:57.110+0000] {logging_mixin.py:190} INFO - [2026-06-19T00:59:57.110+0000] {dagbag.py:588} INFO - Filling up the DagBag from /opt/airflow/dags/driven_data_pipeline.py
[2026-06-19T00:59:57.191+0000] {processor.py:925} INFO - DAG(s) 'extract_raw_data_pipeline' retrieved from /opt/airflow/dags/driven_data_pipeline.py
[2026-06-19T00:59:57.204+0000] {logging_mixin.py:190} INFO - [2026-06-19T00:59:57.204+0000] {dag.py:3239} INFO - Sync 1 DAGs
[2026-06-19T00:59:57.217+0000] {logging_mixin.py:190} INFO - [2026-06-19T00:59:57.216+0000] {dag.py:4180} INFO - Setting next_dagrun for extract_raw_data_pipeline to 2026-06-18 07:59:00+00:00, run_after=2026-06-19 07:00:00+00:00
[2026-06-19T00:59:57.234+0000] {processor.py:208} INFO - Processing /opt/airflow/dags/driven_data_pipeline.py took 0.130 seconds
[2026-06-19T01:00:27.468+0000] {processor.py:186} INFO - Started process (PID=4733) to work on /opt/airflow/dags/driven_data_pipeline.py
[2026-06-19T01:00:27.469+0000] {processor.py:914} INFO - Processing file /opt/airflow/dags/driven_data_pipeline.py for tasks to queue
[2026-06-19T01:00:27.470+0000] {logging_mixin.py:190} INFO - [2026-06-19T01:00:27.470+0000] {dagbag.py:588} INFO - Filling up the DagBag from /opt/airflow/dags/driven_data_pipeline.py
[2026-06-19T01:00:27.553+0000] {processor.py:925} INFO - DAG(s) 'extract_raw_data_pipeline' retrieved from /opt/airflow/dags/driven_data_pipeline.py
[2026-06-19T01:00:27.567+0000] {logging_mixin.py:190} INFO - [2026-06-19T01:00:27.567+0000] {dag.py:3239} INFO - Sync 1 DAGs
[2026-06-19T01:00:27.580+0000] {logging_mixin.py:190} INFO - [2026-06-19T01:00:27.580+0000] {dag.py:4180} INFO - Setting next_dagrun for extract_raw_data_pipeline to 2026-06-18 07:59:00+00:00, run_after=2026-06-19 07:00:00+00:00
[2026-06-19T01:00:27.595+0000] {processor.py:208} INFO - Processing /opt/airflow/dags/driven_data_pipeline.py took 0.131 seconds
[2026-06-19T01:00:58.014+0000] {processor.py:186} INFO - Started process (PID=4741) to work on /opt/airflow/dags/driven_data_pipeline.py
[2026-06-19T01:00:58.015+0000] {processor.py:914} INFO - Processing file /opt/airflow/dags/driven_data_pipeline.py for tasks to queue
[2026-06-19T01:00:58.016+0000] {logging_mixin.py:190} INFO - [2026-06-19T01:00:58.016+0000] {dagbag.py:588} INFO - Filling up the DagBag from /opt/airflow/dags/driven_data_pipeline.py
[2026-06-19T01:00:58.094+0000] {processor.py:925} INFO - DAG(s) 'extract_raw_data_pipeline' retrieved from /opt/airflow/dags/driven_data_pipeline.py
[2026-06-19T01:00:58.109+0000] {logging_mixin.py:190} INFO - [2026-06-19T01:00:58.108+0000] {dag.py:3239} INFO - Sync 1 DAGs
[2026-06-19T01:00:58.120+0000] {logging_mixin.py:190} INFO - [2026-06-19T01:00:58.120+0000] {dag.py:4180} INFO - Setting next_dagrun for extract_raw_data_pipeline to 2026-06-18 07:59:00+00:00, run_after=2026-06-19 07:00:00+00:00
[2026-06-19T01:00:58.132+0000] {processor.py:208} INFO - Processing /opt/airflow/dags/driven_data_pipeline.py took 0.122 seconds
[2026-06-19T01:01:28.378+0000] {processor.py:186} INFO - Started process (PID=4749) to work on /opt/airflow/dags/driven_data_pipeline.py
[2026-06-19T01:01:28.379+0000] {processor.py:914} INFO - Processing file /opt/airflow/dags/driven_data_pipeline.py for tasks to queue
[2026-06-19T01:01:28.380+0000] {logging_mixin.py:190} INFO - [2026-06-19T01:01:28.380+0000] {dagbag.py:588} INFO - Filling up the DagBag from /opt/airflow/dags/driven_data_pipeline.py
[2026-06-19T01:01:28.465+0000] {processor.py:925} INFO - DAG(s) 'extract_raw_data_pipeline' retrieved from /opt/airflow/dags/driven_data_pipeline.py
[2026-06-19T01:01:28.480+0000] {logging_mixin.py:190} INFO - [2026-06-19T01:01:28.479+0000] {dag.py:3239} INFO - Sync 1 DAGs
[2026-06-19T01:01:28.492+0000] {logging_mixin.py:190} INFO - [2026-06-19T01:01:28.492+0000] {dag.py:4180} INFO - Setting next_dagrun for extract_raw_data_pipeline to 2026-06-18 07:59:00+00:00, run_after=2026-06-19 07:00:00+00:00
[2026-06-19T01:01:28.505+0000] {processor.py:208} INFO - Processing /opt/airflow/dags/driven_data_pipeline.py took 0.131 seconds
[2026-06-19T01:01:58.775+0000] {processor.py:186} INFO - Started process (PID=4757) to work on /opt/airflow/dags/driven_data_pipeline.py
[2026-06-19T01:01:58.776+0000] {processor.py:914} INFO - Processing file /opt/airflow/dags/driven_data_pipeline.py for tasks to queue
[2026-06-19T01:01:58.778+0000] {logging_mixin.py:190} INFO - [2026-06-19T01:01:58.777+0000] {dagbag.py:588} INFO - Filling up the DagBag from /opt/airflow/dags/driven_data_pipeline.py
[2026-06-19T01:01:58.875+0000] {processor.py:925} INFO - DAG(s) 'extract_raw_data_pipeline' retrieved from /opt/airflow/dags/driven_data_pipeline.py
[2026-06-19T01:01:58.889+0000] {logging_mixin.py:190} INFO - [2026-06-19T01:01:58.889+0000] {dag.py:3239} INFO - Sync 1 DAGs
[2026-06-19T01:01:58.901+0000] {logging_mixin.py:190} INFO - [2026-06-19T01:01:58.901+0000] {dag.py:4180} INFO - Setting next_dagrun for extract_raw_data_pipeline to 2026-06-18 07:59:00+00:00, run_after=2026-06-19 07:00:00+00:00
[2026-06-19T01:01:58.914+0000] {processor.py:208} INFO - Processing /opt/airflow/dags/driven_data_pipeline.py took 0.144 seconds
[2026-06-19T01:02:29.158+0000] {processor.py:186} INFO - Started process (PID=4765) to work on /opt/airflow/dags/driven_data_pipeline.py
[2026-06-19T01:02:29.159+0000] {processor.py:914} INFO - Processing file /opt/airflow/dags/driven_data_pipeline.py for tasks to queue
[2026-06-19T01:02:29.160+0000] {logging_mixin.py:190} INFO - [2026-06-19T01:02:29.160+0000] {dagbag.py:588} INFO - Filling up the DagBag from /opt/airflow/dags/driven_data_pipeline.py
[2026-06-19T01:02:29.252+0000] {processor.py:925} INFO - DAG(s) 'extract_raw_data_pipeline' retrieved from /opt/airflow/dags/driven_data_pipeline.py
[2026-06-19T01:02:29.268+0000] {logging_mixin.py:190} INFO - [2026-06-19T01:02:29.268+0000] {dag.py:3239} INFO - Sync 1 DAGs
[2026-06-19T01:02:29.284+0000] {logging_mixin.py:190} INFO - [2026-06-19T01:02:29.283+0000] {dag.py:4180} INFO - Setting next_dagrun for extract_raw_data_pipeline to 2026-06-18 07:59:00+00:00, run_after=2026-06-19 07:00:00+00:00
[2026-06-19T01:02:29.297+0000] {processor.py:208} INFO - Processing /opt/airflow/dags/driven_data_pipeline.py took 0.143 seconds
[2026-06-19T01:02:59.553+0000] {processor.py:186} INFO - Started process (PID=4773) to work on /opt/airflow/dags/driven_data_pipeline.py
[2026-06-19T01:02:59.554+0000] {processor.py:914} INFO - Processing file /opt/airflow/dags/driven_data_pipeline.py for tasks to queue
[2026-06-19T01:02:59.556+0000] {logging_mixin.py:190} INFO - [2026-06-19T01:02:59.556+0000] {dagbag.py:588} INFO - Filling up the DagBag from /opt/airflow/dags/driven_data_pipeline.py
[2026-06-19T01:02:59.642+0000] {processor.py:925} INFO - DAG(s) 'extract_raw_data_pipeline' retrieved from /opt/airflow/dags/driven_data_pipeline.py
[2026-06-19T01:02:59.658+0000] {logging_mixin.py:190} INFO - [2026-06-19T01:02:59.658+0000] {dag.py:3239} INFO - Sync 1 DAGs
[2026-06-19T01:02:59.671+0000] {logging_mixin.py:190} INFO - [2026-06-19T01:02:59.671+0000] {dag.py:4180} INFO - Setting next_dagrun for extract_raw_data_pipeline to 2026-06-18 07:59:00+00:00, run_after=2026-06-19 07:00:00+00:00
[2026-06-19T01:02:59.684+0000] {processor.py:208} INFO - Processing /opt/airflow/dags/driven_data_pipeline.py took 0.134 seconds
[2026-06-19T01:03:29.985+0000] {processor.py:186} INFO - Started process (PID=4781) to work on /opt/airflow/dags/driven_data_pipeline.py
[2026-06-19T01:03:29.985+0000] {processor.py:914} INFO - Processing file /opt/airflow/dags/driven_data_pipeline.py for tasks to queue
[2026-06-19T01:03:29.987+0000] {logging_mixin.py:190} INFO - [2026-06-19T01:03:29.987+0000] {dagbag.py:588} INFO - Filling up the DagBag from /opt/airflow/dags/driven_data_pipeline.py
[2026-06-19T01:03:30.070+0000] {processor.py:925} INFO - DAG(s) 'extract_raw_data_pipeline' retrieved from /opt/airflow/dags/driven_data_pipeline.py
[2026-06-19T01:03:30.084+0000] {logging_mixin.py:190} INFO - [2026-06-19T01:03:30.084+0000] {dag.py:3239} INFO - Sync 1 DAGs
[2026-06-19T01:03:30.096+0000] {logging_mixin.py:190} INFO - [2026-06-19T01:03:30.096+0000] {dag.py:4180} INFO - Setting next_dagrun for extract_raw_data_pipeline to 2026-06-18 07:59:00+00:00, run_after=2026-06-19 07:00:00+00:00
[2026-06-19T01:03:30.109+0000] {processor.py:208} INFO - Processing /opt/airflow/dags/driven_data_pipeline.py took 0.128 seconds
[2026-06-19T01:04:00.348+0000] {processor.py:186} INFO - Started process (PID=4789) to work on /opt/airflow/dags/driven_data_pipeline.py
[2026-06-19T01:04:00.349+0000] {processor.py:914} INFO - Processing file /opt/airflow/dags/driven_data_pipeline.py for tasks to queue
[2026-06-19T01:04:00.351+0000] {logging_mixin.py:190} INFO - [2026-06-19T01:04:00.350+0000] {dagbag.py:588} INFO - Filling up the DagBag from /opt/airflow/dags/driven_data_pipeline.py
[2026-06-19T01:04:00.433+0000] {processor.py:925} INFO - DAG(s) 'extract_raw_data_pipeline' retrieved from /opt/airflow/dags/driven_data_pipeline.py
[2026-06-19T01:04:00.447+0000] {logging_mixin.py:190} INFO - [2026-06-19T01:04:00.447+0000] {dag.py:3239} INFO - Sync 1 DAGs
[2026-06-19T01:04:00.460+0000] {logging_mixin.py:190} INFO - [2026-06-19T01:04:00.460+0000] {dag.py:4180} INFO - Setting next_dagrun for extract_raw_data_pipeline to 2026-06-18 07:59:00+00:00, run_after=2026-06-19 07:00:00+00:00
[2026-06-19T01:04:00.474+0000] {processor.py:208} INFO - Processing /opt/airflow/dags/driven_data_pipeline.py took 0.130 seconds
[2026-06-19T01:04:30.702+0000] {processor.py:186} INFO - Started process (PID=4797) to work on /opt/airflow/dags/driven_data_pipeline.py
[2026-06-19T01:04:30.703+0000] {processor.py:914} INFO - Processing file /opt/airflow/dags/driven_data_pipeline.py for tasks to queue
[2026-06-19T01:04:30.705+0000] {logging_mixin.py:190} INFO - [2026-06-19T01:04:30.704+0000] {dagbag.py:588} INFO - Filling up the DagBag from /opt/airflow/dags/driven_data_pipeline.py
[2026-06-19T01:04:30.786+0000] {processor.py:925} INFO - DAG(s) 'extract_raw_data_pipeline' retrieved from /opt/airflow/dags/driven_data_pipeline.py
[2026-06-19T01:04:30.801+0000] {logging_mixin.py:190} INFO - [2026-06-19T01:04:30.801+0000] {dag.py:3239} INFO - Sync 1 DAGs
[2026-06-19T01:04:30.814+0000] {logging_mixin.py:190} INFO - [2026-06-19T01:04:30.814+0000] {dag.py:4180} INFO - Setting next_dagrun for extract_raw_data_pipeline to 2026-06-18 07:59:00+00:00, run_after=2026-06-19 07:00:00+00:00
[2026-06-19T01:04:30.836+0000] {processor.py:208} INFO - Processing /opt/airflow/dags/driven_data_pipeline.py took 0.137 seconds
[2026-06-19T01:05:01.092+0000] {processor.py:186} INFO - Started process (PID=4805) to work on /opt/airflow/dags/driven_data_pipeline.py
[2026-06-19T01:05:01.094+0000] {processor.py:914} INFO - Processing file /opt/airflow/dags/driven_data_pipeline.py for tasks to queue
[2026-06-19T01:05:01.095+0000] {logging_mixin.py:190} INFO - [2026-06-19T01:05:01.095+0000] {dagbag.py:588} INFO - Filling up the DagBag from /opt/airflow/dags/driven_data_pipeline.py
[2026-06-19T01:05:01.188+0000] {processor.py:925} INFO - DAG(s) 'extract_raw_data_pipeline' retrieved from /opt/airflow/dags/driven_data_pipeline.py
[2026-06-19T01:05:01.203+0000] {logging_mixin.py:190} INFO - [2026-06-19T01:05:01.202+0000] {dag.py:3239} INFO - Sync 1 DAGs
[2026-06-19T01:05:01.214+0000] {logging_mixin.py:190} INFO - [2026-06-19T01:05:01.214+0000] {dag.py:4180} INFO - Setting next_dagrun for extract_raw_data_pipeline to 2026-06-18 07:59:00+00:00, run_after=2026-06-19 07:00:00+00:00
[2026-06-19T01:05:01.231+0000] {processor.py:208} INFO - Processing /opt/airflow/dags/driven_data_pipeline.py took 0.142 seconds
[2026-06-19T01:05:31.467+0000] {processor.py:186} INFO - Started process (PID=4812) to work on /opt/airflow/dags/driven_data_pipeline.py
[2026-06-19T01:05:31.468+0000] {processor.py:914} INFO - Processing file /opt/airflow/dags/driven_data_pipeline.py for tasks to queue
[2026-06-19T01:05:31.470+0000] {logging_mixin.py:190} INFO - [2026-06-19T01:05:31.469+0000] {dagbag.py:588} INFO - Filling up the DagBag from /opt/airflow/dags/driven_data_pipeline.py
[2026-06-19T01:05:31.565+0000] {processor.py:925} INFO - DAG(s) 'extract_raw_data_pipeline' retrieved from /opt/airflow/dags/driven_data_pipeline.py
[2026-06-19T01:05:31.580+0000] {logging_mixin.py:190} INFO - [2026-06-19T01:05:31.580+0000] {dag.py:3239} INFO - Sync 1 DAGs
[2026-06-19T01:05:31.593+0000] {logging_mixin.py:190} INFO - [2026-06-19T01:05:31.593+0000] {dag.py:4180} INFO - Setting next_dagrun for extract_raw_data_pipeline to 2026-06-18 07:59:00+00:00, run_after=2026-06-19 07:00:00+00:00
[2026-06-19T01:05:31.607+0000] {processor.py:208} INFO - Processing /opt/airflow/dags/driven_data_pipeline.py took 0.146 seconds
[2026-06-19T01:06:01.812+0000] {processor.py:186} INFO - Started process (PID=4820) to work on /opt/airflow/dags/driven_data_pipeline.py
[2026-06-19T01:06:01.813+0000] {processor.py:914} INFO - Processing file /opt/airflow/dags/driven_data_pipeline.py for tasks to queue
[2026-06-19T01:06:01.814+0000] {logging_mixin.py:190} INFO - [2026-06-19T01:06:01.814+0000] {dagbag.py:588} INFO - Filling up the DagBag from /opt/airflow/dags/driven_data_pipeline.py
[2026-06-19T01:06:01.896+0000] {processor.py:925} INFO - DAG(s) 'extract_raw_data_pipeline' retrieved from /opt/airflow/dags/driven_data_pipeline.py
[2026-06-19T01:06:01.912+0000] {logging_mixin.py:190} INFO - [2026-06-19T01:06:01.912+0000] {dag.py:3239} INFO - Sync 1 DAGs
[2026-06-19T01:06:01.925+0000] {logging_mixin.py:190} INFO - [2026-06-19T01:06:01.924+0000] {dag.py:4180} INFO - Setting next_dagrun for extract_raw_data_pipeline to 2026-06-18 07:59:00+00:00, run_after=2026-06-19 07:00:00+00:00
[2026-06-19T01:06:01.949+0000] {processor.py:208} INFO - Processing /opt/airflow/dags/driven_data_pipeline.py took 0.140 seconds
[2026-06-19T01:06:32.250+0000] {processor.py:186} INFO - Started process (PID=4827) to work on /opt/airflow/dags/driven_data_pipeline.py
[2026-06-19T01:06:32.250+0000] {processor.py:914} INFO - Processing file /opt/airflow/dags/driven_data_pipeline.py for tasks to queue
[2026-06-19T01:06:32.252+0000] {logging_mixin.py:190} INFO - [2026-06-19T01:06:32.252+0000] {dagbag.py:588} INFO - Filling up the DagBag from /opt/airflow/dags/driven_data_pipeline.py
[2026-06-19T01:06:32.617+0000] {processor.py:925} INFO - DAG(s) 'extract_raw_data_pipeline' retrieved from /opt/airflow/dags/driven_data_pipeline.py
[2026-06-19T01:06:32.643+0000] {logging_mixin.py:190} INFO - [2026-06-19T01:06:32.643+0000] {dag.py:3239} INFO - Sync 1 DAGs
[2026-06-19T01:06:32.656+0000] {logging_mixin.py:190} INFO - [2026-06-19T01:06:32.656+0000] {dag.py:4180} INFO - Setting next_dagrun for extract_raw_data_pipeline to 2026-06-18 07:59:00+00:00, run_after=2026-06-19 07:00:00+00:00
[2026-06-19T01:06:32.669+0000] {processor.py:208} INFO - Processing /opt/airflow/dags/driven_data_pipeline.py took 0.423 seconds
[2026-06-19T01:07:02.966+0000] {processor.py:186} INFO - Started process (PID=4835) to work on /opt/airflow/dags/driven_data_pipeline.py
[2026-06-19T01:07:02.967+0000] {processor.py:914} INFO - Processing file /opt/airflow/dags/driven_data_pipeline.py for tasks to queue
[2026-06-19T01:07:02.968+0000] {logging_mixin.py:190} INFO - [2026-06-19T01:07:02.968+0000] {dagbag.py:588} INFO - Filling up the DagBag from /opt/airflow/dags/driven_data_pipeline.py
[2026-06-19T01:07:03.052+0000] {processor.py:925} INFO - DAG(s) 'extract_raw_data_pipeline' retrieved from /opt/airflow/dags/driven_data_pipeline.py
[2026-06-19T01:07:03.068+0000] {logging_mixin.py:190} INFO - [2026-06-19T01:07:03.068+0000] {dag.py:3239} INFO - Sync 1 DAGs
[2026-06-19T01:07:03.080+0000] {logging_mixin.py:190} INFO - [2026-06-19T01:07:03.080+0000] {dag.py:4180} INFO - Setting next_dagrun for extract_raw_data_pipeline to 2026-06-18 07:59:00+00:00, run_after=2026-06-19 07:00:00+00:00
[2026-06-19T01:07:03.094+0000] {processor.py:208} INFO - Processing /opt/airflow/dags/driven_data_pipeline.py took 0.132 seconds
[2026-06-19T01:07:33.309+0000] {processor.py:186} INFO - Started process (PID=4843) to work on /opt/airflow/dags/driven_data_pipeline.py
[2026-06-19T01:07:33.310+0000] {processor.py:914} INFO - Processing file /opt/airflow/dags/driven_data_pipeline.py for tasks to queue
[2026-06-19T01:07:33.312+0000] {logging_mixin.py:190} INFO - [2026-06-19T01:07:33.312+0000] {dagbag.py:588} INFO - Filling up the DagBag from /opt/airflow/dags/driven_data_pipeline.py
[2026-06-19T01:07:33.395+0000] {processor.py:925} INFO - DAG(s) 'extract_raw_data_pipeline' retrieved from /opt/airflow/dags/driven_data_pipeline.py
[2026-06-19T01:07:33.410+0000] {logging_mixin.py:190} INFO - [2026-06-19T01:07:33.410+0000] {dag.py:3239} INFO - Sync 1 DAGs
[2026-06-19T01:07:33.422+0000] {logging_mixin.py:190} INFO - [2026-06-19T01:07:33.422+0000] {dag.py:4180} INFO - Setting next_dagrun for extract_raw_data_pipeline to 2026-06-18 07:59:00+00:00, run_after=2026-06-19 07:00:00+00:00
[2026-06-19T01:07:33.438+0000] {processor.py:208} INFO - Processing /opt/airflow/dags/driven_data_pipeline.py took 0.132 seconds
[2026-06-19T01:08:03.693+0000] {processor.py:186} INFO - Started process (PID=4851) to work on /opt/airflow/dags/driven_data_pipeline.py
[2026-06-19T01:08:03.694+0000] {processor.py:914} INFO - Processing file /opt/airflow/dags/driven_data_pipeline.py for tasks to queue
[2026-06-19T01:08:03.696+0000] {logging_mixin.py:190} INFO - [2026-06-19T01:08:03.696+0000] {dagbag.py:588} INFO - Filling up the DagBag from /opt/airflow/dags/driven_data_pipeline.py
[2026-06-19T01:08:03.779+0000] {processor.py:925} INFO - DAG(s) 'extract_raw_data_pipeline' retrieved from /opt/airflow/dags/driven_data_pipeline.py
[2026-06-19T01:08:03.794+0000] {logging_mixin.py:190} INFO - [2026-06-19T01:08:03.794+0000] {dag.py:3239} INFO - Sync 1 DAGs
[2026-06-19T01:08:03.806+0000] {logging_mixin.py:190} INFO - [2026-06-19T01:08:03.806+0000] {dag.py:4180} INFO - Setting next_dagrun for extract_raw_data_pipeline to 2026-06-18 07:59:00+00:00, run_after=2026-06-19 07:00:00+00:00
[2026-06-19T01:08:03.831+0000] {processor.py:208} INFO - Processing /opt/airflow/dags/driven_data_pipeline.py took 0.141 seconds
[2026-06-19T01:08:34.083+0000] {processor.py:186} INFO - Started process (PID=4859) to work on /opt/airflow/dags/driven_data_pipeline.py
[2026-06-19T01:08:34.084+0000] {processor.py:914} INFO - Processing file /opt/airflow/dags/driven_data_pipeline.py for tasks to queue
[2026-06-19T01:08:34.086+0000] {logging_mixin.py:190} INFO - [2026-06-19T01:08:34.085+0000] {dagbag.py:588} INFO - Filling up the DagBag from /opt/airflow/dags/driven_data_pipeline.py
[2026-06-19T01:08:34.181+0000] {processor.py:925} INFO - DAG(s) 'extract_raw_data_pipeline' retrieved from /opt/airflow/dags/driven_data_pipeline.py
[2026-06-19T01:08:34.197+0000] {logging_mixin.py:190} INFO - [2026-06-19T01:08:34.197+0000] {dag.py:3239} INFO - Sync 1 DAGs
[2026-06-19T01:08:34.212+0000] {logging_mixin.py:190} INFO - [2026-06-19T01:08:34.212+0000] {dag.py:4180} INFO - Setting next_dagrun for extract_raw_data_pipeline to 2026-06-18 07:59:00+00:00, run_after=2026-06-19 07:00:00+00:00
[2026-06-19T01:08:34.224+0000] {processor.py:208} INFO - Processing /opt/airflow/dags/driven_data_pipeline.py took 0.144 seconds
[2026-06-19T01:09:04.400+0000] {processor.py:186} INFO - Started process (PID=4867) to work on /opt/airflow/dags/driven_data_pipeline.py
[2026-06-19T01:09:04.400+0000] {processor.py:914} INFO - Processing file /opt/airflow/dags/driven_data_pipeline.py for tasks to queue
[2026-06-19T01:09:04.402+0000] {logging_mixin.py:190} INFO - [2026-06-19T01:09:04.402+0000] {dagbag.py:588} INFO - Filling up the DagBag from /opt/airflow/dags/driven_data_pipeline.py
[2026-06-19T01:09:04.481+0000] {processor.py:925} INFO - DAG(s) 'extract_raw_data_pipeline' retrieved from /opt/airflow/dags/driven_data_pipeline.py
[2026-06-19T01:09:04.496+0000] {logging_mixin.py:190} INFO - [2026-06-19T01:09:04.496+0000] {dag.py:3239} INFO - Sync 1 DAGs
[2026-06-19T01:09:04.509+0000] {logging_mixin.py:190} INFO - [2026-06-19T01:09:04.508+0000] {dag.py:4180} INFO - Setting next_dagrun for extract_raw_data_pipeline to 2026-06-18 07:59:00+00:00, run_after=2026-06-19 07:00:00+00:00
[2026-06-19T01:09:04.523+0000] {processor.py:208} INFO - Processing /opt/airflow/dags/driven_data_pipeline.py took 0.127 seconds
[2026-06-19T01:09:34.745+0000] {processor.py:186} INFO - Started process (PID=4875) to work on /opt/airflow/dags/driven_data_pipeline.py
[2026-06-19T01:09:34.746+0000] {processor.py:914} INFO - Processing file /opt/airflow/dags/driven_data_pipeline.py for tasks to queue
[2026-06-19T01:09:34.748+0000] {logging_mixin.py:190} INFO - [2026-06-19T01:09:34.748+0000] {dagbag.py:588} INFO - Filling up the DagBag from /opt/airflow/dags/driven_data_pipeline.py
[2026-06-19T01:09:34.829+0000] {processor.py:925} INFO - DAG(s) 'extract_raw_data_pipeline' retrieved from /opt/airflow/dags/driven_data_pipeline.py
[2026-06-19T01:09:34.843+0000] {logging_mixin.py:190} INFO - [2026-06-19T01:09:34.843+0000] {dag.py:3239} INFO - Sync 1 DAGs
[2026-06-19T01:09:34.855+0000] {logging_mixin.py:190} INFO - [2026-06-19T01:09:34.855+0000] {dag.py:4180} INFO - Setting next_dagrun for extract_raw_data_pipeline to 2026-06-18 07:59:00+00:00, run_after=2026-06-19 07:00:00+00:00
[2026-06-19T01:09:34.870+0000] {processor.py:208} INFO - Processing /opt/airflow/dags/driven_data_pipeline.py took 0.128 seconds
[2026-06-19T01:10:05.148+0000] {processor.py:186} INFO - Started process (PID=4882) to work on /opt/airflow/dags/driven_data_pipeline.py
[2026-06-19T01:10:05.149+0000] {processor.py:914} INFO - Processing file /opt/airflow/dags/driven_data_pipeline.py for tasks to queue
[2026-06-19T01:10:05.151+0000] {logging_mixin.py:190} INFO - [2026-06-19T01:10:05.150+0000] {dagbag.py:588} INFO - Filling up the DagBag from /opt/airflow/dags/driven_data_pipeline.py
[2026-06-19T01:10:05.231+0000] {processor.py:925} INFO - DAG(s) 'extract_raw_data_pipeline' retrieved from /opt/airflow/dags/driven_data_pipeline.py
[2026-06-19T01:10:05.246+0000] {logging_mixin.py:190} INFO - [2026-06-19T01:10:05.246+0000] {dag.py:3239} INFO - Sync 1 DAGs
[2026-06-19T01:10:05.258+0000] {logging_mixin.py:190} INFO - [2026-06-19T01:10:05.258+0000] {dag.py:4180} INFO - Setting next_dagrun for extract_raw_data_pipeline to 2026-06-18 07:59:00+00:00, run_after=2026-06-19 07:00:00+00:00
[2026-06-19T01:10:05.271+0000] {processor.py:208} INFO - Processing /opt/airflow/dags/driven_data_pipeline.py took 0.127 seconds
[2026-06-19T01:10:35.486+0000] {processor.py:186} INFO - Started process (PID=4890) to work on /opt/airflow/dags/driven_data_pipeline.py
[2026-06-19T01:10:35.486+0000] {processor.py:914} INFO - Processing file /opt/airflow/dags/driven_data_pipeline.py for tasks to queue
[2026-06-19T01:10:35.488+0000] {logging_mixin.py:190} INFO - [2026-06-19T01:10:35.488+0000] {dagbag.py:588} INFO - Filling up the DagBag from /opt/airflow/dags/driven_data_pipeline.py
[2026-06-19T01:10:35.569+0000] {processor.py:925} INFO - DAG(s) 'extract_raw_data_pipeline' retrieved from /opt/airflow/dags/driven_data_pipeline.py
[2026-06-19T01:10:35.582+0000] {logging_mixin.py:190} INFO - [2026-06-19T01:10:35.582+0000] {dag.py:3239} INFO - Sync 1 DAGs
[2026-06-19T01:10:35.593+0000] {logging_mixin.py:190} INFO - [2026-06-19T01:10:35.593+0000] {dag.py:4180} INFO - Setting next_dagrun for extract_raw_data_pipeline to 2026-06-18 07:59:00+00:00, run_after=2026-06-19 07:00:00+00:00
[2026-06-19T01:10:35.607+0000] {processor.py:208} INFO - Processing /opt/airflow/dags/driven_data_pipeline.py took 0.125 seconds
[2026-06-19T01:11:05.892+0000] {processor.py:186} INFO - Started process (PID=4898) to work on /opt/airflow/dags/driven_data_pipeline.py
[2026-06-19T01:11:05.893+0000] {processor.py:914} INFO - Processing file /opt/airflow/dags/driven_data_pipeline.py for tasks to queue
[2026-06-19T01:11:05.895+0000] {logging_mixin.py:190} INFO - [2026-06-19T01:11:05.895+0000] {dagbag.py:588} INFO - Filling up the DagBag from /opt/airflow/dags/driven_data_pipeline.py
[2026-06-19T01:11:05.976+0000] {processor.py:925} INFO - DAG(s) 'extract_raw_data_pipeline' retrieved from /opt/airflow/dags/driven_data_pipeline.py
[2026-06-19T01:11:05.991+0000] {logging_mixin.py:190} INFO - [2026-06-19T01:11:05.991+0000] {dag.py:3239} INFO - Sync 1 DAGs
[2026-06-19T01:11:06.002+0000] {logging_mixin.py:190} INFO - [2026-06-19T01:11:06.002+0000] {dag.py:4180} INFO - Setting next_dagrun for extract_raw_data_pipeline to 2026-06-18 07:59:00+00:00, run_after=2026-06-19 07:00:00+00:00
[2026-06-19T01:11:06.017+0000] {processor.py:208} INFO - Processing /opt/airflow/dags/driven_data_pipeline.py took 0.128 seconds
[2026-06-19T01:11:36.320+0000] {processor.py:186} INFO - Started process (PID=4906) to work on /opt/airflow/dags/driven_data_pipeline.py
[2026-06-19T01:11:36.321+0000] {processor.py:914} INFO - Processing file /opt/airflow/dags/driven_data_pipeline.py for tasks to queue
[2026-06-19T01:11:36.322+0000] {logging_mixin.py:190} INFO - [2026-06-19T01:11:36.322+0000] {dagbag.py:588} INFO - Filling up the DagBag from /opt/airflow/dags/driven_data_pipeline.py
[2026-06-19T01:11:36.405+0000] {processor.py:925} INFO - DAG(s) 'extract_raw_data_pipeline' retrieved from /opt/airflow/dags/driven_data_pipeline.py
[2026-06-19T01:11:36.421+0000] {logging_mixin.py:190} INFO - [2026-06-19T01:11:36.420+0000] {dag.py:3239} INFO - Sync 1 DAGs
[2026-06-19T01:11:36.432+0000] {logging_mixin.py:190} INFO - [2026-06-19T01:11:36.432+0000] {dag.py:4180} INFO - Setting next_dagrun for extract_raw_data_pipeline to 2026-06-18 07:59:00+00:00, run_after=2026-06-19 07:00:00+00:00
[2026-06-19T01:11:36.446+0000] {processor.py:208} INFO - Processing /opt/airflow/dags/driven_data_pipeline.py took 0.130 seconds
[2026-06-19T01:12:06.754+0000] {processor.py:186} INFO - Started process (PID=4914) to work on /opt/airflow/dags/driven_data_pipeline.py
[2026-06-19T01:12:06.755+0000] {processor.py:914} INFO - Processing file /opt/airflow/dags/driven_data_pipeline.py for tasks to queue
[2026-06-19T01:12:06.756+0000] {logging_mixin.py:190} INFO - [2026-06-19T01:12:06.756+0000] {dagbag.py:588} INFO - Filling up the DagBag from /opt/airflow/dags/driven_data_pipeline.py
[2026-06-19T01:12:06.836+0000] {processor.py:925} INFO - DAG(s) 'extract_raw_data_pipeline' retrieved from /opt/airflow/dags/driven_data_pipeline.py
[2026-06-19T01:12:06.850+0000] {logging_mixin.py:190} INFO - [2026-06-19T01:12:06.850+0000] {dag.py:3239} INFO - Sync 1 DAGs
[2026-06-19T01:12:06.863+0000] {logging_mixin.py:190} INFO - [2026-06-19T01:12:06.863+0000] {dag.py:4180} INFO - Setting next_dagrun for extract_raw_data_pipeline to 2026-06-18 07:59:00+00:00, run_after=2026-06-19 07:00:00+00:00
[2026-06-19T01:12:06.877+0000] {processor.py:208} INFO - Processing /opt/airflow/dags/driven_data_pipeline.py took 0.127 seconds
[2026-06-19T01:12:37.091+0000] {processor.py:186} INFO - Started process (PID=4922) to work on /opt/airflow/dags/driven_data_pipeline.py
[2026-06-19T01:12:37.092+0000] {processor.py:914} INFO - Processing file /opt/airflow/dags/driven_data_pipeline.py for tasks to queue
[2026-06-19T01:12:37.094+0000] {logging_mixin.py:190} INFO - [2026-06-19T01:12:37.094+0000] {dagbag.py:588} INFO - Filling up the DagBag from /opt/airflow/dags/driven_data_pipeline.py
[2026-06-19T01:12:37.179+0000] {processor.py:925} INFO - DAG(s) 'extract_raw_data_pipeline' retrieved from /opt/airflow/dags/driven_data_pipeline.py
[2026-06-19T01:12:37.194+0000] {logging_mixin.py:190} INFO - [2026-06-19T01:12:37.194+0000] {dag.py:3239} INFO - Sync 1 DAGs
[2026-06-19T01:12:37.208+0000] {logging_mixin.py:190} INFO - [2026-06-19T01:12:37.208+0000] {dag.py:4180} INFO - Setting next_dagrun for extract_raw_data_pipeline to 2026-06-18 07:59:00+00:00, run_after=2026-06-19 07:00:00+00:00
[2026-06-19T01:12:37.222+0000] {processor.py:208} INFO - Processing /opt/airflow/dags/driven_data_pipeline.py took 0.134 seconds
[2026-06-19T01:13:07.490+0000] {processor.py:186} INFO - Started process (PID=4930) to work on /opt/airflow/dags/driven_data_pipeline.py
[2026-06-19T01:13:07.491+0000] {processor.py:914} INFO - Processing file /opt/airflow/dags/driven_data_pipeline.py for tasks to queue
[2026-06-19T01:13:07.492+0000] {logging_mixin.py:190} INFO - [2026-06-19T01:13:07.492+0000] {dagbag.py:588} INFO - Filling up the DagBag from /opt/airflow/dags/driven_data_pipeline.py
[2026-06-19T01:13:07.573+0000] {processor.py:925} INFO - DAG(s) 'extract_raw_data_pipeline' retrieved from /opt/airflow/dags/driven_data_pipeline.py
[2026-06-19T01:13:07.588+0000] {logging_mixin.py:190} INFO - [2026-06-19T01:13:07.588+0000] {dag.py:3239} INFO - Sync 1 DAGs
[2026-06-19T01:13:07.601+0000] {logging_mixin.py:190} INFO - [2026-06-19T01:13:07.601+0000] {dag.py:4180} INFO - Setting next_dagrun for extract_raw_data_pipeline to 2026-06-18 07:59:00+00:00, run_after=2026-06-19 07:00:00+00:00
[2026-06-19T01:13:07.623+0000] {processor.py:208} INFO - Processing /opt/airflow/dags/driven_data_pipeline.py took 0.137 seconds
[2026-06-19T01:13:37.835+0000] {processor.py:186} INFO - Started process (PID=4938) to work on /opt/airflow/dags/driven_data_pipeline.py
[2026-06-19T01:13:37.835+0000] {processor.py:914} INFO - Processing file /opt/airflow/dags/driven_data_pipeline.py for tasks to queue
[2026-06-19T01:13:37.837+0000] {logging_mixin.py:190} INFO - [2026-06-19T01:13:37.837+0000] {dagbag.py:588} INFO - Filling up the DagBag from /opt/airflow/dags/driven_data_pipeline.py
[2026-06-19T01:13:37.918+0000] {processor.py:925} INFO - DAG(s) 'extract_raw_data_pipeline' retrieved from /opt/airflow/dags/driven_data_pipeline.py
[2026-06-19T01:13:37.932+0000] {logging_mixin.py:190} INFO - [2026-06-19T01:13:37.932+0000] {dag.py:3239} INFO - Sync 1 DAGs
[2026-06-19T01:13:37.944+0000] {logging_mixin.py:190} INFO - [2026-06-19T01:13:37.944+0000] {dag.py:4180} INFO - Setting next_dagrun for extract_raw_data_pipeline to 2026-06-18 07:59:00+00:00, run_after=2026-06-19 07:00:00+00:00
[2026-06-19T01:13:37.957+0000] {processor.py:208} INFO - Processing /opt/airflow/dags/driven_data_pipeline.py took 0.127 seconds
[2026-06-19T01:14:08.112+0000] {processor.py:186} INFO - Started process (PID=4946) to work on /opt/airflow/dags/driven_data_pipeline.py
[2026-06-19T01:14:08.113+0000] {processor.py:914} INFO - Processing file /opt/airflow/dags/driven_data_pipeline.py for tasks to queue
[2026-06-19T01:14:08.114+0000] {logging_mixin.py:190} INFO - [2026-06-19T01:14:08.114+0000] {dagbag.py:588} INFO - Filling up the DagBag from /opt/airflow/dags/driven_data_pipeline.py
[2026-06-19T01:14:08.197+0000] {processor.py:925} INFO - DAG(s) 'extract_raw_data_pipeline' retrieved from /opt/airflow/dags/driven_data_pipeline.py
[2026-06-19T01:14:08.211+0000] {logging_mixin.py:190} INFO - [2026-06-19T01:14:08.211+0000] {dag.py:3239} INFO - Sync 1 DAGs
[2026-06-19T01:14:08.224+0000] {logging_mixin.py:190} INFO - [2026-06-19T01:14:08.223+0000] {dag.py:4180} INFO - Setting next_dagrun for extract_raw_data_pipeline to 2026-06-18 07:59:00+00:00, run_after=2026-06-19 07:00:00+00:00
[2026-06-19T01:14:08.237+0000] {processor.py:208} INFO - Processing /opt/airflow/dags/driven_data_pipeline.py took 0.128 seconds
[2026-06-19T01:14:38.427+0000] {processor.py:186} INFO - Started process (PID=4954) to work on /opt/airflow/dags/driven_data_pipeline.py
[2026-06-19T01:14:38.427+0000] {processor.py:914} INFO - Processing file /opt/airflow/dags/driven_data_pipeline.py for tasks to queue
[2026-06-19T01:14:38.429+0000] {logging_mixin.py:190} INFO - [2026-06-19T01:14:38.429+0000] {dagbag.py:588} INFO - Filling up the DagBag from /opt/airflow/dags/driven_data_pipeline.py
[2026-06-19T01:14:38.510+0000] {processor.py:925} INFO - DAG(s) 'extract_raw_data_pipeline' retrieved from /opt/airflow/dags/driven_data_pipeline.py
[2026-06-19T01:14:38.528+0000] {logging_mixin.py:190} INFO - [2026-06-19T01:14:38.528+0000] {dag.py:3239} INFO - Sync 1 DAGs
[2026-06-19T01:14:38.541+0000] {logging_mixin.py:190} INFO - [2026-06-19T01:14:38.541+0000] {dag.py:4180} INFO - Setting next_dagrun for extract_raw_data_pipeline to 2026-06-18 07:59:00+00:00, run_after=2026-06-19 07:00:00+00:00
[2026-06-19T01:14:38.554+0000] {processor.py:208} INFO - Processing /opt/airflow/dags/driven_data_pipeline.py took 0.131 seconds
[2026-06-19T01:15:08.867+0000] {processor.py:186} INFO - Started process (PID=4962) to work on /opt/airflow/dags/driven_data_pipeline.py
[2026-06-19T01:15:08.868+0000] {processor.py:914} INFO - Processing file /opt/airflow/dags/driven_data_pipeline.py for tasks to queue
[2026-06-19T01:15:08.869+0000] {logging_mixin.py:190} INFO - [2026-06-19T01:15:08.869+0000] {dagbag.py:588} INFO - Filling up the DagBag from /opt/airflow/dags/driven_data_pipeline.py
[2026-06-19T01:15:08.951+0000] {processor.py:925} INFO - DAG(s) 'extract_raw_data_pipeline' retrieved from /opt/airflow/dags/driven_data_pipeline.py
[2026-06-19T01:15:08.965+0000] {logging_mixin.py:190} INFO - [2026-06-19T01:15:08.965+0000] {dag.py:3239} INFO - Sync 1 DAGs
[2026-06-19T01:15:08.976+0000] {logging_mixin.py:190} INFO - [2026-06-19T01:15:08.976+0000] {dag.py:4180} INFO - Setting next_dagrun for extract_raw_data_pipeline to 2026-06-18 07:59:00+00:00, run_after=2026-06-19 07:00:00+00:00
[2026-06-19T01:15:08.998+0000] {processor.py:208} INFO - Processing /opt/airflow/dags/driven_data_pipeline.py took 0.134 seconds
[2026-06-19T01:15:39.197+0000] {processor.py:186} INFO - Started process (PID=4969) to work on /opt/airflow/dags/driven_data_pipeline.py
[2026-06-19T01:15:39.197+0000] {processor.py:914} INFO - Processing file /opt/airflow/dags/driven_data_pipeline.py for tasks to queue
[2026-06-19T01:15:39.199+0000] {logging_mixin.py:190} INFO - [2026-06-19T01:15:39.199+0000] {dagbag.py:588} INFO - Filling up the DagBag from /opt/airflow/dags/driven_data_pipeline.py
[2026-06-19T01:15:39.281+0000] {processor.py:925} INFO - DAG(s) 'extract_raw_data_pipeline' retrieved from /opt/airflow/dags/driven_data_pipeline.py
[2026-06-19T01:15:39.296+0000] {logging_mixin.py:190} INFO - [2026-06-19T01:15:39.296+0000] {dag.py:3239} INFO - Sync 1 DAGs
[2026-06-19T01:15:39.309+0000] {logging_mixin.py:190} INFO - [2026-06-19T01:15:39.309+0000] {dag.py:4180} INFO - Setting next_dagrun for extract_raw_data_pipeline to 2026-06-18 07:59:00+00:00, run_after=2026-06-19 07:00:00+00:00
[2026-06-19T01:15:39.321+0000] {processor.py:208} INFO - Processing /opt/airflow/dags/driven_data_pipeline.py took 0.128 seconds
[2026-06-19T01:16:09.618+0000] {processor.py:186} INFO - Started process (PID=4977) to work on /opt/airflow/dags/driven_data_pipeline.py
[2026-06-19T01:16:09.619+0000] {processor.py:914} INFO - Processing file /opt/airflow/dags/driven_data_pipeline.py for tasks to queue
[2026-06-19T01:16:09.621+0000] {logging_mixin.py:190} INFO - [2026-06-19T01:16:09.621+0000] {dagbag.py:588} INFO - Filling up the DagBag from /opt/airflow/dags/driven_data_pipeline.py
[2026-06-19T01:16:09.715+0000] {processor.py:925} INFO - DAG(s) 'extract_raw_data_pipeline' retrieved from /opt/airflow/dags/driven_data_pipeline.py
[2026-06-19T01:16:09.731+0000] {logging_mixin.py:190} INFO - [2026-06-19T01:16:09.731+0000] {dag.py:3239} INFO - Sync 1 DAGs
[2026-06-19T01:16:09.746+0000] {logging_mixin.py:190} INFO - [2026-06-19T01:16:09.746+0000] {dag.py:4180} INFO - Setting next_dagrun for extract_raw_data_pipeline to 2026-06-18 07:59:00+00:00, run_after=2026-06-19 07:00:00+00:00
[2026-06-19T01:16:09.759+0000] {processor.py:208} INFO - Processing /opt/airflow/dags/driven_data_pipeline.py took 0.145 seconds
[2026-06-19T01:16:40.013+0000] {processor.py:186} INFO - Started process (PID=4985) to work on /opt/airflow/dags/driven_data_pipeline.py
[2026-06-19T01:16:40.014+0000] {processor.py:914} INFO - Processing file /opt/airflow/dags/driven_data_pipeline.py for tasks to queue
[2026-06-19T01:16:40.015+0000] {logging_mixin.py:190} INFO - [2026-06-19T01:16:40.015+0000] {dagbag.py:588} INFO - Filling up the DagBag from /opt/airflow/dags/driven_data_pipeline.py
[2026-06-19T01:16:40.095+0000] {processor.py:925} INFO - DAG(s) 'extract_raw_data_pipeline' retrieved from /opt/airflow/dags/driven_data_pipeline.py
[2026-06-19T01:16:40.109+0000] {logging_mixin.py:190} INFO - [2026-06-19T01:16:40.109+0000] {dag.py:3239} INFO - Sync 1 DAGs
[2026-06-19T01:16:40.122+0000] {logging_mixin.py:190} INFO - [2026-06-19T01:16:40.122+0000] {dag.py:4180} INFO - Setting next_dagrun for extract_raw_data_pipeline to 2026-06-18 07:59:00+00:00, run_after=2026-06-19 07:00:00+00:00
[2026-06-19T01:16:40.135+0000] {processor.py:208} INFO - Processing /opt/airflow/dags/driven_data_pipeline.py took 0.126 seconds
[2026-06-19T01:17:10.378+0000] {processor.py:186} INFO - Started process (PID=4993) to work on /opt/airflow/dags/driven_data_pipeline.py
[2026-06-19T01:17:10.378+0000] {processor.py:914} INFO - Processing file /opt/airflow/dags/driven_data_pipeline.py for tasks to queue
[2026-06-19T01:17:10.380+0000] {logging_mixin.py:190} INFO - [2026-06-19T01:17:10.380+0000] {dagbag.py:588} INFO - Filling up the DagBag from /opt/airflow/dags/driven_data_pipeline.py
[2026-06-19T01:17:10.476+0000] {processor.py:925} INFO - DAG(s) 'extract_raw_data_pipeline' retrieved from /opt/airflow/dags/driven_data_pipeline.py
[2026-06-19T01:17:10.491+0000] {logging_mixin.py:190} INFO - [2026-06-19T01:17:10.491+0000] {dag.py:3239} INFO - Sync 1 DAGs
[2026-06-19T01:17:10.504+0000] {logging_mixin.py:190} INFO - [2026-06-19T01:17:10.504+0000] {dag.py:4180} INFO - Setting next_dagrun for extract_raw_data_pipeline to 2026-06-18 07:59:00+00:00, run_after=2026-06-19 07:00:00+00:00
[2026-06-19T01:17:10.517+0000] {processor.py:208} INFO - Processing /opt/airflow/dags/driven_data_pipeline.py took 0.144 seconds
[2026-06-19T01:17:40.747+0000] {processor.py:186} INFO - Started process (PID=5001) to work on /opt/airflow/dags/driven_data_pipeline.py
[2026-06-19T01:17:40.748+0000] {processor.py:914} INFO - Processing file /opt/airflow/dags/driven_data_pipeline.py for tasks to queue
[2026-06-19T01:17:40.749+0000] {logging_mixin.py:190} INFO - [2026-06-19T01:17:40.749+0000] {dagbag.py:588} INFO - Filling up the DagBag from /opt/airflow/dags/driven_data_pipeline.py
[2026-06-19T01:17:40.834+0000] {processor.py:925} INFO - DAG(s) 'extract_raw_data_pipeline' retrieved from /opt/airflow/dags/driven_data_pipeline.py
[2026-06-19T01:17:40.848+0000] {logging_mixin.py:190} INFO - [2026-06-19T01:17:40.847+0000] {dag.py:3239} INFO - Sync 1 DAGs
[2026-06-19T01:17:40.860+0000] {logging_mixin.py:190} INFO - [2026-06-19T01:17:40.860+0000] {dag.py:4180} INFO - Setting next_dagrun for extract_raw_data_pipeline to 2026-06-18 07:59:00+00:00, run_after=2026-06-19 07:00:00+00:00
[2026-06-19T01:17:40.873+0000] {processor.py:208} INFO - Processing /opt/airflow/dags/driven_data_pipeline.py took 0.130 seconds
[2026-06-19T01:18:11.092+0000] {processor.py:186} INFO - Started process (PID=5009) to work on /opt/airflow/dags/driven_data_pipeline.py
[2026-06-19T01:18:11.093+0000] {processor.py:914} INFO - Processing file /opt/airflow/dags/driven_data_pipeline.py for tasks to queue
[2026-06-19T01:18:11.095+0000] {logging_mixin.py:190} INFO - [2026-06-19T01:18:11.094+0000] {dagbag.py:588} INFO - Filling up the DagBag from /opt/airflow/dags/driven_data_pipeline.py
[2026-06-19T01:18:11.176+0000] {processor.py:925} INFO - DAG(s) 'extract_raw_data_pipeline' retrieved from /opt/airflow/dags/driven_data_pipeline.py
[2026-06-19T01:18:11.189+0000] {logging_mixin.py:190} INFO - [2026-06-19T01:18:11.189+0000] {dag.py:3239} INFO - Sync 1 DAGs
[2026-06-19T01:18:11.200+0000] {logging_mixin.py:190} INFO - [2026-06-19T01:18:11.200+0000] {dag.py:4180} INFO - Setting next_dagrun for extract_raw_data_pipeline to 2026-06-18 07:59:00+00:00, run_after=2026-06-19 07:00:00+00:00
[2026-06-19T01:18:11.214+0000] {processor.py:208} INFO - Processing /opt/airflow/dags/driven_data_pipeline.py took 0.125 seconds
[2026-06-19T01:18:41.485+0000] {processor.py:186} INFO - Started process (PID=5017) to work on /opt/airflow/dags/driven_data_pipeline.py
[2026-06-19T01:18:41.486+0000] {processor.py:914} INFO - Processing file /opt/airflow/dags/driven_data_pipeline.py for tasks to queue
[2026-06-19T01:18:41.487+0000] {logging_mixin.py:190} INFO - [2026-06-19T01:18:41.487+0000] {dagbag.py:588} INFO - Filling up the DagBag from /opt/airflow/dags/driven_data_pipeline.py
[2026-06-19T01:18:41.569+0000] {processor.py:925} INFO - DAG(s) 'extract_raw_data_pipeline' retrieved from /opt/airflow/dags/driven_data_pipeline.py
[2026-06-19T01:18:41.617+0000] {logging_mixin.py:190} INFO - [2026-06-19T01:18:41.617+0000] {dag.py:3239} INFO - Sync 1 DAGs
[2026-06-19T01:18:41.647+0000] {logging_mixin.py:190} INFO - [2026-06-19T01:18:41.647+0000] {dag.py:4180} INFO - Setting next_dagrun for extract_raw_data_pipeline to 2026-06-18 07:59:00+00:00, run_after=2026-06-19 07:00:00+00:00
[2026-06-19T01:18:41.678+0000] {processor.py:208} INFO - Processing /opt/airflow/dags/driven_data_pipeline.py took 0.197 seconds
[2026-06-19T01:19:11.939+0000] {processor.py:186} INFO - Started process (PID=5025) to work on /opt/airflow/dags/driven_data_pipeline.py
[2026-06-19T01:19:11.940+0000] {processor.py:914} INFO - Processing file /opt/airflow/dags/driven_data_pipeline.py for tasks to queue
[2026-06-19T01:19:11.941+0000] {logging_mixin.py:190} INFO - [2026-06-19T01:19:11.941+0000] {dagbag.py:588} INFO - Filling up the DagBag from /opt/airflow/dags/driven_data_pipeline.py
[2026-06-19T01:19:12.029+0000] {processor.py:925} INFO - DAG(s) 'extract_raw_data_pipeline' retrieved from /opt/airflow/dags/driven_data_pipeline.py
[2026-06-19T01:19:12.044+0000] {logging_mixin.py:190} INFO - [2026-06-19T01:19:12.044+0000] {dag.py:3239} INFO - Sync 1 DAGs
[2026-06-19T01:19:12.057+0000] {logging_mixin.py:190} INFO - [2026-06-19T01:19:12.057+0000] {dag.py:4180} INFO - Setting next_dagrun for extract_raw_data_pipeline to 2026-06-18 07:59:00+00:00, run_after=2026-06-19 07:00:00+00:00
[2026-06-19T01:19:12.070+0000] {processor.py:208} INFO - Processing /opt/airflow/dags/driven_data_pipeline.py took 0.134 seconds
[2026-06-19T01:19:42.362+0000] {processor.py:186} INFO - Started process (PID=5033) to work on /opt/airflow/dags/driven_data_pipeline.py
[2026-06-19T01:19:42.363+0000] {processor.py:914} INFO - Processing file /opt/airflow/dags/driven_data_pipeline.py for tasks to queue
[2026-06-19T01:19:42.364+0000] {logging_mixin.py:190} INFO - [2026-06-19T01:19:42.364+0000] {dagbag.py:588} INFO - Filling up the DagBag from /opt/airflow/dags/driven_data_pipeline.py
[2026-06-19T01:19:42.445+0000] {processor.py:925} INFO - DAG(s) 'extract_raw_data_pipeline' retrieved from /opt/airflow/dags/driven_data_pipeline.py
[2026-06-19T01:19:42.459+0000] {logging_mixin.py:190} INFO - [2026-06-19T01:19:42.459+0000] {dag.py:3239} INFO - Sync 1 DAGs
[2026-06-19T01:19:42.472+0000] {logging_mixin.py:190} INFO - [2026-06-19T01:19:42.471+0000] {dag.py:4180} INFO - Setting next_dagrun for extract_raw_data_pipeline to 2026-06-18 07:59:00+00:00, run_after=2026-06-19 07:00:00+00:00
[2026-06-19T01:19:42.486+0000] {processor.py:208} INFO - Processing /opt/airflow/dags/driven_data_pipeline.py took 0.127 seconds
[2026-06-19T01:20:12.725+0000] {processor.py:186} INFO - Started process (PID=5041) to work on /opt/airflow/dags/driven_data_pipeline.py
[2026-06-19T01:20:12.725+0000] {processor.py:914} INFO - Processing file /opt/airflow/dags/driven_data_pipeline.py for tasks to queue
[2026-06-19T01:20:12.727+0000] {logging_mixin.py:190} INFO - [2026-06-19T01:20:12.727+0000] {dagbag.py:588} INFO - Filling up the DagBag from /opt/airflow/dags/driven_data_pipeline.py
[2026-06-19T01:20:12.809+0000] {processor.py:925} INFO - DAG(s) 'extract_raw_data_pipeline' retrieved from /opt/airflow/dags/driven_data_pipeline.py
[2026-06-19T01:20:12.823+0000] {logging_mixin.py:190} INFO - [2026-06-19T01:20:12.823+0000] {dag.py:3239} INFO - Sync 1 DAGs
[2026-06-19T01:20:12.834+0000] {logging_mixin.py:190} INFO - [2026-06-19T01:20:12.834+0000] {dag.py:4180} INFO - Setting next_dagrun for extract_raw_data_pipeline to 2026-06-18 07:59:00+00:00, run_after=2026-06-19 07:00:00+00:00
[2026-06-19T01:20:12.850+0000] {processor.py:208} INFO - Processing /opt/airflow/dags/driven_data_pipeline.py took 0.129 seconds
[2026-06-19T01:20:43.197+0000] {processor.py:186} INFO - Started process (PID=5049) to work on /opt/airflow/dags/driven_data_pipeline.py
[2026-06-19T01:20:43.198+0000] {processor.py:914} INFO - Processing file /opt/airflow/dags/driven_data_pipeline.py for tasks to queue
[2026-06-19T01:20:43.199+0000] {logging_mixin.py:190} INFO - [2026-06-19T01:20:43.199+0000] {dagbag.py:588} INFO - Filling up the DagBag from /opt/airflow/dags/driven_data_pipeline.py
[2026-06-19T01:20:43.282+0000] {processor.py:925} INFO - DAG(s) 'extract_raw_data_pipeline' retrieved from /opt/airflow/dags/driven_data_pipeline.py
[2026-06-19T01:20:43.296+0000] {logging_mixin.py:190} INFO - [2026-06-19T01:20:43.296+0000] {dag.py:3239} INFO - Sync 1 DAGs
[2026-06-19T01:20:43.311+0000] {logging_mixin.py:190} INFO - [2026-06-19T01:20:43.310+0000] {dag.py:4180} INFO - Setting next_dagrun for extract_raw_data_pipeline to 2026-06-18 07:59:00+00:00, run_after=2026-06-19 07:00:00+00:00
[2026-06-19T01:20:43.326+0000] {processor.py:208} INFO - Processing /opt/airflow/dags/driven_data_pipeline.py took 0.132 seconds
[2026-06-19T01:21:13.494+0000] {processor.py:186} INFO - Started process (PID=5057) to work on /opt/airflow/dags/driven_data_pipeline.py
[2026-06-19T01:21:13.495+0000] {processor.py:914} INFO - Processing file /opt/airflow/dags/driven_data_pipeline.py for tasks to queue
[2026-06-19T01:21:13.496+0000] {logging_mixin.py:190} INFO - [2026-06-19T01:21:13.496+0000] {dagbag.py:588} INFO - Filling up the DagBag from /opt/airflow/dags/driven_data_pipeline.py
[2026-06-19T01:21:13.577+0000] {processor.py:925} INFO - DAG(s) 'extract_raw_data_pipeline' retrieved from /opt/airflow/dags/driven_data_pipeline.py
[2026-06-19T01:21:13.592+0000] {logging_mixin.py:190} INFO - [2026-06-19T01:21:13.592+0000] {dag.py:3239} INFO - Sync 1 DAGs
[2026-06-19T01:21:13.604+0000] {logging_mixin.py:190} INFO - [2026-06-19T01:21:13.604+0000] {dag.py:4180} INFO - Setting next_dagrun for extract_raw_data_pipeline to 2026-06-18 07:59:00+00:00, run_after=2026-06-19 07:00:00+00:00
[2026-06-19T01:21:13.619+0000] {processor.py:208} INFO - Processing /opt/airflow/dags/driven_data_pipeline.py took 0.128 seconds
[2026-06-19T01:21:43.939+0000] {processor.py:186} INFO - Started process (PID=5065) to work on /opt/airflow/dags/driven_data_pipeline.py
[2026-06-19T01:21:43.940+0000] {processor.py:914} INFO - Processing file /opt/airflow/dags/driven_data_pipeline.py for tasks to queue
[2026-06-19T01:21:43.942+0000] {logging_mixin.py:190} INFO - [2026-06-19T01:21:43.942+0000] {dagbag.py:588} INFO - Filling up the DagBag from /opt/airflow/dags/driven_data_pipeline.py
[2026-06-19T01:21:44.025+0000] {processor.py:925} INFO - DAG(s) 'extract_raw_data_pipeline' retrieved from /opt/airflow/dags/driven_data_pipeline.py
[2026-06-19T01:21:44.040+0000] {logging_mixin.py:190} INFO - [2026-06-19T01:21:44.040+0000] {dag.py:3239} INFO - Sync 1 DAGs
[2026-06-19T01:21:44.053+0000] {logging_mixin.py:190} INFO - [2026-06-19T01:21:44.053+0000] {dag.py:4180} INFO - Setting next_dagrun for extract_raw_data_pipeline to 2026-06-18 07:59:00+00:00, run_after=2026-06-19 07:00:00+00:00
[2026-06-19T01:21:44.066+0000] {processor.py:208} INFO - Processing /opt/airflow/dags/driven_data_pipeline.py took 0.130 seconds
[2026-06-19T01:22:14.237+0000] {processor.py:186} INFO - Started process (PID=5073) to work on /opt/airflow/dags/driven_data_pipeline.py
[2026-06-19T01:22:14.238+0000] {processor.py:914} INFO - Processing file /opt/airflow/dags/driven_data_pipeline.py for tasks to queue
[2026-06-19T01:22:14.239+0000] {logging_mixin.py:190} INFO - [2026-06-19T01:22:14.239+0000] {dagbag.py:588} INFO - Filling up the DagBag from /opt/airflow/dags/driven_data_pipeline.py
[2026-06-19T01:22:14.320+0000] {processor.py:925} INFO - DAG(s) 'extract_raw_data_pipeline' retrieved from /opt/airflow/dags/driven_data_pipeline.py
[2026-06-19T01:22:14.334+0000] {logging_mixin.py:190} INFO - [2026-06-19T01:22:14.333+0000] {dag.py:3239} INFO - Sync 1 DAGs
[2026-06-19T01:22:14.345+0000] {logging_mixin.py:190} INFO - [2026-06-19T01:22:14.344+0000] {dag.py:4180} INFO - Setting next_dagrun for extract_raw_data_pipeline to 2026-06-18 07:59:00+00:00, run_after=2026-06-19 07:00:00+00:00
[2026-06-19T01:22:14.357+0000] {processor.py:208} INFO - Processing /opt/airflow/dags/driven_data_pipeline.py took 0.123 seconds
[2026-06-19T01:22:44.678+0000] {processor.py:186} INFO - Started process (PID=5081) to work on /opt/airflow/dags/driven_data_pipeline.py
[2026-06-19T01:22:44.679+0000] {processor.py:914} INFO - Processing file /opt/airflow/dags/driven_data_pipeline.py for tasks to queue
[2026-06-19T01:22:44.680+0000] {logging_mixin.py:190} INFO - [2026-06-19T01:22:44.680+0000] {dagbag.py:588} INFO - Filling up the DagBag from /opt/airflow/dags/driven_data_pipeline.py
[2026-06-19T01:22:44.762+0000] {processor.py:925} INFO - DAG(s) 'extract_raw_data_pipeline' retrieved from /opt/airflow/dags/driven_data_pipeline.py
[2026-06-19T01:22:44.777+0000] {logging_mixin.py:190} INFO - [2026-06-19T01:22:44.777+0000] {dag.py:3239} INFO - Sync 1 DAGs
[2026-06-19T01:22:44.790+0000] {logging_mixin.py:190} INFO - [2026-06-19T01:22:44.790+0000] {dag.py:4180} INFO - Setting next_dagrun for extract_raw_data_pipeline to 2026-06-18 07:59:00+00:00, run_after=2026-06-19 07:00:00+00:00
[2026-06-19T01:22:44.802+0000] {processor.py:208} INFO - Processing /opt/airflow/dags/driven_data_pipeline.py took 0.127 seconds
[2026-06-19T01:23:14.980+0000] {processor.py:186} INFO - Started process (PID=5089) to work on /opt/airflow/dags/driven_data_pipeline.py
[2026-06-19T01:23:14.981+0000] {processor.py:914} INFO - Processing file /opt/airflow/dags/driven_data_pipeline.py for tasks to queue
[2026-06-19T01:23:14.983+0000] {logging_mixin.py:190} INFO - [2026-06-19T01:23:14.982+0000] {dagbag.py:588} INFO - Filling up the DagBag from /opt/airflow/dags/driven_data_pipeline.py
[2026-06-19T01:23:15.064+0000] {processor.py:925} INFO - DAG(s) 'extract_raw_data_pipeline' retrieved from /opt/airflow/dags/driven_data_pipeline.py
[2026-06-19T01:23:15.080+0000] {logging_mixin.py:190} INFO - [2026-06-19T01:23:15.080+0000] {dag.py:3239} INFO - Sync 1 DAGs
[2026-06-19T01:23:15.092+0000] {logging_mixin.py:190} INFO - [2026-06-19T01:23:15.092+0000] {dag.py:4180} INFO - Setting next_dagrun for extract_raw_data_pipeline to 2026-06-18 07:59:00+00:00, run_after=2026-06-19 07:00:00+00:00
[2026-06-19T01:23:15.109+0000] {processor.py:208} INFO - Processing /opt/airflow/dags/driven_data_pipeline.py took 0.132 seconds
[2026-06-19T01:23:45.288+0000] {processor.py:186} INFO - Started process (PID=5097) to work on /opt/airflow/dags/driven_data_pipeline.py
[2026-06-19T01:23:45.288+0000] {processor.py:914} INFO - Processing file /opt/airflow/dags/driven_data_pipeline.py for tasks to queue
[2026-06-19T01:23:45.290+0000] {logging_mixin.py:190} INFO - [2026-06-19T01:23:45.290+0000] {dagbag.py:588} INFO - Filling up the DagBag from /opt/airflow/dags/driven_data_pipeline.py
[2026-06-19T01:23:45.370+0000] {processor.py:925} INFO - DAG(s) 'extract_raw_data_pipeline' retrieved from /opt/airflow/dags/driven_data_pipeline.py
[2026-06-19T01:23:45.385+0000] {logging_mixin.py:190} INFO - [2026-06-19T01:23:45.385+0000] {dag.py:3239} INFO - Sync 1 DAGs
[2026-06-19T01:23:45.397+0000] {logging_mixin.py:190} INFO - [2026-06-19T01:23:45.397+0000] {dag.py:4180} INFO - Setting next_dagrun for extract_raw_data_pipeline to 2026-06-18 07:59:00+00:00, run_after=2026-06-19 07:00:00+00:00
[2026-06-19T01:23:45.411+0000] {processor.py:208} INFO - Processing /opt/airflow/dags/driven_data_pipeline.py took 0.127 seconds
[2026-06-19T01:24:15.702+0000] {processor.py:186} INFO - Started process (PID=5105) to work on /opt/airflow/dags/driven_data_pipeline.py
[2026-06-19T01:24:15.703+0000] {processor.py:914} INFO - Processing file /opt/airflow/dags/driven_data_pipeline.py for tasks to queue
[2026-06-19T01:24:15.705+0000] {logging_mixin.py:190} INFO - [2026-06-19T01:24:15.704+0000] {dagbag.py:588} INFO - Filling up the DagBag from /opt/airflow/dags/driven_data_pipeline.py
[2026-06-19T01:24:15.784+0000] {processor.py:925} INFO - DAG(s) 'extract_raw_data_pipeline' retrieved from /opt/airflow/dags/driven_data_pipeline.py
[2026-06-19T01:24:15.799+0000] {logging_mixin.py:190} INFO - [2026-06-19T01:24:15.799+0000] {dag.py:3239} INFO - Sync 1 DAGs
[2026-06-19T01:24:15.811+0000] {logging_mixin.py:190} INFO - [2026-06-19T01:24:15.811+0000] {dag.py:4180} INFO - Setting next_dagrun for extract_raw_data_pipeline to 2026-06-18 07:59:00+00:00, run_after=2026-06-19 07:00:00+00:00
[2026-06-19T01:24:15.835+0000] {processor.py:208} INFO - Processing /opt/airflow/dags/driven_data_pipeline.py took 0.136 seconds
[2026-06-19T01:24:46.024+0000] {processor.py:186} INFO - Started process (PID=5112) to work on /opt/airflow/dags/driven_data_pipeline.py
[2026-06-19T01:24:46.025+0000] {processor.py:914} INFO - Processing file /opt/airflow/dags/driven_data_pipeline.py for tasks to queue
[2026-06-19T01:24:46.026+0000] {logging_mixin.py:190} INFO - [2026-06-19T01:24:46.026+0000] {dagbag.py:588} INFO - Filling up the DagBag from /opt/airflow/dags/driven_data_pipeline.py
[2026-06-19T01:24:46.109+0000] {processor.py:925} INFO - DAG(s) 'extract_raw_data_pipeline' retrieved from /opt/airflow/dags/driven_data_pipeline.py
[2026-06-19T01:24:46.123+0000] {logging_mixin.py:190} INFO - [2026-06-19T01:24:46.122+0000] {dag.py:3239} INFO - Sync 1 DAGs
[2026-06-19T01:24:46.135+0000] {logging_mixin.py:190} INFO - [2026-06-19T01:24:46.135+0000] {dag.py:4180} INFO - Setting next_dagrun for extract_raw_data_pipeline to 2026-06-18 07:59:00+00:00, run_after=2026-06-19 07:00:00+00:00
[2026-06-19T01:24:46.148+0000] {processor.py:208} INFO - Processing /opt/airflow/dags/driven_data_pipeline.py took 0.128 seconds
[2026-06-19T01:25:16.400+0000] {processor.py:186} INFO - Started process (PID=5120) to work on /opt/airflow/dags/driven_data_pipeline.py
[2026-06-19T01:25:16.401+0000] {processor.py:914} INFO - Processing file /opt/airflow/dags/driven_data_pipeline.py for tasks to queue
[2026-06-19T01:25:16.402+0000] {logging_mixin.py:190} INFO - [2026-06-19T01:25:16.402+0000] {dagbag.py:588} INFO - Filling up the DagBag from /opt/airflow/dags/driven_data_pipeline.py
[2026-06-19T01:25:16.492+0000] {processor.py:925} INFO - DAG(s) 'extract_raw_data_pipeline' retrieved from /opt/airflow/dags/driven_data_pipeline.py
[2026-06-19T01:25:16.507+0000] {logging_mixin.py:190} INFO - [2026-06-19T01:25:16.507+0000] {dag.py:3239} INFO - Sync 1 DAGs
[2026-06-19T01:25:16.521+0000] {logging_mixin.py:190} INFO - [2026-06-19T01:25:16.521+0000] {dag.py:4180} INFO - Setting next_dagrun for extract_raw_data_pipeline to 2026-06-18 07:59:00+00:00, run_after=2026-06-19 07:00:00+00:00
[2026-06-19T01:25:16.543+0000] {processor.py:208} INFO - Processing /opt/airflow/dags/driven_data_pipeline.py took 0.146 seconds
[2026-06-19T01:25:46.744+0000] {processor.py:186} INFO - Started process (PID=5128) to work on /opt/airflow/dags/driven_data_pipeline.py
[2026-06-19T01:25:46.745+0000] {processor.py:914} INFO - Processing file /opt/airflow/dags/driven_data_pipeline.py for tasks to queue
[2026-06-19T01:25:46.746+0000] {logging_mixin.py:190} INFO - [2026-06-19T01:25:46.746+0000] {dagbag.py:588} INFO - Filling up the DagBag from /opt/airflow/dags/driven_data_pipeline.py
[2026-06-19T01:25:46.828+0000] {processor.py:925} INFO - DAG(s) 'extract_raw_data_pipeline' retrieved from /opt/airflow/dags/driven_data_pipeline.py
[2026-06-19T01:25:46.842+0000] {logging_mixin.py:190} INFO - [2026-06-19T01:25:46.841+0000] {dag.py:3239} INFO - Sync 1 DAGs
[2026-06-19T01:25:46.853+0000] {logging_mixin.py:190} INFO - [2026-06-19T01:25:46.853+0000] {dag.py:4180} INFO - Setting next_dagrun for extract_raw_data_pipeline to 2026-06-18 07:59:00+00:00, run_after=2026-06-19 07:00:00+00:00
[2026-06-19T01:25:46.865+0000] {processor.py:208} INFO - Processing /opt/airflow/dags/driven_data_pipeline.py took 0.124 seconds
[2026-06-19T01:26:17.109+0000] {processor.py:186} INFO - Started process (PID=5135) to work on /opt/airflow/dags/driven_data_pipeline.py
[2026-06-19T01:26:17.110+0000] {processor.py:914} INFO - Processing file /opt/airflow/dags/driven_data_pipeline.py for tasks to queue
[2026-06-19T01:26:17.111+0000] {logging_mixin.py:190} INFO - [2026-06-19T01:26:17.111+0000] {dagbag.py:588} INFO - Filling up the DagBag from /opt/airflow/dags/driven_data_pipeline.py
[2026-06-19T01:26:17.191+0000] {processor.py:925} INFO - DAG(s) 'extract_raw_data_pipeline' retrieved from /opt/airflow/dags/driven_data_pipeline.py
[2026-06-19T01:26:17.206+0000] {logging_mixin.py:190} INFO - [2026-06-19T01:26:17.206+0000] {dag.py:3239} INFO - Sync 1 DAGs
[2026-06-19T01:26:17.218+0000] {logging_mixin.py:190} INFO - [2026-06-19T01:26:17.218+0000] {dag.py:4180} INFO - Setting next_dagrun for extract_raw_data_pipeline to 2026-06-18 07:59:00+00:00, run_after=2026-06-19 07:00:00+00:00
[2026-06-19T01:26:17.233+0000] {processor.py:208} INFO - Processing /opt/airflow/dags/driven_data_pipeline.py took 0.128 seconds
[2026-06-19T01:26:47.533+0000] {processor.py:186} INFO - Started process (PID=5143) to work on /opt/airflow/dags/driven_data_pipeline.py
[2026-06-19T01:26:47.534+0000] {processor.py:914} INFO - Processing file /opt/airflow/dags/driven_data_pipeline.py for tasks to queue
[2026-06-19T01:26:47.536+0000] {logging_mixin.py:190} INFO - [2026-06-19T01:26:47.535+0000] {dagbag.py:588} INFO - Filling up the DagBag from /opt/airflow/dags/driven_data_pipeline.py
[2026-06-19T01:26:47.616+0000] {processor.py:925} INFO - DAG(s) 'extract_raw_data_pipeline' retrieved from /opt/airflow/dags/driven_data_pipeline.py
[2026-06-19T01:26:47.629+0000] {logging_mixin.py:190} INFO - [2026-06-19T01:26:47.629+0000] {dag.py:3239} INFO - Sync 1 DAGs
[2026-06-19T01:26:47.642+0000] {logging_mixin.py:190} INFO - [2026-06-19T01:26:47.641+0000] {dag.py:4180} INFO - Setting next_dagrun for extract_raw_data_pipeline to 2026-06-18 07:59:00+00:00, run_after=2026-06-19 07:00:00+00:00
[2026-06-19T01:26:47.654+0000] {processor.py:208} INFO - Processing /opt/airflow/dags/driven_data_pipeline.py took 0.124 seconds
[2026-06-19T01:27:17.855+0000] {processor.py:186} INFO - Started process (PID=5151) to work on /opt/airflow/dags/driven_data_pipeline.py
[2026-06-19T01:27:17.855+0000] {processor.py:914} INFO - Processing file /opt/airflow/dags/driven_data_pipeline.py for tasks to queue
[2026-06-19T01:27:17.857+0000] {logging_mixin.py:190} INFO - [2026-06-19T01:27:17.857+0000] {dagbag.py:588} INFO - Filling up the DagBag from /opt/airflow/dags/driven_data_pipeline.py
[2026-06-19T01:27:17.937+0000] {processor.py:925} INFO - DAG(s) 'extract_raw_data_pipeline' retrieved from /opt/airflow/dags/driven_data_pipeline.py
[2026-06-19T01:27:17.952+0000] {logging_mixin.py:190} INFO - [2026-06-19T01:27:17.951+0000] {dag.py:3239} INFO - Sync 1 DAGs
[2026-06-19T01:27:17.964+0000] {logging_mixin.py:190} INFO - [2026-06-19T01:27:17.964+0000] {dag.py:4180} INFO - Setting next_dagrun for extract_raw_data_pipeline to 2026-06-18 07:59:00+00:00, run_after=2026-06-19 07:00:00+00:00
[2026-06-19T01:27:17.979+0000] {processor.py:208} INFO - Processing /opt/airflow/dags/driven_data_pipeline.py took 0.128 seconds
[2026-06-19T01:27:48.222+0000] {processor.py:186} INFO - Started process (PID=5159) to work on /opt/airflow/dags/driven_data_pipeline.py
[2026-06-19T01:27:48.223+0000] {processor.py:914} INFO - Processing file /opt/airflow/dags/driven_data_pipeline.py for tasks to queue
[2026-06-19T01:27:48.224+0000] {logging_mixin.py:190} INFO - [2026-06-19T01:27:48.224+0000] {dagbag.py:588} INFO - Filling up the DagBag from /opt/airflow/dags/driven_data_pipeline.py
[2026-06-19T01:27:48.307+0000] {processor.py:925} INFO - DAG(s) 'extract_raw_data_pipeline' retrieved from /opt/airflow/dags/driven_data_pipeline.py
[2026-06-19T01:27:48.321+0000] {logging_mixin.py:190} INFO - [2026-06-19T01:27:48.321+0000] {dag.py:3239} INFO - Sync 1 DAGs
[2026-06-19T01:27:48.333+0000] {logging_mixin.py:190} INFO - [2026-06-19T01:27:48.333+0000] {dag.py:4180} INFO - Setting next_dagrun for extract_raw_data_pipeline to 2026-06-18 07:59:00+00:00, run_after=2026-06-19 07:00:00+00:00
[2026-06-19T01:27:48.346+0000] {processor.py:208} INFO - Processing /opt/airflow/dags/driven_data_pipeline.py took 0.127 seconds
[2026-06-19T01:28:18.522+0000] {processor.py:186} INFO - Started process (PID=5167) to work on /opt/airflow/dags/driven_data_pipeline.py
[2026-06-19T01:28:18.523+0000] {processor.py:914} INFO - Processing file /opt/airflow/dags/driven_data_pipeline.py for tasks to queue
[2026-06-19T01:28:18.524+0000] {logging_mixin.py:190} INFO - [2026-06-19T01:28:18.524+0000] {dagbag.py:588} INFO - Filling up the DagBag from /opt/airflow/dags/driven_data_pipeline.py
[2026-06-19T01:28:18.605+0000] {processor.py:925} INFO - DAG(s) 'extract_raw_data_pipeline' retrieved from /opt/airflow/dags/driven_data_pipeline.py
[2026-06-19T01:28:18.622+0000] {logging_mixin.py:190} INFO - [2026-06-19T01:28:18.622+0000] {dag.py:3239} INFO - Sync 1 DAGs
[2026-06-19T01:28:18.636+0000] {logging_mixin.py:190} INFO - [2026-06-19T01:28:18.636+0000] {dag.py:4180} INFO - Setting next_dagrun for extract_raw_data_pipeline to 2026-06-18 07:59:00+00:00, run_after=2026-06-19 07:00:00+00:00
[2026-06-19T01:28:18.651+0000] {processor.py:208} INFO - Processing /opt/airflow/dags/driven_data_pipeline.py took 0.133 seconds
[2026-06-19T01:28:48.988+0000] {processor.py:186} INFO - Started process (PID=5175) to work on /opt/airflow/dags/driven_data_pipeline.py
[2026-06-19T01:28:48.989+0000] {processor.py:914} INFO - Processing file /opt/airflow/dags/driven_data_pipeline.py for tasks to queue
[2026-06-19T01:28:48.991+0000] {logging_mixin.py:190} INFO - [2026-06-19T01:28:48.991+0000] {dagbag.py:588} INFO - Filling up the DagBag from /opt/airflow/dags/driven_data_pipeline.py
[2026-06-19T01:28:49.082+0000] {processor.py:925} INFO - DAG(s) 'extract_raw_data_pipeline' retrieved from /opt/airflow/dags/driven_data_pipeline.py
[2026-06-19T01:28:49.096+0000] {logging_mixin.py:190} INFO - [2026-06-19T01:28:49.096+0000] {dag.py:3239} INFO - Sync 1 DAGs
[2026-06-19T01:28:49.108+0000] {logging_mixin.py:190} INFO - [2026-06-19T01:28:49.108+0000] {dag.py:4180} INFO - Setting next_dagrun for extract_raw_data_pipeline to 2026-06-18 07:59:00+00:00, run_after=2026-06-19 07:00:00+00:00
[2026-06-19T01:28:49.122+0000] {processor.py:208} INFO - Processing /opt/airflow/dags/driven_data_pipeline.py took 0.137 seconds
[2026-06-19T01:29:19.349+0000] {processor.py:186} INFO - Started process (PID=5183) to work on /opt/airflow/dags/driven_data_pipeline.py
[2026-06-19T01:29:19.349+0000] {processor.py:914} INFO - Processing file /opt/airflow/dags/driven_data_pipeline.py for tasks to queue
[2026-06-19T01:29:19.351+0000] {logging_mixin.py:190} INFO - [2026-06-19T01:29:19.350+0000] {dagbag.py:588} INFO - Filling up the DagBag from /opt/airflow/dags/driven_data_pipeline.py
[2026-06-19T01:29:19.430+0000] {processor.py:925} INFO - DAG(s) 'extract_raw_data_pipeline' retrieved from /opt/airflow/dags/driven_data_pipeline.py
[2026-06-19T01:29:19.445+0000] {logging_mixin.py:190} INFO - [2026-06-19T01:29:19.445+0000] {dag.py:3239} INFO - Sync 1 DAGs
[2026-06-19T01:29:19.457+0000] {logging_mixin.py:190} INFO - [2026-06-19T01:29:19.457+0000] {dag.py:4180} INFO - Setting next_dagrun for extract_raw_data_pipeline to 2026-06-18 07:59:00+00:00, run_after=2026-06-19 07:00:00+00:00
[2026-06-19T01:29:19.470+0000] {processor.py:208} INFO - Processing /opt/airflow/dags/driven_data_pipeline.py took 0.125 seconds
[2026-06-19T01:29:49.703+0000] {processor.py:186} INFO - Started process (PID=5191) to work on /opt/airflow/dags/driven_data_pipeline.py
[2026-06-19T01:29:49.703+0000] {processor.py:914} INFO - Processing file /opt/airflow/dags/driven_data_pipeline.py for tasks to queue
[2026-06-19T01:29:49.705+0000] {logging_mixin.py:190} INFO - [2026-06-19T01:29:49.705+0000] {dagbag.py:588} INFO - Filling up the DagBag from /opt/airflow/dags/driven_data_pipeline.py
[2026-06-19T01:29:49.785+0000] {processor.py:925} INFO - DAG(s) 'extract_raw_data_pipeline' retrieved from /opt/airflow/dags/driven_data_pipeline.py
[2026-06-19T01:29:49.799+0000] {logging_mixin.py:190} INFO - [2026-06-19T01:29:49.798+0000] {dag.py:3239} INFO - Sync 1 DAGs
[2026-06-19T01:29:49.811+0000] {logging_mixin.py:190} INFO - [2026-06-19T01:29:49.811+0000] {dag.py:4180} INFO - Setting next_dagrun for extract_raw_data_pipeline to 2026-06-18 07:59:00+00:00, run_after=2026-06-19 07:00:00+00:00
[2026-06-19T01:29:49.826+0000] {processor.py:208} INFO - Processing /opt/airflow/dags/driven_data_pipeline.py took 0.126 seconds
[2026-06-19T01:30:20.046+0000] {processor.py:186} INFO - Started process (PID=5199) to work on /opt/airflow/dags/driven_data_pipeline.py
[2026-06-19T01:30:20.046+0000] {processor.py:914} INFO - Processing file /opt/airflow/dags/driven_data_pipeline.py for tasks to queue
[2026-06-19T01:30:20.048+0000] {logging_mixin.py:190} INFO - [2026-06-19T01:30:20.048+0000] {dagbag.py:588} INFO - Filling up the DagBag from /opt/airflow/dags/driven_data_pipeline.py
[2026-06-19T01:30:20.136+0000] {processor.py:925} INFO - DAG(s) 'extract_raw_data_pipeline' retrieved from /opt/airflow/dags/driven_data_pipeline.py
[2026-06-19T01:30:20.151+0000] {logging_mixin.py:190} INFO - [2026-06-19T01:30:20.151+0000] {dag.py:3239} INFO - Sync 1 DAGs
[2026-06-19T01:30:20.165+0000] {logging_mixin.py:190} INFO - [2026-06-19T01:30:20.165+0000] {dag.py:4180} INFO - Setting next_dagrun for extract_raw_data_pipeline to 2026-06-18 07:59:00+00:00, run_after=2026-06-19 07:00:00+00:00
[2026-06-19T01:30:20.178+0000] {processor.py:208} INFO - Processing /opt/airflow/dags/driven_data_pipeline.py took 0.136 seconds
[2026-06-19T01:30:50.359+0000] {processor.py:186} INFO - Started process (PID=5207) to work on /opt/airflow/dags/driven_data_pipeline.py
[2026-06-19T01:30:50.360+0000] {processor.py:914} INFO - Processing file /opt/airflow/dags/driven_data_pipeline.py for tasks to queue
[2026-06-19T01:30:50.362+0000] {logging_mixin.py:190} INFO - [2026-06-19T01:30:50.362+0000] {dagbag.py:588} INFO - Filling up the DagBag from /opt/airflow/dags/driven_data_pipeline.py
[2026-06-19T01:30:50.468+0000] {processor.py:925} INFO - DAG(s) 'extract_raw_data_pipeline' retrieved from /opt/airflow/dags/driven_data_pipeline.py
[2026-06-19T01:30:50.481+0000] {logging_mixin.py:190} INFO - [2026-06-19T01:30:50.481+0000] {dag.py:3239} INFO - Sync 1 DAGs
[2026-06-19T01:30:50.494+0000] {logging_mixin.py:190} INFO - [2026-06-19T01:30:50.494+0000] {dag.py:4180} INFO - Setting next_dagrun for extract_raw_data_pipeline to 2026-06-18 07:59:00+00:00, run_after=2026-06-19 07:00:00+00:00
[2026-06-19T01:30:50.506+0000] {processor.py:208} INFO - Processing /opt/airflow/dags/driven_data_pipeline.py took 0.151 seconds
[2026-06-19T01:31:20.786+0000] {processor.py:186} INFO - Started process (PID=5215) to work on /opt/airflow/dags/driven_data_pipeline.py
[2026-06-19T01:31:20.787+0000] {processor.py:914} INFO - Processing file /opt/airflow/dags/driven_data_pipeline.py for tasks to queue
[2026-06-19T01:31:20.788+0000] {logging_mixin.py:190} INFO - [2026-06-19T01:31:20.788+0000] {dagbag.py:588} INFO - Filling up the DagBag from /opt/airflow/dags/driven_data_pipeline.py
[2026-06-19T01:31:20.868+0000] {processor.py:925} INFO - DAG(s) 'extract_raw_data_pipeline' retrieved from /opt/airflow/dags/driven_data_pipeline.py
[2026-06-19T01:31:20.883+0000] {logging_mixin.py:190} INFO - [2026-06-19T01:31:20.883+0000] {dag.py:3239} INFO - Sync 1 DAGs
[2026-06-19T01:31:20.895+0000] {logging_mixin.py:190} INFO - [2026-06-19T01:31:20.895+0000] {dag.py:4180} INFO - Setting next_dagrun for extract_raw_data_pipeline to 2026-06-18 07:59:00+00:00, run_after=2026-06-19 07:00:00+00:00
[2026-06-19T01:31:20.908+0000] {processor.py:208} INFO - Processing /opt/airflow/dags/driven_data_pipeline.py took 0.125 seconds
[2026-06-19T01:31:51.165+0000] {processor.py:186} INFO - Started process (PID=5223) to work on /opt/airflow/dags/driven_data_pipeline.py
[2026-06-19T01:31:51.165+0000] {processor.py:914} INFO - Processing file /opt/airflow/dags/driven_data_pipeline.py for tasks to queue
[2026-06-19T01:31:51.167+0000] {logging_mixin.py:190} INFO - [2026-06-19T01:31:51.167+0000] {dagbag.py:588} INFO - Filling up the DagBag from /opt/airflow/dags/driven_data_pipeline.py
[2026-06-19T01:31:51.251+0000] {processor.py:925} INFO - DAG(s) 'extract_raw_data_pipeline' retrieved from /opt/airflow/dags/driven_data_pipeline.py
[2026-06-19T01:31:51.266+0000] {logging_mixin.py:190} INFO - [2026-06-19T01:31:51.266+0000] {dag.py:3239} INFO - Sync 1 DAGs
[2026-06-19T01:31:51.278+0000] {logging_mixin.py:190} INFO - [2026-06-19T01:31:51.278+0000] {dag.py:4180} INFO - Setting next_dagrun for extract_raw_data_pipeline to 2026-06-18 07:59:00+00:00, run_after=2026-06-19 07:00:00+00:00
[2026-06-19T01:31:51.291+0000] {processor.py:208} INFO - Processing /opt/airflow/dags/driven_data_pipeline.py took 0.130 seconds
[2026-06-19T01:32:21.529+0000] {processor.py:186} INFO - Started process (PID=5231) to work on /opt/airflow/dags/driven_data_pipeline.py
[2026-06-19T01:32:21.530+0000] {processor.py:914} INFO - Processing file /opt/airflow/dags/driven_data_pipeline.py for tasks to queue
[2026-06-19T01:32:21.532+0000] {logging_mixin.py:190} INFO - [2026-06-19T01:32:21.532+0000] {dagbag.py:588} INFO - Filling up the DagBag from /opt/airflow/dags/driven_data_pipeline.py
[2026-06-19T01:32:21.626+0000] {processor.py:925} INFO - DAG(s) 'extract_raw_data_pipeline' retrieved from /opt/airflow/dags/driven_data_pipeline.py
[2026-06-19T01:32:21.641+0000] {logging_mixin.py:190} INFO - [2026-06-19T01:32:21.641+0000] {dag.py:3239} INFO - Sync 1 DAGs
[2026-06-19T01:32:21.655+0000] {logging_mixin.py:190} INFO - [2026-06-19T01:32:21.654+0000] {dag.py:4180} INFO - Setting next_dagrun for extract_raw_data_pipeline to 2026-06-18 07:59:00+00:00, run_after=2026-06-19 07:00:00+00:00
[2026-06-19T01:32:21.668+0000] {processor.py:208} INFO - Processing /opt/airflow/dags/driven_data_pipeline.py took 0.142 seconds
[2026-06-19T01:32:51.897+0000] {processor.py:186} INFO - Started process (PID=5239) to work on /opt/airflow/dags/driven_data_pipeline.py
[2026-06-19T01:32:51.898+0000] {processor.py:914} INFO - Processing file /opt/airflow/dags/driven_data_pipeline.py for tasks to queue
[2026-06-19T01:32:51.900+0000] {logging_mixin.py:190} INFO - [2026-06-19T01:32:51.900+0000] {dagbag.py:588} INFO - Filling up the DagBag from /opt/airflow/dags/driven_data_pipeline.py
[2026-06-19T01:32:51.981+0000] {processor.py:925} INFO - DAG(s) 'extract_raw_data_pipeline' retrieved from /opt/airflow/dags/driven_data_pipeline.py
[2026-06-19T01:32:51.997+0000] {logging_mixin.py:190} INFO - [2026-06-19T01:32:51.996+0000] {dag.py:3239} INFO - Sync 1 DAGs
[2026-06-19T01:32:52.009+0000] {logging_mixin.py:190} INFO - [2026-06-19T01:32:52.009+0000] {dag.py:4180} INFO - Setting next_dagrun for extract_raw_data_pipeline to 2026-06-18 07:59:00+00:00, run_after=2026-06-19 07:00:00+00:00
[2026-06-19T01:32:52.021+0000] {processor.py:208} INFO - Processing /opt/airflow/dags/driven_data_pipeline.py took 0.128 seconds
[2026-06-19T01:33:22.239+0000] {processor.py:186} INFO - Started process (PID=5247) to work on /opt/airflow/dags/driven_data_pipeline.py
[2026-06-19T01:33:22.239+0000] {processor.py:914} INFO - Processing file /opt/airflow/dags/driven_data_pipeline.py for tasks to queue
[2026-06-19T01:33:22.242+0000] {logging_mixin.py:190} INFO - [2026-06-19T01:33:22.241+0000] {dagbag.py:588} INFO - Filling up the DagBag from /opt/airflow/dags/driven_data_pipeline.py
[2026-06-19T01:33:22.333+0000] {processor.py:925} INFO - DAG(s) 'extract_raw_data_pipeline' retrieved from /opt/airflow/dags/driven_data_pipeline.py
[2026-06-19T01:33:22.347+0000] {logging_mixin.py:190} INFO - [2026-06-19T01:33:22.347+0000] {dag.py:3239} INFO - Sync 1 DAGs
[2026-06-19T01:33:22.358+0000] {logging_mixin.py:190} INFO - [2026-06-19T01:33:22.358+0000] {dag.py:4180} INFO - Setting next_dagrun for extract_raw_data_pipeline to 2026-06-18 07:59:00+00:00, run_after=2026-06-19 07:00:00+00:00
[2026-06-19T01:33:22.374+0000] {processor.py:208} INFO - Processing /opt/airflow/dags/driven_data_pipeline.py took 0.139 seconds
[2026-06-19T01:33:52.642+0000] {processor.py:186} INFO - Started process (PID=5255) to work on /opt/airflow/dags/driven_data_pipeline.py
[2026-06-19T01:33:52.643+0000] {processor.py:914} INFO - Processing file /opt/airflow/dags/driven_data_pipeline.py for tasks to queue
[2026-06-19T01:33:52.645+0000] {logging_mixin.py:190} INFO - [2026-06-19T01:33:52.644+0000] {dagbag.py:588} INFO - Filling up the DagBag from /opt/airflow/dags/driven_data_pipeline.py
[2026-06-19T01:33:52.734+0000] {processor.py:925} INFO - DAG(s) 'extract_raw_data_pipeline' retrieved from /opt/airflow/dags/driven_data_pipeline.py
[2026-06-19T01:33:52.748+0000] {logging_mixin.py:190} INFO - [2026-06-19T01:33:52.748+0000] {dag.py:3239} INFO - Sync 1 DAGs
[2026-06-19T01:33:52.760+0000] {logging_mixin.py:190} INFO - [2026-06-19T01:33:52.760+0000] {dag.py:4180} INFO - Setting next_dagrun for extract_raw_data_pipeline to 2026-06-18 07:59:00+00:00, run_after=2026-06-19 07:00:00+00:00
[2026-06-19T01:33:52.774+0000] {processor.py:208} INFO - Processing /opt/airflow/dags/driven_data_pipeline.py took 0.137 seconds
[2026-06-19T01:34:23.026+0000] {processor.py:186} INFO - Started process (PID=5263) to work on /opt/airflow/dags/driven_data_pipeline.py
[2026-06-19T01:34:23.027+0000] {processor.py:914} INFO - Processing file /opt/airflow/dags/driven_data_pipeline.py for tasks to queue
[2026-06-19T01:34:23.029+0000] {logging_mixin.py:190} INFO - [2026-06-19T01:34:23.029+0000] {dagbag.py:588} INFO - Filling up the DagBag from /opt/airflow/dags/driven_data_pipeline.py
[2026-06-19T01:34:23.109+0000] {processor.py:925} INFO - DAG(s) 'extract_raw_data_pipeline' retrieved from /opt/airflow/dags/driven_data_pipeline.py
[2026-06-19T01:34:23.124+0000] {logging_mixin.py:190} INFO - [2026-06-19T01:34:23.124+0000] {dag.py:3239} INFO - Sync 1 DAGs
[2026-06-19T01:34:23.136+0000] {logging_mixin.py:190} INFO - [2026-06-19T01:34:23.136+0000] {dag.py:4180} INFO - Setting next_dagrun for extract_raw_data_pipeline to 2026-06-18 07:59:00+00:00, run_after=2026-06-19 07:00:00+00:00
[2026-06-19T01:34:23.150+0000] {processor.py:208} INFO - Processing /opt/airflow/dags/driven_data_pipeline.py took 0.127 seconds
[2026-06-19T01:34:53.381+0000] {processor.py:186} INFO - Started process (PID=5272) to work on /opt/airflow/dags/driven_data_pipeline.py
[2026-06-19T01:34:53.381+0000] {processor.py:914} INFO - Processing file /opt/airflow/dags/driven_data_pipeline.py for tasks to queue
[2026-06-19T01:34:53.383+0000] {logging_mixin.py:190} INFO - [2026-06-19T01:34:53.383+0000] {dagbag.py:588} INFO - Filling up the DagBag from /opt/airflow/dags/driven_data_pipeline.py
[2026-06-19T01:34:53.467+0000] {processor.py:925} INFO - DAG(s) 'extract_raw_data_pipeline' retrieved from /opt/airflow/dags/driven_data_pipeline.py
[2026-06-19T01:34:53.481+0000] {logging_mixin.py:190} INFO - [2026-06-19T01:34:53.481+0000] {dag.py:3239} INFO - Sync 1 DAGs
[2026-06-19T01:34:53.494+0000] {logging_mixin.py:190} INFO - [2026-06-19T01:34:53.494+0000] {dag.py:4180} INFO - Setting next_dagrun for extract_raw_data_pipeline to 2026-06-18 07:59:00+00:00, run_after=2026-06-19 07:00:00+00:00
[2026-06-19T01:34:53.506+0000] {processor.py:208} INFO - Processing /opt/airflow/dags/driven_data_pipeline.py took 0.129 seconds
[2026-06-19T01:35:23.782+0000] {processor.py:186} INFO - Started process (PID=5280) to work on /opt/airflow/dags/driven_data_pipeline.py
[2026-06-19T01:35:23.782+0000] {processor.py:914} INFO - Processing file /opt/airflow/dags/driven_data_pipeline.py for tasks to queue
[2026-06-19T01:35:23.784+0000] {logging_mixin.py:190} INFO - [2026-06-19T01:35:23.784+0000] {dagbag.py:588} INFO - Filling up the DagBag from /opt/airflow/dags/driven_data_pipeline.py
[2026-06-19T01:35:23.863+0000] {processor.py:925} INFO - DAG(s) 'extract_raw_data_pipeline' retrieved from /opt/airflow/dags/driven_data_pipeline.py
[2026-06-19T01:35:23.878+0000] {logging_mixin.py:190} INFO - [2026-06-19T01:35:23.878+0000] {dag.py:3239} INFO - Sync 1 DAGs
[2026-06-19T01:35:23.890+0000] {logging_mixin.py:190} INFO - [2026-06-19T01:35:23.890+0000] {dag.py:4180} INFO - Setting next_dagrun for extract_raw_data_pipeline to 2026-06-18 07:59:00+00:00, run_after=2026-06-19 07:00:00+00:00
[2026-06-19T01:35:23.903+0000] {processor.py:208} INFO - Processing /opt/airflow/dags/driven_data_pipeline.py took 0.125 seconds
[2026-06-19T01:35:54.339+0000] {processor.py:186} INFO - Started process (PID=5288) to work on /opt/airflow/dags/driven_data_pipeline.py
[2026-06-19T01:35:54.340+0000] {processor.py:914} INFO - Processing file /opt/airflow/dags/driven_data_pipeline.py for tasks to queue
[2026-06-19T01:35:54.341+0000] {logging_mixin.py:190} INFO - [2026-06-19T01:35:54.341+0000] {dagbag.py:588} INFO - Filling up the DagBag from /opt/airflow/dags/driven_data_pipeline.py
[2026-06-19T01:35:54.422+0000] {processor.py:925} INFO - DAG(s) 'extract_raw_data_pipeline' retrieved from /opt/airflow/dags/driven_data_pipeline.py
[2026-06-19T01:35:54.436+0000] {logging_mixin.py:190} INFO - [2026-06-19T01:35:54.436+0000] {dag.py:3239} INFO - Sync 1 DAGs
[2026-06-19T01:35:54.447+0000] {logging_mixin.py:190} INFO - [2026-06-19T01:35:54.447+0000] {dag.py:4180} INFO - Setting next_dagrun for extract_raw_data_pipeline to 2026-06-18 07:59:00+00:00, run_after=2026-06-19 07:00:00+00:00
[2026-06-19T01:35:54.459+0000] {processor.py:208} INFO - Processing /opt/airflow/dags/driven_data_pipeline.py took 0.124 seconds
[2026-06-19T01:36:24.690+0000] {processor.py:186} INFO - Started process (PID=5296) to work on /opt/airflow/dags/driven_data_pipeline.py
[2026-06-19T01:36:24.692+0000] {processor.py:914} INFO - Processing file /opt/airflow/dags/driven_data_pipeline.py for tasks to queue
[2026-06-19T01:36:24.694+0000] {logging_mixin.py:190} INFO - [2026-06-19T01:36:24.693+0000] {dagbag.py:588} INFO - Filling up the DagBag from /opt/airflow/dags/driven_data_pipeline.py
[2026-06-19T01:36:24.776+0000] {processor.py:925} INFO - DAG(s) 'extract_raw_data_pipeline' retrieved from /opt/airflow/dags/driven_data_pipeline.py
[2026-06-19T01:36:24.789+0000] {logging_mixin.py:190} INFO - [2026-06-19T01:36:24.789+0000] {dag.py:3239} INFO - Sync 1 DAGs
[2026-06-19T01:36:24.802+0000] {logging_mixin.py:190} INFO - [2026-06-19T01:36:24.802+0000] {dag.py:4180} INFO - Setting next_dagrun for extract_raw_data_pipeline to 2026-06-18 07:59:00+00:00, run_after=2026-06-19 07:00:00+00:00
[2026-06-19T01:36:24.816+0000] {processor.py:208} INFO - Processing /opt/airflow/dags/driven_data_pipeline.py took 0.130 seconds
[2026-06-19T01:36:55.079+0000] {processor.py:186} INFO - Started process (PID=5304) to work on /opt/airflow/dags/driven_data_pipeline.py
[2026-06-19T01:36:55.080+0000] {processor.py:914} INFO - Processing file /opt/airflow/dags/driven_data_pipeline.py for tasks to queue
[2026-06-19T01:36:55.082+0000] {logging_mixin.py:190} INFO - [2026-06-19T01:36:55.081+0000] {dagbag.py:588} INFO - Filling up the DagBag from /opt/airflow/dags/driven_data_pipeline.py
[2026-06-19T01:36:55.163+0000] {processor.py:925} INFO - DAG(s) 'extract_raw_data_pipeline' retrieved from /opt/airflow/dags/driven_data_pipeline.py
[2026-06-19T01:36:55.178+0000] {logging_mixin.py:190} INFO - [2026-06-19T01:36:55.177+0000] {dag.py:3239} INFO - Sync 1 DAGs
[2026-06-19T01:36:55.191+0000] {logging_mixin.py:190} INFO - [2026-06-19T01:36:55.191+0000] {dag.py:4180} INFO - Setting next_dagrun for extract_raw_data_pipeline to 2026-06-18 07:59:00+00:00, run_after=2026-06-19 07:00:00+00:00
[2026-06-19T01:36:55.204+0000] {processor.py:208} INFO - Processing /opt/airflow/dags/driven_data_pipeline.py took 0.128 seconds
[2026-06-19T01:37:25.495+0000] {processor.py:186} INFO - Started process (PID=5312) to work on /opt/airflow/dags/driven_data_pipeline.py
[2026-06-19T01:37:25.496+0000] {processor.py:914} INFO - Processing file /opt/airflow/dags/driven_data_pipeline.py for tasks to queue
[2026-06-19T01:37:25.497+0000] {logging_mixin.py:190} INFO - [2026-06-19T01:37:25.497+0000] {dagbag.py:588} INFO - Filling up the DagBag from /opt/airflow/dags/driven_data_pipeline.py
[2026-06-19T01:37:25.595+0000] {processor.py:925} INFO - DAG(s) 'extract_raw_data_pipeline' retrieved from /opt/airflow/dags/driven_data_pipeline.py
[2026-06-19T01:37:25.610+0000] {logging_mixin.py:190} INFO - [2026-06-19T01:37:25.610+0000] {dag.py:3239} INFO - Sync 1 DAGs
[2026-06-19T01:37:25.623+0000] {logging_mixin.py:190} INFO - [2026-06-19T01:37:25.623+0000] {dag.py:4180} INFO - Setting next_dagrun for extract_raw_data_pipeline to 2026-06-18 07:59:00+00:00, run_after=2026-06-19 07:00:00+00:00
[2026-06-19T01:37:25.642+0000] {processor.py:208} INFO - Processing /opt/airflow/dags/driven_data_pipeline.py took 0.150 seconds
[2026-06-19T01:37:55.802+0000] {processor.py:186} INFO - Started process (PID=5320) to work on /opt/airflow/dags/driven_data_pipeline.py
[2026-06-19T01:37:55.803+0000] {processor.py:914} INFO - Processing file /opt/airflow/dags/driven_data_pipeline.py for tasks to queue
[2026-06-19T01:37:55.805+0000] {logging_mixin.py:190} INFO - [2026-06-19T01:37:55.805+0000] {dagbag.py:588} INFO - Filling up the DagBag from /opt/airflow/dags/driven_data_pipeline.py
[2026-06-19T01:37:55.888+0000] {processor.py:925} INFO - DAG(s) 'extract_raw_data_pipeline' retrieved from /opt/airflow/dags/driven_data_pipeline.py
[2026-06-19T01:37:55.902+0000] {logging_mixin.py:190} INFO - [2026-06-19T01:37:55.902+0000] {dag.py:3239} INFO - Sync 1 DAGs
[2026-06-19T01:37:55.914+0000] {logging_mixin.py:190} INFO - [2026-06-19T01:37:55.914+0000] {dag.py:4180} INFO - Setting next_dagrun for extract_raw_data_pipeline to 2026-06-18 07:59:00+00:00, run_after=2026-06-19 07:00:00+00:00
[2026-06-19T01:37:55.927+0000] {processor.py:208} INFO - Processing /opt/airflow/dags/driven_data_pipeline.py took 0.128 seconds
[2026-06-19T01:38:26.224+0000] {processor.py:186} INFO - Started process (PID=5328) to work on /opt/airflow/dags/driven_data_pipeline.py
[2026-06-19T01:38:26.225+0000] {processor.py:914} INFO - Processing file /opt/airflow/dags/driven_data_pipeline.py for tasks to queue
[2026-06-19T01:38:26.226+0000] {logging_mixin.py:190} INFO - [2026-06-19T01:38:26.226+0000] {dagbag.py:588} INFO - Filling up the DagBag from /opt/airflow/dags/driven_data_pipeline.py
[2026-06-19T01:38:26.308+0000] {processor.py:925} INFO - DAG(s) 'extract_raw_data_pipeline' retrieved from /opt/airflow/dags/driven_data_pipeline.py
[2026-06-19T01:38:26.323+0000] {logging_mixin.py:190} INFO - [2026-06-19T01:38:26.323+0000] {dag.py:3239} INFO - Sync 1 DAGs
[2026-06-19T01:38:26.335+0000] {logging_mixin.py:190} INFO - [2026-06-19T01:38:26.335+0000] {dag.py:4180} INFO - Setting next_dagrun for extract_raw_data_pipeline to 2026-06-18 07:59:00+00:00, run_after=2026-06-19 07:00:00+00:00
[2026-06-19T01:38:26.348+0000] {processor.py:208} INFO - Processing /opt/airflow/dags/driven_data_pipeline.py took 0.128 seconds
[2026-06-19T01:38:56.553+0000] {processor.py:186} INFO - Started process (PID=5336) to work on /opt/airflow/dags/driven_data_pipeline.py
[2026-06-19T01:38:56.554+0000] {processor.py:914} INFO - Processing file /opt/airflow/dags/driven_data_pipeline.py for tasks to queue
[2026-06-19T01:38:56.555+0000] {logging_mixin.py:190} INFO - [2026-06-19T01:38:56.555+0000] {dagbag.py:588} INFO - Filling up the DagBag from /opt/airflow/dags/driven_data_pipeline.py
[2026-06-19T01:38:56.647+0000] {processor.py:925} INFO - DAG(s) 'extract_raw_data_pipeline' retrieved from /opt/airflow/dags/driven_data_pipeline.py
[2026-06-19T01:38:56.661+0000] {logging_mixin.py:190} INFO - [2026-06-19T01:38:56.661+0000] {dag.py:3239} INFO - Sync 1 DAGs
[2026-06-19T01:38:56.674+0000] {logging_mixin.py:190} INFO - [2026-06-19T01:38:56.674+0000] {dag.py:4180} INFO - Setting next_dagrun for extract_raw_data_pipeline to 2026-06-18 07:59:00+00:00, run_after=2026-06-19 07:00:00+00:00
[2026-06-19T01:38:56.686+0000] {processor.py:208} INFO - Processing /opt/airflow/dags/driven_data_pipeline.py took 0.137 seconds
[2026-06-19T01:39:26.934+0000] {processor.py:186} INFO - Started process (PID=5344) to work on /opt/airflow/dags/driven_data_pipeline.py
[2026-06-19T01:39:26.935+0000] {processor.py:914} INFO - Processing file /opt/airflow/dags/driven_data_pipeline.py for tasks to queue
[2026-06-19T01:39:26.936+0000] {logging_mixin.py:190} INFO - [2026-06-19T01:39:26.936+0000] {dagbag.py:588} INFO - Filling up the DagBag from /opt/airflow/dags/driven_data_pipeline.py
[2026-06-19T01:39:27.017+0000] {processor.py:925} INFO - DAG(s) 'extract_raw_data_pipeline' retrieved from /opt/airflow/dags/driven_data_pipeline.py
[2026-06-19T01:39:27.032+0000] {logging_mixin.py:190} INFO - [2026-06-19T01:39:27.032+0000] {dag.py:3239} INFO - Sync 1 DAGs
[2026-06-19T01:39:27.044+0000] {logging_mixin.py:190} INFO - [2026-06-19T01:39:27.044+0000] {dag.py:4180} INFO - Setting next_dagrun for extract_raw_data_pipeline to 2026-06-18 07:59:00+00:00, run_after=2026-06-19 07:00:00+00:00
[2026-06-19T01:39:27.060+0000] {processor.py:208} INFO - Processing /opt/airflow/dags/driven_data_pipeline.py took 0.129 seconds
[2026-06-19T01:39:57.237+0000] {processor.py:186} INFO - Started process (PID=5352) to work on /opt/airflow/dags/driven_data_pipeline.py
[2026-06-19T01:39:57.238+0000] {processor.py:914} INFO - Processing file /opt/airflow/dags/driven_data_pipeline.py for tasks to queue
[2026-06-19T01:39:57.239+0000] {logging_mixin.py:190} INFO - [2026-06-19T01:39:57.239+0000] {dagbag.py:588} INFO - Filling up the DagBag from /opt/airflow/dags/driven_data_pipeline.py
[2026-06-19T01:39:57.327+0000] {processor.py:925} INFO - DAG(s) 'extract_raw_data_pipeline' retrieved from /opt/airflow/dags/driven_data_pipeline.py
[2026-06-19T01:39:57.342+0000] {logging_mixin.py:190} INFO - [2026-06-19T01:39:57.342+0000] {dag.py:3239} INFO - Sync 1 DAGs
[2026-06-19T01:39:57.354+0000] {logging_mixin.py:190} INFO - [2026-06-19T01:39:57.354+0000] {dag.py:4180} INFO - Setting next_dagrun for extract_raw_data_pipeline to 2026-06-18 07:59:00+00:00, run_after=2026-06-19 07:00:00+00:00
[2026-06-19T01:39:57.365+0000] {processor.py:208} INFO - Processing /opt/airflow/dags/driven_data_pipeline.py took 0.132 seconds
[2026-06-19T01:40:27.812+0000] {processor.py:186} INFO - Started process (PID=5365) to work on /opt/airflow/dags/driven_data_pipeline.py
[2026-06-19T01:40:27.813+0000] {processor.py:914} INFO - Processing file /opt/airflow/dags/driven_data_pipeline.py for tasks to queue
[2026-06-19T01:40:27.814+0000] {logging_mixin.py:190} INFO - [2026-06-19T01:40:27.814+0000] {dagbag.py:588} INFO - Filling up the DagBag from /opt/airflow/dags/driven_data_pipeline.py
[2026-06-19T01:40:27.901+0000] {processor.py:925} INFO - DAG(s) 'extract_raw_data_pipeline' retrieved from /opt/airflow/dags/driven_data_pipeline.py
[2026-06-19T01:40:27.915+0000] {logging_mixin.py:190} INFO - [2026-06-19T01:40:27.915+0000] {dag.py:3239} INFO - Sync 1 DAGs
[2026-06-19T01:40:27.928+0000] {logging_mixin.py:190} INFO - [2026-06-19T01:40:27.927+0000] {dag.py:4180} INFO - Setting next_dagrun for extract_raw_data_pipeline to 2026-06-18 07:59:00+00:00, run_after=2026-06-19 07:00:00+00:00
[2026-06-19T01:40:27.940+0000] {processor.py:208} INFO - Processing /opt/airflow/dags/driven_data_pipeline.py took 0.132 seconds
[2026-06-19T01:40:58.134+0000] {processor.py:186} INFO - Started process (PID=5373) to work on /opt/airflow/dags/driven_data_pipeline.py
[2026-06-19T01:40:58.134+0000] {processor.py:914} INFO - Processing file /opt/airflow/dags/driven_data_pipeline.py for tasks to queue
[2026-06-19T01:40:58.136+0000] {logging_mixin.py:190} INFO - [2026-06-19T01:40:58.136+0000] {dagbag.py:588} INFO - Filling up the DagBag from /opt/airflow/dags/driven_data_pipeline.py
[2026-06-19T01:40:58.219+0000] {processor.py:925} INFO - DAG(s) 'extract_raw_data_pipeline' retrieved from /opt/airflow/dags/driven_data_pipeline.py
[2026-06-19T01:40:58.234+0000] {logging_mixin.py:190} INFO - [2026-06-19T01:40:58.234+0000] {dag.py:3239} INFO - Sync 1 DAGs
[2026-06-19T01:40:58.247+0000] {logging_mixin.py:190} INFO - [2026-06-19T01:40:58.247+0000] {dag.py:4180} INFO - Setting next_dagrun for extract_raw_data_pipeline to 2026-06-18 07:59:00+00:00, run_after=2026-06-19 07:00:00+00:00
[2026-06-19T01:40:58.261+0000] {processor.py:208} INFO - Processing /opt/airflow/dags/driven_data_pipeline.py took 0.131 seconds
[2026-06-19T01:41:28.468+0000] {processor.py:186} INFO - Started process (PID=5381) to work on /opt/airflow/dags/driven_data_pipeline.py
[2026-06-19T01:41:28.468+0000] {processor.py:914} INFO - Processing file /opt/airflow/dags/driven_data_pipeline.py for tasks to queue
[2026-06-19T01:41:28.470+0000] {logging_mixin.py:190} INFO - [2026-06-19T01:41:28.470+0000] {dagbag.py:588} INFO - Filling up the DagBag from /opt/airflow/dags/driven_data_pipeline.py
[2026-06-19T01:41:28.572+0000] {processor.py:925} INFO - DAG(s) 'extract_raw_data_pipeline' retrieved from /opt/airflow/dags/driven_data_pipeline.py
[2026-06-19T01:41:28.586+0000] {logging_mixin.py:190} INFO - [2026-06-19T01:41:28.586+0000] {dag.py:3239} INFO - Sync 1 DAGs
[2026-06-19T01:41:28.598+0000] {logging_mixin.py:190} INFO - [2026-06-19T01:41:28.598+0000] {dag.py:4180} INFO - Setting next_dagrun for extract_raw_data_pipeline to 2026-06-18 07:59:00+00:00, run_after=2026-06-19 07:00:00+00:00
[2026-06-19T01:41:28.610+0000] {processor.py:208} INFO - Processing /opt/airflow/dags/driven_data_pipeline.py took 0.146 seconds
[2026-06-19T01:41:58.899+0000] {processor.py:186} INFO - Started process (PID=5389) to work on /opt/airflow/dags/driven_data_pipeline.py
[2026-06-19T01:41:58.899+0000] {processor.py:914} INFO - Processing file /opt/airflow/dags/driven_data_pipeline.py for tasks to queue
[2026-06-19T01:41:58.901+0000] {logging_mixin.py:190} INFO - [2026-06-19T01:41:58.901+0000] {dagbag.py:588} INFO - Filling up the DagBag from /opt/airflow/dags/driven_data_pipeline.py
[2026-06-19T01:41:58.993+0000] {processor.py:925} INFO - DAG(s) 'extract_raw_data_pipeline' retrieved from /opt/airflow/dags/driven_data_pipeline.py
[2026-06-19T01:41:59.008+0000] {logging_mixin.py:190} INFO - [2026-06-19T01:41:59.008+0000] {dag.py:3239} INFO - Sync 1 DAGs
[2026-06-19T01:41:59.021+0000] {logging_mixin.py:190} INFO - [2026-06-19T01:41:59.021+0000] {dag.py:4180} INFO - Setting next_dagrun for extract_raw_data_pipeline to 2026-06-18 07:59:00+00:00, run_after=2026-06-19 07:00:00+00:00
[2026-06-19T01:41:59.038+0000] {processor.py:208} INFO - Processing /opt/airflow/dags/driven_data_pipeline.py took 0.142 seconds
[2026-06-19T01:42:29.227+0000] {processor.py:186} INFO - Started process (PID=5397) to work on /opt/airflow/dags/driven_data_pipeline.py
[2026-06-19T01:42:29.228+0000] {processor.py:914} INFO - Processing file /opt/airflow/dags/driven_data_pipeline.py for tasks to queue
[2026-06-19T01:42:29.230+0000] {logging_mixin.py:190} INFO - [2026-06-19T01:42:29.230+0000] {dagbag.py:588} INFO - Filling up the DagBag from /opt/airflow/dags/driven_data_pipeline.py
[2026-06-19T01:42:29.315+0000] {processor.py:925} INFO - DAG(s) 'extract_raw_data_pipeline' retrieved from /opt/airflow/dags/driven_data_pipeline.py
[2026-06-19T01:42:29.330+0000] {logging_mixin.py:190} INFO - [2026-06-19T01:42:29.329+0000] {dag.py:3239} INFO - Sync 1 DAGs
[2026-06-19T01:42:29.342+0000] {logging_mixin.py:190} INFO - [2026-06-19T01:42:29.342+0000] {dag.py:4180} INFO - Setting next_dagrun for extract_raw_data_pipeline to 2026-06-18 07:59:00+00:00, run_after=2026-06-19 07:00:00+00:00
[2026-06-19T01:42:29.355+0000] {processor.py:208} INFO - Processing /opt/airflow/dags/driven_data_pipeline.py took 0.132 seconds
[2026-06-19T01:42:59.628+0000] {processor.py:186} INFO - Started process (PID=5405) to work on /opt/airflow/dags/driven_data_pipeline.py
[2026-06-19T01:42:59.628+0000] {processor.py:914} INFO - Processing file /opt/airflow/dags/driven_data_pipeline.py for tasks to queue
[2026-06-19T01:42:59.630+0000] {logging_mixin.py:190} INFO - [2026-06-19T01:42:59.630+0000] {dagbag.py:588} INFO - Filling up the DagBag from /opt/airflow/dags/driven_data_pipeline.py
[2026-06-19T01:42:59.711+0000] {processor.py:925} INFO - DAG(s) 'extract_raw_data_pipeline' retrieved from /opt/airflow/dags/driven_data_pipeline.py
[2026-06-19T01:42:59.726+0000] {logging_mixin.py:190} INFO - [2026-06-19T01:42:59.725+0000] {dag.py:3239} INFO - Sync 1 DAGs
[2026-06-19T01:42:59.737+0000] {logging_mixin.py:190} INFO - [2026-06-19T01:42:59.737+0000] {dag.py:4180} INFO - Setting next_dagrun for extract_raw_data_pipeline to 2026-06-18 07:59:00+00:00, run_after=2026-06-19 07:00:00+00:00
[2026-06-19T01:42:59.752+0000] {processor.py:208} INFO - Processing /opt/airflow/dags/driven_data_pipeline.py took 0.127 seconds
[2026-06-19T01:43:29.940+0000] {processor.py:186} INFO - Started process (PID=5413) to work on /opt/airflow/dags/driven_data_pipeline.py
[2026-06-19T01:43:29.941+0000] {processor.py:914} INFO - Processing file /opt/airflow/dags/driven_data_pipeline.py for tasks to queue
[2026-06-19T01:43:29.943+0000] {logging_mixin.py:190} INFO - [2026-06-19T01:43:29.943+0000] {dagbag.py:588} INFO - Filling up the DagBag from /opt/airflow/dags/driven_data_pipeline.py
[2026-06-19T01:43:30.028+0000] {processor.py:925} INFO - DAG(s) 'extract_raw_data_pipeline' retrieved from /opt/airflow/dags/driven_data_pipeline.py
[2026-06-19T01:43:30.044+0000] {logging_mixin.py:190} INFO - [2026-06-19T01:43:30.044+0000] {dag.py:3239} INFO - Sync 1 DAGs
[2026-06-19T01:43:30.056+0000] {logging_mixin.py:190} INFO - [2026-06-19T01:43:30.056+0000] {dag.py:4180} INFO - Setting next_dagrun for extract_raw_data_pipeline to 2026-06-18 07:59:00+00:00, run_after=2026-06-19 07:00:00+00:00
[2026-06-19T01:43:30.069+0000] {processor.py:208} INFO - Processing /opt/airflow/dags/driven_data_pipeline.py took 0.132 seconds
[2026-06-19T01:44:00.477+0000] {processor.py:186} INFO - Started process (PID=5420) to work on /opt/airflow/dags/driven_data_pipeline.py
[2026-06-19T01:44:00.477+0000] {processor.py:914} INFO - Processing file /opt/airflow/dags/driven_data_pipeline.py for tasks to queue
[2026-06-19T01:44:00.479+0000] {logging_mixin.py:190} INFO - [2026-06-19T01:44:00.479+0000] {dagbag.py:588} INFO - Filling up the DagBag from /opt/airflow/dags/driven_data_pipeline.py
[2026-06-19T01:44:00.561+0000] {processor.py:925} INFO - DAG(s) 'extract_raw_data_pipeline' retrieved from /opt/airflow/dags/driven_data_pipeline.py
[2026-06-19T01:44:00.574+0000] {logging_mixin.py:190} INFO - [2026-06-19T01:44:00.574+0000] {dag.py:3239} INFO - Sync 1 DAGs
[2026-06-19T01:44:00.585+0000] {logging_mixin.py:190} INFO - [2026-06-19T01:44:00.585+0000] {dag.py:4180} INFO - Setting next_dagrun for extract_raw_data_pipeline to 2026-06-18 07:59:00+00:00, run_after=2026-06-19 07:00:00+00:00
[2026-06-19T01:44:00.596+0000] {processor.py:208} INFO - Processing /opt/airflow/dags/driven_data_pipeline.py took 0.123 seconds
[2026-06-19T01:44:30.768+0000] {processor.py:186} INFO - Started process (PID=5428) to work on /opt/airflow/dags/driven_data_pipeline.py
[2026-06-19T01:44:30.768+0000] {processor.py:914} INFO - Processing file /opt/airflow/dags/driven_data_pipeline.py for tasks to queue
[2026-06-19T01:44:30.770+0000] {logging_mixin.py:190} INFO - [2026-06-19T01:44:30.770+0000] {dagbag.py:588} INFO - Filling up the DagBag from /opt/airflow/dags/driven_data_pipeline.py
[2026-06-19T01:44:30.867+0000] {processor.py:925} INFO - DAG(s) 'extract_raw_data_pipeline' retrieved from /opt/airflow/dags/driven_data_pipeline.py
[2026-06-19T01:44:30.882+0000] {logging_mixin.py:190} INFO - [2026-06-19T01:44:30.882+0000] {dag.py:3239} INFO - Sync 1 DAGs
[2026-06-19T01:44:30.895+0000] {logging_mixin.py:190} INFO - [2026-06-19T01:44:30.895+0000] {dag.py:4180} INFO - Setting next_dagrun for extract_raw_data_pipeline to 2026-06-18 07:59:00+00:00, run_after=2026-06-19 07:00:00+00:00
[2026-06-19T01:44:30.907+0000] {processor.py:208} INFO - Processing /opt/airflow/dags/driven_data_pipeline.py took 0.143 seconds
[2026-06-19T01:45:01.118+0000] {processor.py:186} INFO - Started process (PID=5436) to work on /opt/airflow/dags/driven_data_pipeline.py
[2026-06-19T01:45:01.119+0000] {processor.py:914} INFO - Processing file /opt/airflow/dags/driven_data_pipeline.py for tasks to queue
[2026-06-19T01:45:01.120+0000] {logging_mixin.py:190} INFO - [2026-06-19T01:45:01.120+0000] {dagbag.py:588} INFO - Filling up the DagBag from /opt/airflow/dags/driven_data_pipeline.py
[2026-06-19T01:45:01.210+0000] {processor.py:925} INFO - DAG(s) 'extract_raw_data_pipeline' retrieved from /opt/airflow/dags/driven_data_pipeline.py
[2026-06-19T01:45:01.224+0000] {logging_mixin.py:190} INFO - [2026-06-19T01:45:01.224+0000] {dag.py:3239} INFO - Sync 1 DAGs
[2026-06-19T01:45:01.236+0000] {logging_mixin.py:190} INFO - [2026-06-19T01:45:01.236+0000] {dag.py:4180} INFO - Setting next_dagrun for extract_raw_data_pipeline to 2026-06-18 07:59:00+00:00, run_after=2026-06-19 07:00:00+00:00
[2026-06-19T01:45:01.249+0000] {processor.py:208} INFO - Processing /opt/airflow/dags/driven_data_pipeline.py took 0.135 seconds
[2026-06-19T01:45:31.513+0000] {processor.py:186} INFO - Started process (PID=5444) to work on /opt/airflow/dags/driven_data_pipeline.py
[2026-06-19T01:45:31.514+0000] {processor.py:914} INFO - Processing file /opt/airflow/dags/driven_data_pipeline.py for tasks to queue
[2026-06-19T01:45:31.516+0000] {logging_mixin.py:190} INFO - [2026-06-19T01:45:31.515+0000] {dagbag.py:588} INFO - Filling up the DagBag from /opt/airflow/dags/driven_data_pipeline.py
[2026-06-19T01:45:31.596+0000] {processor.py:925} INFO - DAG(s) 'extract_raw_data_pipeline' retrieved from /opt/airflow/dags/driven_data_pipeline.py
[2026-06-19T01:45:31.611+0000] {logging_mixin.py:190} INFO - [2026-06-19T01:45:31.611+0000] {dag.py:3239} INFO - Sync 1 DAGs
[2026-06-19T01:45:31.623+0000] {logging_mixin.py:190} INFO - [2026-06-19T01:45:31.623+0000] {dag.py:4180} INFO - Setting next_dagrun for extract_raw_data_pipeline to 2026-06-18 07:59:00+00:00, run_after=2026-06-19 07:00:00+00:00
[2026-06-19T01:45:31.636+0000] {processor.py:208} INFO - Processing /opt/airflow/dags/driven_data_pipeline.py took 0.127 seconds
[2026-06-19T01:46:01.918+0000] {processor.py:186} INFO - Started process (PID=5452) to work on /opt/airflow/dags/driven_data_pipeline.py
[2026-06-19T01:46:01.918+0000] {processor.py:914} INFO - Processing file /opt/airflow/dags/driven_data_pipeline.py for tasks to queue
[2026-06-19T01:46:01.920+0000] {logging_mixin.py:190} INFO - [2026-06-19T01:46:01.920+0000] {dagbag.py:588} INFO - Filling up the DagBag from /opt/airflow/dags/driven_data_pipeline.py
[2026-06-19T01:46:02.002+0000] {processor.py:925} INFO - DAG(s) 'extract_raw_data_pipeline' retrieved from /opt/airflow/dags/driven_data_pipeline.py
[2026-06-19T01:46:02.016+0000] {logging_mixin.py:190} INFO - [2026-06-19T01:46:02.016+0000] {dag.py:3239} INFO - Sync 1 DAGs
[2026-06-19T01:46:02.027+0000] {logging_mixin.py:190} INFO - [2026-06-19T01:46:02.026+0000] {dag.py:4180} INFO - Setting next_dagrun for extract_raw_data_pipeline to 2026-06-18 07:59:00+00:00, run_after=2026-06-19 07:00:00+00:00
[2026-06-19T01:46:02.040+0000] {processor.py:208} INFO - Processing /opt/airflow/dags/driven_data_pipeline.py took 0.125 seconds
[2026-06-19T01:46:32.435+0000] {processor.py:186} INFO - Started process (PID=5460) to work on /opt/airflow/dags/driven_data_pipeline.py
[2026-06-19T01:46:32.436+0000] {processor.py:914} INFO - Processing file /opt/airflow/dags/driven_data_pipeline.py for tasks to queue
[2026-06-19T01:46:32.437+0000] {logging_mixin.py:190} INFO - [2026-06-19T01:46:32.437+0000] {dagbag.py:588} INFO - Filling up the DagBag from /opt/airflow/dags/driven_data_pipeline.py
[2026-06-19T01:46:32.517+0000] {processor.py:925} INFO - DAG(s) 'extract_raw_data_pipeline' retrieved from /opt/airflow/dags/driven_data_pipeline.py
[2026-06-19T01:46:32.530+0000] {logging_mixin.py:190} INFO - [2026-06-19T01:46:32.530+0000] {dag.py:3239} INFO - Sync 1 DAGs
[2026-06-19T01:46:32.541+0000] {logging_mixin.py:190} INFO - [2026-06-19T01:46:32.541+0000] {dag.py:4180} INFO - Setting next_dagrun for extract_raw_data_pipeline to 2026-06-18 07:59:00+00:00, run_after=2026-06-19 07:00:00+00:00
[2026-06-19T01:46:32.555+0000] {processor.py:208} INFO - Processing /opt/airflow/dags/driven_data_pipeline.py took 0.123 seconds
[2026-06-19T01:47:02.734+0000] {processor.py:186} INFO - Started process (PID=5467) to work on /opt/airflow/dags/driven_data_pipeline.py
[2026-06-19T01:47:02.735+0000] {processor.py:914} INFO - Processing file /opt/airflow/dags/driven_data_pipeline.py for tasks to queue
[2026-06-19T01:47:02.736+0000] {logging_mixin.py:190} INFO - [2026-06-19T01:47:02.736+0000] {dagbag.py:588} INFO - Filling up the DagBag from /opt/airflow/dags/driven_data_pipeline.py
[2026-06-19T01:47:02.818+0000] {processor.py:925} INFO - DAG(s) 'extract_raw_data_pipeline' retrieved from /opt/airflow/dags/driven_data_pipeline.py
[2026-06-19T01:47:02.832+0000] {logging_mixin.py:190} INFO - [2026-06-19T01:47:02.832+0000] {dag.py:3239} INFO - Sync 1 DAGs
[2026-06-19T01:47:02.844+0000] {logging_mixin.py:190} INFO - [2026-06-19T01:47:02.844+0000] {dag.py:4180} INFO - Setting next_dagrun for extract_raw_data_pipeline to 2026-06-18 07:59:00+00:00, run_after=2026-06-19 07:00:00+00:00
[2026-06-19T01:47:02.856+0000] {processor.py:208} INFO - Processing /opt/airflow/dags/driven_data_pipeline.py took 0.126 seconds
[2026-06-19T01:47:33.078+0000] {processor.py:186} INFO - Started process (PID=5475) to work on /opt/airflow/dags/driven_data_pipeline.py
[2026-06-19T01:47:33.079+0000] {processor.py:914} INFO - Processing file /opt/airflow/dags/driven_data_pipeline.py for tasks to queue
[2026-06-19T01:47:33.081+0000] {logging_mixin.py:190} INFO - [2026-06-19T01:47:33.081+0000] {dagbag.py:588} INFO - Filling up the DagBag from /opt/airflow/dags/driven_data_pipeline.py
[2026-06-19T01:47:33.185+0000] {processor.py:925} INFO - DAG(s) 'extract_raw_data_pipeline' retrieved from /opt/airflow/dags/driven_data_pipeline.py
[2026-06-19T01:47:33.200+0000] {logging_mixin.py:190} INFO - [2026-06-19T01:47:33.200+0000] {dag.py:3239} INFO - Sync 1 DAGs
[2026-06-19T01:47:33.213+0000] {logging_mixin.py:190} INFO - [2026-06-19T01:47:33.213+0000] {dag.py:4180} INFO - Setting next_dagrun for extract_raw_data_pipeline to 2026-06-18 07:59:00+00:00, run_after=2026-06-19 07:00:00+00:00
[2026-06-19T01:47:33.226+0000] {processor.py:208} INFO - Processing /opt/airflow/dags/driven_data_pipeline.py took 0.153 seconds
[2026-06-19T01:48:03.447+0000] {processor.py:186} INFO - Started process (PID=5483) to work on /opt/airflow/dags/driven_data_pipeline.py
[2026-06-19T01:48:03.447+0000] {processor.py:914} INFO - Processing file /opt/airflow/dags/driven_data_pipeline.py for tasks to queue
[2026-06-19T01:48:03.449+0000] {logging_mixin.py:190} INFO - [2026-06-19T01:48:03.449+0000] {dagbag.py:588} INFO - Filling up the DagBag from /opt/airflow/dags/driven_data_pipeline.py
[2026-06-19T01:48:03.529+0000] {processor.py:925} INFO - DAG(s) 'extract_raw_data_pipeline' retrieved from /opt/airflow/dags/driven_data_pipeline.py
[2026-06-19T01:48:03.545+0000] {logging_mixin.py:190} INFO - [2026-06-19T01:48:03.545+0000] {dag.py:3239} INFO - Sync 1 DAGs
[2026-06-19T01:48:03.557+0000] {logging_mixin.py:190} INFO - [2026-06-19T01:48:03.557+0000] {dag.py:4180} INFO - Setting next_dagrun for extract_raw_data_pipeline to 2026-06-18 07:59:00+00:00, run_after=2026-06-19 07:00:00+00:00
[2026-06-19T01:48:03.573+0000] {processor.py:208} INFO - Processing /opt/airflow/dags/driven_data_pipeline.py took 0.131 seconds
[2026-06-19T01:48:33.896+0000] {processor.py:186} INFO - Started process (PID=5490) to work on /opt/airflow/dags/driven_data_pipeline.py
[2026-06-19T01:48:33.897+0000] {processor.py:914} INFO - Processing file /opt/airflow/dags/driven_data_pipeline.py for tasks to queue
[2026-06-19T01:48:33.898+0000] {logging_mixin.py:190} INFO - [2026-06-19T01:48:33.898+0000] {dagbag.py:588} INFO - Filling up the DagBag from /opt/airflow/dags/driven_data_pipeline.py
[2026-06-19T01:48:33.984+0000] {processor.py:925} INFO - DAG(s) 'extract_raw_data_pipeline' retrieved from /opt/airflow/dags/driven_data_pipeline.py
[2026-06-19T01:48:33.999+0000] {logging_mixin.py:190} INFO - [2026-06-19T01:48:33.999+0000] {dag.py:3239} INFO - Sync 1 DAGs
[2026-06-19T01:48:34.011+0000] {logging_mixin.py:190} INFO - [2026-06-19T01:48:34.011+0000] {dag.py:4180} INFO - Setting next_dagrun for extract_raw_data_pipeline to 2026-06-18 07:59:00+00:00, run_after=2026-06-19 07:00:00+00:00
[2026-06-19T01:48:34.025+0000] {processor.py:208} INFO - Processing /opt/airflow/dags/driven_data_pipeline.py took 0.133 seconds
[2026-06-19T01:49:04.239+0000] {processor.py:186} INFO - Started process (PID=5498) to work on /opt/airflow/dags/driven_data_pipeline.py
[2026-06-19T01:49:04.239+0000] {processor.py:914} INFO - Processing file /opt/airflow/dags/driven_data_pipeline.py for tasks to queue
[2026-06-19T01:49:04.241+0000] {logging_mixin.py:190} INFO - [2026-06-19T01:49:04.241+0000] {dagbag.py:588} INFO - Filling up the DagBag from /opt/airflow/dags/driven_data_pipeline.py
[2026-06-19T01:49:04.322+0000] {processor.py:925} INFO - DAG(s) 'extract_raw_data_pipeline' retrieved from /opt/airflow/dags/driven_data_pipeline.py
[2026-06-19T01:49:04.336+0000] {logging_mixin.py:190} INFO - [2026-06-19T01:49:04.336+0000] {dag.py:3239} INFO - Sync 1 DAGs
[2026-06-19T01:49:04.350+0000] {logging_mixin.py:190} INFO - [2026-06-19T01:49:04.350+0000] {dag.py:4180} INFO - Setting next_dagrun for extract_raw_data_pipeline to 2026-06-18 07:59:00+00:00, run_after=2026-06-19 07:00:00+00:00
[2026-06-19T01:49:04.362+0000] {processor.py:208} INFO - Processing /opt/airflow/dags/driven_data_pipeline.py took 0.127 seconds
[2026-06-19T01:49:34.661+0000] {processor.py:186} INFO - Started process (PID=5506) to work on /opt/airflow/dags/driven_data_pipeline.py
[2026-06-19T01:49:34.662+0000] {processor.py:914} INFO - Processing file /opt/airflow/dags/driven_data_pipeline.py for tasks to queue
[2026-06-19T01:49:34.663+0000] {logging_mixin.py:190} INFO - [2026-06-19T01:49:34.663+0000] {dagbag.py:588} INFO - Filling up the DagBag from /opt/airflow/dags/driven_data_pipeline.py
[2026-06-19T01:49:34.746+0000] {processor.py:925} INFO - DAG(s) 'extract_raw_data_pipeline' retrieved from /opt/airflow/dags/driven_data_pipeline.py
[2026-06-19T01:49:34.761+0000] {logging_mixin.py:190} INFO - [2026-06-19T01:49:34.761+0000] {dag.py:3239} INFO - Sync 1 DAGs
[2026-06-19T01:49:34.774+0000] {logging_mixin.py:190} INFO - [2026-06-19T01:49:34.774+0000] {dag.py:4180} INFO - Setting next_dagrun for extract_raw_data_pipeline to 2026-06-18 07:59:00+00:00, run_after=2026-06-19 07:00:00+00:00
[2026-06-19T01:49:34.785+0000] {processor.py:208} INFO - Processing /opt/airflow/dags/driven_data_pipeline.py took 0.128 seconds
[2026-06-19T01:50:05.123+0000] {processor.py:186} INFO - Started process (PID=5514) to work on /opt/airflow/dags/driven_data_pipeline.py
[2026-06-19T01:50:05.123+0000] {processor.py:914} INFO - Processing file /opt/airflow/dags/driven_data_pipeline.py for tasks to queue
[2026-06-19T01:50:05.125+0000] {logging_mixin.py:190} INFO - [2026-06-19T01:50:05.125+0000] {dagbag.py:588} INFO - Filling up the DagBag from /opt/airflow/dags/driven_data_pipeline.py
[2026-06-19T01:50:05.205+0000] {processor.py:925} INFO - DAG(s) 'extract_raw_data_pipeline' retrieved from /opt/airflow/dags/driven_data_pipeline.py
[2026-06-19T01:50:05.220+0000] {logging_mixin.py:190} INFO - [2026-06-19T01:50:05.220+0000] {dag.py:3239} INFO - Sync 1 DAGs
[2026-06-19T01:50:05.232+0000] {logging_mixin.py:190} INFO - [2026-06-19T01:50:05.232+0000] {dag.py:4180} INFO - Setting next_dagrun for extract_raw_data_pipeline to 2026-06-18 07:59:00+00:00, run_after=2026-06-19 07:00:00+00:00
[2026-06-19T01:50:05.244+0000] {processor.py:208} INFO - Processing /opt/airflow/dags/driven_data_pipeline.py took 0.125 seconds
[2026-06-19T01:50:35.450+0000] {processor.py:186} INFO - Started process (PID=5522) to work on /opt/airflow/dags/driven_data_pipeline.py
[2026-06-19T01:50:35.450+0000] {processor.py:914} INFO - Processing file /opt/airflow/dags/driven_data_pipeline.py for tasks to queue
[2026-06-19T01:50:35.452+0000] {logging_mixin.py:190} INFO - [2026-06-19T01:50:35.452+0000] {dagbag.py:588} INFO - Filling up the DagBag from /opt/airflow/dags/driven_data_pipeline.py
[2026-06-19T01:50:35.533+0000] {processor.py:925} INFO - DAG(s) 'extract_raw_data_pipeline' retrieved from /opt/airflow/dags/driven_data_pipeline.py
[2026-06-19T01:50:35.548+0000] {logging_mixin.py:190} INFO - [2026-06-19T01:50:35.548+0000] {dag.py:3239} INFO - Sync 1 DAGs
[2026-06-19T01:50:35.560+0000] {logging_mixin.py:190} INFO - [2026-06-19T01:50:35.560+0000] {dag.py:4180} INFO - Setting next_dagrun for extract_raw_data_pipeline to 2026-06-18 07:59:00+00:00, run_after=2026-06-19 07:00:00+00:00
[2026-06-19T01:50:35.573+0000] {processor.py:208} INFO - Processing /opt/airflow/dags/driven_data_pipeline.py took 0.127 seconds
[2026-06-19T01:51:05.946+0000] {processor.py:186} INFO - Started process (PID=5530) to work on /opt/airflow/dags/driven_data_pipeline.py
[2026-06-19T01:51:05.947+0000] {processor.py:914} INFO - Processing file /opt/airflow/dags/driven_data_pipeline.py for tasks to queue
[2026-06-19T01:51:05.948+0000] {logging_mixin.py:190} INFO - [2026-06-19T01:51:05.948+0000] {dagbag.py:588} INFO - Filling up the DagBag from /opt/airflow/dags/driven_data_pipeline.py
[2026-06-19T01:51:06.029+0000] {processor.py:925} INFO - DAG(s) 'extract_raw_data_pipeline' retrieved from /opt/airflow/dags/driven_data_pipeline.py
[2026-06-19T01:51:06.043+0000] {logging_mixin.py:190} INFO - [2026-06-19T01:51:06.043+0000] {dag.py:3239} INFO - Sync 1 DAGs
[2026-06-19T01:51:06.056+0000] {logging_mixin.py:190} INFO - [2026-06-19T01:51:06.056+0000] {dag.py:4180} INFO - Setting next_dagrun for extract_raw_data_pipeline to 2026-06-18 07:59:00+00:00, run_after=2026-06-19 07:00:00+00:00
[2026-06-19T01:51:06.069+0000] {processor.py:208} INFO - Processing /opt/airflow/dags/driven_data_pipeline.py took 0.127 seconds
[2026-06-19T01:51:36.326+0000] {processor.py:186} INFO - Started process (PID=5538) to work on /opt/airflow/dags/driven_data_pipeline.py
[2026-06-19T01:51:36.327+0000] {processor.py:914} INFO - Processing file /opt/airflow/dags/driven_data_pipeline.py for tasks to queue
[2026-06-19T01:51:36.328+0000] {logging_mixin.py:190} INFO - [2026-06-19T01:51:36.328+0000] {dagbag.py:588} INFO - Filling up the DagBag from /opt/airflow/dags/driven_data_pipeline.py
[2026-06-19T01:51:36.411+0000] {processor.py:925} INFO - DAG(s) 'extract_raw_data_pipeline' retrieved from /opt/airflow/dags/driven_data_pipeline.py
[2026-06-19T01:51:36.426+0000] {logging_mixin.py:190} INFO - [2026-06-19T01:51:36.426+0000] {dag.py:3239} INFO - Sync 1 DAGs
[2026-06-19T01:51:36.437+0000] {logging_mixin.py:190} INFO - [2026-06-19T01:51:36.437+0000] {dag.py:4180} INFO - Setting next_dagrun for extract_raw_data_pipeline to 2026-06-18 07:59:00+00:00, run_after=2026-06-19 07:00:00+00:00
[2026-06-19T01:51:36.450+0000] {processor.py:208} INFO - Processing /opt/airflow/dags/driven_data_pipeline.py took 0.128 seconds
[2026-06-19T01:52:06.634+0000] {processor.py:186} INFO - Started process (PID=5546) to work on /opt/airflow/dags/driven_data_pipeline.py
[2026-06-19T01:52:06.635+0000] {processor.py:914} INFO - Processing file /opt/airflow/dags/driven_data_pipeline.py for tasks to queue
[2026-06-19T01:52:06.636+0000] {logging_mixin.py:190} INFO - [2026-06-19T01:52:06.636+0000] {dagbag.py:588} INFO - Filling up the DagBag from /opt/airflow/dags/driven_data_pipeline.py
[2026-06-19T01:52:06.714+0000] {processor.py:925} INFO - DAG(s) 'extract_raw_data_pipeline' retrieved from /opt/airflow/dags/driven_data_pipeline.py
[2026-06-19T01:52:06.727+0000] {logging_mixin.py:190} INFO - [2026-06-19T01:52:06.727+0000] {dag.py:3239} INFO - Sync 1 DAGs
[2026-06-19T01:52:06.739+0000] {logging_mixin.py:190} INFO - [2026-06-19T01:52:06.739+0000] {dag.py:4180} INFO - Setting next_dagrun for extract_raw_data_pipeline to 2026-06-18 07:59:00+00:00, run_after=2026-06-19 07:00:00+00:00
[2026-06-19T01:52:06.753+0000] {processor.py:208} INFO - Processing /opt/airflow/dags/driven_data_pipeline.py took 0.122 seconds
[2026-06-19T01:52:37.078+0000] {processor.py:186} INFO - Started process (PID=5553) to work on /opt/airflow/dags/driven_data_pipeline.py
[2026-06-19T01:52:37.079+0000] {processor.py:914} INFO - Processing file /opt/airflow/dags/driven_data_pipeline.py for tasks to queue
[2026-06-19T01:52:37.081+0000] {logging_mixin.py:190} INFO - [2026-06-19T01:52:37.081+0000] {dagbag.py:588} INFO - Filling up the DagBag from /opt/airflow/dags/driven_data_pipeline.py
[2026-06-19T01:52:37.163+0000] {processor.py:925} INFO - DAG(s) 'extract_raw_data_pipeline' retrieved from /opt/airflow/dags/driven_data_pipeline.py
[2026-06-19T01:52:37.176+0000] {logging_mixin.py:190} INFO - [2026-06-19T01:52:37.176+0000] {dag.py:3239} INFO - Sync 1 DAGs
[2026-06-19T01:52:37.189+0000] {logging_mixin.py:190} INFO - [2026-06-19T01:52:37.188+0000] {dag.py:4180} INFO - Setting next_dagrun for extract_raw_data_pipeline to 2026-06-18 07:59:00+00:00, run_after=2026-06-19 07:00:00+00:00
[2026-06-19T01:52:37.201+0000] {processor.py:208} INFO - Processing /opt/airflow/dags/driven_data_pipeline.py took 0.126 seconds
[2026-06-19T01:53:07.360+0000] {processor.py:186} INFO - Started process (PID=5561) to work on /opt/airflow/dags/driven_data_pipeline.py
[2026-06-19T01:53:07.361+0000] {processor.py:914} INFO - Processing file /opt/airflow/dags/driven_data_pipeline.py for tasks to queue
[2026-06-19T01:53:07.363+0000] {logging_mixin.py:190} INFO - [2026-06-19T01:53:07.362+0000] {dagbag.py:588} INFO - Filling up the DagBag from /opt/airflow/dags/driven_data_pipeline.py
[2026-06-19T01:53:07.444+0000] {processor.py:925} INFO - DAG(s) 'extract_raw_data_pipeline' retrieved from /opt/airflow/dags/driven_data_pipeline.py
[2026-06-19T01:53:07.458+0000] {logging_mixin.py:190} INFO - [2026-06-19T01:53:07.458+0000] {dag.py:3239} INFO - Sync 1 DAGs
[2026-06-19T01:53:07.471+0000] {logging_mixin.py:190} INFO - [2026-06-19T01:53:07.471+0000] {dag.py:4180} INFO - Setting next_dagrun for extract_raw_data_pipeline to 2026-06-18 07:59:00+00:00, run_after=2026-06-19 07:00:00+00:00
[2026-06-19T01:53:07.492+0000] {processor.py:208} INFO - Processing /opt/airflow/dags/driven_data_pipeline.py took 0.136 seconds
[2026-06-19T01:53:37.760+0000] {processor.py:186} INFO - Started process (PID=5569) to work on /opt/airflow/dags/driven_data_pipeline.py
[2026-06-19T01:53:37.761+0000] {processor.py:914} INFO - Processing file /opt/airflow/dags/driven_data_pipeline.py for tasks to queue
[2026-06-19T01:53:37.762+0000] {logging_mixin.py:190} INFO - [2026-06-19T01:53:37.762+0000] {dagbag.py:588} INFO - Filling up the DagBag from /opt/airflow/dags/driven_data_pipeline.py
[2026-06-19T01:53:37.842+0000] {processor.py:925} INFO - DAG(s) 'extract_raw_data_pipeline' retrieved from /opt/airflow/dags/driven_data_pipeline.py
[2026-06-19T01:53:37.857+0000] {logging_mixin.py:190} INFO - [2026-06-19T01:53:37.857+0000] {dag.py:3239} INFO - Sync 1 DAGs
[2026-06-19T01:53:37.869+0000] {logging_mixin.py:190} INFO - [2026-06-19T01:53:37.869+0000] {dag.py:4180} INFO - Setting next_dagrun for extract_raw_data_pipeline to 2026-06-18 07:59:00+00:00, run_after=2026-06-19 07:00:00+00:00
[2026-06-19T01:53:37.884+0000] {processor.py:208} INFO - Processing /opt/airflow/dags/driven_data_pipeline.py took 0.127 seconds
[2026-06-19T01:54:08.060+0000] {processor.py:186} INFO - Started process (PID=5577) to work on /opt/airflow/dags/driven_data_pipeline.py
[2026-06-19T01:54:08.061+0000] {processor.py:914} INFO - Processing file /opt/airflow/dags/driven_data_pipeline.py for tasks to queue
[2026-06-19T01:54:08.062+0000] {logging_mixin.py:190} INFO - [2026-06-19T01:54:08.062+0000] {dagbag.py:588} INFO - Filling up the DagBag from /opt/airflow/dags/driven_data_pipeline.py
[2026-06-19T01:54:08.145+0000] {processor.py:925} INFO - DAG(s) 'extract_raw_data_pipeline' retrieved from /opt/airflow/dags/driven_data_pipeline.py
[2026-06-19T01:54:08.158+0000] {logging_mixin.py:190} INFO - [2026-06-19T01:54:08.158+0000] {dag.py:3239} INFO - Sync 1 DAGs
[2026-06-19T01:54:08.169+0000] {logging_mixin.py:190} INFO - [2026-06-19T01:54:08.169+0000] {dag.py:4180} INFO - Setting next_dagrun for extract_raw_data_pipeline to 2026-06-18 07:59:00+00:00, run_after=2026-06-19 07:00:00+00:00
[2026-06-19T01:54:08.180+0000] {processor.py:208} INFO - Processing /opt/airflow/dags/driven_data_pipeline.py took 0.125 seconds
[2026-06-19T01:54:38.452+0000] {processor.py:186} INFO - Started process (PID=5585) to work on /opt/airflow/dags/driven_data_pipeline.py
[2026-06-19T01:54:38.453+0000] {processor.py:914} INFO - Processing file /opt/airflow/dags/driven_data_pipeline.py for tasks to queue
[2026-06-19T01:54:38.455+0000] {logging_mixin.py:190} INFO - [2026-06-19T01:54:38.454+0000] {dagbag.py:588} INFO - Filling up the DagBag from /opt/airflow/dags/driven_data_pipeline.py
[2026-06-19T01:54:38.531+0000] {processor.py:925} INFO - DAG(s) 'extract_raw_data_pipeline' retrieved from /opt/airflow/dags/driven_data_pipeline.py
[2026-06-19T01:54:38.545+0000] {logging_mixin.py:190} INFO - [2026-06-19T01:54:38.545+0000] {dag.py:3239} INFO - Sync 1 DAGs
[2026-06-19T01:54:38.556+0000] {logging_mixin.py:190} INFO - [2026-06-19T01:54:38.556+0000] {dag.py:4180} INFO - Setting next_dagrun for extract_raw_data_pipeline to 2026-06-18 07:59:00+00:00, run_after=2026-06-19 07:00:00+00:00
[2026-06-19T01:54:38.570+0000] {processor.py:208} INFO - Processing /opt/airflow/dags/driven_data_pipeline.py took 0.121 seconds
[2026-06-19T01:55:08.791+0000] {processor.py:186} INFO - Started process (PID=5593) to work on /opt/airflow/dags/driven_data_pipeline.py
[2026-06-19T01:55:08.792+0000] {processor.py:914} INFO - Processing file /opt/airflow/dags/driven_data_pipeline.py for tasks to queue
[2026-06-19T01:55:08.794+0000] {logging_mixin.py:190} INFO - [2026-06-19T01:55:08.793+0000] {dagbag.py:588} INFO - Filling up the DagBag from /opt/airflow/dags/driven_data_pipeline.py
[2026-06-19T01:55:08.873+0000] {processor.py:925} INFO - DAG(s) 'extract_raw_data_pipeline' retrieved from /opt/airflow/dags/driven_data_pipeline.py
[2026-06-19T01:55:08.888+0000] {logging_mixin.py:190} INFO - [2026-06-19T01:55:08.888+0000] {dag.py:3239} INFO - Sync 1 DAGs
[2026-06-19T01:55:08.901+0000] {logging_mixin.py:190} INFO - [2026-06-19T01:55:08.900+0000] {dag.py:4180} INFO - Setting next_dagrun for extract_raw_data_pipeline to 2026-06-18 07:59:00+00:00, run_after=2026-06-19 07:00:00+00:00
[2026-06-19T01:55:08.916+0000] {processor.py:208} INFO - Processing /opt/airflow/dags/driven_data_pipeline.py took 0.128 seconds
[2026-06-19T01:55:39.221+0000] {processor.py:186} INFO - Started process (PID=5600) to work on /opt/airflow/dags/driven_data_pipeline.py
[2026-06-19T01:55:39.221+0000] {processor.py:914} INFO - Processing file /opt/airflow/dags/driven_data_pipeline.py for tasks to queue
[2026-06-19T01:55:39.223+0000] {logging_mixin.py:190} INFO - [2026-06-19T01:55:39.223+0000] {dagbag.py:588} INFO - Filling up the DagBag from /opt/airflow/dags/driven_data_pipeline.py
[2026-06-19T01:55:39.304+0000] {processor.py:925} INFO - DAG(s) 'extract_raw_data_pipeline' retrieved from /opt/airflow/dags/driven_data_pipeline.py
[2026-06-19T01:55:39.319+0000] {logging_mixin.py:190} INFO - [2026-06-19T01:55:39.319+0000] {dag.py:3239} INFO - Sync 1 DAGs
[2026-06-19T01:55:39.331+0000] {logging_mixin.py:190} INFO - [2026-06-19T01:55:39.331+0000] {dag.py:4180} INFO - Setting next_dagrun for extract_raw_data_pipeline to 2026-06-18 07:59:00+00:00, run_after=2026-06-19 07:00:00+00:00
[2026-06-19T01:55:39.353+0000] {processor.py:208} INFO - Processing /opt/airflow/dags/driven_data_pipeline.py took 0.136 seconds
[2026-06-19T01:56:09.619+0000] {processor.py:186} INFO - Started process (PID=5608) to work on /opt/airflow/dags/driven_data_pipeline.py
[2026-06-19T01:56:09.620+0000] {processor.py:914} INFO - Processing file /opt/airflow/dags/driven_data_pipeline.py for tasks to queue
[2026-06-19T01:56:09.621+0000] {logging_mixin.py:190} INFO - [2026-06-19T01:56:09.621+0000] {dagbag.py:588} INFO - Filling up the DagBag from /opt/airflow/dags/driven_data_pipeline.py
[2026-06-19T01:56:09.702+0000] {processor.py:925} INFO - DAG(s) 'extract_raw_data_pipeline' retrieved from /opt/airflow/dags/driven_data_pipeline.py
[2026-06-19T01:56:09.716+0000] {logging_mixin.py:190} INFO - [2026-06-19T01:56:09.716+0000] {dag.py:3239} INFO - Sync 1 DAGs
[2026-06-19T01:56:09.729+0000] {logging_mixin.py:190} INFO - [2026-06-19T01:56:09.728+0000] {dag.py:4180} INFO - Setting next_dagrun for extract_raw_data_pipeline to 2026-06-18 07:59:00+00:00, run_after=2026-06-19 07:00:00+00:00
[2026-06-19T01:56:09.742+0000] {processor.py:208} INFO - Processing /opt/airflow/dags/driven_data_pipeline.py took 0.126 seconds
[2026-06-19T01:56:39.995+0000] {processor.py:186} INFO - Started process (PID=5615) to work on /opt/airflow/dags/driven_data_pipeline.py
[2026-06-19T01:56:39.996+0000] {processor.py:914} INFO - Processing file /opt/airflow/dags/driven_data_pipeline.py for tasks to queue
[2026-06-19T01:56:39.997+0000] {logging_mixin.py:190} INFO - [2026-06-19T01:56:39.997+0000] {dagbag.py:588} INFO - Filling up the DagBag from /opt/airflow/dags/driven_data_pipeline.py
[2026-06-19T01:56:40.083+0000] {processor.py:925} INFO - DAG(s) 'extract_raw_data_pipeline' retrieved from /opt/airflow/dags/driven_data_pipeline.py
[2026-06-19T01:56:40.097+0000] {logging_mixin.py:190} INFO - [2026-06-19T01:56:40.097+0000] {dag.py:3239} INFO - Sync 1 DAGs
[2026-06-19T01:56:40.110+0000] {logging_mixin.py:190} INFO - [2026-06-19T01:56:40.110+0000] {dag.py:4180} INFO - Setting next_dagrun for extract_raw_data_pipeline to 2026-06-18 07:59:00+00:00, run_after=2026-06-19 07:00:00+00:00
[2026-06-19T01:56:40.125+0000] {processor.py:208} INFO - Processing /opt/airflow/dags/driven_data_pipeline.py took 0.133 seconds
[2026-06-19T01:57:10.275+0000] {processor.py:186} INFO - Started process (PID=5623) to work on /opt/airflow/dags/driven_data_pipeline.py
[2026-06-19T01:57:10.275+0000] {processor.py:914} INFO - Processing file /opt/airflow/dags/driven_data_pipeline.py for tasks to queue
[2026-06-19T01:57:10.277+0000] {logging_mixin.py:190} INFO - [2026-06-19T01:57:10.277+0000] {dagbag.py:588} INFO - Filling up the DagBag from /opt/airflow/dags/driven_data_pipeline.py
[2026-06-19T01:57:10.358+0000] {processor.py:925} INFO - DAG(s) 'extract_raw_data_pipeline' retrieved from /opt/airflow/dags/driven_data_pipeline.py
[2026-06-19T01:57:10.372+0000] {logging_mixin.py:190} INFO - [2026-06-19T01:57:10.372+0000] {dag.py:3239} INFO - Sync 1 DAGs
[2026-06-19T01:57:10.385+0000] {logging_mixin.py:190} INFO - [2026-06-19T01:57:10.385+0000] {dag.py:4180} INFO - Setting next_dagrun for extract_raw_data_pipeline to 2026-06-18 07:59:00+00:00, run_after=2026-06-19 07:00:00+00:00
[2026-06-19T01:57:10.398+0000] {processor.py:208} INFO - Processing /opt/airflow/dags/driven_data_pipeline.py took 0.127 seconds
[2026-06-19T01:57:40.614+0000] {processor.py:186} INFO - Started process (PID=5631) to work on /opt/airflow/dags/driven_data_pipeline.py
[2026-06-19T01:57:40.615+0000] {processor.py:914} INFO - Processing file /opt/airflow/dags/driven_data_pipeline.py for tasks to queue
[2026-06-19T01:57:40.617+0000] {logging_mixin.py:190} INFO - [2026-06-19T01:57:40.616+0000] {dagbag.py:588} INFO - Filling up the DagBag from /opt/airflow/dags/driven_data_pipeline.py
[2026-06-19T01:57:40.698+0000] {processor.py:925} INFO - DAG(s) 'extract_raw_data_pipeline' retrieved from /opt/airflow/dags/driven_data_pipeline.py
[2026-06-19T01:57:40.714+0000] {logging_mixin.py:190} INFO - [2026-06-19T01:57:40.714+0000] {dag.py:3239} INFO - Sync 1 DAGs
[2026-06-19T01:57:40.726+0000] {logging_mixin.py:190} INFO - [2026-06-19T01:57:40.726+0000] {dag.py:4180} INFO - Setting next_dagrun for extract_raw_data_pipeline to 2026-06-18 07:59:00+00:00, run_after=2026-06-19 07:00:00+00:00
[2026-06-19T01:57:40.738+0000] {processor.py:208} INFO - Processing /opt/airflow/dags/driven_data_pipeline.py took 0.127 seconds
[2026-06-19T01:58:11.160+0000] {processor.py:186} INFO - Started process (PID=5639) to work on /opt/airflow/dags/driven_data_pipeline.py
[2026-06-19T01:58:11.161+0000] {processor.py:914} INFO - Processing file /opt/airflow/dags/driven_data_pipeline.py for tasks to queue
[2026-06-19T01:58:11.162+0000] {logging_mixin.py:190} INFO - [2026-06-19T01:58:11.162+0000] {dagbag.py:588} INFO - Filling up the DagBag from /opt/airflow/dags/driven_data_pipeline.py
[2026-06-19T01:58:11.241+0000] {processor.py:925} INFO - DAG(s) 'extract_raw_data_pipeline' retrieved from /opt/airflow/dags/driven_data_pipeline.py
[2026-06-19T01:58:11.255+0000] {logging_mixin.py:190} INFO - [2026-06-19T01:58:11.255+0000] {dag.py:3239} INFO - Sync 1 DAGs
[2026-06-19T01:58:11.266+0000] {logging_mixin.py:190} INFO - [2026-06-19T01:58:11.266+0000] {dag.py:4180} INFO - Setting next_dagrun for extract_raw_data_pipeline to 2026-06-18 07:59:00+00:00, run_after=2026-06-19 07:00:00+00:00
[2026-06-19T01:58:11.278+0000] {processor.py:208} INFO - Processing /opt/airflow/dags/driven_data_pipeline.py took 0.122 seconds
[2026-06-19T01:58:41.485+0000] {processor.py:186} INFO - Started process (PID=5646) to work on /opt/airflow/dags/driven_data_pipeline.py
[2026-06-19T01:58:41.486+0000] {processor.py:914} INFO - Processing file /opt/airflow/dags/driven_data_pipeline.py for tasks to queue
[2026-06-19T01:58:41.487+0000] {logging_mixin.py:190} INFO - [2026-06-19T01:58:41.487+0000] {dagbag.py:588} INFO - Filling up the DagBag from /opt/airflow/dags/driven_data_pipeline.py
[2026-06-19T01:58:41.587+0000] {processor.py:925} INFO - DAG(s) 'extract_raw_data_pipeline' retrieved from /opt/airflow/dags/driven_data_pipeline.py
[2026-06-19T01:58:41.603+0000] {logging_mixin.py:190} INFO - [2026-06-19T01:58:41.603+0000] {dag.py:3239} INFO - Sync 1 DAGs
[2026-06-19T01:58:41.685+0000] {logging_mixin.py:190} INFO - [2026-06-19T01:58:41.685+0000] {dag.py:4180} INFO - Setting next_dagrun for extract_raw_data_pipeline to 2026-06-18 07:59:00+00:00, run_after=2026-06-19 07:00:00+00:00
[2026-06-19T01:58:41.739+0000] {processor.py:208} INFO - Processing /opt/airflow/dags/driven_data_pipeline.py took 0.258 seconds
[2026-06-19T01:59:12.051+0000] {processor.py:186} INFO - Started process (PID=5654) to work on /opt/airflow/dags/driven_data_pipeline.py
[2026-06-19T01:59:12.052+0000] {processor.py:914} INFO - Processing file /opt/airflow/dags/driven_data_pipeline.py for tasks to queue
[2026-06-19T01:59:12.053+0000] {logging_mixin.py:190} INFO - [2026-06-19T01:59:12.053+0000] {dagbag.py:588} INFO - Filling up the DagBag from /opt/airflow/dags/driven_data_pipeline.py
[2026-06-19T01:59:12.137+0000] {processor.py:925} INFO - DAG(s) 'extract_raw_data_pipeline' retrieved from /opt/airflow/dags/driven_data_pipeline.py
[2026-06-19T01:59:12.151+0000] {logging_mixin.py:190} INFO - [2026-06-19T01:59:12.151+0000] {dag.py:3239} INFO - Sync 1 DAGs
[2026-06-19T01:59:12.163+0000] {logging_mixin.py:190} INFO - [2026-06-19T01:59:12.163+0000] {dag.py:4180} INFO - Setting next_dagrun for extract_raw_data_pipeline to 2026-06-18 07:59:00+00:00, run_after=2026-06-19 07:00:00+00:00
[2026-06-19T01:59:12.179+0000] {processor.py:208} INFO - Processing /opt/airflow/dags/driven_data_pipeline.py took 0.131 seconds
[2026-06-19T01:59:42.489+0000] {processor.py:186} INFO - Started process (PID=5662) to work on /opt/airflow/dags/driven_data_pipeline.py
[2026-06-19T01:59:42.489+0000] {processor.py:914} INFO - Processing file /opt/airflow/dags/driven_data_pipeline.py for tasks to queue
[2026-06-19T01:59:42.491+0000] {logging_mixin.py:190} INFO - [2026-06-19T01:59:42.491+0000] {dagbag.py:588} INFO - Filling up the DagBag from /opt/airflow/dags/driven_data_pipeline.py
[2026-06-19T01:59:42.574+0000] {processor.py:925} INFO - DAG(s) 'extract_raw_data_pipeline' retrieved from /opt/airflow/dags/driven_data_pipeline.py
[2026-06-19T01:59:42.588+0000] {logging_mixin.py:190} INFO - [2026-06-19T01:59:42.588+0000] {dag.py:3239} INFO - Sync 1 DAGs
[2026-06-19T01:59:42.599+0000] {logging_mixin.py:190} INFO - [2026-06-19T01:59:42.599+0000] {dag.py:4180} INFO - Setting next_dagrun for extract_raw_data_pipeline to 2026-06-18 07:59:00+00:00, run_after=2026-06-19 07:00:00+00:00
[2026-06-19T01:59:42.610+0000] {processor.py:208} INFO - Processing /opt/airflow/dags/driven_data_pipeline.py took 0.125 seconds
[2026-06-19T02:00:12.762+0000] {processor.py:186} INFO - Started process (PID=5670) to work on /opt/airflow/dags/driven_data_pipeline.py
[2026-06-19T02:00:12.763+0000] {processor.py:914} INFO - Processing file /opt/airflow/dags/driven_data_pipeline.py for tasks to queue
[2026-06-19T02:00:12.765+0000] {logging_mixin.py:190} INFO - [2026-06-19T02:00:12.764+0000] {dagbag.py:588} INFO - Filling up the DagBag from /opt/airflow/dags/driven_data_pipeline.py
[2026-06-19T02:00:12.847+0000] {processor.py:925} INFO - DAG(s) 'extract_raw_data_pipeline' retrieved from /opt/airflow/dags/driven_data_pipeline.py
[2026-06-19T02:00:12.861+0000] {logging_mixin.py:190} INFO - [2026-06-19T02:00:12.861+0000] {dag.py:3239} INFO - Sync 1 DAGs
[2026-06-19T02:00:12.874+0000] {logging_mixin.py:190} INFO - [2026-06-19T02:00:12.874+0000] {dag.py:4180} INFO - Setting next_dagrun for extract_raw_data_pipeline to 2026-06-18 07:59:00+00:00, run_after=2026-06-19 07:00:00+00:00
[2026-06-19T02:00:12.888+0000] {processor.py:208} INFO - Processing /opt/airflow/dags/driven_data_pipeline.py took 0.129 seconds
[2026-06-19T02:00:43.136+0000] {processor.py:186} INFO - Started process (PID=5678) to work on /opt/airflow/dags/driven_data_pipeline.py
[2026-06-19T02:00:43.137+0000] {processor.py:914} INFO - Processing file /opt/airflow/dags/driven_data_pipeline.py for tasks to queue
[2026-06-19T02:00:43.138+0000] {logging_mixin.py:190} INFO - [2026-06-19T02:00:43.138+0000] {dagbag.py:588} INFO - Filling up the DagBag from /opt/airflow/dags/driven_data_pipeline.py
[2026-06-19T02:00:43.219+0000] {processor.py:925} INFO - DAG(s) 'extract_raw_data_pipeline' retrieved from /opt/airflow/dags/driven_data_pipeline.py
[2026-06-19T02:00:43.233+0000] {logging_mixin.py:190} INFO - [2026-06-19T02:00:43.233+0000] {dag.py:3239} INFO - Sync 1 DAGs
[2026-06-19T02:00:43.245+0000] {logging_mixin.py:190} INFO - [2026-06-19T02:00:43.245+0000] {dag.py:4180} INFO - Setting next_dagrun for extract_raw_data_pipeline to 2026-06-18 07:59:00+00:00, run_after=2026-06-19 07:00:00+00:00
[2026-06-19T02:00:43.259+0000] {processor.py:208} INFO - Processing /opt/airflow/dags/driven_data_pipeline.py took 0.126 seconds
[2026-06-19T02:01:13.465+0000] {processor.py:186} INFO - Started process (PID=5686) to work on /opt/airflow/dags/driven_data_pipeline.py
[2026-06-19T02:01:13.466+0000] {processor.py:914} INFO - Processing file /opt/airflow/dags/driven_data_pipeline.py for tasks to queue
[2026-06-19T02:01:13.468+0000] {logging_mixin.py:190} INFO - [2026-06-19T02:01:13.467+0000] {dagbag.py:588} INFO - Filling up the DagBag from /opt/airflow/dags/driven_data_pipeline.py
[2026-06-19T02:01:13.548+0000] {processor.py:925} INFO - DAG(s) 'extract_raw_data_pipeline' retrieved from /opt/airflow/dags/driven_data_pipeline.py
[2026-06-19T02:01:13.561+0000] {logging_mixin.py:190} INFO - [2026-06-19T02:01:13.561+0000] {dag.py:3239} INFO - Sync 1 DAGs
[2026-06-19T02:01:13.573+0000] {logging_mixin.py:190} INFO - [2026-06-19T02:01:13.572+0000] {dag.py:4180} INFO - Setting next_dagrun for extract_raw_data_pipeline to 2026-06-18 07:59:00+00:00, run_after=2026-06-19 07:00:00+00:00
[2026-06-19T02:01:13.586+0000] {processor.py:208} INFO - Processing /opt/airflow/dags/driven_data_pipeline.py took 0.124 seconds
[2026-06-19T02:01:43.872+0000] {processor.py:186} INFO - Started process (PID=5694) to work on /opt/airflow/dags/driven_data_pipeline.py
[2026-06-19T02:01:43.873+0000] {processor.py:914} INFO - Processing file /opt/airflow/dags/driven_data_pipeline.py for tasks to queue
[2026-06-19T02:01:43.875+0000] {logging_mixin.py:190} INFO - [2026-06-19T02:01:43.874+0000] {dagbag.py:588} INFO - Filling up the DagBag from /opt/airflow/dags/driven_data_pipeline.py
[2026-06-19T02:01:43.969+0000] {processor.py:925} INFO - DAG(s) 'extract_raw_data_pipeline' retrieved from /opt/airflow/dags/driven_data_pipeline.py
[2026-06-19T02:01:43.984+0000] {logging_mixin.py:190} INFO - [2026-06-19T02:01:43.984+0000] {dag.py:3239} INFO - Sync 1 DAGs
[2026-06-19T02:01:43.997+0000] {logging_mixin.py:190} INFO - [2026-06-19T02:01:43.997+0000] {dag.py:4180} INFO - Setting next_dagrun for extract_raw_data_pipeline to 2026-06-18 07:59:00+00:00, run_after=2026-06-19 07:00:00+00:00
[2026-06-19T02:01:44.013+0000] {processor.py:208} INFO - Processing /opt/airflow/dags/driven_data_pipeline.py took 0.144 seconds
[2026-06-19T02:02:14.202+0000] {processor.py:186} INFO - Started process (PID=5702) to work on /opt/airflow/dags/driven_data_pipeline.py
[2026-06-19T02:02:14.204+0000] {processor.py:914} INFO - Processing file /opt/airflow/dags/driven_data_pipeline.py for tasks to queue
[2026-06-19T02:02:14.206+0000] {logging_mixin.py:190} INFO - [2026-06-19T02:02:14.206+0000] {dagbag.py:588} INFO - Filling up the DagBag from /opt/airflow/dags/driven_data_pipeline.py
[2026-06-19T02:02:14.306+0000] {processor.py:925} INFO - DAG(s) 'extract_raw_data_pipeline' retrieved from /opt/airflow/dags/driven_data_pipeline.py
[2026-06-19T02:02:14.320+0000] {logging_mixin.py:190} INFO - [2026-06-19T02:02:14.320+0000] {dag.py:3239} INFO - Sync 1 DAGs
[2026-06-19T02:02:14.331+0000] {logging_mixin.py:190} INFO - [2026-06-19T02:02:14.331+0000] {dag.py:4180} INFO - Setting next_dagrun for extract_raw_data_pipeline to 2026-06-18 07:59:00+00:00, run_after=2026-06-19 07:00:00+00:00
[2026-06-19T02:02:14.347+0000] {processor.py:208} INFO - Processing /opt/airflow/dags/driven_data_pipeline.py took 0.153 seconds
[2026-06-19T02:02:44.708+0000] {processor.py:186} INFO - Started process (PID=5710) to work on /opt/airflow/dags/driven_data_pipeline.py
[2026-06-19T02:02:44.709+0000] {processor.py:914} INFO - Processing file /opt/airflow/dags/driven_data_pipeline.py for tasks to queue
[2026-06-19T02:02:44.711+0000] {logging_mixin.py:190} INFO - [2026-06-19T02:02:44.710+0000] {dagbag.py:588} INFO - Filling up the DagBag from /opt/airflow/dags/driven_data_pipeline.py
[2026-06-19T02:02:44.806+0000] {processor.py:925} INFO - DAG(s) 'extract_raw_data_pipeline' retrieved from /opt/airflow/dags/driven_data_pipeline.py
[2026-06-19T02:02:44.823+0000] {logging_mixin.py:190} INFO - [2026-06-19T02:02:44.823+0000] {dag.py:3239} INFO - Sync 1 DAGs
[2026-06-19T02:02:44.841+0000] {logging_mixin.py:190} INFO - [2026-06-19T02:02:44.841+0000] {dag.py:4180} INFO - Setting next_dagrun for extract_raw_data_pipeline to 2026-06-18 07:59:00+00:00, run_after=2026-06-19 07:00:00+00:00
[2026-06-19T02:02:44.857+0000] {processor.py:208} INFO - Processing /opt/airflow/dags/driven_data_pipeline.py took 0.153 seconds
[2026-06-19T02:03:15.056+0000] {processor.py:186} INFO - Started process (PID=5718) to work on /opt/airflow/dags/driven_data_pipeline.py
[2026-06-19T02:03:15.057+0000] {processor.py:914} INFO - Processing file /opt/airflow/dags/driven_data_pipeline.py for tasks to queue
[2026-06-19T02:03:15.059+0000] {logging_mixin.py:190} INFO - [2026-06-19T02:03:15.058+0000] {dagbag.py:588} INFO - Filling up the DagBag from /opt/airflow/dags/driven_data_pipeline.py
[2026-06-19T02:03:15.146+0000] {processor.py:925} INFO - DAG(s) 'extract_raw_data_pipeline' retrieved from /opt/airflow/dags/driven_data_pipeline.py
[2026-06-19T02:03:15.160+0000] {logging_mixin.py:190} INFO - [2026-06-19T02:03:15.160+0000] {dag.py:3239} INFO - Sync 1 DAGs
[2026-06-19T02:03:15.174+0000] {logging_mixin.py:190} INFO - [2026-06-19T02:03:15.174+0000] {dag.py:4180} INFO - Setting next_dagrun for extract_raw_data_pipeline to 2026-06-18 07:59:00+00:00, run_after=2026-06-19 07:00:00+00:00
[2026-06-19T02:03:15.185+0000] {processor.py:208} INFO - Processing /opt/airflow/dags/driven_data_pipeline.py took 0.133 seconds
[2026-06-19T02:03:45.476+0000] {processor.py:186} INFO - Started process (PID=5726) to work on /opt/airflow/dags/driven_data_pipeline.py
[2026-06-19T02:03:45.477+0000] {processor.py:914} INFO - Processing file /opt/airflow/dags/driven_data_pipeline.py for tasks to queue
[2026-06-19T02:03:45.479+0000] {logging_mixin.py:190} INFO - [2026-06-19T02:03:45.478+0000] {dagbag.py:588} INFO - Filling up the DagBag from /opt/airflow/dags/driven_data_pipeline.py
[2026-06-19T02:03:45.561+0000] {processor.py:925} INFO - DAG(s) 'extract_raw_data_pipeline' retrieved from /opt/airflow/dags/driven_data_pipeline.py
[2026-06-19T02:03:45.575+0000] {logging_mixin.py:190} INFO - [2026-06-19T02:03:45.575+0000] {dag.py:3239} INFO - Sync 1 DAGs
[2026-06-19T02:03:45.588+0000] {logging_mixin.py:190} INFO - [2026-06-19T02:03:45.588+0000] {dag.py:4180} INFO - Setting next_dagrun for extract_raw_data_pipeline to 2026-06-18 07:59:00+00:00, run_after=2026-06-19 07:00:00+00:00
[2026-06-19T02:03:45.600+0000] {processor.py:208} INFO - Processing /opt/airflow/dags/driven_data_pipeline.py took 0.127 seconds
[2026-06-19T02:04:16.006+0000] {processor.py:186} INFO - Started process (PID=5734) to work on /opt/airflow/dags/driven_data_pipeline.py
[2026-06-19T02:04:16.007+0000] {processor.py:914} INFO - Processing file /opt/airflow/dags/driven_data_pipeline.py for tasks to queue
[2026-06-19T02:04:16.008+0000] {logging_mixin.py:190} INFO - [2026-06-19T02:04:16.008+0000] {dagbag.py:588} INFO - Filling up the DagBag from /opt/airflow/dags/driven_data_pipeline.py
[2026-06-19T02:04:16.100+0000] {processor.py:925} INFO - DAG(s) 'extract_raw_data_pipeline' retrieved from /opt/airflow/dags/driven_data_pipeline.py
[2026-06-19T02:04:16.115+0000] {logging_mixin.py:190} INFO - [2026-06-19T02:04:16.115+0000] {dag.py:3239} INFO - Sync 1 DAGs
[2026-06-19T02:04:16.127+0000] {logging_mixin.py:190} INFO - [2026-06-19T02:04:16.127+0000] {dag.py:4180} INFO - Setting next_dagrun for extract_raw_data_pipeline to 2026-06-18 07:59:00+00:00, run_after=2026-06-19 07:00:00+00:00
[2026-06-19T02:04:16.140+0000] {processor.py:208} INFO - Processing /opt/airflow/dags/driven_data_pipeline.py took 0.138 seconds
[2026-06-19T02:04:46.386+0000] {processor.py:186} INFO - Started process (PID=5742) to work on /opt/airflow/dags/driven_data_pipeline.py
[2026-06-19T02:04:46.387+0000] {processor.py:914} INFO - Processing file /opt/airflow/dags/driven_data_pipeline.py for tasks to queue
[2026-06-19T02:04:46.388+0000] {logging_mixin.py:190} INFO - [2026-06-19T02:04:46.388+0000] {dagbag.py:588} INFO - Filling up the DagBag from /opt/airflow/dags/driven_data_pipeline.py
[2026-06-19T02:04:46.472+0000] {processor.py:925} INFO - DAG(s) 'extract_raw_data_pipeline' retrieved from /opt/airflow/dags/driven_data_pipeline.py
[2026-06-19T02:04:46.487+0000] {logging_mixin.py:190} INFO - [2026-06-19T02:04:46.487+0000] {dag.py:3239} INFO - Sync 1 DAGs
[2026-06-19T02:04:46.500+0000] {logging_mixin.py:190} INFO - [2026-06-19T02:04:46.500+0000] {dag.py:4180} INFO - Setting next_dagrun for extract_raw_data_pipeline to 2026-06-18 07:59:00+00:00, run_after=2026-06-19 07:00:00+00:00
[2026-06-19T02:04:46.515+0000] {processor.py:208} INFO - Processing /opt/airflow/dags/driven_data_pipeline.py took 0.133 seconds
[2026-06-19T02:05:16.831+0000] {processor.py:186} INFO - Started process (PID=5750) to work on /opt/airflow/dags/driven_data_pipeline.py
[2026-06-19T02:05:16.832+0000] {processor.py:914} INFO - Processing file /opt/airflow/dags/driven_data_pipeline.py for tasks to queue
[2026-06-19T02:05:16.833+0000] {logging_mixin.py:190} INFO - [2026-06-19T02:05:16.833+0000] {dagbag.py:588} INFO - Filling up the DagBag from /opt/airflow/dags/driven_data_pipeline.py
[2026-06-19T02:05:16.912+0000] {processor.py:925} INFO - DAG(s) 'extract_raw_data_pipeline' retrieved from /opt/airflow/dags/driven_data_pipeline.py
[2026-06-19T02:05:16.926+0000] {logging_mixin.py:190} INFO - [2026-06-19T02:05:16.926+0000] {dag.py:3239} INFO - Sync 1 DAGs
[2026-06-19T02:05:16.939+0000] {logging_mixin.py:190} INFO - [2026-06-19T02:05:16.939+0000] {dag.py:4180} INFO - Setting next_dagrun for extract_raw_data_pipeline to 2026-06-18 07:59:00+00:00, run_after=2026-06-19 07:00:00+00:00
[2026-06-19T02:05:16.952+0000] {processor.py:208} INFO - Processing /opt/airflow/dags/driven_data_pipeline.py took 0.125 seconds
[2026-06-19T02:05:47.138+0000] {processor.py:186} INFO - Started process (PID=5758) to work on /opt/airflow/dags/driven_data_pipeline.py
[2026-06-19T02:05:47.139+0000] {processor.py:914} INFO - Processing file /opt/airflow/dags/driven_data_pipeline.py for tasks to queue
[2026-06-19T02:05:47.140+0000] {logging_mixin.py:190} INFO - [2026-06-19T02:05:47.140+0000] {dagbag.py:588} INFO - Filling up the DagBag from /opt/airflow/dags/driven_data_pipeline.py
[2026-06-19T02:05:47.222+0000] {processor.py:925} INFO - DAG(s) 'extract_raw_data_pipeline' retrieved from /opt/airflow/dags/driven_data_pipeline.py
[2026-06-19T02:05:47.237+0000] {logging_mixin.py:190} INFO - [2026-06-19T02:05:47.237+0000] {dag.py:3239} INFO - Sync 1 DAGs
[2026-06-19T02:05:47.250+0000] {logging_mixin.py:190} INFO - [2026-06-19T02:05:47.250+0000] {dag.py:4180} INFO - Setting next_dagrun for extract_raw_data_pipeline to 2026-06-18 07:59:00+00:00, run_after=2026-06-19 07:00:00+00:00
[2026-06-19T02:05:47.263+0000] {processor.py:208} INFO - Processing /opt/airflow/dags/driven_data_pipeline.py took 0.129 seconds
[2026-06-19T02:06:17.555+0000] {processor.py:186} INFO - Started process (PID=5766) to work on /opt/airflow/dags/driven_data_pipeline.py
[2026-06-19T02:06:17.556+0000] {processor.py:914} INFO - Processing file /opt/airflow/dags/driven_data_pipeline.py for tasks to queue
[2026-06-19T02:06:17.557+0000] {logging_mixin.py:190} INFO - [2026-06-19T02:06:17.557+0000] {dagbag.py:588} INFO - Filling up the DagBag from /opt/airflow/dags/driven_data_pipeline.py
[2026-06-19T02:06:17.637+0000] {processor.py:925} INFO - DAG(s) 'extract_raw_data_pipeline' retrieved from /opt/airflow/dags/driven_data_pipeline.py
[2026-06-19T02:06:17.651+0000] {logging_mixin.py:190} INFO - [2026-06-19T02:06:17.651+0000] {dag.py:3239} INFO - Sync 1 DAGs
[2026-06-19T02:06:17.662+0000] {logging_mixin.py:190} INFO - [2026-06-19T02:06:17.662+0000] {dag.py:4180} INFO - Setting next_dagrun for extract_raw_data_pipeline to 2026-06-18 07:59:00+00:00, run_after=2026-06-19 07:00:00+00:00
[2026-06-19T02:06:17.676+0000] {processor.py:208} INFO - Processing /opt/airflow/dags/driven_data_pipeline.py took 0.124 seconds
[2026-06-19T02:06:47.965+0000] {processor.py:186} INFO - Started process (PID=5774) to work on /opt/airflow/dags/driven_data_pipeline.py
[2026-06-19T02:06:47.965+0000] {processor.py:914} INFO - Processing file /opt/airflow/dags/driven_data_pipeline.py for tasks to queue
[2026-06-19T02:06:47.967+0000] {logging_mixin.py:190} INFO - [2026-06-19T02:06:47.967+0000] {dagbag.py:588} INFO - Filling up the DagBag from /opt/airflow/dags/driven_data_pipeline.py
[2026-06-19T02:06:48.050+0000] {processor.py:925} INFO - DAG(s) 'extract_raw_data_pipeline' retrieved from /opt/airflow/dags/driven_data_pipeline.py
[2026-06-19T02:06:48.064+0000] {logging_mixin.py:190} INFO - [2026-06-19T02:06:48.064+0000] {dag.py:3239} INFO - Sync 1 DAGs
[2026-06-19T02:06:48.077+0000] {logging_mixin.py:190} INFO - [2026-06-19T02:06:48.077+0000] {dag.py:4180} INFO - Setting next_dagrun for extract_raw_data_pipeline to 2026-06-18 07:59:00+00:00, run_after=2026-06-19 07:00:00+00:00
[2026-06-19T02:06:48.091+0000] {processor.py:208} INFO - Processing /opt/airflow/dags/driven_data_pipeline.py took 0.130 seconds
[2026-06-19T02:07:18.297+0000] {processor.py:186} INFO - Started process (PID=5782) to work on /opt/airflow/dags/driven_data_pipeline.py
[2026-06-19T02:07:18.297+0000] {processor.py:914} INFO - Processing file /opt/airflow/dags/driven_data_pipeline.py for tasks to queue
[2026-06-19T02:07:18.299+0000] {logging_mixin.py:190} INFO - [2026-06-19T02:07:18.299+0000] {dagbag.py:588} INFO - Filling up the DagBag from /opt/airflow/dags/driven_data_pipeline.py
[2026-06-19T02:07:18.383+0000] {processor.py:925} INFO - DAG(s) 'extract_raw_data_pipeline' retrieved from /opt/airflow/dags/driven_data_pipeline.py
[2026-06-19T02:07:18.398+0000] {logging_mixin.py:190} INFO - [2026-06-19T02:07:18.398+0000] {dag.py:3239} INFO - Sync 1 DAGs
[2026-06-19T02:07:18.411+0000] {logging_mixin.py:190} INFO - [2026-06-19T02:07:18.411+0000] {dag.py:4180} INFO - Setting next_dagrun for extract_raw_data_pipeline to 2026-06-18 07:59:00+00:00, run_after=2026-06-19 07:00:00+00:00
[2026-06-19T02:07:18.434+0000] {processor.py:208} INFO - Processing /opt/airflow/dags/driven_data_pipeline.py took 0.141 seconds
[2026-06-19T02:07:48.699+0000] {processor.py:186} INFO - Started process (PID=5790) to work on /opt/airflow/dags/driven_data_pipeline.py
[2026-06-19T02:07:48.699+0000] {processor.py:914} INFO - Processing file /opt/airflow/dags/driven_data_pipeline.py for tasks to queue
[2026-06-19T02:07:48.701+0000] {logging_mixin.py:190} INFO - [2026-06-19T02:07:48.701+0000] {dagbag.py:588} INFO - Filling up the DagBag from /opt/airflow/dags/driven_data_pipeline.py
[2026-06-19T02:07:48.787+0000] {processor.py:925} INFO - DAG(s) 'extract_raw_data_pipeline' retrieved from /opt/airflow/dags/driven_data_pipeline.py
[2026-06-19T02:07:48.803+0000] {logging_mixin.py:190} INFO - [2026-06-19T02:07:48.803+0000] {dag.py:3239} INFO - Sync 1 DAGs
[2026-06-19T02:07:48.816+0000] {logging_mixin.py:190} INFO - [2026-06-19T02:07:48.816+0000] {dag.py:4180} INFO - Setting next_dagrun for extract_raw_data_pipeline to 2026-06-18 07:59:00+00:00, run_after=2026-06-19 07:00:00+00:00
[2026-06-19T02:07:48.830+0000] {processor.py:208} INFO - Processing /opt/airflow/dags/driven_data_pipeline.py took 0.135 seconds
[2026-06-19T02:08:19.091+0000] {processor.py:186} INFO - Started process (PID=5798) to work on /opt/airflow/dags/driven_data_pipeline.py
[2026-06-19T02:08:19.092+0000] {processor.py:914} INFO - Processing file /opt/airflow/dags/driven_data_pipeline.py for tasks to queue
[2026-06-19T02:08:19.094+0000] {logging_mixin.py:190} INFO - [2026-06-19T02:08:19.093+0000] {dagbag.py:588} INFO - Filling up the DagBag from /opt/airflow/dags/driven_data_pipeline.py
[2026-06-19T02:08:19.175+0000] {processor.py:925} INFO - DAG(s) 'extract_raw_data_pipeline' retrieved from /opt/airflow/dags/driven_data_pipeline.py
[2026-06-19T02:08:19.189+0000] {logging_mixin.py:190} INFO - [2026-06-19T02:08:19.188+0000] {dag.py:3239} INFO - Sync 1 DAGs
[2026-06-19T02:08:19.201+0000] {logging_mixin.py:190} INFO - [2026-06-19T02:08:19.201+0000] {dag.py:4180} INFO - Setting next_dagrun for extract_raw_data_pipeline to 2026-06-18 07:59:00+00:00, run_after=2026-06-19 07:00:00+00:00
[2026-06-19T02:08:19.213+0000] {processor.py:208} INFO - Processing /opt/airflow/dags/driven_data_pipeline.py took 0.126 seconds
[2026-06-19T02:08:49.411+0000] {processor.py:186} INFO - Started process (PID=5806) to work on /opt/airflow/dags/driven_data_pipeline.py
[2026-06-19T02:08:49.412+0000] {processor.py:914} INFO - Processing file /opt/airflow/dags/driven_data_pipeline.py for tasks to queue
[2026-06-19T02:08:49.413+0000] {logging_mixin.py:190} INFO - [2026-06-19T02:08:49.413+0000] {dagbag.py:588} INFO - Filling up the DagBag from /opt/airflow/dags/driven_data_pipeline.py
[2026-06-19T02:08:49.497+0000] {processor.py:925} INFO - DAG(s) 'extract_raw_data_pipeline' retrieved from /opt/airflow/dags/driven_data_pipeline.py
[2026-06-19T02:08:49.511+0000] {logging_mixin.py:190} INFO - [2026-06-19T02:08:49.511+0000] {dag.py:3239} INFO - Sync 1 DAGs
[2026-06-19T02:08:49.524+0000] {logging_mixin.py:190} INFO - [2026-06-19T02:08:49.524+0000] {dag.py:4180} INFO - Setting next_dagrun for extract_raw_data_pipeline to 2026-06-18 07:59:00+00:00, run_after=2026-06-19 07:00:00+00:00
[2026-06-19T02:08:49.540+0000] {processor.py:208} INFO - Processing /opt/airflow/dags/driven_data_pipeline.py took 0.132 seconds
[2026-06-19T02:09:19.809+0000] {processor.py:186} INFO - Started process (PID=5814) to work on /opt/airflow/dags/driven_data_pipeline.py
[2026-06-19T02:09:19.809+0000] {processor.py:914} INFO - Processing file /opt/airflow/dags/driven_data_pipeline.py for tasks to queue
[2026-06-19T02:09:19.811+0000] {logging_mixin.py:190} INFO - [2026-06-19T02:09:19.811+0000] {dagbag.py:588} INFO - Filling up the DagBag from /opt/airflow/dags/driven_data_pipeline.py
[2026-06-19T02:09:19.889+0000] {processor.py:925} INFO - DAG(s) 'extract_raw_data_pipeline' retrieved from /opt/airflow/dags/driven_data_pipeline.py
[2026-06-19T02:09:20.000+0000] {logging_mixin.py:190} INFO - [2026-06-19T02:09:20.000+0000] {dag.py:3239} INFO - Sync 1 DAGs
[2026-06-19T02:09:20.014+0000] {logging_mixin.py:190} INFO - [2026-06-19T02:09:20.013+0000] {dag.py:4180} INFO - Setting next_dagrun for extract_raw_data_pipeline to 2026-06-18 07:59:00+00:00, run_after=2026-06-19 07:00:00+00:00
[2026-06-19T02:09:20.080+0000] {processor.py:208} INFO - Processing /opt/airflow/dags/driven_data_pipeline.py took 0.275 seconds
[2026-06-19T02:09:50.135+0000] {processor.py:186} INFO - Started process (PID=5822) to work on /opt/airflow/dags/driven_data_pipeline.py
[2026-06-19T02:09:50.135+0000] {processor.py:914} INFO - Processing file /opt/airflow/dags/driven_data_pipeline.py for tasks to queue
[2026-06-19T02:09:50.137+0000] {logging_mixin.py:190} INFO - [2026-06-19T02:09:50.137+0000] {dagbag.py:588} INFO - Filling up the DagBag from /opt/airflow/dags/driven_data_pipeline.py
[2026-06-19T02:09:50.220+0000] {processor.py:925} INFO - DAG(s) 'extract_raw_data_pipeline' retrieved from /opt/airflow/dags/driven_data_pipeline.py
[2026-06-19T02:09:50.235+0000] {logging_mixin.py:190} INFO - [2026-06-19T02:09:50.235+0000] {dag.py:3239} INFO - Sync 1 DAGs
[2026-06-19T02:09:50.248+0000] {logging_mixin.py:190} INFO - [2026-06-19T02:09:50.248+0000] {dag.py:4180} INFO - Setting next_dagrun for extract_raw_data_pipeline to 2026-06-18 07:59:00+00:00, run_after=2026-06-19 07:00:00+00:00
[2026-06-19T02:09:50.259+0000] {processor.py:208} INFO - Processing /opt/airflow/dags/driven_data_pipeline.py took 0.128 seconds
[2026-06-19T02:10:20.432+0000] {processor.py:186} INFO - Started process (PID=5830) to work on /opt/airflow/dags/driven_data_pipeline.py
[2026-06-19T02:10:20.433+0000] {processor.py:914} INFO - Processing file /opt/airflow/dags/driven_data_pipeline.py for tasks to queue
[2026-06-19T02:10:20.434+0000] {logging_mixin.py:190} INFO - [2026-06-19T02:10:20.434+0000] {dagbag.py:588} INFO - Filling up the DagBag from /opt/airflow/dags/driven_data_pipeline.py
[2026-06-19T02:10:20.515+0000] {processor.py:925} INFO - DAG(s) 'extract_raw_data_pipeline' retrieved from /opt/airflow/dags/driven_data_pipeline.py
[2026-06-19T02:10:20.531+0000] {logging_mixin.py:190} INFO - [2026-06-19T02:10:20.531+0000] {dag.py:3239} INFO - Sync 1 DAGs
[2026-06-19T02:10:20.544+0000] {logging_mixin.py:190} INFO - [2026-06-19T02:10:20.544+0000] {dag.py:4180} INFO - Setting next_dagrun for extract_raw_data_pipeline to 2026-06-18 07:59:00+00:00, run_after=2026-06-19 07:00:00+00:00
[2026-06-19T02:10:20.558+0000] {processor.py:208} INFO - Processing /opt/airflow/dags/driven_data_pipeline.py took 0.130 seconds
[2026-06-19T02:10:50.872+0000] {processor.py:186} INFO - Started process (PID=5838) to work on /opt/airflow/dags/driven_data_pipeline.py
[2026-06-19T02:10:50.873+0000] {processor.py:914} INFO - Processing file /opt/airflow/dags/driven_data_pipeline.py for tasks to queue
[2026-06-19T02:10:50.874+0000] {logging_mixin.py:190} INFO - [2026-06-19T02:10:50.874+0000] {dagbag.py:588} INFO - Filling up the DagBag from /opt/airflow/dags/driven_data_pipeline.py
[2026-06-19T02:10:50.956+0000] {processor.py:925} INFO - DAG(s) 'extract_raw_data_pipeline' retrieved from /opt/airflow/dags/driven_data_pipeline.py
[2026-06-19T02:10:50.969+0000] {logging_mixin.py:190} INFO - [2026-06-19T02:10:50.969+0000] {dag.py:3239} INFO - Sync 1 DAGs
[2026-06-19T02:10:50.980+0000] {logging_mixin.py:190} INFO - [2026-06-19T02:10:50.980+0000] {dag.py:4180} INFO - Setting next_dagrun for extract_raw_data_pipeline to 2026-06-18 07:59:00+00:00, run_after=2026-06-19 07:00:00+00:00
[2026-06-19T02:10:50.992+0000] {processor.py:208} INFO - Processing /opt/airflow/dags/driven_data_pipeline.py took 0.123 seconds
[2026-06-19T02:11:21.209+0000] {processor.py:186} INFO - Started process (PID=5846) to work on /opt/airflow/dags/driven_data_pipeline.py
[2026-06-19T02:11:21.210+0000] {processor.py:914} INFO - Processing file /opt/airflow/dags/driven_data_pipeline.py for tasks to queue
[2026-06-19T02:11:21.211+0000] {logging_mixin.py:190} INFO - [2026-06-19T02:11:21.211+0000] {dagbag.py:588} INFO - Filling up the DagBag from /opt/airflow/dags/driven_data_pipeline.py
[2026-06-19T02:11:21.292+0000] {processor.py:925} INFO - DAG(s) 'extract_raw_data_pipeline' retrieved from /opt/airflow/dags/driven_data_pipeline.py
[2026-06-19T02:11:21.307+0000] {logging_mixin.py:190} INFO - [2026-06-19T02:11:21.307+0000] {dag.py:3239} INFO - Sync 1 DAGs
[2026-06-19T02:11:21.320+0000] {logging_mixin.py:190} INFO - [2026-06-19T02:11:21.320+0000] {dag.py:4180} INFO - Setting next_dagrun for extract_raw_data_pipeline to 2026-06-18 07:59:00+00:00, run_after=2026-06-19 07:00:00+00:00
[2026-06-19T02:11:21.344+0000] {processor.py:208} INFO - Processing /opt/airflow/dags/driven_data_pipeline.py took 0.139 seconds
[2026-06-19T02:11:51.587+0000] {processor.py:186} INFO - Started process (PID=5853) to work on /opt/airflow/dags/driven_data_pipeline.py
[2026-06-19T02:11:51.588+0000] {processor.py:914} INFO - Processing file /opt/airflow/dags/driven_data_pipeline.py for tasks to queue
[2026-06-19T02:11:51.590+0000] {logging_mixin.py:190} INFO - [2026-06-19T02:11:51.590+0000] {dagbag.py:588} INFO - Filling up the DagBag from /opt/airflow/dags/driven_data_pipeline.py
[2026-06-19T02:11:51.672+0000] {processor.py:925} INFO - DAG(s) 'extract_raw_data_pipeline' retrieved from /opt/airflow/dags/driven_data_pipeline.py
[2026-06-19T02:11:51.686+0000] {logging_mixin.py:190} INFO - [2026-06-19T02:11:51.686+0000] {dag.py:3239} INFO - Sync 1 DAGs
[2026-06-19T02:11:51.697+0000] {logging_mixin.py:190} INFO - [2026-06-19T02:11:51.697+0000] {dag.py:4180} INFO - Setting next_dagrun for extract_raw_data_pipeline to 2026-06-18 07:59:00+00:00, run_after=2026-06-19 07:00:00+00:00
[2026-06-19T02:11:51.708+0000] {processor.py:208} INFO - Processing /opt/airflow/dags/driven_data_pipeline.py took 0.124 seconds
[2026-06-19T02:12:21.989+0000] {processor.py:186} INFO - Started process (PID=5861) to work on /opt/airflow/dags/driven_data_pipeline.py
[2026-06-19T02:12:21.990+0000] {processor.py:914} INFO - Processing file /opt/airflow/dags/driven_data_pipeline.py for tasks to queue
[2026-06-19T02:12:21.991+0000] {logging_mixin.py:190} INFO - [2026-06-19T02:12:21.991+0000] {dagbag.py:588} INFO - Filling up the DagBag from /opt/airflow/dags/driven_data_pipeline.py
[2026-06-19T02:12:22.072+0000] {processor.py:925} INFO - DAG(s) 'extract_raw_data_pipeline' retrieved from /opt/airflow/dags/driven_data_pipeline.py
[2026-06-19T02:12:22.084+0000] {logging_mixin.py:190} INFO - [2026-06-19T02:12:22.084+0000] {dag.py:3239} INFO - Sync 1 DAGs
[2026-06-19T02:12:22.096+0000] {logging_mixin.py:190} INFO - [2026-06-19T02:12:22.096+0000] {dag.py:4180} INFO - Setting next_dagrun for extract_raw_data_pipeline to 2026-06-18 07:59:00+00:00, run_after=2026-06-19 07:00:00+00:00
[2026-06-19T02:12:22.109+0000] {processor.py:208} INFO - Processing /opt/airflow/dags/driven_data_pipeline.py took 0.124 seconds
[2026-06-19T02:12:52.401+0000] {processor.py:186} INFO - Started process (PID=5869) to work on /opt/airflow/dags/driven_data_pipeline.py
[2026-06-19T02:12:52.402+0000] {processor.py:914} INFO - Processing file /opt/airflow/dags/driven_data_pipeline.py for tasks to queue
[2026-06-19T02:12:52.403+0000] {logging_mixin.py:190} INFO - [2026-06-19T02:12:52.403+0000] {dagbag.py:588} INFO - Filling up the DagBag from /opt/airflow/dags/driven_data_pipeline.py
[2026-06-19T02:12:52.485+0000] {processor.py:925} INFO - DAG(s) 'extract_raw_data_pipeline' retrieved from /opt/airflow/dags/driven_data_pipeline.py
[2026-06-19T02:12:52.499+0000] {logging_mixin.py:190} INFO - [2026-06-19T02:12:52.499+0000] {dag.py:3239} INFO - Sync 1 DAGs
[2026-06-19T02:12:52.511+0000] {logging_mixin.py:190} INFO - [2026-06-19T02:12:52.511+0000] {dag.py:4180} INFO - Setting next_dagrun for extract_raw_data_pipeline to 2026-06-18 07:59:00+00:00, run_after=2026-06-19 07:00:00+00:00
[2026-06-19T02:12:52.524+0000] {processor.py:208} INFO - Processing /opt/airflow/dags/driven_data_pipeline.py took 0.127 seconds
[2026-06-19T02:13:23.037+0000] {processor.py:186} INFO - Started process (PID=5877) to work on /opt/airflow/dags/driven_data_pipeline.py
[2026-06-19T02:13:23.038+0000] {processor.py:914} INFO - Processing file /opt/airflow/dags/driven_data_pipeline.py for tasks to queue
[2026-06-19T02:13:23.039+0000] {logging_mixin.py:190} INFO - [2026-06-19T02:13:23.039+0000] {dagbag.py:588} INFO - Filling up the DagBag from /opt/airflow/dags/driven_data_pipeline.py
[2026-06-19T02:13:23.121+0000] {processor.py:925} INFO - DAG(s) 'extract_raw_data_pipeline' retrieved from /opt/airflow/dags/driven_data_pipeline.py
[2026-06-19T02:13:23.136+0000] {logging_mixin.py:190} INFO - [2026-06-19T02:13:23.136+0000] {dag.py:3239} INFO - Sync 1 DAGs
[2026-06-19T02:13:23.148+0000] {logging_mixin.py:190} INFO - [2026-06-19T02:13:23.148+0000] {dag.py:4180} INFO - Setting next_dagrun for extract_raw_data_pipeline to 2026-06-18 07:59:00+00:00, run_after=2026-06-19 07:00:00+00:00
[2026-06-19T02:13:23.161+0000] {processor.py:208} INFO - Processing /opt/airflow/dags/driven_data_pipeline.py took 0.127 seconds
[2026-06-19T02:13:53.310+0000] {processor.py:186} INFO - Started process (PID=5885) to work on /opt/airflow/dags/driven_data_pipeline.py
[2026-06-19T02:13:53.311+0000] {processor.py:914} INFO - Processing file /opt/airflow/dags/driven_data_pipeline.py for tasks to queue
[2026-06-19T02:13:53.312+0000] {logging_mixin.py:190} INFO - [2026-06-19T02:13:53.312+0000] {dagbag.py:588} INFO - Filling up the DagBag from /opt/airflow/dags/driven_data_pipeline.py
[2026-06-19T02:13:53.393+0000] {processor.py:925} INFO - DAG(s) 'extract_raw_data_pipeline' retrieved from /opt/airflow/dags/driven_data_pipeline.py
[2026-06-19T02:13:53.408+0000] {logging_mixin.py:190} INFO - [2026-06-19T02:13:53.408+0000] {dag.py:3239} INFO - Sync 1 DAGs
[2026-06-19T02:13:53.419+0000] {logging_mixin.py:190} INFO - [2026-06-19T02:13:53.419+0000] {dag.py:4180} INFO - Setting next_dagrun for extract_raw_data_pipeline to 2026-06-18 07:59:00+00:00, run_after=2026-06-19 07:00:00+00:00
[2026-06-19T02:13:53.431+0000] {processor.py:208} INFO - Processing /opt/airflow/dags/driven_data_pipeline.py took 0.124 seconds
[2026-06-19T02:14:23.624+0000] {processor.py:186} INFO - Started process (PID=5893) to work on /opt/airflow/dags/driven_data_pipeline.py
[2026-06-19T02:14:23.624+0000] {processor.py:914} INFO - Processing file /opt/airflow/dags/driven_data_pipeline.py for tasks to queue
[2026-06-19T02:14:23.626+0000] {logging_mixin.py:190} INFO - [2026-06-19T02:14:23.626+0000] {dagbag.py:588} INFO - Filling up the DagBag from /opt/airflow/dags/driven_data_pipeline.py
[2026-06-19T02:14:23.711+0000] {processor.py:925} INFO - DAG(s) 'extract_raw_data_pipeline' retrieved from /opt/airflow/dags/driven_data_pipeline.py
[2026-06-19T02:14:23.725+0000] {logging_mixin.py:190} INFO - [2026-06-19T02:14:23.725+0000] {dag.py:3239} INFO - Sync 1 DAGs
[2026-06-19T02:14:23.737+0000] {logging_mixin.py:190} INFO - [2026-06-19T02:14:23.737+0000] {dag.py:4180} INFO - Setting next_dagrun for extract_raw_data_pipeline to 2026-06-18 07:59:00+00:00, run_after=2026-06-19 07:00:00+00:00
[2026-06-19T02:14:23.751+0000] {processor.py:208} INFO - Processing /opt/airflow/dags/driven_data_pipeline.py took 0.131 seconds
[2026-06-19T02:14:53.986+0000] {processor.py:186} INFO - Started process (PID=5901) to work on /opt/airflow/dags/driven_data_pipeline.py
[2026-06-19T02:14:53.987+0000] {processor.py:914} INFO - Processing file /opt/airflow/dags/driven_data_pipeline.py for tasks to queue
[2026-06-19T02:14:53.989+0000] {logging_mixin.py:190} INFO - [2026-06-19T02:14:53.988+0000] {dagbag.py:588} INFO - Filling up the DagBag from /opt/airflow/dags/driven_data_pipeline.py
[2026-06-19T02:14:54.072+0000] {processor.py:925} INFO - DAG(s) 'extract_raw_data_pipeline' retrieved from /opt/airflow/dags/driven_data_pipeline.py
[2026-06-19T02:14:54.088+0000] {logging_mixin.py:190} INFO - [2026-06-19T02:14:54.088+0000] {dag.py:3239} INFO - Sync 1 DAGs
[2026-06-19T02:14:54.100+0000] {logging_mixin.py:190} INFO - [2026-06-19T02:14:54.100+0000] {dag.py:4180} INFO - Setting next_dagrun for extract_raw_data_pipeline to 2026-06-18 07:59:00+00:00, run_after=2026-06-19 07:00:00+00:00
[2026-06-19T02:14:54.113+0000] {processor.py:208} INFO - Processing /opt/airflow/dags/driven_data_pipeline.py took 0.130 seconds
[2026-06-19T02:15:24.414+0000] {processor.py:186} INFO - Started process (PID=5909) to work on /opt/airflow/dags/driven_data_pipeline.py
[2026-06-19T02:15:24.415+0000] {processor.py:914} INFO - Processing file /opt/airflow/dags/driven_data_pipeline.py for tasks to queue
[2026-06-19T02:15:24.420+0000] {logging_mixin.py:190} INFO - [2026-06-19T02:15:24.419+0000] {dagbag.py:588} INFO - Filling up the DagBag from /opt/airflow/dags/driven_data_pipeline.py
[2026-06-19T02:15:24.529+0000] {processor.py:925} INFO - DAG(s) 'extract_raw_data_pipeline' retrieved from /opt/airflow/dags/driven_data_pipeline.py
[2026-06-19T02:15:24.544+0000] {logging_mixin.py:190} INFO - [2026-06-19T02:15:24.544+0000] {dag.py:3239} INFO - Sync 1 DAGs
[2026-06-19T02:15:24.559+0000] {logging_mixin.py:190} INFO - [2026-06-19T02:15:24.559+0000] {dag.py:4180} INFO - Setting next_dagrun for extract_raw_data_pipeline to 2026-06-18 07:59:00+00:00, run_after=2026-06-19 07:00:00+00:00
[2026-06-19T02:15:24.572+0000] {processor.py:208} INFO - Processing /opt/airflow/dags/driven_data_pipeline.py took 0.162 seconds
[2026-06-19T02:15:54.754+0000] {processor.py:186} INFO - Started process (PID=5917) to work on /opt/airflow/dags/driven_data_pipeline.py
[2026-06-19T02:15:54.755+0000] {processor.py:914} INFO - Processing file /opt/airflow/dags/driven_data_pipeline.py for tasks to queue
[2026-06-19T02:15:54.757+0000] {logging_mixin.py:190} INFO - [2026-06-19T02:15:54.757+0000] {dagbag.py:588} INFO - Filling up the DagBag from /opt/airflow/dags/driven_data_pipeline.py
[2026-06-19T02:15:54.852+0000] {processor.py:925} INFO - DAG(s) 'extract_raw_data_pipeline' retrieved from /opt/airflow/dags/driven_data_pipeline.py
[2026-06-19T02:15:54.868+0000] {logging_mixin.py:190} INFO - [2026-06-19T02:15:54.867+0000] {dag.py:3239} INFO - Sync 1 DAGs
[2026-06-19T02:15:54.880+0000] {logging_mixin.py:190} INFO - [2026-06-19T02:15:54.880+0000] {dag.py:4180} INFO - Setting next_dagrun for extract_raw_data_pipeline to 2026-06-18 07:59:00+00:00, run_after=2026-06-19 07:00:00+00:00
[2026-06-19T02:15:54.899+0000] {processor.py:208} INFO - Processing /opt/airflow/dags/driven_data_pipeline.py took 0.149 seconds
[2026-06-19T02:16:25.099+0000] {processor.py:186} INFO - Started process (PID=5925) to work on /opt/airflow/dags/driven_data_pipeline.py
[2026-06-19T02:16:25.099+0000] {processor.py:914} INFO - Processing file /opt/airflow/dags/driven_data_pipeline.py for tasks to queue
[2026-06-19T02:16:25.101+0000] {logging_mixin.py:190} INFO - [2026-06-19T02:16:25.101+0000] {dagbag.py:588} INFO - Filling up the DagBag from /opt/airflow/dags/driven_data_pipeline.py
[2026-06-19T02:16:25.185+0000] {processor.py:925} INFO - DAG(s) 'extract_raw_data_pipeline' retrieved from /opt/airflow/dags/driven_data_pipeline.py
[2026-06-19T02:16:25.198+0000] {logging_mixin.py:190} INFO - [2026-06-19T02:16:25.198+0000] {dag.py:3239} INFO - Sync 1 DAGs
[2026-06-19T02:16:25.211+0000] {logging_mixin.py:190} INFO - [2026-06-19T02:16:25.210+0000] {dag.py:4180} INFO - Setting next_dagrun for extract_raw_data_pipeline to 2026-06-18 07:59:00+00:00, run_after=2026-06-19 07:00:00+00:00
[2026-06-19T02:16:25.222+0000] {processor.py:208} INFO - Processing /opt/airflow/dags/driven_data_pipeline.py took 0.127 seconds
[2026-06-19T02:16:55.534+0000] {processor.py:186} INFO - Started process (PID=5933) to work on /opt/airflow/dags/driven_data_pipeline.py
[2026-06-19T02:16:55.535+0000] {processor.py:914} INFO - Processing file /opt/airflow/dags/driven_data_pipeline.py for tasks to queue
[2026-06-19T02:16:55.536+0000] {logging_mixin.py:190} INFO - [2026-06-19T02:16:55.536+0000] {dagbag.py:588} INFO - Filling up the DagBag from /opt/airflow/dags/driven_data_pipeline.py
[2026-06-19T02:16:55.617+0000] {processor.py:925} INFO - DAG(s) 'extract_raw_data_pipeline' retrieved from /opt/airflow/dags/driven_data_pipeline.py
[2026-06-19T02:16:55.631+0000] {logging_mixin.py:190} INFO - [2026-06-19T02:16:55.631+0000] {dag.py:3239} INFO - Sync 1 DAGs
[2026-06-19T02:16:55.643+0000] {logging_mixin.py:190} INFO - [2026-06-19T02:16:55.643+0000] {dag.py:4180} INFO - Setting next_dagrun for extract_raw_data_pipeline to 2026-06-18 07:59:00+00:00, run_after=2026-06-19 07:00:00+00:00
[2026-06-19T02:16:55.661+0000] {processor.py:208} INFO - Processing /opt/airflow/dags/driven_data_pipeline.py took 0.130 seconds
[2026-06-19T02:17:25.925+0000] {processor.py:186} INFO - Started process (PID=5941) to work on /opt/airflow/dags/driven_data_pipeline.py
[2026-06-19T02:17:25.926+0000] {processor.py:914} INFO - Processing file /opt/airflow/dags/driven_data_pipeline.py for tasks to queue
[2026-06-19T02:17:25.928+0000] {logging_mixin.py:190} INFO - [2026-06-19T02:17:25.927+0000] {dagbag.py:588} INFO - Filling up the DagBag from /opt/airflow/dags/driven_data_pipeline.py
[2026-06-19T02:17:26.011+0000] {processor.py:925} INFO - DAG(s) 'extract_raw_data_pipeline' retrieved from /opt/airflow/dags/driven_data_pipeline.py
[2026-06-19T02:17:26.026+0000] {logging_mixin.py:190} INFO - [2026-06-19T02:17:26.026+0000] {dag.py:3239} INFO - Sync 1 DAGs
[2026-06-19T02:17:26.039+0000] {logging_mixin.py:190} INFO - [2026-06-19T02:17:26.039+0000] {dag.py:4180} INFO - Setting next_dagrun for extract_raw_data_pipeline to 2026-06-18 07:59:00+00:00, run_after=2026-06-19 07:00:00+00:00
[2026-06-19T02:17:26.051+0000] {processor.py:208} INFO - Processing /opt/airflow/dags/driven_data_pipeline.py took 0.130 seconds
[2026-06-19T02:17:56.279+0000] {processor.py:186} INFO - Started process (PID=5949) to work on /opt/airflow/dags/driven_data_pipeline.py
[2026-06-19T02:17:56.279+0000] {processor.py:914} INFO - Processing file /opt/airflow/dags/driven_data_pipeline.py for tasks to queue
[2026-06-19T02:17:56.281+0000] {logging_mixin.py:190} INFO - [2026-06-19T02:17:56.281+0000] {dagbag.py:588} INFO - Filling up the DagBag from /opt/airflow/dags/driven_data_pipeline.py
[2026-06-19T02:17:56.382+0000] {processor.py:925} INFO - DAG(s) 'extract_raw_data_pipeline' retrieved from /opt/airflow/dags/driven_data_pipeline.py
[2026-06-19T02:17:56.398+0000] {logging_mixin.py:190} INFO - [2026-06-19T02:17:56.398+0000] {dag.py:3239} INFO - Sync 1 DAGs
[2026-06-19T02:17:56.412+0000] {logging_mixin.py:190} INFO - [2026-06-19T02:17:56.412+0000] {dag.py:4180} INFO - Setting next_dagrun for extract_raw_data_pipeline to 2026-06-18 07:59:00+00:00, run_after=2026-06-19 07:00:00+00:00
[2026-06-19T02:17:56.426+0000] {processor.py:208} INFO - Processing /opt/airflow/dags/driven_data_pipeline.py took 0.151 seconds
[2026-06-19T02:18:26.652+0000] {processor.py:186} INFO - Started process (PID=5957) to work on /opt/airflow/dags/driven_data_pipeline.py
[2026-06-19T02:18:26.653+0000] {processor.py:914} INFO - Processing file /opt/airflow/dags/driven_data_pipeline.py for tasks to queue
[2026-06-19T02:18:26.654+0000] {logging_mixin.py:190} INFO - [2026-06-19T02:18:26.654+0000] {dagbag.py:588} INFO - Filling up the DagBag from /opt/airflow/dags/driven_data_pipeline.py
[2026-06-19T02:18:26.746+0000] {processor.py:925} INFO - DAG(s) 'extract_raw_data_pipeline' retrieved from /opt/airflow/dags/driven_data_pipeline.py
[2026-06-19T02:18:26.763+0000] {logging_mixin.py:190} INFO - [2026-06-19T02:18:26.762+0000] {dag.py:3239} INFO - Sync 1 DAGs
[2026-06-19T02:18:26.781+0000] {logging_mixin.py:190} INFO - [2026-06-19T02:18:26.780+0000] {dag.py:4180} INFO - Setting next_dagrun for extract_raw_data_pipeline to 2026-06-18 07:59:00+00:00, run_after=2026-06-19 07:00:00+00:00
[2026-06-19T02:18:26.793+0000] {processor.py:208} INFO - Processing /opt/airflow/dags/driven_data_pipeline.py took 0.145 seconds
[2026-06-19T02:18:57.074+0000] {processor.py:186} INFO - Started process (PID=5965) to work on /opt/airflow/dags/driven_data_pipeline.py
[2026-06-19T02:18:57.075+0000] {processor.py:914} INFO - Processing file /opt/airflow/dags/driven_data_pipeline.py for tasks to queue
[2026-06-19T02:18:57.077+0000] {logging_mixin.py:190} INFO - [2026-06-19T02:18:57.077+0000] {dagbag.py:588} INFO - Filling up the DagBag from /opt/airflow/dags/driven_data_pipeline.py
[2026-06-19T02:18:57.172+0000] {processor.py:925} INFO - DAG(s) 'extract_raw_data_pipeline' retrieved from /opt/airflow/dags/driven_data_pipeline.py
[2026-06-19T02:18:57.185+0000] {logging_mixin.py:190} INFO - [2026-06-19T02:18:57.185+0000] {dag.py:3239} INFO - Sync 1 DAGs
[2026-06-19T02:18:57.197+0000] {logging_mixin.py:190} INFO - [2026-06-19T02:18:57.196+0000] {dag.py:4180} INFO - Setting next_dagrun for extract_raw_data_pipeline to 2026-06-18 07:59:00+00:00, run_after=2026-06-19 07:00:00+00:00
[2026-06-19T02:18:57.210+0000] {processor.py:208} INFO - Processing /opt/airflow/dags/driven_data_pipeline.py took 0.142 seconds
[2026-06-19T02:19:27.470+0000] {processor.py:186} INFO - Started process (PID=5973) to work on /opt/airflow/dags/driven_data_pipeline.py
[2026-06-19T02:19:27.471+0000] {processor.py:914} INFO - Processing file /opt/airflow/dags/driven_data_pipeline.py for tasks to queue
[2026-06-19T02:19:27.472+0000] {logging_mixin.py:190} INFO - [2026-06-19T02:19:27.472+0000] {dagbag.py:588} INFO - Filling up the DagBag from /opt/airflow/dags/driven_data_pipeline.py
[2026-06-19T02:19:27.551+0000] {processor.py:925} INFO - DAG(s) 'extract_raw_data_pipeline' retrieved from /opt/airflow/dags/driven_data_pipeline.py
[2026-06-19T02:19:27.565+0000] {logging_mixin.py:190} INFO - [2026-06-19T02:19:27.565+0000] {dag.py:3239} INFO - Sync 1 DAGs
[2026-06-19T02:19:27.577+0000] {logging_mixin.py:190} INFO - [2026-06-19T02:19:27.577+0000] {dag.py:4180} INFO - Setting next_dagrun for extract_raw_data_pipeline to 2026-06-18 07:59:00+00:00, run_after=2026-06-19 07:00:00+00:00
[2026-06-19T02:19:27.593+0000] {processor.py:208} INFO - Processing /opt/airflow/dags/driven_data_pipeline.py took 0.126 seconds
[2026-06-19T02:19:57.803+0000] {processor.py:186} INFO - Started process (PID=5981) to work on /opt/airflow/dags/driven_data_pipeline.py
[2026-06-19T02:19:57.804+0000] {processor.py:914} INFO - Processing file /opt/airflow/dags/driven_data_pipeline.py for tasks to queue
[2026-06-19T02:19:57.805+0000] {logging_mixin.py:190} INFO - [2026-06-19T02:19:57.805+0000] {dagbag.py:588} INFO - Filling up the DagBag from /opt/airflow/dags/driven_data_pipeline.py
[2026-06-19T02:19:57.887+0000] {processor.py:925} INFO - DAG(s) 'extract_raw_data_pipeline' retrieved from /opt/airflow/dags/driven_data_pipeline.py
[2026-06-19T02:19:57.901+0000] {logging_mixin.py:190} INFO - [2026-06-19T02:19:57.901+0000] {dag.py:3239} INFO - Sync 1 DAGs
[2026-06-19T02:19:57.914+0000] {logging_mixin.py:190} INFO - [2026-06-19T02:19:57.913+0000] {dag.py:4180} INFO - Setting next_dagrun for extract_raw_data_pipeline to 2026-06-18 07:59:00+00:00, run_after=2026-06-19 07:00:00+00:00
[2026-06-19T02:19:57.927+0000] {processor.py:208} INFO - Processing /opt/airflow/dags/driven_data_pipeline.py took 0.128 seconds
[2026-06-19T02:20:28.184+0000] {processor.py:186} INFO - Started process (PID=5989) to work on /opt/airflow/dags/driven_data_pipeline.py
[2026-06-19T02:20:28.185+0000] {processor.py:914} INFO - Processing file /opt/airflow/dags/driven_data_pipeline.py for tasks to queue
[2026-06-19T02:20:28.186+0000] {logging_mixin.py:190} INFO - [2026-06-19T02:20:28.186+0000] {dagbag.py:588} INFO - Filling up the DagBag from /opt/airflow/dags/driven_data_pipeline.py
[2026-06-19T02:20:28.270+0000] {processor.py:925} INFO - DAG(s) 'extract_raw_data_pipeline' retrieved from /opt/airflow/dags/driven_data_pipeline.py
[2026-06-19T02:20:28.284+0000] {logging_mixin.py:190} INFO - [2026-06-19T02:20:28.284+0000] {dag.py:3239} INFO - Sync 1 DAGs
[2026-06-19T02:20:28.296+0000] {logging_mixin.py:190} INFO - [2026-06-19T02:20:28.296+0000] {dag.py:4180} INFO - Setting next_dagrun for extract_raw_data_pipeline to 2026-06-18 07:59:00+00:00, run_after=2026-06-19 07:00:00+00:00
[2026-06-19T02:20:28.320+0000] {processor.py:208} INFO - Processing /opt/airflow/dags/driven_data_pipeline.py took 0.139 seconds
[2026-06-19T02:20:58.513+0000] {processor.py:186} INFO - Started process (PID=5997) to work on /opt/airflow/dags/driven_data_pipeline.py
[2026-06-19T02:20:58.514+0000] {processor.py:914} INFO - Processing file /opt/airflow/dags/driven_data_pipeline.py for tasks to queue
[2026-06-19T02:20:58.515+0000] {logging_mixin.py:190} INFO - [2026-06-19T02:20:58.515+0000] {dagbag.py:588} INFO - Filling up the DagBag from /opt/airflow/dags/driven_data_pipeline.py
[2026-06-19T02:20:58.597+0000] {processor.py:925} INFO - DAG(s) 'extract_raw_data_pipeline' retrieved from /opt/airflow/dags/driven_data_pipeline.py
[2026-06-19T02:20:58.611+0000] {logging_mixin.py:190} INFO - [2026-06-19T02:20:58.610+0000] {dag.py:3239} INFO - Sync 1 DAGs
[2026-06-19T02:20:58.623+0000] {logging_mixin.py:190} INFO - [2026-06-19T02:20:58.623+0000] {dag.py:4180} INFO - Setting next_dagrun for extract_raw_data_pipeline to 2026-06-18 07:59:00+00:00, run_after=2026-06-19 07:00:00+00:00
[2026-06-19T02:20:58.635+0000] {processor.py:208} INFO - Processing /opt/airflow/dags/driven_data_pipeline.py took 0.126 seconds
[2026-06-19T02:21:29.051+0000] {processor.py:186} INFO - Started process (PID=6006) to work on /opt/airflow/dags/driven_data_pipeline.py
[2026-06-19T02:21:29.052+0000] {processor.py:914} INFO - Processing file /opt/airflow/dags/driven_data_pipeline.py for tasks to queue
[2026-06-19T02:21:29.053+0000] {logging_mixin.py:190} INFO - [2026-06-19T02:21:29.053+0000] {dagbag.py:588} INFO - Filling up the DagBag from /opt/airflow/dags/driven_data_pipeline.py
[2026-06-19T02:21:29.135+0000] {processor.py:925} INFO - DAG(s) 'extract_raw_data_pipeline' retrieved from /opt/airflow/dags/driven_data_pipeline.py
[2026-06-19T02:21:29.149+0000] {logging_mixin.py:190} INFO - [2026-06-19T02:21:29.148+0000] {dag.py:3239} INFO - Sync 1 DAGs
[2026-06-19T02:21:29.162+0000] {logging_mixin.py:190} INFO - [2026-06-19T02:21:29.161+0000] {dag.py:4180} INFO - Setting next_dagrun for extract_raw_data_pipeline to 2026-06-18 07:59:00+00:00, run_after=2026-06-19 07:00:00+00:00
[2026-06-19T02:21:29.173+0000] {processor.py:208} INFO - Processing /opt/airflow/dags/driven_data_pipeline.py took 0.126 seconds
[2026-06-19T02:21:59.411+0000] {processor.py:186} INFO - Started process (PID=6014) to work on /opt/airflow/dags/driven_data_pipeline.py
[2026-06-19T02:21:59.411+0000] {processor.py:914} INFO - Processing file /opt/airflow/dags/driven_data_pipeline.py for tasks to queue
[2026-06-19T02:21:59.413+0000] {logging_mixin.py:190} INFO - [2026-06-19T02:21:59.413+0000] {dagbag.py:588} INFO - Filling up the DagBag from /opt/airflow/dags/driven_data_pipeline.py
[2026-06-19T02:21:59.495+0000] {processor.py:925} INFO - DAG(s) 'extract_raw_data_pipeline' retrieved from /opt/airflow/dags/driven_data_pipeline.py
[2026-06-19T02:21:59.510+0000] {logging_mixin.py:190} INFO - [2026-06-19T02:21:59.510+0000] {dag.py:3239} INFO - Sync 1 DAGs
[2026-06-19T02:21:59.523+0000] {logging_mixin.py:190} INFO - [2026-06-19T02:21:59.523+0000] {dag.py:4180} INFO - Setting next_dagrun for extract_raw_data_pipeline to 2026-06-18 07:59:00+00:00, run_after=2026-06-19 07:00:00+00:00
[2026-06-19T02:21:59.536+0000] {processor.py:208} INFO - Processing /opt/airflow/dags/driven_data_pipeline.py took 0.129 seconds
[2026-06-19T02:22:29.938+0000] {processor.py:186} INFO - Started process (PID=6022) to work on /opt/airflow/dags/driven_data_pipeline.py
[2026-06-19T02:22:29.938+0000] {processor.py:914} INFO - Processing file /opt/airflow/dags/driven_data_pipeline.py for tasks to queue
[2026-06-19T02:22:29.940+0000] {logging_mixin.py:190} INFO - [2026-06-19T02:22:29.940+0000] {dagbag.py:588} INFO - Filling up the DagBag from /opt/airflow/dags/driven_data_pipeline.py
[2026-06-19T02:22:30.024+0000] {processor.py:925} INFO - DAG(s) 'extract_raw_data_pipeline' retrieved from /opt/airflow/dags/driven_data_pipeline.py
[2026-06-19T02:22:30.039+0000] {logging_mixin.py:190} INFO - [2026-06-19T02:22:30.039+0000] {dag.py:3239} INFO - Sync 1 DAGs
[2026-06-19T02:22:30.051+0000] {logging_mixin.py:190} INFO - [2026-06-19T02:22:30.051+0000] {dag.py:4180} INFO - Setting next_dagrun for extract_raw_data_pipeline to 2026-06-18 07:59:00+00:00, run_after=2026-06-19 07:00:00+00:00
[2026-06-19T02:22:30.067+0000] {processor.py:208} INFO - Processing /opt/airflow/dags/driven_data_pipeline.py took 0.133 seconds
[2026-06-19T02:23:00.332+0000] {processor.py:186} INFO - Started process (PID=6030) to work on /opt/airflow/dags/driven_data_pipeline.py
[2026-06-19T02:23:00.333+0000] {processor.py:914} INFO - Processing file /opt/airflow/dags/driven_data_pipeline.py for tasks to queue
[2026-06-19T02:23:00.334+0000] {logging_mixin.py:190} INFO - [2026-06-19T02:23:00.334+0000] {dagbag.py:588} INFO - Filling up the DagBag from /opt/airflow/dags/driven_data_pipeline.py
[2026-06-19T02:23:00.423+0000] {processor.py:925} INFO - DAG(s) 'extract_raw_data_pipeline' retrieved from /opt/airflow/dags/driven_data_pipeline.py
[2026-06-19T02:23:00.438+0000] {logging_mixin.py:190} INFO - [2026-06-19T02:23:00.437+0000] {dag.py:3239} INFO - Sync 1 DAGs
[2026-06-19T02:23:00.449+0000] {logging_mixin.py:190} INFO - [2026-06-19T02:23:00.449+0000] {dag.py:4180} INFO - Setting next_dagrun for extract_raw_data_pipeline to 2026-06-18 07:59:00+00:00, run_after=2026-06-19 07:00:00+00:00
[2026-06-19T02:23:00.464+0000] {processor.py:208} INFO - Processing /opt/airflow/dags/driven_data_pipeline.py took 0.137 seconds
[2026-06-19T02:23:30.761+0000] {processor.py:186} INFO - Started process (PID=6038) to work on /opt/airflow/dags/driven_data_pipeline.py
[2026-06-19T02:23:30.762+0000] {processor.py:914} INFO - Processing file /opt/airflow/dags/driven_data_pipeline.py for tasks to queue
[2026-06-19T02:23:30.764+0000] {logging_mixin.py:190} INFO - [2026-06-19T02:23:30.763+0000] {dagbag.py:588} INFO - Filling up the DagBag from /opt/airflow/dags/driven_data_pipeline.py
[2026-06-19T02:23:30.843+0000] {processor.py:925} INFO - DAG(s) 'extract_raw_data_pipeline' retrieved from /opt/airflow/dags/driven_data_pipeline.py
[2026-06-19T02:23:30.856+0000] {logging_mixin.py:190} INFO - [2026-06-19T02:23:30.856+0000] {dag.py:3239} INFO - Sync 1 DAGs
[2026-06-19T02:23:30.868+0000] {logging_mixin.py:190} INFO - [2026-06-19T02:23:30.868+0000] {dag.py:4180} INFO - Setting next_dagrun for extract_raw_data_pipeline to 2026-06-18 07:59:00+00:00, run_after=2026-06-19 07:00:00+00:00
[2026-06-19T02:23:30.883+0000] {processor.py:208} INFO - Processing /opt/airflow/dags/driven_data_pipeline.py took 0.125 seconds
[2026-06-19T02:24:01.103+0000] {processor.py:186} INFO - Started process (PID=6046) to work on /opt/airflow/dags/driven_data_pipeline.py
[2026-06-19T02:24:01.104+0000] {processor.py:914} INFO - Processing file /opt/airflow/dags/driven_data_pipeline.py for tasks to queue
[2026-06-19T02:24:01.106+0000] {logging_mixin.py:190} INFO - [2026-06-19T02:24:01.105+0000] {dagbag.py:588} INFO - Filling up the DagBag from /opt/airflow/dags/driven_data_pipeline.py
[2026-06-19T02:24:01.185+0000] {processor.py:925} INFO - DAG(s) 'extract_raw_data_pipeline' retrieved from /opt/airflow/dags/driven_data_pipeline.py
[2026-06-19T02:24:01.199+0000] {logging_mixin.py:190} INFO - [2026-06-19T02:24:01.199+0000] {dag.py:3239} INFO - Sync 1 DAGs
[2026-06-19T02:24:01.210+0000] {logging_mixin.py:190} INFO - [2026-06-19T02:24:01.210+0000] {dag.py:4180} INFO - Setting next_dagrun for extract_raw_data_pipeline to 2026-06-18 07:59:00+00:00, run_after=2026-06-19 07:00:00+00:00
[2026-06-19T02:24:01.226+0000] {processor.py:208} INFO - Processing /opt/airflow/dags/driven_data_pipeline.py took 0.126 seconds
[2026-06-19T02:24:31.485+0000] {processor.py:186} INFO - Started process (PID=6053) to work on /opt/airflow/dags/driven_data_pipeline.py
[2026-06-19T02:24:31.486+0000] {processor.py:914} INFO - Processing file /opt/airflow/dags/driven_data_pipeline.py for tasks to queue
[2026-06-19T02:24:31.488+0000] {logging_mixin.py:190} INFO - [2026-06-19T02:24:31.487+0000] {dagbag.py:588} INFO - Filling up the DagBag from /opt/airflow/dags/driven_data_pipeline.py
[2026-06-19T02:24:31.563+0000] {processor.py:925} INFO - DAG(s) 'extract_raw_data_pipeline' retrieved from /opt/airflow/dags/driven_data_pipeline.py
[2026-06-19T02:24:31.577+0000] {logging_mixin.py:190} INFO - [2026-06-19T02:24:31.577+0000] {dag.py:3239} INFO - Sync 1 DAGs
[2026-06-19T02:24:31.589+0000] {logging_mixin.py:190} INFO - [2026-06-19T02:24:31.589+0000] {dag.py:4180} INFO - Setting next_dagrun for extract_raw_data_pipeline to 2026-06-18 07:59:00+00:00, run_after=2026-06-19 07:00:00+00:00
[2026-06-19T02:24:31.605+0000] {processor.py:208} INFO - Processing /opt/airflow/dags/driven_data_pipeline.py took 0.123 seconds
[2026-06-19T02:25:01.890+0000] {processor.py:186} INFO - Started process (PID=6061) to work on /opt/airflow/dags/driven_data_pipeline.py
[2026-06-19T02:25:01.891+0000] {processor.py:914} INFO - Processing file /opt/airflow/dags/driven_data_pipeline.py for tasks to queue
[2026-06-19T02:25:01.893+0000] {logging_mixin.py:190} INFO - [2026-06-19T02:25:01.892+0000] {dagbag.py:588} INFO - Filling up the DagBag from /opt/airflow/dags/driven_data_pipeline.py
[2026-06-19T02:25:01.973+0000] {processor.py:925} INFO - DAG(s) 'extract_raw_data_pipeline' retrieved from /opt/airflow/dags/driven_data_pipeline.py
[2026-06-19T02:25:01.988+0000] {logging_mixin.py:190} INFO - [2026-06-19T02:25:01.987+0000] {dag.py:3239} INFO - Sync 1 DAGs
[2026-06-19T02:25:02.000+0000] {logging_mixin.py:190} INFO - [2026-06-19T02:25:01.999+0000] {dag.py:4180} INFO - Setting next_dagrun for extract_raw_data_pipeline to 2026-06-18 07:59:00+00:00, run_after=2026-06-19 07:00:00+00:00
[2026-06-19T02:25:02.013+0000] {processor.py:208} INFO - Processing /opt/airflow/dags/driven_data_pipeline.py took 0.127 seconds
[2026-06-19T02:25:32.189+0000] {processor.py:186} INFO - Started process (PID=6069) to work on /opt/airflow/dags/driven_data_pipeline.py
[2026-06-19T02:25:32.190+0000] {processor.py:914} INFO - Processing file /opt/airflow/dags/driven_data_pipeline.py for tasks to queue
[2026-06-19T02:25:32.191+0000] {logging_mixin.py:190} INFO - [2026-06-19T02:25:32.191+0000] {dagbag.py:588} INFO - Filling up the DagBag from /opt/airflow/dags/driven_data_pipeline.py
[2026-06-19T02:25:32.271+0000] {processor.py:925} INFO - DAG(s) 'extract_raw_data_pipeline' retrieved from /opt/airflow/dags/driven_data_pipeline.py
[2026-06-19T02:25:32.284+0000] {logging_mixin.py:190} INFO - [2026-06-19T02:25:32.284+0000] {dag.py:3239} INFO - Sync 1 DAGs
[2026-06-19T02:25:32.296+0000] {logging_mixin.py:190} INFO - [2026-06-19T02:25:32.296+0000] {dag.py:4180} INFO - Setting next_dagrun for extract_raw_data_pipeline to 2026-06-18 07:59:00+00:00, run_after=2026-06-19 07:00:00+00:00
[2026-06-19T02:25:32.310+0000] {processor.py:208} INFO - Processing /opt/airflow/dags/driven_data_pipeline.py took 0.124 seconds
[2026-06-19T02:26:02.638+0000] {processor.py:186} INFO - Started process (PID=6077) to work on /opt/airflow/dags/driven_data_pipeline.py
[2026-06-19T02:26:02.639+0000] {processor.py:914} INFO - Processing file /opt/airflow/dags/driven_data_pipeline.py for tasks to queue
[2026-06-19T02:26:02.641+0000] {logging_mixin.py:190} INFO - [2026-06-19T02:26:02.640+0000] {dagbag.py:588} INFO - Filling up the DagBag from /opt/airflow/dags/driven_data_pipeline.py
[2026-06-19T02:26:02.725+0000] {processor.py:925} INFO - DAG(s) 'extract_raw_data_pipeline' retrieved from /opt/airflow/dags/driven_data_pipeline.py
[2026-06-19T02:26:02.741+0000] {logging_mixin.py:190} INFO - [2026-06-19T02:26:02.741+0000] {dag.py:3239} INFO - Sync 1 DAGs
[2026-06-19T02:26:02.754+0000] {logging_mixin.py:190} INFO - [2026-06-19T02:26:02.754+0000] {dag.py:4180} INFO - Setting next_dagrun for extract_raw_data_pipeline to 2026-06-18 07:59:00+00:00, run_after=2026-06-19 07:00:00+00:00
[2026-06-19T02:26:02.766+0000] {processor.py:208} INFO - Processing /opt/airflow/dags/driven_data_pipeline.py took 0.131 seconds
[2026-06-19T02:26:33.014+0000] {processor.py:186} INFO - Started process (PID=6090) to work on /opt/airflow/dags/driven_data_pipeline.py
[2026-06-19T02:26:33.015+0000] {processor.py:914} INFO - Processing file /opt/airflow/dags/driven_data_pipeline.py for tasks to queue
[2026-06-19T02:26:33.016+0000] {logging_mixin.py:190} INFO - [2026-06-19T02:26:33.016+0000] {dagbag.py:588} INFO - Filling up the DagBag from /opt/airflow/dags/driven_data_pipeline.py
[2026-06-19T02:26:33.106+0000] {processor.py:925} INFO - DAG(s) 'extract_raw_data_pipeline' retrieved from /opt/airflow/dags/driven_data_pipeline.py
[2026-06-19T02:26:33.120+0000] {logging_mixin.py:190} INFO - [2026-06-19T02:26:33.120+0000] {dag.py:3239} INFO - Sync 1 DAGs
[2026-06-19T02:26:33.133+0000] {logging_mixin.py:190} INFO - [2026-06-19T02:26:33.133+0000] {dag.py:4180} INFO - Setting next_dagrun for extract_raw_data_pipeline to 2026-06-18 07:59:00+00:00, run_after=2026-06-19 07:00:00+00:00
[2026-06-19T02:26:33.145+0000] {processor.py:208} INFO - Processing /opt/airflow/dags/driven_data_pipeline.py took 0.135 seconds
[2026-06-19T02:27:03.397+0000] {processor.py:186} INFO - Started process (PID=6097) to work on /opt/airflow/dags/driven_data_pipeline.py
[2026-06-19T02:27:03.398+0000] {processor.py:914} INFO - Processing file /opt/airflow/dags/driven_data_pipeline.py for tasks to queue
[2026-06-19T02:27:03.400+0000] {logging_mixin.py:190} INFO - [2026-06-19T02:27:03.400+0000] {dagbag.py:588} INFO - Filling up the DagBag from /opt/airflow/dags/driven_data_pipeline.py
[2026-06-19T02:27:03.497+0000] {processor.py:925} INFO - DAG(s) 'extract_raw_data_pipeline' retrieved from /opt/airflow/dags/driven_data_pipeline.py
[2026-06-19T02:27:03.510+0000] {logging_mixin.py:190} INFO - [2026-06-19T02:27:03.510+0000] {dag.py:3239} INFO - Sync 1 DAGs
[2026-06-19T02:27:03.522+0000] {logging_mixin.py:190} INFO - [2026-06-19T02:27:03.522+0000] {dag.py:4180} INFO - Setting next_dagrun for extract_raw_data_pipeline to 2026-06-18 07:59:00+00:00, run_after=2026-06-19 07:00:00+00:00
[2026-06-19T02:27:03.543+0000] {processor.py:208} INFO - Processing /opt/airflow/dags/driven_data_pipeline.py took 0.152 seconds
[2026-06-19T02:27:33.796+0000] {processor.py:186} INFO - Started process (PID=6105) to work on /opt/airflow/dags/driven_data_pipeline.py
[2026-06-19T02:27:33.797+0000] {processor.py:914} INFO - Processing file /opt/airflow/dags/driven_data_pipeline.py for tasks to queue
[2026-06-19T02:27:33.798+0000] {logging_mixin.py:190} INFO - [2026-06-19T02:27:33.798+0000] {dagbag.py:588} INFO - Filling up the DagBag from /opt/airflow/dags/driven_data_pipeline.py
[2026-06-19T02:27:33.882+0000] {processor.py:925} INFO - DAG(s) 'extract_raw_data_pipeline' retrieved from /opt/airflow/dags/driven_data_pipeline.py
[2026-06-19T02:27:33.896+0000] {logging_mixin.py:190} INFO - [2026-06-19T02:27:33.896+0000] {dag.py:3239} INFO - Sync 1 DAGs
[2026-06-19T02:27:33.909+0000] {logging_mixin.py:190} INFO - [2026-06-19T02:27:33.909+0000] {dag.py:4180} INFO - Setting next_dagrun for extract_raw_data_pipeline to 2026-06-18 07:59:00+00:00, run_after=2026-06-19 07:00:00+00:00
[2026-06-19T02:27:33.922+0000] {processor.py:208} INFO - Processing /opt/airflow/dags/driven_data_pipeline.py took 0.129 seconds
[2026-06-19T02:28:04.102+0000] {processor.py:186} INFO - Started process (PID=6113) to work on /opt/airflow/dags/driven_data_pipeline.py
[2026-06-19T02:28:04.103+0000] {processor.py:914} INFO - Processing file /opt/airflow/dags/driven_data_pipeline.py for tasks to queue
[2026-06-19T02:28:04.104+0000] {logging_mixin.py:190} INFO - [2026-06-19T02:28:04.104+0000] {dagbag.py:588} INFO - Filling up the DagBag from /opt/airflow/dags/driven_data_pipeline.py
[2026-06-19T02:28:04.212+0000] {processor.py:925} INFO - DAG(s) 'extract_raw_data_pipeline' retrieved from /opt/airflow/dags/driven_data_pipeline.py
[2026-06-19T02:28:04.228+0000] {logging_mixin.py:190} INFO - [2026-06-19T02:28:04.228+0000] {dag.py:3239} INFO - Sync 1 DAGs
[2026-06-19T02:28:04.240+0000] {logging_mixin.py:190} INFO - [2026-06-19T02:28:04.240+0000] {dag.py:4180} INFO - Setting next_dagrun for extract_raw_data_pipeline to 2026-06-18 07:59:00+00:00, run_after=2026-06-19 07:00:00+00:00
[2026-06-19T02:28:04.253+0000] {processor.py:208} INFO - Processing /opt/airflow/dags/driven_data_pipeline.py took 0.154 seconds
[2026-06-19T02:28:34.625+0000] {processor.py:186} INFO - Started process (PID=6121) to work on /opt/airflow/dags/driven_data_pipeline.py
[2026-06-19T02:28:34.626+0000] {processor.py:914} INFO - Processing file /opt/airflow/dags/driven_data_pipeline.py for tasks to queue
[2026-06-19T02:28:34.627+0000] {logging_mixin.py:190} INFO - [2026-06-19T02:28:34.627+0000] {dagbag.py:588} INFO - Filling up the DagBag from /opt/airflow/dags/driven_data_pipeline.py
[2026-06-19T02:28:34.709+0000] {processor.py:925} INFO - DAG(s) 'extract_raw_data_pipeline' retrieved from /opt/airflow/dags/driven_data_pipeline.py
[2026-06-19T02:28:34.724+0000] {logging_mixin.py:190} INFO - [2026-06-19T02:28:34.724+0000] {dag.py:3239} INFO - Sync 1 DAGs
[2026-06-19T02:28:34.736+0000] {logging_mixin.py:190} INFO - [2026-06-19T02:28:34.736+0000] {dag.py:4180} INFO - Setting next_dagrun for extract_raw_data_pipeline to 2026-06-18 07:59:00+00:00, run_after=2026-06-19 07:00:00+00:00
[2026-06-19T02:28:34.750+0000] {processor.py:208} INFO - Processing /opt/airflow/dags/driven_data_pipeline.py took 0.128 seconds
[2026-06-19T02:29:04.911+0000] {processor.py:186} INFO - Started process (PID=6129) to work on /opt/airflow/dags/driven_data_pipeline.py
[2026-06-19T02:29:04.912+0000] {processor.py:914} INFO - Processing file /opt/airflow/dags/driven_data_pipeline.py for tasks to queue
[2026-06-19T02:29:04.913+0000] {logging_mixin.py:190} INFO - [2026-06-19T02:29:04.913+0000] {dagbag.py:588} INFO - Filling up the DagBag from /opt/airflow/dags/driven_data_pipeline.py
[2026-06-19T02:29:04.994+0000] {processor.py:925} INFO - DAG(s) 'extract_raw_data_pipeline' retrieved from /opt/airflow/dags/driven_data_pipeline.py
[2026-06-19T02:29:05.013+0000] {logging_mixin.py:190} INFO - [2026-06-19T02:29:05.012+0000] {dag.py:3239} INFO - Sync 1 DAGs
[2026-06-19T02:29:05.027+0000] {logging_mixin.py:190} INFO - [2026-06-19T02:29:05.026+0000] {dag.py:4180} INFO - Setting next_dagrun for extract_raw_data_pipeline to 2026-06-18 07:59:00+00:00, run_after=2026-06-19 07:00:00+00:00
[2026-06-19T02:29:05.041+0000] {processor.py:208} INFO - Processing /opt/airflow/dags/driven_data_pipeline.py took 0.133 seconds
[2026-06-19T02:29:35.305+0000] {processor.py:186} INFO - Started process (PID=6137) to work on /opt/airflow/dags/driven_data_pipeline.py
[2026-06-19T02:29:35.306+0000] {processor.py:914} INFO - Processing file /opt/airflow/dags/driven_data_pipeline.py for tasks to queue
[2026-06-19T02:29:35.308+0000] {logging_mixin.py:190} INFO - [2026-06-19T02:29:35.308+0000] {dagbag.py:588} INFO - Filling up the DagBag from /opt/airflow/dags/driven_data_pipeline.py
[2026-06-19T02:29:35.415+0000] {processor.py:925} INFO - DAG(s) 'extract_raw_data_pipeline' retrieved from /opt/airflow/dags/driven_data_pipeline.py
[2026-06-19T02:29:35.430+0000] {logging_mixin.py:190} INFO - [2026-06-19T02:29:35.430+0000] {dag.py:3239} INFO - Sync 1 DAGs
[2026-06-19T02:29:35.443+0000] {logging_mixin.py:190} INFO - [2026-06-19T02:29:35.443+0000] {dag.py:4180} INFO - Setting next_dagrun for extract_raw_data_pipeline to 2026-06-18 07:59:00+00:00, run_after=2026-06-19 07:00:00+00:00
[2026-06-19T02:29:35.460+0000] {processor.py:208} INFO - Processing /opt/airflow/dags/driven_data_pipeline.py took 0.159 seconds
[2026-06-19T02:30:05.660+0000] {processor.py:186} INFO - Started process (PID=6145) to work on /opt/airflow/dags/driven_data_pipeline.py
[2026-06-19T02:30:05.661+0000] {processor.py:914} INFO - Processing file /opt/airflow/dags/driven_data_pipeline.py for tasks to queue
[2026-06-19T02:30:05.663+0000] {logging_mixin.py:190} INFO - [2026-06-19T02:30:05.663+0000] {dagbag.py:588} INFO - Filling up the DagBag from /opt/airflow/dags/driven_data_pipeline.py
[2026-06-19T02:30:05.758+0000] {processor.py:925} INFO - DAG(s) 'extract_raw_data_pipeline' retrieved from /opt/airflow/dags/driven_data_pipeline.py
[2026-06-19T02:30:05.774+0000] {logging_mixin.py:190} INFO - [2026-06-19T02:30:05.773+0000] {dag.py:3239} INFO - Sync 1 DAGs
[2026-06-19T02:30:05.785+0000] {logging_mixin.py:190} INFO - [2026-06-19T02:30:05.785+0000] {dag.py:4180} INFO - Setting next_dagrun for extract_raw_data_pipeline to 2026-06-18 07:59:00+00:00, run_after=2026-06-19 07:00:00+00:00
[2026-06-19T02:30:05.798+0000] {processor.py:208} INFO - Processing /opt/airflow/dags/driven_data_pipeline.py took 0.142 seconds
[2026-06-19T02:30:36.081+0000] {processor.py:186} INFO - Started process (PID=6153) to work on /opt/airflow/dags/driven_data_pipeline.py
[2026-06-19T02:30:36.081+0000] {processor.py:914} INFO - Processing file /opt/airflow/dags/driven_data_pipeline.py for tasks to queue
[2026-06-19T02:30:36.083+0000] {logging_mixin.py:190} INFO - [2026-06-19T02:30:36.083+0000] {dagbag.py:588} INFO - Filling up the DagBag from /opt/airflow/dags/driven_data_pipeline.py
[2026-06-19T02:30:36.164+0000] {processor.py:925} INFO - DAG(s) 'extract_raw_data_pipeline' retrieved from /opt/airflow/dags/driven_data_pipeline.py
[2026-06-19T02:30:36.179+0000] {logging_mixin.py:190} INFO - [2026-06-19T02:30:36.179+0000] {dag.py:3239} INFO - Sync 1 DAGs
[2026-06-19T02:30:36.191+0000] {logging_mixin.py:190} INFO - [2026-06-19T02:30:36.191+0000] {dag.py:4180} INFO - Setting next_dagrun for extract_raw_data_pipeline to 2026-06-18 07:59:00+00:00, run_after=2026-06-19 07:00:00+00:00
[2026-06-19T02:30:36.206+0000] {processor.py:208} INFO - Processing /opt/airflow/dags/driven_data_pipeline.py took 0.129 seconds
[2026-06-19T02:31:06.411+0000] {processor.py:186} INFO - Started process (PID=6161) to work on /opt/airflow/dags/driven_data_pipeline.py
[2026-06-19T02:31:06.412+0000] {processor.py:914} INFO - Processing file /opt/airflow/dags/driven_data_pipeline.py for tasks to queue
[2026-06-19T02:31:06.414+0000] {logging_mixin.py:190} INFO - [2026-06-19T02:31:06.413+0000] {dagbag.py:588} INFO - Filling up the DagBag from /opt/airflow/dags/driven_data_pipeline.py
[2026-06-19T02:31:06.495+0000] {processor.py:925} INFO - DAG(s) 'extract_raw_data_pipeline' retrieved from /opt/airflow/dags/driven_data_pipeline.py
[2026-06-19T02:31:06.509+0000] {logging_mixin.py:190} INFO - [2026-06-19T02:31:06.509+0000] {dag.py:3239} INFO - Sync 1 DAGs
[2026-06-19T02:31:06.521+0000] {logging_mixin.py:190} INFO - [2026-06-19T02:31:06.521+0000] {dag.py:4180} INFO - Setting next_dagrun for extract_raw_data_pipeline to 2026-06-18 07:59:00+00:00, run_after=2026-06-19 07:00:00+00:00
[2026-06-19T02:31:06.535+0000] {processor.py:208} INFO - Processing /opt/airflow/dags/driven_data_pipeline.py took 0.127 seconds
[2026-06-19T02:31:36.822+0000] {processor.py:186} INFO - Started process (PID=6169) to work on /opt/airflow/dags/driven_data_pipeline.py
[2026-06-19T02:31:36.822+0000] {processor.py:914} INFO - Processing file /opt/airflow/dags/driven_data_pipeline.py for tasks to queue
[2026-06-19T02:31:36.824+0000] {logging_mixin.py:190} INFO - [2026-06-19T02:31:36.824+0000] {dagbag.py:588} INFO - Filling up the DagBag from /opt/airflow/dags/driven_data_pipeline.py
[2026-06-19T02:31:36.907+0000] {processor.py:925} INFO - DAG(s) 'extract_raw_data_pipeline' retrieved from /opt/airflow/dags/driven_data_pipeline.py
[2026-06-19T02:31:36.920+0000] {logging_mixin.py:190} INFO - [2026-06-19T02:31:36.920+0000] {dag.py:3239} INFO - Sync 1 DAGs
[2026-06-19T02:31:36.933+0000] {logging_mixin.py:190} INFO - [2026-06-19T02:31:36.933+0000] {dag.py:4180} INFO - Setting next_dagrun for extract_raw_data_pipeline to 2026-06-18 07:59:00+00:00, run_after=2026-06-19 07:00:00+00:00
[2026-06-19T02:31:36.946+0000] {processor.py:208} INFO - Processing /opt/airflow/dags/driven_data_pipeline.py took 0.128 seconds
[2026-06-19T02:32:07.218+0000] {processor.py:186} INFO - Started process (PID=6177) to work on /opt/airflow/dags/driven_data_pipeline.py
[2026-06-19T02:32:07.219+0000] {processor.py:914} INFO - Processing file /opt/airflow/dags/driven_data_pipeline.py for tasks to queue
[2026-06-19T02:32:07.221+0000] {logging_mixin.py:190} INFO - [2026-06-19T02:32:07.221+0000] {dagbag.py:588} INFO - Filling up the DagBag from /opt/airflow/dags/driven_data_pipeline.py
[2026-06-19T02:32:07.320+0000] {processor.py:925} INFO - DAG(s) 'extract_raw_data_pipeline' retrieved from /opt/airflow/dags/driven_data_pipeline.py
[2026-06-19T02:32:07.334+0000] {logging_mixin.py:190} INFO - [2026-06-19T02:32:07.334+0000] {dag.py:3239} INFO - Sync 1 DAGs
[2026-06-19T02:32:07.346+0000] {logging_mixin.py:190} INFO - [2026-06-19T02:32:07.346+0000] {dag.py:4180} INFO - Setting next_dagrun for extract_raw_data_pipeline to 2026-06-18 07:59:00+00:00, run_after=2026-06-19 07:00:00+00:00
[2026-06-19T02:32:07.358+0000] {processor.py:208} INFO - Processing /opt/airflow/dags/driven_data_pipeline.py took 0.146 seconds
[2026-06-19T02:32:37.536+0000] {processor.py:186} INFO - Started process (PID=6185) to work on /opt/airflow/dags/driven_data_pipeline.py
[2026-06-19T02:32:37.537+0000] {processor.py:914} INFO - Processing file /opt/airflow/dags/driven_data_pipeline.py for tasks to queue
[2026-06-19T02:32:37.538+0000] {logging_mixin.py:190} INFO - [2026-06-19T02:32:37.538+0000] {dagbag.py:588} INFO - Filling up the DagBag from /opt/airflow/dags/driven_data_pipeline.py
[2026-06-19T02:32:37.622+0000] {processor.py:925} INFO - DAG(s) 'extract_raw_data_pipeline' retrieved from /opt/airflow/dags/driven_data_pipeline.py
[2026-06-19T02:32:37.636+0000] {logging_mixin.py:190} INFO - [2026-06-19T02:32:37.636+0000] {dag.py:3239} INFO - Sync 1 DAGs
[2026-06-19T02:32:37.648+0000] {logging_mixin.py:190} INFO - [2026-06-19T02:32:37.648+0000] {dag.py:4180} INFO - Setting next_dagrun for extract_raw_data_pipeline to 2026-06-18 07:59:00+00:00, run_after=2026-06-19 07:00:00+00:00
[2026-06-19T02:32:37.664+0000] {processor.py:208} INFO - Processing /opt/airflow/dags/driven_data_pipeline.py took 0.132 seconds
[2026-06-19T02:33:07.933+0000] {processor.py:186} INFO - Started process (PID=6193) to work on /opt/airflow/dags/driven_data_pipeline.py
[2026-06-19T02:33:07.934+0000] {processor.py:914} INFO - Processing file /opt/airflow/dags/driven_data_pipeline.py for tasks to queue
[2026-06-19T02:33:07.935+0000] {logging_mixin.py:190} INFO - [2026-06-19T02:33:07.935+0000] {dagbag.py:588} INFO - Filling up the DagBag from /opt/airflow/dags/driven_data_pipeline.py
[2026-06-19T02:33:08.017+0000] {processor.py:925} INFO - DAG(s) 'extract_raw_data_pipeline' retrieved from /opt/airflow/dags/driven_data_pipeline.py
[2026-06-19T02:33:08.031+0000] {logging_mixin.py:190} INFO - [2026-06-19T02:33:08.031+0000] {dag.py:3239} INFO - Sync 1 DAGs
[2026-06-19T02:33:08.043+0000] {logging_mixin.py:190} INFO - [2026-06-19T02:33:08.043+0000] {dag.py:4180} INFO - Setting next_dagrun for extract_raw_data_pipeline to 2026-06-18 07:59:00+00:00, run_after=2026-06-19 07:00:00+00:00
[2026-06-19T02:33:08.060+0000] {processor.py:208} INFO - Processing /opt/airflow/dags/driven_data_pipeline.py took 0.130 seconds
[2026-06-19T02:33:38.226+0000] {processor.py:186} INFO - Started process (PID=6201) to work on /opt/airflow/dags/driven_data_pipeline.py
[2026-06-19T02:33:38.228+0000] {processor.py:914} INFO - Processing file /opt/airflow/dags/driven_data_pipeline.py for tasks to queue
[2026-06-19T02:33:38.229+0000] {logging_mixin.py:190} INFO - [2026-06-19T02:33:38.229+0000] {dagbag.py:588} INFO - Filling up the DagBag from /opt/airflow/dags/driven_data_pipeline.py
[2026-06-19T02:33:38.324+0000] {processor.py:925} INFO - DAG(s) 'extract_raw_data_pipeline' retrieved from /opt/airflow/dags/driven_data_pipeline.py
[2026-06-19T02:33:38.340+0000] {logging_mixin.py:190} INFO - [2026-06-19T02:33:38.340+0000] {dag.py:3239} INFO - Sync 1 DAGs
[2026-06-19T02:33:38.354+0000] {logging_mixin.py:190} INFO - [2026-06-19T02:33:38.354+0000] {dag.py:4180} INFO - Setting next_dagrun for extract_raw_data_pipeline to 2026-06-18 07:59:00+00:00, run_after=2026-06-19 07:00:00+00:00
[2026-06-19T02:33:38.368+0000] {processor.py:208} INFO - Processing /opt/airflow/dags/driven_data_pipeline.py took 0.145 seconds
[2026-06-19T02:34:08.573+0000] {processor.py:186} INFO - Started process (PID=6209) to work on /opt/airflow/dags/driven_data_pipeline.py
[2026-06-19T02:34:08.574+0000] {processor.py:914} INFO - Processing file /opt/airflow/dags/driven_data_pipeline.py for tasks to queue
[2026-06-19T02:34:08.575+0000] {logging_mixin.py:190} INFO - [2026-06-19T02:34:08.575+0000] {dagbag.py:588} INFO - Filling up the DagBag from /opt/airflow/dags/driven_data_pipeline.py
[2026-06-19T02:34:08.659+0000] {processor.py:925} INFO - DAG(s) 'extract_raw_data_pipeline' retrieved from /opt/airflow/dags/driven_data_pipeline.py
[2026-06-19T02:34:08.673+0000] {logging_mixin.py:190} INFO - [2026-06-19T02:34:08.673+0000] {dag.py:3239} INFO - Sync 1 DAGs
[2026-06-19T02:34:08.686+0000] {logging_mixin.py:190} INFO - [2026-06-19T02:34:08.686+0000] {dag.py:4180} INFO - Setting next_dagrun for extract_raw_data_pipeline to 2026-06-18 07:59:00+00:00, run_after=2026-06-19 07:00:00+00:00
[2026-06-19T02:34:08.698+0000] {processor.py:208} INFO - Processing /opt/airflow/dags/driven_data_pipeline.py took 0.129 seconds
[2026-06-19T02:34:39.034+0000] {processor.py:186} INFO - Started process (PID=6217) to work on /opt/airflow/dags/driven_data_pipeline.py
[2026-06-19T02:34:39.035+0000] {processor.py:914} INFO - Processing file /opt/airflow/dags/driven_data_pipeline.py for tasks to queue
[2026-06-19T02:34:39.036+0000] {logging_mixin.py:190} INFO - [2026-06-19T02:34:39.036+0000] {dagbag.py:588} INFO - Filling up the DagBag from /opt/airflow/dags/driven_data_pipeline.py
[2026-06-19T02:34:39.118+0000] {processor.py:925} INFO - DAG(s) 'extract_raw_data_pipeline' retrieved from /opt/airflow/dags/driven_data_pipeline.py
[2026-06-19T02:34:39.133+0000] {logging_mixin.py:190} INFO - [2026-06-19T02:34:39.133+0000] {dag.py:3239} INFO - Sync 1 DAGs
[2026-06-19T02:34:39.145+0000] {logging_mixin.py:190} INFO - [2026-06-19T02:34:39.145+0000] {dag.py:4180} INFO - Setting next_dagrun for extract_raw_data_pipeline to 2026-06-18 07:59:00+00:00, run_after=2026-06-19 07:00:00+00:00
[2026-06-19T02:34:39.157+0000] {processor.py:208} INFO - Processing /opt/airflow/dags/driven_data_pipeline.py took 0.126 seconds
[2026-06-19T02:35:09.383+0000] {processor.py:186} INFO - Started process (PID=6225) to work on /opt/airflow/dags/driven_data_pipeline.py
[2026-06-19T02:35:09.384+0000] {processor.py:914} INFO - Processing file /opt/airflow/dags/driven_data_pipeline.py for tasks to queue
[2026-06-19T02:35:09.385+0000] {logging_mixin.py:190} INFO - [2026-06-19T02:35:09.385+0000] {dagbag.py:588} INFO - Filling up the DagBag from /opt/airflow/dags/driven_data_pipeline.py
[2026-06-19T02:35:09.469+0000] {processor.py:925} INFO - DAG(s) 'extract_raw_data_pipeline' retrieved from /opt/airflow/dags/driven_data_pipeline.py
[2026-06-19T02:35:09.482+0000] {logging_mixin.py:190} INFO - [2026-06-19T02:35:09.482+0000] {dag.py:3239} INFO - Sync 1 DAGs
[2026-06-19T02:35:09.494+0000] {logging_mixin.py:190} INFO - [2026-06-19T02:35:09.494+0000] {dag.py:4180} INFO - Setting next_dagrun for extract_raw_data_pipeline to 2026-06-18 07:59:00+00:00, run_after=2026-06-19 07:00:00+00:00
[2026-06-19T02:35:09.507+0000] {processor.py:208} INFO - Processing /opt/airflow/dags/driven_data_pipeline.py took 0.128 seconds
[2026-06-19T02:35:39.827+0000] {processor.py:186} INFO - Started process (PID=6233) to work on /opt/airflow/dags/driven_data_pipeline.py
[2026-06-19T02:35:39.828+0000] {processor.py:914} INFO - Processing file /opt/airflow/dags/driven_data_pipeline.py for tasks to queue
[2026-06-19T02:35:39.829+0000] {logging_mixin.py:190} INFO - [2026-06-19T02:35:39.829+0000] {dagbag.py:588} INFO - Filling up the DagBag from /opt/airflow/dags/driven_data_pipeline.py
[2026-06-19T02:35:39.909+0000] {processor.py:925} INFO - DAG(s) 'extract_raw_data_pipeline' retrieved from /opt/airflow/dags/driven_data_pipeline.py
[2026-06-19T02:35:39.924+0000] {logging_mixin.py:190} INFO - [2026-06-19T02:35:39.924+0000] {dag.py:3239} INFO - Sync 1 DAGs
[2026-06-19T02:35:39.937+0000] {logging_mixin.py:190} INFO - [2026-06-19T02:35:39.937+0000] {dag.py:4180} INFO - Setting next_dagrun for extract_raw_data_pipeline to 2026-06-18 07:59:00+00:00, run_after=2026-06-19 07:00:00+00:00
[2026-06-19T02:35:39.953+0000] {processor.py:208} INFO - Processing /opt/airflow/dags/driven_data_pipeline.py took 0.129 seconds
[2026-06-19T02:36:10.169+0000] {processor.py:186} INFO - Started process (PID=6241) to work on /opt/airflow/dags/driven_data_pipeline.py
[2026-06-19T02:36:10.169+0000] {processor.py:914} INFO - Processing file /opt/airflow/dags/driven_data_pipeline.py for tasks to queue
[2026-06-19T02:36:10.171+0000] {logging_mixin.py:190} INFO - [2026-06-19T02:36:10.171+0000] {dagbag.py:588} INFO - Filling up the DagBag from /opt/airflow/dags/driven_data_pipeline.py
[2026-06-19T02:36:10.253+0000] {processor.py:925} INFO - DAG(s) 'extract_raw_data_pipeline' retrieved from /opt/airflow/dags/driven_data_pipeline.py
[2026-06-19T02:36:10.269+0000] {logging_mixin.py:190} INFO - [2026-06-19T02:36:10.269+0000] {dag.py:3239} INFO - Sync 1 DAGs
[2026-06-19T02:36:10.284+0000] {logging_mixin.py:190} INFO - [2026-06-19T02:36:10.284+0000] {dag.py:4180} INFO - Setting next_dagrun for extract_raw_data_pipeline to 2026-06-18 07:59:00+00:00, run_after=2026-06-19 07:00:00+00:00
[2026-06-19T02:36:10.298+0000] {processor.py:208} INFO - Processing /opt/airflow/dags/driven_data_pipeline.py took 0.134 seconds
[2026-06-19T02:36:40.634+0000] {processor.py:186} INFO - Started process (PID=6249) to work on /opt/airflow/dags/driven_data_pipeline.py
[2026-06-19T02:36:40.635+0000] {processor.py:914} INFO - Processing file /opt/airflow/dags/driven_data_pipeline.py for tasks to queue
[2026-06-19T02:36:40.636+0000] {logging_mixin.py:190} INFO - [2026-06-19T02:36:40.636+0000] {dagbag.py:588} INFO - Filling up the DagBag from /opt/airflow/dags/driven_data_pipeline.py
[2026-06-19T02:36:40.719+0000] {processor.py:925} INFO - DAG(s) 'extract_raw_data_pipeline' retrieved from /opt/airflow/dags/driven_data_pipeline.py
[2026-06-19T02:36:40.732+0000] {logging_mixin.py:190} INFO - [2026-06-19T02:36:40.732+0000] {dag.py:3239} INFO - Sync 1 DAGs
[2026-06-19T02:36:40.743+0000] {logging_mixin.py:190} INFO - [2026-06-19T02:36:40.743+0000] {dag.py:4180} INFO - Setting next_dagrun for extract_raw_data_pipeline to 2026-06-18 07:59:00+00:00, run_after=2026-06-19 07:00:00+00:00
[2026-06-19T02:36:40.755+0000] {processor.py:208} INFO - Processing /opt/airflow/dags/driven_data_pipeline.py took 0.124 seconds
[2026-06-19T02:37:10.998+0000] {processor.py:186} INFO - Started process (PID=6257) to work on /opt/airflow/dags/driven_data_pipeline.py
[2026-06-19T02:37:10.998+0000] {processor.py:914} INFO - Processing file /opt/airflow/dags/driven_data_pipeline.py for tasks to queue
[2026-06-19T02:37:11.000+0000] {logging_mixin.py:190} INFO - [2026-06-19T02:37:11.000+0000] {dagbag.py:588} INFO - Filling up the DagBag from /opt/airflow/dags/driven_data_pipeline.py
[2026-06-19T02:37:11.096+0000] {processor.py:925} INFO - DAG(s) 'extract_raw_data_pipeline' retrieved from /opt/airflow/dags/driven_data_pipeline.py
[2026-06-19T02:37:11.112+0000] {logging_mixin.py:190} INFO - [2026-06-19T02:37:11.112+0000] {dag.py:3239} INFO - Sync 1 DAGs
[2026-06-19T02:37:11.124+0000] {logging_mixin.py:190} INFO - [2026-06-19T02:37:11.124+0000] {dag.py:4180} INFO - Setting next_dagrun for extract_raw_data_pipeline to 2026-06-18 07:59:00+00:00, run_after=2026-06-19 07:00:00+00:00
[2026-06-19T02:37:11.138+0000] {processor.py:208} INFO - Processing /opt/airflow/dags/driven_data_pipeline.py took 0.144 seconds
[2026-06-19T02:37:41.408+0000] {processor.py:186} INFO - Started process (PID=6265) to work on /opt/airflow/dags/driven_data_pipeline.py
[2026-06-19T02:37:41.408+0000] {processor.py:914} INFO - Processing file /opt/airflow/dags/driven_data_pipeline.py for tasks to queue
[2026-06-19T02:37:41.410+0000] {logging_mixin.py:190} INFO - [2026-06-19T02:37:41.410+0000] {dagbag.py:588} INFO - Filling up the DagBag from /opt/airflow/dags/driven_data_pipeline.py
[2026-06-19T02:37:41.491+0000] {processor.py:925} INFO - DAG(s) 'extract_raw_data_pipeline' retrieved from /opt/airflow/dags/driven_data_pipeline.py
[2026-06-19T02:37:41.505+0000] {logging_mixin.py:190} INFO - [2026-06-19T02:37:41.505+0000] {dag.py:3239} INFO - Sync 1 DAGs
[2026-06-19T02:37:41.518+0000] {logging_mixin.py:190} INFO - [2026-06-19T02:37:41.518+0000] {dag.py:4180} INFO - Setting next_dagrun for extract_raw_data_pipeline to 2026-06-18 07:59:00+00:00, run_after=2026-06-19 07:00:00+00:00
[2026-06-19T02:37:41.532+0000] {processor.py:208} INFO - Processing /opt/airflow/dags/driven_data_pipeline.py took 0.128 seconds
[2026-06-19T02:38:11.794+0000] {processor.py:186} INFO - Started process (PID=6273) to work on /opt/airflow/dags/driven_data_pipeline.py
[2026-06-19T02:38:11.794+0000] {processor.py:914} INFO - Processing file /opt/airflow/dags/driven_data_pipeline.py for tasks to queue
[2026-06-19T02:38:11.796+0000] {logging_mixin.py:190} INFO - [2026-06-19T02:38:11.796+0000] {dagbag.py:588} INFO - Filling up the DagBag from /opt/airflow/dags/driven_data_pipeline.py
[2026-06-19T02:38:11.879+0000] {processor.py:925} INFO - DAG(s) 'extract_raw_data_pipeline' retrieved from /opt/airflow/dags/driven_data_pipeline.py
[2026-06-19T02:38:11.893+0000] {logging_mixin.py:190} INFO - [2026-06-19T02:38:11.892+0000] {dag.py:3239} INFO - Sync 1 DAGs
[2026-06-19T02:38:11.904+0000] {logging_mixin.py:190} INFO - [2026-06-19T02:38:11.904+0000] {dag.py:4180} INFO - Setting next_dagrun for extract_raw_data_pipeline to 2026-06-18 07:59:00+00:00, run_after=2026-06-19 07:00:00+00:00
[2026-06-19T02:38:11.916+0000] {processor.py:208} INFO - Processing /opt/airflow/dags/driven_data_pipeline.py took 0.127 seconds
[2026-06-19T02:38:42.129+0000] {processor.py:186} INFO - Started process (PID=6281) to work on /opt/airflow/dags/driven_data_pipeline.py
[2026-06-19T02:38:42.130+0000] {processor.py:914} INFO - Processing file /opt/airflow/dags/driven_data_pipeline.py for tasks to queue
[2026-06-19T02:38:42.131+0000] {logging_mixin.py:190} INFO - [2026-06-19T02:38:42.131+0000] {dagbag.py:588} INFO - Filling up the DagBag from /opt/airflow/dags/driven_data_pipeline.py
[2026-06-19T02:38:42.213+0000] {processor.py:925} INFO - DAG(s) 'extract_raw_data_pipeline' retrieved from /opt/airflow/dags/driven_data_pipeline.py
[2026-06-19T02:38:42.227+0000] {logging_mixin.py:190} INFO - [2026-06-19T02:38:42.227+0000] {dag.py:3239} INFO - Sync 1 DAGs
[2026-06-19T02:38:42.239+0000] {logging_mixin.py:190} INFO - [2026-06-19T02:38:42.239+0000] {dag.py:4180} INFO - Setting next_dagrun for extract_raw_data_pipeline to 2026-06-18 07:59:00+00:00, run_after=2026-06-19 07:00:00+00:00
[2026-06-19T02:38:42.254+0000] {processor.py:208} INFO - Processing /opt/airflow/dags/driven_data_pipeline.py took 0.129 seconds
[2026-06-19T02:39:12.460+0000] {processor.py:186} INFO - Started process (PID=6289) to work on /opt/airflow/dags/driven_data_pipeline.py
[2026-06-19T02:39:12.460+0000] {processor.py:914} INFO - Processing file /opt/airflow/dags/driven_data_pipeline.py for tasks to queue
[2026-06-19T02:39:12.462+0000] {logging_mixin.py:190} INFO - [2026-06-19T02:39:12.461+0000] {dagbag.py:588} INFO - Filling up the DagBag from /opt/airflow/dags/driven_data_pipeline.py
[2026-06-19T02:39:12.544+0000] {processor.py:925} INFO - DAG(s) 'extract_raw_data_pipeline' retrieved from /opt/airflow/dags/driven_data_pipeline.py
[2026-06-19T02:39:12.557+0000] {logging_mixin.py:190} INFO - [2026-06-19T02:39:12.557+0000] {dag.py:3239} INFO - Sync 1 DAGs
[2026-06-19T02:39:12.569+0000] {logging_mixin.py:190} INFO - [2026-06-19T02:39:12.569+0000] {dag.py:4180} INFO - Setting next_dagrun for extract_raw_data_pipeline to 2026-06-18 07:59:00+00:00, run_after=2026-06-19 07:00:00+00:00
[2026-06-19T02:39:12.592+0000] {processor.py:208} INFO - Processing /opt/airflow/dags/driven_data_pipeline.py took 0.136 seconds
[2026-06-19T02:39:42.966+0000] {processor.py:186} INFO - Started process (PID=6297) to work on /opt/airflow/dags/driven_data_pipeline.py
[2026-06-19T02:39:42.967+0000] {processor.py:914} INFO - Processing file /opt/airflow/dags/driven_data_pipeline.py for tasks to queue
[2026-06-19T02:39:42.968+0000] {logging_mixin.py:190} INFO - [2026-06-19T02:39:42.968+0000] {dagbag.py:588} INFO - Filling up the DagBag from /opt/airflow/dags/driven_data_pipeline.py
[2026-06-19T02:39:43.048+0000] {processor.py:925} INFO - DAG(s) 'extract_raw_data_pipeline' retrieved from /opt/airflow/dags/driven_data_pipeline.py
[2026-06-19T02:39:43.063+0000] {logging_mixin.py:190} INFO - [2026-06-19T02:39:43.063+0000] {dag.py:3239} INFO - Sync 1 DAGs
[2026-06-19T02:39:43.076+0000] {logging_mixin.py:190} INFO - [2026-06-19T02:39:43.076+0000] {dag.py:4180} INFO - Setting next_dagrun for extract_raw_data_pipeline to 2026-06-18 07:59:00+00:00, run_after=2026-06-19 07:00:00+00:00
[2026-06-19T02:39:43.089+0000] {processor.py:208} INFO - Processing /opt/airflow/dags/driven_data_pipeline.py took 0.126 seconds
[2026-06-19T02:40:13.215+0000] {processor.py:186} INFO - Started process (PID=6305) to work on /opt/airflow/dags/driven_data_pipeline.py
[2026-06-19T02:40:13.216+0000] {processor.py:914} INFO - Processing file /opt/airflow/dags/driven_data_pipeline.py for tasks to queue
[2026-06-19T02:40:13.217+0000] {logging_mixin.py:190} INFO - [2026-06-19T02:40:13.217+0000] {dagbag.py:588} INFO - Filling up the DagBag from /opt/airflow/dags/driven_data_pipeline.py
[2026-06-19T02:40:13.298+0000] {processor.py:925} INFO - DAG(s) 'extract_raw_data_pipeline' retrieved from /opt/airflow/dags/driven_data_pipeline.py
[2026-06-19T02:40:13.314+0000] {logging_mixin.py:190} INFO - [2026-06-19T02:40:13.314+0000] {dag.py:3239} INFO - Sync 1 DAGs
[2026-06-19T02:40:13.327+0000] {logging_mixin.py:190} INFO - [2026-06-19T02:40:13.327+0000] {dag.py:4180} INFO - Setting next_dagrun for extract_raw_data_pipeline to 2026-06-18 07:59:00+00:00, run_after=2026-06-19 07:00:00+00:00
[2026-06-19T02:40:13.350+0000] {processor.py:208} INFO - Processing /opt/airflow/dags/driven_data_pipeline.py took 0.138 seconds
[2026-06-19T02:40:43.720+0000] {processor.py:186} INFO - Started process (PID=6313) to work on /opt/airflow/dags/driven_data_pipeline.py
[2026-06-19T02:40:43.721+0000] {processor.py:914} INFO - Processing file /opt/airflow/dags/driven_data_pipeline.py for tasks to queue
[2026-06-19T02:40:43.722+0000] {logging_mixin.py:190} INFO - [2026-06-19T02:40:43.722+0000] {dagbag.py:588} INFO - Filling up the DagBag from /opt/airflow/dags/driven_data_pipeline.py
[2026-06-19T02:40:43.804+0000] {processor.py:925} INFO - DAG(s) 'extract_raw_data_pipeline' retrieved from /opt/airflow/dags/driven_data_pipeline.py
[2026-06-19T02:40:43.817+0000] {logging_mixin.py:190} INFO - [2026-06-19T02:40:43.816+0000] {dag.py:3239} INFO - Sync 1 DAGs
[2026-06-19T02:40:43.828+0000] {logging_mixin.py:190} INFO - [2026-06-19T02:40:43.828+0000] {dag.py:4180} INFO - Setting next_dagrun for extract_raw_data_pipeline to 2026-06-18 07:59:00+00:00, run_after=2026-06-19 07:00:00+00:00
[2026-06-19T02:40:43.841+0000] {processor.py:208} INFO - Processing /opt/airflow/dags/driven_data_pipeline.py took 0.124 seconds
[2026-06-19T02:41:14.075+0000] {processor.py:186} INFO - Started process (PID=6320) to work on /opt/airflow/dags/driven_data_pipeline.py
[2026-06-19T02:41:14.076+0000] {processor.py:914} INFO - Processing file /opt/airflow/dags/driven_data_pipeline.py for tasks to queue
[2026-06-19T02:41:14.077+0000] {logging_mixin.py:190} INFO - [2026-06-19T02:41:14.077+0000] {dagbag.py:588} INFO - Filling up the DagBag from /opt/airflow/dags/driven_data_pipeline.py
[2026-06-19T02:41:14.177+0000] {processor.py:925} INFO - DAG(s) 'extract_raw_data_pipeline' retrieved from /opt/airflow/dags/driven_data_pipeline.py
[2026-06-19T02:41:14.191+0000] {logging_mixin.py:190} INFO - [2026-06-19T02:41:14.191+0000] {dag.py:3239} INFO - Sync 1 DAGs
[2026-06-19T02:41:14.203+0000] {logging_mixin.py:190} INFO - [2026-06-19T02:41:14.203+0000] {dag.py:4180} INFO - Setting next_dagrun for extract_raw_data_pipeline to 2026-06-18 07:59:00+00:00, run_after=2026-06-19 07:00:00+00:00
[2026-06-19T02:41:14.215+0000] {processor.py:208} INFO - Processing /opt/airflow/dags/driven_data_pipeline.py took 0.145 seconds
[2026-06-19T02:41:44.564+0000] {processor.py:186} INFO - Started process (PID=6328) to work on /opt/airflow/dags/driven_data_pipeline.py
[2026-06-19T02:41:44.565+0000] {processor.py:914} INFO - Processing file /opt/airflow/dags/driven_data_pipeline.py for tasks to queue
[2026-06-19T02:41:44.566+0000] {logging_mixin.py:190} INFO - [2026-06-19T02:41:44.566+0000] {dagbag.py:588} INFO - Filling up the DagBag from /opt/airflow/dags/driven_data_pipeline.py
[2026-06-19T02:41:44.647+0000] {processor.py:925} INFO - DAG(s) 'extract_raw_data_pipeline' retrieved from /opt/airflow/dags/driven_data_pipeline.py
[2026-06-19T02:41:44.662+0000] {logging_mixin.py:190} INFO - [2026-06-19T02:41:44.662+0000] {dag.py:3239} INFO - Sync 1 DAGs
[2026-06-19T02:41:44.674+0000] {logging_mixin.py:190} INFO - [2026-06-19T02:41:44.674+0000] {dag.py:4180} INFO - Setting next_dagrun for extract_raw_data_pipeline to 2026-06-18 07:59:00+00:00, run_after=2026-06-19 07:00:00+00:00
[2026-06-19T02:41:44.687+0000] {processor.py:208} INFO - Processing /opt/airflow/dags/driven_data_pipeline.py took 0.126 seconds
[2026-06-19T02:42:14.943+0000] {processor.py:186} INFO - Started process (PID=6336) to work on /opt/airflow/dags/driven_data_pipeline.py
[2026-06-19T02:42:14.943+0000] {processor.py:914} INFO - Processing file /opt/airflow/dags/driven_data_pipeline.py for tasks to queue
[2026-06-19T02:42:14.945+0000] {logging_mixin.py:190} INFO - [2026-06-19T02:42:14.945+0000] {dagbag.py:588} INFO - Filling up the DagBag from /opt/airflow/dags/driven_data_pipeline.py
[2026-06-19T02:42:15.028+0000] {processor.py:925} INFO - DAG(s) 'extract_raw_data_pipeline' retrieved from /opt/airflow/dags/driven_data_pipeline.py
[2026-06-19T02:42:15.044+0000] {logging_mixin.py:190} INFO - [2026-06-19T02:42:15.043+0000] {dag.py:3239} INFO - Sync 1 DAGs
[2026-06-19T02:42:15.056+0000] {logging_mixin.py:190} INFO - [2026-06-19T02:42:15.056+0000] {dag.py:4180} INFO - Setting next_dagrun for extract_raw_data_pipeline to 2026-06-18 07:59:00+00:00, run_after=2026-06-19 07:00:00+00:00
[2026-06-19T02:42:15.070+0000] {processor.py:208} INFO - Processing /opt/airflow/dags/driven_data_pipeline.py took 0.131 seconds
[2026-06-19T02:42:45.274+0000] {processor.py:186} INFO - Started process (PID=6344) to work on /opt/airflow/dags/driven_data_pipeline.py
[2026-06-19T02:42:45.275+0000] {processor.py:914} INFO - Processing file /opt/airflow/dags/driven_data_pipeline.py for tasks to queue
[2026-06-19T02:42:45.276+0000] {logging_mixin.py:190} INFO - [2026-06-19T02:42:45.276+0000] {dagbag.py:588} INFO - Filling up the DagBag from /opt/airflow/dags/driven_data_pipeline.py
[2026-06-19T02:42:45.359+0000] {processor.py:925} INFO - DAG(s) 'extract_raw_data_pipeline' retrieved from /opt/airflow/dags/driven_data_pipeline.py
[2026-06-19T02:42:45.372+0000] {logging_mixin.py:190} INFO - [2026-06-19T02:42:45.372+0000] {dag.py:3239} INFO - Sync 1 DAGs
[2026-06-19T02:42:45.384+0000] {logging_mixin.py:190} INFO - [2026-06-19T02:42:45.384+0000] {dag.py:4180} INFO - Setting next_dagrun for extract_raw_data_pipeline to 2026-06-18 07:59:00+00:00, run_after=2026-06-19 07:00:00+00:00
[2026-06-19T02:42:45.399+0000] {processor.py:208} INFO - Processing /opt/airflow/dags/driven_data_pipeline.py took 0.128 seconds
[2026-06-19T02:43:15.885+0000] {processor.py:186} INFO - Started process (PID=6352) to work on /opt/airflow/dags/driven_data_pipeline.py
[2026-06-19T02:43:15.886+0000] {processor.py:914} INFO - Processing file /opt/airflow/dags/driven_data_pipeline.py for tasks to queue
[2026-06-19T02:43:15.888+0000] {logging_mixin.py:190} INFO - [2026-06-19T02:43:15.887+0000] {dagbag.py:588} INFO - Filling up the DagBag from /opt/airflow/dags/driven_data_pipeline.py
[2026-06-19T02:43:15.983+0000] {processor.py:925} INFO - DAG(s) 'extract_raw_data_pipeline' retrieved from /opt/airflow/dags/driven_data_pipeline.py
[2026-06-19T02:43:15.998+0000] {logging_mixin.py:190} INFO - [2026-06-19T02:43:15.998+0000] {dag.py:3239} INFO - Sync 1 DAGs
[2026-06-19T02:43:16.011+0000] {logging_mixin.py:190} INFO - [2026-06-19T02:43:16.010+0000] {dag.py:4180} INFO - Setting next_dagrun for extract_raw_data_pipeline to 2026-06-18 07:59:00+00:00, run_after=2026-06-19 07:00:00+00:00
[2026-06-19T02:43:16.025+0000] {processor.py:208} INFO - Processing /opt/airflow/dags/driven_data_pipeline.py took 0.144 seconds
[2026-06-19T02:43:46.213+0000] {processor.py:186} INFO - Started process (PID=6360) to work on /opt/airflow/dags/driven_data_pipeline.py
[2026-06-19T02:43:46.214+0000] {processor.py:914} INFO - Processing file /opt/airflow/dags/driven_data_pipeline.py for tasks to queue
[2026-06-19T02:43:46.215+0000] {logging_mixin.py:190} INFO - [2026-06-19T02:43:46.215+0000] {dagbag.py:588} INFO - Filling up the DagBag from /opt/airflow/dags/driven_data_pipeline.py
[2026-06-19T02:43:46.311+0000] {processor.py:925} INFO - DAG(s) 'extract_raw_data_pipeline' retrieved from /opt/airflow/dags/driven_data_pipeline.py
[2026-06-19T02:43:46.326+0000] {logging_mixin.py:190} INFO - [2026-06-19T02:43:46.326+0000] {dag.py:3239} INFO - Sync 1 DAGs
[2026-06-19T02:43:46.337+0000] {logging_mixin.py:190} INFO - [2026-06-19T02:43:46.337+0000] {dag.py:4180} INFO - Setting next_dagrun for extract_raw_data_pipeline to 2026-06-18 07:59:00+00:00, run_after=2026-06-19 07:00:00+00:00
[2026-06-19T02:43:46.351+0000] {processor.py:208} INFO - Processing /opt/airflow/dags/driven_data_pipeline.py took 0.144 seconds
[2026-06-19T02:44:16.603+0000] {processor.py:186} INFO - Started process (PID=6368) to work on /opt/airflow/dags/driven_data_pipeline.py
[2026-06-19T02:44:16.603+0000] {processor.py:914} INFO - Processing file /opt/airflow/dags/driven_data_pipeline.py for tasks to queue
[2026-06-19T02:44:16.605+0000] {logging_mixin.py:190} INFO - [2026-06-19T02:44:16.605+0000] {dagbag.py:588} INFO - Filling up the DagBag from /opt/airflow/dags/driven_data_pipeline.py
[2026-06-19T02:44:16.688+0000] {processor.py:925} INFO - DAG(s) 'extract_raw_data_pipeline' retrieved from /opt/airflow/dags/driven_data_pipeline.py
[2026-06-19T02:44:16.703+0000] {logging_mixin.py:190} INFO - [2026-06-19T02:44:16.703+0000] {dag.py:3239} INFO - Sync 1 DAGs
[2026-06-19T02:44:16.716+0000] {logging_mixin.py:190} INFO - [2026-06-19T02:44:16.716+0000] {dag.py:4180} INFO - Setting next_dagrun for extract_raw_data_pipeline to 2026-06-18 07:59:00+00:00, run_after=2026-06-19 07:00:00+00:00
[2026-06-19T02:44:16.732+0000] {processor.py:208} INFO - Processing /opt/airflow/dags/driven_data_pipeline.py took 0.133 seconds
[2026-06-19T02:44:46.978+0000] {processor.py:186} INFO - Started process (PID=6376) to work on /opt/airflow/dags/driven_data_pipeline.py
[2026-06-19T02:44:46.978+0000] {processor.py:914} INFO - Processing file /opt/airflow/dags/driven_data_pipeline.py for tasks to queue
[2026-06-19T02:44:46.980+0000] {logging_mixin.py:190} INFO - [2026-06-19T02:44:46.980+0000] {dagbag.py:588} INFO - Filling up the DagBag from /opt/airflow/dags/driven_data_pipeline.py
[2026-06-19T02:44:47.064+0000] {processor.py:925} INFO - DAG(s) 'extract_raw_data_pipeline' retrieved from /opt/airflow/dags/driven_data_pipeline.py
[2026-06-19T02:44:47.078+0000] {logging_mixin.py:190} INFO - [2026-06-19T02:44:47.078+0000] {dag.py:3239} INFO - Sync 1 DAGs
[2026-06-19T02:44:47.090+0000] {logging_mixin.py:190} INFO - [2026-06-19T02:44:47.090+0000] {dag.py:4180} INFO - Setting next_dagrun for extract_raw_data_pipeline to 2026-06-18 07:59:00+00:00, run_after=2026-06-19 07:00:00+00:00
[2026-06-19T02:44:47.106+0000] {processor.py:208} INFO - Processing /opt/airflow/dags/driven_data_pipeline.py took 0.131 seconds
[2026-06-19T02:45:17.314+0000] {processor.py:186} INFO - Started process (PID=6384) to work on /opt/airflow/dags/driven_data_pipeline.py
[2026-06-19T02:45:17.315+0000] {processor.py:914} INFO - Processing file /opt/airflow/dags/driven_data_pipeline.py for tasks to queue
[2026-06-19T02:45:17.317+0000] {logging_mixin.py:190} INFO - [2026-06-19T02:45:17.316+0000] {dagbag.py:588} INFO - Filling up the DagBag from /opt/airflow/dags/driven_data_pipeline.py
[2026-06-19T02:45:17.396+0000] {processor.py:925} INFO - DAG(s) 'extract_raw_data_pipeline' retrieved from /opt/airflow/dags/driven_data_pipeline.py
[2026-06-19T02:45:17.409+0000] {logging_mixin.py:190} INFO - [2026-06-19T02:45:17.409+0000] {dag.py:3239} INFO - Sync 1 DAGs
[2026-06-19T02:45:17.421+0000] {logging_mixin.py:190} INFO - [2026-06-19T02:45:17.420+0000] {dag.py:4180} INFO - Setting next_dagrun for extract_raw_data_pipeline to 2026-06-18 07:59:00+00:00, run_after=2026-06-19 07:00:00+00:00
[2026-06-19T02:45:17.436+0000] {processor.py:208} INFO - Processing /opt/airflow/dags/driven_data_pipeline.py took 0.125 seconds
[2026-06-19T02:45:47.715+0000] {processor.py:186} INFO - Started process (PID=6392) to work on /opt/airflow/dags/driven_data_pipeline.py
[2026-06-19T02:45:47.716+0000] {processor.py:914} INFO - Processing file /opt/airflow/dags/driven_data_pipeline.py for tasks to queue
[2026-06-19T02:45:47.718+0000] {logging_mixin.py:190} INFO - [2026-06-19T02:45:47.717+0000] {dagbag.py:588} INFO - Filling up the DagBag from /opt/airflow/dags/driven_data_pipeline.py
[2026-06-19T02:45:47.810+0000] {processor.py:925} INFO - DAG(s) 'extract_raw_data_pipeline' retrieved from /opt/airflow/dags/driven_data_pipeline.py
[2026-06-19T02:45:47.826+0000] {logging_mixin.py:190} INFO - [2026-06-19T02:45:47.826+0000] {dag.py:3239} INFO - Sync 1 DAGs
[2026-06-19T02:45:47.840+0000] {logging_mixin.py:190} INFO - [2026-06-19T02:45:47.840+0000] {dag.py:4180} INFO - Setting next_dagrun for extract_raw_data_pipeline to 2026-06-18 07:59:00+00:00, run_after=2026-06-19 07:00:00+00:00
[2026-06-19T02:45:47.853+0000] {processor.py:208} INFO - Processing /opt/airflow/dags/driven_data_pipeline.py took 0.142 seconds
[2026-06-19T02:46:18.060+0000] {processor.py:186} INFO - Started process (PID=6400) to work on /opt/airflow/dags/driven_data_pipeline.py
[2026-06-19T02:46:18.061+0000] {processor.py:914} INFO - Processing file /opt/airflow/dags/driven_data_pipeline.py for tasks to queue
[2026-06-19T02:46:18.063+0000] {logging_mixin.py:190} INFO - [2026-06-19T02:46:18.062+0000] {dagbag.py:588} INFO - Filling up the DagBag from /opt/airflow/dags/driven_data_pipeline.py
[2026-06-19T02:46:18.145+0000] {processor.py:925} INFO - DAG(s) 'extract_raw_data_pipeline' retrieved from /opt/airflow/dags/driven_data_pipeline.py
[2026-06-19T02:46:18.161+0000] {logging_mixin.py:190} INFO - [2026-06-19T02:46:18.160+0000] {dag.py:3239} INFO - Sync 1 DAGs
[2026-06-19T02:46:18.173+0000] {logging_mixin.py:190} INFO - [2026-06-19T02:46:18.173+0000] {dag.py:4180} INFO - Setting next_dagrun for extract_raw_data_pipeline to 2026-06-18 07:59:00+00:00, run_after=2026-06-19 07:00:00+00:00
[2026-06-19T02:46:18.187+0000] {processor.py:208} INFO - Processing /opt/airflow/dags/driven_data_pipeline.py took 0.131 seconds
[2026-06-19T02:46:48.460+0000] {processor.py:186} INFO - Started process (PID=6408) to work on /opt/airflow/dags/driven_data_pipeline.py
[2026-06-19T02:46:48.461+0000] {processor.py:914} INFO - Processing file /opt/airflow/dags/driven_data_pipeline.py for tasks to queue
[2026-06-19T02:46:48.463+0000] {logging_mixin.py:190} INFO - [2026-06-19T02:46:48.462+0000] {dagbag.py:588} INFO - Filling up the DagBag from /opt/airflow/dags/driven_data_pipeline.py
[2026-06-19T02:46:48.716+0000] {processor.py:925} INFO - DAG(s) 'extract_raw_data_pipeline' retrieved from /opt/airflow/dags/driven_data_pipeline.py
[2026-06-19T02:46:48.733+0000] {logging_mixin.py:190} INFO - [2026-06-19T02:46:48.732+0000] {dag.py:3239} INFO - Sync 1 DAGs
[2026-06-19T02:46:48.743+0000] {logging_mixin.py:190} INFO - [2026-06-19T02:46:48.743+0000] {dag.py:4180} INFO - Setting next_dagrun for extract_raw_data_pipeline to 2026-06-18 07:59:00+00:00, run_after=2026-06-19 07:00:00+00:00
[2026-06-19T02:46:48.755+0000] {processor.py:208} INFO - Processing /opt/airflow/dags/driven_data_pipeline.py took 0.298 seconds
[2026-06-19T02:47:18.859+0000] {processor.py:186} INFO - Started process (PID=6416) to work on /opt/airflow/dags/driven_data_pipeline.py
[2026-06-19T02:47:18.860+0000] {processor.py:914} INFO - Processing file /opt/airflow/dags/driven_data_pipeline.py for tasks to queue
[2026-06-19T02:47:18.861+0000] {logging_mixin.py:190} INFO - [2026-06-19T02:47:18.861+0000] {dagbag.py:588} INFO - Filling up the DagBag from /opt/airflow/dags/driven_data_pipeline.py
[2026-06-19T02:47:18.940+0000] {processor.py:925} INFO - DAG(s) 'extract_raw_data_pipeline' retrieved from /opt/airflow/dags/driven_data_pipeline.py
[2026-06-19T02:47:18.955+0000] {logging_mixin.py:190} INFO - [2026-06-19T02:47:18.955+0000] {dag.py:3239} INFO - Sync 1 DAGs
[2026-06-19T02:47:18.968+0000] {logging_mixin.py:190} INFO - [2026-06-19T02:47:18.967+0000] {dag.py:4180} INFO - Setting next_dagrun for extract_raw_data_pipeline to 2026-06-18 07:59:00+00:00, run_after=2026-06-19 07:00:00+00:00
[2026-06-19T02:47:18.991+0000] {processor.py:208} INFO - Processing /opt/airflow/dags/driven_data_pipeline.py took 0.136 seconds
[2026-06-19T02:47:49.151+0000] {processor.py:186} INFO - Started process (PID=6424) to work on /opt/airflow/dags/driven_data_pipeline.py
[2026-06-19T02:47:49.152+0000] {processor.py:914} INFO - Processing file /opt/airflow/dags/driven_data_pipeline.py for tasks to queue
[2026-06-19T02:47:49.153+0000] {logging_mixin.py:190} INFO - [2026-06-19T02:47:49.153+0000] {dagbag.py:588} INFO - Filling up the DagBag from /opt/airflow/dags/driven_data_pipeline.py
[2026-06-19T02:47:49.436+0000] {processor.py:925} INFO - DAG(s) 'extract_raw_data_pipeline' retrieved from /opt/airflow/dags/driven_data_pipeline.py
[2026-06-19T02:47:49.457+0000] {logging_mixin.py:190} INFO - [2026-06-19T02:47:49.456+0000] {dag.py:3239} INFO - Sync 1 DAGs
[2026-06-19T02:47:49.471+0000] {logging_mixin.py:190} INFO - [2026-06-19T02:47:49.471+0000] {dag.py:4180} INFO - Setting next_dagrun for extract_raw_data_pipeline to 2026-06-18 07:59:00+00:00, run_after=2026-06-19 07:00:00+00:00
[2026-06-19T02:47:49.484+0000] {processor.py:208} INFO - Processing /opt/airflow/dags/driven_data_pipeline.py took 0.338 seconds
[2026-06-19T02:48:19.611+0000] {processor.py:186} INFO - Started process (PID=6432) to work on /opt/airflow/dags/driven_data_pipeline.py
[2026-06-19T02:48:19.612+0000] {processor.py:914} INFO - Processing file /opt/airflow/dags/driven_data_pipeline.py for tasks to queue
[2026-06-19T02:48:19.613+0000] {logging_mixin.py:190} INFO - [2026-06-19T02:48:19.613+0000] {dagbag.py:588} INFO - Filling up the DagBag from /opt/airflow/dags/driven_data_pipeline.py
[2026-06-19T02:48:19.700+0000] {processor.py:925} INFO - DAG(s) 'extract_raw_data_pipeline' retrieved from /opt/airflow/dags/driven_data_pipeline.py
[2026-06-19T02:48:19.716+0000] {logging_mixin.py:190} INFO - [2026-06-19T02:48:19.716+0000] {dag.py:3239} INFO - Sync 1 DAGs
[2026-06-19T02:48:19.729+0000] {logging_mixin.py:190} INFO - [2026-06-19T02:48:19.729+0000] {dag.py:4180} INFO - Setting next_dagrun for extract_raw_data_pipeline to 2026-06-18 07:59:00+00:00, run_after=2026-06-19 07:00:00+00:00
[2026-06-19T02:48:19.742+0000] {processor.py:208} INFO - Processing /opt/airflow/dags/driven_data_pipeline.py took 0.135 seconds
[2026-06-19T02:48:49.924+0000] {processor.py:186} INFO - Started process (PID=6440) to work on /opt/airflow/dags/driven_data_pipeline.py
[2026-06-19T02:48:49.925+0000] {processor.py:914} INFO - Processing file /opt/airflow/dags/driven_data_pipeline.py for tasks to queue
[2026-06-19T02:48:49.926+0000] {logging_mixin.py:190} INFO - [2026-06-19T02:48:49.926+0000] {dagbag.py:588} INFO - Filling up the DagBag from /opt/airflow/dags/driven_data_pipeline.py
[2026-06-19T02:48:50.417+0000] {processor.py:925} INFO - DAG(s) 'extract_raw_data_pipeline' retrieved from /opt/airflow/dags/driven_data_pipeline.py
[2026-06-19T02:48:50.437+0000] {logging_mixin.py:190} INFO - [2026-06-19T02:48:50.437+0000] {dag.py:3239} INFO - Sync 1 DAGs
[2026-06-19T02:48:50.449+0000] {logging_mixin.py:190} INFO - [2026-06-19T02:48:50.449+0000] {dag.py:4180} INFO - Setting next_dagrun for extract_raw_data_pipeline to 2026-06-18 07:59:00+00:00, run_after=2026-06-19 07:00:00+00:00
[2026-06-19T02:48:50.461+0000] {processor.py:208} INFO - Processing /opt/airflow/dags/driven_data_pipeline.py took 0.552 seconds
[2026-06-19T02:49:20.805+0000] {processor.py:186} INFO - Started process (PID=6448) to work on /opt/airflow/dags/driven_data_pipeline.py
[2026-06-19T02:49:20.806+0000] {processor.py:914} INFO - Processing file /opt/airflow/dags/driven_data_pipeline.py for tasks to queue
[2026-06-19T02:49:20.808+0000] {logging_mixin.py:190} INFO - [2026-06-19T02:49:20.807+0000] {dagbag.py:588} INFO - Filling up the DagBag from /opt/airflow/dags/driven_data_pipeline.py
[2026-06-19T02:49:20.895+0000] {processor.py:925} INFO - DAG(s) 'extract_raw_data_pipeline' retrieved from /opt/airflow/dags/driven_data_pipeline.py
[2026-06-19T02:49:20.909+0000] {logging_mixin.py:190} INFO - [2026-06-19T02:49:20.909+0000] {dag.py:3239} INFO - Sync 1 DAGs
[2026-06-19T02:49:20.922+0000] {logging_mixin.py:190} INFO - [2026-06-19T02:49:20.922+0000] {dag.py:4180} INFO - Setting next_dagrun for extract_raw_data_pipeline to 2026-06-18 07:59:00+00:00, run_after=2026-06-19 07:00:00+00:00
[2026-06-19T02:49:20.937+0000] {processor.py:208} INFO - Processing /opt/airflow/dags/driven_data_pipeline.py took 0.135 seconds
[2026-06-19T02:49:51.131+0000] {processor.py:186} INFO - Started process (PID=6455) to work on /opt/airflow/dags/driven_data_pipeline.py
[2026-06-19T02:49:51.132+0000] {processor.py:914} INFO - Processing file /opt/airflow/dags/driven_data_pipeline.py for tasks to queue
[2026-06-19T02:49:51.134+0000] {logging_mixin.py:190} INFO - [2026-06-19T02:49:51.133+0000] {dagbag.py:588} INFO - Filling up the DagBag from /opt/airflow/dags/driven_data_pipeline.py
[2026-06-19T02:49:51.214+0000] {processor.py:925} INFO - DAG(s) 'extract_raw_data_pipeline' retrieved from /opt/airflow/dags/driven_data_pipeline.py
[2026-06-19T02:49:51.228+0000] {logging_mixin.py:190} INFO - [2026-06-19T02:49:51.228+0000] {dag.py:3239} INFO - Sync 1 DAGs
[2026-06-19T02:49:51.241+0000] {logging_mixin.py:190} INFO - [2026-06-19T02:49:51.241+0000] {dag.py:4180} INFO - Setting next_dagrun for extract_raw_data_pipeline to 2026-06-18 07:59:00+00:00, run_after=2026-06-19 07:00:00+00:00
[2026-06-19T02:49:51.253+0000] {processor.py:208} INFO - Processing /opt/airflow/dags/driven_data_pipeline.py took 0.125 seconds
[2026-06-19T02:50:21.525+0000] {processor.py:186} INFO - Started process (PID=6463) to work on /opt/airflow/dags/driven_data_pipeline.py
[2026-06-19T02:50:21.525+0000] {processor.py:914} INFO - Processing file /opt/airflow/dags/driven_data_pipeline.py for tasks to queue
[2026-06-19T02:50:21.527+0000] {logging_mixin.py:190} INFO - [2026-06-19T02:50:21.527+0000] {dagbag.py:588} INFO - Filling up the DagBag from /opt/airflow/dags/driven_data_pipeline.py
[2026-06-19T02:50:21.607+0000] {processor.py:925} INFO - DAG(s) 'extract_raw_data_pipeline' retrieved from /opt/airflow/dags/driven_data_pipeline.py
[2026-06-19T02:50:21.621+0000] {logging_mixin.py:190} INFO - [2026-06-19T02:50:21.621+0000] {dag.py:3239} INFO - Sync 1 DAGs
[2026-06-19T02:50:21.632+0000] {logging_mixin.py:190} INFO - [2026-06-19T02:50:21.632+0000] {dag.py:4180} INFO - Setting next_dagrun for extract_raw_data_pipeline to 2026-06-18 07:59:00+00:00, run_after=2026-06-19 07:00:00+00:00
[2026-06-19T02:50:21.654+0000] {processor.py:208} INFO - Processing /opt/airflow/dags/driven_data_pipeline.py took 0.132 seconds
[2026-06-19T02:50:51.868+0000] {processor.py:186} INFO - Started process (PID=6471) to work on /opt/airflow/dags/driven_data_pipeline.py
[2026-06-19T02:50:51.869+0000] {processor.py:914} INFO - Processing file /opt/airflow/dags/driven_data_pipeline.py for tasks to queue
[2026-06-19T02:50:51.870+0000] {logging_mixin.py:190} INFO - [2026-06-19T02:50:51.870+0000] {dagbag.py:588} INFO - Filling up the DagBag from /opt/airflow/dags/driven_data_pipeline.py
[2026-06-19T02:50:51.954+0000] {processor.py:925} INFO - DAG(s) 'extract_raw_data_pipeline' retrieved from /opt/airflow/dags/driven_data_pipeline.py
[2026-06-19T02:50:51.970+0000] {logging_mixin.py:190} INFO - [2026-06-19T02:50:51.970+0000] {dag.py:3239} INFO - Sync 1 DAGs
[2026-06-19T02:50:51.983+0000] {logging_mixin.py:190} INFO - [2026-06-19T02:50:51.983+0000] {dag.py:4180} INFO - Setting next_dagrun for extract_raw_data_pipeline to 2026-06-18 07:59:00+00:00, run_after=2026-06-19 07:00:00+00:00
[2026-06-19T02:50:52.000+0000] {processor.py:208} INFO - Processing /opt/airflow/dags/driven_data_pipeline.py took 0.135 seconds
[2026-06-19T02:51:22.233+0000] {processor.py:186} INFO - Started process (PID=6479) to work on /opt/airflow/dags/driven_data_pipeline.py
[2026-06-19T02:51:22.234+0000] {processor.py:914} INFO - Processing file /opt/airflow/dags/driven_data_pipeline.py for tasks to queue
[2026-06-19T02:51:22.235+0000] {logging_mixin.py:190} INFO - [2026-06-19T02:51:22.235+0000] {dagbag.py:588} INFO - Filling up the DagBag from /opt/airflow/dags/driven_data_pipeline.py
[2026-06-19T02:51:22.317+0000] {processor.py:925} INFO - DAG(s) 'extract_raw_data_pipeline' retrieved from /opt/airflow/dags/driven_data_pipeline.py
[2026-06-19T02:51:22.330+0000] {logging_mixin.py:190} INFO - [2026-06-19T02:51:22.330+0000] {dag.py:3239} INFO - Sync 1 DAGs
[2026-06-19T02:51:22.343+0000] {logging_mixin.py:190} INFO - [2026-06-19T02:51:22.343+0000] {dag.py:4180} INFO - Setting next_dagrun for extract_raw_data_pipeline to 2026-06-18 07:59:00+00:00, run_after=2026-06-19 07:00:00+00:00
[2026-06-19T02:51:22.356+0000] {processor.py:208} INFO - Processing /opt/airflow/dags/driven_data_pipeline.py took 0.126 seconds
[2026-06-19T02:51:52.874+0000] {processor.py:186} INFO - Started process (PID=6487) to work on /opt/airflow/dags/driven_data_pipeline.py
[2026-06-19T02:51:52.875+0000] {processor.py:914} INFO - Processing file /opt/airflow/dags/driven_data_pipeline.py for tasks to queue
[2026-06-19T02:51:52.876+0000] {logging_mixin.py:190} INFO - [2026-06-19T02:51:52.876+0000] {dagbag.py:588} INFO - Filling up the DagBag from /opt/airflow/dags/driven_data_pipeline.py
[2026-06-19T02:51:52.956+0000] {processor.py:925} INFO - DAG(s) 'extract_raw_data_pipeline' retrieved from /opt/airflow/dags/driven_data_pipeline.py
[2026-06-19T02:51:52.971+0000] {logging_mixin.py:190} INFO - [2026-06-19T02:51:52.971+0000] {dag.py:3239} INFO - Sync 1 DAGs
[2026-06-19T02:51:52.985+0000] {logging_mixin.py:190} INFO - [2026-06-19T02:51:52.985+0000] {dag.py:4180} INFO - Setting next_dagrun for extract_raw_data_pipeline to 2026-06-18 07:59:00+00:00, run_after=2026-06-19 07:00:00+00:00
[2026-06-19T02:51:52.998+0000] {processor.py:208} INFO - Processing /opt/airflow/dags/driven_data_pipeline.py took 0.127 seconds
[2026-06-19T02:52:23.229+0000] {processor.py:186} INFO - Started process (PID=6495) to work on /opt/airflow/dags/driven_data_pipeline.py
[2026-06-19T02:52:23.229+0000] {processor.py:914} INFO - Processing file /opt/airflow/dags/driven_data_pipeline.py for tasks to queue
[2026-06-19T02:52:23.231+0000] {logging_mixin.py:190} INFO - [2026-06-19T02:52:23.231+0000] {dagbag.py:588} INFO - Filling up the DagBag from /opt/airflow/dags/driven_data_pipeline.py
[2026-06-19T02:52:23.312+0000] {processor.py:925} INFO - DAG(s) 'extract_raw_data_pipeline' retrieved from /opt/airflow/dags/driven_data_pipeline.py
[2026-06-19T02:52:23.327+0000] {logging_mixin.py:190} INFO - [2026-06-19T02:52:23.327+0000] {dag.py:3239} INFO - Sync 1 DAGs
[2026-06-19T02:52:23.338+0000] {logging_mixin.py:190} INFO - [2026-06-19T02:52:23.338+0000] {dag.py:4180} INFO - Setting next_dagrun for extract_raw_data_pipeline to 2026-06-18 07:59:00+00:00, run_after=2026-06-19 07:00:00+00:00
[2026-06-19T02:52:23.361+0000] {processor.py:208} INFO - Processing /opt/airflow/dags/driven_data_pipeline.py took 0.136 seconds
[2026-06-19T02:52:53.596+0000] {processor.py:186} INFO - Started process (PID=6503) to work on /opt/airflow/dags/driven_data_pipeline.py
[2026-06-19T02:52:53.598+0000] {processor.py:914} INFO - Processing file /opt/airflow/dags/driven_data_pipeline.py for tasks to queue
[2026-06-19T02:52:53.599+0000] {logging_mixin.py:190} INFO - [2026-06-19T02:52:53.599+0000] {dagbag.py:588} INFO - Filling up the DagBag from /opt/airflow/dags/driven_data_pipeline.py
[2026-06-19T02:52:53.684+0000] {processor.py:925} INFO - DAG(s) 'extract_raw_data_pipeline' retrieved from /opt/airflow/dags/driven_data_pipeline.py
[2026-06-19T02:52:53.708+0000] {logging_mixin.py:190} INFO - [2026-06-19T02:52:53.708+0000] {dag.py:3239} INFO - Sync 1 DAGs
[2026-06-19T02:52:53.722+0000] {logging_mixin.py:190} INFO - [2026-06-19T02:52:53.721+0000] {dag.py:4180} INFO - Setting next_dagrun for extract_raw_data_pipeline to 2026-06-18 07:59:00+00:00, run_after=2026-06-19 07:00:00+00:00
[2026-06-19T02:52:53.735+0000] {processor.py:208} INFO - Processing /opt/airflow/dags/driven_data_pipeline.py took 0.142 seconds
[2026-06-19T02:53:23.991+0000] {processor.py:186} INFO - Started process (PID=6511) to work on /opt/airflow/dags/driven_data_pipeline.py
[2026-06-19T02:53:23.991+0000] {processor.py:914} INFO - Processing file /opt/airflow/dags/driven_data_pipeline.py for tasks to queue
[2026-06-19T02:53:23.993+0000] {logging_mixin.py:190} INFO - [2026-06-19T02:53:23.993+0000] {dagbag.py:588} INFO - Filling up the DagBag from /opt/airflow/dags/driven_data_pipeline.py
[2026-06-19T02:53:24.072+0000] {processor.py:925} INFO - DAG(s) 'extract_raw_data_pipeline' retrieved from /opt/airflow/dags/driven_data_pipeline.py
[2026-06-19T02:53:24.086+0000] {logging_mixin.py:190} INFO - [2026-06-19T02:53:24.086+0000] {dag.py:3239} INFO - Sync 1 DAGs
[2026-06-19T02:53:24.098+0000] {logging_mixin.py:190} INFO - [2026-06-19T02:53:24.098+0000] {dag.py:4180} INFO - Setting next_dagrun for extract_raw_data_pipeline to 2026-06-18 07:59:00+00:00, run_after=2026-06-19 07:00:00+00:00
[2026-06-19T02:53:24.111+0000] {processor.py:208} INFO - Processing /opt/airflow/dags/driven_data_pipeline.py took 0.124 seconds
[2026-06-19T02:53:54.295+0000] {processor.py:186} INFO - Started process (PID=6519) to work on /opt/airflow/dags/driven_data_pipeline.py
[2026-06-19T02:53:54.300+0000] {processor.py:914} INFO - Processing file /opt/airflow/dags/driven_data_pipeline.py for tasks to queue
[2026-06-19T02:53:54.305+0000] {logging_mixin.py:190} INFO - [2026-06-19T02:53:54.305+0000] {dagbag.py:588} INFO - Filling up the DagBag from /opt/airflow/dags/driven_data_pipeline.py
[2026-06-19T02:53:54.513+0000] {processor.py:925} INFO - DAG(s) 'extract_raw_data_pipeline' retrieved from /opt/airflow/dags/driven_data_pipeline.py
[2026-06-19T02:53:54.528+0000] {logging_mixin.py:190} INFO - [2026-06-19T02:53:54.528+0000] {dag.py:3239} INFO - Sync 1 DAGs
[2026-06-19T02:53:54.541+0000] {logging_mixin.py:190} INFO - [2026-06-19T02:53:54.541+0000] {dag.py:4180} INFO - Setting next_dagrun for extract_raw_data_pipeline to 2026-06-18 07:59:00+00:00, run_after=2026-06-19 07:00:00+00:00
[2026-06-19T02:53:54.554+0000] {processor.py:208} INFO - Processing /opt/airflow/dags/driven_data_pipeline.py took 0.264 seconds
[2026-06-19T02:54:24.835+0000] {processor.py:186} INFO - Started process (PID=6527) to work on /opt/airflow/dags/driven_data_pipeline.py
[2026-06-19T02:54:24.836+0000] {processor.py:914} INFO - Processing file /opt/airflow/dags/driven_data_pipeline.py for tasks to queue
[2026-06-19T02:54:24.837+0000] {logging_mixin.py:190} INFO - [2026-06-19T02:54:24.837+0000] {dagbag.py:588} INFO - Filling up the DagBag from /opt/airflow/dags/driven_data_pipeline.py
[2026-06-19T02:54:24.936+0000] {processor.py:925} INFO - DAG(s) 'extract_raw_data_pipeline' retrieved from /opt/airflow/dags/driven_data_pipeline.py
[2026-06-19T02:54:24.950+0000] {logging_mixin.py:190} INFO - [2026-06-19T02:54:24.950+0000] {dag.py:3239} INFO - Sync 1 DAGs
[2026-06-19T02:54:24.962+0000] {logging_mixin.py:190} INFO - [2026-06-19T02:54:24.961+0000] {dag.py:4180} INFO - Setting next_dagrun for extract_raw_data_pipeline to 2026-06-18 07:59:00+00:00, run_after=2026-06-19 07:00:00+00:00
[2026-06-19T02:54:24.973+0000] {processor.py:208} INFO - Processing /opt/airflow/dags/driven_data_pipeline.py took 0.142 seconds
[2026-06-19T02:54:55.219+0000] {processor.py:186} INFO - Started process (PID=6535) to work on /opt/airflow/dags/driven_data_pipeline.py
[2026-06-19T02:54:55.219+0000] {processor.py:914} INFO - Processing file /opt/airflow/dags/driven_data_pipeline.py for tasks to queue
[2026-06-19T02:54:55.221+0000] {logging_mixin.py:190} INFO - [2026-06-19T02:54:55.221+0000] {dagbag.py:588} INFO - Filling up the DagBag from /opt/airflow/dags/driven_data_pipeline.py
[2026-06-19T02:54:55.302+0000] {processor.py:925} INFO - DAG(s) 'extract_raw_data_pipeline' retrieved from /opt/airflow/dags/driven_data_pipeline.py
[2026-06-19T02:54:55.317+0000] {logging_mixin.py:190} INFO - [2026-06-19T02:54:55.317+0000] {dag.py:3239} INFO - Sync 1 DAGs
[2026-06-19T02:54:55.329+0000] {logging_mixin.py:190} INFO - [2026-06-19T02:54:55.329+0000] {dag.py:4180} INFO - Setting next_dagrun for extract_raw_data_pipeline to 2026-06-18 07:59:00+00:00, run_after=2026-06-19 07:00:00+00:00
[2026-06-19T02:54:55.341+0000] {processor.py:208} INFO - Processing /opt/airflow/dags/driven_data_pipeline.py took 0.126 seconds
[2026-06-19T02:55:25.534+0000] {processor.py:186} INFO - Started process (PID=6543) to work on /opt/airflow/dags/driven_data_pipeline.py
[2026-06-19T02:55:25.535+0000] {processor.py:914} INFO - Processing file /opt/airflow/dags/driven_data_pipeline.py for tasks to queue
[2026-06-19T02:55:25.536+0000] {logging_mixin.py:190} INFO - [2026-06-19T02:55:25.536+0000] {dagbag.py:588} INFO - Filling up the DagBag from /opt/airflow/dags/driven_data_pipeline.py
[2026-06-19T02:55:25.619+0000] {processor.py:925} INFO - DAG(s) 'extract_raw_data_pipeline' retrieved from /opt/airflow/dags/driven_data_pipeline.py
[2026-06-19T02:55:25.633+0000] {logging_mixin.py:190} INFO - [2026-06-19T02:55:25.633+0000] {dag.py:3239} INFO - Sync 1 DAGs
[2026-06-19T02:55:25.646+0000] {logging_mixin.py:190} INFO - [2026-06-19T02:55:25.646+0000] {dag.py:4180} INFO - Setting next_dagrun for extract_raw_data_pipeline to 2026-06-18 07:59:00+00:00, run_after=2026-06-19 07:00:00+00:00
[2026-06-19T02:55:25.659+0000] {processor.py:208} INFO - Processing /opt/airflow/dags/driven_data_pipeline.py took 0.129 seconds
[2026-06-19T02:55:55.920+0000] {processor.py:186} INFO - Started process (PID=6551) to work on /opt/airflow/dags/driven_data_pipeline.py
[2026-06-19T02:55:55.921+0000] {processor.py:914} INFO - Processing file /opt/airflow/dags/driven_data_pipeline.py for tasks to queue
[2026-06-19T02:55:55.922+0000] {logging_mixin.py:190} INFO - [2026-06-19T02:55:55.922+0000] {dagbag.py:588} INFO - Filling up the DagBag from /opt/airflow/dags/driven_data_pipeline.py
[2026-06-19T02:55:56.004+0000] {processor.py:925} INFO - DAG(s) 'extract_raw_data_pipeline' retrieved from /opt/airflow/dags/driven_data_pipeline.py
[2026-06-19T02:55:56.019+0000] {logging_mixin.py:190} INFO - [2026-06-19T02:55:56.019+0000] {dag.py:3239} INFO - Sync 1 DAGs
[2026-06-19T02:55:56.032+0000] {logging_mixin.py:190} INFO - [2026-06-19T02:55:56.032+0000] {dag.py:4180} INFO - Setting next_dagrun for extract_raw_data_pipeline to 2026-06-18 07:59:00+00:00, run_after=2026-06-19 07:00:00+00:00
[2026-06-19T02:55:56.044+0000] {processor.py:208} INFO - Processing /opt/airflow/dags/driven_data_pipeline.py took 0.128 seconds
[2026-06-19T02:56:26.324+0000] {processor.py:186} INFO - Started process (PID=6559) to work on /opt/airflow/dags/driven_data_pipeline.py
[2026-06-19T02:56:26.324+0000] {processor.py:914} INFO - Processing file /opt/airflow/dags/driven_data_pipeline.py for tasks to queue
[2026-06-19T02:56:26.326+0000] {logging_mixin.py:190} INFO - [2026-06-19T02:56:26.325+0000] {dagbag.py:588} INFO - Filling up the DagBag from /opt/airflow/dags/driven_data_pipeline.py
[2026-06-19T02:56:26.405+0000] {processor.py:925} INFO - DAG(s) 'extract_raw_data_pipeline' retrieved from /opt/airflow/dags/driven_data_pipeline.py
[2026-06-19T02:56:26.420+0000] {logging_mixin.py:190} INFO - [2026-06-19T02:56:26.420+0000] {dag.py:3239} INFO - Sync 1 DAGs
[2026-06-19T02:56:26.432+0000] {logging_mixin.py:190} INFO - [2026-06-19T02:56:26.432+0000] {dag.py:4180} INFO - Setting next_dagrun for extract_raw_data_pipeline to 2026-06-18 07:59:00+00:00, run_after=2026-06-19 07:00:00+00:00
[2026-06-19T02:56:26.444+0000] {processor.py:208} INFO - Processing /opt/airflow/dags/driven_data_pipeline.py took 0.124 seconds
[2026-06-19T02:56:56.678+0000] {processor.py:186} INFO - Started process (PID=6567) to work on /opt/airflow/dags/driven_data_pipeline.py
[2026-06-19T02:56:56.679+0000] {processor.py:914} INFO - Processing file /opt/airflow/dags/driven_data_pipeline.py for tasks to queue
[2026-06-19T02:56:56.681+0000] {logging_mixin.py:190} INFO - [2026-06-19T02:56:56.681+0000] {dagbag.py:588} INFO - Filling up the DagBag from /opt/airflow/dags/driven_data_pipeline.py
[2026-06-19T02:56:56.773+0000] {processor.py:925} INFO - DAG(s) 'extract_raw_data_pipeline' retrieved from /opt/airflow/dags/driven_data_pipeline.py
[2026-06-19T02:56:56.787+0000] {logging_mixin.py:190} INFO - [2026-06-19T02:56:56.787+0000] {dag.py:3239} INFO - Sync 1 DAGs
[2026-06-19T02:56:56.799+0000] {logging_mixin.py:190} INFO - [2026-06-19T02:56:56.799+0000] {dag.py:4180} INFO - Setting next_dagrun for extract_raw_data_pipeline to 2026-06-18 07:59:00+00:00, run_after=2026-06-19 07:00:00+00:00
[2026-06-19T02:56:56.814+0000] {processor.py:208} INFO - Processing /opt/airflow/dags/driven_data_pipeline.py took 0.140 seconds
[2026-06-19T02:57:27.228+0000] {processor.py:186} INFO - Started process (PID=6575) to work on /opt/airflow/dags/driven_data_pipeline.py
[2026-06-19T02:57:27.228+0000] {processor.py:914} INFO - Processing file /opt/airflow/dags/driven_data_pipeline.py for tasks to queue
[2026-06-19T02:57:27.230+0000] {logging_mixin.py:190} INFO - [2026-06-19T02:57:27.230+0000] {dagbag.py:588} INFO - Filling up the DagBag from /opt/airflow/dags/driven_data_pipeline.py
[2026-06-19T02:57:27.310+0000] {processor.py:925} INFO - DAG(s) 'extract_raw_data_pipeline' retrieved from /opt/airflow/dags/driven_data_pipeline.py
[2026-06-19T02:57:27.325+0000] {logging_mixin.py:190} INFO - [2026-06-19T02:57:27.324+0000] {dag.py:3239} INFO - Sync 1 DAGs
[2026-06-19T02:57:27.337+0000] {logging_mixin.py:190} INFO - [2026-06-19T02:57:27.337+0000] {dag.py:4180} INFO - Setting next_dagrun for extract_raw_data_pipeline to 2026-06-18 07:59:00+00:00, run_after=2026-06-19 07:00:00+00:00
[2026-06-19T02:57:27.351+0000] {processor.py:208} INFO - Processing /opt/airflow/dags/driven_data_pipeline.py took 0.127 seconds
[2026-06-19T02:57:57.546+0000] {processor.py:186} INFO - Started process (PID=6583) to work on /opt/airflow/dags/driven_data_pipeline.py
[2026-06-19T02:57:57.547+0000] {processor.py:914} INFO - Processing file /opt/airflow/dags/driven_data_pipeline.py for tasks to queue
[2026-06-19T02:57:57.548+0000] {logging_mixin.py:190} INFO - [2026-06-19T02:57:57.548+0000] {dagbag.py:588} INFO - Filling up the DagBag from /opt/airflow/dags/driven_data_pipeline.py
[2026-06-19T02:57:57.632+0000] {processor.py:925} INFO - DAG(s) 'extract_raw_data_pipeline' retrieved from /opt/airflow/dags/driven_data_pipeline.py
[2026-06-19T02:57:57.648+0000] {logging_mixin.py:190} INFO - [2026-06-19T02:57:57.648+0000] {dag.py:3239} INFO - Sync 1 DAGs
[2026-06-19T02:57:57.661+0000] {logging_mixin.py:190} INFO - [2026-06-19T02:57:57.661+0000] {dag.py:4180} INFO - Setting next_dagrun for extract_raw_data_pipeline to 2026-06-18 07:59:00+00:00, run_after=2026-06-19 07:00:00+00:00
[2026-06-19T02:57:57.678+0000] {processor.py:208} INFO - Processing /opt/airflow/dags/driven_data_pipeline.py took 0.136 seconds
[2026-06-19T02:58:27.949+0000] {processor.py:186} INFO - Started process (PID=6591) to work on /opt/airflow/dags/driven_data_pipeline.py
[2026-06-19T02:58:27.950+0000] {processor.py:914} INFO - Processing file /opt/airflow/dags/driven_data_pipeline.py for tasks to queue
[2026-06-19T02:58:27.951+0000] {logging_mixin.py:190} INFO - [2026-06-19T02:58:27.951+0000] {dagbag.py:588} INFO - Filling up the DagBag from /opt/airflow/dags/driven_data_pipeline.py
[2026-06-19T02:58:28.032+0000] {processor.py:925} INFO - DAG(s) 'extract_raw_data_pipeline' retrieved from /opt/airflow/dags/driven_data_pipeline.py
[2026-06-19T02:58:28.046+0000] {logging_mixin.py:190} INFO - [2026-06-19T02:58:28.046+0000] {dag.py:3239} INFO - Sync 1 DAGs
[2026-06-19T02:58:28.059+0000] {logging_mixin.py:190} INFO - [2026-06-19T02:58:28.059+0000] {dag.py:4180} INFO - Setting next_dagrun for extract_raw_data_pipeline to 2026-06-18 07:59:00+00:00, run_after=2026-06-19 07:00:00+00:00
[2026-06-19T02:58:28.072+0000] {processor.py:208} INFO - Processing /opt/airflow/dags/driven_data_pipeline.py took 0.126 seconds
[2026-06-19T02:58:58.347+0000] {processor.py:186} INFO - Started process (PID=6599) to work on /opt/airflow/dags/driven_data_pipeline.py
[2026-06-19T02:58:58.348+0000] {processor.py:914} INFO - Processing file /opt/airflow/dags/driven_data_pipeline.py for tasks to queue
[2026-06-19T02:58:58.349+0000] {logging_mixin.py:190} INFO - [2026-06-19T02:58:58.349+0000] {dagbag.py:588} INFO - Filling up the DagBag from /opt/airflow/dags/driven_data_pipeline.py
[2026-06-19T02:58:58.429+0000] {processor.py:925} INFO - DAG(s) 'extract_raw_data_pipeline' retrieved from /opt/airflow/dags/driven_data_pipeline.py
[2026-06-19T02:58:58.442+0000] {logging_mixin.py:190} INFO - [2026-06-19T02:58:58.442+0000] {dag.py:3239} INFO - Sync 1 DAGs
[2026-06-19T02:58:58.454+0000] {logging_mixin.py:190} INFO - [2026-06-19T02:58:58.454+0000] {dag.py:4180} INFO - Setting next_dagrun for extract_raw_data_pipeline to 2026-06-18 07:59:00+00:00, run_after=2026-06-19 07:00:00+00:00
[2026-06-19T02:58:58.466+0000] {processor.py:208} INFO - Processing /opt/airflow/dags/driven_data_pipeline.py took 0.121 seconds
[2026-06-19T02:59:28.723+0000] {processor.py:186} INFO - Started process (PID=6607) to work on /opt/airflow/dags/driven_data_pipeline.py
[2026-06-19T02:59:28.724+0000] {processor.py:914} INFO - Processing file /opt/airflow/dags/driven_data_pipeline.py for tasks to queue
[2026-06-19T02:59:28.726+0000] {logging_mixin.py:190} INFO - [2026-06-19T02:59:28.725+0000] {dagbag.py:588} INFO - Filling up the DagBag from /opt/airflow/dags/driven_data_pipeline.py
[2026-06-19T02:59:28.805+0000] {processor.py:925} INFO - DAG(s) 'extract_raw_data_pipeline' retrieved from /opt/airflow/dags/driven_data_pipeline.py
[2026-06-19T02:59:28.820+0000] {logging_mixin.py:190} INFO - [2026-06-19T02:59:28.820+0000] {dag.py:3239} INFO - Sync 1 DAGs
[2026-06-19T02:59:28.832+0000] {logging_mixin.py:190} INFO - [2026-06-19T02:59:28.832+0000] {dag.py:4180} INFO - Setting next_dagrun for extract_raw_data_pipeline to 2026-06-18 07:59:00+00:00, run_after=2026-06-19 07:00:00+00:00
[2026-06-19T02:59:28.847+0000] {processor.py:208} INFO - Processing /opt/airflow/dags/driven_data_pipeline.py took 0.128 seconds
[2026-06-19T02:59:59.161+0000] {processor.py:186} INFO - Started process (PID=6615) to work on /opt/airflow/dags/driven_data_pipeline.py
[2026-06-19T02:59:59.162+0000] {processor.py:914} INFO - Processing file /opt/airflow/dags/driven_data_pipeline.py for tasks to queue
[2026-06-19T02:59:59.163+0000] {logging_mixin.py:190} INFO - [2026-06-19T02:59:59.163+0000] {dagbag.py:588} INFO - Filling up the DagBag from /opt/airflow/dags/driven_data_pipeline.py
[2026-06-19T02:59:59.243+0000] {processor.py:925} INFO - DAG(s) 'extract_raw_data_pipeline' retrieved from /opt/airflow/dags/driven_data_pipeline.py
[2026-06-19T02:59:59.257+0000] {logging_mixin.py:190} INFO - [2026-06-19T02:59:59.257+0000] {dag.py:3239} INFO - Sync 1 DAGs
[2026-06-19T02:59:59.270+0000] {logging_mixin.py:190} INFO - [2026-06-19T02:59:59.270+0000] {dag.py:4180} INFO - Setting next_dagrun for extract_raw_data_pipeline to 2026-06-18 07:59:00+00:00, run_after=2026-06-19 07:00:00+00:00
[2026-06-19T02:59:59.284+0000] {processor.py:208} INFO - Processing /opt/airflow/dags/driven_data_pipeline.py took 0.126 seconds
[2026-06-19T03:00:29.489+0000] {processor.py:186} INFO - Started process (PID=6623) to work on /opt/airflow/dags/driven_data_pipeline.py
[2026-06-19T03:00:29.490+0000] {processor.py:914} INFO - Processing file /opt/airflow/dags/driven_data_pipeline.py for tasks to queue
[2026-06-19T03:00:29.491+0000] {logging_mixin.py:190} INFO - [2026-06-19T03:00:29.491+0000] {dagbag.py:588} INFO - Filling up the DagBag from /opt/airflow/dags/driven_data_pipeline.py
[2026-06-19T03:00:29.573+0000] {processor.py:925} INFO - DAG(s) 'extract_raw_data_pipeline' retrieved from /opt/airflow/dags/driven_data_pipeline.py
[2026-06-19T03:00:29.589+0000] {logging_mixin.py:190} INFO - [2026-06-19T03:00:29.588+0000] {dag.py:3239} INFO - Sync 1 DAGs
[2026-06-19T03:00:29.602+0000] {logging_mixin.py:190} INFO - [2026-06-19T03:00:29.602+0000] {dag.py:4180} INFO - Setting next_dagrun for extract_raw_data_pipeline to 2026-06-18 07:59:00+00:00, run_after=2026-06-19 07:00:00+00:00
[2026-06-19T03:00:29.615+0000] {processor.py:208} INFO - Processing /opt/airflow/dags/driven_data_pipeline.py took 0.130 seconds
[2026-06-19T03:00:59.934+0000] {processor.py:186} INFO - Started process (PID=6631) to work on /opt/airflow/dags/driven_data_pipeline.py
[2026-06-19T03:00:59.934+0000] {processor.py:914} INFO - Processing file /opt/airflow/dags/driven_data_pipeline.py for tasks to queue
[2026-06-19T03:00:59.936+0000] {logging_mixin.py:190} INFO - [2026-06-19T03:00:59.935+0000] {dagbag.py:588} INFO - Filling up the DagBag from /opt/airflow/dags/driven_data_pipeline.py
[2026-06-19T03:01:00.016+0000] {processor.py:925} INFO - DAG(s) 'extract_raw_data_pipeline' retrieved from /opt/airflow/dags/driven_data_pipeline.py
[2026-06-19T03:01:00.035+0000] {logging_mixin.py:190} INFO - [2026-06-19T03:01:00.035+0000] {dag.py:3239} INFO - Sync 1 DAGs
[2026-06-19T03:01:00.046+0000] {logging_mixin.py:190} INFO - [2026-06-19T03:01:00.046+0000] {dag.py:4180} INFO - Setting next_dagrun for extract_raw_data_pipeline to 2026-06-18 07:59:00+00:00, run_after=2026-06-19 07:00:00+00:00
[2026-06-19T03:01:00.057+0000] {processor.py:208} INFO - Processing /opt/airflow/dags/driven_data_pipeline.py took 0.127 seconds
[2026-06-19T03:01:30.321+0000] {processor.py:186} INFO - Started process (PID=6639) to work on /opt/airflow/dags/driven_data_pipeline.py
[2026-06-19T03:01:30.322+0000] {processor.py:914} INFO - Processing file /opt/airflow/dags/driven_data_pipeline.py for tasks to queue
[2026-06-19T03:01:30.323+0000] {logging_mixin.py:190} INFO - [2026-06-19T03:01:30.323+0000] {dagbag.py:588} INFO - Filling up the DagBag from /opt/airflow/dags/driven_data_pipeline.py
[2026-06-19T03:01:30.403+0000] {processor.py:925} INFO - DAG(s) 'extract_raw_data_pipeline' retrieved from /opt/airflow/dags/driven_data_pipeline.py
[2026-06-19T03:01:30.417+0000] {logging_mixin.py:190} INFO - [2026-06-19T03:01:30.416+0000] {dag.py:3239} INFO - Sync 1 DAGs
[2026-06-19T03:01:30.428+0000] {logging_mixin.py:190} INFO - [2026-06-19T03:01:30.427+0000] {dag.py:4180} INFO - Setting next_dagrun for extract_raw_data_pipeline to 2026-06-18 07:59:00+00:00, run_after=2026-06-19 07:00:00+00:00
[2026-06-19T03:01:30.440+0000] {processor.py:208} INFO - Processing /opt/airflow/dags/driven_data_pipeline.py took 0.124 seconds
[2026-06-19T03:02:00.650+0000] {processor.py:186} INFO - Started process (PID=6647) to work on /opt/airflow/dags/driven_data_pipeline.py
[2026-06-19T03:02:00.651+0000] {processor.py:914} INFO - Processing file /opt/airflow/dags/driven_data_pipeline.py for tasks to queue
[2026-06-19T03:02:00.652+0000] {logging_mixin.py:190} INFO - [2026-06-19T03:02:00.652+0000] {dagbag.py:588} INFO - Filling up the DagBag from /opt/airflow/dags/driven_data_pipeline.py
[2026-06-19T03:02:00.731+0000] {processor.py:925} INFO - DAG(s) 'extract_raw_data_pipeline' retrieved from /opt/airflow/dags/driven_data_pipeline.py
[2026-06-19T03:02:00.746+0000] {logging_mixin.py:190} INFO - [2026-06-19T03:02:00.746+0000] {dag.py:3239} INFO - Sync 1 DAGs
[2026-06-19T03:02:00.759+0000] {logging_mixin.py:190} INFO - [2026-06-19T03:02:00.759+0000] {dag.py:4180} INFO - Setting next_dagrun for extract_raw_data_pipeline to 2026-06-18 07:59:00+00:00, run_after=2026-06-19 07:00:00+00:00
[2026-06-19T03:02:00.782+0000] {processor.py:208} INFO - Processing /opt/airflow/dags/driven_data_pipeline.py took 0.136 seconds
[2026-06-19T03:02:30.926+0000] {processor.py:186} INFO - Started process (PID=6655) to work on /opt/airflow/dags/driven_data_pipeline.py
[2026-06-19T03:02:30.927+0000] {processor.py:914} INFO - Processing file /opt/airflow/dags/driven_data_pipeline.py for tasks to queue
[2026-06-19T03:02:30.929+0000] {logging_mixin.py:190} INFO - [2026-06-19T03:02:30.928+0000] {dagbag.py:588} INFO - Filling up the DagBag from /opt/airflow/dags/driven_data_pipeline.py
[2026-06-19T03:02:31.008+0000] {processor.py:925} INFO - DAG(s) 'extract_raw_data_pipeline' retrieved from /opt/airflow/dags/driven_data_pipeline.py
[2026-06-19T03:02:31.024+0000] {logging_mixin.py:190} INFO - [2026-06-19T03:02:31.024+0000] {dag.py:3239} INFO - Sync 1 DAGs
[2026-06-19T03:02:31.037+0000] {logging_mixin.py:190} INFO - [2026-06-19T03:02:31.036+0000] {dag.py:4180} INFO - Setting next_dagrun for extract_raw_data_pipeline to 2026-06-18 07:59:00+00:00, run_after=2026-06-19 07:00:00+00:00
[2026-06-19T03:02:31.059+0000] {processor.py:208} INFO - Processing /opt/airflow/dags/driven_data_pipeline.py took 0.136 seconds
[2026-06-19T03:03:01.253+0000] {processor.py:186} INFO - Started process (PID=6663) to work on /opt/airflow/dags/driven_data_pipeline.py
[2026-06-19T03:03:01.254+0000] {processor.py:914} INFO - Processing file /opt/airflow/dags/driven_data_pipeline.py for tasks to queue
[2026-06-19T03:03:01.256+0000] {logging_mixin.py:190} INFO - [2026-06-19T03:03:01.255+0000] {dagbag.py:588} INFO - Filling up the DagBag from /opt/airflow/dags/driven_data_pipeline.py
[2026-06-19T03:03:01.343+0000] {processor.py:925} INFO - DAG(s) 'extract_raw_data_pipeline' retrieved from /opt/airflow/dags/driven_data_pipeline.py
[2026-06-19T03:03:01.357+0000] {logging_mixin.py:190} INFO - [2026-06-19T03:03:01.357+0000] {dag.py:3239} INFO - Sync 1 DAGs
[2026-06-19T03:03:01.371+0000] {logging_mixin.py:190} INFO - [2026-06-19T03:03:01.371+0000] {dag.py:4180} INFO - Setting next_dagrun for extract_raw_data_pipeline to 2026-06-18 07:59:00+00:00, run_after=2026-06-19 07:00:00+00:00
[2026-06-19T03:03:01.384+0000] {processor.py:208} INFO - Processing /opt/airflow/dags/driven_data_pipeline.py took 0.134 seconds
[2026-06-19T03:03:31.654+0000] {processor.py:186} INFO - Started process (PID=6671) to work on /opt/airflow/dags/driven_data_pipeline.py
[2026-06-19T03:03:31.655+0000] {processor.py:914} INFO - Processing file /opt/airflow/dags/driven_data_pipeline.py for tasks to queue
[2026-06-19T03:03:31.656+0000] {logging_mixin.py:190} INFO - [2026-06-19T03:03:31.656+0000] {dagbag.py:588} INFO - Filling up the DagBag from /opt/airflow/dags/driven_data_pipeline.py
[2026-06-19T03:03:31.736+0000] {processor.py:925} INFO - DAG(s) 'extract_raw_data_pipeline' retrieved from /opt/airflow/dags/driven_data_pipeline.py
[2026-06-19T03:03:31.751+0000] {logging_mixin.py:190} INFO - [2026-06-19T03:03:31.751+0000] {dag.py:3239} INFO - Sync 1 DAGs
[2026-06-19T03:03:31.763+0000] {logging_mixin.py:190} INFO - [2026-06-19T03:03:31.763+0000] {dag.py:4180} INFO - Setting next_dagrun for extract_raw_data_pipeline to 2026-06-18 07:59:00+00:00, run_after=2026-06-19 07:00:00+00:00
[2026-06-19T03:03:31.776+0000] {processor.py:208} INFO - Processing /opt/airflow/dags/driven_data_pipeline.py took 0.126 seconds
[2026-06-19T03:04:02.091+0000] {processor.py:186} INFO - Started process (PID=6679) to work on /opt/airflow/dags/driven_data_pipeline.py
[2026-06-19T03:04:02.092+0000] {processor.py:914} INFO - Processing file /opt/airflow/dags/driven_data_pipeline.py for tasks to queue
[2026-06-19T03:04:02.094+0000] {logging_mixin.py:190} INFO - [2026-06-19T03:04:02.094+0000] {dagbag.py:588} INFO - Filling up the DagBag from /opt/airflow/dags/driven_data_pipeline.py
[2026-06-19T03:04:02.194+0000] {processor.py:925} INFO - DAG(s) 'extract_raw_data_pipeline' retrieved from /opt/airflow/dags/driven_data_pipeline.py
[2026-06-19T03:04:02.209+0000] {logging_mixin.py:190} INFO - [2026-06-19T03:04:02.209+0000] {dag.py:3239} INFO - Sync 1 DAGs
[2026-06-19T03:04:02.223+0000] {logging_mixin.py:190} INFO - [2026-06-19T03:04:02.223+0000] {dag.py:4180} INFO - Setting next_dagrun for extract_raw_data_pipeline to 2026-06-18 07:59:00+00:00, run_after=2026-06-19 07:00:00+00:00
[2026-06-19T03:04:02.236+0000] {processor.py:208} INFO - Processing /opt/airflow/dags/driven_data_pipeline.py took 0.149 seconds
[2026-06-19T03:04:32.419+0000] {processor.py:186} INFO - Started process (PID=6687) to work on /opt/airflow/dags/driven_data_pipeline.py
[2026-06-19T03:04:32.420+0000] {processor.py:914} INFO - Processing file /opt/airflow/dags/driven_data_pipeline.py for tasks to queue
[2026-06-19T03:04:32.422+0000] {logging_mixin.py:190} INFO - [2026-06-19T03:04:32.421+0000] {dagbag.py:588} INFO - Filling up the DagBag from /opt/airflow/dags/driven_data_pipeline.py
[2026-06-19T03:04:32.502+0000] {processor.py:925} INFO - DAG(s) 'extract_raw_data_pipeline' retrieved from /opt/airflow/dags/driven_data_pipeline.py
[2026-06-19T03:04:32.518+0000] {logging_mixin.py:190} INFO - [2026-06-19T03:04:32.518+0000] {dag.py:3239} INFO - Sync 1 DAGs
[2026-06-19T03:04:32.530+0000] {logging_mixin.py:190} INFO - [2026-06-19T03:04:32.530+0000] {dag.py:4180} INFO - Setting next_dagrun for extract_raw_data_pipeline to 2026-06-18 07:59:00+00:00, run_after=2026-06-19 07:00:00+00:00
[2026-06-19T03:04:32.542+0000] {processor.py:208} INFO - Processing /opt/airflow/dags/driven_data_pipeline.py took 0.127 seconds
[2026-06-19T03:05:02.944+0000] {processor.py:186} INFO - Started process (PID=6695) to work on /opt/airflow/dags/driven_data_pipeline.py
[2026-06-19T03:05:02.944+0000] {processor.py:914} INFO - Processing file /opt/airflow/dags/driven_data_pipeline.py for tasks to queue
[2026-06-19T03:05:02.946+0000] {logging_mixin.py:190} INFO - [2026-06-19T03:05:02.946+0000] {dagbag.py:588} INFO - Filling up the DagBag from /opt/airflow/dags/driven_data_pipeline.py
[2026-06-19T03:05:03.025+0000] {processor.py:925} INFO - DAG(s) 'extract_raw_data_pipeline' retrieved from /opt/airflow/dags/driven_data_pipeline.py
[2026-06-19T03:05:03.039+0000] {logging_mixin.py:190} INFO - [2026-06-19T03:05:03.039+0000] {dag.py:3239} INFO - Sync 1 DAGs
[2026-06-19T03:05:03.050+0000] {logging_mixin.py:190} INFO - [2026-06-19T03:05:03.050+0000] {dag.py:4180} INFO - Setting next_dagrun for extract_raw_data_pipeline to 2026-06-18 07:59:00+00:00, run_after=2026-06-19 07:00:00+00:00
[2026-06-19T03:05:03.062+0000] {processor.py:208} INFO - Processing /opt/airflow/dags/driven_data_pipeline.py took 0.122 seconds
[2026-06-19T03:05:33.291+0000] {processor.py:186} INFO - Started process (PID=6703) to work on /opt/airflow/dags/driven_data_pipeline.py
[2026-06-19T03:05:33.292+0000] {processor.py:914} INFO - Processing file /opt/airflow/dags/driven_data_pipeline.py for tasks to queue
[2026-06-19T03:05:33.294+0000] {logging_mixin.py:190} INFO - [2026-06-19T03:05:33.293+0000] {dagbag.py:588} INFO - Filling up the DagBag from /opt/airflow/dags/driven_data_pipeline.py
[2026-06-19T03:05:33.375+0000] {processor.py:925} INFO - DAG(s) 'extract_raw_data_pipeline' retrieved from /opt/airflow/dags/driven_data_pipeline.py
[2026-06-19T03:05:33.388+0000] {logging_mixin.py:190} INFO - [2026-06-19T03:05:33.388+0000] {dag.py:3239} INFO - Sync 1 DAGs
[2026-06-19T03:05:33.399+0000] {logging_mixin.py:190} INFO - [2026-06-19T03:05:33.399+0000] {dag.py:4180} INFO - Setting next_dagrun for extract_raw_data_pipeline to 2026-06-18 07:59:00+00:00, run_after=2026-06-19 07:00:00+00:00
[2026-06-19T03:05:33.412+0000] {processor.py:208} INFO - Processing /opt/airflow/dags/driven_data_pipeline.py took 0.124 seconds
[2026-06-19T03:06:03.725+0000] {processor.py:186} INFO - Started process (PID=6711) to work on /opt/airflow/dags/driven_data_pipeline.py
[2026-06-19T03:06:03.725+0000] {processor.py:914} INFO - Processing file /opt/airflow/dags/driven_data_pipeline.py for tasks to queue
[2026-06-19T03:06:03.727+0000] {logging_mixin.py:190} INFO - [2026-06-19T03:06:03.727+0000] {dagbag.py:588} INFO - Filling up the DagBag from /opt/airflow/dags/driven_data_pipeline.py
[2026-06-19T03:06:03.808+0000] {processor.py:925} INFO - DAG(s) 'extract_raw_data_pipeline' retrieved from /opt/airflow/dags/driven_data_pipeline.py
[2026-06-19T03:06:03.822+0000] {logging_mixin.py:190} INFO - [2026-06-19T03:06:03.822+0000] {dag.py:3239} INFO - Sync 1 DAGs
[2026-06-19T03:06:03.835+0000] {logging_mixin.py:190} INFO - [2026-06-19T03:06:03.835+0000] {dag.py:4180} INFO - Setting next_dagrun for extract_raw_data_pipeline to 2026-06-18 07:59:00+00:00, run_after=2026-06-19 07:00:00+00:00
[2026-06-19T03:06:03.850+0000] {processor.py:208} INFO - Processing /opt/airflow/dags/driven_data_pipeline.py took 0.129 seconds
[2026-06-19T03:06:34.055+0000] {processor.py:186} INFO - Started process (PID=6719) to work on /opt/airflow/dags/driven_data_pipeline.py
[2026-06-19T03:06:34.056+0000] {processor.py:914} INFO - Processing file /opt/airflow/dags/driven_data_pipeline.py for tasks to queue
[2026-06-19T03:06:34.058+0000] {logging_mixin.py:190} INFO - [2026-06-19T03:06:34.058+0000] {dagbag.py:588} INFO - Filling up the DagBag from /opt/airflow/dags/driven_data_pipeline.py
[2026-06-19T03:06:34.155+0000] {processor.py:925} INFO - DAG(s) 'extract_raw_data_pipeline' retrieved from /opt/airflow/dags/driven_data_pipeline.py
[2026-06-19T03:06:34.171+0000] {logging_mixin.py:190} INFO - [2026-06-19T03:06:34.171+0000] {dag.py:3239} INFO - Sync 1 DAGs
[2026-06-19T03:06:34.182+0000] {logging_mixin.py:190} INFO - [2026-06-19T03:06:34.182+0000] {dag.py:4180} INFO - Setting next_dagrun for extract_raw_data_pipeline to 2026-06-18 07:59:00+00:00, run_after=2026-06-19 07:00:00+00:00
[2026-06-19T03:06:34.204+0000] {processor.py:208} INFO - Processing /opt/airflow/dags/driven_data_pipeline.py took 0.153 seconds
[2026-06-19T03:07:04.503+0000] {processor.py:186} INFO - Started process (PID=6727) to work on /opt/airflow/dags/driven_data_pipeline.py
[2026-06-19T03:07:04.504+0000] {processor.py:914} INFO - Processing file /opt/airflow/dags/driven_data_pipeline.py for tasks to queue
[2026-06-19T03:07:04.505+0000] {logging_mixin.py:190} INFO - [2026-06-19T03:07:04.505+0000] {dagbag.py:588} INFO - Filling up the DagBag from /opt/airflow/dags/driven_data_pipeline.py
[2026-06-19T03:07:04.585+0000] {processor.py:925} INFO - DAG(s) 'extract_raw_data_pipeline' retrieved from /opt/airflow/dags/driven_data_pipeline.py
[2026-06-19T03:07:04.600+0000] {logging_mixin.py:190} INFO - [2026-06-19T03:07:04.600+0000] {dag.py:3239} INFO - Sync 1 DAGs
[2026-06-19T03:07:04.612+0000] {logging_mixin.py:190} INFO - [2026-06-19T03:07:04.612+0000] {dag.py:4180} INFO - Setting next_dagrun for extract_raw_data_pipeline to 2026-06-18 07:59:00+00:00, run_after=2026-06-19 07:00:00+00:00
[2026-06-19T03:07:04.626+0000] {processor.py:208} INFO - Processing /opt/airflow/dags/driven_data_pipeline.py took 0.127 seconds
[2026-06-19T03:07:34.811+0000] {processor.py:186} INFO - Started process (PID=6735) to work on /opt/airflow/dags/driven_data_pipeline.py
[2026-06-19T03:07:34.812+0000] {processor.py:914} INFO - Processing file /opt/airflow/dags/driven_data_pipeline.py for tasks to queue
[2026-06-19T03:07:34.813+0000] {logging_mixin.py:190} INFO - [2026-06-19T03:07:34.813+0000] {dagbag.py:588} INFO - Filling up the DagBag from /opt/airflow/dags/driven_data_pipeline.py
[2026-06-19T03:07:34.892+0000] {processor.py:925} INFO - DAG(s) 'extract_raw_data_pipeline' retrieved from /opt/airflow/dags/driven_data_pipeline.py
[2026-06-19T03:07:34.907+0000] {logging_mixin.py:190} INFO - [2026-06-19T03:07:34.907+0000] {dag.py:3239} INFO - Sync 1 DAGs
[2026-06-19T03:07:34.920+0000] {logging_mixin.py:190} INFO - [2026-06-19T03:07:34.920+0000] {dag.py:4180} INFO - Setting next_dagrun for extract_raw_data_pipeline to 2026-06-18 07:59:00+00:00, run_after=2026-06-19 07:00:00+00:00
[2026-06-19T03:07:34.947+0000] {processor.py:208} INFO - Processing /opt/airflow/dags/driven_data_pipeline.py took 0.140 seconds
[2026-06-19T03:08:05.150+0000] {processor.py:186} INFO - Started process (PID=6743) to work on /opt/airflow/dags/driven_data_pipeline.py
[2026-06-19T03:08:05.151+0000] {processor.py:914} INFO - Processing file /opt/airflow/dags/driven_data_pipeline.py for tasks to queue
[2026-06-19T03:08:05.152+0000] {logging_mixin.py:190} INFO - [2026-06-19T03:08:05.152+0000] {dagbag.py:588} INFO - Filling up the DagBag from /opt/airflow/dags/driven_data_pipeline.py
[2026-06-19T03:08:05.233+0000] {processor.py:925} INFO - DAG(s) 'extract_raw_data_pipeline' retrieved from /opt/airflow/dags/driven_data_pipeline.py
[2026-06-19T03:08:05.247+0000] {logging_mixin.py:190} INFO - [2026-06-19T03:08:05.247+0000] {dag.py:3239} INFO - Sync 1 DAGs
[2026-06-19T03:08:05.260+0000] {logging_mixin.py:190} INFO - [2026-06-19T03:08:05.259+0000] {dag.py:4180} INFO - Setting next_dagrun for extract_raw_data_pipeline to 2026-06-18 07:59:00+00:00, run_after=2026-06-19 07:00:00+00:00
[2026-06-19T03:08:05.281+0000] {processor.py:208} INFO - Processing /opt/airflow/dags/driven_data_pipeline.py took 0.134 seconds
[2026-06-19T03:08:35.533+0000] {processor.py:186} INFO - Started process (PID=6751) to work on /opt/airflow/dags/driven_data_pipeline.py
[2026-06-19T03:08:35.534+0000] {processor.py:914} INFO - Processing file /opt/airflow/dags/driven_data_pipeline.py for tasks to queue
[2026-06-19T03:08:35.535+0000] {logging_mixin.py:190} INFO - [2026-06-19T03:08:35.535+0000] {dagbag.py:588} INFO - Filling up the DagBag from /opt/airflow/dags/driven_data_pipeline.py
[2026-06-19T03:08:35.629+0000] {processor.py:925} INFO - DAG(s) 'extract_raw_data_pipeline' retrieved from /opt/airflow/dags/driven_data_pipeline.py
[2026-06-19T03:08:35.642+0000] {logging_mixin.py:190} INFO - [2026-06-19T03:08:35.642+0000] {dag.py:3239} INFO - Sync 1 DAGs
[2026-06-19T03:08:35.654+0000] {logging_mixin.py:190} INFO - [2026-06-19T03:08:35.654+0000] {dag.py:4180} INFO - Setting next_dagrun for extract_raw_data_pipeline to 2026-06-18 07:59:00+00:00, run_after=2026-06-19 07:00:00+00:00
[2026-06-19T03:08:35.667+0000] {processor.py:208} INFO - Processing /opt/airflow/dags/driven_data_pipeline.py took 0.137 seconds
[2026-06-19T03:09:05.948+0000] {processor.py:186} INFO - Started process (PID=6759) to work on /opt/airflow/dags/driven_data_pipeline.py
[2026-06-19T03:09:05.949+0000] {processor.py:914} INFO - Processing file /opt/airflow/dags/driven_data_pipeline.py for tasks to queue
[2026-06-19T03:09:05.950+0000] {logging_mixin.py:190} INFO - [2026-06-19T03:09:05.950+0000] {dagbag.py:588} INFO - Filling up the DagBag from /opt/airflow/dags/driven_data_pipeline.py
[2026-06-19T03:09:06.034+0000] {processor.py:925} INFO - DAG(s) 'extract_raw_data_pipeline' retrieved from /opt/airflow/dags/driven_data_pipeline.py
[2026-06-19T03:09:06.048+0000] {logging_mixin.py:190} INFO - [2026-06-19T03:09:06.048+0000] {dag.py:3239} INFO - Sync 1 DAGs
[2026-06-19T03:09:06.059+0000] {logging_mixin.py:190} INFO - [2026-06-19T03:09:06.059+0000] {dag.py:4180} INFO - Setting next_dagrun for extract_raw_data_pipeline to 2026-06-18 07:59:00+00:00, run_after=2026-06-19 07:00:00+00:00
[2026-06-19T03:09:06.071+0000] {processor.py:208} INFO - Processing /opt/airflow/dags/driven_data_pipeline.py took 0.126 seconds
[2026-06-19T03:09:36.410+0000] {processor.py:186} INFO - Started process (PID=6767) to work on /opt/airflow/dags/driven_data_pipeline.py
[2026-06-19T03:09:36.410+0000] {processor.py:914} INFO - Processing file /opt/airflow/dags/driven_data_pipeline.py for tasks to queue
[2026-06-19T03:09:36.412+0000] {logging_mixin.py:190} INFO - [2026-06-19T03:09:36.412+0000] {dagbag.py:588} INFO - Filling up the DagBag from /opt/airflow/dags/driven_data_pipeline.py
[2026-06-19T03:09:36.494+0000] {processor.py:925} INFO - DAG(s) 'extract_raw_data_pipeline' retrieved from /opt/airflow/dags/driven_data_pipeline.py
[2026-06-19T03:09:36.509+0000] {logging_mixin.py:190} INFO - [2026-06-19T03:09:36.508+0000] {dag.py:3239} INFO - Sync 1 DAGs
[2026-06-19T03:09:36.522+0000] {logging_mixin.py:190} INFO - [2026-06-19T03:09:36.521+0000] {dag.py:4180} INFO - Setting next_dagrun for extract_raw_data_pipeline to 2026-06-18 07:59:00+00:00, run_after=2026-06-19 07:00:00+00:00
[2026-06-19T03:09:36.538+0000] {processor.py:208} INFO - Processing /opt/airflow/dags/driven_data_pipeline.py took 0.132 seconds
[2026-06-19T03:10:07.011+0000] {processor.py:186} INFO - Started process (PID=6775) to work on /opt/airflow/dags/driven_data_pipeline.py
[2026-06-19T03:10:07.012+0000] {processor.py:914} INFO - Processing file /opt/airflow/dags/driven_data_pipeline.py for tasks to queue
[2026-06-19T03:10:07.013+0000] {logging_mixin.py:190} INFO - [2026-06-19T03:10:07.013+0000] {dagbag.py:588} INFO - Filling up the DagBag from /opt/airflow/dags/driven_data_pipeline.py
[2026-06-19T03:10:07.093+0000] {processor.py:925} INFO - DAG(s) 'extract_raw_data_pipeline' retrieved from /opt/airflow/dags/driven_data_pipeline.py
[2026-06-19T03:10:07.106+0000] {logging_mixin.py:190} INFO - [2026-06-19T03:10:07.106+0000] {dag.py:3239} INFO - Sync 1 DAGs
[2026-06-19T03:10:07.119+0000] {logging_mixin.py:190} INFO - [2026-06-19T03:10:07.119+0000] {dag.py:4180} INFO - Setting next_dagrun for extract_raw_data_pipeline to 2026-06-18 07:59:00+00:00, run_after=2026-06-19 07:00:00+00:00
[2026-06-19T03:10:07.131+0000] {processor.py:208} INFO - Processing /opt/airflow/dags/driven_data_pipeline.py took 0.123 seconds
[2026-06-19T03:10:37.312+0000] {processor.py:186} INFO - Started process (PID=6783) to work on /opt/airflow/dags/driven_data_pipeline.py
[2026-06-19T03:10:37.313+0000] {processor.py:914} INFO - Processing file /opt/airflow/dags/driven_data_pipeline.py for tasks to queue
[2026-06-19T03:10:37.315+0000] {logging_mixin.py:190} INFO - [2026-06-19T03:10:37.315+0000] {dagbag.py:588} INFO - Filling up the DagBag from /opt/airflow/dags/driven_data_pipeline.py
[2026-06-19T03:10:37.411+0000] {processor.py:925} INFO - DAG(s) 'extract_raw_data_pipeline' retrieved from /opt/airflow/dags/driven_data_pipeline.py
[2026-06-19T03:10:37.425+0000] {logging_mixin.py:190} INFO - [2026-06-19T03:10:37.425+0000] {dag.py:3239} INFO - Sync 1 DAGs
[2026-06-19T03:10:37.438+0000] {logging_mixin.py:190} INFO - [2026-06-19T03:10:37.438+0000] {dag.py:4180} INFO - Setting next_dagrun for extract_raw_data_pipeline to 2026-06-18 07:59:00+00:00, run_after=2026-06-19 07:00:00+00:00
[2026-06-19T03:10:37.452+0000] {processor.py:208} INFO - Processing /opt/airflow/dags/driven_data_pipeline.py took 0.144 seconds
[2026-06-19T03:11:07.705+0000] {processor.py:186} INFO - Started process (PID=6791) to work on /opt/airflow/dags/driven_data_pipeline.py
[2026-06-19T03:11:07.706+0000] {processor.py:914} INFO - Processing file /opt/airflow/dags/driven_data_pipeline.py for tasks to queue
[2026-06-19T03:11:07.707+0000] {logging_mixin.py:190} INFO - [2026-06-19T03:11:07.707+0000] {dagbag.py:588} INFO - Filling up the DagBag from /opt/airflow/dags/driven_data_pipeline.py
[2026-06-19T03:11:07.787+0000] {processor.py:925} INFO - DAG(s) 'extract_raw_data_pipeline' retrieved from /opt/airflow/dags/driven_data_pipeline.py
[2026-06-19T03:11:07.802+0000] {logging_mixin.py:190} INFO - [2026-06-19T03:11:07.801+0000] {dag.py:3239} INFO - Sync 1 DAGs
[2026-06-19T03:11:07.814+0000] {logging_mixin.py:190} INFO - [2026-06-19T03:11:07.813+0000] {dag.py:4180} INFO - Setting next_dagrun for extract_raw_data_pipeline to 2026-06-18 07:59:00+00:00, run_after=2026-06-19 07:00:00+00:00
[2026-06-19T03:11:07.826+0000] {processor.py:208} INFO - Processing /opt/airflow/dags/driven_data_pipeline.py took 0.124 seconds
[2026-06-19T03:11:38.119+0000] {processor.py:186} INFO - Started process (PID=6798) to work on /opt/airflow/dags/driven_data_pipeline.py
[2026-06-19T03:11:38.120+0000] {processor.py:914} INFO - Processing file /opt/airflow/dags/driven_data_pipeline.py for tasks to queue
[2026-06-19T03:11:38.122+0000] {logging_mixin.py:190} INFO - [2026-06-19T03:11:38.121+0000] {dagbag.py:588} INFO - Filling up the DagBag from /opt/airflow/dags/driven_data_pipeline.py
[2026-06-19T03:11:38.220+0000] {processor.py:925} INFO - DAG(s) 'extract_raw_data_pipeline' retrieved from /opt/airflow/dags/driven_data_pipeline.py
[2026-06-19T03:11:38.238+0000] {logging_mixin.py:190} INFO - [2026-06-19T03:11:38.238+0000] {dag.py:3239} INFO - Sync 1 DAGs
[2026-06-19T03:11:38.250+0000] {logging_mixin.py:190} INFO - [2026-06-19T03:11:38.250+0000] {dag.py:4180} INFO - Setting next_dagrun for extract_raw_data_pipeline to 2026-06-18 07:59:00+00:00, run_after=2026-06-19 07:00:00+00:00
[2026-06-19T03:11:38.263+0000] {processor.py:208} INFO - Processing /opt/airflow/dags/driven_data_pipeline.py took 0.147 seconds
[2026-06-19T03:12:08.470+0000] {processor.py:186} INFO - Started process (PID=6812) to work on /opt/airflow/dags/driven_data_pipeline.py
[2026-06-19T03:12:08.471+0000] {processor.py:914} INFO - Processing file /opt/airflow/dags/driven_data_pipeline.py for tasks to queue
[2026-06-19T03:12:08.472+0000] {logging_mixin.py:190} INFO - [2026-06-19T03:12:08.472+0000] {dagbag.py:588} INFO - Filling up the DagBag from /opt/airflow/dags/driven_data_pipeline.py
[2026-06-19T03:12:08.554+0000] {processor.py:925} INFO - DAG(s) 'extract_raw_data_pipeline' retrieved from /opt/airflow/dags/driven_data_pipeline.py
[2026-06-19T03:12:08.568+0000] {logging_mixin.py:190} INFO - [2026-06-19T03:12:08.568+0000] {dag.py:3239} INFO - Sync 1 DAGs
[2026-06-19T03:12:08.581+0000] {logging_mixin.py:190} INFO - [2026-06-19T03:12:08.581+0000] {dag.py:4180} INFO - Setting next_dagrun for extract_raw_data_pipeline to 2026-06-18 07:59:00+00:00, run_after=2026-06-19 07:00:00+00:00
[2026-06-19T03:12:08.595+0000] {processor.py:208} INFO - Processing /opt/airflow/dags/driven_data_pipeline.py took 0.128 seconds
[2026-06-19T03:12:38.840+0000] {processor.py:186} INFO - Started process (PID=6820) to work on /opt/airflow/dags/driven_data_pipeline.py
[2026-06-19T03:12:38.841+0000] {processor.py:914} INFO - Processing file /opt/airflow/dags/driven_data_pipeline.py for tasks to queue
[2026-06-19T03:12:38.842+0000] {logging_mixin.py:190} INFO - [2026-06-19T03:12:38.842+0000] {dagbag.py:588} INFO - Filling up the DagBag from /opt/airflow/dags/driven_data_pipeline.py
[2026-06-19T03:12:38.923+0000] {processor.py:925} INFO - DAG(s) 'extract_raw_data_pipeline' retrieved from /opt/airflow/dags/driven_data_pipeline.py
[2026-06-19T03:12:38.939+0000] {logging_mixin.py:190} INFO - [2026-06-19T03:12:38.939+0000] {dag.py:3239} INFO - Sync 1 DAGs
[2026-06-19T03:12:38.951+0000] {logging_mixin.py:190} INFO - [2026-06-19T03:12:38.951+0000] {dag.py:4180} INFO - Setting next_dagrun for extract_raw_data_pipeline to 2026-06-18 07:59:00+00:00, run_after=2026-06-19 07:00:00+00:00
[2026-06-19T03:12:38.968+0000] {processor.py:208} INFO - Processing /opt/airflow/dags/driven_data_pipeline.py took 0.131 seconds
[2026-06-19T03:13:09.232+0000] {processor.py:186} INFO - Started process (PID=6828) to work on /opt/airflow/dags/driven_data_pipeline.py
[2026-06-19T03:13:09.232+0000] {processor.py:914} INFO - Processing file /opt/airflow/dags/driven_data_pipeline.py for tasks to queue
[2026-06-19T03:13:09.234+0000] {logging_mixin.py:190} INFO - [2026-06-19T03:13:09.234+0000] {dagbag.py:588} INFO - Filling up the DagBag from /opt/airflow/dags/driven_data_pipeline.py
[2026-06-19T03:13:09.315+0000] {processor.py:925} INFO - DAG(s) 'extract_raw_data_pipeline' retrieved from /opt/airflow/dags/driven_data_pipeline.py
[2026-06-19T03:13:09.330+0000] {logging_mixin.py:190} INFO - [2026-06-19T03:13:09.330+0000] {dag.py:3239} INFO - Sync 1 DAGs
[2026-06-19T03:13:09.342+0000] {logging_mixin.py:190} INFO - [2026-06-19T03:13:09.342+0000] {dag.py:4180} INFO - Setting next_dagrun for extract_raw_data_pipeline to 2026-06-18 07:59:00+00:00, run_after=2026-06-19 07:00:00+00:00
[2026-06-19T03:13:09.366+0000] {processor.py:208} INFO - Processing /opt/airflow/dags/driven_data_pipeline.py took 0.138 seconds
[2026-06-19T03:13:39.593+0000] {processor.py:186} INFO - Started process (PID=6836) to work on /opt/airflow/dags/driven_data_pipeline.py
[2026-06-19T03:13:39.594+0000] {processor.py:914} INFO - Processing file /opt/airflow/dags/driven_data_pipeline.py for tasks to queue
[2026-06-19T03:13:39.595+0000] {logging_mixin.py:190} INFO - [2026-06-19T03:13:39.595+0000] {dagbag.py:588} INFO - Filling up the DagBag from /opt/airflow/dags/driven_data_pipeline.py
[2026-06-19T03:13:39.677+0000] {processor.py:925} INFO - DAG(s) 'extract_raw_data_pipeline' retrieved from /opt/airflow/dags/driven_data_pipeline.py
[2026-06-19T03:13:39.692+0000] {logging_mixin.py:190} INFO - [2026-06-19T03:13:39.692+0000] {dag.py:3239} INFO - Sync 1 DAGs
[2026-06-19T03:13:39.705+0000] {logging_mixin.py:190} INFO - [2026-06-19T03:13:39.705+0000] {dag.py:4180} INFO - Setting next_dagrun for extract_raw_data_pipeline to 2026-06-18 07:59:00+00:00, run_after=2026-06-19 07:00:00+00:00
[2026-06-19T03:13:39.718+0000] {processor.py:208} INFO - Processing /opt/airflow/dags/driven_data_pipeline.py took 0.129 seconds
[2026-06-19T03:14:10.065+0000] {processor.py:186} INFO - Started process (PID=6844) to work on /opt/airflow/dags/driven_data_pipeline.py
[2026-06-19T03:14:10.066+0000] {processor.py:914} INFO - Processing file /opt/airflow/dags/driven_data_pipeline.py for tasks to queue
[2026-06-19T03:14:10.068+0000] {logging_mixin.py:190} INFO - [2026-06-19T03:14:10.067+0000] {dagbag.py:588} INFO - Filling up the DagBag from /opt/airflow/dags/driven_data_pipeline.py
[2026-06-19T03:14:10.156+0000] {processor.py:925} INFO - DAG(s) 'extract_raw_data_pipeline' retrieved from /opt/airflow/dags/driven_data_pipeline.py
[2026-06-19T03:14:10.171+0000] {logging_mixin.py:190} INFO - [2026-06-19T03:14:10.171+0000] {dag.py:3239} INFO - Sync 1 DAGs
[2026-06-19T03:14:10.185+0000] {logging_mixin.py:190} INFO - [2026-06-19T03:14:10.184+0000] {dag.py:4180} INFO - Setting next_dagrun for extract_raw_data_pipeline to 2026-06-18 07:59:00+00:00, run_after=2026-06-19 07:00:00+00:00
[2026-06-19T03:14:10.196+0000] {processor.py:208} INFO - Processing /opt/airflow/dags/driven_data_pipeline.py took 0.134 seconds
[2026-06-19T03:14:40.365+0000] {processor.py:186} INFO - Started process (PID=6852) to work on /opt/airflow/dags/driven_data_pipeline.py
[2026-06-19T03:14:40.365+0000] {processor.py:914} INFO - Processing file /opt/airflow/dags/driven_data_pipeline.py for tasks to queue
[2026-06-19T03:14:40.367+0000] {logging_mixin.py:190} INFO - [2026-06-19T03:14:40.367+0000] {dagbag.py:588} INFO - Filling up the DagBag from /opt/airflow/dags/driven_data_pipeline.py
[2026-06-19T03:14:40.449+0000] {processor.py:925} INFO - DAG(s) 'extract_raw_data_pipeline' retrieved from /opt/airflow/dags/driven_data_pipeline.py
[2026-06-19T03:14:40.464+0000] {logging_mixin.py:190} INFO - [2026-06-19T03:14:40.464+0000] {dag.py:3239} INFO - Sync 1 DAGs
[2026-06-19T03:14:40.476+0000] {logging_mixin.py:190} INFO - [2026-06-19T03:14:40.476+0000] {dag.py:4180} INFO - Setting next_dagrun for extract_raw_data_pipeline to 2026-06-18 07:59:00+00:00, run_after=2026-06-19 07:00:00+00:00
[2026-06-19T03:14:40.488+0000] {processor.py:208} INFO - Processing /opt/airflow/dags/driven_data_pipeline.py took 0.127 seconds
[2026-06-19T03:15:10.770+0000] {processor.py:186} INFO - Started process (PID=6860) to work on /opt/airflow/dags/driven_data_pipeline.py
[2026-06-19T03:15:10.771+0000] {processor.py:914} INFO - Processing file /opt/airflow/dags/driven_data_pipeline.py for tasks to queue
[2026-06-19T03:15:10.772+0000] {logging_mixin.py:190} INFO - [2026-06-19T03:15:10.772+0000] {dagbag.py:588} INFO - Filling up the DagBag from /opt/airflow/dags/driven_data_pipeline.py
[2026-06-19T03:15:10.862+0000] {processor.py:925} INFO - DAG(s) 'extract_raw_data_pipeline' retrieved from /opt/airflow/dags/driven_data_pipeline.py
[2026-06-19T03:15:10.876+0000] {logging_mixin.py:190} INFO - [2026-06-19T03:15:10.876+0000] {dag.py:3239} INFO - Sync 1 DAGs
[2026-06-19T03:15:10.889+0000] {logging_mixin.py:190} INFO - [2026-06-19T03:15:10.889+0000] {dag.py:4180} INFO - Setting next_dagrun for extract_raw_data_pipeline to 2026-06-18 07:59:00+00:00, run_after=2026-06-19 07:00:00+00:00
[2026-06-19T03:15:10.903+0000] {processor.py:208} INFO - Processing /opt/airflow/dags/driven_data_pipeline.py took 0.136 seconds
[2026-06-19T03:15:41.281+0000] {processor.py:186} INFO - Started process (PID=6868) to work on /opt/airflow/dags/driven_data_pipeline.py
[2026-06-19T03:15:41.281+0000] {processor.py:914} INFO - Processing file /opt/airflow/dags/driven_data_pipeline.py for tasks to queue
[2026-06-19T03:15:41.283+0000] {logging_mixin.py:190} INFO - [2026-06-19T03:15:41.283+0000] {dagbag.py:588} INFO - Filling up the DagBag from /opt/airflow/dags/driven_data_pipeline.py
[2026-06-19T03:15:41.363+0000] {processor.py:925} INFO - DAG(s) 'extract_raw_data_pipeline' retrieved from /opt/airflow/dags/driven_data_pipeline.py
[2026-06-19T03:15:41.377+0000] {logging_mixin.py:190} INFO - [2026-06-19T03:15:41.377+0000] {dag.py:3239} INFO - Sync 1 DAGs
[2026-06-19T03:15:41.390+0000] {logging_mixin.py:190} INFO - [2026-06-19T03:15:41.390+0000] {dag.py:4180} INFO - Setting next_dagrun for extract_raw_data_pipeline to 2026-06-18 07:59:00+00:00, run_after=2026-06-19 07:00:00+00:00
[2026-06-19T03:15:41.404+0000] {processor.py:208} INFO - Processing /opt/airflow/dags/driven_data_pipeline.py took 0.127 seconds
[2026-06-19T03:16:11.724+0000] {processor.py:186} INFO - Started process (PID=6876) to work on /opt/airflow/dags/driven_data_pipeline.py
[2026-06-19T03:16:11.728+0000] {processor.py:914} INFO - Processing file /opt/airflow/dags/driven_data_pipeline.py for tasks to queue
[2026-06-19T03:16:11.739+0000] {logging_mixin.py:190} INFO - [2026-06-19T03:16:11.739+0000] {dagbag.py:588} INFO - Filling up the DagBag from /opt/airflow/dags/driven_data_pipeline.py
[2026-06-19T03:16:11.865+0000] {processor.py:925} INFO - DAG(s) 'extract_raw_data_pipeline' retrieved from /opt/airflow/dags/driven_data_pipeline.py
[2026-06-19T03:16:11.879+0000] {logging_mixin.py:190} INFO - [2026-06-19T03:16:11.879+0000] {dag.py:3239} INFO - Sync 1 DAGs
[2026-06-19T03:16:11.898+0000] {logging_mixin.py:190} INFO - [2026-06-19T03:16:11.898+0000] {dag.py:4180} INFO - Setting next_dagrun for extract_raw_data_pipeline to 2026-06-18 07:59:00+00:00, run_after=2026-06-19 07:00:00+00:00
[2026-06-19T03:16:11.910+0000] {processor.py:208} INFO - Processing /opt/airflow/dags/driven_data_pipeline.py took 0.190 seconds
[2026-06-19T03:16:42.087+0000] {processor.py:186} INFO - Started process (PID=6884) to work on /opt/airflow/dags/driven_data_pipeline.py
[2026-06-19T03:16:42.088+0000] {processor.py:914} INFO - Processing file /opt/airflow/dags/driven_data_pipeline.py for tasks to queue
[2026-06-19T03:16:42.089+0000] {logging_mixin.py:190} INFO - [2026-06-19T03:16:42.089+0000] {dagbag.py:588} INFO - Filling up the DagBag from /opt/airflow/dags/driven_data_pipeline.py
[2026-06-19T03:16:42.182+0000] {processor.py:925} INFO - DAG(s) 'extract_raw_data_pipeline' retrieved from /opt/airflow/dags/driven_data_pipeline.py
[2026-06-19T03:16:42.198+0000] {logging_mixin.py:190} INFO - [2026-06-19T03:16:42.198+0000] {dag.py:3239} INFO - Sync 1 DAGs
[2026-06-19T03:16:42.210+0000] {logging_mixin.py:190} INFO - [2026-06-19T03:16:42.210+0000] {dag.py:4180} INFO - Setting next_dagrun for extract_raw_data_pipeline to 2026-06-18 07:59:00+00:00, run_after=2026-06-19 07:00:00+00:00
[2026-06-19T03:16:42.224+0000] {processor.py:208} INFO - Processing /opt/airflow/dags/driven_data_pipeline.py took 0.142 seconds
[2026-06-19T03:17:12.460+0000] {processor.py:186} INFO - Started process (PID=6892) to work on /opt/airflow/dags/driven_data_pipeline.py
[2026-06-19T03:17:12.461+0000] {processor.py:914} INFO - Processing file /opt/airflow/dags/driven_data_pipeline.py for tasks to queue
[2026-06-19T03:17:12.462+0000] {logging_mixin.py:190} INFO - [2026-06-19T03:17:12.462+0000] {dagbag.py:588} INFO - Filling up the DagBag from /opt/airflow/dags/driven_data_pipeline.py
[2026-06-19T03:17:12.553+0000] {processor.py:925} INFO - DAG(s) 'extract_raw_data_pipeline' retrieved from /opt/airflow/dags/driven_data_pipeline.py
[2026-06-19T03:17:12.567+0000] {logging_mixin.py:190} INFO - [2026-06-19T03:17:12.567+0000] {dag.py:3239} INFO - Sync 1 DAGs
[2026-06-19T03:17:12.580+0000] {logging_mixin.py:190} INFO - [2026-06-19T03:17:12.580+0000] {dag.py:4180} INFO - Setting next_dagrun for extract_raw_data_pipeline to 2026-06-18 07:59:00+00:00, run_after=2026-06-19 07:00:00+00:00
[2026-06-19T03:17:12.593+0000] {processor.py:208} INFO - Processing /opt/airflow/dags/driven_data_pipeline.py took 0.136 seconds
[2026-06-19T03:17:42.821+0000] {processor.py:186} INFO - Started process (PID=6900) to work on /opt/airflow/dags/driven_data_pipeline.py
[2026-06-19T03:17:42.821+0000] {processor.py:914} INFO - Processing file /opt/airflow/dags/driven_data_pipeline.py for tasks to queue
[2026-06-19T03:17:42.823+0000] {logging_mixin.py:190} INFO - [2026-06-19T03:17:42.823+0000] {dagbag.py:588} INFO - Filling up the DagBag from /opt/airflow/dags/driven_data_pipeline.py
[2026-06-19T03:17:42.903+0000] {processor.py:925} INFO - DAG(s) 'extract_raw_data_pipeline' retrieved from /opt/airflow/dags/driven_data_pipeline.py
[2026-06-19T03:17:42.917+0000] {logging_mixin.py:190} INFO - [2026-06-19T03:17:42.917+0000] {dag.py:3239} INFO - Sync 1 DAGs
[2026-06-19T03:17:42.930+0000] {logging_mixin.py:190} INFO - [2026-06-19T03:17:42.930+0000] {dag.py:4180} INFO - Setting next_dagrun for extract_raw_data_pipeline to 2026-06-18 07:59:00+00:00, run_after=2026-06-19 07:00:00+00:00
[2026-06-19T03:17:42.943+0000] {processor.py:208} INFO - Processing /opt/airflow/dags/driven_data_pipeline.py took 0.126 seconds
[2026-06-19T03:18:13.206+0000] {processor.py:186} INFO - Started process (PID=6908) to work on /opt/airflow/dags/driven_data_pipeline.py
[2026-06-19T03:18:13.207+0000] {processor.py:914} INFO - Processing file /opt/airflow/dags/driven_data_pipeline.py for tasks to queue
[2026-06-19T03:18:13.209+0000] {logging_mixin.py:190} INFO - [2026-06-19T03:18:13.209+0000] {dagbag.py:588} INFO - Filling up the DagBag from /opt/airflow/dags/driven_data_pipeline.py
[2026-06-19T03:18:13.298+0000] {processor.py:925} INFO - DAG(s) 'extract_raw_data_pipeline' retrieved from /opt/airflow/dags/driven_data_pipeline.py
[2026-06-19T03:18:13.314+0000] {logging_mixin.py:190} INFO - [2026-06-19T03:18:13.314+0000] {dag.py:3239} INFO - Sync 1 DAGs
[2026-06-19T03:18:13.328+0000] {logging_mixin.py:190} INFO - [2026-06-19T03:18:13.328+0000] {dag.py:4180} INFO - Setting next_dagrun for extract_raw_data_pipeline to 2026-06-18 07:59:00+00:00, run_after=2026-06-19 07:00:00+00:00
[2026-06-19T03:18:13.341+0000] {processor.py:208} INFO - Processing /opt/airflow/dags/driven_data_pipeline.py took 0.138 seconds
[2026-06-19T03:18:43.536+0000] {processor.py:186} INFO - Started process (PID=6916) to work on /opt/airflow/dags/driven_data_pipeline.py
[2026-06-19T03:18:43.537+0000] {processor.py:914} INFO - Processing file /opt/airflow/dags/driven_data_pipeline.py for tasks to queue
[2026-06-19T03:18:43.539+0000] {logging_mixin.py:190} INFO - [2026-06-19T03:18:43.539+0000] {dagbag.py:588} INFO - Filling up the DagBag from /opt/airflow/dags/driven_data_pipeline.py
[2026-06-19T03:18:43.628+0000] {processor.py:925} INFO - DAG(s) 'extract_raw_data_pipeline' retrieved from /opt/airflow/dags/driven_data_pipeline.py
[2026-06-19T03:18:43.644+0000] {logging_mixin.py:190} INFO - [2026-06-19T03:18:43.644+0000] {dag.py:3239} INFO - Sync 1 DAGs
[2026-06-19T03:18:43.658+0000] {logging_mixin.py:190} INFO - [2026-06-19T03:18:43.658+0000] {dag.py:4180} INFO - Setting next_dagrun for extract_raw_data_pipeline to 2026-06-18 07:59:00+00:00, run_after=2026-06-19 07:00:00+00:00
[2026-06-19T03:18:43.671+0000] {processor.py:208} INFO - Processing /opt/airflow/dags/driven_data_pipeline.py took 0.139 seconds
[2026-06-19T03:19:13.838+0000] {processor.py:186} INFO - Started process (PID=6924) to work on /opt/airflow/dags/driven_data_pipeline.py
[2026-06-19T03:19:13.839+0000] {processor.py:914} INFO - Processing file /opt/airflow/dags/driven_data_pipeline.py for tasks to queue
[2026-06-19T03:19:13.841+0000] {logging_mixin.py:190} INFO - [2026-06-19T03:19:13.840+0000] {dagbag.py:588} INFO - Filling up the DagBag from /opt/airflow/dags/driven_data_pipeline.py
[2026-06-19T03:19:13.922+0000] {processor.py:925} INFO - DAG(s) 'extract_raw_data_pipeline' retrieved from /opt/airflow/dags/driven_data_pipeline.py
[2026-06-19T03:19:13.936+0000] {logging_mixin.py:190} INFO - [2026-06-19T03:19:13.936+0000] {dag.py:3239} INFO - Sync 1 DAGs
[2026-06-19T03:19:13.949+0000] {logging_mixin.py:190} INFO - [2026-06-19T03:19:13.949+0000] {dag.py:4180} INFO - Setting next_dagrun for extract_raw_data_pipeline to 2026-06-18 07:59:00+00:00, run_after=2026-06-19 07:00:00+00:00
[2026-06-19T03:19:13.962+0000] {processor.py:208} INFO - Processing /opt/airflow/dags/driven_data_pipeline.py took 0.128 seconds
[2026-06-19T03:19:44.214+0000] {processor.py:186} INFO - Started process (PID=6932) to work on /opt/airflow/dags/driven_data_pipeline.py
[2026-06-19T03:19:44.214+0000] {processor.py:914} INFO - Processing file /opt/airflow/dags/driven_data_pipeline.py for tasks to queue
[2026-06-19T03:19:44.216+0000] {logging_mixin.py:190} INFO - [2026-06-19T03:19:44.216+0000] {dagbag.py:588} INFO - Filling up the DagBag from /opt/airflow/dags/driven_data_pipeline.py
[2026-06-19T03:19:44.296+0000] {processor.py:925} INFO - DAG(s) 'extract_raw_data_pipeline' retrieved from /opt/airflow/dags/driven_data_pipeline.py
[2026-06-19T03:19:44.311+0000] {logging_mixin.py:190} INFO - [2026-06-19T03:19:44.310+0000] {dag.py:3239} INFO - Sync 1 DAGs
[2026-06-19T03:19:44.323+0000] {logging_mixin.py:190} INFO - [2026-06-19T03:19:44.323+0000] {dag.py:4180} INFO - Setting next_dagrun for extract_raw_data_pipeline to 2026-06-18 07:59:00+00:00, run_after=2026-06-19 07:00:00+00:00
[2026-06-19T03:19:44.335+0000] {processor.py:208} INFO - Processing /opt/airflow/dags/driven_data_pipeline.py took 0.125 seconds
[2026-06-19T03:20:14.564+0000] {processor.py:186} INFO - Started process (PID=6940) to work on /opt/airflow/dags/driven_data_pipeline.py
[2026-06-19T03:20:14.565+0000] {processor.py:914} INFO - Processing file /opt/airflow/dags/driven_data_pipeline.py for tasks to queue
[2026-06-19T03:20:14.566+0000] {logging_mixin.py:190} INFO - [2026-06-19T03:20:14.566+0000] {dagbag.py:588} INFO - Filling up the DagBag from /opt/airflow/dags/driven_data_pipeline.py
[2026-06-19T03:20:14.647+0000] {processor.py:925} INFO - DAG(s) 'extract_raw_data_pipeline' retrieved from /opt/airflow/dags/driven_data_pipeline.py
[2026-06-19T03:20:14.661+0000] {logging_mixin.py:190} INFO - [2026-06-19T03:20:14.661+0000] {dag.py:3239} INFO - Sync 1 DAGs
[2026-06-19T03:20:14.674+0000] {logging_mixin.py:190} INFO - [2026-06-19T03:20:14.673+0000] {dag.py:4180} INFO - Setting next_dagrun for extract_raw_data_pipeline to 2026-06-18 07:59:00+00:00, run_after=2026-06-19 07:00:00+00:00
[2026-06-19T03:20:14.687+0000] {processor.py:208} INFO - Processing /opt/airflow/dags/driven_data_pipeline.py took 0.126 seconds
[2026-06-19T03:20:44.935+0000] {processor.py:186} INFO - Started process (PID=6948) to work on /opt/airflow/dags/driven_data_pipeline.py
[2026-06-19T03:20:44.936+0000] {processor.py:914} INFO - Processing file /opt/airflow/dags/driven_data_pipeline.py for tasks to queue
[2026-06-19T03:20:44.937+0000] {logging_mixin.py:190} INFO - [2026-06-19T03:20:44.937+0000] {dagbag.py:588} INFO - Filling up the DagBag from /opt/airflow/dags/driven_data_pipeline.py
[2026-06-19T03:20:45.032+0000] {processor.py:925} INFO - DAG(s) 'extract_raw_data_pipeline' retrieved from /opt/airflow/dags/driven_data_pipeline.py
[2026-06-19T03:20:45.049+0000] {logging_mixin.py:190} INFO - [2026-06-19T03:20:45.049+0000] {dag.py:3239} INFO - Sync 1 DAGs
[2026-06-19T03:20:45.063+0000] {logging_mixin.py:190} INFO - [2026-06-19T03:20:45.063+0000] {dag.py:4180} INFO - Setting next_dagrun for extract_raw_data_pipeline to 2026-06-18 07:59:00+00:00, run_after=2026-06-19 07:00:00+00:00
[2026-06-19T03:20:45.077+0000] {processor.py:208} INFO - Processing /opt/airflow/dags/driven_data_pipeline.py took 0.146 seconds
[2026-06-19T03:21:15.215+0000] {processor.py:186} INFO - Started process (PID=6956) to work on /opt/airflow/dags/driven_data_pipeline.py
[2026-06-19T03:21:15.215+0000] {processor.py:914} INFO - Processing file /opt/airflow/dags/driven_data_pipeline.py for tasks to queue
[2026-06-19T03:21:15.217+0000] {logging_mixin.py:190} INFO - [2026-06-19T03:21:15.217+0000] {dagbag.py:588} INFO - Filling up the DagBag from /opt/airflow/dags/driven_data_pipeline.py
[2026-06-19T03:21:15.302+0000] {processor.py:925} INFO - DAG(s) 'extract_raw_data_pipeline' retrieved from /opt/airflow/dags/driven_data_pipeline.py
[2026-06-19T03:21:15.319+0000] {logging_mixin.py:190} INFO - [2026-06-19T03:21:15.319+0000] {dag.py:3239} INFO - Sync 1 DAGs
[2026-06-19T03:21:15.334+0000] {logging_mixin.py:190} INFO - [2026-06-19T03:21:15.334+0000] {dag.py:4180} INFO - Setting next_dagrun for extract_raw_data_pipeline to 2026-06-18 07:59:00+00:00, run_after=2026-06-19 07:00:00+00:00
[2026-06-19T03:21:15.348+0000] {processor.py:208} INFO - Processing /opt/airflow/dags/driven_data_pipeline.py took 0.137 seconds
[2026-06-19T03:21:45.948+0000] {processor.py:186} INFO - Started process (PID=6964) to work on /opt/airflow/dags/driven_data_pipeline.py
[2026-06-19T03:21:45.949+0000] {processor.py:914} INFO - Processing file /opt/airflow/dags/driven_data_pipeline.py for tasks to queue
[2026-06-19T03:21:45.951+0000] {logging_mixin.py:190} INFO - [2026-06-19T03:21:45.951+0000] {dagbag.py:588} INFO - Filling up the DagBag from /opt/airflow/dags/driven_data_pipeline.py
[2026-06-19T03:21:46.031+0000] {processor.py:925} INFO - DAG(s) 'extract_raw_data_pipeline' retrieved from /opt/airflow/dags/driven_data_pipeline.py
[2026-06-19T03:21:46.046+0000] {logging_mixin.py:190} INFO - [2026-06-19T03:21:46.046+0000] {dag.py:3239} INFO - Sync 1 DAGs
[2026-06-19T03:21:46.058+0000] {logging_mixin.py:190} INFO - [2026-06-19T03:21:46.058+0000] {dag.py:4180} INFO - Setting next_dagrun for extract_raw_data_pipeline to 2026-06-18 07:59:00+00:00, run_after=2026-06-19 07:00:00+00:00
[2026-06-19T03:21:46.073+0000] {processor.py:208} INFO - Processing /opt/airflow/dags/driven_data_pipeline.py took 0.128 seconds
[2026-06-19T03:22:16.210+0000] {processor.py:186} INFO - Started process (PID=6972) to work on /opt/airflow/dags/driven_data_pipeline.py
[2026-06-19T03:22:16.211+0000] {processor.py:914} INFO - Processing file /opt/airflow/dags/driven_data_pipeline.py for tasks to queue
[2026-06-19T03:22:16.213+0000] {logging_mixin.py:190} INFO - [2026-06-19T03:22:16.212+0000] {dagbag.py:588} INFO - Filling up the DagBag from /opt/airflow/dags/driven_data_pipeline.py
[2026-06-19T03:22:16.300+0000] {processor.py:925} INFO - DAG(s) 'extract_raw_data_pipeline' retrieved from /opt/airflow/dags/driven_data_pipeline.py
[2026-06-19T03:22:16.317+0000] {logging_mixin.py:190} INFO - [2026-06-19T03:22:16.317+0000] {dag.py:3239} INFO - Sync 1 DAGs
[2026-06-19T03:22:16.334+0000] {logging_mixin.py:190} INFO - [2026-06-19T03:22:16.334+0000] {dag.py:4180} INFO - Setting next_dagrun for extract_raw_data_pipeline to 2026-06-18 07:59:00+00:00, run_after=2026-06-19 07:00:00+00:00
[2026-06-19T03:22:16.347+0000] {processor.py:208} INFO - Processing /opt/airflow/dags/driven_data_pipeline.py took 0.140 seconds
[2026-06-19T03:22:46.510+0000] {processor.py:186} INFO - Started process (PID=6980) to work on /opt/airflow/dags/driven_data_pipeline.py
[2026-06-19T03:22:46.511+0000] {processor.py:914} INFO - Processing file /opt/airflow/dags/driven_data_pipeline.py for tasks to queue
[2026-06-19T03:22:46.512+0000] {logging_mixin.py:190} INFO - [2026-06-19T03:22:46.512+0000] {dagbag.py:588} INFO - Filling up the DagBag from /opt/airflow/dags/driven_data_pipeline.py
[2026-06-19T03:22:46.593+0000] {processor.py:925} INFO - DAG(s) 'extract_raw_data_pipeline' retrieved from /opt/airflow/dags/driven_data_pipeline.py
[2026-06-19T03:22:46.607+0000] {logging_mixin.py:190} INFO - [2026-06-19T03:22:46.607+0000] {dag.py:3239} INFO - Sync 1 DAGs
[2026-06-19T03:22:46.619+0000] {logging_mixin.py:190} INFO - [2026-06-19T03:22:46.619+0000] {dag.py:4180} INFO - Setting next_dagrun for extract_raw_data_pipeline to 2026-06-18 07:59:00+00:00, run_after=2026-06-19 07:00:00+00:00
[2026-06-19T03:22:46.631+0000] {processor.py:208} INFO - Processing /opt/airflow/dags/driven_data_pipeline.py took 0.125 seconds
[2026-06-19T03:23:16.836+0000] {processor.py:186} INFO - Started process (PID=6988) to work on /opt/airflow/dags/driven_data_pipeline.py
[2026-06-19T03:23:16.837+0000] {processor.py:914} INFO - Processing file /opt/airflow/dags/driven_data_pipeline.py for tasks to queue
[2026-06-19T03:23:16.839+0000] {logging_mixin.py:190} INFO - [2026-06-19T03:23:16.839+0000] {dagbag.py:588} INFO - Filling up the DagBag from /opt/airflow/dags/driven_data_pipeline.py
[2026-06-19T03:23:16.921+0000] {processor.py:925} INFO - DAG(s) 'extract_raw_data_pipeline' retrieved from /opt/airflow/dags/driven_data_pipeline.py
[2026-06-19T03:23:16.936+0000] {logging_mixin.py:190} INFO - [2026-06-19T03:23:16.935+0000] {dag.py:3239} INFO - Sync 1 DAGs
[2026-06-19T03:23:16.947+0000] {logging_mixin.py:190} INFO - [2026-06-19T03:23:16.947+0000] {dag.py:4180} INFO - Setting next_dagrun for extract_raw_data_pipeline to 2026-06-18 07:59:00+00:00, run_after=2026-06-19 07:00:00+00:00
[2026-06-19T03:23:16.960+0000] {processor.py:208} INFO - Processing /opt/airflow/dags/driven_data_pipeline.py took 0.128 seconds
[2026-06-19T03:23:47.300+0000] {processor.py:186} INFO - Started process (PID=6995) to work on /opt/airflow/dags/driven_data_pipeline.py
[2026-06-19T03:23:47.301+0000] {processor.py:914} INFO - Processing file /opt/airflow/dags/driven_data_pipeline.py for tasks to queue
[2026-06-19T03:23:47.303+0000] {logging_mixin.py:190} INFO - [2026-06-19T03:23:47.302+0000] {dagbag.py:588} INFO - Filling up the DagBag from /opt/airflow/dags/driven_data_pipeline.py
[2026-06-19T03:23:47.383+0000] {processor.py:925} INFO - DAG(s) 'extract_raw_data_pipeline' retrieved from /opt/airflow/dags/driven_data_pipeline.py
[2026-06-19T03:23:47.398+0000] {logging_mixin.py:190} INFO - [2026-06-19T03:23:47.397+0000] {dag.py:3239} INFO - Sync 1 DAGs
[2026-06-19T03:23:47.410+0000] {logging_mixin.py:190} INFO - [2026-06-19T03:23:47.410+0000] {dag.py:4180} INFO - Setting next_dagrun for extract_raw_data_pipeline to 2026-06-18 07:59:00+00:00, run_after=2026-06-19 07:00:00+00:00
[2026-06-19T03:23:47.423+0000] {processor.py:208} INFO - Processing /opt/airflow/dags/driven_data_pipeline.py took 0.126 seconds
[2026-06-19T03:24:17.603+0000] {processor.py:186} INFO - Started process (PID=7003) to work on /opt/airflow/dags/driven_data_pipeline.py
[2026-06-19T03:24:17.604+0000] {processor.py:914} INFO - Processing file /opt/airflow/dags/driven_data_pipeline.py for tasks to queue
[2026-06-19T03:24:17.605+0000] {logging_mixin.py:190} INFO - [2026-06-19T03:24:17.605+0000] {dagbag.py:588} INFO - Filling up the DagBag from /opt/airflow/dags/driven_data_pipeline.py
[2026-06-19T03:24:17.686+0000] {processor.py:925} INFO - DAG(s) 'extract_raw_data_pipeline' retrieved from /opt/airflow/dags/driven_data_pipeline.py
[2026-06-19T03:24:17.701+0000] {logging_mixin.py:190} INFO - [2026-06-19T03:24:17.700+0000] {dag.py:3239} INFO - Sync 1 DAGs
[2026-06-19T03:24:17.713+0000] {logging_mixin.py:190} INFO - [2026-06-19T03:24:17.712+0000] {dag.py:4180} INFO - Setting next_dagrun for extract_raw_data_pipeline to 2026-06-18 07:59:00+00:00, run_after=2026-06-19 07:00:00+00:00
[2026-06-19T03:24:17.726+0000] {processor.py:208} INFO - Processing /opt/airflow/dags/driven_data_pipeline.py took 0.126 seconds
[2026-06-19T03:24:48.084+0000] {processor.py:186} INFO - Started process (PID=7010) to work on /opt/airflow/dags/driven_data_pipeline.py
[2026-06-19T03:24:48.084+0000] {processor.py:914} INFO - Processing file /opt/airflow/dags/driven_data_pipeline.py for tasks to queue
[2026-06-19T03:24:48.086+0000] {logging_mixin.py:190} INFO - [2026-06-19T03:24:48.086+0000] {dagbag.py:588} INFO - Filling up the DagBag from /opt/airflow/dags/driven_data_pipeline.py
[2026-06-19T03:24:48.177+0000] {processor.py:925} INFO - DAG(s) 'extract_raw_data_pipeline' retrieved from /opt/airflow/dags/driven_data_pipeline.py
[2026-06-19T03:24:48.190+0000] {logging_mixin.py:190} INFO - [2026-06-19T03:24:48.190+0000] {dag.py:3239} INFO - Sync 1 DAGs
[2026-06-19T03:24:48.201+0000] {logging_mixin.py:190} INFO - [2026-06-19T03:24:48.201+0000] {dag.py:4180} INFO - Setting next_dagrun for extract_raw_data_pipeline to 2026-06-18 07:59:00+00:00, run_after=2026-06-19 07:00:00+00:00
[2026-06-19T03:24:48.215+0000] {processor.py:208} INFO - Processing /opt/airflow/dags/driven_data_pipeline.py took 0.135 seconds
[2026-06-19T03:25:18.527+0000] {processor.py:186} INFO - Started process (PID=7018) to work on /opt/airflow/dags/driven_data_pipeline.py
[2026-06-19T03:25:18.528+0000] {processor.py:914} INFO - Processing file /opt/airflow/dags/driven_data_pipeline.py for tasks to queue
[2026-06-19T03:25:18.530+0000] {logging_mixin.py:190} INFO - [2026-06-19T03:25:18.530+0000] {dagbag.py:588} INFO - Filling up the DagBag from /opt/airflow/dags/driven_data_pipeline.py
[2026-06-19T03:25:18.626+0000] {processor.py:925} INFO - DAG(s) 'extract_raw_data_pipeline' retrieved from /opt/airflow/dags/driven_data_pipeline.py
[2026-06-19T03:25:18.641+0000] {logging_mixin.py:190} INFO - [2026-06-19T03:25:18.640+0000] {dag.py:3239} INFO - Sync 1 DAGs
[2026-06-19T03:25:18.653+0000] {logging_mixin.py:190} INFO - [2026-06-19T03:25:18.653+0000] {dag.py:4180} INFO - Setting next_dagrun for extract_raw_data_pipeline to 2026-06-18 07:59:00+00:00, run_after=2026-06-19 07:00:00+00:00
[2026-06-19T03:25:18.668+0000] {processor.py:208} INFO - Processing /opt/airflow/dags/driven_data_pipeline.py took 0.146 seconds
[2026-06-19T03:25:48.870+0000] {processor.py:186} INFO - Started process (PID=7026) to work on /opt/airflow/dags/driven_data_pipeline.py
[2026-06-19T03:25:48.871+0000] {processor.py:914} INFO - Processing file /opt/airflow/dags/driven_data_pipeline.py for tasks to queue
[2026-06-19T03:25:48.873+0000] {logging_mixin.py:190} INFO - [2026-06-19T03:25:48.872+0000] {dagbag.py:588} INFO - Filling up the DagBag from /opt/airflow/dags/driven_data_pipeline.py
[2026-06-19T03:25:48.956+0000] {processor.py:925} INFO - DAG(s) 'extract_raw_data_pipeline' retrieved from /opt/airflow/dags/driven_data_pipeline.py
[2026-06-19T03:25:48.971+0000] {logging_mixin.py:190} INFO - [2026-06-19T03:25:48.971+0000] {dag.py:3239} INFO - Sync 1 DAGs
[2026-06-19T03:25:48.983+0000] {logging_mixin.py:190} INFO - [2026-06-19T03:25:48.983+0000] {dag.py:4180} INFO - Setting next_dagrun for extract_raw_data_pipeline to 2026-06-18 07:59:00+00:00, run_after=2026-06-19 07:00:00+00:00
[2026-06-19T03:25:48.995+0000] {processor.py:208} INFO - Processing /opt/airflow/dags/driven_data_pipeline.py took 0.129 seconds
[2026-06-19T03:26:19.213+0000] {processor.py:186} INFO - Started process (PID=7034) to work on /opt/airflow/dags/driven_data_pipeline.py
[2026-06-19T03:26:19.213+0000] {processor.py:914} INFO - Processing file /opt/airflow/dags/driven_data_pipeline.py for tasks to queue
[2026-06-19T03:26:19.215+0000] {logging_mixin.py:190} INFO - [2026-06-19T03:26:19.215+0000] {dagbag.py:588} INFO - Filling up the DagBag from /opt/airflow/dags/driven_data_pipeline.py
[2026-06-19T03:26:19.295+0000] {processor.py:925} INFO - DAG(s) 'extract_raw_data_pipeline' retrieved from /opt/airflow/dags/driven_data_pipeline.py
[2026-06-19T03:26:19.308+0000] {logging_mixin.py:190} INFO - [2026-06-19T03:26:19.308+0000] {dag.py:3239} INFO - Sync 1 DAGs
[2026-06-19T03:26:19.319+0000] {logging_mixin.py:190} INFO - [2026-06-19T03:26:19.319+0000] {dag.py:4180} INFO - Setting next_dagrun for extract_raw_data_pipeline to 2026-06-18 07:59:00+00:00, run_after=2026-06-19 07:00:00+00:00
[2026-06-19T03:26:19.331+0000] {processor.py:208} INFO - Processing /opt/airflow/dags/driven_data_pipeline.py took 0.122 seconds
[2026-06-19T03:26:49.591+0000] {processor.py:186} INFO - Started process (PID=7042) to work on /opt/airflow/dags/driven_data_pipeline.py
[2026-06-19T03:26:49.591+0000] {processor.py:914} INFO - Processing file /opt/airflow/dags/driven_data_pipeline.py for tasks to queue
[2026-06-19T03:26:49.593+0000] {logging_mixin.py:190} INFO - [2026-06-19T03:26:49.593+0000] {dagbag.py:588} INFO - Filling up the DagBag from /opt/airflow/dags/driven_data_pipeline.py
[2026-06-19T03:26:49.676+0000] {processor.py:925} INFO - DAG(s) 'extract_raw_data_pipeline' retrieved from /opt/airflow/dags/driven_data_pipeline.py
[2026-06-19T03:26:49.690+0000] {logging_mixin.py:190} INFO - [2026-06-19T03:26:49.690+0000] {dag.py:3239} INFO - Sync 1 DAGs
[2026-06-19T03:26:49.701+0000] {logging_mixin.py:190} INFO - [2026-06-19T03:26:49.701+0000] {dag.py:4180} INFO - Setting next_dagrun for extract_raw_data_pipeline to 2026-06-18 07:59:00+00:00, run_after=2026-06-19 07:00:00+00:00
[2026-06-19T03:26:49.713+0000] {processor.py:208} INFO - Processing /opt/airflow/dags/driven_data_pipeline.py took 0.125 seconds
[2026-06-19T03:27:20.115+0000] {processor.py:186} INFO - Started process (PID=7050) to work on /opt/airflow/dags/driven_data_pipeline.py
[2026-06-19T03:27:20.116+0000] {processor.py:914} INFO - Processing file /opt/airflow/dags/driven_data_pipeline.py for tasks to queue
[2026-06-19T03:27:20.118+0000] {logging_mixin.py:190} INFO - [2026-06-19T03:27:20.118+0000] {dagbag.py:588} INFO - Filling up the DagBag from /opt/airflow/dags/driven_data_pipeline.py
[2026-06-19T03:27:20.202+0000] {processor.py:925} INFO - DAG(s) 'extract_raw_data_pipeline' retrieved from /opt/airflow/dags/driven_data_pipeline.py
[2026-06-19T03:27:20.217+0000] {logging_mixin.py:190} INFO - [2026-06-19T03:27:20.216+0000] {dag.py:3239} INFO - Sync 1 DAGs
[2026-06-19T03:27:20.229+0000] {logging_mixin.py:190} INFO - [2026-06-19T03:27:20.229+0000] {dag.py:4180} INFO - Setting next_dagrun for extract_raw_data_pipeline to 2026-06-18 07:59:00+00:00, run_after=2026-06-19 07:00:00+00:00
[2026-06-19T03:27:20.242+0000] {processor.py:208} INFO - Processing /opt/airflow/dags/driven_data_pipeline.py took 0.134 seconds
[2026-06-19T03:27:50.364+0000] {processor.py:186} INFO - Started process (PID=7058) to work on /opt/airflow/dags/driven_data_pipeline.py
[2026-06-19T03:27:50.364+0000] {processor.py:914} INFO - Processing file /opt/airflow/dags/driven_data_pipeline.py for tasks to queue
[2026-06-19T03:27:50.366+0000] {logging_mixin.py:190} INFO - [2026-06-19T03:27:50.366+0000] {dagbag.py:588} INFO - Filling up the DagBag from /opt/airflow/dags/driven_data_pipeline.py
[2026-06-19T03:27:50.446+0000] {processor.py:925} INFO - DAG(s) 'extract_raw_data_pipeline' retrieved from /opt/airflow/dags/driven_data_pipeline.py
[2026-06-19T03:27:50.461+0000] {logging_mixin.py:190} INFO - [2026-06-19T03:27:50.461+0000] {dag.py:3239} INFO - Sync 1 DAGs
[2026-06-19T03:27:50.474+0000] {logging_mixin.py:190} INFO - [2026-06-19T03:27:50.474+0000] {dag.py:4180} INFO - Setting next_dagrun for extract_raw_data_pipeline to 2026-06-18 07:59:00+00:00, run_after=2026-06-19 07:00:00+00:00
[2026-06-19T03:27:50.489+0000] {processor.py:208} INFO - Processing /opt/airflow/dags/driven_data_pipeline.py took 0.129 seconds
[2026-06-19T03:28:20.673+0000] {processor.py:186} INFO - Started process (PID=7065) to work on /opt/airflow/dags/driven_data_pipeline.py
[2026-06-19T03:28:20.674+0000] {processor.py:914} INFO - Processing file /opt/airflow/dags/driven_data_pipeline.py for tasks to queue
[2026-06-19T03:28:20.675+0000] {logging_mixin.py:190} INFO - [2026-06-19T03:28:20.675+0000] {dagbag.py:588} INFO - Filling up the DagBag from /opt/airflow/dags/driven_data_pipeline.py
[2026-06-19T03:28:20.756+0000] {processor.py:925} INFO - DAG(s) 'extract_raw_data_pipeline' retrieved from /opt/airflow/dags/driven_data_pipeline.py
[2026-06-19T03:28:20.770+0000] {logging_mixin.py:190} INFO - [2026-06-19T03:28:20.770+0000] {dag.py:3239} INFO - Sync 1 DAGs
[2026-06-19T03:28:20.782+0000] {logging_mixin.py:190} INFO - [2026-06-19T03:28:20.782+0000] {dag.py:4180} INFO - Setting next_dagrun for extract_raw_data_pipeline to 2026-06-18 07:59:00+00:00, run_after=2026-06-19 07:00:00+00:00
[2026-06-19T03:28:20.794+0000] {processor.py:208} INFO - Processing /opt/airflow/dags/driven_data_pipeline.py took 0.125 seconds
[2026-06-19T03:28:50.998+0000] {processor.py:186} INFO - Started process (PID=7073) to work on /opt/airflow/dags/driven_data_pipeline.py
[2026-06-19T03:28:50.999+0000] {processor.py:914} INFO - Processing file /opt/airflow/dags/driven_data_pipeline.py for tasks to queue
[2026-06-19T03:28:51.000+0000] {logging_mixin.py:190} INFO - [2026-06-19T03:28:51.000+0000] {dagbag.py:588} INFO - Filling up the DagBag from /opt/airflow/dags/driven_data_pipeline.py
[2026-06-19T03:28:51.095+0000] {processor.py:925} INFO - DAG(s) 'extract_raw_data_pipeline' retrieved from /opt/airflow/dags/driven_data_pipeline.py
[2026-06-19T03:28:51.110+0000] {logging_mixin.py:190} INFO - [2026-06-19T03:28:51.110+0000] {dag.py:3239} INFO - Sync 1 DAGs
[2026-06-19T03:28:51.122+0000] {logging_mixin.py:190} INFO - [2026-06-19T03:28:51.122+0000] {dag.py:4180} INFO - Setting next_dagrun for extract_raw_data_pipeline to 2026-06-18 07:59:00+00:00, run_after=2026-06-19 07:00:00+00:00
[2026-06-19T03:28:51.137+0000] {processor.py:208} INFO - Processing /opt/airflow/dags/driven_data_pipeline.py took 0.142 seconds
[2026-06-19T03:29:21.405+0000] {processor.py:186} INFO - Started process (PID=7080) to work on /opt/airflow/dags/driven_data_pipeline.py
[2026-06-19T03:29:21.406+0000] {processor.py:914} INFO - Processing file /opt/airflow/dags/driven_data_pipeline.py for tasks to queue
[2026-06-19T03:29:21.408+0000] {logging_mixin.py:190} INFO - [2026-06-19T03:29:21.407+0000] {dagbag.py:588} INFO - Filling up the DagBag from /opt/airflow/dags/driven_data_pipeline.py
[2026-06-19T03:29:21.487+0000] {processor.py:925} INFO - DAG(s) 'extract_raw_data_pipeline' retrieved from /opt/airflow/dags/driven_data_pipeline.py
[2026-06-19T03:29:21.501+0000] {logging_mixin.py:190} INFO - [2026-06-19T03:29:21.501+0000] {dag.py:3239} INFO - Sync 1 DAGs
[2026-06-19T03:29:21.514+0000] {logging_mixin.py:190} INFO - [2026-06-19T03:29:21.514+0000] {dag.py:4180} INFO - Setting next_dagrun for extract_raw_data_pipeline to 2026-06-18 07:59:00+00:00, run_after=2026-06-19 07:00:00+00:00
[2026-06-19T03:29:21.529+0000] {processor.py:208} INFO - Processing /opt/airflow/dags/driven_data_pipeline.py took 0.127 seconds
[2026-06-19T03:29:51.871+0000] {processor.py:186} INFO - Started process (PID=7088) to work on /opt/airflow/dags/driven_data_pipeline.py
[2026-06-19T03:29:51.872+0000] {processor.py:914} INFO - Processing file /opt/airflow/dags/driven_data_pipeline.py for tasks to queue
[2026-06-19T03:29:51.873+0000] {logging_mixin.py:190} INFO - [2026-06-19T03:29:51.873+0000] {dagbag.py:588} INFO - Filling up the DagBag from /opt/airflow/dags/driven_data_pipeline.py
[2026-06-19T03:29:51.953+0000] {processor.py:925} INFO - DAG(s) 'extract_raw_data_pipeline' retrieved from /opt/airflow/dags/driven_data_pipeline.py
[2026-06-19T03:29:51.966+0000] {logging_mixin.py:190} INFO - [2026-06-19T03:29:51.966+0000] {dag.py:3239} INFO - Sync 1 DAGs
[2026-06-19T03:29:51.977+0000] {logging_mixin.py:190} INFO - [2026-06-19T03:29:51.977+0000] {dag.py:4180} INFO - Setting next_dagrun for extract_raw_data_pipeline to 2026-06-18 07:59:00+00:00, run_after=2026-06-19 07:00:00+00:00
[2026-06-19T03:29:51.990+0000] {processor.py:208} INFO - Processing /opt/airflow/dags/driven_data_pipeline.py took 0.122 seconds
[2026-06-19T03:30:22.273+0000] {processor.py:186} INFO - Started process (PID=7096) to work on /opt/airflow/dags/driven_data_pipeline.py
[2026-06-19T03:30:22.274+0000] {processor.py:914} INFO - Processing file /opt/airflow/dags/driven_data_pipeline.py for tasks to queue
[2026-06-19T03:30:22.276+0000] {logging_mixin.py:190} INFO - [2026-06-19T03:30:22.275+0000] {dagbag.py:588} INFO - Filling up the DagBag from /opt/airflow/dags/driven_data_pipeline.py
[2026-06-19T03:30:22.357+0000] {processor.py:925} INFO - DAG(s) 'extract_raw_data_pipeline' retrieved from /opt/airflow/dags/driven_data_pipeline.py
[2026-06-19T03:30:22.371+0000] {logging_mixin.py:190} INFO - [2026-06-19T03:30:22.371+0000] {dag.py:3239} INFO - Sync 1 DAGs
[2026-06-19T03:30:22.384+0000] {logging_mixin.py:190} INFO - [2026-06-19T03:30:22.384+0000] {dag.py:4180} INFO - Setting next_dagrun for extract_raw_data_pipeline to 2026-06-18 07:59:00+00:00, run_after=2026-06-19 07:00:00+00:00
[2026-06-19T03:30:22.405+0000] {processor.py:208} INFO - Processing /opt/airflow/dags/driven_data_pipeline.py took 0.136 seconds
[2026-06-19T03:30:52.716+0000] {processor.py:186} INFO - Started process (PID=7104) to work on /opt/airflow/dags/driven_data_pipeline.py
[2026-06-19T03:30:52.717+0000] {processor.py:914} INFO - Processing file /opt/airflow/dags/driven_data_pipeline.py for tasks to queue
[2026-06-19T03:30:52.719+0000] {logging_mixin.py:190} INFO - [2026-06-19T03:30:52.718+0000] {dagbag.py:588} INFO - Filling up the DagBag from /opt/airflow/dags/driven_data_pipeline.py
[2026-06-19T03:30:52.798+0000] {processor.py:925} INFO - DAG(s) 'extract_raw_data_pipeline' retrieved from /opt/airflow/dags/driven_data_pipeline.py
[2026-06-19T03:30:52.813+0000] {logging_mixin.py:190} INFO - [2026-06-19T03:30:52.813+0000] {dag.py:3239} INFO - Sync 1 DAGs
[2026-06-19T03:30:52.825+0000] {logging_mixin.py:190} INFO - [2026-06-19T03:30:52.825+0000] {dag.py:4180} INFO - Setting next_dagrun for extract_raw_data_pipeline to 2026-06-18 07:59:00+00:00, run_after=2026-06-19 07:00:00+00:00
[2026-06-19T03:30:52.838+0000] {processor.py:208} INFO - Processing /opt/airflow/dags/driven_data_pipeline.py took 0.125 seconds
[2026-06-19T03:31:23.138+0000] {processor.py:186} INFO - Started process (PID=7112) to work on /opt/airflow/dags/driven_data_pipeline.py
[2026-06-19T03:31:23.139+0000] {processor.py:914} INFO - Processing file /opt/airflow/dags/driven_data_pipeline.py for tasks to queue
[2026-06-19T03:31:23.140+0000] {logging_mixin.py:190} INFO - [2026-06-19T03:31:23.140+0000] {dagbag.py:588} INFO - Filling up the DagBag from /opt/airflow/dags/driven_data_pipeline.py
[2026-06-19T03:31:23.220+0000] {processor.py:925} INFO - DAG(s) 'extract_raw_data_pipeline' retrieved from /opt/airflow/dags/driven_data_pipeline.py
[2026-06-19T03:31:23.234+0000] {logging_mixin.py:190} INFO - [2026-06-19T03:31:23.234+0000] {dag.py:3239} INFO - Sync 1 DAGs
[2026-06-19T03:31:23.246+0000] {logging_mixin.py:190} INFO - [2026-06-19T03:31:23.246+0000] {dag.py:4180} INFO - Setting next_dagrun for extract_raw_data_pipeline to 2026-06-18 07:59:00+00:00, run_after=2026-06-19 07:00:00+00:00
[2026-06-19T03:31:23.258+0000] {processor.py:208} INFO - Processing /opt/airflow/dags/driven_data_pipeline.py took 0.124 seconds
[2026-06-19T03:31:53.601+0000] {processor.py:186} INFO - Started process (PID=7120) to work on /opt/airflow/dags/driven_data_pipeline.py
[2026-06-19T03:31:53.602+0000] {processor.py:914} INFO - Processing file /opt/airflow/dags/driven_data_pipeline.py for tasks to queue
[2026-06-19T03:31:53.603+0000] {logging_mixin.py:190} INFO - [2026-06-19T03:31:53.603+0000] {dagbag.py:588} INFO - Filling up the DagBag from /opt/airflow/dags/driven_data_pipeline.py
[2026-06-19T03:31:53.688+0000] {processor.py:925} INFO - DAG(s) 'extract_raw_data_pipeline' retrieved from /opt/airflow/dags/driven_data_pipeline.py
[2026-06-19T03:31:53.702+0000] {logging_mixin.py:190} INFO - [2026-06-19T03:31:53.702+0000] {dag.py:3239} INFO - Sync 1 DAGs
[2026-06-19T03:31:53.715+0000] {logging_mixin.py:190} INFO - [2026-06-19T03:31:53.714+0000] {dag.py:4180} INFO - Setting next_dagrun for extract_raw_data_pipeline to 2026-06-18 07:59:00+00:00, run_after=2026-06-19 07:00:00+00:00
[2026-06-19T03:31:53.738+0000] {processor.py:208} INFO - Processing /opt/airflow/dags/driven_data_pipeline.py took 0.141 seconds
[2026-06-19T03:32:23.962+0000] {processor.py:186} INFO - Started process (PID=7128) to work on /opt/airflow/dags/driven_data_pipeline.py
[2026-06-19T03:32:23.962+0000] {processor.py:914} INFO - Processing file /opt/airflow/dags/driven_data_pipeline.py for tasks to queue
[2026-06-19T03:32:23.964+0000] {logging_mixin.py:190} INFO - [2026-06-19T03:32:23.964+0000] {dagbag.py:588} INFO - Filling up the DagBag from /opt/airflow/dags/driven_data_pipeline.py
[2026-06-19T03:32:24.044+0000] {processor.py:925} INFO - DAG(s) 'extract_raw_data_pipeline' retrieved from /opt/airflow/dags/driven_data_pipeline.py
[2026-06-19T03:32:24.059+0000] {logging_mixin.py:190} INFO - [2026-06-19T03:32:24.059+0000] {dag.py:3239} INFO - Sync 1 DAGs
[2026-06-19T03:32:24.072+0000] {logging_mixin.py:190} INFO - [2026-06-19T03:32:24.072+0000] {dag.py:4180} INFO - Setting next_dagrun for extract_raw_data_pipeline to 2026-06-18 07:59:00+00:00, run_after=2026-06-19 07:00:00+00:00
[2026-06-19T03:32:24.094+0000] {processor.py:208} INFO - Processing /opt/airflow/dags/driven_data_pipeline.py took 0.136 seconds
[2026-06-19T03:32:54.344+0000] {processor.py:186} INFO - Started process (PID=7136) to work on /opt/airflow/dags/driven_data_pipeline.py
[2026-06-19T03:32:54.345+0000] {processor.py:914} INFO - Processing file /opt/airflow/dags/driven_data_pipeline.py for tasks to queue
[2026-06-19T03:32:54.346+0000] {logging_mixin.py:190} INFO - [2026-06-19T03:32:54.346+0000] {dagbag.py:588} INFO - Filling up the DagBag from /opt/airflow/dags/driven_data_pipeline.py
[2026-06-19T03:32:54.435+0000] {processor.py:925} INFO - DAG(s) 'extract_raw_data_pipeline' retrieved from /opt/airflow/dags/driven_data_pipeline.py
[2026-06-19T03:32:54.450+0000] {logging_mixin.py:190} INFO - [2026-06-19T03:32:54.450+0000] {dag.py:3239} INFO - Sync 1 DAGs
[2026-06-19T03:32:54.463+0000] {logging_mixin.py:190} INFO - [2026-06-19T03:32:54.463+0000] {dag.py:4180} INFO - Setting next_dagrun for extract_raw_data_pipeline to 2026-06-18 07:59:00+00:00, run_after=2026-06-19 07:00:00+00:00
[2026-06-19T03:32:54.474+0000] {processor.py:208} INFO - Processing /opt/airflow/dags/driven_data_pipeline.py took 0.134 seconds
[2026-06-19T03:33:24.670+0000] {processor.py:186} INFO - Started process (PID=7144) to work on /opt/airflow/dags/driven_data_pipeline.py
[2026-06-19T03:33:24.671+0000] {processor.py:914} INFO - Processing file /opt/airflow/dags/driven_data_pipeline.py for tasks to queue
[2026-06-19T03:33:24.672+0000] {logging_mixin.py:190} INFO - [2026-06-19T03:33:24.672+0000] {dagbag.py:588} INFO - Filling up the DagBag from /opt/airflow/dags/driven_data_pipeline.py
[2026-06-19T03:33:24.762+0000] {processor.py:925} INFO - DAG(s) 'extract_raw_data_pipeline' retrieved from /opt/airflow/dags/driven_data_pipeline.py
[2026-06-19T03:33:24.777+0000] {logging_mixin.py:190} INFO - [2026-06-19T03:33:24.777+0000] {dag.py:3239} INFO - Sync 1 DAGs
[2026-06-19T03:33:24.789+0000] {logging_mixin.py:190} INFO - [2026-06-19T03:33:24.789+0000] {dag.py:4180} INFO - Setting next_dagrun for extract_raw_data_pipeline to 2026-06-18 07:59:00+00:00, run_after=2026-06-19 07:00:00+00:00
[2026-06-19T03:33:24.801+0000] {processor.py:208} INFO - Processing /opt/airflow/dags/driven_data_pipeline.py took 0.135 seconds
[2026-06-19T03:33:54.993+0000] {processor.py:186} INFO - Started process (PID=7152) to work on /opt/airflow/dags/driven_data_pipeline.py
[2026-06-19T03:33:54.994+0000] {processor.py:914} INFO - Processing file /opt/airflow/dags/driven_data_pipeline.py for tasks to queue
[2026-06-19T03:33:54.995+0000] {logging_mixin.py:190} INFO - [2026-06-19T03:33:54.995+0000] {dagbag.py:588} INFO - Filling up the DagBag from /opt/airflow/dags/driven_data_pipeline.py
[2026-06-19T03:33:55.084+0000] {processor.py:925} INFO - DAG(s) 'extract_raw_data_pipeline' retrieved from /opt/airflow/dags/driven_data_pipeline.py
[2026-06-19T03:33:55.098+0000] {logging_mixin.py:190} INFO - [2026-06-19T03:33:55.098+0000] {dag.py:3239} INFO - Sync 1 DAGs
[2026-06-19T03:33:55.110+0000] {logging_mixin.py:190} INFO - [2026-06-19T03:33:55.109+0000] {dag.py:4180} INFO - Setting next_dagrun for extract_raw_data_pipeline to 2026-06-18 07:59:00+00:00, run_after=2026-06-19 07:00:00+00:00
[2026-06-19T03:33:55.123+0000] {processor.py:208} INFO - Processing /opt/airflow/dags/driven_data_pipeline.py took 0.134 seconds
[2026-06-19T03:34:25.426+0000] {processor.py:186} INFO - Started process (PID=7160) to work on /opt/airflow/dags/driven_data_pipeline.py
[2026-06-19T03:34:25.426+0000] {processor.py:914} INFO - Processing file /opt/airflow/dags/driven_data_pipeline.py for tasks to queue
[2026-06-19T03:34:25.428+0000] {logging_mixin.py:190} INFO - [2026-06-19T03:34:25.428+0000] {dagbag.py:588} INFO - Filling up the DagBag from /opt/airflow/dags/driven_data_pipeline.py
[2026-06-19T03:34:25.506+0000] {processor.py:925} INFO - DAG(s) 'extract_raw_data_pipeline' retrieved from /opt/airflow/dags/driven_data_pipeline.py
[2026-06-19T03:34:25.519+0000] {logging_mixin.py:190} INFO - [2026-06-19T03:34:25.518+0000] {dag.py:3239} INFO - Sync 1 DAGs
[2026-06-19T03:34:25.530+0000] {logging_mixin.py:190} INFO - [2026-06-19T03:34:25.530+0000] {dag.py:4180} INFO - Setting next_dagrun for extract_raw_data_pipeline to 2026-06-18 07:59:00+00:00, run_after=2026-06-19 07:00:00+00:00
[2026-06-19T03:34:25.542+0000] {processor.py:208} INFO - Processing /opt/airflow/dags/driven_data_pipeline.py took 0.119 seconds
[2026-06-19T03:34:55.745+0000] {processor.py:186} INFO - Started process (PID=7168) to work on /opt/airflow/dags/driven_data_pipeline.py
[2026-06-19T03:34:55.745+0000] {processor.py:914} INFO - Processing file /opt/airflow/dags/driven_data_pipeline.py for tasks to queue
[2026-06-19T03:34:55.747+0000] {logging_mixin.py:190} INFO - [2026-06-19T03:34:55.747+0000] {dagbag.py:588} INFO - Filling up the DagBag from /opt/airflow/dags/driven_data_pipeline.py
[2026-06-19T03:34:55.828+0000] {processor.py:925} INFO - DAG(s) 'extract_raw_data_pipeline' retrieved from /opt/airflow/dags/driven_data_pipeline.py
[2026-06-19T03:34:55.844+0000] {logging_mixin.py:190} INFO - [2026-06-19T03:34:55.844+0000] {dag.py:3239} INFO - Sync 1 DAGs
[2026-06-19T03:34:55.856+0000] {logging_mixin.py:190} INFO - [2026-06-19T03:34:55.856+0000] {dag.py:4180} INFO - Setting next_dagrun for extract_raw_data_pipeline to 2026-06-18 07:59:00+00:00, run_after=2026-06-19 07:00:00+00:00
[2026-06-19T03:34:55.870+0000] {processor.py:208} INFO - Processing /opt/airflow/dags/driven_data_pipeline.py took 0.129 seconds
[2026-06-19T03:35:26.085+0000] {processor.py:186} INFO - Started process (PID=7176) to work on /opt/airflow/dags/driven_data_pipeline.py
[2026-06-19T03:35:26.086+0000] {processor.py:914} INFO - Processing file /opt/airflow/dags/driven_data_pipeline.py for tasks to queue
[2026-06-19T03:35:26.088+0000] {logging_mixin.py:190} INFO - [2026-06-19T03:35:26.087+0000] {dagbag.py:588} INFO - Filling up the DagBag from /opt/airflow/dags/driven_data_pipeline.py
[2026-06-19T03:35:26.167+0000] {processor.py:925} INFO - DAG(s) 'extract_raw_data_pipeline' retrieved from /opt/airflow/dags/driven_data_pipeline.py
[2026-06-19T03:35:26.182+0000] {logging_mixin.py:190} INFO - [2026-06-19T03:35:26.182+0000] {dag.py:3239} INFO - Sync 1 DAGs
[2026-06-19T03:35:26.194+0000] {logging_mixin.py:190} INFO - [2026-06-19T03:35:26.194+0000] {dag.py:4180} INFO - Setting next_dagrun for extract_raw_data_pipeline to 2026-06-18 07:59:00+00:00, run_after=2026-06-19 07:00:00+00:00
[2026-06-19T03:35:26.206+0000] {processor.py:208} INFO - Processing /opt/airflow/dags/driven_data_pipeline.py took 0.124 seconds
[2026-06-19T03:35:56.532+0000] {processor.py:186} INFO - Started process (PID=7183) to work on /opt/airflow/dags/driven_data_pipeline.py
[2026-06-19T03:35:56.533+0000] {processor.py:914} INFO - Processing file /opt/airflow/dags/driven_data_pipeline.py for tasks to queue
[2026-06-19T03:35:56.535+0000] {logging_mixin.py:190} INFO - [2026-06-19T03:35:56.535+0000] {dagbag.py:588} INFO - Filling up the DagBag from /opt/airflow/dags/driven_data_pipeline.py
[2026-06-19T03:35:56.618+0000] {processor.py:925} INFO - DAG(s) 'extract_raw_data_pipeline' retrieved from /opt/airflow/dags/driven_data_pipeline.py
[2026-06-19T03:35:56.631+0000] {logging_mixin.py:190} INFO - [2026-06-19T03:35:56.630+0000] {dag.py:3239} INFO - Sync 1 DAGs
[2026-06-19T03:35:56.642+0000] {logging_mixin.py:190} INFO - [2026-06-19T03:35:56.642+0000] {dag.py:4180} INFO - Setting next_dagrun for extract_raw_data_pipeline to 2026-06-18 07:59:00+00:00, run_after=2026-06-19 07:00:00+00:00
[2026-06-19T03:35:56.657+0000] {processor.py:208} INFO - Processing /opt/airflow/dags/driven_data_pipeline.py took 0.128 seconds
[2026-06-19T03:36:26.896+0000] {processor.py:186} INFO - Started process (PID=7191) to work on /opt/airflow/dags/driven_data_pipeline.py
[2026-06-19T03:36:26.896+0000] {processor.py:914} INFO - Processing file /opt/airflow/dags/driven_data_pipeline.py for tasks to queue
[2026-06-19T03:36:26.898+0000] {logging_mixin.py:190} INFO - [2026-06-19T03:36:26.898+0000] {dagbag.py:588} INFO - Filling up the DagBag from /opt/airflow/dags/driven_data_pipeline.py
[2026-06-19T03:36:26.983+0000] {processor.py:925} INFO - DAG(s) 'extract_raw_data_pipeline' retrieved from /opt/airflow/dags/driven_data_pipeline.py
[2026-06-19T03:36:27.009+0000] {logging_mixin.py:190} INFO - [2026-06-19T03:36:27.009+0000] {dag.py:3239} INFO - Sync 1 DAGs
[2026-06-19T03:36:27.025+0000] {logging_mixin.py:190} INFO - [2026-06-19T03:36:27.025+0000] {dag.py:4180} INFO - Setting next_dagrun for extract_raw_data_pipeline to 2026-06-18 07:59:00+00:00, run_after=2026-06-19 07:00:00+00:00
[2026-06-19T03:36:27.038+0000] {processor.py:208} INFO - Processing /opt/airflow/dags/driven_data_pipeline.py took 0.146 seconds
[2026-06-19T03:36:57.340+0000] {processor.py:186} INFO - Started process (PID=7199) to work on /opt/airflow/dags/driven_data_pipeline.py
[2026-06-19T03:36:57.341+0000] {processor.py:914} INFO - Processing file /opt/airflow/dags/driven_data_pipeline.py for tasks to queue
[2026-06-19T03:36:57.342+0000] {logging_mixin.py:190} INFO - [2026-06-19T03:36:57.342+0000] {dagbag.py:588} INFO - Filling up the DagBag from /opt/airflow/dags/driven_data_pipeline.py
[2026-06-19T03:36:57.422+0000] {processor.py:925} INFO - DAG(s) 'extract_raw_data_pipeline' retrieved from /opt/airflow/dags/driven_data_pipeline.py
[2026-06-19T03:36:57.436+0000] {logging_mixin.py:190} INFO - [2026-06-19T03:36:57.436+0000] {dag.py:3239} INFO - Sync 1 DAGs
[2026-06-19T03:36:57.447+0000] {logging_mixin.py:190} INFO - [2026-06-19T03:36:57.447+0000] {dag.py:4180} INFO - Setting next_dagrun for extract_raw_data_pipeline to 2026-06-18 07:59:00+00:00, run_after=2026-06-19 07:00:00+00:00
[2026-06-19T03:36:57.460+0000] {processor.py:208} INFO - Processing /opt/airflow/dags/driven_data_pipeline.py took 0.124 seconds
[2026-06-19T03:37:27.607+0000] {processor.py:186} INFO - Started process (PID=7207) to work on /opt/airflow/dags/driven_data_pipeline.py
[2026-06-19T03:37:27.607+0000] {processor.py:914} INFO - Processing file /opt/airflow/dags/driven_data_pipeline.py for tasks to queue
[2026-06-19T03:37:27.609+0000] {logging_mixin.py:190} INFO - [2026-06-19T03:37:27.609+0000] {dagbag.py:588} INFO - Filling up the DagBag from /opt/airflow/dags/driven_data_pipeline.py
[2026-06-19T03:37:27.693+0000] {processor.py:925} INFO - DAG(s) 'extract_raw_data_pipeline' retrieved from /opt/airflow/dags/driven_data_pipeline.py
[2026-06-19T03:37:27.706+0000] {logging_mixin.py:190} INFO - [2026-06-19T03:37:27.706+0000] {dag.py:3239} INFO - Sync 1 DAGs
[2026-06-19T03:37:27.717+0000] {logging_mixin.py:190} INFO - [2026-06-19T03:37:27.717+0000] {dag.py:4180} INFO - Setting next_dagrun for extract_raw_data_pipeline to 2026-06-18 07:59:00+00:00, run_after=2026-06-19 07:00:00+00:00
[2026-06-19T03:37:27.729+0000] {processor.py:208} INFO - Processing /opt/airflow/dags/driven_data_pipeline.py took 0.127 seconds
[2026-06-19T03:37:58.044+0000] {processor.py:186} INFO - Started process (PID=7215) to work on /opt/airflow/dags/driven_data_pipeline.py
[2026-06-19T03:37:58.045+0000] {processor.py:914} INFO - Processing file /opt/airflow/dags/driven_data_pipeline.py for tasks to queue
[2026-06-19T03:37:58.046+0000] {logging_mixin.py:190} INFO - [2026-06-19T03:37:58.046+0000] {dagbag.py:588} INFO - Filling up the DagBag from /opt/airflow/dags/driven_data_pipeline.py
[2026-06-19T03:37:58.133+0000] {processor.py:925} INFO - DAG(s) 'extract_raw_data_pipeline' retrieved from /opt/airflow/dags/driven_data_pipeline.py
[2026-06-19T03:37:58.148+0000] {logging_mixin.py:190} INFO - [2026-06-19T03:37:58.148+0000] {dag.py:3239} INFO - Sync 1 DAGs
[2026-06-19T03:37:58.162+0000] {logging_mixin.py:190} INFO - [2026-06-19T03:37:58.162+0000] {dag.py:4180} INFO - Setting next_dagrun for extract_raw_data_pipeline to 2026-06-18 07:59:00+00:00, run_after=2026-06-19 07:00:00+00:00
[2026-06-19T03:37:58.176+0000] {processor.py:208} INFO - Processing /opt/airflow/dags/driven_data_pipeline.py took 0.136 seconds
[2026-06-19T03:38:28.450+0000] {processor.py:186} INFO - Started process (PID=7222) to work on /opt/airflow/dags/driven_data_pipeline.py
[2026-06-19T03:38:28.451+0000] {processor.py:914} INFO - Processing file /opt/airflow/dags/driven_data_pipeline.py for tasks to queue
[2026-06-19T03:38:28.452+0000] {logging_mixin.py:190} INFO - [2026-06-19T03:38:28.452+0000] {dagbag.py:588} INFO - Filling up the DagBag from /opt/airflow/dags/driven_data_pipeline.py
[2026-06-19T03:38:28.530+0000] {processor.py:925} INFO - DAG(s) 'extract_raw_data_pipeline' retrieved from /opt/airflow/dags/driven_data_pipeline.py
[2026-06-19T03:38:28.545+0000] {logging_mixin.py:190} INFO - [2026-06-19T03:38:28.545+0000] {dag.py:3239} INFO - Sync 1 DAGs
[2026-06-19T03:38:28.557+0000] {logging_mixin.py:190} INFO - [2026-06-19T03:38:28.557+0000] {dag.py:4180} INFO - Setting next_dagrun for extract_raw_data_pipeline to 2026-06-18 07:59:00+00:00, run_after=2026-06-19 07:00:00+00:00
[2026-06-19T03:38:28.570+0000] {processor.py:208} INFO - Processing /opt/airflow/dags/driven_data_pipeline.py took 0.123 seconds
[2026-06-19T03:38:58.797+0000] {processor.py:186} INFO - Started process (PID=7229) to work on /opt/airflow/dags/driven_data_pipeline.py
[2026-06-19T03:38:58.798+0000] {processor.py:914} INFO - Processing file /opt/airflow/dags/driven_data_pipeline.py for tasks to queue
[2026-06-19T03:38:58.799+0000] {logging_mixin.py:190} INFO - [2026-06-19T03:38:58.799+0000] {dagbag.py:588} INFO - Filling up the DagBag from /opt/airflow/dags/driven_data_pipeline.py
[2026-06-19T03:38:58.893+0000] {processor.py:925} INFO - DAG(s) 'extract_raw_data_pipeline' retrieved from /opt/airflow/dags/driven_data_pipeline.py
[2026-06-19T03:38:58.908+0000] {logging_mixin.py:190} INFO - [2026-06-19T03:38:58.908+0000] {dag.py:3239} INFO - Sync 1 DAGs
[2026-06-19T03:38:58.920+0000] {logging_mixin.py:190} INFO - [2026-06-19T03:38:58.920+0000] {dag.py:4180} INFO - Setting next_dagrun for extract_raw_data_pipeline to 2026-06-18 07:59:00+00:00, run_after=2026-06-19 07:00:00+00:00
[2026-06-19T03:38:58.933+0000] {processor.py:208} INFO - Processing /opt/airflow/dags/driven_data_pipeline.py took 0.140 seconds
[2026-06-19T03:39:29.258+0000] {processor.py:186} INFO - Started process (PID=7237) to work on /opt/airflow/dags/driven_data_pipeline.py
[2026-06-19T03:39:29.259+0000] {processor.py:914} INFO - Processing file /opt/airflow/dags/driven_data_pipeline.py for tasks to queue
[2026-06-19T03:39:29.260+0000] {logging_mixin.py:190} INFO - [2026-06-19T03:39:29.260+0000] {dagbag.py:588} INFO - Filling up the DagBag from /opt/airflow/dags/driven_data_pipeline.py
[2026-06-19T03:39:29.340+0000] {processor.py:925} INFO - DAG(s) 'extract_raw_data_pipeline' retrieved from /opt/airflow/dags/driven_data_pipeline.py
[2026-06-19T03:39:29.355+0000] {logging_mixin.py:190} INFO - [2026-06-19T03:39:29.355+0000] {dag.py:3239} INFO - Sync 1 DAGs
[2026-06-19T03:39:29.368+0000] {logging_mixin.py:190} INFO - [2026-06-19T03:39:29.367+0000] {dag.py:4180} INFO - Setting next_dagrun for extract_raw_data_pipeline to 2026-06-18 07:59:00+00:00, run_after=2026-06-19 07:00:00+00:00
[2026-06-19T03:39:29.382+0000] {processor.py:208} INFO - Processing /opt/airflow/dags/driven_data_pipeline.py took 0.127 seconds
[2026-06-19T03:39:59.575+0000] {processor.py:186} INFO - Started process (PID=7245) to work on /opt/airflow/dags/driven_data_pipeline.py
[2026-06-19T03:39:59.576+0000] {processor.py:914} INFO - Processing file /opt/airflow/dags/driven_data_pipeline.py for tasks to queue
[2026-06-19T03:39:59.577+0000] {logging_mixin.py:190} INFO - [2026-06-19T03:39:59.577+0000] {dagbag.py:588} INFO - Filling up the DagBag from /opt/airflow/dags/driven_data_pipeline.py
[2026-06-19T03:39:59.656+0000] {processor.py:925} INFO - DAG(s) 'extract_raw_data_pipeline' retrieved from /opt/airflow/dags/driven_data_pipeline.py
[2026-06-19T03:39:59.671+0000] {logging_mixin.py:190} INFO - [2026-06-19T03:39:59.670+0000] {dag.py:3239} INFO - Sync 1 DAGs
[2026-06-19T03:39:59.682+0000] {logging_mixin.py:190} INFO - [2026-06-19T03:39:59.682+0000] {dag.py:4180} INFO - Setting next_dagrun for extract_raw_data_pipeline to 2026-06-18 07:59:00+00:00, run_after=2026-06-19 07:00:00+00:00
[2026-06-19T03:39:59.695+0000] {processor.py:208} INFO - Processing /opt/airflow/dags/driven_data_pipeline.py took 0.123 seconds
[2026-06-19T03:40:30.139+0000] {processor.py:186} INFO - Started process (PID=7253) to work on /opt/airflow/dags/driven_data_pipeline.py
[2026-06-19T03:40:30.140+0000] {processor.py:914} INFO - Processing file /opt/airflow/dags/driven_data_pipeline.py for tasks to queue
[2026-06-19T03:40:30.142+0000] {logging_mixin.py:190} INFO - [2026-06-19T03:40:30.142+0000] {dagbag.py:588} INFO - Filling up the DagBag from /opt/airflow/dags/driven_data_pipeline.py
[2026-06-19T03:40:30.240+0000] {processor.py:925} INFO - DAG(s) 'extract_raw_data_pipeline' retrieved from /opt/airflow/dags/driven_data_pipeline.py
[2026-06-19T03:40:30.253+0000] {logging_mixin.py:190} INFO - [2026-06-19T03:40:30.253+0000] {dag.py:3239} INFO - Sync 1 DAGs
[2026-06-19T03:40:30.265+0000] {logging_mixin.py:190} INFO - [2026-06-19T03:40:30.265+0000] {dag.py:4180} INFO - Setting next_dagrun for extract_raw_data_pipeline to 2026-06-18 07:59:00+00:00, run_after=2026-06-19 07:00:00+00:00
[2026-06-19T03:40:30.277+0000] {processor.py:208} INFO - Processing /opt/airflow/dags/driven_data_pipeline.py took 0.143 seconds
[2026-06-19T03:41:00.411+0000] {processor.py:186} INFO - Started process (PID=7261) to work on /opt/airflow/dags/driven_data_pipeline.py
[2026-06-19T03:41:00.411+0000] {processor.py:914} INFO - Processing file /opt/airflow/dags/driven_data_pipeline.py for tasks to queue
[2026-06-19T03:41:00.413+0000] {logging_mixin.py:190} INFO - [2026-06-19T03:41:00.413+0000] {dagbag.py:588} INFO - Filling up the DagBag from /opt/airflow/dags/driven_data_pipeline.py
[2026-06-19T03:41:00.493+0000] {processor.py:925} INFO - DAG(s) 'extract_raw_data_pipeline' retrieved from /opt/airflow/dags/driven_data_pipeline.py
[2026-06-19T03:41:00.508+0000] {logging_mixin.py:190} INFO - [2026-06-19T03:41:00.508+0000] {dag.py:3239} INFO - Sync 1 DAGs
[2026-06-19T03:41:00.521+0000] {logging_mixin.py:190} INFO - [2026-06-19T03:41:00.521+0000] {dag.py:4180} INFO - Setting next_dagrun for extract_raw_data_pipeline to 2026-06-18 07:59:00+00:00, run_after=2026-06-19 07:00:00+00:00
[2026-06-19T03:41:00.534+0000] {processor.py:208} INFO - Processing /opt/airflow/dags/driven_data_pipeline.py took 0.127 seconds
[2026-06-19T03:41:30.710+0000] {processor.py:186} INFO - Started process (PID=7269) to work on /opt/airflow/dags/driven_data_pipeline.py
[2026-06-19T03:41:30.711+0000] {processor.py:914} INFO - Processing file /opt/airflow/dags/driven_data_pipeline.py for tasks to queue
[2026-06-19T03:41:30.713+0000] {logging_mixin.py:190} INFO - [2026-06-19T03:41:30.712+0000] {dagbag.py:588} INFO - Filling up the DagBag from /opt/airflow/dags/driven_data_pipeline.py
[2026-06-19T03:41:30.794+0000] {processor.py:925} INFO - DAG(s) 'extract_raw_data_pipeline' retrieved from /opt/airflow/dags/driven_data_pipeline.py
[2026-06-19T03:41:30.807+0000] {logging_mixin.py:190} INFO - [2026-06-19T03:41:30.807+0000] {dag.py:3239} INFO - Sync 1 DAGs
[2026-06-19T03:41:30.819+0000] {logging_mixin.py:190} INFO - [2026-06-19T03:41:30.819+0000] {dag.py:4180} INFO - Setting next_dagrun for extract_raw_data_pipeline to 2026-06-18 07:59:00+00:00, run_after=2026-06-19 07:00:00+00:00
[2026-06-19T03:41:30.835+0000] {processor.py:208} INFO - Processing /opt/airflow/dags/driven_data_pipeline.py took 0.128 seconds
[2026-06-19T03:42:01.079+0000] {processor.py:186} INFO - Started process (PID=7277) to work on /opt/airflow/dags/driven_data_pipeline.py
[2026-06-19T03:42:01.080+0000] {processor.py:914} INFO - Processing file /opt/airflow/dags/driven_data_pipeline.py for tasks to queue
[2026-06-19T03:42:01.081+0000] {logging_mixin.py:190} INFO - [2026-06-19T03:42:01.081+0000] {dagbag.py:588} INFO - Filling up the DagBag from /opt/airflow/dags/driven_data_pipeline.py
[2026-06-19T03:42:01.175+0000] {processor.py:925} INFO - DAG(s) 'extract_raw_data_pipeline' retrieved from /opt/airflow/dags/driven_data_pipeline.py
[2026-06-19T03:42:01.189+0000] {logging_mixin.py:190} INFO - [2026-06-19T03:42:01.189+0000] {dag.py:3239} INFO - Sync 1 DAGs
[2026-06-19T03:42:01.200+0000] {logging_mixin.py:190} INFO - [2026-06-19T03:42:01.200+0000] {dag.py:4180} INFO - Setting next_dagrun for extract_raw_data_pipeline to 2026-06-18 07:59:00+00:00, run_after=2026-06-19 07:00:00+00:00
[2026-06-19T03:42:01.213+0000] {processor.py:208} INFO - Processing /opt/airflow/dags/driven_data_pipeline.py took 0.138 seconds
[2026-06-19T03:42:31.420+0000] {processor.py:186} INFO - Started process (PID=7285) to work on /opt/airflow/dags/driven_data_pipeline.py
[2026-06-19T03:42:31.421+0000] {processor.py:914} INFO - Processing file /opt/airflow/dags/driven_data_pipeline.py for tasks to queue
[2026-06-19T03:42:31.422+0000] {logging_mixin.py:190} INFO - [2026-06-19T03:42:31.422+0000] {dagbag.py:588} INFO - Filling up the DagBag from /opt/airflow/dags/driven_data_pipeline.py
[2026-06-19T03:42:31.504+0000] {processor.py:925} INFO - DAG(s) 'extract_raw_data_pipeline' retrieved from /opt/airflow/dags/driven_data_pipeline.py
[2026-06-19T03:42:31.519+0000] {logging_mixin.py:190} INFO - [2026-06-19T03:42:31.518+0000] {dag.py:3239} INFO - Sync 1 DAGs
[2026-06-19T03:42:31.531+0000] {logging_mixin.py:190} INFO - [2026-06-19T03:42:31.531+0000] {dag.py:4180} INFO - Setting next_dagrun for extract_raw_data_pipeline to 2026-06-18 07:59:00+00:00, run_after=2026-06-19 07:00:00+00:00
[2026-06-19T03:42:31.542+0000] {processor.py:208} INFO - Processing /opt/airflow/dags/driven_data_pipeline.py took 0.127 seconds
[2026-06-19T03:43:01.808+0000] {processor.py:186} INFO - Started process (PID=7293) to work on /opt/airflow/dags/driven_data_pipeline.py
[2026-06-19T03:43:01.809+0000] {processor.py:914} INFO - Processing file /opt/airflow/dags/driven_data_pipeline.py for tasks to queue
[2026-06-19T03:43:01.810+0000] {logging_mixin.py:190} INFO - [2026-06-19T03:43:01.810+0000] {dagbag.py:588} INFO - Filling up the DagBag from /opt/airflow/dags/driven_data_pipeline.py
[2026-06-19T03:43:01.892+0000] {processor.py:925} INFO - DAG(s) 'extract_raw_data_pipeline' retrieved from /opt/airflow/dags/driven_data_pipeline.py
[2026-06-19T03:43:01.906+0000] {logging_mixin.py:190} INFO - [2026-06-19T03:43:01.906+0000] {dag.py:3239} INFO - Sync 1 DAGs
[2026-06-19T03:43:01.917+0000] {logging_mixin.py:190} INFO - [2026-06-19T03:43:01.917+0000] {dag.py:4180} INFO - Setting next_dagrun for extract_raw_data_pipeline to 2026-06-18 07:59:00+00:00, run_after=2026-06-19 07:00:00+00:00
[2026-06-19T03:43:01.930+0000] {processor.py:208} INFO - Processing /opt/airflow/dags/driven_data_pipeline.py took 0.125 seconds
[2026-06-19T03:43:32.145+0000] {processor.py:186} INFO - Started process (PID=7300) to work on /opt/airflow/dags/driven_data_pipeline.py
[2026-06-19T03:43:32.146+0000] {processor.py:914} INFO - Processing file /opt/airflow/dags/driven_data_pipeline.py for tasks to queue
[2026-06-19T03:43:32.147+0000] {logging_mixin.py:190} INFO - [2026-06-19T03:43:32.147+0000] {dagbag.py:588} INFO - Filling up the DagBag from /opt/airflow/dags/driven_data_pipeline.py
[2026-06-19T03:43:32.228+0000] {processor.py:925} INFO - DAG(s) 'extract_raw_data_pipeline' retrieved from /opt/airflow/dags/driven_data_pipeline.py
[2026-06-19T03:43:32.242+0000] {logging_mixin.py:190} INFO - [2026-06-19T03:43:32.242+0000] {dag.py:3239} INFO - Sync 1 DAGs
[2026-06-19T03:43:32.254+0000] {logging_mixin.py:190} INFO - [2026-06-19T03:43:32.254+0000] {dag.py:4180} INFO - Setting next_dagrun for extract_raw_data_pipeline to 2026-06-18 07:59:00+00:00, run_after=2026-06-19 07:00:00+00:00
[2026-06-19T03:43:32.267+0000] {processor.py:208} INFO - Processing /opt/airflow/dags/driven_data_pipeline.py took 0.125 seconds
[2026-06-19T03:44:02.694+0000] {processor.py:186} INFO - Started process (PID=7309) to work on /opt/airflow/dags/driven_data_pipeline.py
[2026-06-19T03:44:02.695+0000] {processor.py:914} INFO - Processing file /opt/airflow/dags/driven_data_pipeline.py for tasks to queue
[2026-06-19T03:44:02.697+0000] {logging_mixin.py:190} INFO - [2026-06-19T03:44:02.696+0000] {dagbag.py:588} INFO - Filling up the DagBag from /opt/airflow/dags/driven_data_pipeline.py
[2026-06-19T03:44:02.778+0000] {processor.py:925} INFO - DAG(s) 'extract_raw_data_pipeline' retrieved from /opt/airflow/dags/driven_data_pipeline.py
[2026-06-19T03:44:02.791+0000] {logging_mixin.py:190} INFO - [2026-06-19T03:44:02.791+0000] {dag.py:3239} INFO - Sync 1 DAGs
[2026-06-19T03:44:02.802+0000] {logging_mixin.py:190} INFO - [2026-06-19T03:44:02.802+0000] {dag.py:4180} INFO - Setting next_dagrun for extract_raw_data_pipeline to 2026-06-18 07:59:00+00:00, run_after=2026-06-19 07:00:00+00:00
[2026-06-19T03:44:02.815+0000] {processor.py:208} INFO - Processing /opt/airflow/dags/driven_data_pipeline.py took 0.125 seconds
[2026-06-19T03:44:33.031+0000] {processor.py:186} INFO - Started process (PID=7317) to work on /opt/airflow/dags/driven_data_pipeline.py
[2026-06-19T03:44:33.031+0000] {processor.py:914} INFO - Processing file /opt/airflow/dags/driven_data_pipeline.py for tasks to queue
[2026-06-19T03:44:33.033+0000] {logging_mixin.py:190} INFO - [2026-06-19T03:44:33.033+0000] {dagbag.py:588} INFO - Filling up the DagBag from /opt/airflow/dags/driven_data_pipeline.py
[2026-06-19T03:44:33.113+0000] {processor.py:925} INFO - DAG(s) 'extract_raw_data_pipeline' retrieved from /opt/airflow/dags/driven_data_pipeline.py
[2026-06-19T03:44:33.127+0000] {logging_mixin.py:190} INFO - [2026-06-19T03:44:33.127+0000] {dag.py:3239} INFO - Sync 1 DAGs
[2026-06-19T03:44:33.139+0000] {logging_mixin.py:190} INFO - [2026-06-19T03:44:33.139+0000] {dag.py:4180} INFO - Setting next_dagrun for extract_raw_data_pipeline to 2026-06-18 07:59:00+00:00, run_after=2026-06-19 07:00:00+00:00
[2026-06-19T03:44:33.153+0000] {processor.py:208} INFO - Processing /opt/airflow/dags/driven_data_pipeline.py took 0.126 seconds
[2026-06-19T03:45:03.408+0000] {processor.py:186} INFO - Started process (PID=7325) to work on /opt/airflow/dags/driven_data_pipeline.py
[2026-06-19T03:45:03.408+0000] {processor.py:914} INFO - Processing file /opt/airflow/dags/driven_data_pipeline.py for tasks to queue
[2026-06-19T03:45:03.410+0000] {logging_mixin.py:190} INFO - [2026-06-19T03:45:03.410+0000] {dagbag.py:588} INFO - Filling up the DagBag from /opt/airflow/dags/driven_data_pipeline.py
[2026-06-19T03:45:03.491+0000] {processor.py:925} INFO - DAG(s) 'extract_raw_data_pipeline' retrieved from /opt/airflow/dags/driven_data_pipeline.py
[2026-06-19T03:45:03.505+0000] {logging_mixin.py:190} INFO - [2026-06-19T03:45:03.505+0000] {dag.py:3239} INFO - Sync 1 DAGs
[2026-06-19T03:45:03.518+0000] {logging_mixin.py:190} INFO - [2026-06-19T03:45:03.518+0000] {dag.py:4180} INFO - Setting next_dagrun for extract_raw_data_pipeline to 2026-06-18 07:59:00+00:00, run_after=2026-06-19 07:00:00+00:00
[2026-06-19T03:45:03.530+0000] {processor.py:208} INFO - Processing /opt/airflow/dags/driven_data_pipeline.py took 0.126 seconds
[2026-06-19T03:45:33.736+0000] {processor.py:186} INFO - Started process (PID=7333) to work on /opt/airflow/dags/driven_data_pipeline.py
[2026-06-19T03:45:33.736+0000] {processor.py:914} INFO - Processing file /opt/airflow/dags/driven_data_pipeline.py for tasks to queue
[2026-06-19T03:45:33.738+0000] {logging_mixin.py:190} INFO - [2026-06-19T03:45:33.738+0000] {dagbag.py:588} INFO - Filling up the DagBag from /opt/airflow/dags/driven_data_pipeline.py
[2026-06-19T03:45:33.819+0000] {processor.py:925} INFO - DAG(s) 'extract_raw_data_pipeline' retrieved from /opt/airflow/dags/driven_data_pipeline.py
[2026-06-19T03:45:33.835+0000] {logging_mixin.py:190} INFO - [2026-06-19T03:45:33.835+0000] {dag.py:3239} INFO - Sync 1 DAGs
[2026-06-19T03:45:33.847+0000] {logging_mixin.py:190} INFO - [2026-06-19T03:45:33.847+0000] {dag.py:4180} INFO - Setting next_dagrun for extract_raw_data_pipeline to 2026-06-18 07:59:00+00:00, run_after=2026-06-19 07:00:00+00:00
[2026-06-19T03:45:33.860+0000] {processor.py:208} INFO - Processing /opt/airflow/dags/driven_data_pipeline.py took 0.129 seconds
[2026-06-19T03:46:04.035+0000] {processor.py:186} INFO - Started process (PID=7341) to work on /opt/airflow/dags/driven_data_pipeline.py
[2026-06-19T03:46:04.036+0000] {processor.py:914} INFO - Processing file /opt/airflow/dags/driven_data_pipeline.py for tasks to queue
[2026-06-19T03:46:04.038+0000] {logging_mixin.py:190} INFO - [2026-06-19T03:46:04.038+0000] {dagbag.py:588} INFO - Filling up the DagBag from /opt/airflow/dags/driven_data_pipeline.py
[2026-06-19T03:46:04.121+0000] {processor.py:925} INFO - DAG(s) 'extract_raw_data_pipeline' retrieved from /opt/airflow/dags/driven_data_pipeline.py
[2026-06-19T03:46:04.136+0000] {logging_mixin.py:190} INFO - [2026-06-19T03:46:04.136+0000] {dag.py:3239} INFO - Sync 1 DAGs
[2026-06-19T03:46:04.149+0000] {logging_mixin.py:190} INFO - [2026-06-19T03:46:04.149+0000] {dag.py:4180} INFO - Setting next_dagrun for extract_raw_data_pipeline to 2026-06-18 07:59:00+00:00, run_after=2026-06-19 07:00:00+00:00
[2026-06-19T03:46:04.162+0000] {processor.py:208} INFO - Processing /opt/airflow/dags/driven_data_pipeline.py took 0.130 seconds
[2026-06-19T03:46:34.333+0000] {processor.py:186} INFO - Started process (PID=7349) to work on /opt/airflow/dags/driven_data_pipeline.py
[2026-06-19T03:46:34.334+0000] {processor.py:914} INFO - Processing file /opt/airflow/dags/driven_data_pipeline.py for tasks to queue
[2026-06-19T03:46:34.336+0000] {logging_mixin.py:190} INFO - [2026-06-19T03:46:34.336+0000] {dagbag.py:588} INFO - Filling up the DagBag from /opt/airflow/dags/driven_data_pipeline.py
[2026-06-19T03:46:34.414+0000] {processor.py:925} INFO - DAG(s) 'extract_raw_data_pipeline' retrieved from /opt/airflow/dags/driven_data_pipeline.py
[2026-06-19T03:46:34.428+0000] {logging_mixin.py:190} INFO - [2026-06-19T03:46:34.428+0000] {dag.py:3239} INFO - Sync 1 DAGs
[2026-06-19T03:46:34.439+0000] {logging_mixin.py:190} INFO - [2026-06-19T03:46:34.439+0000] {dag.py:4180} INFO - Setting next_dagrun for extract_raw_data_pipeline to 2026-06-18 07:59:00+00:00, run_after=2026-06-19 07:00:00+00:00
[2026-06-19T03:46:34.453+0000] {processor.py:208} INFO - Processing /opt/airflow/dags/driven_data_pipeline.py took 0.123 seconds
[2026-06-19T03:47:04.770+0000] {processor.py:186} INFO - Started process (PID=7357) to work on /opt/airflow/dags/driven_data_pipeline.py
[2026-06-19T03:47:04.771+0000] {processor.py:914} INFO - Processing file /opt/airflow/dags/driven_data_pipeline.py for tasks to queue
[2026-06-19T03:47:04.772+0000] {logging_mixin.py:190} INFO - [2026-06-19T03:47:04.772+0000] {dagbag.py:588} INFO - Filling up the DagBag from /opt/airflow/dags/driven_data_pipeline.py
[2026-06-19T03:47:04.852+0000] {processor.py:925} INFO - DAG(s) 'extract_raw_data_pipeline' retrieved from /opt/airflow/dags/driven_data_pipeline.py
[2026-06-19T03:47:04.867+0000] {logging_mixin.py:190} INFO - [2026-06-19T03:47:04.867+0000] {dag.py:3239} INFO - Sync 1 DAGs
[2026-06-19T03:47:04.880+0000] {logging_mixin.py:190} INFO - [2026-06-19T03:47:04.880+0000] {dag.py:4180} INFO - Setting next_dagrun for extract_raw_data_pipeline to 2026-06-18 07:59:00+00:00, run_after=2026-06-19 07:00:00+00:00
[2026-06-19T03:47:04.892+0000] {processor.py:208} INFO - Processing /opt/airflow/dags/driven_data_pipeline.py took 0.126 seconds
[2026-06-19T03:47:35.109+0000] {processor.py:186} INFO - Started process (PID=7365) to work on /opt/airflow/dags/driven_data_pipeline.py
[2026-06-19T03:47:35.110+0000] {processor.py:914} INFO - Processing file /opt/airflow/dags/driven_data_pipeline.py for tasks to queue
[2026-06-19T03:47:35.111+0000] {logging_mixin.py:190} INFO - [2026-06-19T03:47:35.111+0000] {dagbag.py:588} INFO - Filling up the DagBag from /opt/airflow/dags/driven_data_pipeline.py
[2026-06-19T03:47:35.192+0000] {processor.py:925} INFO - DAG(s) 'extract_raw_data_pipeline' retrieved from /opt/airflow/dags/driven_data_pipeline.py
[2026-06-19T03:47:35.205+0000] {logging_mixin.py:190} INFO - [2026-06-19T03:47:35.205+0000] {dag.py:3239} INFO - Sync 1 DAGs
[2026-06-19T03:47:35.216+0000] {logging_mixin.py:190} INFO - [2026-06-19T03:47:35.216+0000] {dag.py:4180} INFO - Setting next_dagrun for extract_raw_data_pipeline to 2026-06-18 07:59:00+00:00, run_after=2026-06-19 07:00:00+00:00
[2026-06-19T03:47:35.231+0000] {processor.py:208} INFO - Processing /opt/airflow/dags/driven_data_pipeline.py took 0.125 seconds
[2026-06-19T03:48:05.563+0000] {processor.py:186} INFO - Started process (PID=7373) to work on /opt/airflow/dags/driven_data_pipeline.py
[2026-06-19T03:48:05.564+0000] {processor.py:914} INFO - Processing file /opt/airflow/dags/driven_data_pipeline.py for tasks to queue
[2026-06-19T03:48:05.565+0000] {logging_mixin.py:190} INFO - [2026-06-19T03:48:05.565+0000] {dagbag.py:588} INFO - Filling up the DagBag from /opt/airflow/dags/driven_data_pipeline.py
[2026-06-19T03:48:05.649+0000] {processor.py:925} INFO - DAG(s) 'extract_raw_data_pipeline' retrieved from /opt/airflow/dags/driven_data_pipeline.py
[2026-06-19T03:48:05.662+0000] {logging_mixin.py:190} INFO - [2026-06-19T03:48:05.662+0000] {dag.py:3239} INFO - Sync 1 DAGs
[2026-06-19T03:48:05.673+0000] {logging_mixin.py:190} INFO - [2026-06-19T03:48:05.673+0000] {dag.py:4180} INFO - Setting next_dagrun for extract_raw_data_pipeline to 2026-06-18 07:59:00+00:00, run_after=2026-06-19 07:00:00+00:00
[2026-06-19T03:48:05.698+0000] {processor.py:208} INFO - Processing /opt/airflow/dags/driven_data_pipeline.py took 0.138 seconds
[2026-06-19T03:48:35.950+0000] {processor.py:186} INFO - Started process (PID=7381) to work on /opt/airflow/dags/driven_data_pipeline.py
[2026-06-19T03:48:35.951+0000] {processor.py:914} INFO - Processing file /opt/airflow/dags/driven_data_pipeline.py for tasks to queue
[2026-06-19T03:48:35.953+0000] {logging_mixin.py:190} INFO - [2026-06-19T03:48:35.953+0000] {dagbag.py:588} INFO - Filling up the DagBag from /opt/airflow/dags/driven_data_pipeline.py
[2026-06-19T03:48:36.046+0000] {processor.py:925} INFO - DAG(s) 'extract_raw_data_pipeline' retrieved from /opt/airflow/dags/driven_data_pipeline.py
[2026-06-19T03:48:36.061+0000] {logging_mixin.py:190} INFO - [2026-06-19T03:48:36.060+0000] {dag.py:3239} INFO - Sync 1 DAGs
[2026-06-19T03:48:36.074+0000] {logging_mixin.py:190} INFO - [2026-06-19T03:48:36.074+0000] {dag.py:4180} INFO - Setting next_dagrun for extract_raw_data_pipeline to 2026-06-18 07:59:00+00:00, run_after=2026-06-19 07:00:00+00:00
[2026-06-19T03:48:36.086+0000] {processor.py:208} INFO - Processing /opt/airflow/dags/driven_data_pipeline.py took 0.140 seconds
[2026-06-19T03:49:06.334+0000] {processor.py:186} INFO - Started process (PID=7389) to work on /opt/airflow/dags/driven_data_pipeline.py
[2026-06-19T03:49:06.335+0000] {processor.py:914} INFO - Processing file /opt/airflow/dags/driven_data_pipeline.py for tasks to queue
[2026-06-19T03:49:06.337+0000] {logging_mixin.py:190} INFO - [2026-06-19T03:49:06.337+0000] {dagbag.py:588} INFO - Filling up the DagBag from /opt/airflow/dags/driven_data_pipeline.py
[2026-06-19T03:49:06.420+0000] {processor.py:925} INFO - DAG(s) 'extract_raw_data_pipeline' retrieved from /opt/airflow/dags/driven_data_pipeline.py
[2026-06-19T03:49:06.434+0000] {logging_mixin.py:190} INFO - [2026-06-19T03:49:06.434+0000] {dag.py:3239} INFO - Sync 1 DAGs
[2026-06-19T03:49:06.447+0000] {logging_mixin.py:190} INFO - [2026-06-19T03:49:06.447+0000] {dag.py:4180} INFO - Setting next_dagrun for extract_raw_data_pipeline to 2026-06-18 07:59:00+00:00, run_after=2026-06-19 07:00:00+00:00
[2026-06-19T03:49:06.459+0000] {processor.py:208} INFO - Processing /opt/airflow/dags/driven_data_pipeline.py took 0.128 seconds
[2026-06-19T03:49:36.668+0000] {processor.py:186} INFO - Started process (PID=7397) to work on /opt/airflow/dags/driven_data_pipeline.py
[2026-06-19T03:49:36.669+0000] {processor.py:914} INFO - Processing file /opt/airflow/dags/driven_data_pipeline.py for tasks to queue
[2026-06-19T03:49:36.671+0000] {logging_mixin.py:190} INFO - [2026-06-19T03:49:36.671+0000] {dagbag.py:588} INFO - Filling up the DagBag from /opt/airflow/dags/driven_data_pipeline.py
[2026-06-19T03:49:36.752+0000] {processor.py:925} INFO - DAG(s) 'extract_raw_data_pipeline' retrieved from /opt/airflow/dags/driven_data_pipeline.py
[2026-06-19T03:49:36.767+0000] {logging_mixin.py:190} INFO - [2026-06-19T03:49:36.767+0000] {dag.py:3239} INFO - Sync 1 DAGs
[2026-06-19T03:49:36.779+0000] {logging_mixin.py:190} INFO - [2026-06-19T03:49:36.779+0000] {dag.py:4180} INFO - Setting next_dagrun for extract_raw_data_pipeline to 2026-06-18 07:59:00+00:00, run_after=2026-06-19 07:00:00+00:00
[2026-06-19T03:49:36.793+0000] {processor.py:208} INFO - Processing /opt/airflow/dags/driven_data_pipeline.py took 0.128 seconds
[2026-06-19T03:50:07.027+0000] {processor.py:186} INFO - Started process (PID=7405) to work on /opt/airflow/dags/driven_data_pipeline.py
[2026-06-19T03:50:07.027+0000] {processor.py:914} INFO - Processing file /opt/airflow/dags/driven_data_pipeline.py for tasks to queue
[2026-06-19T03:50:07.029+0000] {logging_mixin.py:190} INFO - [2026-06-19T03:50:07.029+0000] {dagbag.py:588} INFO - Filling up the DagBag from /opt/airflow/dags/driven_data_pipeline.py
[2026-06-19T03:50:07.114+0000] {processor.py:925} INFO - DAG(s) 'extract_raw_data_pipeline' retrieved from /opt/airflow/dags/driven_data_pipeline.py
[2026-06-19T03:50:07.136+0000] {logging_mixin.py:190} INFO - [2026-06-19T03:50:07.136+0000] {dag.py:3239} INFO - Sync 1 DAGs
[2026-06-19T03:50:07.151+0000] {logging_mixin.py:190} INFO - [2026-06-19T03:50:07.151+0000] {dag.py:4180} INFO - Setting next_dagrun for extract_raw_data_pipeline to 2026-06-18 07:59:00+00:00, run_after=2026-06-19 07:00:00+00:00
[2026-06-19T03:50:07.166+0000] {processor.py:208} INFO - Processing /opt/airflow/dags/driven_data_pipeline.py took 0.143 seconds
[2026-06-19T03:50:37.374+0000] {processor.py:186} INFO - Started process (PID=7413) to work on /opt/airflow/dags/driven_data_pipeline.py
[2026-06-19T03:50:37.375+0000] {processor.py:914} INFO - Processing file /opt/airflow/dags/driven_data_pipeline.py for tasks to queue
[2026-06-19T03:50:37.378+0000] {logging_mixin.py:190} INFO - [2026-06-19T03:50:37.377+0000] {dagbag.py:588} INFO - Filling up the DagBag from /opt/airflow/dags/driven_data_pipeline.py
[2026-06-19T03:50:37.462+0000] {processor.py:925} INFO - DAG(s) 'extract_raw_data_pipeline' retrieved from /opt/airflow/dags/driven_data_pipeline.py
[2026-06-19T03:50:37.477+0000] {logging_mixin.py:190} INFO - [2026-06-19T03:50:37.477+0000] {dag.py:3239} INFO - Sync 1 DAGs
[2026-06-19T03:50:37.490+0000] {logging_mixin.py:190} INFO - [2026-06-19T03:50:37.490+0000] {dag.py:4180} INFO - Setting next_dagrun for extract_raw_data_pipeline to 2026-06-18 07:59:00+00:00, run_after=2026-06-19 07:00:00+00:00
[2026-06-19T03:50:37.503+0000] {processor.py:208} INFO - Processing /opt/airflow/dags/driven_data_pipeline.py took 0.132 seconds
[2026-06-19T03:51:07.836+0000] {processor.py:186} INFO - Started process (PID=7421) to work on /opt/airflow/dags/driven_data_pipeline.py
[2026-06-19T03:51:07.837+0000] {processor.py:914} INFO - Processing file /opt/airflow/dags/driven_data_pipeline.py for tasks to queue
[2026-06-19T03:51:07.839+0000] {logging_mixin.py:190} INFO - [2026-06-19T03:51:07.839+0000] {dagbag.py:588} INFO - Filling up the DagBag from /opt/airflow/dags/driven_data_pipeline.py
[2026-06-19T03:51:07.921+0000] {processor.py:925} INFO - DAG(s) 'extract_raw_data_pipeline' retrieved from /opt/airflow/dags/driven_data_pipeline.py
[2026-06-19T03:51:07.935+0000] {logging_mixin.py:190} INFO - [2026-06-19T03:51:07.935+0000] {dag.py:3239} INFO - Sync 1 DAGs
[2026-06-19T03:51:07.947+0000] {logging_mixin.py:190} INFO - [2026-06-19T03:51:07.947+0000] {dag.py:4180} INFO - Setting next_dagrun for extract_raw_data_pipeline to 2026-06-18 07:59:00+00:00, run_after=2026-06-19 07:00:00+00:00
[2026-06-19T03:51:07.962+0000] {processor.py:208} INFO - Processing /opt/airflow/dags/driven_data_pipeline.py took 0.129 seconds
[2026-06-19T03:51:38.251+0000] {processor.py:186} INFO - Started process (PID=7429) to work on /opt/airflow/dags/driven_data_pipeline.py
[2026-06-19T03:51:38.251+0000] {processor.py:914} INFO - Processing file /opt/airflow/dags/driven_data_pipeline.py for tasks to queue
[2026-06-19T03:51:38.253+0000] {logging_mixin.py:190} INFO - [2026-06-19T03:51:38.252+0000] {dagbag.py:588} INFO - Filling up the DagBag from /opt/airflow/dags/driven_data_pipeline.py
[2026-06-19T03:51:38.357+0000] {processor.py:925} INFO - DAG(s) 'extract_raw_data_pipeline' retrieved from /opt/airflow/dags/driven_data_pipeline.py
[2026-06-19T03:51:38.371+0000] {logging_mixin.py:190} INFO - [2026-06-19T03:51:38.371+0000] {dag.py:3239} INFO - Sync 1 DAGs
[2026-06-19T03:51:38.383+0000] {logging_mixin.py:190} INFO - [2026-06-19T03:51:38.383+0000] {dag.py:4180} INFO - Setting next_dagrun for extract_raw_data_pipeline to 2026-06-18 07:59:00+00:00, run_after=2026-06-19 07:00:00+00:00
[2026-06-19T03:51:38.405+0000] {processor.py:208} INFO - Processing /opt/airflow/dags/driven_data_pipeline.py took 0.157 seconds
[2026-06-19T03:52:08.582+0000] {processor.py:186} INFO - Started process (PID=7437) to work on /opt/airflow/dags/driven_data_pipeline.py
[2026-06-19T03:52:08.583+0000] {processor.py:914} INFO - Processing file /opt/airflow/dags/driven_data_pipeline.py for tasks to queue
[2026-06-19T03:52:08.584+0000] {logging_mixin.py:190} INFO - [2026-06-19T03:52:08.584+0000] {dagbag.py:588} INFO - Filling up the DagBag from /opt/airflow/dags/driven_data_pipeline.py
[2026-06-19T03:52:08.663+0000] {processor.py:925} INFO - DAG(s) 'extract_raw_data_pipeline' retrieved from /opt/airflow/dags/driven_data_pipeline.py
[2026-06-19T03:52:08.677+0000] {logging_mixin.py:190} INFO - [2026-06-19T03:52:08.677+0000] {dag.py:3239} INFO - Sync 1 DAGs
[2026-06-19T03:52:08.689+0000] {logging_mixin.py:190} INFO - [2026-06-19T03:52:08.689+0000] {dag.py:4180} INFO - Setting next_dagrun for extract_raw_data_pipeline to 2026-06-18 07:59:00+00:00, run_after=2026-06-19 07:00:00+00:00
[2026-06-19T03:52:08.713+0000] {processor.py:208} INFO - Processing /opt/airflow/dags/driven_data_pipeline.py took 0.134 seconds
[2026-06-19T03:52:38.996+0000] {processor.py:186} INFO - Started process (PID=7445) to work on /opt/airflow/dags/driven_data_pipeline.py
[2026-06-19T03:52:38.997+0000] {processor.py:914} INFO - Processing file /opt/airflow/dags/driven_data_pipeline.py for tasks to queue
[2026-06-19T03:52:38.998+0000] {logging_mixin.py:190} INFO - [2026-06-19T03:52:38.998+0000] {dagbag.py:588} INFO - Filling up the DagBag from /opt/airflow/dags/driven_data_pipeline.py
[2026-06-19T03:52:39.084+0000] {processor.py:925} INFO - DAG(s) 'extract_raw_data_pipeline' retrieved from /opt/airflow/dags/driven_data_pipeline.py
[2026-06-19T03:52:39.100+0000] {logging_mixin.py:190} INFO - [2026-06-19T03:52:39.099+0000] {dag.py:3239} INFO - Sync 1 DAGs
[2026-06-19T03:52:39.113+0000] {logging_mixin.py:190} INFO - [2026-06-19T03:52:39.113+0000] {dag.py:4180} INFO - Setting next_dagrun for extract_raw_data_pipeline to 2026-06-18 07:59:00+00:00, run_after=2026-06-19 07:00:00+00:00
[2026-06-19T03:52:39.125+0000] {processor.py:208} INFO - Processing /opt/airflow/dags/driven_data_pipeline.py took 0.133 seconds
[2026-06-19T03:53:09.390+0000] {processor.py:186} INFO - Started process (PID=7452) to work on /opt/airflow/dags/driven_data_pipeline.py
[2026-06-19T03:53:09.391+0000] {processor.py:914} INFO - Processing file /opt/airflow/dags/driven_data_pipeline.py for tasks to queue
[2026-06-19T03:53:09.393+0000] {logging_mixin.py:190} INFO - [2026-06-19T03:53:09.393+0000] {dagbag.py:588} INFO - Filling up the DagBag from /opt/airflow/dags/driven_data_pipeline.py
[2026-06-19T03:53:09.489+0000] {processor.py:925} INFO - DAG(s) 'extract_raw_data_pipeline' retrieved from /opt/airflow/dags/driven_data_pipeline.py
[2026-06-19T03:53:09.503+0000] {logging_mixin.py:190} INFO - [2026-06-19T03:53:09.503+0000] {dag.py:3239} INFO - Sync 1 DAGs
[2026-06-19T03:53:09.515+0000] {logging_mixin.py:190} INFO - [2026-06-19T03:53:09.514+0000] {dag.py:4180} INFO - Setting next_dagrun for extract_raw_data_pipeline to 2026-06-18 07:59:00+00:00, run_after=2026-06-19 07:00:00+00:00
[2026-06-19T03:53:09.527+0000] {processor.py:208} INFO - Processing /opt/airflow/dags/driven_data_pipeline.py took 0.140 seconds
[2026-06-19T03:53:39.780+0000] {processor.py:186} INFO - Started process (PID=7460) to work on /opt/airflow/dags/driven_data_pipeline.py
[2026-06-19T03:53:39.780+0000] {processor.py:914} INFO - Processing file /opt/airflow/dags/driven_data_pipeline.py for tasks to queue
[2026-06-19T03:53:39.782+0000] {logging_mixin.py:190} INFO - [2026-06-19T03:53:39.782+0000] {dagbag.py:588} INFO - Filling up the DagBag from /opt/airflow/dags/driven_data_pipeline.py
[2026-06-19T03:53:39.864+0000] {processor.py:925} INFO - DAG(s) 'extract_raw_data_pipeline' retrieved from /opt/airflow/dags/driven_data_pipeline.py
[2026-06-19T03:53:39.878+0000] {logging_mixin.py:190} INFO - [2026-06-19T03:53:39.878+0000] {dag.py:3239} INFO - Sync 1 DAGs
[2026-06-19T03:53:39.889+0000] {logging_mixin.py:190} INFO - [2026-06-19T03:53:39.889+0000] {dag.py:4180} INFO - Setting next_dagrun for extract_raw_data_pipeline to 2026-06-18 07:59:00+00:00, run_after=2026-06-19 07:00:00+00:00
[2026-06-19T03:53:39.903+0000] {processor.py:208} INFO - Processing /opt/airflow/dags/driven_data_pipeline.py took 0.127 seconds
[2026-06-19T03:54:10.165+0000] {processor.py:186} INFO - Started process (PID=7468) to work on /opt/airflow/dags/driven_data_pipeline.py
[2026-06-19T03:54:10.166+0000] {processor.py:914} INFO - Processing file /opt/airflow/dags/driven_data_pipeline.py for tasks to queue
[2026-06-19T03:54:10.168+0000] {logging_mixin.py:190} INFO - [2026-06-19T03:54:10.167+0000] {dagbag.py:588} INFO - Filling up the DagBag from /opt/airflow/dags/driven_data_pipeline.py
[2026-06-19T03:54:10.250+0000] {processor.py:925} INFO - DAG(s) 'extract_raw_data_pipeline' retrieved from /opt/airflow/dags/driven_data_pipeline.py
[2026-06-19T03:54:10.265+0000] {logging_mixin.py:190} INFO - [2026-06-19T03:54:10.264+0000] {dag.py:3239} INFO - Sync 1 DAGs
[2026-06-19T03:54:10.277+0000] {logging_mixin.py:190} INFO - [2026-06-19T03:54:10.277+0000] {dag.py:4180} INFO - Setting next_dagrun for extract_raw_data_pipeline to 2026-06-18 07:59:00+00:00, run_after=2026-06-19 07:00:00+00:00
[2026-06-19T03:54:10.291+0000] {processor.py:208} INFO - Processing /opt/airflow/dags/driven_data_pipeline.py took 0.129 seconds
[2026-06-19T03:54:40.545+0000] {processor.py:186} INFO - Started process (PID=7476) to work on /opt/airflow/dags/driven_data_pipeline.py
[2026-06-19T03:54:40.546+0000] {processor.py:914} INFO - Processing file /opt/airflow/dags/driven_data_pipeline.py for tasks to queue
[2026-06-19T03:54:40.547+0000] {logging_mixin.py:190} INFO - [2026-06-19T03:54:40.547+0000] {dagbag.py:588} INFO - Filling up the DagBag from /opt/airflow/dags/driven_data_pipeline.py
[2026-06-19T03:54:40.636+0000] {processor.py:925} INFO - DAG(s) 'extract_raw_data_pipeline' retrieved from /opt/airflow/dags/driven_data_pipeline.py
[2026-06-19T03:54:40.652+0000] {logging_mixin.py:190} INFO - [2026-06-19T03:54:40.652+0000] {dag.py:3239} INFO - Sync 1 DAGs
[2026-06-19T03:54:40.666+0000] {logging_mixin.py:190} INFO - [2026-06-19T03:54:40.666+0000] {dag.py:4180} INFO - Setting next_dagrun for extract_raw_data_pipeline to 2026-06-18 07:59:00+00:00, run_after=2026-06-19 07:00:00+00:00
[2026-06-19T03:54:40.679+0000] {processor.py:208} INFO - Processing /opt/airflow/dags/driven_data_pipeline.py took 0.138 seconds
[2026-06-19T03:55:10.932+0000] {processor.py:186} INFO - Started process (PID=7484) to work on /opt/airflow/dags/driven_data_pipeline.py
[2026-06-19T03:55:10.933+0000] {processor.py:914} INFO - Processing file /opt/airflow/dags/driven_data_pipeline.py for tasks to queue
[2026-06-19T03:55:10.935+0000] {logging_mixin.py:190} INFO - [2026-06-19T03:55:10.935+0000] {dagbag.py:588} INFO - Filling up the DagBag from /opt/airflow/dags/driven_data_pipeline.py
[2026-06-19T03:55:11.022+0000] {processor.py:925} INFO - DAG(s) 'extract_raw_data_pipeline' retrieved from /opt/airflow/dags/driven_data_pipeline.py
[2026-06-19T03:55:11.040+0000] {logging_mixin.py:190} INFO - [2026-06-19T03:55:11.040+0000] {dag.py:3239} INFO - Sync 1 DAGs
[2026-06-19T03:55:11.054+0000] {logging_mixin.py:190} INFO - [2026-06-19T03:55:11.054+0000] {dag.py:4180} INFO - Setting next_dagrun for extract_raw_data_pipeline to 2026-06-18 07:59:00+00:00, run_after=2026-06-19 07:00:00+00:00
[2026-06-19T03:55:11.075+0000] {processor.py:208} INFO - Processing /opt/airflow/dags/driven_data_pipeline.py took 0.147 seconds
[2026-06-19T03:55:41.309+0000] {processor.py:186} INFO - Started process (PID=7492) to work on /opt/airflow/dags/driven_data_pipeline.py
[2026-06-19T03:55:41.310+0000] {processor.py:914} INFO - Processing file /opt/airflow/dags/driven_data_pipeline.py for tasks to queue
[2026-06-19T03:55:41.311+0000] {logging_mixin.py:190} INFO - [2026-06-19T03:55:41.311+0000] {dagbag.py:588} INFO - Filling up the DagBag from /opt/airflow/dags/driven_data_pipeline.py
[2026-06-19T03:55:41.398+0000] {processor.py:925} INFO - DAG(s) 'extract_raw_data_pipeline' retrieved from /opt/airflow/dags/driven_data_pipeline.py
[2026-06-19T03:55:41.411+0000] {logging_mixin.py:190} INFO - [2026-06-19T03:55:41.411+0000] {dag.py:3239} INFO - Sync 1 DAGs
[2026-06-19T03:55:41.423+0000] {logging_mixin.py:190} INFO - [2026-06-19T03:55:41.423+0000] {dag.py:4180} INFO - Setting next_dagrun for extract_raw_data_pipeline to 2026-06-18 07:59:00+00:00, run_after=2026-06-19 07:00:00+00:00
[2026-06-19T03:55:41.436+0000] {processor.py:208} INFO - Processing /opt/airflow/dags/driven_data_pipeline.py took 0.131 seconds
[2026-06-19T03:56:11.765+0000] {processor.py:186} INFO - Started process (PID=7500) to work on /opt/airflow/dags/driven_data_pipeline.py
[2026-06-19T03:56:11.767+0000] {processor.py:914} INFO - Processing file /opt/airflow/dags/driven_data_pipeline.py for tasks to queue
[2026-06-19T03:56:11.769+0000] {logging_mixin.py:190} INFO - [2026-06-19T03:56:11.768+0000] {dagbag.py:588} INFO - Filling up the DagBag from /opt/airflow/dags/driven_data_pipeline.py
[2026-06-19T03:56:11.864+0000] {processor.py:925} INFO - DAG(s) 'extract_raw_data_pipeline' retrieved from /opt/airflow/dags/driven_data_pipeline.py
[2026-06-19T03:56:11.877+0000] {logging_mixin.py:190} INFO - [2026-06-19T03:56:11.877+0000] {dag.py:3239} INFO - Sync 1 DAGs
[2026-06-19T03:56:11.889+0000] {logging_mixin.py:190} INFO - [2026-06-19T03:56:11.889+0000] {dag.py:4180} INFO - Setting next_dagrun for extract_raw_data_pipeline to 2026-06-18 07:59:00+00:00, run_after=2026-06-19 07:00:00+00:00
[2026-06-19T03:56:11.902+0000] {processor.py:208} INFO - Processing /opt/airflow/dags/driven_data_pipeline.py took 0.141 seconds
[2026-06-19T03:56:42.142+0000] {processor.py:186} INFO - Started process (PID=7508) to work on /opt/airflow/dags/driven_data_pipeline.py
[2026-06-19T03:56:42.142+0000] {processor.py:914} INFO - Processing file /opt/airflow/dags/driven_data_pipeline.py for tasks to queue
[2026-06-19T03:56:42.144+0000] {logging_mixin.py:190} INFO - [2026-06-19T03:56:42.144+0000] {dagbag.py:588} INFO - Filling up the DagBag from /opt/airflow/dags/driven_data_pipeline.py
[2026-06-19T03:56:42.224+0000] {processor.py:925} INFO - DAG(s) 'extract_raw_data_pipeline' retrieved from /opt/airflow/dags/driven_data_pipeline.py
[2026-06-19T03:56:42.239+0000] {logging_mixin.py:190} INFO - [2026-06-19T03:56:42.239+0000] {dag.py:3239} INFO - Sync 1 DAGs
[2026-06-19T03:56:42.253+0000] {logging_mixin.py:190} INFO - [2026-06-19T03:56:42.253+0000] {dag.py:4180} INFO - Setting next_dagrun for extract_raw_data_pipeline to 2026-06-18 07:59:00+00:00, run_after=2026-06-19 07:00:00+00:00
[2026-06-19T03:56:42.266+0000] {processor.py:208} INFO - Processing /opt/airflow/dags/driven_data_pipeline.py took 0.127 seconds
[2026-06-19T03:57:12.542+0000] {processor.py:186} INFO - Started process (PID=7516) to work on /opt/airflow/dags/driven_data_pipeline.py
[2026-06-19T03:57:12.543+0000] {processor.py:914} INFO - Processing file /opt/airflow/dags/driven_data_pipeline.py for tasks to queue
[2026-06-19T03:57:12.544+0000] {logging_mixin.py:190} INFO - [2026-06-19T03:57:12.544+0000] {dagbag.py:588} INFO - Filling up the DagBag from /opt/airflow/dags/driven_data_pipeline.py
[2026-06-19T03:57:12.626+0000] {processor.py:925} INFO - DAG(s) 'extract_raw_data_pipeline' retrieved from /opt/airflow/dags/driven_data_pipeline.py
[2026-06-19T03:57:12.642+0000] {logging_mixin.py:190} INFO - [2026-06-19T03:57:12.642+0000] {dag.py:3239} INFO - Sync 1 DAGs
[2026-06-19T03:57:12.654+0000] {logging_mixin.py:190} INFO - [2026-06-19T03:57:12.654+0000] {dag.py:4180} INFO - Setting next_dagrun for extract_raw_data_pipeline to 2026-06-18 07:59:00+00:00, run_after=2026-06-19 07:00:00+00:00
[2026-06-19T03:57:12.668+0000] {processor.py:208} INFO - Processing /opt/airflow/dags/driven_data_pipeline.py took 0.130 seconds
[2026-06-19T03:57:42.976+0000] {processor.py:186} INFO - Started process (PID=7524) to work on /opt/airflow/dags/driven_data_pipeline.py
[2026-06-19T03:57:42.976+0000] {processor.py:914} INFO - Processing file /opt/airflow/dags/driven_data_pipeline.py for tasks to queue
[2026-06-19T03:57:42.978+0000] {logging_mixin.py:190} INFO - [2026-06-19T03:57:42.978+0000] {dagbag.py:588} INFO - Filling up the DagBag from /opt/airflow/dags/driven_data_pipeline.py
[2026-06-19T03:57:43.059+0000] {processor.py:925} INFO - DAG(s) 'extract_raw_data_pipeline' retrieved from /opt/airflow/dags/driven_data_pipeline.py
[2026-06-19T03:57:43.073+0000] {logging_mixin.py:190} INFO - [2026-06-19T03:57:43.073+0000] {dag.py:3239} INFO - Sync 1 DAGs
[2026-06-19T03:57:43.086+0000] {logging_mixin.py:190} INFO - [2026-06-19T03:57:43.086+0000] {dag.py:4180} INFO - Setting next_dagrun for extract_raw_data_pipeline to 2026-06-18 07:59:00+00:00, run_after=2026-06-19 07:00:00+00:00
[2026-06-19T03:57:43.100+0000] {processor.py:208} INFO - Processing /opt/airflow/dags/driven_data_pipeline.py took 0.128 seconds
[2026-06-19T03:58:13.276+0000] {processor.py:186} INFO - Started process (PID=7532) to work on /opt/airflow/dags/driven_data_pipeline.py
[2026-06-19T03:58:13.276+0000] {processor.py:914} INFO - Processing file /opt/airflow/dags/driven_data_pipeline.py for tasks to queue
[2026-06-19T03:58:13.278+0000] {logging_mixin.py:190} INFO - [2026-06-19T03:58:13.278+0000] {dagbag.py:588} INFO - Filling up the DagBag from /opt/airflow/dags/driven_data_pipeline.py
[2026-06-19T03:58:13.357+0000] {processor.py:925} INFO - DAG(s) 'extract_raw_data_pipeline' retrieved from /opt/airflow/dags/driven_data_pipeline.py
[2026-06-19T03:58:13.371+0000] {logging_mixin.py:190} INFO - [2026-06-19T03:58:13.370+0000] {dag.py:3239} INFO - Sync 1 DAGs
[2026-06-19T03:58:13.382+0000] {logging_mixin.py:190} INFO - [2026-06-19T03:58:13.382+0000] {dag.py:4180} INFO - Setting next_dagrun for extract_raw_data_pipeline to 2026-06-18 07:59:00+00:00, run_after=2026-06-19 07:00:00+00:00
[2026-06-19T03:58:13.397+0000] {processor.py:208} INFO - Processing /opt/airflow/dags/driven_data_pipeline.py took 0.125 seconds
[2026-06-19T03:58:43.827+0000] {processor.py:186} INFO - Started process (PID=7546) to work on /opt/airflow/dags/driven_data_pipeline.py
[2026-06-19T03:58:43.828+0000] {processor.py:914} INFO - Processing file /opt/airflow/dags/driven_data_pipeline.py for tasks to queue
[2026-06-19T03:58:43.830+0000] {logging_mixin.py:190} INFO - [2026-06-19T03:58:43.829+0000] {dagbag.py:588} INFO - Filling up the DagBag from /opt/airflow/dags/driven_data_pipeline.py
[2026-06-19T03:58:43.914+0000] {processor.py:925} INFO - DAG(s) 'extract_raw_data_pipeline' retrieved from /opt/airflow/dags/driven_data_pipeline.py
[2026-06-19T03:58:43.928+0000] {logging_mixin.py:190} INFO - [2026-06-19T03:58:43.928+0000] {dag.py:3239} INFO - Sync 1 DAGs
[2026-06-19T03:58:43.940+0000] {logging_mixin.py:190} INFO - [2026-06-19T03:58:43.940+0000] {dag.py:4180} INFO - Setting next_dagrun for extract_raw_data_pipeline to 2026-06-18 07:59:00+00:00, run_after=2026-06-19 07:00:00+00:00
[2026-06-19T03:58:43.956+0000] {processor.py:208} INFO - Processing /opt/airflow/dags/driven_data_pipeline.py took 0.132 seconds
[2026-06-19T03:59:14.250+0000] {processor.py:186} INFO - Started process (PID=7554) to work on /opt/airflow/dags/driven_data_pipeline.py
[2026-06-19T03:59:14.250+0000] {processor.py:914} INFO - Processing file /opt/airflow/dags/driven_data_pipeline.py for tasks to queue
[2026-06-19T03:59:14.252+0000] {logging_mixin.py:190} INFO - [2026-06-19T03:59:14.252+0000] {dagbag.py:588} INFO - Filling up the DagBag from /opt/airflow/dags/driven_data_pipeline.py
[2026-06-19T03:59:14.332+0000] {processor.py:925} INFO - DAG(s) 'extract_raw_data_pipeline' retrieved from /opt/airflow/dags/driven_data_pipeline.py
[2026-06-19T03:59:14.347+0000] {logging_mixin.py:190} INFO - [2026-06-19T03:59:14.347+0000] {dag.py:3239} INFO - Sync 1 DAGs
[2026-06-19T03:59:14.359+0000] {logging_mixin.py:190} INFO - [2026-06-19T03:59:14.359+0000] {dag.py:4180} INFO - Setting next_dagrun for extract_raw_data_pipeline to 2026-06-18 07:59:00+00:00, run_after=2026-06-19 07:00:00+00:00
[2026-06-19T03:59:14.376+0000] {processor.py:208} INFO - Processing /opt/airflow/dags/driven_data_pipeline.py took 0.130 seconds
[2026-06-19T03:59:44.593+0000] {processor.py:186} INFO - Started process (PID=7562) to work on /opt/airflow/dags/driven_data_pipeline.py
[2026-06-19T03:59:44.594+0000] {processor.py:914} INFO - Processing file /opt/airflow/dags/driven_data_pipeline.py for tasks to queue
[2026-06-19T03:59:44.595+0000] {logging_mixin.py:190} INFO - [2026-06-19T03:59:44.595+0000] {dagbag.py:588} INFO - Filling up the DagBag from /opt/airflow/dags/driven_data_pipeline.py
[2026-06-19T03:59:44.701+0000] {processor.py:925} INFO - DAG(s) 'extract_raw_data_pipeline' retrieved from /opt/airflow/dags/driven_data_pipeline.py
[2026-06-19T03:59:44.715+0000] {logging_mixin.py:190} INFO - [2026-06-19T03:59:44.715+0000] {dag.py:3239} INFO - Sync 1 DAGs
[2026-06-19T03:59:44.727+0000] {logging_mixin.py:190} INFO - [2026-06-19T03:59:44.727+0000] {dag.py:4180} INFO - Setting next_dagrun for extract_raw_data_pipeline to 2026-06-18 07:59:00+00:00, run_after=2026-06-19 07:00:00+00:00
[2026-06-19T03:59:44.740+0000] {processor.py:208} INFO - Processing /opt/airflow/dags/driven_data_pipeline.py took 0.151 seconds
[2026-06-19T04:00:14.908+0000] {processor.py:186} INFO - Started process (PID=7570) to work on /opt/airflow/dags/driven_data_pipeline.py
[2026-06-19T04:00:14.909+0000] {processor.py:914} INFO - Processing file /opt/airflow/dags/driven_data_pipeline.py for tasks to queue
[2026-06-19T04:00:14.910+0000] {logging_mixin.py:190} INFO - [2026-06-19T04:00:14.910+0000] {dagbag.py:588} INFO - Filling up the DagBag from /opt/airflow/dags/driven_data_pipeline.py
[2026-06-19T04:00:14.994+0000] {processor.py:925} INFO - DAG(s) 'extract_raw_data_pipeline' retrieved from /opt/airflow/dags/driven_data_pipeline.py
[2026-06-19T04:00:15.008+0000] {logging_mixin.py:190} INFO - [2026-06-19T04:00:15.008+0000] {dag.py:3239} INFO - Sync 1 DAGs
[2026-06-19T04:00:15.019+0000] {logging_mixin.py:190} INFO - [2026-06-19T04:00:15.019+0000] {dag.py:4180} INFO - Setting next_dagrun for extract_raw_data_pipeline to 2026-06-18 07:59:00+00:00, run_after=2026-06-19 07:00:00+00:00
[2026-06-19T04:00:15.031+0000] {processor.py:208} INFO - Processing /opt/airflow/dags/driven_data_pipeline.py took 0.127 seconds
[2026-06-19T04:00:45.333+0000] {processor.py:186} INFO - Started process (PID=7578) to work on /opt/airflow/dags/driven_data_pipeline.py
[2026-06-19T04:00:45.333+0000] {processor.py:914} INFO - Processing file /opt/airflow/dags/driven_data_pipeline.py for tasks to queue
[2026-06-19T04:00:45.335+0000] {logging_mixin.py:190} INFO - [2026-06-19T04:00:45.335+0000] {dagbag.py:588} INFO - Filling up the DagBag from /opt/airflow/dags/driven_data_pipeline.py
[2026-06-19T04:00:45.415+0000] {processor.py:925} INFO - DAG(s) 'extract_raw_data_pipeline' retrieved from /opt/airflow/dags/driven_data_pipeline.py
[2026-06-19T04:00:45.429+0000] {logging_mixin.py:190} INFO - [2026-06-19T04:00:45.429+0000] {dag.py:3239} INFO - Sync 1 DAGs
[2026-06-19T04:00:45.442+0000] {logging_mixin.py:190} INFO - [2026-06-19T04:00:45.442+0000] {dag.py:4180} INFO - Setting next_dagrun for extract_raw_data_pipeline to 2026-06-18 07:59:00+00:00, run_after=2026-06-19 07:00:00+00:00
[2026-06-19T04:00:45.454+0000] {processor.py:208} INFO - Processing /opt/airflow/dags/driven_data_pipeline.py took 0.124 seconds
[2026-06-19T04:01:15.726+0000] {processor.py:186} INFO - Started process (PID=7586) to work on /opt/airflow/dags/driven_data_pipeline.py
[2026-06-19T04:01:15.726+0000] {processor.py:914} INFO - Processing file /opt/airflow/dags/driven_data_pipeline.py for tasks to queue
[2026-06-19T04:01:15.728+0000] {logging_mixin.py:190} INFO - [2026-06-19T04:01:15.728+0000] {dagbag.py:588} INFO - Filling up the DagBag from /opt/airflow/dags/driven_data_pipeline.py
[2026-06-19T04:01:15.812+0000] {processor.py:925} INFO - DAG(s) 'extract_raw_data_pipeline' retrieved from /opt/airflow/dags/driven_data_pipeline.py
[2026-06-19T04:01:15.829+0000] {logging_mixin.py:190} INFO - [2026-06-19T04:01:15.829+0000] {dag.py:3239} INFO - Sync 1 DAGs
[2026-06-19T04:01:15.843+0000] {logging_mixin.py:190} INFO - [2026-06-19T04:01:15.843+0000] {dag.py:4180} INFO - Setting next_dagrun for extract_raw_data_pipeline to 2026-06-18 07:59:00+00:00, run_after=2026-06-19 07:00:00+00:00
[2026-06-19T04:01:15.996+0000] {processor.py:208} INFO - Processing /opt/airflow/dags/driven_data_pipeline.py took 0.274 seconds
[2026-06-19T04:01:46.087+0000] {processor.py:186} INFO - Started process (PID=7594) to work on /opt/airflow/dags/driven_data_pipeline.py
[2026-06-19T04:01:46.088+0000] {processor.py:914} INFO - Processing file /opt/airflow/dags/driven_data_pipeline.py for tasks to queue
[2026-06-19T04:01:46.091+0000] {logging_mixin.py:190} INFO - [2026-06-19T04:01:46.091+0000] {dagbag.py:588} INFO - Filling up the DagBag from /opt/airflow/dags/driven_data_pipeline.py
[2026-06-19T04:01:46.190+0000] {processor.py:925} INFO - DAG(s) 'extract_raw_data_pipeline' retrieved from /opt/airflow/dags/driven_data_pipeline.py
[2026-06-19T04:01:46.204+0000] {logging_mixin.py:190} INFO - [2026-06-19T04:01:46.204+0000] {dag.py:3239} INFO - Sync 1 DAGs
[2026-06-19T04:01:46.215+0000] {logging_mixin.py:190} INFO - [2026-06-19T04:01:46.215+0000] {dag.py:4180} INFO - Setting next_dagrun for extract_raw_data_pipeline to 2026-06-18 07:59:00+00:00, run_after=2026-06-19 07:00:00+00:00
[2026-06-19T04:01:46.227+0000] {processor.py:208} INFO - Processing /opt/airflow/dags/driven_data_pipeline.py took 0.144 seconds
[2026-06-19T04:02:16.365+0000] {processor.py:186} INFO - Started process (PID=7602) to work on /opt/airflow/dags/driven_data_pipeline.py
[2026-06-19T04:02:16.366+0000] {processor.py:914} INFO - Processing file /opt/airflow/dags/driven_data_pipeline.py for tasks to queue
[2026-06-19T04:02:16.368+0000] {logging_mixin.py:190} INFO - [2026-06-19T04:02:16.367+0000] {dagbag.py:588} INFO - Filling up the DagBag from /opt/airflow/dags/driven_data_pipeline.py
[2026-06-19T04:02:16.449+0000] {processor.py:925} INFO - DAG(s) 'extract_raw_data_pipeline' retrieved from /opt/airflow/dags/driven_data_pipeline.py
[2026-06-19T04:02:16.465+0000] {logging_mixin.py:190} INFO - [2026-06-19T04:02:16.464+0000] {dag.py:3239} INFO - Sync 1 DAGs
[2026-06-19T04:02:16.477+0000] {logging_mixin.py:190} INFO - [2026-06-19T04:02:16.477+0000] {dag.py:4180} INFO - Setting next_dagrun for extract_raw_data_pipeline to 2026-06-18 07:59:00+00:00, run_after=2026-06-19 07:00:00+00:00
[2026-06-19T04:02:16.493+0000] {processor.py:208} INFO - Processing /opt/airflow/dags/driven_data_pipeline.py took 0.132 seconds
[2026-06-19T04:02:46.720+0000] {processor.py:186} INFO - Started process (PID=7610) to work on /opt/airflow/dags/driven_data_pipeline.py
[2026-06-19T04:02:46.721+0000] {processor.py:914} INFO - Processing file /opt/airflow/dags/driven_data_pipeline.py for tasks to queue
[2026-06-19T04:02:46.722+0000] {logging_mixin.py:190} INFO - [2026-06-19T04:02:46.722+0000] {dagbag.py:588} INFO - Filling up the DagBag from /opt/airflow/dags/driven_data_pipeline.py
[2026-06-19T04:02:46.802+0000] {processor.py:925} INFO - DAG(s) 'extract_raw_data_pipeline' retrieved from /opt/airflow/dags/driven_data_pipeline.py
[2026-06-19T04:02:46.818+0000] {logging_mixin.py:190} INFO - [2026-06-19T04:02:46.817+0000] {dag.py:3239} INFO - Sync 1 DAGs
[2026-06-19T04:02:46.830+0000] {logging_mixin.py:190} INFO - [2026-06-19T04:02:46.830+0000] {dag.py:4180} INFO - Setting next_dagrun for extract_raw_data_pipeline to 2026-06-18 07:59:00+00:00, run_after=2026-06-19 07:00:00+00:00
[2026-06-19T04:02:46.846+0000] {processor.py:208} INFO - Processing /opt/airflow/dags/driven_data_pipeline.py took 0.130 seconds
[2026-06-19T04:03:17.130+0000] {processor.py:186} INFO - Started process (PID=7618) to work on /opt/airflow/dags/driven_data_pipeline.py
[2026-06-19T04:03:17.131+0000] {processor.py:914} INFO - Processing file /opt/airflow/dags/driven_data_pipeline.py for tasks to queue
[2026-06-19T04:03:17.132+0000] {logging_mixin.py:190} INFO - [2026-06-19T04:03:17.132+0000] {dagbag.py:588} INFO - Filling up the DagBag from /opt/airflow/dags/driven_data_pipeline.py
[2026-06-19T04:03:17.212+0000] {processor.py:925} INFO - DAG(s) 'extract_raw_data_pipeline' retrieved from /opt/airflow/dags/driven_data_pipeline.py
[2026-06-19T04:03:17.227+0000] {logging_mixin.py:190} INFO - [2026-06-19T04:03:17.226+0000] {dag.py:3239} INFO - Sync 1 DAGs
[2026-06-19T04:03:17.239+0000] {logging_mixin.py:190} INFO - [2026-06-19T04:03:17.239+0000] {dag.py:4180} INFO - Setting next_dagrun for extract_raw_data_pipeline to 2026-06-18 07:59:00+00:00, run_after=2026-06-19 07:00:00+00:00
[2026-06-19T04:03:17.265+0000] {processor.py:208} INFO - Processing /opt/airflow/dags/driven_data_pipeline.py took 0.138 seconds
[2026-06-19T04:03:47.411+0000] {processor.py:186} INFO - Started process (PID=7626) to work on /opt/airflow/dags/driven_data_pipeline.py
[2026-06-19T04:03:47.412+0000] {processor.py:914} INFO - Processing file /opt/airflow/dags/driven_data_pipeline.py for tasks to queue
[2026-06-19T04:03:47.414+0000] {logging_mixin.py:190} INFO - [2026-06-19T04:03:47.414+0000] {dagbag.py:588} INFO - Filling up the DagBag from /opt/airflow/dags/driven_data_pipeline.py
[2026-06-19T04:03:47.507+0000] {processor.py:925} INFO - DAG(s) 'extract_raw_data_pipeline' retrieved from /opt/airflow/dags/driven_data_pipeline.py
[2026-06-19T04:03:47.522+0000] {logging_mixin.py:190} INFO - [2026-06-19T04:03:47.521+0000] {dag.py:3239} INFO - Sync 1 DAGs
[2026-06-19T04:03:47.534+0000] {logging_mixin.py:190} INFO - [2026-06-19T04:03:47.534+0000] {dag.py:4180} INFO - Setting next_dagrun for extract_raw_data_pipeline to 2026-06-18 07:59:00+00:00, run_after=2026-06-19 07:00:00+00:00
[2026-06-19T04:03:47.548+0000] {processor.py:208} INFO - Processing /opt/airflow/dags/driven_data_pipeline.py took 0.141 seconds
[2026-06-19T04:04:17.927+0000] {processor.py:186} INFO - Started process (PID=7634) to work on /opt/airflow/dags/driven_data_pipeline.py
[2026-06-19T04:04:17.928+0000] {processor.py:914} INFO - Processing file /opt/airflow/dags/driven_data_pipeline.py for tasks to queue
[2026-06-19T04:04:17.930+0000] {logging_mixin.py:190} INFO - [2026-06-19T04:04:17.929+0000] {dagbag.py:588} INFO - Filling up the DagBag from /opt/airflow/dags/driven_data_pipeline.py
[2026-06-19T04:04:18.022+0000] {processor.py:925} INFO - DAG(s) 'extract_raw_data_pipeline' retrieved from /opt/airflow/dags/driven_data_pipeline.py
[2026-06-19T04:04:18.036+0000] {logging_mixin.py:190} INFO - [2026-06-19T04:04:18.036+0000] {dag.py:3239} INFO - Sync 1 DAGs
[2026-06-19T04:04:18.050+0000] {logging_mixin.py:190} INFO - [2026-06-19T04:04:18.049+0000] {dag.py:4180} INFO - Setting next_dagrun for extract_raw_data_pipeline to 2026-06-18 07:59:00+00:00, run_after=2026-06-19 07:00:00+00:00
[2026-06-19T04:04:18.064+0000] {processor.py:208} INFO - Processing /opt/airflow/dags/driven_data_pipeline.py took 0.140 seconds
[2026-06-19T04:04:48.250+0000] {processor.py:186} INFO - Started process (PID=7641) to work on /opt/airflow/dags/driven_data_pipeline.py
[2026-06-19T04:04:48.251+0000] {processor.py:914} INFO - Processing file /opt/airflow/dags/driven_data_pipeline.py for tasks to queue
[2026-06-19T04:04:48.253+0000] {logging_mixin.py:190} INFO - [2026-06-19T04:04:48.252+0000] {dagbag.py:588} INFO - Filling up the DagBag from /opt/airflow/dags/driven_data_pipeline.py
[2026-06-19T04:04:48.351+0000] {processor.py:925} INFO - DAG(s) 'extract_raw_data_pipeline' retrieved from /opt/airflow/dags/driven_data_pipeline.py
[2026-06-19T04:04:48.366+0000] {logging_mixin.py:190} INFO - [2026-06-19T04:04:48.365+0000] {dag.py:3239} INFO - Sync 1 DAGs
[2026-06-19T04:04:48.381+0000] {logging_mixin.py:190} INFO - [2026-06-19T04:04:48.381+0000] {dag.py:4180} INFO - Setting next_dagrun for extract_raw_data_pipeline to 2026-06-18 07:59:00+00:00, run_after=2026-06-19 07:00:00+00:00
[2026-06-19T04:04:48.394+0000] {processor.py:208} INFO - Processing /opt/airflow/dags/driven_data_pipeline.py took 0.148 seconds
[2026-06-19T04:05:18.688+0000] {processor.py:186} INFO - Started process (PID=7649) to work on /opt/airflow/dags/driven_data_pipeline.py
[2026-06-19T04:05:18.689+0000] {processor.py:914} INFO - Processing file /opt/airflow/dags/driven_data_pipeline.py for tasks to queue
[2026-06-19T04:05:18.690+0000] {logging_mixin.py:190} INFO - [2026-06-19T04:05:18.690+0000] {dagbag.py:588} INFO - Filling up the DagBag from /opt/airflow/dags/driven_data_pipeline.py
[2026-06-19T04:05:18.773+0000] {processor.py:925} INFO - DAG(s) 'extract_raw_data_pipeline' retrieved from /opt/airflow/dags/driven_data_pipeline.py
[2026-06-19T04:05:18.789+0000] {logging_mixin.py:190} INFO - [2026-06-19T04:05:18.789+0000] {dag.py:3239} INFO - Sync 1 DAGs
[2026-06-19T04:05:18.801+0000] {logging_mixin.py:190} INFO - [2026-06-19T04:05:18.801+0000] {dag.py:4180} INFO - Setting next_dagrun for extract_raw_data_pipeline to 2026-06-18 07:59:00+00:00, run_after=2026-06-19 07:00:00+00:00
[2026-06-19T04:05:18.815+0000] {processor.py:208} INFO - Processing /opt/airflow/dags/driven_data_pipeline.py took 0.131 seconds
[2026-06-19T04:05:49.070+0000] {processor.py:186} INFO - Started process (PID=7657) to work on /opt/airflow/dags/driven_data_pipeline.py
[2026-06-19T04:05:49.070+0000] {processor.py:914} INFO - Processing file /opt/airflow/dags/driven_data_pipeline.py for tasks to queue
[2026-06-19T04:05:49.072+0000] {logging_mixin.py:190} INFO - [2026-06-19T04:05:49.072+0000] {dagbag.py:588} INFO - Filling up the DagBag from /opt/airflow/dags/driven_data_pipeline.py
[2026-06-19T04:05:49.152+0000] {processor.py:925} INFO - DAG(s) 'extract_raw_data_pipeline' retrieved from /opt/airflow/dags/driven_data_pipeline.py
[2026-06-19T04:05:49.167+0000] {logging_mixin.py:190} INFO - [2026-06-19T04:05:49.167+0000] {dag.py:3239} INFO - Sync 1 DAGs
[2026-06-19T04:05:49.180+0000] {logging_mixin.py:190} INFO - [2026-06-19T04:05:49.180+0000] {dag.py:4180} INFO - Setting next_dagrun for extract_raw_data_pipeline to 2026-06-18 07:59:00+00:00, run_after=2026-06-19 07:00:00+00:00
[2026-06-19T04:05:49.194+0000] {processor.py:208} INFO - Processing /opt/airflow/dags/driven_data_pipeline.py took 0.127 seconds
[2026-06-19T04:06:19.389+0000] {processor.py:186} INFO - Started process (PID=7665) to work on /opt/airflow/dags/driven_data_pipeline.py
[2026-06-19T04:06:19.389+0000] {processor.py:914} INFO - Processing file /opt/airflow/dags/driven_data_pipeline.py for tasks to queue
[2026-06-19T04:06:19.391+0000] {logging_mixin.py:190} INFO - [2026-06-19T04:06:19.391+0000] {dagbag.py:588} INFO - Filling up the DagBag from /opt/airflow/dags/driven_data_pipeline.py
[2026-06-19T04:06:19.472+0000] {processor.py:925} INFO - DAG(s) 'extract_raw_data_pipeline' retrieved from /opt/airflow/dags/driven_data_pipeline.py
[2026-06-19T04:06:19.486+0000] {logging_mixin.py:190} INFO - [2026-06-19T04:06:19.485+0000] {dag.py:3239} INFO - Sync 1 DAGs
[2026-06-19T04:06:19.498+0000] {logging_mixin.py:190} INFO - [2026-06-19T04:06:19.498+0000] {dag.py:4180} INFO - Setting next_dagrun for extract_raw_data_pipeline to 2026-06-18 07:59:00+00:00, run_after=2026-06-19 07:00:00+00:00
[2026-06-19T04:06:19.512+0000] {processor.py:208} INFO - Processing /opt/airflow/dags/driven_data_pipeline.py took 0.127 seconds
[2026-06-19T04:06:49.843+0000] {processor.py:186} INFO - Started process (PID=7672) to work on /opt/airflow/dags/driven_data_pipeline.py
[2026-06-19T04:06:49.844+0000] {processor.py:914} INFO - Processing file /opt/airflow/dags/driven_data_pipeline.py for tasks to queue
[2026-06-19T04:06:49.845+0000] {logging_mixin.py:190} INFO - [2026-06-19T04:06:49.845+0000] {dagbag.py:588} INFO - Filling up the DagBag from /opt/airflow/dags/driven_data_pipeline.py
[2026-06-19T04:06:49.927+0000] {processor.py:925} INFO - DAG(s) 'extract_raw_data_pipeline' retrieved from /opt/airflow/dags/driven_data_pipeline.py
[2026-06-19T04:06:49.964+0000] {logging_mixin.py:190} INFO - [2026-06-19T04:06:49.964+0000] {dag.py:3239} INFO - Sync 1 DAGs
[2026-06-19T04:06:50.007+0000] {logging_mixin.py:190} INFO - [2026-06-19T04:06:50.007+0000] {dag.py:4180} INFO - Setting next_dagrun for extract_raw_data_pipeline to 2026-06-18 07:59:00+00:00, run_after=2026-06-19 07:00:00+00:00
[2026-06-19T04:06:50.021+0000] {processor.py:208} INFO - Processing /opt/airflow/dags/driven_data_pipeline.py took 0.181 seconds
[2026-06-19T04:07:20.163+0000] {processor.py:186} INFO - Started process (PID=7680) to work on /opt/airflow/dags/driven_data_pipeline.py
[2026-06-19T04:07:20.164+0000] {processor.py:914} INFO - Processing file /opt/airflow/dags/driven_data_pipeline.py for tasks to queue
[2026-06-19T04:07:20.165+0000] {logging_mixin.py:190} INFO - [2026-06-19T04:07:20.165+0000] {dagbag.py:588} INFO - Filling up the DagBag from /opt/airflow/dags/driven_data_pipeline.py
[2026-06-19T04:07:20.257+0000] {processor.py:925} INFO - DAG(s) 'extract_raw_data_pipeline' retrieved from /opt/airflow/dags/driven_data_pipeline.py
[2026-06-19T04:07:20.273+0000] {logging_mixin.py:190} INFO - [2026-06-19T04:07:20.273+0000] {dag.py:3239} INFO - Sync 1 DAGs
[2026-06-19T04:07:20.285+0000] {logging_mixin.py:190} INFO - [2026-06-19T04:07:20.285+0000] {dag.py:4180} INFO - Setting next_dagrun for extract_raw_data_pipeline to 2026-06-18 07:59:00+00:00, run_after=2026-06-19 07:00:00+00:00
[2026-06-19T04:07:20.298+0000] {processor.py:208} INFO - Processing /opt/airflow/dags/driven_data_pipeline.py took 0.138 seconds
[2026-06-19T04:07:50.556+0000] {processor.py:186} INFO - Started process (PID=7688) to work on /opt/airflow/dags/driven_data_pipeline.py
[2026-06-19T04:07:50.557+0000] {processor.py:914} INFO - Processing file /opt/airflow/dags/driven_data_pipeline.py for tasks to queue
[2026-06-19T04:07:50.559+0000] {logging_mixin.py:190} INFO - [2026-06-19T04:07:50.558+0000] {dagbag.py:588} INFO - Filling up the DagBag from /opt/airflow/dags/driven_data_pipeline.py
[2026-06-19T04:07:50.653+0000] {processor.py:925} INFO - DAG(s) 'extract_raw_data_pipeline' retrieved from /opt/airflow/dags/driven_data_pipeline.py
[2026-06-19T04:07:50.668+0000] {logging_mixin.py:190} INFO - [2026-06-19T04:07:50.668+0000] {dag.py:3239} INFO - Sync 1 DAGs
[2026-06-19T04:07:50.680+0000] {logging_mixin.py:190} INFO - [2026-06-19T04:07:50.680+0000] {dag.py:4180} INFO - Setting next_dagrun for extract_raw_data_pipeline to 2026-06-18 07:59:00+00:00, run_after=2026-06-19 07:00:00+00:00
[2026-06-19T04:07:50.693+0000] {processor.py:208} INFO - Processing /opt/airflow/dags/driven_data_pipeline.py took 0.143 seconds
[2026-06-19T04:08:21.030+0000] {processor.py:186} INFO - Started process (PID=7696) to work on /opt/airflow/dags/driven_data_pipeline.py
[2026-06-19T04:08:21.031+0000] {processor.py:914} INFO - Processing file /opt/airflow/dags/driven_data_pipeline.py for tasks to queue
[2026-06-19T04:08:21.032+0000] {logging_mixin.py:190} INFO - [2026-06-19T04:08:21.032+0000] {dagbag.py:588} INFO - Filling up the DagBag from /opt/airflow/dags/driven_data_pipeline.py
[2026-06-19T04:08:21.112+0000] {processor.py:925} INFO - DAG(s) 'extract_raw_data_pipeline' retrieved from /opt/airflow/dags/driven_data_pipeline.py
[2026-06-19T04:08:21.127+0000] {logging_mixin.py:190} INFO - [2026-06-19T04:08:21.126+0000] {dag.py:3239} INFO - Sync 1 DAGs
[2026-06-19T04:08:21.139+0000] {logging_mixin.py:190} INFO - [2026-06-19T04:08:21.139+0000] {dag.py:4180} INFO - Setting next_dagrun for extract_raw_data_pipeline to 2026-06-18 07:59:00+00:00, run_after=2026-06-19 07:00:00+00:00
[2026-06-19T04:08:21.153+0000] {processor.py:208} INFO - Processing /opt/airflow/dags/driven_data_pipeline.py took 0.127 seconds
[2026-06-19T04:08:51.336+0000] {processor.py:186} INFO - Started process (PID=7704) to work on /opt/airflow/dags/driven_data_pipeline.py
[2026-06-19T04:08:51.336+0000] {processor.py:914} INFO - Processing file /opt/airflow/dags/driven_data_pipeline.py for tasks to queue
[2026-06-19T04:08:51.338+0000] {logging_mixin.py:190} INFO - [2026-06-19T04:08:51.338+0000] {dagbag.py:588} INFO - Filling up the DagBag from /opt/airflow/dags/driven_data_pipeline.py
[2026-06-19T04:08:51.419+0000] {processor.py:925} INFO - DAG(s) 'extract_raw_data_pipeline' retrieved from /opt/airflow/dags/driven_data_pipeline.py
[2026-06-19T04:08:51.433+0000] {logging_mixin.py:190} INFO - [2026-06-19T04:08:51.433+0000] {dag.py:3239} INFO - Sync 1 DAGs
[2026-06-19T04:08:51.445+0000] {logging_mixin.py:190} INFO - [2026-06-19T04:08:51.445+0000] {dag.py:4180} INFO - Setting next_dagrun for extract_raw_data_pipeline to 2026-06-18 07:59:00+00:00, run_after=2026-06-19 07:00:00+00:00
[2026-06-19T04:08:51.461+0000] {processor.py:208} INFO - Processing /opt/airflow/dags/driven_data_pipeline.py took 0.129 seconds
[2026-06-19T04:09:21.661+0000] {processor.py:186} INFO - Started process (PID=7712) to work on /opt/airflow/dags/driven_data_pipeline.py
[2026-06-19T04:09:21.662+0000] {processor.py:914} INFO - Processing file /opt/airflow/dags/driven_data_pipeline.py for tasks to queue
[2026-06-19T04:09:21.664+0000] {logging_mixin.py:190} INFO - [2026-06-19T04:09:21.664+0000] {dagbag.py:588} INFO - Filling up the DagBag from /opt/airflow/dags/driven_data_pipeline.py
[2026-06-19T04:09:21.748+0000] {processor.py:925} INFO - DAG(s) 'extract_raw_data_pipeline' retrieved from /opt/airflow/dags/driven_data_pipeline.py
[2026-06-19T04:09:21.764+0000] {logging_mixin.py:190} INFO - [2026-06-19T04:09:21.764+0000] {dag.py:3239} INFO - Sync 1 DAGs
[2026-06-19T04:09:21.777+0000] {logging_mixin.py:190} INFO - [2026-06-19T04:09:21.777+0000] {dag.py:4180} INFO - Setting next_dagrun for extract_raw_data_pipeline to 2026-06-18 07:59:00+00:00, run_after=2026-06-19 07:00:00+00:00
[2026-06-19T04:09:21.794+0000] {processor.py:208} INFO - Processing /opt/airflow/dags/driven_data_pipeline.py took 0.136 seconds
[2026-06-19T04:09:52.118+0000] {processor.py:186} INFO - Started process (PID=7720) to work on /opt/airflow/dags/driven_data_pipeline.py
[2026-06-19T04:09:52.120+0000] {processor.py:914} INFO - Processing file /opt/airflow/dags/driven_data_pipeline.py for tasks to queue
[2026-06-19T04:09:52.122+0000] {logging_mixin.py:190} INFO - [2026-06-19T04:09:52.121+0000] {dagbag.py:588} INFO - Filling up the DagBag from /opt/airflow/dags/driven_data_pipeline.py
[2026-06-19T04:09:52.216+0000] {processor.py:925} INFO - DAG(s) 'extract_raw_data_pipeline' retrieved from /opt/airflow/dags/driven_data_pipeline.py
[2026-06-19T04:09:52.230+0000] {logging_mixin.py:190} INFO - [2026-06-19T04:09:52.230+0000] {dag.py:3239} INFO - Sync 1 DAGs
[2026-06-19T04:09:52.242+0000] {logging_mixin.py:190} INFO - [2026-06-19T04:09:52.242+0000] {dag.py:4180} INFO - Setting next_dagrun for extract_raw_data_pipeline to 2026-06-18 07:59:00+00:00, run_after=2026-06-19 07:00:00+00:00
[2026-06-19T04:09:52.256+0000] {processor.py:208} INFO - Processing /opt/airflow/dags/driven_data_pipeline.py took 0.143 seconds
[2026-06-19T04:10:22.443+0000] {processor.py:186} INFO - Started process (PID=7728) to work on /opt/airflow/dags/driven_data_pipeline.py
[2026-06-19T04:10:22.443+0000] {processor.py:914} INFO - Processing file /opt/airflow/dags/driven_data_pipeline.py for tasks to queue
[2026-06-19T04:10:22.445+0000] {logging_mixin.py:190} INFO - [2026-06-19T04:10:22.445+0000] {dagbag.py:588} INFO - Filling up the DagBag from /opt/airflow/dags/driven_data_pipeline.py
[2026-06-19T04:10:22.526+0000] {processor.py:925} INFO - DAG(s) 'extract_raw_data_pipeline' retrieved from /opt/airflow/dags/driven_data_pipeline.py
[2026-06-19T04:10:22.540+0000] {logging_mixin.py:190} INFO - [2026-06-19T04:10:22.540+0000] {dag.py:3239} INFO - Sync 1 DAGs
[2026-06-19T04:10:22.553+0000] {logging_mixin.py:190} INFO - [2026-06-19T04:10:22.553+0000] {dag.py:4180} INFO - Setting next_dagrun for extract_raw_data_pipeline to 2026-06-18 07:59:00+00:00, run_after=2026-06-19 07:00:00+00:00
[2026-06-19T04:10:22.568+0000] {processor.py:208} INFO - Processing /opt/airflow/dags/driven_data_pipeline.py took 0.129 seconds
[2026-06-19T04:10:52.916+0000] {processor.py:186} INFO - Started process (PID=7735) to work on /opt/airflow/dags/driven_data_pipeline.py
[2026-06-19T04:10:52.917+0000] {processor.py:914} INFO - Processing file /opt/airflow/dags/driven_data_pipeline.py for tasks to queue
[2026-06-19T04:10:52.919+0000] {logging_mixin.py:190} INFO - [2026-06-19T04:10:52.918+0000] {dagbag.py:588} INFO - Filling up the DagBag from /opt/airflow/dags/driven_data_pipeline.py
[2026-06-19T04:10:53.015+0000] {processor.py:925} INFO - DAG(s) 'extract_raw_data_pipeline' retrieved from /opt/airflow/dags/driven_data_pipeline.py
[2026-06-19T04:10:53.030+0000] {logging_mixin.py:190} INFO - [2026-06-19T04:10:53.030+0000] {dag.py:3239} INFO - Sync 1 DAGs
[2026-06-19T04:10:53.044+0000] {logging_mixin.py:190} INFO - [2026-06-19T04:10:53.044+0000] {dag.py:4180} INFO - Setting next_dagrun for extract_raw_data_pipeline to 2026-06-18 07:59:00+00:00, run_after=2026-06-19 07:00:00+00:00
[2026-06-19T04:10:53.057+0000] {processor.py:208} INFO - Processing /opt/airflow/dags/driven_data_pipeline.py took 0.145 seconds
[2026-06-19T04:11:23.224+0000] {processor.py:186} INFO - Started process (PID=7743) to work on /opt/airflow/dags/driven_data_pipeline.py
[2026-06-19T04:11:23.225+0000] {processor.py:914} INFO - Processing file /opt/airflow/dags/driven_data_pipeline.py for tasks to queue
[2026-06-19T04:11:23.226+0000] {logging_mixin.py:190} INFO - [2026-06-19T04:11:23.226+0000] {dagbag.py:588} INFO - Filling up the DagBag from /opt/airflow/dags/driven_data_pipeline.py
[2026-06-19T04:11:23.320+0000] {processor.py:925} INFO - DAG(s) 'extract_raw_data_pipeline' retrieved from /opt/airflow/dags/driven_data_pipeline.py
[2026-06-19T04:11:23.334+0000] {logging_mixin.py:190} INFO - [2026-06-19T04:11:23.334+0000] {dag.py:3239} INFO - Sync 1 DAGs
[2026-06-19T04:11:23.348+0000] {logging_mixin.py:190} INFO - [2026-06-19T04:11:23.348+0000] {dag.py:4180} INFO - Setting next_dagrun for extract_raw_data_pipeline to 2026-06-18 07:59:00+00:00, run_after=2026-06-19 07:00:00+00:00
[2026-06-19T04:11:23.361+0000] {processor.py:208} INFO - Processing /opt/airflow/dags/driven_data_pipeline.py took 0.141 seconds
[2026-06-19T04:11:53.702+0000] {processor.py:186} INFO - Started process (PID=7751) to work on /opt/airflow/dags/driven_data_pipeline.py
[2026-06-19T04:11:53.703+0000] {processor.py:914} INFO - Processing file /opt/airflow/dags/driven_data_pipeline.py for tasks to queue
[2026-06-19T04:11:53.704+0000] {logging_mixin.py:190} INFO - [2026-06-19T04:11:53.704+0000] {dagbag.py:588} INFO - Filling up the DagBag from /opt/airflow/dags/driven_data_pipeline.py
[2026-06-19T04:11:53.789+0000] {processor.py:925} INFO - DAG(s) 'extract_raw_data_pipeline' retrieved from /opt/airflow/dags/driven_data_pipeline.py
[2026-06-19T04:11:53.805+0000] {logging_mixin.py:190} INFO - [2026-06-19T04:11:53.804+0000] {dag.py:3239} INFO - Sync 1 DAGs
[2026-06-19T04:11:53.817+0000] {logging_mixin.py:190} INFO - [2026-06-19T04:11:53.817+0000] {dag.py:4180} INFO - Setting next_dagrun for extract_raw_data_pipeline to 2026-06-18 07:59:00+00:00, run_after=2026-06-19 07:00:00+00:00
[2026-06-19T04:11:53.831+0000] {processor.py:208} INFO - Processing /opt/airflow/dags/driven_data_pipeline.py took 0.132 seconds
[2026-06-19T04:12:24.080+0000] {processor.py:186} INFO - Started process (PID=7759) to work on /opt/airflow/dags/driven_data_pipeline.py
[2026-06-19T04:12:24.081+0000] {processor.py:914} INFO - Processing file /opt/airflow/dags/driven_data_pipeline.py for tasks to queue
[2026-06-19T04:12:24.083+0000] {logging_mixin.py:190} INFO - [2026-06-19T04:12:24.083+0000] {dagbag.py:588} INFO - Filling up the DagBag from /opt/airflow/dags/driven_data_pipeline.py
[2026-06-19T04:12:24.163+0000] {processor.py:925} INFO - DAG(s) 'extract_raw_data_pipeline' retrieved from /opt/airflow/dags/driven_data_pipeline.py
[2026-06-19T04:12:24.177+0000] {logging_mixin.py:190} INFO - [2026-06-19T04:12:24.177+0000] {dag.py:3239} INFO - Sync 1 DAGs
[2026-06-19T04:12:24.189+0000] {logging_mixin.py:190} INFO - [2026-06-19T04:12:24.189+0000] {dag.py:4180} INFO - Setting next_dagrun for extract_raw_data_pipeline to 2026-06-18 07:59:00+00:00, run_after=2026-06-19 07:00:00+00:00
[2026-06-19T04:12:24.203+0000] {processor.py:208} INFO - Processing /opt/airflow/dags/driven_data_pipeline.py took 0.125 seconds
[2026-06-19T04:12:54.366+0000] {processor.py:186} INFO - Started process (PID=7767) to work on /opt/airflow/dags/driven_data_pipeline.py
[2026-06-19T04:12:54.366+0000] {processor.py:914} INFO - Processing file /opt/airflow/dags/driven_data_pipeline.py for tasks to queue
[2026-06-19T04:12:54.368+0000] {logging_mixin.py:190} INFO - [2026-06-19T04:12:54.368+0000] {dagbag.py:588} INFO - Filling up the DagBag from /opt/airflow/dags/driven_data_pipeline.py
[2026-06-19T04:12:54.448+0000] {processor.py:925} INFO - DAG(s) 'extract_raw_data_pipeline' retrieved from /opt/airflow/dags/driven_data_pipeline.py
[2026-06-19T04:12:54.462+0000] {logging_mixin.py:190} INFO - [2026-06-19T04:12:54.461+0000] {dag.py:3239} INFO - Sync 1 DAGs
[2026-06-19T04:12:54.474+0000] {logging_mixin.py:190} INFO - [2026-06-19T04:12:54.474+0000] {dag.py:4180} INFO - Setting next_dagrun for extract_raw_data_pipeline to 2026-06-18 07:59:00+00:00, run_after=2026-06-19 07:00:00+00:00
[2026-06-19T04:12:54.489+0000] {processor.py:208} INFO - Processing /opt/airflow/dags/driven_data_pipeline.py took 0.127 seconds
[2026-06-19T04:13:24.787+0000] {processor.py:186} INFO - Started process (PID=7775) to work on /opt/airflow/dags/driven_data_pipeline.py
[2026-06-19T04:13:24.788+0000] {processor.py:914} INFO - Processing file /opt/airflow/dags/driven_data_pipeline.py for tasks to queue
[2026-06-19T04:13:24.790+0000] {logging_mixin.py:190} INFO - [2026-06-19T04:13:24.790+0000] {dagbag.py:588} INFO - Filling up the DagBag from /opt/airflow/dags/driven_data_pipeline.py
[2026-06-19T04:13:24.872+0000] {processor.py:925} INFO - DAG(s) 'extract_raw_data_pipeline' retrieved from /opt/airflow/dags/driven_data_pipeline.py
[2026-06-19T04:13:24.886+0000] {logging_mixin.py:190} INFO - [2026-06-19T04:13:24.886+0000] {dag.py:3239} INFO - Sync 1 DAGs
[2026-06-19T04:13:24.897+0000] {logging_mixin.py:190} INFO - [2026-06-19T04:13:24.897+0000] {dag.py:4180} INFO - Setting next_dagrun for extract_raw_data_pipeline to 2026-06-18 07:59:00+00:00, run_after=2026-06-19 07:00:00+00:00
[2026-06-19T04:13:24.912+0000] {processor.py:208} INFO - Processing /opt/airflow/dags/driven_data_pipeline.py took 0.127 seconds
[2026-06-19T04:13:55.208+0000] {processor.py:186} INFO - Started process (PID=7783) to work on /opt/airflow/dags/driven_data_pipeline.py
[2026-06-19T04:13:55.209+0000] {processor.py:914} INFO - Processing file /opt/airflow/dags/driven_data_pipeline.py for tasks to queue
[2026-06-19T04:13:55.211+0000] {logging_mixin.py:190} INFO - [2026-06-19T04:13:55.211+0000] {dagbag.py:588} INFO - Filling up the DagBag from /opt/airflow/dags/driven_data_pipeline.py
[2026-06-19T04:13:55.292+0000] {processor.py:925} INFO - DAG(s) 'extract_raw_data_pipeline' retrieved from /opt/airflow/dags/driven_data_pipeline.py
[2026-06-19T04:13:55.305+0000] {logging_mixin.py:190} INFO - [2026-06-19T04:13:55.305+0000] {dag.py:3239} INFO - Sync 1 DAGs
[2026-06-19T04:13:55.317+0000] {logging_mixin.py:190} INFO - [2026-06-19T04:13:55.317+0000] {dag.py:4180} INFO - Setting next_dagrun for extract_raw_data_pipeline to 2026-06-18 07:59:00+00:00, run_after=2026-06-19 07:00:00+00:00
[2026-06-19T04:13:55.334+0000] {processor.py:208} INFO - Processing /opt/airflow/dags/driven_data_pipeline.py took 0.131 seconds
[2026-06-19T04:14:25.541+0000] {processor.py:186} INFO - Started process (PID=7791) to work on /opt/airflow/dags/driven_data_pipeline.py
[2026-06-19T04:14:25.542+0000] {processor.py:914} INFO - Processing file /opt/airflow/dags/driven_data_pipeline.py for tasks to queue
[2026-06-19T04:14:25.543+0000] {logging_mixin.py:190} INFO - [2026-06-19T04:14:25.543+0000] {dagbag.py:588} INFO - Filling up the DagBag from /opt/airflow/dags/driven_data_pipeline.py
[2026-06-19T04:14:25.625+0000] {processor.py:925} INFO - DAG(s) 'extract_raw_data_pipeline' retrieved from /opt/airflow/dags/driven_data_pipeline.py
[2026-06-19T04:14:25.638+0000] {logging_mixin.py:190} INFO - [2026-06-19T04:14:25.638+0000] {dag.py:3239} INFO - Sync 1 DAGs
[2026-06-19T04:14:25.649+0000] {logging_mixin.py:190} INFO - [2026-06-19T04:14:25.649+0000] {dag.py:4180} INFO - Setting next_dagrun for extract_raw_data_pipeline to 2026-06-18 07:59:00+00:00, run_after=2026-06-19 07:00:00+00:00
[2026-06-19T04:14:25.664+0000] {processor.py:208} INFO - Processing /opt/airflow/dags/driven_data_pipeline.py took 0.127 seconds
[2026-06-19T04:14:55.932+0000] {processor.py:186} INFO - Started process (PID=7799) to work on /opt/airflow/dags/driven_data_pipeline.py
[2026-06-19T04:14:55.933+0000] {processor.py:914} INFO - Processing file /opt/airflow/dags/driven_data_pipeline.py for tasks to queue
[2026-06-19T04:14:55.934+0000] {logging_mixin.py:190} INFO - [2026-06-19T04:14:55.934+0000] {dagbag.py:588} INFO - Filling up the DagBag from /opt/airflow/dags/driven_data_pipeline.py
[2026-06-19T04:14:56.014+0000] {processor.py:925} INFO - DAG(s) 'extract_raw_data_pipeline' retrieved from /opt/airflow/dags/driven_data_pipeline.py
[2026-06-19T04:14:56.027+0000] {logging_mixin.py:190} INFO - [2026-06-19T04:14:56.027+0000] {dag.py:3239} INFO - Sync 1 DAGs
[2026-06-19T04:14:56.039+0000] {logging_mixin.py:190} INFO - [2026-06-19T04:14:56.039+0000] {dag.py:4180} INFO - Setting next_dagrun for extract_raw_data_pipeline to 2026-06-18 07:59:00+00:00, run_after=2026-06-19 07:00:00+00:00
[2026-06-19T04:14:56.051+0000] {processor.py:208} INFO - Processing /opt/airflow/dags/driven_data_pipeline.py took 0.122 seconds
[2026-06-19T04:15:26.223+0000] {processor.py:186} INFO - Started process (PID=7807) to work on /opt/airflow/dags/driven_data_pipeline.py
[2026-06-19T04:15:26.224+0000] {processor.py:914} INFO - Processing file /opt/airflow/dags/driven_data_pipeline.py for tasks to queue
[2026-06-19T04:15:26.226+0000] {logging_mixin.py:190} INFO - [2026-06-19T04:15:26.226+0000] {dagbag.py:588} INFO - Filling up the DagBag from /opt/airflow/dags/driven_data_pipeline.py
[2026-06-19T04:15:26.306+0000] {processor.py:925} INFO - DAG(s) 'extract_raw_data_pipeline' retrieved from /opt/airflow/dags/driven_data_pipeline.py
[2026-06-19T04:15:26.321+0000] {logging_mixin.py:190} INFO - [2026-06-19T04:15:26.321+0000] {dag.py:3239} INFO - Sync 1 DAGs
[2026-06-19T04:15:26.333+0000] {logging_mixin.py:190} INFO - [2026-06-19T04:15:26.333+0000] {dag.py:4180} INFO - Setting next_dagrun for extract_raw_data_pipeline to 2026-06-18 07:59:00+00:00, run_after=2026-06-19 07:00:00+00:00
[2026-06-19T04:15:26.345+0000] {processor.py:208} INFO - Processing /opt/airflow/dags/driven_data_pipeline.py took 0.125 seconds
[2026-06-19T04:15:56.687+0000] {processor.py:186} INFO - Started process (PID=7815) to work on /opt/airflow/dags/driven_data_pipeline.py
[2026-06-19T04:15:56.688+0000] {processor.py:914} INFO - Processing file /opt/airflow/dags/driven_data_pipeline.py for tasks to queue
[2026-06-19T04:15:56.689+0000] {logging_mixin.py:190} INFO - [2026-06-19T04:15:56.689+0000] {dagbag.py:588} INFO - Filling up the DagBag from /opt/airflow/dags/driven_data_pipeline.py
[2026-06-19T04:15:56.770+0000] {processor.py:925} INFO - DAG(s) 'extract_raw_data_pipeline' retrieved from /opt/airflow/dags/driven_data_pipeline.py
[2026-06-19T04:15:56.783+0000] {logging_mixin.py:190} INFO - [2026-06-19T04:15:56.783+0000] {dag.py:3239} INFO - Sync 1 DAGs
[2026-06-19T04:15:56.794+0000] {logging_mixin.py:190} INFO - [2026-06-19T04:15:56.794+0000] {dag.py:4180} INFO - Setting next_dagrun for extract_raw_data_pipeline to 2026-06-18 07:59:00+00:00, run_after=2026-06-19 07:00:00+00:00
[2026-06-19T04:15:56.805+0000] {processor.py:208} INFO - Processing /opt/airflow/dags/driven_data_pipeline.py took 0.122 seconds
[2026-06-19T04:16:26.984+0000] {processor.py:186} INFO - Started process (PID=7823) to work on /opt/airflow/dags/driven_data_pipeline.py
[2026-06-19T04:16:26.985+0000] {processor.py:914} INFO - Processing file /opt/airflow/dags/driven_data_pipeline.py for tasks to queue
[2026-06-19T04:16:26.986+0000] {logging_mixin.py:190} INFO - [2026-06-19T04:16:26.986+0000] {dagbag.py:588} INFO - Filling up the DagBag from /opt/airflow/dags/driven_data_pipeline.py
[2026-06-19T04:16:27.067+0000] {processor.py:925} INFO - DAG(s) 'extract_raw_data_pipeline' retrieved from /opt/airflow/dags/driven_data_pipeline.py
[2026-06-19T04:16:27.080+0000] {logging_mixin.py:190} INFO - [2026-06-19T04:16:27.080+0000] {dag.py:3239} INFO - Sync 1 DAGs
[2026-06-19T04:16:27.091+0000] {logging_mixin.py:190} INFO - [2026-06-19T04:16:27.091+0000] {dag.py:4180} INFO - Setting next_dagrun for extract_raw_data_pipeline to 2026-06-18 07:59:00+00:00, run_after=2026-06-19 07:00:00+00:00
[2026-06-19T04:16:27.104+0000] {processor.py:208} INFO - Processing /opt/airflow/dags/driven_data_pipeline.py took 0.124 seconds
[2026-06-19T04:16:57.395+0000] {processor.py:186} INFO - Started process (PID=7831) to work on /opt/airflow/dags/driven_data_pipeline.py
[2026-06-19T04:16:57.396+0000] {processor.py:914} INFO - Processing file /opt/airflow/dags/driven_data_pipeline.py for tasks to queue
[2026-06-19T04:16:57.397+0000] {logging_mixin.py:190} INFO - [2026-06-19T04:16:57.397+0000] {dagbag.py:588} INFO - Filling up the DagBag from /opt/airflow/dags/driven_data_pipeline.py
[2026-06-19T04:16:57.477+0000] {processor.py:925} INFO - DAG(s) 'extract_raw_data_pipeline' retrieved from /opt/airflow/dags/driven_data_pipeline.py
[2026-06-19T04:16:57.490+0000] {logging_mixin.py:190} INFO - [2026-06-19T04:16:57.490+0000] {dag.py:3239} INFO - Sync 1 DAGs
[2026-06-19T04:16:57.503+0000] {logging_mixin.py:190} INFO - [2026-06-19T04:16:57.503+0000] {dag.py:4180} INFO - Setting next_dagrun for extract_raw_data_pipeline to 2026-06-18 07:59:00+00:00, run_after=2026-06-19 07:00:00+00:00
[2026-06-19T04:16:57.515+0000] {processor.py:208} INFO - Processing /opt/airflow/dags/driven_data_pipeline.py took 0.123 seconds
[2026-06-19T04:17:27.736+0000] {processor.py:186} INFO - Started process (PID=7839) to work on /opt/airflow/dags/driven_data_pipeline.py
[2026-06-19T04:17:27.737+0000] {processor.py:914} INFO - Processing file /opt/airflow/dags/driven_data_pipeline.py for tasks to queue
[2026-06-19T04:17:27.739+0000] {logging_mixin.py:190} INFO - [2026-06-19T04:17:27.738+0000] {dagbag.py:588} INFO - Filling up the DagBag from /opt/airflow/dags/driven_data_pipeline.py
[2026-06-19T04:17:27.825+0000] {processor.py:925} INFO - DAG(s) 'extract_raw_data_pipeline' retrieved from /opt/airflow/dags/driven_data_pipeline.py
[2026-06-19T04:17:27.840+0000] {logging_mixin.py:190} INFO - [2026-06-19T04:17:27.839+0000] {dag.py:3239} INFO - Sync 1 DAGs
[2026-06-19T04:17:27.852+0000] {logging_mixin.py:190} INFO - [2026-06-19T04:17:27.852+0000] {dag.py:4180} INFO - Setting next_dagrun for extract_raw_data_pipeline to 2026-06-18 07:59:00+00:00, run_after=2026-06-19 07:00:00+00:00
[2026-06-19T04:17:27.863+0000] {processor.py:208} INFO - Processing /opt/airflow/dags/driven_data_pipeline.py took 0.130 seconds
[2026-06-19T04:17:58.114+0000] {processor.py:186} INFO - Started process (PID=7847) to work on /opt/airflow/dags/driven_data_pipeline.py
[2026-06-19T04:17:58.115+0000] {processor.py:914} INFO - Processing file /opt/airflow/dags/driven_data_pipeline.py for tasks to queue
[2026-06-19T04:17:58.116+0000] {logging_mixin.py:190} INFO - [2026-06-19T04:17:58.116+0000] {dagbag.py:588} INFO - Filling up the DagBag from /opt/airflow/dags/driven_data_pipeline.py
[2026-06-19T04:17:58.196+0000] {processor.py:925} INFO - DAG(s) 'extract_raw_data_pipeline' retrieved from /opt/airflow/dags/driven_data_pipeline.py
[2026-06-19T04:17:58.211+0000] {logging_mixin.py:190} INFO - [2026-06-19T04:17:58.210+0000] {dag.py:3239} INFO - Sync 1 DAGs
[2026-06-19T04:17:58.223+0000] {logging_mixin.py:190} INFO - [2026-06-19T04:17:58.223+0000] {dag.py:4180} INFO - Setting next_dagrun for extract_raw_data_pipeline to 2026-06-18 07:59:00+00:00, run_after=2026-06-19 07:00:00+00:00
[2026-06-19T04:17:58.361+0000] {processor.py:208} INFO - Processing /opt/airflow/dags/driven_data_pipeline.py took 0.250 seconds
[2026-06-19T04:18:28.434+0000] {processor.py:186} INFO - Started process (PID=7855) to work on /opt/airflow/dags/driven_data_pipeline.py
[2026-06-19T04:18:28.435+0000] {processor.py:914} INFO - Processing file /opt/airflow/dags/driven_data_pipeline.py for tasks to queue
[2026-06-19T04:18:28.436+0000] {logging_mixin.py:190} INFO - [2026-06-19T04:18:28.436+0000] {dagbag.py:588} INFO - Filling up the DagBag from /opt/airflow/dags/driven_data_pipeline.py
[2026-06-19T04:18:28.521+0000] {processor.py:925} INFO - DAG(s) 'extract_raw_data_pipeline' retrieved from /opt/airflow/dags/driven_data_pipeline.py
[2026-06-19T04:18:28.540+0000] {logging_mixin.py:190} INFO - [2026-06-19T04:18:28.539+0000] {dag.py:3239} INFO - Sync 1 DAGs
[2026-06-19T04:18:28.554+0000] {logging_mixin.py:190} INFO - [2026-06-19T04:18:28.553+0000] {dag.py:4180} INFO - Setting next_dagrun for extract_raw_data_pipeline to 2026-06-18 07:59:00+00:00, run_after=2026-06-19 07:00:00+00:00
[2026-06-19T04:18:28.567+0000] {processor.py:208} INFO - Processing /opt/airflow/dags/driven_data_pipeline.py took 0.137 seconds
[2026-06-19T04:18:58.756+0000] {processor.py:186} INFO - Started process (PID=7863) to work on /opt/airflow/dags/driven_data_pipeline.py
[2026-06-19T04:18:58.756+0000] {processor.py:914} INFO - Processing file /opt/airflow/dags/driven_data_pipeline.py for tasks to queue
[2026-06-19T04:18:58.758+0000] {logging_mixin.py:190} INFO - [2026-06-19T04:18:58.758+0000] {dagbag.py:588} INFO - Filling up the DagBag from /opt/airflow/dags/driven_data_pipeline.py
[2026-06-19T04:18:58.849+0000] {processor.py:925} INFO - DAG(s) 'extract_raw_data_pipeline' retrieved from /opt/airflow/dags/driven_data_pipeline.py
[2026-06-19T04:18:58.864+0000] {logging_mixin.py:190} INFO - [2026-06-19T04:18:58.864+0000] {dag.py:3239} INFO - Sync 1 DAGs
[2026-06-19T04:18:58.880+0000] {logging_mixin.py:190} INFO - [2026-06-19T04:18:58.880+0000] {dag.py:4180} INFO - Setting next_dagrun for extract_raw_data_pipeline to 2026-06-18 07:59:00+00:00, run_after=2026-06-19 07:00:00+00:00
[2026-06-19T04:18:58.892+0000] {processor.py:208} INFO - Processing /opt/airflow/dags/driven_data_pipeline.py took 0.140 seconds
[2026-06-19T04:19:29.126+0000] {processor.py:186} INFO - Started process (PID=7871) to work on /opt/airflow/dags/driven_data_pipeline.py
[2026-06-19T04:19:29.127+0000] {processor.py:914} INFO - Processing file /opt/airflow/dags/driven_data_pipeline.py for tasks to queue
[2026-06-19T04:19:29.129+0000] {logging_mixin.py:190} INFO - [2026-06-19T04:19:29.128+0000] {dagbag.py:588} INFO - Filling up the DagBag from /opt/airflow/dags/driven_data_pipeline.py
[2026-06-19T04:19:29.207+0000] {processor.py:925} INFO - DAG(s) 'extract_raw_data_pipeline' retrieved from /opt/airflow/dags/driven_data_pipeline.py
[2026-06-19T04:19:29.221+0000] {logging_mixin.py:190} INFO - [2026-06-19T04:19:29.221+0000] {dag.py:3239} INFO - Sync 1 DAGs
[2026-06-19T04:19:29.234+0000] {logging_mixin.py:190} INFO - [2026-06-19T04:19:29.233+0000] {dag.py:4180} INFO - Setting next_dagrun for extract_raw_data_pipeline to 2026-06-18 07:59:00+00:00, run_after=2026-06-19 07:00:00+00:00
[2026-06-19T04:19:29.245+0000] {processor.py:208} INFO - Processing /opt/airflow/dags/driven_data_pipeline.py took 0.123 seconds
[2026-06-19T04:19:59.508+0000] {processor.py:186} INFO - Started process (PID=7879) to work on /opt/airflow/dags/driven_data_pipeline.py
[2026-06-19T04:19:59.509+0000] {processor.py:914} INFO - Processing file /opt/airflow/dags/driven_data_pipeline.py for tasks to queue
[2026-06-19T04:19:59.511+0000] {logging_mixin.py:190} INFO - [2026-06-19T04:19:59.511+0000] {dagbag.py:588} INFO - Filling up the DagBag from /opt/airflow/dags/driven_data_pipeline.py
[2026-06-19T04:19:59.596+0000] {processor.py:925} INFO - DAG(s) 'extract_raw_data_pipeline' retrieved from /opt/airflow/dags/driven_data_pipeline.py
[2026-06-19T04:19:59.610+0000] {logging_mixin.py:190} INFO - [2026-06-19T04:19:59.610+0000] {dag.py:3239} INFO - Sync 1 DAGs
[2026-06-19T04:19:59.622+0000] {logging_mixin.py:190} INFO - [2026-06-19T04:19:59.622+0000] {dag.py:4180} INFO - Setting next_dagrun for extract_raw_data_pipeline to 2026-06-18 07:59:00+00:00, run_after=2026-06-19 07:00:00+00:00
[2026-06-19T04:19:59.635+0000] {processor.py:208} INFO - Processing /opt/airflow/dags/driven_data_pipeline.py took 0.130 seconds
[2026-06-19T04:20:29.861+0000] {processor.py:186} INFO - Started process (PID=7886) to work on /opt/airflow/dags/driven_data_pipeline.py
[2026-06-19T04:20:29.861+0000] {processor.py:914} INFO - Processing file /opt/airflow/dags/driven_data_pipeline.py for tasks to queue
[2026-06-19T04:20:29.863+0000] {logging_mixin.py:190} INFO - [2026-06-19T04:20:29.863+0000] {dagbag.py:588} INFO - Filling up the DagBag from /opt/airflow/dags/driven_data_pipeline.py
[2026-06-19T04:20:29.943+0000] {processor.py:925} INFO - DAG(s) 'extract_raw_data_pipeline' retrieved from /opt/airflow/dags/driven_data_pipeline.py
[2026-06-19T04:20:29.958+0000] {logging_mixin.py:190} INFO - [2026-06-19T04:20:29.958+0000] {dag.py:3239} INFO - Sync 1 DAGs
[2026-06-19T04:20:29.971+0000] {logging_mixin.py:190} INFO - [2026-06-19T04:20:29.971+0000] {dag.py:4180} INFO - Setting next_dagrun for extract_raw_data_pipeline to 2026-06-18 07:59:00+00:00, run_after=2026-06-19 07:00:00+00:00
[2026-06-19T04:20:29.990+0000] {processor.py:208} INFO - Processing /opt/airflow/dags/driven_data_pipeline.py took 0.132 seconds
[2026-06-19T04:21:00.191+0000] {processor.py:186} INFO - Started process (PID=7894) to work on /opt/airflow/dags/driven_data_pipeline.py
[2026-06-19T04:21:00.193+0000] {processor.py:914} INFO - Processing file /opt/airflow/dags/driven_data_pipeline.py for tasks to queue
[2026-06-19T04:21:00.195+0000] {logging_mixin.py:190} INFO - [2026-06-19T04:21:00.194+0000] {dagbag.py:588} INFO - Filling up the DagBag from /opt/airflow/dags/driven_data_pipeline.py
[2026-06-19T04:21:00.294+0000] {processor.py:925} INFO - DAG(s) 'extract_raw_data_pipeline' retrieved from /opt/airflow/dags/driven_data_pipeline.py
[2026-06-19T04:21:00.307+0000] {logging_mixin.py:190} INFO - [2026-06-19T04:21:00.307+0000] {dag.py:3239} INFO - Sync 1 DAGs
[2026-06-19T04:21:00.319+0000] {logging_mixin.py:190} INFO - [2026-06-19T04:21:00.319+0000] {dag.py:4180} INFO - Setting next_dagrun for extract_raw_data_pipeline to 2026-06-18 07:59:00+00:00, run_after=2026-06-19 07:00:00+00:00
[2026-06-19T04:21:00.332+0000] {processor.py:208} INFO - Processing /opt/airflow/dags/driven_data_pipeline.py took 0.148 seconds
[2026-06-19T04:21:30.609+0000] {processor.py:186} INFO - Started process (PID=7901) to work on /opt/airflow/dags/driven_data_pipeline.py
[2026-06-19T04:21:30.610+0000] {processor.py:914} INFO - Processing file /opt/airflow/dags/driven_data_pipeline.py for tasks to queue
[2026-06-19T04:21:30.611+0000] {logging_mixin.py:190} INFO - [2026-06-19T04:21:30.611+0000] {dagbag.py:588} INFO - Filling up the DagBag from /opt/airflow/dags/driven_data_pipeline.py
[2026-06-19T04:21:30.690+0000] {processor.py:925} INFO - DAG(s) 'extract_raw_data_pipeline' retrieved from /opt/airflow/dags/driven_data_pipeline.py
[2026-06-19T04:21:30.705+0000] {logging_mixin.py:190} INFO - [2026-06-19T04:21:30.705+0000] {dag.py:3239} INFO - Sync 1 DAGs
[2026-06-19T04:21:30.716+0000] {logging_mixin.py:190} INFO - [2026-06-19T04:21:30.716+0000] {dag.py:4180} INFO - Setting next_dagrun for extract_raw_data_pipeline to 2026-06-18 07:59:00+00:00, run_after=2026-06-19 07:00:00+00:00
[2026-06-19T04:21:30.740+0000] {processor.py:208} INFO - Processing /opt/airflow/dags/driven_data_pipeline.py took 0.134 seconds
[2026-06-19T04:22:01.171+0000] {processor.py:186} INFO - Started process (PID=7909) to work on /opt/airflow/dags/driven_data_pipeline.py
[2026-06-19T04:22:01.173+0000] {processor.py:914} INFO - Processing file /opt/airflow/dags/driven_data_pipeline.py for tasks to queue
[2026-06-19T04:22:01.175+0000] {logging_mixin.py:190} INFO - [2026-06-19T04:22:01.175+0000] {dagbag.py:588} INFO - Filling up the DagBag from /opt/airflow/dags/driven_data_pipeline.py
[2026-06-19T04:22:01.274+0000] {processor.py:925} INFO - DAG(s) 'extract_raw_data_pipeline' retrieved from /opt/airflow/dags/driven_data_pipeline.py
[2026-06-19T04:22:01.287+0000] {logging_mixin.py:190} INFO - [2026-06-19T04:22:01.287+0000] {dag.py:3239} INFO - Sync 1 DAGs
[2026-06-19T04:22:01.299+0000] {logging_mixin.py:190} INFO - [2026-06-19T04:22:01.299+0000] {dag.py:4180} INFO - Setting next_dagrun for extract_raw_data_pipeline to 2026-06-18 07:59:00+00:00, run_after=2026-06-19 07:00:00+00:00
[2026-06-19T04:22:01.314+0000] {processor.py:208} INFO - Processing /opt/airflow/dags/driven_data_pipeline.py took 0.148 seconds
[2026-06-19T04:22:31.497+0000] {processor.py:186} INFO - Started process (PID=7917) to work on /opt/airflow/dags/driven_data_pipeline.py
[2026-06-19T04:22:31.497+0000] {processor.py:914} INFO - Processing file /opt/airflow/dags/driven_data_pipeline.py for tasks to queue
[2026-06-19T04:22:31.499+0000] {logging_mixin.py:190} INFO - [2026-06-19T04:22:31.499+0000] {dagbag.py:588} INFO - Filling up the DagBag from /opt/airflow/dags/driven_data_pipeline.py
[2026-06-19T04:22:31.582+0000] {processor.py:925} INFO - DAG(s) 'extract_raw_data_pipeline' retrieved from /opt/airflow/dags/driven_data_pipeline.py
[2026-06-19T04:22:31.596+0000] {logging_mixin.py:190} INFO - [2026-06-19T04:22:31.596+0000] {dag.py:3239} INFO - Sync 1 DAGs
[2026-06-19T04:22:31.609+0000] {logging_mixin.py:190} INFO - [2026-06-19T04:22:31.609+0000] {dag.py:4180} INFO - Setting next_dagrun for extract_raw_data_pipeline to 2026-06-18 07:59:00+00:00, run_after=2026-06-19 07:00:00+00:00
[2026-06-19T04:22:31.623+0000] {processor.py:208} INFO - Processing /opt/airflow/dags/driven_data_pipeline.py took 0.130 seconds
[2026-06-19T04:23:01.911+0000] {processor.py:186} INFO - Started process (PID=7925) to work on /opt/airflow/dags/driven_data_pipeline.py
[2026-06-19T04:23:01.912+0000] {processor.py:914} INFO - Processing file /opt/airflow/dags/driven_data_pipeline.py for tasks to queue
[2026-06-19T04:23:01.913+0000] {logging_mixin.py:190} INFO - [2026-06-19T04:23:01.913+0000] {dagbag.py:588} INFO - Filling up the DagBag from /opt/airflow/dags/driven_data_pipeline.py
[2026-06-19T04:23:01.997+0000] {processor.py:925} INFO - DAG(s) 'extract_raw_data_pipeline' retrieved from /opt/airflow/dags/driven_data_pipeline.py
[2026-06-19T04:23:02.012+0000] {logging_mixin.py:190} INFO - [2026-06-19T04:23:02.011+0000] {dag.py:3239} INFO - Sync 1 DAGs
[2026-06-19T04:23:02.023+0000] {logging_mixin.py:190} INFO - [2026-06-19T04:23:02.023+0000] {dag.py:4180} INFO - Setting next_dagrun for extract_raw_data_pipeline to 2026-06-18 07:59:00+00:00, run_after=2026-06-19 07:00:00+00:00
[2026-06-19T04:23:02.041+0000] {processor.py:208} INFO - Processing /opt/airflow/dags/driven_data_pipeline.py took 0.134 seconds
[2026-06-19T04:23:32.282+0000] {processor.py:186} INFO - Started process (PID=7933) to work on /opt/airflow/dags/driven_data_pipeline.py
[2026-06-19T04:23:32.283+0000] {processor.py:914} INFO - Processing file /opt/airflow/dags/driven_data_pipeline.py for tasks to queue
[2026-06-19T04:23:32.285+0000] {logging_mixin.py:190} INFO - [2026-06-19T04:23:32.285+0000] {dagbag.py:588} INFO - Filling up the DagBag from /opt/airflow/dags/driven_data_pipeline.py
[2026-06-19T04:23:32.368+0000] {processor.py:925} INFO - DAG(s) 'extract_raw_data_pipeline' retrieved from /opt/airflow/dags/driven_data_pipeline.py
[2026-06-19T04:23:32.383+0000] {logging_mixin.py:190} INFO - [2026-06-19T04:23:32.383+0000] {dag.py:3239} INFO - Sync 1 DAGs
[2026-06-19T04:23:32.396+0000] {logging_mixin.py:190} INFO - [2026-06-19T04:23:32.396+0000] {dag.py:4180} INFO - Setting next_dagrun for extract_raw_data_pipeline to 2026-06-18 07:59:00+00:00, run_after=2026-06-19 07:00:00+00:00
[2026-06-19T04:23:32.411+0000] {processor.py:208} INFO - Processing /opt/airflow/dags/driven_data_pipeline.py took 0.134 seconds
[2026-06-19T04:24:02.729+0000] {processor.py:186} INFO - Started process (PID=7941) to work on /opt/airflow/dags/driven_data_pipeline.py
[2026-06-19T04:24:02.730+0000] {processor.py:914} INFO - Processing file /opt/airflow/dags/driven_data_pipeline.py for tasks to queue
[2026-06-19T04:24:02.732+0000] {logging_mixin.py:190} INFO - [2026-06-19T04:24:02.732+0000] {dagbag.py:588} INFO - Filling up the DagBag from /opt/airflow/dags/driven_data_pipeline.py
[2026-06-19T04:24:02.813+0000] {processor.py:925} INFO - DAG(s) 'extract_raw_data_pipeline' retrieved from /opt/airflow/dags/driven_data_pipeline.py
[2026-06-19T04:24:02.827+0000] {logging_mixin.py:190} INFO - [2026-06-19T04:24:02.827+0000] {dag.py:3239} INFO - Sync 1 DAGs
[2026-06-19T04:24:02.840+0000] {logging_mixin.py:190} INFO - [2026-06-19T04:24:02.840+0000] {dag.py:4180} INFO - Setting next_dagrun for extract_raw_data_pipeline to 2026-06-18 07:59:00+00:00, run_after=2026-06-19 07:00:00+00:00
[2026-06-19T04:24:02.854+0000] {processor.py:208} INFO - Processing /opt/airflow/dags/driven_data_pipeline.py took 0.128 seconds
[2026-06-19T04:24:33.135+0000] {processor.py:186} INFO - Started process (PID=7949) to work on /opt/airflow/dags/driven_data_pipeline.py
[2026-06-19T04:24:33.135+0000] {processor.py:914} INFO - Processing file /opt/airflow/dags/driven_data_pipeline.py for tasks to queue
[2026-06-19T04:24:33.137+0000] {logging_mixin.py:190} INFO - [2026-06-19T04:24:33.137+0000] {dagbag.py:588} INFO - Filling up the DagBag from /opt/airflow/dags/driven_data_pipeline.py
[2026-06-19T04:24:33.216+0000] {processor.py:925} INFO - DAG(s) 'extract_raw_data_pipeline' retrieved from /opt/airflow/dags/driven_data_pipeline.py
[2026-06-19T04:24:33.231+0000] {logging_mixin.py:190} INFO - [2026-06-19T04:24:33.231+0000] {dag.py:3239} INFO - Sync 1 DAGs
[2026-06-19T04:24:33.243+0000] {logging_mixin.py:190} INFO - [2026-06-19T04:24:33.243+0000] {dag.py:4180} INFO - Setting next_dagrun for extract_raw_data_pipeline to 2026-06-18 07:59:00+00:00, run_after=2026-06-19 07:00:00+00:00
[2026-06-19T04:24:33.260+0000] {processor.py:208} INFO - Processing /opt/airflow/dags/driven_data_pipeline.py took 0.130 seconds
[2026-06-19T04:25:03.427+0000] {processor.py:186} INFO - Started process (PID=7956) to work on /opt/airflow/dags/driven_data_pipeline.py
[2026-06-19T04:25:03.428+0000] {processor.py:914} INFO - Processing file /opt/airflow/dags/driven_data_pipeline.py for tasks to queue
[2026-06-19T04:25:03.430+0000] {logging_mixin.py:190} INFO - [2026-06-19T04:25:03.430+0000] {dagbag.py:588} INFO - Filling up the DagBag from /opt/airflow/dags/driven_data_pipeline.py
[2026-06-19T04:25:03.514+0000] {processor.py:925} INFO - DAG(s) 'extract_raw_data_pipeline' retrieved from /opt/airflow/dags/driven_data_pipeline.py
[2026-06-19T04:25:03.529+0000] {logging_mixin.py:190} INFO - [2026-06-19T04:25:03.529+0000] {dag.py:3239} INFO - Sync 1 DAGs
[2026-06-19T04:25:03.542+0000] {logging_mixin.py:190} INFO - [2026-06-19T04:25:03.542+0000] {dag.py:4180} INFO - Setting next_dagrun for extract_raw_data_pipeline to 2026-06-18 07:59:00+00:00, run_after=2026-06-19 07:00:00+00:00
[2026-06-19T04:25:03.555+0000] {processor.py:208} INFO - Processing /opt/airflow/dags/driven_data_pipeline.py took 0.133 seconds
